
  EPA STORM WATER MANAGEMENT MODEL - VERSION 5.2 (Build 5.2.4)
  ------------------------------------------------------------

  ALCOSAN DRY WEATHER   FREE OUTFALL AT WWTP (EL. 660)   NO GRIT, BEST Q, N E 
  WARNING 10: crest elevation raised to downstream invert for regulator Link 475
  WARNING 10: crest elevation raised to downstream invert for regulator Link 749
  
  ****************
  Analysis Options
  ****************
  Flow Units ............... CFS
  Process Models:
    Rainfall/Runoff ........ NO
    RDII ................... NO
    Snowmelt ............... NO
    Groundwater ............ NO
    Flow Routing ........... YES
    Ponding Allowed ........ NO
    Water Quality .......... NO
  Flow Routing Method ...... DYNWAVE
  Surcharge Method ......... EXTRAN
  Starting Date ............ 01/01/2001 00:00:00
  Ending Date .............. 01/02/2001 00:00:00
  Antecedent Dry Days ...... 0.0
  Report Time Step ......... 00:15:00
  Routing Time Step ........ 5.00 sec
  Variable Time Step ....... YES
  Maximum Trials ........... 100
  Number of Threads ........ 1
  Head Tolerance ........... 0.005000 ft
  
  
  **************************        Volume        Volume
  Flow Routing Continuity        acre-feet      10^6 gal
  **************************     ---------     ---------
  Dry Weather Inflow .......         0.000         0.000
  Wet Weather Inflow .......         0.000         0.000
  Groundwater Inflow .......         0.000         0.000
  RDII Inflow ..............         0.000         0.000
  External Inflow ..........         0.436         0.142
  External Outflow .........         0.000         0.000
  Flooding Loss ............         0.436         0.142
  Evaporation Loss .........         0.000         0.000
  Exfiltration Loss ........         0.000         0.000
  Initial Stored Volume ....         0.000         0.000
  Final Stored Volume ......         0.000         0.000
  Continuity Error (%) .....         0.000
  
  
  ***************************
  Time-Step Critical Elements
  ***************************
  None
  
  
  ********************************
  Highest Flow Instability Indexes
  ********************************
  All links are stable.
  
  
  *********************************
  Most Frequent Nonconverging Nodes
  *********************************
  Convergence obtained at all time steps.
  
  
  *************************
  Routing Time Step Summary
  *************************
  Minimum Time Step           :     4.50 sec
  Average Time Step           :     5.00 sec
  Maximum Time Step           :     5.00 sec
  % of Time in Steady State   :     0.00
  Average Iterations per Step :     2.00
  % of Steps Not Converging   :     0.00
  Time Step Frequencies       :
      5.000 -  3.155 sec      :   100.00 %
      3.155 -  1.991 sec      :     0.00 %
      1.991 -  1.256 sec      :     0.00 %
      1.256 -  0.792 sec      :     0.00 %
      0.792 -  0.500 sec      :     0.00 %
  
  
  ******************
  Node Depth Summary
  ******************
  
  ---------------------------------------------------------------------------------
                                 Average  Maximum  Maximum  Time of Max    Reported
                                   Depth    Depth      HGL   Occurrence   Max Depth
  Node                 Type         Feet     Feet     Feet  days hr:min        Feet
  ---------------------------------------------------------------------------------
  M01-00               JUNCTION     0.00     0.00   713.00     0  00:00        0.00
  O43-04               JUNCTION     0.00     0.00   734.30     0  00:00        0.00
  M02-00               JUNCTION     0.00     0.00   713.00     0  00:00        0.00
  M03-00               JUNCTION     0.00     0.00   712.60     0  00:00        0.00
  M04-00               JUNCTION     0.00     0.00   730.00     0  00:00        0.00
  M05-00               JUNCTION     0.00     0.00   738.00     0  00:00        0.00
  M09-00               JUNCTION     0.00     0.00   730.00     0  00:00        0.00
  M11-00               JUNCTION     0.00     0.00   728.00     0  00:00        0.00
  M12-00               JUNCTION     0.00     0.00   728.00     0  00:00        0.00
  M13-00               JUNCTION     0.00     0.00   713.00     0  00:00        0.00
  M14-00               JUNCTION     0.00     0.00   713.30     0  00:00        0.00
  M15-00               JUNCTION     0.00     0.00   720.60     0  00:00        0.00
  M16-00               JUNCTION     0.00     0.00   730.20     0  00:00        0.00
  M17-00               JUNCTION     0.00     0.00   717.90     0  00:00        0.00
  M18-00               JUNCTION     0.00     0.00   729.00     0  00:00        0.00
  M19-00               JUNCTION     0.00     0.00   733.70     0  00:00        0.00
  M20-00               JUNCTION     0.00     0.00   717.00     0  00:00        0.00
  M21-00               JUNCTION     0.00     0.00   721.30     0  00:00        0.00
  M22-00               JUNCTION     0.00     0.00   719.30     0  00:00        0.00
  M23-00               JUNCTION     0.00     0.00   716.50     0  00:00        0.00
  M25-00               JUNCTION     0.00     0.00   715.00     0  00:00        0.00
  M24-00               JUNCTION     0.00     0.00   711.30     0  00:00        0.00
  M25-VOR              JUNCTION     0.00     0.00   715.00     0  00:00        0.00
  M26-00               JUNCTION     0.00     0.00   707.70     0  00:00        0.00
  M27-00               JUNCTION     0.00     0.00   719.80     0  00:00        0.00
  M29-00               JUNCTION     0.00     0.00   750.00     0  00:00        0.00
  M30-00               JUNCTION     0.00     0.00   760.00     0  00:00        0.00
  M46-00               JUNCTION     0.00     0.00   762.50     0  00:00        0.00
  M47-00               JUNCTION     0.00     0.00   738.00     0  00:00        0.00
  M48-00               JUNCTION     0.00     0.00   748.50     0  00:00        0.00
  M49-02               JUNCTION     0.00     0.00   746.30     0  00:00        0.00
  M49-01               JUNCTION     0.00     0.00   718.00     0  00:00        0.00
  M49-00               JUNCTION     0.00     0.00   713.50     0  00:00        0.00
  M50-00               JUNCTION     0.00     0.00   744.70     0  00:00        0.00
  M51-00               JUNCTION     0.00     0.00   738.20     0  00:00        0.00
  M52-00               JUNCTION     0.00     0.00   736.00     0  00:00        0.00
  M53-00               JUNCTION     0.00     0.00   735.30     0  00:00        0.00
  M54-00               JUNCTION     0.00     0.00   736.70     0  00:00        0.00
  M55-00               JUNCTION     0.00     0.00   737.40     0  00:00        0.00
  M56-00               JUNCTION     0.00     0.00   735.10     0  00:00        0.00
  M57-00               JUNCTION     0.00     0.00   735.60     0  00:00        0.00
  M58-00               JUNCTION     0.00     0.00   735.60     0  00:00        0.00
  M31-00               JUNCTION     0.00     0.00   768.40     0  00:00        0.00
  M31-02               JUNCTION     0.00     0.00   771.30     0  00:00        0.00
  M31-04               JUNCTION     0.00     0.00   752.60     0  00:00        0.00
  M33-00               JUNCTION     0.00     0.00   717.80     0  00:00        0.00
  M33-04               JUNCTION     0.00     0.00   718.00     0  00:00        0.00
  M34-00               JUNCTION     0.00     0.00   710.00     0  00:00        0.00
  M41-00               JUNCTION     0.00     0.00   721.50     0  00:00        0.00
  M42A02               JUNCTION     0.00     0.00   718.00     0  00:00        0.00
  M41SHFT              JUNCTION     0.00     0.00   721.50     0  00:00        0.00
  M42A00               JUNCTION     0.00     0.00   715.40     0  00:00        0.00
  O27-00               JUNCTION     0.00     0.00   717.80     0  00:00        0.00
  O28-00               JUNCTION     0.00     0.00   711.80     0  00:00        0.00
  O29-00               JUNCTION     0.00     0.00   715.00     0  00:00        0.00
  O30-00               JUNCTION     0.00     0.00   721.40     0  00:00        0.00
  O31-00               JUNCTION     0.00     0.00   723.10     0  00:00        0.00
  O32-00               JUNCTION     0.00     0.00   713.00     0  00:00        0.00
  O33-00               JUNCTION     0.00     0.00   724.10     0  00:00        0.00
  O34-00               JUNCTION     0.00     0.00   729.10     0  00:00        0.00
  O35-00               JUNCTION     0.00     0.00   723.90     0  00:00        0.00
  O36-00               JUNCTION     0.00     0.00   719.80     0  00:00        0.00
  O37-00               JUNCTION     0.00     0.00   716.30     0  00:00        0.00
  O38-00               JUNCTION     0.00     0.00   711.60     0  00:00        0.00
  O39-00               JUNCTION     0.00     0.00   711.00     0  00:00        0.00
  O40-00               JUNCTION     0.00     0.00   721.00     0  00:00        0.00
  O42-00               JUNCTION     0.00     0.00   727.00     0  00:00        0.00
  O14-00               JUNCTION     0.00     0.00   719.00     0  00:00        0.00
  O43-00               JUNCTION     0.00     0.00   728.30     0  00:00        0.00
  O43-02               JUNCTION     0.00     0.00   725.10     0  00:00        0.00
  A46-00               JUNCTION     0.00     0.00   722.00     0  00:00        0.00
  A47-00               JUNCTION     0.00     0.00   712.00     0  00:00        0.00
  A48-00               JUNCTION     0.00     0.00   723.80     0  00:00        0.00
  A49-00               JUNCTION     0.00     0.00   715.80     0  00:00        0.00
  A50-00               JUNCTION     0.00     0.00   721.00     0  00:00        0.00
  A51-00               JUNCTION     0.00     0.00   716.00     0  00:00        0.00
  A54-00               JUNCTION     0.00     0.00   723.00     0  00:00        0.00
  A55-00               JUNCTION     0.00     0.00   711.60     0  00:00        0.00
  A55-VOR              JUNCTION     0.00     0.00   723.00     0  00:00        0.00
  A56-00               JUNCTION     0.00     0.00   715.50     0  00:00        0.00
  A58-00               JUNCTION     0.00     0.00   720.50     0  00:00        0.00
  A59-00               JUNCTION     0.00     0.00   722.10     0  00:00        0.00
  A60-00               JUNCTION     0.00     0.00   721.00     0  00:00        0.00
  A61-00               JUNCTION     0.00     0.00   720.00     0  00:00        0.00
  A01-00               JUNCTION     0.00     0.00   715.40     0  00:00        0.00
  A02-00               JUNCTION     0.00     0.00   715.70     0  00:00        0.00
  A03-00               JUNCTION     0.00     0.00   715.20     0  00:00        0.00
  A04-00               JUNCTION     0.00     0.00   717.10     0  00:00        0.00
  A06-00               JUNCTION     0.00     0.00   716.10     0  00:00        0.00
  A07-00               JUNCTION     0.00     0.00   716.10     0  00:00        0.00
  A08-00               JUNCTION     0.00     0.00   716.30     0  00:00        0.00
  A09-00               JUNCTION     0.00     0.00   716.50     0  00:00        0.00
  A10-00               JUNCTION     0.00     0.00   715.90     0  00:00        0.00
  A11-00               JUNCTION     0.00     0.00   718.70     0  00:00        0.00
  A12-00               JUNCTION     0.00     0.00   728.30     0  00:00        0.00
  A13-00               JUNCTION     0.00     0.00   730.70     0  00:00        0.00
  A14-00               JUNCTION     0.00     0.00   724.00     0  00:00        0.00
  A15-00               JUNCTION     0.00     0.00   727.00     0  00:00        0.00
  A16-00               JUNCTION     0.00     0.00   728.00     0  00:00        0.00
  A17-00               JUNCTION     0.00     0.00   731.00     0  00:00        0.00
  A18-00               JUNCTION     0.00     0.00   728.10     0  00:00        0.00
  A19-00               JUNCTION     0.00     0.00   731.20     0  00:00        0.00
  A20-00               JUNCTION     0.00     0.00   732.00     0  00:00        0.00
  A21-00               JUNCTION     0.00     0.00   732.40     0  00:00        0.00
  A22-00               JUNCTION     0.00     0.00   735.60     0  00:00        0.00
  A23-00               JUNCTION     0.00     0.00   733.80     0  00:00        0.00
  A24-00               JUNCTION     0.00     0.00   732.00     0  00:00        0.00
  A25-00               JUNCTION     0.00     0.00   730.80     0  00:00        0.00
  A26-00               JUNCTION     0.00     0.00   731.40     0  00:00        0.00
  A27-00               JUNCTION     0.00     0.00   733.00     0  00:00        0.00
  A28-00               JUNCTION     0.00     0.00   728.10     0  00:00        0.00
  A29-00               JUNCTION     0.00     0.00   730.80     0  00:00        0.00
  A30-00               JUNCTION     0.00     0.00   735.50     0  00:00        0.00
  A31-00               JUNCTION     0.00     0.00   736.60     0  00:00        0.00
  A32-00               JUNCTION     0.00     0.00   721.50     0  00:00        0.00
  A33-00               JUNCTION     0.00     0.00   715.70     0  00:00        0.00
  A34-00               JUNCTION     0.00     0.00   718.00     0  00:00        0.00
  A35-00               JUNCTION     0.00     0.00   723.50     0  00:00        0.00
  A36-00               JUNCTION     0.00     0.00   740.00     0  00:00        0.00
  A37-00               JUNCTION     0.00     0.00   716.60     0  00:00        0.00
  A38-00               JUNCTION     0.00     0.00   729.30     0  00:00        0.00
  A39-00               JUNCTION     0.00     0.00   720.00     0  00:00        0.00
  A40-00               JUNCTION     0.00     0.00   723.50     0  00:00        0.00
  A41-00               JUNCTION     0.00     0.00   738.70     0  00:00        0.00
  A35-02               JUNCTION     0.00     0.00   713.50     0  00:00        0.00
  A68-00               JUNCTION     0.00     0.00   710.00     0  00:00        0.00
  A39-02               JUNCTION     0.00     0.00   718.40     0  00:00        0.00
  A72-00               JUNCTION     0.00     0.00   713.50     0  00:00        0.00
  A45-00               JUNCTION     0.00     0.00   724.00     0  00:00        0.00
  A44-02               JUNCTION     0.00     0.00   734.20     0  00:00        0.00
  A44-01               JUNCTION     0.00     0.00   721.00     0  00:00        0.00
  A44-00               JUNCTION     0.00     0.00   733.50     0  00:00        0.00
  O26-00               JUNCTION     0.00     0.00   727.00     0  00:00        0.00
  O26-CP4              JUNCTION     0.00     0.00   723.50     0  00:00        0.00
  O25-00               JUNCTION     0.00     0.00   724.80     0  00:00        0.00
  O24-00               JUNCTION     0.00     0.00   838.90     0  00:00        0.00
  O23-00               JUNCTION     0.00     0.00   734.20     0  00:00        0.00
  O22-00               JUNCTION     0.00     0.00   731.40     0  00:00        0.00
  O21-00               JUNCTION     0.00     0.00   732.90     0  00:00        0.00
  O20-00               JUNCTION     0.00     0.00   822.00     0  00:00        0.00
  O19-00               JUNCTION     0.00     0.00   730.20     0  00:00        0.00
  O18-00               JUNCTION     0.00     0.00   722.80     0  00:00        0.00
  O17-00               JUNCTION     0.00     0.00   801.50     0  00:00        0.00
  O16-00               JUNCTION     0.00     0.00   712.80     0  00:00        0.00
  O15-00               JUNCTION     0.00     0.00   698.40     0  00:00        0.00
  O23-02               JUNCTION     0.00     0.00   736.20     0  00:00        0.00
  O04-00               JUNCTION     0.00     0.00   710.00     0  00:00        0.00
  M41-VOR              JUNCTION     0.00     0.00   721.50     0  00:00        0.00
  A62-01               JUNCTION     0.00     0.00   714.90     0  00:00        0.00
  O07-00               JUNCTION     0.00     0.00   713.80     0  00:00        0.00
  O07-02               JUNCTION     0.00     0.00   727.00     0  00:00        0.00
  O06-00               JUNCTION     0.00     0.00   725.00     0  00:00        0.00
  O07-04               JUNCTION     0.00     0.00   722.20     0  00:00        0.00
  A42A-02              JUNCTION     0.00     0.00   747.97     0  00:00        0.00
  A42A-04              JUNCTION     0.00     0.00   744.27     0  00:00        0.00
  A42A-06              JUNCTION     0.00     0.00   749.81     0  00:00        0.00
  A42A-10              JUNCTION     0.00     0.00   747.84     0  00:00        0.00
  A42A-12              JUNCTION     0.00     0.00   746.24     0  00:00        0.00
  A42A-14              JUNCTION     0.00     0.00   746.86     0  00:00        0.00
  A42A-16              JUNCTION     0.00     0.00   749.51     0  00:00        0.00
  A42A-20              JUNCTION     0.00     0.00   749.26     0  00:00        0.00
  A42A-22              JUNCTION     0.00     0.00   747.03     0  00:00        0.00
  A42A-24              JUNCTION     0.00     0.00   745.63     0  00:00        0.00
  A42-04               JUNCTION     0.00     0.00   742.52     0  00:00        0.00
  A42-06               JUNCTION     0.00     0.00   752.12     0  00:00        0.00
  A42-08               JUNCTION     0.00     0.00   747.40     0  00:00        0.00
  A42-10               JUNCTION     0.00     0.00   749.37     0  00:00        0.00
  A42-12               JUNCTION     0.00     0.00   748.58     0  00:00        0.00
  A42-20               JUNCTION     0.00     0.00   745.68     0  00:00        0.00
  A42-22               JUNCTION     0.00     0.00   745.50     0  00:00        0.00
  A42-26               JUNCTION     0.00     0.00   749.62     0  00:00        0.00
  A42-28               JUNCTION     0.00     0.00   748.96     0  00:00        0.00
  A42-30               JUNCTION     0.00     0.00   747.94     0  00:00        0.00
  A42-32               JUNCTION     0.00     0.00   749.81     0  00:00        0.00
  A42-34               JUNCTION     0.00     0.00   749.03     0  00:00        0.00
  A42-36               JUNCTION     0.00     0.00   749.40     0  00:00        0.00
  A42-40               JUNCTION     0.00     0.00   748.41     0  00:00        0.00
  A42-42               JUNCTION     0.00     0.00   747.94     0  00:00        0.00
  A42-44               JUNCTION     0.00     0.00   749.10     0  00:00        0.00
  A42-46               JUNCTION     0.00     0.00   750.46     0  00:00        0.00
  A42-48               JUNCTION     0.00     0.00   750.70     0  00:00        0.00
  A42-50               JUNCTION     0.00     0.00   751.30     0  00:00        0.00
  A42-52               JUNCTION     0.00     0.00   750.72     0  00:00        0.00
  A42-54               JUNCTION     0.00     0.00   750.93     0  00:00        0.00
  A42-56               JUNCTION     0.00     0.00   749.26     0  00:00        0.00
  A42-58               JUNCTION     0.00     0.00   749.42     0  00:00        0.00
  A42-60               JUNCTION     0.00     0.00   747.08     0  00:00        0.00
  C55-00               JUNCTION     0.00     0.00     0.00     0  00:00        0.00
  C54-18               JUNCTION     0.00     0.00     0.00     0  00:00        0.00
  C54-16               JUNCTION     0.00     0.00     0.00     0  00:00        0.00
  C54-20               JUNCTION     0.00     0.00     0.00     0  00:00        0.00
  C54-22               JUNCTION     0.00     0.00     0.00     0  00:00        0.00
  C54-30               JUNCTION     0.00     0.00     0.00     0  00:00        0.00
  USC                  JUNCTION     0.00     0.00     0.00     0  00:00        0.00
  USC-SIPH             JUNCTION     0.00     0.00     0.00     0  00:00        0.00
  C54-14               JUNCTION     0.00     0.00     0.00     0  00:00        0.00
  C54-12               JUNCTION     0.00     0.00     0.00     0  00:00        0.00
  C54-06               JUNCTION     0.00     0.00     0.00     0  00:00        0.00
  CKH-CP2              JUNCTION     0.00     0.00     0.00     0  00:00        0.00
  C54-02               JUNCTION     0.00     0.00     0.00     0  00:00        0.00
  C54-00               JUNCTION     0.00     0.00     0.00     0  00:00        0.00
  C53-10               JUNCTION     0.00     0.00     0.00     0  00:00        0.00
  MCL-CP2              JUNCTION     0.00     0.00     0.00     0  00:00        0.00
  CHR-470              JUNCTION     0.00     0.00     0.00     0  00:00        0.00
  C51-CP2              JUNCTION     0.00     0.00     0.00     0  00:00        0.00
  C45B-08              JUNCTION     0.00     0.00     0.00     0  00:00        0.00
  C52-CP2              JUNCTION     0.00     0.00     0.00     0  00:00        0.00
  C46-02               JUNCTION     0.00     0.00     0.00     0  00:00        0.00
  C46-CP2              JUNCTION     0.00     0.00     0.00     0  00:00        0.00
  C51-06               JUNCTION     0.00     0.00     0.00     0  00:00        0.00
  C45B-04              JUNCTION     0.00     0.00     0.00     0  00:00        0.00
  C51-04               JUNCTION     0.00     0.00     0.00     0  00:00        0.00
  C52-02               JUNCTION     0.00     0.00     0.00     0  00:00        0.00
  C51-02               JUNCTION     0.00     0.00     0.00     0  00:00        0.00
  C45B-02              JUNCTION     0.00     0.00     0.00     0  00:00        0.00
  C45B-00              JUNCTION     0.00     0.00     0.00     0  00:00        0.00
  C45A-00              JUNCTION     0.00     0.00     0.00     0  00:00        0.00
  C45-00               JUNCTION     0.00     0.00     0.00     0  00:00        0.00
  C53-02               JUNCTION     0.00     0.00     0.00     0  00:00        0.00
  C45-CP2              JUNCTION     0.00     0.00     0.00     0  00:00        0.00
  C50B02               JUNCTION     0.00     0.00     0.00     0  00:00        0.00
  CARN-CP2             JUNCTION     0.00     0.00     0.00     0  00:00        0.00
  C50A04               JUNCTION     0.00     0.00     0.00     0  00:00        0.00
  C14-OFP              JUNCTION     0.00     0.00     0.00     0  00:00        0.00
  C50A00               JUNCTION     0.00     0.00     0.00     0  00:00        0.00
  C44-06               JUNCTION     0.00     0.00     0.00     0  00:00        0.00
  C53-00               JUNCTION     0.00     0.00     0.00     0  00:00        0.00
  C50-02               JUNCTION     0.00     0.00     0.00     0  00:00        0.00
  C50B00               JUNCTION     0.00     0.00     0.00     0  00:00        0.00
  C47-OR               JUNCTION     0.00     0.00     0.00     0  00:00        0.00
  C47-00               JUNCTION     0.00     0.00     0.00     0  00:00        0.00
  C41-OFP              JUNCTION     0.00     0.00     0.00     0  00:00        0.00
  C50A-CP2             JUNCTION     0.00     0.00     0.00     0  00:00        0.00
  C41-00               JUNCTION     0.00     0.00     0.00     0  00:00        0.00
  C14-CP2              JUNCTION     0.00     0.00     0.00     0  00:00        0.00
  C38A00-2             JUNCTION     0.00     0.00     0.00     0  00:00        0.00
  C44-00               JUNCTION     0.00     0.00     0.00     0  00:00        0.00
  C38B00-2             JUNCTION     0.00     0.00     0.00     0  00:00        0.00
  C44-OR               JUNCTION     0.00     0.00     0.00     0  00:00        0.00
  C49-00               JUNCTION     0.00     0.00     0.00     0  00:00        0.00
  C43-00               JUNCTION     0.00     0.00     0.00     0  00:00        0.00
  C43-02               JUNCTION     0.00     0.00     0.00     0  00:00        0.00
  C13A-OFP             JUNCTION     0.00     0.00     0.00     0  00:00        0.00
  C42-02               JUNCTION     0.00     0.00     0.00     0  00:00        0.00
  C38A00               JUNCTION     0.00     0.00     0.00     0  00:00        0.00
  C48A02               JUNCTION     0.00     0.00     0.00     0  00:00        0.00
  C38B00               JUNCTION     0.00     0.00     0.00     0  00:00        0.00
  C48A02-2             JUNCTION     0.00     0.00     0.00     0  00:00        0.00
  C48A02-4             JUNCTION     0.00     0.00     0.00     0  00:00        0.00
  C38-OFP              JUNCTION     0.00     0.00     0.00     0  00:00        0.00
  C38-CP2              JUNCTION     0.00     0.00     0.00     0  00:00        0.00
  C38-00               JUNCTION     0.00     0.00     0.00     0  00:00        0.00
  C48A06               JUNCTION     0.00     0.00     0.00     0  00:00        0.00
  C41-02               JUNCTION     0.00     0.00     0.00     0  00:00        0.00
  C14-00               JUNCTION     0.00     0.00     0.00     0  00:00        0.00
  C13A10               JUNCTION     0.00     0.00     0.00     0  00:00        0.00
  C39-00               JUNCTION     0.00     0.00     0.00     0  00:00        0.00
  C49-CP2              JUNCTION     0.00     0.00     0.00     0  00:00        0.00
  C37-00               JUNCTION     0.00     0.00     0.00     0  00:00        0.00
  C37-CP2              JUNCTION     0.00     0.00     0.00     0  00:00        0.00
  C48A06-2             JUNCTION     0.00     0.00     0.00     0  00:00        0.00
  C36-OFP              JUNCTION     0.00     0.00     0.00     0  00:00        0.00
  C41-CP2              JUNCTION     0.00     0.00     0.00     0  00:00        0.00
  C13A02               JUNCTION     0.00     0.00     0.00     0  00:00        0.00
  C14-08               JUNCTION     0.00     0.00     0.00     0  00:00        0.00
  C13A00               JUNCTION     0.00     0.00     0.00     0  00:00        0.00
  90710                JUNCTION     0.00     0.00     0.00     0  00:00        0.00
  90711                JUNCTION     0.00     0.00     0.00     0  00:00        0.00
  C36-00               JUNCTION     0.00     0.00     0.00     0  00:00        0.00
  C13-26               JUNCTION     0.00     0.00     0.00     0  00:00        0.00
  C15-OFP              JUNCTION     0.00     0.00     0.00     0  00:00        0.00
  C36-CP2              JUNCTION     0.00     0.00     0.00     0  00:00        0.00
  C37-OFP              JUNCTION     0.00     0.00     0.00     0  00:00        0.00
  C15-CP2              JUNCTION     0.00     0.00     0.00     0  00:00        0.00
  C15-00               JUNCTION     0.00     0.00     0.00     0  00:00        0.00
  C16-00               JUNCTION     0.00     0.00     0.00     0  00:00        0.00
  O16-CP               JUNCTION     0.00     0.00     0.00     0  00:00        0.00
  C33-02               JUNCTION     0.00     0.00     0.00     0  00:00        0.00
  C39-OR               JUNCTION     0.00     0.00     0.00     0  00:00        0.00
  C24-CP2              JUNCTION     0.00     0.00     0.00     0  00:00        0.00
  C35-CP2              JUNCTION     0.00     0.00     0.00     0  00:00        0.00
  C33-00               JUNCTION     0.00     0.00     0.00     0  00:00        0.00
  C33-CP2              JUNCTION     0.00     0.00     0.00     0  00:00        0.00
  C17-00               JUNCTION     0.00     0.00     0.00     0  00:00        0.00
  C34-00               JUNCTION     0.00     0.00     0.00     0  00:00        0.00
  C34-CP2              JUNCTION     0.00     0.00     0.00     0  00:00        0.00
  C24-00               JUNCTION     0.00     0.00     0.00     0  00:00        0.00
  C18-00               JUNCTION     0.00     0.00     0.00     0  00:00        0.00
  C25-00               JUNCTION     0.00     0.00     0.00     0  00:00        0.00
  C23-06               JUNCTION     0.00     0.00     0.00     0  00:00        0.00
  KEN-CP2              JUNCTION     0.00     0.00     0.00     0  00:00        0.00
  C25-CP2              JUNCTION     0.00     0.00     0.00     0  00:00        0.00
  C25-OFP              JUNCTION     0.00     0.00     0.00     0  00:00        0.00
  C19-CP2              JUNCTION     0.00     0.00     0.00     0  00:00        0.00
  C31-06               JUNCTION     0.00     0.00     0.00     0  00:00        0.00
  C19-00               JUNCTION     0.00     0.00     0.00     0  00:00        0.00
  C31-00               JUNCTION     0.00     0.00     0.00     0  00:00        0.00
  C20-CP2              JUNCTION     0.00     0.00     0.00     0  00:00        0.00
  C13-18               JUNCTION     0.00     0.00     0.00     0  00:00        0.00
  C30-04               JUNCTION     0.00     0.00     0.00     0  00:00        0.00
  C30-02               JUNCTION     0.00     0.00     0.00     0  00:00        0.00
  C13-12               JUNCTION     0.00     0.00     0.00     0  00:00        0.00
  C26-00               JUNCTION     0.00     0.00     0.00     0  00:00        0.00
  C30-00               JUNCTION     0.00     0.00     0.00     0  00:00        0.00
  O01-CP               JUNCTION     0.00     0.00     0.00     0  00:00        0.00
  O01-02               JUNCTION     0.00     0.00     0.00     0  00:00        0.00
  C26-02               JUNCTION     0.00     0.00     0.00     0  00:00        0.00
  C29-02               JUNCTION     0.00     0.00     0.00     0  00:00        0.00
  O01-08               JUNCTION     0.00     0.00     0.00     0  00:00        0.00
  O01-10               JUNCTION     0.00     0.00     0.00     0  00:00        0.00
  C29-00               JUNCTION     0.00     0.00     0.00     0  00:00        0.00
  C28-00               JUNCTION     0.00     0.00     0.00     0  00:00        0.00
  C30-CP2              JUNCTION     0.00     0.00     0.00     0  00:00        0.00
  C27-00               JUNCTION     0.00     0.00     0.00     0  00:00        0.00
  C23-04               JUNCTION     0.00     0.00     0.00     0  00:00        0.00
  C21-08               JUNCTION     0.00     0.00     0.00     0  00:00        0.00
  C22-02               JUNCTION     0.00     0.00     0.00     0  00:00        0.00
  C21-OFP              JUNCTION     0.00     0.00     0.00     0  00:00        0.00
  C21-00               JUNCTION     0.00     0.00     0.00     0  00:00        0.00
  C26A04               JUNCTION     0.00     0.00     0.00     0  00:00        0.00
  O01-16               JUNCTION     0.00     0.00     0.00     0  00:00        0.00
  C26A00               JUNCTION     0.00     0.00     0.00     0  00:00        0.00
  C13-00               JUNCTION     0.00     0.00     0.00     0  00:00        0.00
  C13-04               JUNCTION     0.00     0.00     0.00     0  00:00        0.00
  C22-OFP              JUNCTION     0.00     0.00     0.00     0  00:00        0.00
  C22-00               JUNCTION     0.00     0.00     0.00     0  00:00        0.00
  O02-CP               JUNCTION     0.00     0.00     0.00     0  00:00        0.00
  C23-00               JUNCTION     0.00     0.00     0.00     0  00:00        0.00
  C12-02               JUNCTION     0.00     0.00     0.00     0  00:00        0.00
  O02-00               JUNCTION     0.00     0.00     0.00     0  00:00        0.00
  C30-OFP              JUNCTION     0.00     0.00     0.00     0  00:00        0.00
  C12-00               JUNCTION     0.00     0.00     0.00     0  00:00        0.00
  C29-CP2              JUNCTION     0.00     0.00     0.00     0  00:00        0.00
  O03-02               JUNCTION     0.00     0.00     0.00     0  00:00        0.00
  C23-OFP              JUNCTION     0.00     0.00     0.00     0  00:00        0.00
  C27-CP2              JUNCTION     0.00     0.00     0.00     0  00:00        0.00
  C29-OFP              JUNCTION     0.00     0.00     0.00     0  00:00        0.00
  O03-00               JUNCTION     0.00     0.00     0.00     0  00:00        0.00
  O03-OFP              JUNCTION     0.00     0.00     0.00     0  00:00        0.00
  C11-02               JUNCTION     0.00     0.00     0.00     0  00:00        0.00
  C11-00               JUNCTION     0.00     0.00     0.00     0  00:00        0.00
  C10-00               JUNCTION     0.00     0.00     0.00     0  00:00        0.00
  C27-OFP              JUNCTION     0.00     0.00     0.00     0  00:00        0.00
  C10-02               JUNCTION     0.00     0.00     0.00     0  00:00        0.00
  O03-06               JUNCTION     0.00     0.00     0.00     0  00:00        0.00
  C28-CP2              JUNCTION     0.00     0.00     0.00     0  00:00        0.00
  O05-OFP              JUNCTION     0.00     0.00     0.00     0  00:00        0.00
  O05-CP2              JUNCTION     0.00     0.00     0.00     0  00:00        0.00
  O05-00               JUNCTION     0.00     0.00     0.00     0  00:00        0.00
  O05-CP4              JUNCTION     0.00     0.00     0.00     0  00:00        0.00
  O05-02               JUNCTION     0.00     0.00     0.00     0  00:00        0.00
  O05A-CP              JUNCTION     0.00     0.00     0.00     0  00:00        0.00
  O05A00               JUNCTION     0.00     0.00     0.00     0  00:00        0.00
  C08-04               JUNCTION     0.00     0.00     0.00     0  00:00        0.00
  C07-00               JUNCTION     0.00     0.00     0.00     0  00:00        0.00
  C08-C09              JUNCTION     0.00     0.00     0.00     0  00:00        0.00
  O05B00               JUNCTION     0.00     0.00     0.00     0  00:00        0.00
  C06-OR               JUNCTION     0.00     0.00     0.00     0  00:00        0.00
  C06-00               JUNCTION     0.00     0.00     0.00     0  00:00        0.00
  C05A-OFP             JUNCTION     0.00     0.00     0.00     0  00:00        0.00
  C05A00               JUNCTION     0.00     0.00     0.00     0  00:00        0.00
  C05A02               JUNCTION     0.00     0.00     0.00     0  00:00        0.00
  C04-00               JUNCTION     0.00     0.00     0.00     0  00:00        0.00
  C03A00               JUNCTION     0.00     0.00     0.00     0  00:00        0.00
  C03-00               JUNCTION     0.00     0.00     0.00     0  00:00        0.00
  O08-00               JUNCTION     0.00     0.00     0.00     0  00:00        0.00
  O09-00               JUNCTION     0.00     0.00     0.00     0  00:00        0.00
  O09-OR               JUNCTION     0.00     0.00     0.00     0  00:00        0.00
  O09-02               JUNCTION     0.00     0.00     0.00     0  00:00        0.00
  O09-04               JUNCTION     0.00     0.00     0.00     0  00:00        0.00
  O08-CP2              JUNCTION     0.00     0.00     0.00     0  00:00        0.00
  O10A00               JUNCTION     0.00     0.00     0.00     0  00:00        0.00
  O09-06               JUNCTION     0.00     0.00     0.00     0  00:00        0.00
  O10-00               JUNCTION     0.00     0.00     0.00     0  00:00        0.00
  O10-OFP              JUNCTION     0.00     0.00     0.00     0  00:00        0.00
  COR-PS               JUNCTION     0.00     0.00     0.00     0  00:00        0.00
  O13-00               JUNCTION     0.00     0.00     0.00     0  00:00        0.00
  O26A-OFP             JUNCTION     0.00     0.00     0.00     0  00:00        0.00
  S-46-10              JUNCTION     0.00     0.00     0.00     0  00:00        0.00
  S-46-08              JUNCTION     0.00     0.00     0.00     0  00:00        0.00
  SMR-40               JUNCTION     0.00     0.00     0.00     0  00:00        0.00
  SMR40OFP             JUNCTION     0.00     0.00     0.00     0  00:00        0.00
  S-46-06              JUNCTION     0.00     0.00     0.00     0  00:00        0.00
  SMR40CP1             JUNCTION     0.00     0.00     0.00     0  00:00        0.00
  S-42                 JUNCTION     0.00     0.00     0.00     0  00:00        0.00
  S-42-OFP             JUNCTION     0.00     0.00     0.00     0  00:00        0.00
  S-42A                JUNCTION     0.00     0.00     0.00     0  00:00        0.00
  S42A-OFP             JUNCTION     0.00     0.00     0.00     0  00:00        0.00
  S-42-CP1             JUNCTION     0.00     0.00     0.00     0  00:00        0.00
  S-42-00              JUNCTION     0.00     0.00     0.00     0  00:00        0.00
  SMR40-00             JUNCTION     0.00     0.00     0.00     0  00:00        0.00
  O-14N-24             JUNCTION     0.00     0.00     0.00     0  00:00        0.00
  O-14N-22             JUNCTION     0.00     0.00     0.00     0  00:00        0.00
  O-14N-26             JUNCTION     0.00     0.00     0.00     0  00:00        0.00
  S-46-04              JUNCTION     0.00     0.00     0.00     0  00:00        0.00
  S-42-02              JUNCTION     0.00     0.00     0.00     0  00:00        0.00
  S-46-02              JUNCTION     0.00     0.00     0.00     0  00:00        0.00
  S-46                 JUNCTION     0.00     0.00     0.00     0  00:00        0.00
  3-A-04               JUNCTION     0.00     0.00     0.00     0  00:00        0.00
  3-A-02               JUNCTION     0.00     0.00     0.00     0  00:00        0.00
  O-14N-20             JUNCTION     0.00     0.00     0.00     0  00:00        0.00
  S-42-04              JUNCTION     0.00     0.00     0.00     0  00:00        0.00
  2-A                  JUNCTION     0.00     0.00     0.00     0  00:00        0.00
  2-A-02               JUNCTION     0.00     0.00     0.00     0  00:00        0.00
  O-14N-18             JUNCTION     0.00     0.00     0.00     0  00:00        0.00
  S18-98               JUNCTION     0.00     0.00     0.00     0  00:00        0.00
  S18-96               JUNCTION     0.00     0.00     0.00     0  00:00        0.00
  O-14N-16             JUNCTION     0.00     0.00     0.00     0  00:00        0.00
  S18-94               JUNCTION     0.00     0.00     0.00     0  00:00        0.00
  S18-100              JUNCTION     0.00     0.00     0.00     0  00:00        0.00
  3-A                  JUNCTION     0.00     0.00     0.00     0  00:00        0.00
  S18-102              JUNCTION     0.00     0.00     0.00     0  00:00        0.00
  S18-92               JUNCTION     0.00     0.00     0.00     0  00:00        0.00
  O-14N-14             JUNCTION     0.00     0.00     0.00     0  00:00        0.00
  S18-104              JUNCTION     0.00     0.00     0.00     0  00:00        0.00
  O-14-10              JUNCTION     0.00     0.00     0.00     0  00:00        0.00
  S18-106              JUNCTION     0.00     0.00     0.00     0  00:00        0.00
  S18-108              JUNCTION     0.00     0.00     0.00     0  00:00        0.00
  O-14-08              JUNCTION     0.00     0.00     0.00     0  00:00        0.00
  S18-110              JUNCTION     0.00     0.00     0.00     0  00:00        0.00
  S18-90               JUNCTION     0.00     0.00     0.00     0  00:00        0.00
  O-14-06              JUNCTION     0.00     0.00     0.00     0  00:00        0.00
  S18-112              JUNCTION     0.00     0.00     0.00     0  00:00        0.00
  S18-114              JUNCTION     0.00     0.00     0.00     0  00:00        0.00
  S18-88               JUNCTION     0.00     0.00     0.00     0  00:00        0.00
  S-41-CP1             JUNCTION     0.00     0.00     0.00     0  00:00        0.00
  S-41                 JUNCTION     0.00     0.00     0.00     0  00:00        0.00
  S-41-00              JUNCTION     0.00     0.00     0.00     0  00:00        0.00
  S18-86               JUNCTION     0.00     0.00     0.00     0  00:00        0.00
  S18-84               JUNCTION     0.00     0.00     0.00     0  00:00        0.00
  O-14N-28             JUNCTION     0.00     0.00     0.00     0  00:00        0.00
  S18-82               JUNCTION     0.00     0.00     0.00     0  00:00        0.00
  O-14N-12             JUNCTION     0.00     0.00     0.00     0  00:00        0.00
  O-14N-10             JUNCTION     0.00     0.00     0.00     0  00:00        0.00
  O-14N-08             JUNCTION     0.00     0.00     0.00     0  00:00        0.00
  S18-80               JUNCTION     0.00     0.00     0.00     0  00:00        0.00
  O-14N-06             JUNCTION     0.00     0.00     0.00     0  00:00        0.00
  SMR-50               JUNCTION     0.00     0.00     0.00     0  00:00        0.00
  S18-78               JUNCTION     0.00     0.00     0.00     0  00:00        0.00
  S-41-02              JUNCTION     0.00     0.00     0.00     0  00:00        0.00
  S-41-04              JUNCTION     0.00     0.00     0.00     0  00:00        0.00
  S-40-00              JUNCTION     0.00     0.00     0.00     0  00:00        0.00
  S-40                 JUNCTION     0.00     0.00     0.00     0  00:00        0.00
  O-14-04              JUNCTION     0.00     0.00     0.00     0  00:00        0.00
  S-40-OFP             JUNCTION     0.00     0.00     0.00     0  00:00        0.00
  O-14N-04             JUNCTION     0.00     0.00     0.00     0  00:00        0.00
  O-14N-02             JUNCTION     0.00     0.00     0.00     0  00:00        0.00
  O14-WEST             JUNCTION     0.00     0.00     0.00     0  00:00        0.00
  O14-EAST             JUNCTION     0.00     0.00     0.00     0  00:00        0.00
  S18-76               JUNCTION     0.00     0.00     0.00     0  00:00        0.00
  S-41-06              JUNCTION     0.00     0.00     0.00     0  00:00        0.00
  S-40-02              JUNCTION     0.00     0.00     0.00     0  00:00        0.00
  S18-74               JUNCTION     0.00     0.00     0.00     0  00:00        0.00
  S18-72               JUNCTION     0.00     0.00     0.00     0  00:00        0.00
  S-40-04              JUNCTION     0.00     0.00     0.00     0  00:00        0.00
  S18-70               JUNCTION     0.00     0.00     0.00     0  00:00        0.00
  S-41-08              JUNCTION     0.00     0.00     0.00     0  00:00        0.00
  S-40-06              JUNCTION     0.00     0.00     0.00     0  00:00        0.00
  S-41-10              JUNCTION     0.00     0.00     0.00     0  00:00        0.00
  S-41-12              JUNCTION     0.00     0.00     0.00     0  00:00        0.00
  S18-68               JUNCTION     0.00     0.00     0.00     0  00:00        0.00
  S-40-08              JUNCTION     0.00     0.00     0.00     0  00:00        0.00
  S18-66               JUNCTION     0.00     0.00     0.00     0  00:00        0.00
  S-41-14              JUNCTION     0.00     0.00     0.00     0  00:00        0.00
  S-40-10              JUNCTION     0.00     0.00     0.00     0  00:00        0.00
  S-39-00              JUNCTION     0.00     0.00     0.00     0  00:00        0.00
  S-39-CP1             JUNCTION     0.00     0.00     0.00     0  00:00        0.00
  S-39                 JUNCTION     0.00     0.00     0.00     0  00:00        0.00
  S18-64               JUNCTION     0.00     0.00     0.00     0  00:00        0.00
  S-39-02              JUNCTION     0.00     0.00     0.00     0  00:00        0.00
  S-40-12              JUNCTION     0.00     0.00     0.00     0  00:00        0.00
  1-A                  JUNCTION     0.00     0.00     0.00     0  00:00        0.00
  S-40-13              JUNCTION     0.00     0.00     0.00     0  00:00        0.00
  1-A-02               JUNCTION     0.00     0.00     0.00     0  00:00        0.00
  MH26A                JUNCTION     0.00     0.00     0.00     0  00:00        0.00
  MH26A-02             JUNCTION     0.00     0.00     0.00     0  00:00        0.00
  S-40-14              JUNCTION     0.00     0.00     0.00     0  00:00        0.00
  S18-62               JUNCTION     0.00     0.00     0.00     0  00:00        0.00
  S-38-00              JUNCTION     0.00     0.00     0.00     0  00:00        0.00
  MH26A-04             JUNCTION     0.00     0.00     0.00     0  00:00        0.00
  S-38                 JUNCTION     0.00     0.00     0.00     0  00:00        0.00
  S18-60               JUNCTION     0.00     0.00     0.00     0  00:00        0.00
  S38-OFP              JUNCTION     0.00     0.00     0.00     0  00:00        0.00
  MH26A-06             JUNCTION     0.00     0.00     0.00     0  00:00        0.00
  S18-58               JUNCTION     0.00     0.00     0.00     0  00:00        0.00
  ACSA-OFP             JUNCTION     0.00     0.00     0.00     0  00:00        0.00
  S18-56               JUNCTION     0.00     0.00     0.00     0  00:00        0.00
  S36                  JUNCTION     0.00     0.00     0.00     0  00:00        0.00
  S36-CP2              JUNCTION     0.00     0.00     0.00     0  00:00        0.00
  S18-54               JUNCTION     0.00     0.00     0.00     0  00:00        0.00
  S35                  JUNCTION     0.00     0.00     0.00     0  00:00        0.00
  S34-CP2              JUNCTION     0.00     0.00     0.00     0  00:00        0.00
  S34                  JUNCTION     0.00     0.00     0.00     0  00:00        0.00
  S36-CP4              JUNCTION     0.00     0.00     0.00     0  00:00        0.00
  S33                  JUNCTION     0.00     0.00     0.00     0  00:00        0.00
  S33-CP2              JUNCTION     0.00     0.00     0.00     0  00:00        0.00
  S33-OR               JUNCTION     0.00     0.00     0.00     0  00:00        0.00
  S18-52               JUNCTION     0.00     0.00     0.00     0  00:00        0.00
  S35-CP2              JUNCTION     0.00     0.00     0.00     0  00:00        0.00
  S18-50               JUNCTION     0.00     0.00     0.00     0  00:00        0.00
  S18-48               JUNCTION     0.00     0.00     0.00     0  00:00        0.00
  S18-46               JUNCTION     0.00     0.00     0.00     0  00:00        0.00
  S18-44               JUNCTION     0.00     0.00     0.00     0  00:00        0.00
  S32                  JUNCTION     0.00     0.00     0.00     0  00:00        0.00
  S32-CP2              JUNCTION     0.00     0.00     0.00     0  00:00        0.00
  S29-OFP              JUNCTION     0.00     0.00     0.00     0  00:00        0.00
  S31                  JUNCTION     0.00     0.00     0.00     0  00:00        0.00
  S31-CP4              JUNCTION     0.00     0.00     0.00     0  00:00        0.00
  S31-CP2              JUNCTION     0.00     0.00     0.00     0  00:00        0.00
  S18-42               JUNCTION     0.00     0.00     0.00     0  00:00        0.00
  S30                  JUNCTION     0.00     0.00     0.00     0  00:00        0.00
  S30-CP2              JUNCTION     0.00     0.00     0.00     0  00:00        0.00
  S18-40               JUNCTION     0.00     0.00     0.00     0  00:00        0.00
  S30-CP4              JUNCTION     0.00     0.00     0.00     0  00:00        0.00
  S29-CP2              JUNCTION     0.00     0.00     0.00     0  00:00        0.00
  S29                  JUNCTION     0.00     0.00     0.00     0  00:00        0.00
  S18-38               JUNCTION     0.00     0.00     0.00     0  00:00        0.00
  S18-36               JUNCTION     0.00     0.00     0.00     0  00:00        0.00
  S18-34               JUNCTION     0.00     0.00     0.00     0  00:00        0.00
  S18-32               JUNCTION     0.00     0.00     0.00     0  00:00        0.00
  S28                  JUNCTION     0.00     0.00     0.00     0  00:00        0.00
  S28-02               JUNCTION     0.00     0.00     0.00     0  00:00        0.00
  S28-CP2              JUNCTION     0.00     0.00     0.00     0  00:00        0.00
  S18-30               JUNCTION     0.00     0.00     0.00     0  00:00        0.00
  S18-28               JUNCTION     0.00     0.00     0.00     0  00:00        0.00
  S24                  JUNCTION     0.00     0.00     0.00     0  00:00        0.00
  S24-OFP              JUNCTION     0.00     0.00     0.00     0  00:00        0.00
  S18-26               JUNCTION     0.00     0.00     0.00     0  00:00        0.00
  S18-24               JUNCTION     0.00     0.00     0.00     0  00:00        0.00
  S24-CP2              JUNCTION     0.00     0.00     0.00     0  00:00        0.00
  S18-22               JUNCTION     0.00     0.00     0.00     0  00:00        0.00
  S28-04               JUNCTION     0.00     0.00     0.00     0  00:00        0.00
  S18-20               JUNCTION     0.00     0.00     0.00     0  00:00        0.00
  S24-00               JUNCTION     0.00     0.00     0.00     0  00:00        0.00
  S24-02               JUNCTION     0.00     0.00     0.00     0  00:00        0.00
  S18-18               JUNCTION     0.00     0.00     0.00     0  00:00        0.00
  S24-04               JUNCTION     0.00     0.00     0.00     0  00:00        0.00
  S24-06               JUNCTION     0.00     0.00     0.00     0  00:00        0.00
  S24-08               JUNCTION     0.00     0.00     0.00     0  00:00        0.00
  S23                  JUNCTION     0.00     0.00     0.00     0  00:00        0.00
  S18-16               JUNCTION     0.00     0.00     0.00     0  00:00        0.00
  M06-00               JUNCTION     0.00     0.00     0.00     0  00:00        0.00
  S18-14               JUNCTION     0.00     0.00     0.00     0  00:00        0.00
  S24-28               JUNCTION     0.00     0.00     0.00     0  00:00        0.00
  S24-26               JUNCTION     0.00     0.00     0.00     0  00:00        0.00
  S24-18               JUNCTION     0.00     0.00     0.00     0  00:00        0.00
  S24-10               JUNCTION     0.00     0.00     0.00     0  00:00        0.00
  S24-20               JUNCTION     0.00     0.00     0.00     0  00:00        0.00
  S24-24               JUNCTION     0.00     0.00     0.00     0  00:00        0.00
  S24-22               JUNCTION     0.00     0.00     0.00     0  00:00        0.00
  S24-14               JUNCTION     0.00     0.00     0.00     0  00:00        0.00
  S24-12               JUNCTION     0.00     0.00     0.00     0  00:00        0.00
  S24-16               JUNCTION     0.00     0.00     0.00     0  00:00        0.00
  S18-12               JUNCTION     0.00     0.00     0.00     0  00:00        0.00
  S24-30               JUNCTION     0.00     0.00     0.00     0  00:00        0.00
  S24-32               JUNCTION     0.00     0.00     0.00     0  00:00        0.00
  S18-10               JUNCTION     0.00     0.00     0.00     0  00:00        0.00
  S18-08               JUNCTION     0.00     0.00     0.00     0  00:00        0.00
  S18-06               JUNCTION     0.00     0.00     0.00     0  00:00        0.00
  S18-04               JUNCTION     0.00     0.00     0.00     0  00:00        0.00
  S24-34               JUNCTION     0.00     0.00     0.00     0  00:00        0.00
  S18-02               JUNCTION     0.00     0.00     0.00     0  00:00        0.00
  S18                  JUNCTION     0.00     0.00     0.00     0  00:00        0.00
  S18-CP2              JUNCTION     0.00     0.00     0.00     0  00:00        0.00
  M06-10               JUNCTION     0.00     0.00     0.00     0  00:00        0.00
  M07-00               JUNCTION     0.00     0.00     0.00     0  00:00        0.00
  M08-00               JUNCTION     0.00     0.00     0.00     0  00:00        0.00
  A65-CP               JUNCTION     0.00     0.00     0.00     0  00:00        0.00
  A63-CP               JUNCTION     0.00     0.00     0.00     0  00:00        0.00
  A64-CP               JUNCTION     0.00     0.00     0.00     0  00:00        0.00
  A62-02               JUNCTION     0.00     0.00     0.00     0  00:00        0.00
  A66-CP               JUNCTION     0.00     0.00     0.00     0  00:00        0.00
  A63-00               JUNCTION     0.00     0.00     0.00     0  00:00        0.00
  A64-00               JUNCTION     0.00     0.00     0.00     0  00:00        0.00
  A65-00               JUNCTION     0.00     0.00     0.00     0  00:00        0.00
  A66-00               JUNCTION     0.00     0.00     0.00     0  00:00        0.00
  A66-02               JUNCTION     0.00     0.00     0.00     0  00:00        0.00
  A66-04               JUNCTION     0.00     0.00     0.00     0  00:00        0.00
  A67-00               JUNCTION     0.00     0.00     0.00     0  00:00        0.00
  M32-04               JUNCTION     0.00     0.00     0.00     0  00:00        0.00
  M32-00               JUNCTION     0.00     0.00     0.00     0  00:00        0.00
  M35-02               JUNCTION     0.00     0.00     0.00     0  00:00        0.00
  M35-00               JUNCTION     0.00     0.00     0.00     0  00:00        0.00
  M36-00               JUNCTION     0.00     0.00     0.00     0  00:00        0.00
  M39-00               JUNCTION     0.00     0.00     0.00     0  00:00        0.00
  M40-00               JUNCTION     0.00     0.00     0.00     0  00:00        0.00
  M42-04               JUNCTION     0.00     0.00     0.00     0  00:00        0.00
  M42-02               JUNCTION     0.00     0.00     0.00     0  00:00        0.00
  A69-00               JUNCTION     0.00     0.00     0.00     0  00:00        0.00
  M42-00               JUNCTION     0.00     0.00     0.00     0  00:00        0.00
  A70-CP               JUNCTION     0.00     0.00     0.00     0  00:00        0.00
  A70-00               JUNCTION     0.00     0.00     0.00     0  00:00        0.00
  A70-02               JUNCTION     0.00     0.00     0.00     0  00:00        0.00
  A71-00               JUNCTION     0.00     0.00     0.00     0  00:00        0.00
  A71-CP               JUNCTION     0.00     0.00     0.00     0  00:00        0.00
  M43-02               JUNCTION     0.00     0.00     0.00     0  00:00        0.00
  M43-00               JUNCTION     0.00     0.00     0.00     0  00:00        0.00
  M44-02               JUNCTION     0.00     0.00     0.00     0  00:00        0.00
  A72-CP               JUNCTION     0.00     0.00     0.00     0  00:00        0.00
  M44-00               JUNCTION     0.00     0.00     0.00     0  00:00        0.00
  M45-01               JUNCTION     0.00     0.00     0.00     0  00:00        0.00
  M45-02               JUNCTION     0.00     0.00     0.00     0  00:00        0.00
  M45-00               JUNCTION     0.00     0.00     0.00     0  00:00        0.00
  A72-06               JUNCTION     0.00     0.00     0.00     0  00:00        0.00
  A72-08               JUNCTION     0.00     0.00     0.00     0  00:00        0.00
  A73-00               JUNCTION     0.00     0.00     0.00     0  00:00        0.00
  A73-CP               JUNCTION     0.00     0.00     0.00     0  00:00        0.00
  A74-CP               JUNCTION     0.00     0.00     0.00     0  00:00        0.00
  A74-00               JUNCTION     0.00     0.00     0.00     0  00:00        0.00
  A74A00               JUNCTION     0.00     0.00     0.00     0  00:00        0.00
  A74A02               JUNCTION     0.00     0.00     0.00     0  00:00        0.00
  GUY-02               JUNCTION     0.00     0.00     0.00     0  00:00        0.00
  GUY-04               JUNCTION     0.00     0.00     0.00     0  00:00        0.00
  GUY-06               JUNCTION     0.00     0.00     0.00     0  00:00        0.00
  A75-00               JUNCTION     0.00     0.00     0.00     0  00:00        0.00
  A76-00               JUNCTION     0.00     0.00     0.00     0  00:00        0.00
  A77-00               JUNCTION     0.00     0.00     0.00     0  00:00        0.00
  A75-CP               JUNCTION     0.00     0.00     0.00     0  00:00        0.00
  A77-02               JUNCTION     0.00     0.00     0.00     0  00:00        0.00
  A77-04               JUNCTION     0.00     0.00     0.00     0  00:00        0.00
  A78-01               JUNCTION     0.00     0.00     0.00     0  00:00        0.00
  A78-00               JUNCTION     0.00     0.00     0.00     0  00:00        0.00
  A76-CP               JUNCTION     0.00     0.00     0.00     0  00:00        0.00
  A78-02               JUNCTION     0.00     0.00     0.00     0  00:00        0.00
  A78-04               JUNCTION     0.00     0.00     0.00     0  00:00        0.00
  A77-CP               JUNCTION     0.00     0.00     0.00     0  00:00        0.00
  A78-10               JUNCTION     0.00     0.00     0.00     0  00:00        0.00
  A78-12               JUNCTION     0.00     0.00     0.00     0  00:00        0.00
  A78-14               JUNCTION     0.00     0.00     0.00     0  00:00        0.00
  A78-16               JUNCTION     0.00     0.00     0.00     0  00:00        0.00
  A78-18               JUNCTION     0.00     0.00     0.00     0  00:00        0.00
  A79-00               JUNCTION     0.00     0.00     0.00     0  00:00        0.00
  A80-00               JUNCTION     0.00     0.00     0.00     0  00:00        0.00
  A80-02               JUNCTION     0.00     0.00     0.00     0  00:00        0.00
  A81-00               JUNCTION     0.00     0.00     0.00     0  00:00        0.00
  M59-OR               JUNCTION     0.00     0.00     0.00     0  00:00        0.00
  A82-05               JUNCTION     0.00     0.00     0.00     0  00:00        0.00
  A82-04               JUNCTION     0.00     0.00     0.00     0  00:00        0.00
  M61-00               JUNCTION     0.00     0.00     0.00     0  00:00        0.00
  A82-07               JUNCTION     0.00     0.00     0.00     0  00:00        0.00
  A82-06               JUNCTION     0.00     0.00     0.00     0  00:00        0.00
  A82-02               JUNCTION     0.00     0.00     0.00     0  00:00        0.00
  M61-VOR              JUNCTION     0.00     0.00     0.00     0  00:00        0.00
  A82-00               JUNCTION     0.00     0.00     0.00     0  00:00        0.00
  A82-08               JUNCTION     0.00     0.00     0.00     0  00:00        0.00
  A82-12               JUNCTION     0.00     0.00     0.00     0  00:00        0.00
  A82-14               JUNCTION     0.00     0.00     0.00     0  00:00        0.00
  A82-18               JUNCTION     0.00     0.00     0.00     0  00:00        0.00
  A82-20               JUNCTION     0.00     0.00     0.00     0  00:00        0.00
  A83-00               JUNCTION     0.00     0.00     0.00     0  00:00        0.00
  A83-02               JUNCTION     0.00     0.00     0.00     0  00:00        0.00
  A84-00               JUNCTION     0.00     0.00     0.00     0  00:00        0.00
  A84-02               JUNCTION     0.00     0.00     0.00     0  00:00        0.00
  A85-00               JUNCTION     0.00     0.00     0.00     0  00:00        0.00
  A84-24               JUNCTION     0.00     0.00     0.00     0  00:00        0.00
  A84-22               JUNCTION     0.00     0.00     0.00     0  00:00        0.00
  A84-20               JUNCTION     0.00     0.00     0.00     0  00:00        0.00
  A84-16               JUNCTION     0.00     0.00     0.00     0  00:00        0.00
  A84-14               JUNCTION     0.00     0.00     0.00     0  00:00        0.00
  T01-00               JUNCTION     0.00     0.00     0.00     0  00:00        0.00
  T01-VOR              JUNCTION     0.00     0.00     0.00     0  00:00        0.00
  T02-00               JUNCTION     0.00     0.00     0.00     0  00:00        0.00
  T02-VOR              JUNCTION     0.00     0.00     0.00     0  00:00        0.00
  T03-CP               JUNCTION     0.00     0.00     0.00     0  00:00        0.00
  T07-OFP              JUNCTION     0.00     0.00     0.00     0  00:00        0.00
  T03-OFP              JUNCTION     0.00     0.00     0.00     0  00:00        0.00
  T03-00               JUNCTION     0.00     0.00     0.00     0  00:00        0.00
  T07-CP4              JUNCTION     0.00     0.00     0.00     0  00:00        0.00
  T04-OR               JUNCTION     0.00     0.00     0.00     0  00:00        0.00
  T04-CP               JUNCTION     0.00     0.00     0.00     0  00:00        0.00
  T04-00               JUNCTION     0.00     0.00     0.00     0  00:00        0.00
  T05-02               JUNCTION     0.00     0.00     0.00     0  00:00        0.00
  T07-CP2              JUNCTION     0.00     0.00     0.00     0  00:00        0.00
  T07-00               JUNCTION     0.00     0.00     0.00     0  00:00        0.00
  T07-02               JUNCTION     0.00     0.00     0.00     0  00:00        0.00
  T08-01               JUNCTION     0.00     0.00     0.00     0  00:00        0.00
  TR01-00              JUNCTION     0.00     0.00     0.00     0  00:00        0.00
  TR00-02              JUNCTION     0.00     0.00     0.00     0  00:00        0.00
  TR01-01              JUNCTION     0.00     0.00     0.00     0  00:00        0.00
  T08-00               JUNCTION     0.00     0.00     0.00     0  00:00        0.00
  TR01-02              JUNCTION     0.00     0.00     0.00     0  00:00        0.00
  T08-02               JUNCTION     0.00     0.00     0.00     0  00:00        0.00
  TR01-04              JUNCTION     0.00     0.00     0.00     0  00:00        0.00
  T10-00               JUNCTION     0.00     0.00     0.00     0  00:00        0.00
  TR01-12              JUNCTION     0.00     0.00     0.00     0  00:00        0.00
  T11-00               JUNCTION     0.00     0.00     0.00     0  00:00        0.00
  TR02-01              JUNCTION     0.00     0.00     0.00     0  00:00        0.00
  TR03-00              JUNCTION     0.00     0.00     0.00     0  00:00        0.00
  TR03-01              JUNCTION     0.00     0.00     0.00     0  00:00        0.00
  TR02-00              JUNCTION     0.00     0.00     0.00     0  00:00        0.00
  T12-00               JUNCTION     0.00     0.00     0.00     0  00:00        0.00
  TR03-04              JUNCTION     0.00     0.00     0.00     0  00:00        0.00
  T13-00               JUNCTION     0.00     0.00     0.00     0  00:00        0.00
  TR03-06              JUNCTION     0.00     0.00     0.00     0  00:00        0.00
  T11-CP               JUNCTION     0.00     0.00     0.00     0  00:00        0.00
  T12-CP               JUNCTION     0.00     0.00     0.00     0  00:00        0.00
  TR03-08              JUNCTION     0.00     0.00     0.00     0  00:00        0.00
  T13-CP               JUNCTION     0.00     0.00     0.00     0  00:00        0.00
  TR03-10              JUNCTION     0.00     0.00     0.00     0  00:00        0.00
  T14-00               JUNCTION     0.00     0.00     0.00     0  00:00        0.00
  T14-04               JUNCTION     0.00     0.00     0.00     0  00:00        0.00
  T14-CP               JUNCTION     0.00     0.00     0.00     0  00:00        0.00
  T14-05               JUNCTION     0.00     0.00     0.00     0  00:00        0.00
  T16A00               JUNCTION     0.00     0.00     0.00     0  00:00        0.00
  T16-04               JUNCTION     0.00     0.00     0.00     0  00:00        0.00
  TR03-18              JUNCTION     0.00     0.00     0.00     0  00:00        0.00
  TR03-14              JUNCTION     0.00     0.00     0.00     0  00:00        0.00
  T17-00               JUNCTION     0.00     0.00     0.00     0  00:00        0.00
  T16A-CP              JUNCTION     0.00     0.00     0.00     0  00:00        0.00
  TR03-22              JUNCTION     0.00     0.00     0.00     0  00:00        0.00
  T16-CP               JUNCTION     0.00     0.00     0.00     0  00:00        0.00
  T17-CP               JUNCTION     0.00     0.00     0.00     0  00:00        0.00
  TR04-00              JUNCTION     0.00     0.00     0.00     0  00:00        0.00
  TR04-01              JUNCTION     0.00     0.00     0.00     0  00:00        0.00
  T17-04               JUNCTION     0.00     0.00     0.00     0  00:00        0.00
  T18-02               JUNCTION     0.00     0.00     0.00     0  00:00        0.00
  T18-00               JUNCTION     0.00     0.00     0.00     0  00:00        0.00
  T19-00               JUNCTION     0.00     0.00     0.00     0  00:00        0.00
  TR04-06              JUNCTION     0.00     0.00     0.00     0  00:00        0.00
  T19-CP               JUNCTION     0.00     0.00     0.00     0  00:00        0.00
  T21-00               JUNCTION     0.00     0.00     0.00     0  00:00        0.00
  TR04-10              JUNCTION     0.00     0.00     0.00     0  00:00        0.00
  T22-02               JUNCTION     0.00     0.00     0.00     0  00:00        0.00
  TR04-12              JUNCTION     0.00     0.00     0.00     0  00:00        0.00
  T21-CP               JUNCTION     0.00     0.00     0.00     0  00:00        0.00
  T23-00               JUNCTION     0.00     0.00     0.00     0  00:00        0.00
  T22-CP               JUNCTION     0.00     0.00     0.00     0  00:00        0.00
  T23-CP               JUNCTION     0.00     0.00     0.00     0  00:00        0.00
  T24-00               JUNCTION     0.00     0.00     0.00     0  00:00        0.00
  TR04-15              JUNCTION     0.00     0.00     0.00     0  00:00        0.00
  TR05-00              JUNCTION     0.00     0.00     0.00     0  00:00        0.00
  TR05-01              JUNCTION     0.00     0.00     0.00     0  00:00        0.00
  T24-CP               JUNCTION     0.00     0.00     0.00     0  00:00        0.00
  TR05-06              JUNCTION     0.00     0.00     0.00     0  00:00        0.00
  TR04-18              JUNCTION     0.00     0.00     0.00     0  00:00        0.00
  TR04-20              JUNCTION     0.00     0.00     0.00     0  00:00        0.00
  TR04-22              JUNCTION     0.00     0.00     0.00     0  00:00        0.00
  TR04-24              JUNCTION     0.00     0.00     0.00     0  00:00        0.00
  T25-00               JUNCTION     0.00     0.00     0.00     0  00:00        0.00
  TR05-20              JUNCTION     0.00     0.00     0.00     0  00:00        0.00
  TR05-18              JUNCTION     0.00     0.00     0.00     0  00:00        0.00
  T25-CP               JUNCTION     0.00     0.00     0.00     0  00:00        0.00
  TR05-24              JUNCTION     0.00     0.00     0.00     0  00:00        0.00
  TR06-00              JUNCTION     0.00     0.00     0.00     0  00:00        0.00
  T25-04               JUNCTION     0.00     0.00     0.00     0  00:00        0.00
  T25-10               JUNCTION     0.00     0.00     0.00     0  00:00        0.00
  T25-14               JUNCTION     0.00     0.00     0.00     0  00:00        0.00
  T25-16               JUNCTION     0.00     0.00     0.00     0  00:00        0.00
  T26-00               JUNCTION     0.00     0.00     0.00     0  00:00        0.00
  T26-06               JUNCTION     0.00     0.00     0.00     0  00:00        0.00
  T26A-CP              JUNCTION     0.00     0.00     0.00     0  00:00        0.00
  T26A00               JUNCTION     0.00     0.00     0.00     0  00:00        0.00
  T26A04               JUNCTION     0.00     0.00     0.00     0  00:00        0.00
  T33-CP               JUNCTION     0.00     0.00     0.00     0  00:00        0.00
  T33-00               JUNCTION     0.00     0.00     0.00     0  00:00        0.00
  T32-CP               JUNCTION     0.00     0.00     0.00     0  00:00        0.00
  T31-CP               JUNCTION     0.00     0.00     0.00     0  00:00        0.00
  T32-02               JUNCTION     0.00     0.00     0.00     0  00:00        0.00
  T32-00               JUNCTION     0.00     0.00     0.00     0  00:00        0.00
  T31-00               JUNCTION     0.00     0.00     0.00     0  00:00        0.00
  T26A10               JUNCTION     0.00     0.00     0.00     0  00:00        0.00
  T26A12               JUNCTION     0.00     0.00     0.00     0  00:00        0.00
  T27-12               JUNCTION     0.00     0.00     0.00     0  00:00        0.00
  T27-04               JUNCTION     0.00     0.00     0.00     0  00:00        0.00
  T27-00               JUNCTION     0.00     0.00     0.00     0  00:00        0.00
  T27-18               JUNCTION     0.00     0.00     0.00     0  00:00        0.00
  T27-24               JUNCTION     0.00     0.00     0.00     0  00:00        0.00
  T29-00               JUNCTION     0.00     0.00     0.00     0  00:00        0.00
  T29A00               JUNCTION     0.00     0.00     0.00     0  00:00        0.00
  T29-CP               JUNCTION     0.00     0.00     0.00     0  00:00        0.00
  T29A10               JUNCTION     0.00     0.00     0.00     0  00:00        0.00
  O26-FO               OUTFALL      0.00     0.00   712.00     0  00:00        0.00
  O26A00               STORAGE      0.00     0.00   712.00     0  00:00        0.00
  M59-00               STORAGE      0.00     0.00   737.00     0  00:00        0.00
  M33-02               STORAGE      0.00     0.00   718.00     0  00:00        0.00
  A62-00               STORAGE      0.00     0.00   714.90     0  00:00        0.00
  A42-00               STORAGE      0.00     0.00   738.40     0  00:00        0.00
  A42L-00              STORAGE      0.00     0.00   721.00     0  00:00        0.00
  A42U-00              STORAGE      0.00     0.00   723.20     0  00:00        0.00
  A35-VOR              STORAGE      0.00     0.00   723.50     0  00:00        0.00
  A39-VOR              STORAGE      0.00     0.00   736.00     0  00:00        0.00
  A43-00               STORAGE      0.00     0.00   733.00     0  00:00        0.00
  O26-CP2              STORAGE      0.00     0.00   726.50     0  00:00        0.00
  O26-VOR              STORAGE      0.00     0.00   720.50     0  00:00        0.00
  O25-VOR              STORAGE      0.00     0.00   720.00     0  00:00        0.00
  O25-CP2              STORAGE      0.00     0.00   724.80     0  00:00        0.00
  O04-04               STORAGE      0.00     0.00   713.00     0  00:00        0.00
  M09-VOR              STORAGE      0.00     0.00   710.00     0  00:00        0.00
  M16-VOR              STORAGE      0.00     0.00   712.80     0  00:00        0.00
  M17-VOR              STORAGE      0.00     0.00   715.20     0  00:00        0.00
  M23-VOR              STORAGE      0.00     0.00   713.50     0  00:00        0.00
  M33-VOR              STORAGE      0.00     0.00   715.00     0  00:00        0.00
  M01-VOR              STORAGE      0.00     0.00   710.00     0  00:00        0.00
  M02-VOR              STORAGE      0.00     0.00   710.00     0  00:00        0.00
  M03-VOR              STORAGE      0.00     0.00   710.00     0  00:00        0.00
  M04-VOR              STORAGE      0.00     0.00   710.40     0  00:00        0.00
  M05-VOR              STORAGE      0.00     0.00   710.00     0  00:00        0.00
  M11-VOR              STORAGE      0.00     0.00   710.00     0  00:00        0.00
  M12-VOR              STORAGE      0.00     0.00   710.00     0  00:00        0.00
  M13-VOR              STORAGE      0.00     0.00   710.00     0  00:00        0.00
  M14-VOR              STORAGE      0.00     0.00   710.00     0  00:00        0.00
  M15-VOR              STORAGE      0.00     0.00   710.00     0  00:00        0.00
  M18-VOR              STORAGE      0.00     0.00   717.00     0  00:00        0.00
  M19-VOR              STORAGE      0.00     0.00   713.40     0  00:00        0.00
  M20-VOR              STORAGE      0.00     0.00   710.00     0  00:00        0.00
  M21-VOR              STORAGE      0.00     0.00   715.20     0  00:00        0.00
  M22-VOR              STORAGE      0.00     0.00   714.30     0  00:00        0.00
  M26-VOR              STORAGE      0.00     0.00   710.00     0  00:00        0.00
  M27-VOR              STORAGE      0.00     0.00   711.80     0  00:00        0.00
  M29-VOR              STORAGE      0.00     0.00   715.00     0  00:00        0.00
  M31-VOR              STORAGE      0.00     0.00   744.50     0  00:00        0.00
  M47-VOR              STORAGE      0.00     0.00   713.00     0  00:00        0.00
  M48-VOR              STORAGE      0.00     0.00   741.40     0  00:00        0.00
  M50-VOR              STORAGE      0.00     0.00   725.60     0  00:00        0.00
  M51-VOR              STORAGE      0.00     0.00   721.00     0  00:00        0.00
  M52-VOR              STORAGE      0.00     0.00   723.70     0  00:00        0.00
  M53-VOR              STORAGE      0.00     0.00   714.90     0  00:00        0.00
  M54-VOR              STORAGE      0.00     0.00   719.30     0  00:00        0.00
  M55-VOR              STORAGE      0.00     0.00   725.60     0  00:00        0.00
  M56-VOR              STORAGE      0.00     0.00   723.50     0  00:00        0.00
  M57-VOR              STORAGE      0.00     0.00   724.90     0  00:00        0.00
  M58-VOR              STORAGE      0.00     0.00   721.50     0  00:00        0.00
  A01-VOR              STORAGE      0.00     0.00   710.50     0  00:00        0.00
  A02-VOR              STORAGE      0.00     0.00   710.00     0  00:00        0.00
  A03-VOR              STORAGE      0.00     0.00   710.00     0  00:00        0.00
  A04-VOR              STORAGE      0.00     0.00   710.00     0  00:00        0.00
  A06-VOR              STORAGE      0.00     0.00   710.00     0  00:00        0.00
  A07-VOR              STORAGE      0.00     0.00   710.00     0  00:00        0.00
  A08-VOR              STORAGE      0.00     0.00   710.00     0  00:00        0.00
  A09-VOR              STORAGE      0.00     0.00   710.00     0  00:00        0.00
  A10-VOR              STORAGE      0.00     0.00   710.00     0  00:00        0.00
  A11-VOR              STORAGE      0.00     0.00   710.00     0  00:00        0.00
  A12-VOR              STORAGE      0.00     0.00   710.00     0  00:00        0.00
  A13-VOR              STORAGE      0.00     0.00   710.00     0  00:00        0.00
  A14-VOR              STORAGE      0.00     0.00   710.00     0  00:00        0.00
  A15-VOR              STORAGE      0.00     0.00   710.00     0  00:00        0.00
  A16-VOR              STORAGE      0.00     0.00   714.40     0  00:00        0.00
  A17-VOR              STORAGE      0.00     0.00   710.00     0  00:00        0.00
  A18-VOR              STORAGE      0.00     0.00   710.00     0  00:00        0.00
  A19-VOR              STORAGE      0.00     0.00   715.80     0  00:00        0.00
  A20-VOR              STORAGE      0.00     0.00   710.00     0  00:00        0.00
  A21-VOR              STORAGE      0.00     0.00   710.00     0  00:00        0.00
  A22-VOR              STORAGE      0.00     0.00   716.20     0  00:00        0.00
  A23-VOR              STORAGE      0.00     0.00   715.50     0  00:00        0.00
  A25-VOR              STORAGE      0.00     0.00   716.50     0  00:00        0.00
  A26-VOR              STORAGE      0.00     0.00   718.20     0  00:00        0.00
  A27-VOR              STORAGE      0.00     0.00   715.30     0  00:00        0.00
  A28-VOR              STORAGE      0.00     0.00   716.70     0  00:00        0.00
  A29-VOR              STORAGE      0.00     0.00   710.40     0  00:00        0.00
  A30-VOR              STORAGE      0.00     0.00   717.50     0  00:00        0.00
  A31-VOR              STORAGE      0.00     0.00   717.10     0  00:00        0.00
  A32-VOR              STORAGE      0.00     0.00   715.50     0  00:00        0.00
  A33-VOR              STORAGE      0.00     0.00   710.00     0  00:00        0.00
  A34-VOR              STORAGE      0.00     0.00   711.40     0  00:00        0.00
  A35-01               STORAGE      0.00     0.00   718.00     0  00:00        0.00
  A36-VOR              STORAGE      0.00     0.00   715.40     0  00:00        0.00
  A37-VOR              STORAGE      0.00     0.00   710.00     0  00:00        0.00
  A38-VOR              STORAGE      0.00     0.00   722.50     0  00:00        0.00
  A40-VOR              STORAGE      0.00     0.00   718.00     0  00:00        0.00
  A41-VOR              STORAGE      0.00     0.00   716.90     0  00:00        0.00
  A46-VOR              STORAGE      0.00     0.00   722.00     0  00:00        0.00
  A47-VOR              STORAGE      0.00     0.00   710.00     0  00:00        0.00
  A48-VOR              STORAGE      0.00     0.00   710.00     0  00:00        0.00
  A49-VOR              STORAGE      0.00     0.00   710.00     0  00:00        0.00
  A50-VOR              STORAGE      0.00     0.00   710.00     0  00:00        0.00
  A51-VOR              STORAGE      0.00     0.00   710.00     0  00:00        0.00
  A56-VOR              STORAGE      0.00     0.00   710.00     0  00:00        0.00
  A58-VOR              STORAGE      0.00     0.00   710.00     0  00:00        0.00
  A59-VOR              STORAGE      0.00     0.00   710.00     0  00:00        0.00
  A60-VOR              STORAGE      0.00     0.00   710.00     0  00:00        0.00
  A61-VOR              STORAGE      0.00     0.00   710.00     0  00:00        0.00
  A62-VOR              STORAGE      0.00     0.00   711.60     0  00:00        0.00
  O27-VOR              STORAGE      0.00     0.00   710.00     0  00:00        0.00
  O28-VOR              STORAGE      0.00     0.00   710.00     0  00:00        0.00
  O29-VOR              STORAGE      0.00     0.00   710.00     0  00:00        0.00
  O30-VOR              STORAGE      0.00     0.00   710.00     0  00:00        0.00
  O31-VOR              STORAGE      0.00     0.00   716.30     0  00:00        0.00
  O32-VOR              STORAGE      0.00     0.00   710.00     0  00:00        0.00
  O33-VOR              STORAGE      0.00     0.00   710.00     0  00:00        0.00
  O34-VOR              STORAGE      0.00     0.00   710.00     0  00:00        0.00
  O35-VOR              STORAGE      0.00     0.00   714.50     0  00:00        0.00
  O36-VOR              STORAGE      0.00     0.00   710.00     0  00:00        0.00
  O37-VOR              STORAGE      0.00     0.00   710.00     0  00:00        0.00
  O38-VOR              STORAGE      0.00     0.00   710.00     0  00:00        0.00
  O39-VOR              STORAGE      0.00     0.00   710.00     0  00:00        0.00
  O40-VOR              STORAGE      0.00     0.00   710.00     0  00:00        0.00
  O41-VOR              STORAGE      0.00     0.00   710.00     0  00:00        0.00
  O17-VOR              STORAGE      0.00     0.00   782.90     0  00:00        0.00
  O18-VOR              STORAGE      0.00     0.00   717.60     0  00:00        0.00
  O19-VOR              STORAGE      0.00     0.00   724.50     0  00:00        0.00
  O20-VOR              STORAGE      0.00     0.00   800.50     0  00:00        0.00
  O21-VOR              STORAGE      0.00     0.00   729.40     0  00:00        0.00
  O22-VOR              STORAGE      0.00     0.00   726.40     0  00:00        0.00
  O23-VOR              STORAGE      0.00     0.00   731.20     0  00:00        0.00
  O24-VOR              STORAGE      0.00     0.00   832.70     0  00:00        0.00
  O-14-02              STORAGE      0.00     0.00   718.40     0  00:00        0.00
  O06-OR               STORAGE      0.00     0.00   710.00     0  00:00        0.00
  A42A-00              STORAGE      0.00     0.00   747.97     0  00:00        0.00
  A42A-28              STORAGE      0.00     0.00   748.34     0  00:00        0.00
  A42-02               STORAGE      0.00     0.00   739.70     0  00:00        0.00
  
  
  *******************
  Node Inflow Summary
  *******************
  
  -------------------------------------------------------------------------------------------------
                                  Maximum  Maximum                  Lateral       Total        Flow
                                  Lateral    Total  Time of Max      Inflow      Inflow     Balance
                                   Inflow   Inflow   Occurrence      Volume      Volume       Error
  Node                 Type           CFS      CFS  days hr:min    10^6 gal    10^6 gal     Percent
  -------------------------------------------------------------------------------------------------
  M01-00               JUNCTION      0.00     0.00     0  00:00           0           0       0.000 gal
  O43-04               JUNCTION      0.00     0.00     0  00:00           0           0       0.000 gal
  M02-00               JUNCTION      0.00     0.00     0  00:00           0           0       0.000 gal
  M03-00               JUNCTION      0.00     0.00     0  00:00           0           0       0.000 gal
  M04-00               JUNCTION      0.00     0.00     0  00:00           0           0       0.000 gal
  M05-00               JUNCTION      0.00     0.00     0  00:00           0           0       0.000 gal
  M09-00               JUNCTION      0.00     0.00     0  00:00           0           0       0.000 gal
  M11-00               JUNCTION      0.00     0.00     0  00:00           0           0       0.000 gal
  M12-00               JUNCTION      0.00     0.00     0  00:00           0           0       0.000 gal
  M13-00               JUNCTION      0.00     0.00     0  00:00           0           0       0.000 gal
  M14-00               JUNCTION      0.00     0.00     0  00:00           0           0       0.000 gal
  M15-00               JUNCTION      0.00     0.00     0  00:00           0           0       0.000 gal
  M16-00               JUNCTION      0.00     0.00     0  00:00           0           0       0.000 gal
  M17-00               JUNCTION      0.00     0.00     0  00:00           0           0       0.000 gal
  M18-00               JUNCTION      0.00     0.00     0  00:00           0           0       0.000 gal
  M19-00               JUNCTION      0.00     0.00     0  00:00           0           0       0.000 gal
  M20-00               JUNCTION      0.00     0.00     0  00:00           0           0       0.000 gal
  M21-00               JUNCTION      0.00     0.00     0  00:00           0           0       0.000 gal
  M22-00               JUNCTION      0.00     0.00     0  00:00           0           0       0.000 gal
  M23-00               JUNCTION      0.00     0.00     0  00:00           0           0       0.000 gal
  M25-00               JUNCTION      0.00     0.00     0  00:00           0           0       0.000 gal
  M24-00               JUNCTION      0.00     0.00     0  00:00           0           0       0.000 gal
  M25-VOR              JUNCTION      0.00     0.00     0  00:00           0           0       0.000 gal
  M26-00               JUNCTION      0.00     0.00     0  00:00           0           0       0.000 gal
  M27-00               JUNCTION      0.00     0.00     0  00:00           0           0       0.000 gal
  M29-00               JUNCTION      0.00     0.00     0  00:00           0           0       0.000 gal
  M30-00               JUNCTION      0.00     0.00     0  00:00           0           0       0.000 gal
  M46-00               JUNCTION      0.00     0.00     0  00:00           0           0       0.000 gal
  M47-00               JUNCTION      0.00     0.00     0  00:00           0           0       0.000 gal
  M48-00               JUNCTION      0.00     0.00     0  00:00           0           0       0.000 gal
  M49-02               JUNCTION      0.00     0.00     0  00:00           0           0       0.000 gal
  M49-01               JUNCTION      0.00     0.00     0  00:00           0           0       0.000 gal
  M49-00               JUNCTION      0.00     0.00     0  00:00           0           0       0.000 gal
  M50-00               JUNCTION      0.00     0.00     0  00:00           0           0       0.000 gal
  M51-00               JUNCTION      0.00     0.00     0  00:00           0           0       0.000 gal
  M52-00               JUNCTION      0.00     0.00     0  00:00           0           0       0.000 gal
  M53-00               JUNCTION      0.00     0.00     0  00:00           0           0       0.000 gal
  M54-00               JUNCTION      0.00     0.00     0  00:00           0           0       0.000 gal
  M55-00               JUNCTION      0.00     0.00     0  00:00           0           0       0.000 gal
  M56-00               JUNCTION      0.00     0.00     0  00:00           0           0       0.000 gal
  M57-00               JUNCTION      0.00     0.00     0  00:00           0           0       0.000 gal
  M58-00               JUNCTION      0.00     0.00     0  00:00           0           0       0.000 gal
  M31-00               JUNCTION      0.00     0.00     0  00:00           0           0       0.000 gal
  M31-02               JUNCTION      0.00     0.00     0  00:00           0           0       0.000 gal
  M31-04               JUNCTION      0.00     0.00     0  00:00           0           0       0.000 gal
  M33-00               JUNCTION      0.00     0.00     0  00:00           0           0       0.000 gal
  M33-04               JUNCTION      0.00     0.00     0  00:00           0           0       0.000 gal
  M34-00               JUNCTION      0.00     0.00     0  00:00           0           0       0.000 gal
  M41-00               JUNCTION      0.00     0.00     0  00:00           0           0       0.000 gal
  M42A02               JUNCTION      0.00     0.00     0  00:00           0           0       0.000 gal
  M41SHFT              JUNCTION      0.00     0.00     0  00:00           0           0       0.000 gal
  M42A00               JUNCTION      0.00     0.00     0  00:00           0           0       0.000 gal
  O27-00               JUNCTION      0.00     0.00     0  00:00           0           0       0.000 gal
  O28-00               JUNCTION      0.00     0.00     0  00:00           0           0       0.000 gal
  O29-00               JUNCTION      0.00     0.00     0  00:00           0           0       0.000 gal
  O30-00               JUNCTION      0.00     0.00     0  00:00           0           0       0.000 gal
  O31-00               JUNCTION      0.00     0.00     0  00:00           0           0       0.000 gal
  O32-00               JUNCTION      0.00     0.00     0  00:00           0           0       0.000 gal
  O33-00               JUNCTION      0.00     0.00     0  00:00           0           0       0.000 gal
  O34-00               JUNCTION      0.00     0.00     0  00:00           0           0       0.000 gal
  O35-00               JUNCTION      0.00     0.00     0  00:00           0           0       0.000 gal
  O36-00               JUNCTION      0.00     0.00     0  00:00           0           0       0.000 gal
  O37-00               JUNCTION      0.00     0.00     0  00:00           0           0       0.000 gal
  O38-00               JUNCTION      0.00     0.00     0  00:00           0           0       0.000 gal
  O39-00               JUNCTION      0.00     0.00     0  00:00           0           0       0.000 gal
  O40-00               JUNCTION      0.00     0.00     0  00:00           0           0       0.000 gal
  O42-00               JUNCTION      0.00     0.00     0  00:00           0           0       0.000 gal
  O14-00               JUNCTION      0.00     0.00     0  00:00           0           0       0.000 gal
  O43-00               JUNCTION      0.00     0.00     0  00:00           0           0       0.000 gal
  O43-02               JUNCTION      0.00     0.00     0  00:00           0           0       0.000 gal
  A46-00               JUNCTION      0.00     0.00     0  00:00           0           0       0.000 gal
  A47-00               JUNCTION      0.00     0.00     0  00:00           0           0       0.000 gal
  A48-00               JUNCTION      0.00     0.00     0  00:00           0           0       0.000 gal
  A49-00               JUNCTION      0.00     0.00     0  00:00           0           0       0.000 gal
  A50-00               JUNCTION      0.00     0.00     0  00:00           0           0       0.000 gal
  A51-00               JUNCTION      0.00     0.00     0  00:00           0           0       0.000 gal
  A54-00               JUNCTION      0.00     0.00     0  00:00           0           0       0.000 gal
  A55-00               JUNCTION      0.00     0.00     0  00:00           0           0       0.000 gal
  A55-VOR              JUNCTION      0.00     0.00     0  00:00           0           0       0.000 gal
  A56-00               JUNCTION      0.00     0.00     0  00:00           0           0       0.000 gal
  A58-00               JUNCTION      0.00     0.00     0  00:00           0           0       0.000 gal
  A59-00               JUNCTION      0.00     0.00     0  00:00           0           0       0.000 gal
  A60-00               JUNCTION      0.00     0.00     0  00:00           0           0       0.000 gal
  A61-00               JUNCTION      0.00     0.00     0  00:00           0           0       0.000 gal
  A01-00               JUNCTION      0.00     0.00     0  00:00           0           0       0.000 gal
  A02-00               JUNCTION      0.00     0.00     0  00:00           0           0       0.000 gal
  A03-00               JUNCTION      0.00     0.00     0  00:00           0           0       0.000 gal
  A04-00               JUNCTION      0.00     0.00     0  00:00           0           0       0.000 gal
  A06-00               JUNCTION      0.00     0.00     0  00:00           0           0       0.000 gal
  A07-00               JUNCTION      0.00     0.00     0  00:00           0           0       0.000 gal
  A08-00               JUNCTION      0.00     0.00     0  00:00           0           0       0.000 gal
  A09-00               JUNCTION      0.00     0.00     0  00:00           0           0       0.000 gal
  A10-00               JUNCTION      0.00     0.00     0  00:00           0           0       0.000 gal
  A11-00               JUNCTION      0.00     0.00     0  00:00           0           0       0.000 gal
  A12-00               JUNCTION      0.00     0.00     0  00:00           0           0       0.000 gal
  A13-00               JUNCTION      0.00     0.00     0  00:00           0           0       0.000 gal
  A14-00               JUNCTION      0.00     0.00     0  00:00           0           0       0.000 gal
  A15-00               JUNCTION      0.00     0.00     0  00:00           0           0       0.000 gal
  A16-00               JUNCTION      0.00     0.00     0  00:00           0           0       0.000 gal
  A17-00               JUNCTION      0.00     0.00     0  00:00           0           0       0.000 gal
  A18-00               JUNCTION      0.00     0.00     0  00:00           0           0       0.000 gal
  A19-00               JUNCTION      0.00     0.00     0  00:00           0           0       0.000 gal
  A20-00               JUNCTION      0.00     0.00     0  00:00           0           0       0.000 gal
  A21-00               JUNCTION      0.00     0.00     0  00:00           0           0       0.000 gal
  A22-00               JUNCTION      0.00     0.00     0  00:00           0           0       0.000 gal
  A23-00               JUNCTION      0.00     0.00     0  00:00           0           0       0.000 gal
  A24-00               JUNCTION      0.00     0.00     0  00:00           0           0       0.000 gal
  A25-00               JUNCTION      0.00     0.00     0  00:00           0           0       0.000 gal
  A26-00               JUNCTION      0.00     0.00     0  00:00           0           0       0.000 gal
  A27-00               JUNCTION      0.00     0.00     0  00:00           0           0       0.000 gal
  A28-00               JUNCTION      0.00     0.00     0  00:00           0           0       0.000 gal
  A29-00               JUNCTION      0.00     0.00     0  00:00           0           0       0.000 gal
  A30-00               JUNCTION      0.00     0.00     0  00:00           0           0       0.000 gal
  A31-00               JUNCTION      0.00     0.00     0  00:00           0           0       0.000 gal
  A32-00               JUNCTION      0.00     0.00     0  00:00           0           0       0.000 gal
  A33-00               JUNCTION      0.00     0.00     0  00:00           0           0       0.000 gal
  A34-00               JUNCTION      0.00     0.00     0  00:00           0           0       0.000 gal
  A35-00               JUNCTION      0.00     0.00     0  00:00           0           0       0.000 gal
  A36-00               JUNCTION      0.00     0.00     0  00:00           0           0       0.000 gal
  A37-00               JUNCTION      0.00     0.00     0  00:00           0           0       0.000 gal
  A38-00               JUNCTION      0.00     0.00     0  00:00           0           0       0.000 gal
  A39-00               JUNCTION      0.00     0.00     0  00:00           0           0       0.000 gal
  A40-00               JUNCTION      0.00     0.00     0  00:00           0           0       0.000 gal
  A41-00               JUNCTION      0.00     0.00     0  00:00           0           0       0.000 gal
  A35-02               JUNCTION      0.00     0.00     0  00:00           0           0       0.000 gal
  A68-00               JUNCTION      0.00     0.00     0  00:00           0           0       0.000 gal
  A39-02               JUNCTION      0.00     0.00     0  00:00           0           0       0.000 gal
  A72-00               JUNCTION      0.00     0.00     0  00:00           0           0       0.000 gal
  A45-00               JUNCTION      0.00     0.00     0  00:00           0           0       0.000 gal
  A44-02               JUNCTION      0.00     0.00     0  00:00           0           0       0.000 gal
  A44-01               JUNCTION      0.00     0.00     0  00:00           0           0       0.000 gal
  A44-00               JUNCTION      0.00     0.00     0  00:00           0           0       0.000 gal
  O26-00               JUNCTION      0.00     0.00     0  00:00           0           0       0.000 gal
  O26-CP4              JUNCTION      0.00     0.00     0  00:00           0           0       0.000 gal
  O25-00               JUNCTION      0.00     0.00     0  00:00           0           0       0.000 gal
  O24-00               JUNCTION      0.00     0.00     0  00:00           0           0       0.000 gal
  O23-00               JUNCTION      0.00     0.00     0  00:00           0           0       0.000 gal
  O22-00               JUNCTION      0.00     0.00     0  00:00           0           0       0.000 gal
  O21-00               JUNCTION      0.00     0.00     0  00:00           0           0       0.000 gal
  O20-00               JUNCTION      0.00     0.00     0  00:00           0           0       0.000 gal
  O19-00               JUNCTION      0.00     0.00     0  00:00           0           0       0.000 gal
  O18-00               JUNCTION      0.00     0.00     0  00:00           0           0       0.000 gal
  O17-00               JUNCTION      0.00     0.00     0  00:00           0           0       0.000 gal
  O16-00               JUNCTION      0.00     0.00     0  00:00           0           0       0.000 gal
  O15-00               JUNCTION      0.00     0.00     0  00:00           0           0       0.000 gal
  O23-02               JUNCTION      0.00     0.00     0  00:00           0           0       0.000 gal
  O04-00               JUNCTION      0.00     0.00     0  00:00           0           0       0.000 gal
  M41-VOR              JUNCTION      0.00     0.00     0  00:00           0           0       0.000 gal
  A62-01               JUNCTION      0.00     0.00     0  00:00           0           0       0.000 gal
  O07-00               JUNCTION      0.00     0.00     0  00:00           0           0       0.000 gal
  O07-02               JUNCTION      0.00     0.00     0  00:00           0           0       0.000 gal
  O06-00               JUNCTION      0.00     0.00     0  00:00           0           0       0.000 gal
  O07-04               JUNCTION      0.00     0.00     0  00:00           0           0       0.000 gal
  A42A-02              JUNCTION      0.00     0.00     0  00:00           0           0       0.000 gal
  A42A-04              JUNCTION      0.00     0.00     0  00:00           0           0       0.000 gal
  A42A-06              JUNCTION      0.00     0.00     0  00:00           0           0       0.000 gal
  A42A-10              JUNCTION      0.00     0.00     0  00:00           0           0       0.000 gal
  A42A-12              JUNCTION      0.00     0.00     0  00:00           0           0       0.000 gal
  A42A-14              JUNCTION      0.00     0.00     0  00:00           0           0       0.000 gal
  A42A-16              JUNCTION      0.00     0.00     0  00:00           0           0       0.000 gal
  A42A-20              JUNCTION      0.00     0.00     0  00:00           0           0       0.000 gal
  A42A-22              JUNCTION      0.00     0.00     0  00:00           0           0       0.000 gal
  A42A-24              JUNCTION      0.00     0.00     0  00:00           0           0       0.000 gal
  A42-04               JUNCTION      0.00     0.00     0  00:00           0           0       0.000 gal
  A42-06               JUNCTION      0.00     0.00     0  00:00           0           0       0.000 gal
  A42-08               JUNCTION      0.00     0.00     0  00:00           0           0       0.000 gal
  A42-10               JUNCTION      0.00     0.00     0  00:00           0           0       0.000 gal
  A42-12               JUNCTION      0.00     0.00     0  00:00           0           0       0.000 gal
  A42-20               JUNCTION      0.00     0.00     0  00:00           0           0       0.000 gal
  A42-22               JUNCTION      0.00     0.00     0  00:00           0           0       0.000 gal
  A42-26               JUNCTION      0.00     0.00     0  00:00           0           0       0.000 gal
  A42-28               JUNCTION      0.00     0.00     0  00:00           0           0       0.000 gal
  A42-30               JUNCTION      0.00     0.00     0  00:00           0           0       0.000 gal
  A42-32               JUNCTION      0.00     0.00     0  00:00           0           0       0.000 gal
  A42-34               JUNCTION      0.00     0.00     0  00:00           0           0       0.000 gal
  A42-36               JUNCTION      0.00     0.00     0  00:00           0           0       0.000 gal
  A42-40               JUNCTION      0.00     0.00     0  00:00           0           0       0.000 gal
  A42-42               JUNCTION      0.00     0.00     0  00:00           0           0       0.000 gal
  A42-44               JUNCTION      0.00     0.00     0  00:00           0           0       0.000 gal
  A42-46               JUNCTION      0.00     0.00     0  00:00           0           0       0.000 gal
  A42-48               JUNCTION      0.00     0.00     0  00:00           0           0       0.000 gal
  A42-50               JUNCTION      0.00     0.00     0  00:00           0           0       0.000 gal
  A42-52               JUNCTION      0.00     0.00     0  00:00           0           0       0.000 gal
  A42-54               JUNCTION      0.00     0.00     0  00:00           0           0       0.000 gal
  A42-56               JUNCTION      0.00     0.00     0  00:00           0           0       0.000 gal
  A42-58               JUNCTION      0.00     0.00     0  00:00           0           0       0.000 gal
  A42-60               JUNCTION      0.22     0.22     0  00:00       0.142       0.142       0.000
  C55-00               JUNCTION      0.00     0.00     0  00:00           0           0       0.000 gal
  C54-18               JUNCTION      0.00     0.00     0  00:00           0           0       0.000 gal
  C54-16               JUNCTION      0.00     0.00     0  00:00           0           0       0.000 gal
  C54-20               JUNCTION      0.00     0.00     0  00:00           0           0       0.000 gal
  C54-22               JUNCTION      0.00     0.00     0  00:00           0           0       0.000 gal
  C54-30               JUNCTION      0.00     0.00     0  00:00           0           0       0.000 gal
  USC                  JUNCTION      0.00     0.00     0  00:00           0           0       0.000 gal
  USC-SIPH             JUNCTION      0.00     0.00     0  00:00           0           0       0.000 gal
  C54-14               JUNCTION      0.00     0.00     0  00:00           0           0       0.000 gal
  C54-12               JUNCTION      0.00     0.00     0  00:00           0           0       0.000 gal
  C54-06               JUNCTION      0.00     0.00     0  00:00           0           0       0.000 gal
  CKH-CP2              JUNCTION      0.00     0.00     0  00:00           0           0       0.000 gal
  C54-02               JUNCTION      0.00     0.00     0  00:00           0           0       0.000 gal
  C54-00               JUNCTION      0.00     0.00     0  00:00           0           0       0.000 gal
  C53-10               JUNCTION      0.00     0.00     0  00:00           0           0       0.000 gal
  MCL-CP2              JUNCTION      0.00     0.00     0  00:00           0           0       0.000 gal
  CHR-470              JUNCTION      0.00     0.00     0  00:00           0           0       0.000 gal
  C51-CP2              JUNCTION      0.00     0.00     0  00:00           0           0       0.000 gal
  C45B-08              JUNCTION      0.00     0.00     0  00:00           0           0       0.000 gal
  C52-CP2              JUNCTION      0.00     0.00     0  00:00           0           0       0.000 gal
  C46-02               JUNCTION      0.00     0.00     0  00:00           0           0       0.000 gal
  C46-CP2              JUNCTION      0.00     0.00     0  00:00           0           0       0.000 gal
  C51-06               JUNCTION      0.00     0.00     0  00:00           0           0       0.000 gal
  C45B-04              JUNCTION      0.00     0.00     0  00:00           0           0       0.000 gal
  C51-04               JUNCTION      0.00     0.00     0  00:00           0           0       0.000 gal
  C52-02               JUNCTION      0.00     0.00     0  00:00           0           0       0.000 gal
  C51-02               JUNCTION      0.00     0.00     0  00:00           0           0       0.000 gal
  C45B-02              JUNCTION      0.00     0.00     0  00:00           0           0       0.000 gal
  C45B-00              JUNCTION      0.00     0.00     0  00:00           0           0       0.000 gal
  C45A-00              JUNCTION      0.00     0.00     0  00:00           0           0       0.000 gal
  C45-00               JUNCTION      0.00     0.00     0  00:00           0           0       0.000 gal
  C53-02               JUNCTION      0.00     0.00     0  00:00           0           0       0.000 gal
  C45-CP2              JUNCTION      0.00     0.00     0  00:00           0           0       0.000 gal
  C50B02               JUNCTION      0.00     0.00     0  00:00           0           0       0.000 gal
  CARN-CP2             JUNCTION      0.00     0.00     0  00:00           0           0       0.000 gal
  C50A04               JUNCTION      0.00     0.00     0  00:00           0           0       0.000 gal
  C14-OFP              JUNCTION      0.00     0.00     0  00:00           0           0       0.000 gal
  C50A00               JUNCTION      0.00     0.00     0  00:00           0           0       0.000 gal
  C44-06               JUNCTION      0.00     0.00     0  00:00           0           0       0.000 gal
  C53-00               JUNCTION      0.00     0.00     0  00:00           0           0       0.000 gal
  C50-02               JUNCTION      0.00     0.00     0  00:00           0           0       0.000 gal
  C50B00               JUNCTION      0.00     0.00     0  00:00           0           0       0.000 gal
  C47-OR               JUNCTION      0.00     0.00     0  00:00           0           0       0.000 gal
  C47-00               JUNCTION      0.00     0.00     0  00:00           0           0       0.000 gal
  C41-OFP              JUNCTION      0.00     0.00     0  00:00           0           0       0.000 gal
  C50A-CP2             JUNCTION      0.00     0.00     0  00:00           0           0       0.000 gal
  C41-00               JUNCTION      0.00     0.00     0  00:00           0           0       0.000 gal
  C14-CP2              JUNCTION      0.00     0.00     0  00:00           0           0       0.000 gal
  C38A00-2             JUNCTION      0.00     0.00     0  00:00           0           0       0.000 gal
  C44-00               JUNCTION      0.00     0.00     0  00:00           0           0       0.000 gal
  C38B00-2             JUNCTION      0.00     0.00     0  00:00           0           0       0.000 gal
  C44-OR               JUNCTION      0.00     0.00     0  00:00           0           0       0.000 gal
  C49-00               JUNCTION      0.00     0.00     0  00:00           0           0       0.000 gal
  C43-00               JUNCTION      0.00     0.00     0  00:00           0           0       0.000 gal
  C43-02               JUNCTION      0.00     0.00     0  00:00           0           0       0.000 gal
  C13A-OFP             JUNCTION      0.00     0.00     0  00:00           0           0       0.000 gal
  C42-02               JUNCTION      0.00     0.00     0  00:00           0           0       0.000 gal
  C38A00               JUNCTION      0.00     0.00     0  00:00           0           0       0.000 gal
  C48A02               JUNCTION      0.00     0.00     0  00:00           0           0       0.000 gal
  C38B00               JUNCTION      0.00     0.00     0  00:00           0           0       0.000 gal
  C48A02-2             JUNCTION      0.00     0.00     0  00:00           0           0       0.000 gal
  C48A02-4             JUNCTION      0.00     0.00     0  00:00           0           0       0.000 gal
  C38-OFP              JUNCTION      0.00     0.00     0  00:00           0           0       0.000 gal
  C38-CP2              JUNCTION      0.00     0.00     0  00:00           0           0       0.000 gal
  C38-00               JUNCTION      0.00     0.00     0  00:00           0           0       0.000 gal
  C48A06               JUNCTION      0.00     0.00     0  00:00           0           0       0.000 gal
  C41-02               JUNCTION      0.00     0.00     0  00:00           0           0       0.000 gal
  C14-00               JUNCTION      0.00     0.00     0  00:00           0           0       0.000 gal
  C13A10               JUNCTION      0.00     0.00     0  00:00           0           0       0.000 gal
  C39-00               JUNCTION      0.00     0.00     0  00:00           0           0       0.000 gal
  C49-CP2              JUNCTION      0.00     0.00     0  00:00           0           0       0.000 gal
  C37-00               JUNCTION      0.00     0.00     0  00:00           0           0       0.000 gal
  C37-CP2              JUNCTION      0.00     0.00     0  00:00           0           0       0.000 gal
  C48A06-2             JUNCTION      0.00     0.00     0  00:00           0           0       0.000 gal
  C36-OFP              JUNCTION      0.00     0.00     0  00:00           0           0       0.000 gal
  C41-CP2              JUNCTION      0.00     0.00     0  00:00           0           0       0.000 gal
  C13A02               JUNCTION      0.00     0.00     0  00:00           0           0       0.000 gal
  C14-08               JUNCTION      0.00     0.00     0  00:00           0           0       0.000 gal
  C13A00               JUNCTION      0.00     0.00     0  00:00           0           0       0.000 gal
  90710                JUNCTION      0.00     0.00     0  00:00           0           0       0.000 gal
  90711                JUNCTION      0.00     0.00     0  00:00           0           0       0.000 gal
  C36-00               JUNCTION      0.00     0.00     0  00:00           0           0       0.000 gal
  C13-26               JUNCTION      0.00     0.00     0  00:00           0           0       0.000 gal
  C15-OFP              JUNCTION      0.00     0.00     0  00:00           0           0       0.000 gal
  C36-CP2              JUNCTION      0.00     0.00     0  00:00           0           0       0.000 gal
  C37-OFP              JUNCTION      0.00     0.00     0  00:00           0           0       0.000 gal
  C15-CP2              JUNCTION      0.00     0.00     0  00:00           0           0       0.000 gal
  C15-00               JUNCTION      0.00     0.00     0  00:00           0           0       0.000 gal
  C16-00               JUNCTION      0.00     0.00     0  00:00           0           0       0.000 gal
  O16-CP               JUNCTION      0.00     0.00     0  00:00           0           0       0.000 gal
  C33-02               JUNCTION      0.00     0.00     0  00:00           0           0       0.000 gal
  C39-OR               JUNCTION      0.00     0.00     0  00:00           0           0       0.000 gal
  C24-CP2              JUNCTION      0.00     0.00     0  00:00           0           0       0.000 gal
  C35-CP2              JUNCTION      0.00     0.00     0  00:00           0           0       0.000 gal
  C33-00               JUNCTION      0.00     0.00     0  00:00           0           0       0.000 gal
  C33-CP2              JUNCTION      0.00     0.00     0  00:00           0           0       0.000 gal
  C17-00               JUNCTION      0.00     0.00     0  00:00           0           0       0.000 gal
  C34-00               JUNCTION      0.00     0.00     0  00:00           0           0       0.000 gal
  C34-CP2              JUNCTION      0.00     0.00     0  00:00           0           0       0.000 gal
  C24-00               JUNCTION      0.00     0.00     0  00:00           0           0       0.000 gal
  C18-00               JUNCTION      0.00     0.00     0  00:00           0           0       0.000 gal
  C25-00               JUNCTION      0.00     0.00     0  00:00           0           0       0.000 gal
  C23-06               JUNCTION      0.00     0.00     0  00:00           0           0       0.000 gal
  KEN-CP2              JUNCTION      0.00     0.00     0  00:00           0           0       0.000 gal
  C25-CP2              JUNCTION      0.00     0.00     0  00:00           0           0       0.000 gal
  C25-OFP              JUNCTION      0.00     0.00     0  00:00           0           0       0.000 gal
  C19-CP2              JUNCTION      0.00     0.00     0  00:00           0           0       0.000 gal
  C31-06               JUNCTION      0.00     0.00     0  00:00           0           0       0.000 gal
  C19-00               JUNCTION      0.00     0.00     0  00:00           0           0       0.000 gal
  C31-00               JUNCTION      0.00     0.00     0  00:00           0           0       0.000 gal
  C20-CP2              JUNCTION      0.00     0.00     0  00:00           0           0       0.000 gal
  C13-18               JUNCTION      0.00     0.00     0  00:00           0           0       0.000 gal
  C30-04               JUNCTION      0.00     0.00     0  00:00           0           0       0.000 gal
  C30-02               JUNCTION      0.00     0.00     0  00:00           0           0       0.000 gal
  C13-12               JUNCTION      0.00     0.00     0  00:00           0           0       0.000 gal
  C26-00               JUNCTION      0.00     0.00     0  00:00           0           0       0.000 gal
  C30-00               JUNCTION      0.00     0.00     0  00:00           0           0       0.000 gal
  O01-CP               JUNCTION      0.00     0.00     0  00:00           0           0       0.000 gal
  O01-02               JUNCTION      0.00     0.00     0  00:00           0           0       0.000 gal
  C26-02               JUNCTION      0.00     0.00     0  00:00           0           0       0.000 gal
  C29-02               JUNCTION      0.00     0.00     0  00:00           0           0       0.000 gal
  O01-08               JUNCTION      0.00     0.00     0  00:00           0           0       0.000 gal
  O01-10               JUNCTION      0.00     0.00     0  00:00           0           0       0.000 gal
  C29-00               JUNCTION      0.00     0.00     0  00:00           0           0       0.000 gal
  C28-00               JUNCTION      0.00     0.00     0  00:00           0           0       0.000 gal
  C30-CP2              JUNCTION      0.00     0.00     0  00:00           0           0       0.000 gal
  C27-00               JUNCTION      0.00     0.00     0  00:00           0           0       0.000 gal
  C23-04               JUNCTION      0.00     0.00     0  00:00           0           0       0.000 gal
  C21-08               JUNCTION      0.00     0.00     0  00:00           0           0       0.000 gal
  C22-02               JUNCTION      0.00     0.00     0  00:00           0           0       0.000 gal
  C21-OFP              JUNCTION      0.00     0.00     0  00:00           0           0       0.000 gal
  C21-00               JUNCTION      0.00     0.00     0  00:00           0           0       0.000 gal
  C26A04               JUNCTION      0.00     0.00     0  00:00           0           0       0.000 gal
  O01-16               JUNCTION      0.00     0.00     0  00:00           0           0       0.000 gal
  C26A00               JUNCTION      0.00     0.00     0  00:00           0           0       0.000 gal
  C13-00               JUNCTION      0.00     0.00     0  00:00           0           0       0.000 gal
  C13-04               JUNCTION      0.00     0.00     0  00:00           0           0       0.000 gal
  C22-OFP              JUNCTION      0.00     0.00     0  00:00           0           0       0.000 gal
  C22-00               JUNCTION      0.00     0.00     0  00:00           0           0       0.000 gal
  O02-CP               JUNCTION      0.00     0.00     0  00:00           0           0       0.000 gal
  C23-00               JUNCTION      0.00     0.00     0  00:00           0           0       0.000 gal
  C12-02               JUNCTION      0.00     0.00     0  00:00           0           0       0.000 gal
  O02-00               JUNCTION      0.00     0.00     0  00:00           0           0       0.000 gal
  C30-OFP              JUNCTION      0.00     0.00     0  00:00           0           0       0.000 gal
  C12-00               JUNCTION      0.00     0.00     0  00:00           0           0       0.000 gal
  C29-CP2              JUNCTION      0.00     0.00     0  00:00           0           0       0.000 gal
  O03-02               JUNCTION      0.00     0.00     0  00:00           0           0       0.000 gal
  C23-OFP              JUNCTION      0.00     0.00     0  00:00           0           0       0.000 gal
  C27-CP2              JUNCTION      0.00     0.00     0  00:00           0           0       0.000 gal
  C29-OFP              JUNCTION      0.00     0.00     0  00:00           0           0       0.000 gal
  O03-00               JUNCTION      0.00     0.00     0  00:00           0           0       0.000 gal
  O03-OFP              JUNCTION      0.00     0.00     0  00:00           0           0       0.000 gal
  C11-02               JUNCTION      0.00     0.00     0  00:00           0           0       0.000 gal
  C11-00               JUNCTION      0.00     0.00     0  00:00           0           0       0.000 gal
  C10-00               JUNCTION      0.00     0.00     0  00:00           0           0       0.000 gal
  C27-OFP              JUNCTION      0.00     0.00     0  00:00           0           0       0.000 gal
  C10-02               JUNCTION      0.00     0.00     0  00:00           0           0       0.000 gal
  O03-06               JUNCTION      0.00     0.00     0  00:00           0           0       0.000 gal
  C28-CP2              JUNCTION      0.00     0.00     0  00:00           0           0       0.000 gal
  O05-OFP              JUNCTION      0.00     0.00     0  00:00           0           0       0.000 gal
  O05-CP2              JUNCTION      0.00     0.00     0  00:00           0           0       0.000 gal
  O05-00               JUNCTION      0.00     0.00     0  00:00           0           0       0.000 gal
  O05-CP4              JUNCTION      0.00     0.00     0  00:00           0           0       0.000 gal
  O05-02               JUNCTION      0.00     0.00     0  00:00           0           0       0.000 gal
  O05A-CP              JUNCTION      0.00     0.00     0  00:00           0           0       0.000 gal
  O05A00               JUNCTION      0.00     0.00     0  00:00           0           0       0.000 gal
  C08-04               JUNCTION      0.00     0.00     0  00:00           0           0       0.000 gal
  C07-00               JUNCTION      0.00     0.00     0  00:00           0           0       0.000 gal
  C08-C09              JUNCTION      0.00     0.00     0  00:00           0           0       0.000 gal
  O05B00               JUNCTION      0.00     0.00     0  00:00           0           0       0.000 gal
  C06-OR               JUNCTION      0.00     0.00     0  00:00           0           0       0.000 gal
  C06-00               JUNCTION      0.00     0.00     0  00:00           0           0       0.000 gal
  C05A-OFP             JUNCTION      0.00     0.00     0  00:00           0           0       0.000 gal
  C05A00               JUNCTION      0.00     0.00     0  00:00           0           0       0.000 gal
  C05A02               JUNCTION      0.00     0.00     0  00:00           0           0       0.000 gal
  C04-00               JUNCTION      0.00     0.00     0  00:00           0           0       0.000 gal
  C03A00               JUNCTION      0.00     0.00     0  00:00           0           0       0.000 gal
  C03-00               JUNCTION      0.00     0.00     0  00:00           0           0       0.000 gal
  O08-00               JUNCTION      0.00     0.00     0  00:00           0           0       0.000 gal
  O09-00               JUNCTION      0.00     0.00     0  00:00           0           0       0.000 gal
  O09-OR               JUNCTION      0.00     0.00     0  00:00           0           0       0.000 gal
  O09-02               JUNCTION      0.00     0.00     0  00:00           0           0       0.000 gal
  O09-04               JUNCTION      0.00     0.00     0  00:00           0           0       0.000 gal
  O08-CP2              JUNCTION      0.00     0.00     0  00:00           0           0       0.000 gal
  O10A00               JUNCTION      0.00     0.00     0  00:00           0           0       0.000 gal
  O09-06               JUNCTION      0.00     0.00     0  00:00           0           0       0.000 gal
  O10-00               JUNCTION      0.00     0.00     0  00:00           0           0       0.000 gal
  O10-OFP              JUNCTION      0.00     0.00     0  00:00           0           0       0.000 gal
  COR-PS               JUNCTION      0.00     0.00     0  00:00           0           0       0.000 gal
  O13-00               JUNCTION      0.00     0.00     0  00:00           0           0       0.000 gal
  O26A-OFP             JUNCTION      0.00     0.00     0  00:00           0           0       0.000 gal
  S-46-10              JUNCTION      0.00     0.00     0  00:00           0           0       0.000 gal
  S-46-08              JUNCTION      0.00     0.00     0  00:00           0           0       0.000 gal
  SMR-40               JUNCTION      0.00     0.00     0  00:00           0           0       0.000 gal
  SMR40OFP             JUNCTION      0.00     0.00     0  00:00           0           0       0.000 gal
  S-46-06              JUNCTION      0.00     0.00     0  00:00           0           0       0.000 gal
  SMR40CP1             JUNCTION      0.00     0.00     0  00:00           0           0       0.000 gal
  S-42                 JUNCTION      0.00     0.00     0  00:00           0           0       0.000 gal
  S-42-OFP             JUNCTION      0.00     0.00     0  00:00           0           0       0.000 gal
  S-42A                JUNCTION      0.00     0.00     0  00:00           0           0       0.000 gal
  S42A-OFP             JUNCTION      0.00     0.00     0  00:00           0           0       0.000 gal
  S-42-CP1             JUNCTION      0.00     0.00     0  00:00           0           0       0.000 gal
  S-42-00              JUNCTION      0.00     0.00     0  00:00           0           0       0.000 gal
  SMR40-00             JUNCTION      0.00     0.00     0  00:00           0           0       0.000 gal
  O-14N-24             JUNCTION      0.00     0.00     0  00:00           0           0       0.000 gal
  O-14N-22             JUNCTION      0.00     0.00     0  00:00           0           0       0.000 gal
  O-14N-26             JUNCTION      0.00     0.00     0  00:00           0           0       0.000 gal
  S-46-04              JUNCTION      0.00     0.00     0  00:00           0           0       0.000 gal
  S-42-02              JUNCTION      0.00     0.00     0  00:00           0           0       0.000 gal
  S-46-02              JUNCTION      0.00     0.00     0  00:00           0           0       0.000 gal
  S-46                 JUNCTION      0.00     0.00     0  00:00           0           0       0.000 gal
  3-A-04               JUNCTION      0.00     0.00     0  00:00           0           0       0.000 gal
  3-A-02               JUNCTION      0.00     0.00     0  00:00           0           0       0.000 gal
  O-14N-20             JUNCTION      0.00     0.00     0  00:00           0           0       0.000 gal
  S-42-04              JUNCTION      0.00     0.00     0  00:00           0           0       0.000 gal
  2-A                  JUNCTION      0.00     0.00     0  00:00           0           0       0.000 gal
  2-A-02               JUNCTION      0.00     0.00     0  00:00           0           0       0.000 gal
  O-14N-18             JUNCTION      0.00     0.00     0  00:00           0           0       0.000 gal
  S18-98               JUNCTION      0.00     0.00     0  00:00           0           0       0.000 gal
  S18-96               JUNCTION      0.00     0.00     0  00:00           0           0       0.000 gal
  O-14N-16             JUNCTION      0.00     0.00     0  00:00           0           0       0.000 gal
  S18-94               JUNCTION      0.00     0.00     0  00:00           0           0       0.000 gal
  S18-100              JUNCTION      0.00     0.00     0  00:00           0           0       0.000 gal
  3-A                  JUNCTION      0.00     0.00     0  00:00           0           0       0.000 gal
  S18-102              JUNCTION      0.00     0.00     0  00:00           0           0       0.000 gal
  S18-92               JUNCTION      0.00     0.00     0  00:00           0           0       0.000 gal
  O-14N-14             JUNCTION      0.00     0.00     0  00:00           0           0       0.000 gal
  S18-104              JUNCTION      0.00     0.00     0  00:00           0           0       0.000 gal
  O-14-10              JUNCTION      0.00     0.00     0  00:00           0           0       0.000 gal
  S18-106              JUNCTION      0.00     0.00     0  00:00           0           0       0.000 gal
  S18-108              JUNCTION      0.00     0.00     0  00:00           0           0       0.000 gal
  O-14-08              JUNCTION      0.00     0.00     0  00:00           0           0       0.000 gal
  S18-110              JUNCTION      0.00     0.00     0  00:00           0           0       0.000 gal
  S18-90               JUNCTION      0.00     0.00     0  00:00           0           0       0.000 gal
  O-14-06              JUNCTION      0.00     0.00     0  00:00           0           0       0.000 gal
  S18-112              JUNCTION      0.00     0.00     0  00:00           0           0       0.000 gal
  S18-114              JUNCTION      0.00     0.00     0  00:00           0           0       0.000 gal
  S18-88               JUNCTION      0.00     0.00     0  00:00           0           0       0.000 gal
  S-41-CP1             JUNCTION      0.00     0.00     0  00:00           0           0       0.000 gal
  S-41                 JUNCTION      0.00     0.00     0  00:00           0           0       0.000 gal
  S-41-00              JUNCTION      0.00     0.00     0  00:00           0           0       0.000 gal
  S18-86               JUNCTION      0.00     0.00     0  00:00           0           0       0.000 gal
  S18-84               JUNCTION      0.00     0.00     0  00:00           0           0       0.000 gal
  O-14N-28             JUNCTION      0.00     0.00     0  00:00           0           0       0.000 gal
  S18-82               JUNCTION      0.00     0.00     0  00:00           0           0       0.000 gal
  O-14N-12             JUNCTION      0.00     0.00     0  00:00           0           0       0.000 gal
  O-14N-10             JUNCTION      0.00     0.00     0  00:00           0           0       0.000 gal
  O-14N-08             JUNCTION      0.00     0.00     0  00:00           0           0       0.000 gal
  S18-80               JUNCTION      0.00     0.00     0  00:00           0           0       0.000 gal
  O-14N-06             JUNCTION      0.00     0.00     0  00:00           0           0       0.000 gal
  SMR-50               JUNCTION      0.00     0.00     0  00:00           0           0       0.000 gal
  S18-78               JUNCTION      0.00     0.00     0  00:00           0           0       0.000 gal
  S-41-02              JUNCTION      0.00     0.00     0  00:00           0           0       0.000 gal
  S-41-04              JUNCTION      0.00     0.00     0  00:00           0           0       0.000 gal
  S-40-00              JUNCTION      0.00     0.00     0  00:00           0           0       0.000 gal
  S-40                 JUNCTION      0.00     0.00     0  00:00           0           0       0.000 gal
  O-14-04              JUNCTION      0.00     0.00     0  00:00           0           0       0.000 gal
  S-40-OFP             JUNCTION      0.00     0.00     0  00:00           0           0       0.000 gal
  O-14N-04             JUNCTION      0.00     0.00     0  00:00           0           0       0.000 gal
  O-14N-02             JUNCTION      0.00     0.00     0  00:00           0           0       0.000 gal
  O14-WEST             JUNCTION      0.00     0.00     0  00:00           0           0       0.000 gal
  O14-EAST             JUNCTION      0.00     0.00     0  00:00           0           0       0.000 gal
  S18-76               JUNCTION      0.00     0.00     0  00:00           0           0       0.000 gal
  S-41-06              JUNCTION      0.00     0.00     0  00:00           0           0       0.000 gal
  S-40-02              JUNCTION      0.00     0.00     0  00:00           0           0       0.000 gal
  S18-74               JUNCTION      0.00     0.00     0  00:00           0           0       0.000 gal
  S18-72               JUNCTION      0.00     0.00     0  00:00           0           0       0.000 gal
  S-40-04              JUNCTION      0.00     0.00     0  00:00           0           0       0.000 gal
  S18-70               JUNCTION      0.00     0.00     0  00:00           0           0       0.000 gal
  S-41-08              JUNCTION      0.00     0.00     0  00:00           0           0       0.000 gal
  S-40-06              JUNCTION      0.00     0.00     0  00:00           0           0       0.000 gal
  S-41-10              JUNCTION      0.00     0.00     0  00:00           0           0       0.000 gal
  S-41-12              JUNCTION      0.00     0.00     0  00:00           0           0       0.000 gal
  S18-68               JUNCTION      0.00     0.00     0  00:00           0           0       0.000 gal
  S-40-08              JUNCTION      0.00     0.00     0  00:00           0           0       0.000 gal
  S18-66               JUNCTION      0.00     0.00     0  00:00           0           0       0.000 gal
  S-41-14              JUNCTION      0.00     0.00     0  00:00           0           0       0.000 gal
  S-40-10              JUNCTION      0.00     0.00     0  00:00           0           0       0.000 gal
  S-39-00              JUNCTION      0.00     0.00     0  00:00           0           0       0.000 gal
  S-39-CP1             JUNCTION      0.00     0.00     0  00:00           0           0       0.000 gal
  S-39                 JUNCTION      0.00     0.00     0  00:00           0           0       0.000 gal
  S18-64               JUNCTION      0.00     0.00     0  00:00           0           0       0.000 gal
  S-39-02              JUNCTION      0.00     0.00     0  00:00           0           0       0.000 gal
  S-40-12              JUNCTION      0.00     0.00     0  00:00           0           0       0.000 gal
  1-A                  JUNCTION      0.00     0.00     0  00:00           0           0       0.000 gal
  S-40-13              JUNCTION      0.00     0.00     0  00:00           0           0       0.000 gal
  1-A-02               JUNCTION      0.00     0.00     0  00:00           0           0       0.000 gal
  MH26A                JUNCTION      0.00     0.00     0  00:00           0           0       0.000 gal
  MH26A-02             JUNCTION      0.00     0.00     0  00:00           0           0       0.000 gal
  S-40-14              JUNCTION      0.00     0.00     0  00:00           0           0       0.000 gal
  S18-62               JUNCTION      0.00     0.00     0  00:00           0           0       0.000 gal
  S-38-00              JUNCTION      0.00     0.00     0  00:00           0           0       0.000 gal
  MH26A-04             JUNCTION      0.00     0.00     0  00:00           0           0       0.000 gal
  S-38                 JUNCTION      0.00     0.00     0  00:00           0           0       0.000 gal
  S18-60               JUNCTION      0.00     0.00     0  00:00           0           0       0.000 gal
  S38-OFP              JUNCTION      0.00     0.00     0  00:00           0           0       0.000 gal
  MH26A-06             JUNCTION      0.00     0.00     0  00:00           0           0       0.000 gal
  S18-58               JUNCTION      0.00     0.00     0  00:00           0           0       0.000 gal
  ACSA-OFP             JUNCTION      0.00     0.00     0  00:00           0           0       0.000 gal
  S18-56               JUNCTION      0.00     0.00     0  00:00           0           0       0.000 gal
  S36                  JUNCTION      0.00     0.00     0  00:00           0           0       0.000 gal
  S36-CP2              JUNCTION      0.00     0.00     0  00:00           0           0       0.000 gal
  S18-54               JUNCTION      0.00     0.00     0  00:00           0           0       0.000 gal
  S35                  JUNCTION      0.00     0.00     0  00:00           0           0       0.000 gal
  S34-CP2              JUNCTION      0.00     0.00     0  00:00           0           0       0.000 gal
  S34                  JUNCTION      0.00     0.00     0  00:00           0           0       0.000 gal
  S36-CP4              JUNCTION      0.00     0.00     0  00:00           0           0       0.000 gal
  S33                  JUNCTION      0.00     0.00     0  00:00           0           0       0.000 gal
  S33-CP2              JUNCTION      0.00     0.00     0  00:00           0           0       0.000 gal
  S33-OR               JUNCTION      0.00     0.00     0  00:00           0           0       0.000 gal
  S18-52               JUNCTION      0.00     0.00     0  00:00           0           0       0.000 gal
  S35-CP2              JUNCTION      0.00     0.00     0  00:00           0           0       0.000 gal
  S18-50               JUNCTION      0.00     0.00     0  00:00           0           0       0.000 gal
  S18-48               JUNCTION      0.00     0.00     0  00:00           0           0       0.000 gal
  S18-46               JUNCTION      0.00     0.00     0  00:00           0           0       0.000 gal
  S18-44               JUNCTION      0.00     0.00     0  00:00           0           0       0.000 gal
  S32                  JUNCTION      0.00     0.00     0  00:00           0           0       0.000 gal
  S32-CP2              JUNCTION      0.00     0.00     0  00:00           0           0       0.000 gal
  S29-OFP              JUNCTION      0.00     0.00     0  00:00           0           0       0.000 gal
  S31                  JUNCTION      0.00     0.00     0  00:00           0           0       0.000 gal
  S31-CP4              JUNCTION      0.00     0.00     0  00:00           0           0       0.000 gal
  S31-CP2              JUNCTION      0.00     0.00     0  00:00           0           0       0.000 gal
  S18-42               JUNCTION      0.00     0.00     0  00:00           0           0       0.000 gal
  S30                  JUNCTION      0.00     0.00     0  00:00           0           0       0.000 gal
  S30-CP2              JUNCTION      0.00     0.00     0  00:00           0           0       0.000 gal
  S18-40               JUNCTION      0.00     0.00     0  00:00           0           0       0.000 gal
  S30-CP4              JUNCTION      0.00     0.00     0  00:00           0           0       0.000 gal
  S29-CP2              JUNCTION      0.00     0.00     0  00:00           0           0       0.000 gal
  S29                  JUNCTION      0.00     0.00     0  00:00           0           0       0.000 gal
  S18-38               JUNCTION      0.00     0.00     0  00:00           0           0       0.000 gal
  S18-36               JUNCTION      0.00     0.00     0  00:00           0           0       0.000 gal
  S18-34               JUNCTION      0.00     0.00     0  00:00           0           0       0.000 gal
  S18-32               JUNCTION      0.00     0.00     0  00:00           0           0       0.000 gal
  S28                  JUNCTION      0.00     0.00     0  00:00           0           0       0.000 gal
  S28-02               JUNCTION      0.00     0.00     0  00:00           0           0       0.000 gal
  S28-CP2              JUNCTION      0.00     0.00     0  00:00           0           0       0.000 gal
  S18-30               JUNCTION      0.00     0.00     0  00:00           0           0       0.000 gal
  S18-28               JUNCTION      0.00     0.00     0  00:00           0           0       0.000 gal
  S24                  JUNCTION      0.00     0.00     0  00:00           0           0       0.000 gal
  S24-OFP              JUNCTION      0.00     0.00     0  00:00           0           0       0.000 gal
  S18-26               JUNCTION      0.00     0.00     0  00:00           0           0       0.000 gal
  S18-24               JUNCTION      0.00     0.00     0  00:00           0           0       0.000 gal
  S24-CP2              JUNCTION      0.00     0.00     0  00:00           0           0       0.000 gal
  S18-22               JUNCTION      0.00     0.00     0  00:00           0           0       0.000 gal
  S28-04               JUNCTION      0.00     0.00     0  00:00           0           0       0.000 gal
  S18-20               JUNCTION      0.00     0.00     0  00:00           0           0       0.000 gal
  S24-00               JUNCTION      0.00     0.00     0  00:00           0           0       0.000 gal
  S24-02               JUNCTION      0.00     0.00     0  00:00           0           0       0.000 gal
  S18-18               JUNCTION      0.00     0.00     0  00:00           0           0       0.000 gal
  S24-04               JUNCTION      0.00     0.00     0  00:00           0           0       0.000 gal
  S24-06               JUNCTION      0.00     0.00     0  00:00           0           0       0.000 gal
  S24-08               JUNCTION      0.00     0.00     0  00:00           0           0       0.000 gal
  S23                  JUNCTION      0.00     0.00     0  00:00           0           0       0.000 gal
  S18-16               JUNCTION      0.00     0.00     0  00:00           0           0       0.000 gal
  M06-00               JUNCTION      0.00     0.00     0  00:00           0           0       0.000 gal
  S18-14               JUNCTION      0.00     0.00     0  00:00           0           0       0.000 gal
  S24-28               JUNCTION      0.00     0.00     0  00:00           0           0       0.000 gal
  S24-26               JUNCTION      0.00     0.00     0  00:00           0           0       0.000 gal
  S24-18               JUNCTION      0.00     0.00     0  00:00           0           0       0.000 gal
  S24-10               JUNCTION      0.00     0.00     0  00:00           0           0       0.000 gal
  S24-20               JUNCTION      0.00     0.00     0  00:00           0           0       0.000 gal
  S24-24               JUNCTION      0.00     0.00     0  00:00           0           0       0.000 gal
  S24-22               JUNCTION      0.00     0.00     0  00:00           0           0       0.000 gal
  S24-14               JUNCTION      0.00     0.00     0  00:00           0           0       0.000 gal
  S24-12               JUNCTION      0.00     0.00     0  00:00           0           0       0.000 gal
  S24-16               JUNCTION      0.00     0.00     0  00:00           0           0       0.000 gal
  S18-12               JUNCTION      0.00     0.00     0  00:00           0           0       0.000 gal
  S24-30               JUNCTION      0.00     0.00     0  00:00           0           0       0.000 gal
  S24-32               JUNCTION      0.00     0.00     0  00:00           0           0       0.000 gal
  S18-10               JUNCTION      0.00     0.00     0  00:00           0           0       0.000 gal
  S18-08               JUNCTION      0.00     0.00     0  00:00           0           0       0.000 gal
  S18-06               JUNCTION      0.00     0.00     0  00:00           0           0       0.000 gal
  S18-04               JUNCTION      0.00     0.00     0  00:00           0           0       0.000 gal
  S24-34               JUNCTION      0.00     0.00     0  00:00           0           0       0.000 gal
  S18-02               JUNCTION      0.00     0.00     0  00:00           0           0       0.000 gal
  S18                  JUNCTION      0.00     0.00     0  00:00           0           0       0.000 gal
  S18-CP2              JUNCTION      0.00     0.00     0  00:00           0           0       0.000 gal
  M06-10               JUNCTION      0.00     0.00     0  00:00           0           0       0.000 gal
  M07-00               JUNCTION      0.00     0.00     0  00:00           0           0       0.000 gal
  M08-00               JUNCTION      0.00     0.00     0  00:00           0           0       0.000 gal
  A65-CP               JUNCTION      0.00     0.00     0  00:00           0           0       0.000 gal
  A63-CP               JUNCTION      0.00     0.00     0  00:00           0           0       0.000 gal
  A64-CP               JUNCTION      0.00     0.00     0  00:00           0           0       0.000 gal
  A62-02               JUNCTION      0.00     0.00     0  00:00           0           0       0.000 gal
  A66-CP               JUNCTION      0.00     0.00     0  00:00           0           0       0.000 gal
  A63-00               JUNCTION      0.00     0.00     0  00:00           0           0       0.000 gal
  A64-00               JUNCTION      0.00     0.00     0  00:00           0           0       0.000 gal
  A65-00               JUNCTION      0.00     0.00     0  00:00           0           0       0.000 gal
  A66-00               JUNCTION      0.00     0.00     0  00:00           0           0       0.000 gal
  A66-02               JUNCTION      0.00     0.00     0  00:00           0           0       0.000 gal
  A66-04               JUNCTION      0.00     0.00     0  00:00           0           0       0.000 gal
  A67-00               JUNCTION      0.00     0.00     0  00:00           0           0       0.000 gal
  M32-04               JUNCTION      0.00     0.00     0  00:00           0           0       0.000 gal
  M32-00               JUNCTION      0.00     0.00     0  00:00           0           0       0.000 gal
  M35-02               JUNCTION      0.00     0.00     0  00:00           0           0       0.000 gal
  M35-00               JUNCTION      0.00     0.00     0  00:00           0           0       0.000 gal
  M36-00               JUNCTION      0.00     0.00     0  00:00           0           0       0.000 gal
  M39-00               JUNCTION      0.00     0.00     0  00:00           0           0       0.000 gal
  M40-00               JUNCTION      0.00     0.00     0  00:00           0           0       0.000 gal
  M42-04               JUNCTION      0.00     0.00     0  00:00           0           0       0.000 gal
  M42-02               JUNCTION      0.00     0.00     0  00:00           0           0       0.000 gal
  A69-00               JUNCTION      0.00     0.00     0  00:00           0           0       0.000 gal
  M42-00               JUNCTION      0.00     0.00     0  00:00           0           0       0.000 gal
  A70-CP               JUNCTION      0.00     0.00     0  00:00           0           0       0.000 gal
  A70-00               JUNCTION      0.00     0.00     0  00:00           0           0       0.000 gal
  A70-02               JUNCTION      0.00     0.00     0  00:00           0           0       0.000 gal
  A71-00               JUNCTION      0.00     0.00     0  00:00           0           0       0.000 gal
  A71-CP               JUNCTION      0.00     0.00     0  00:00           0           0       0.000 gal
  M43-02               JUNCTION      0.00     0.00     0  00:00           0           0       0.000 gal
  M43-00               JUNCTION      0.00     0.00     0  00:00           0           0       0.000 gal
  M44-02               JUNCTION      0.00     0.00     0  00:00           0           0       0.000 gal
  A72-CP               JUNCTION      0.00     0.00     0  00:00           0           0       0.000 gal
  M44-00               JUNCTION      0.00     0.00     0  00:00           0           0       0.000 gal
  M45-01               JUNCTION      0.00     0.00     0  00:00           0           0       0.000 gal
  M45-02               JUNCTION      0.00     0.00     0  00:00           0           0       0.000 gal
  M45-00               JUNCTION      0.00     0.00     0  00:00           0           0       0.000 gal
  A72-06               JUNCTION      0.00     0.00     0  00:00           0           0       0.000 gal
  A72-08               JUNCTION      0.00     0.00     0  00:00           0           0       0.000 gal
  A73-00               JUNCTION      0.00     0.00     0  00:00           0           0       0.000 gal
  A73-CP               JUNCTION      0.00     0.00     0  00:00           0           0       0.000 gal
  A74-CP               JUNCTION      0.00     0.00     0  00:00           0           0       0.000 gal
  A74-00               JUNCTION      0.00     0.00     0  00:00           0           0       0.000 gal
  A74A00               JUNCTION      0.00     0.00     0  00:00           0           0       0.000 gal
  A74A02               JUNCTION      0.00     0.00     0  00:00           0           0       0.000 gal
  GUY-02               JUNCTION      0.00     0.00     0  00:00           0           0       0.000 gal
  GUY-04               JUNCTION      0.00     0.00     0  00:00           0           0       0.000 gal
  GUY-06               JUNCTION      0.00     0.00     0  00:00           0           0       0.000 gal
  A75-00               JUNCTION      0.00     0.00     0  00:00           0           0       0.000 gal
  A76-00               JUNCTION      0.00     0.00     0  00:00           0           0       0.000 gal
  A77-00               JUNCTION      0.00     0.00     0  00:00           0           0       0.000 gal
  A75-CP               JUNCTION      0.00     0.00     0  00:00           0           0       0.000 gal
  A77-02               JUNCTION      0.00     0.00     0  00:00           0           0       0.000 gal
  A77-04               JUNCTION      0.00     0.00     0  00:00           0           0       0.000 gal
  A78-01               JUNCTION      0.00     0.00     0  00:00           0           0       0.000 gal
  A78-00               JUNCTION      0.00     0.00     0  00:00           0           0       0.000 gal
  A76-CP               JUNCTION      0.00     0.00     0  00:00           0           0       0.000 gal
  A78-02               JUNCTION      0.00     0.00     0  00:00           0           0       0.000 gal
  A78-04               JUNCTION      0.00     0.00     0  00:00           0           0       0.000 gal
  A77-CP               JUNCTION      0.00     0.00     0  00:00           0           0       0.000 gal
  A78-10               JUNCTION      0.00     0.00     0  00:00           0           0       0.000 gal
  A78-12               JUNCTION      0.00     0.00     0  00:00           0           0       0.000 gal
  A78-14               JUNCTION      0.00     0.00     0  00:00           0           0       0.000 gal
  A78-16               JUNCTION      0.00     0.00     0  00:00           0           0       0.000 gal
  A78-18               JUNCTION      0.00     0.00     0  00:00           0           0       0.000 gal
  A79-00               JUNCTION      0.00     0.00     0  00:00           0           0       0.000 gal
  A80-00               JUNCTION      0.00     0.00     0  00:00           0           0       0.000 gal
  A80-02               JUNCTION      0.00     0.00     0  00:00           0           0       0.000 gal
  A81-00               JUNCTION      0.00     0.00     0  00:00           0           0       0.000 gal
  M59-OR               JUNCTION      0.00     0.00     0  00:00           0           0       0.000 gal
  A82-05               JUNCTION      0.00     0.00     0  00:00           0           0       0.000 gal
  A82-04               JUNCTION      0.00     0.00     0  00:00           0           0       0.000 gal
  M61-00               JUNCTION      0.00     0.00     0  00:00           0           0       0.000 gal
  A82-07               JUNCTION      0.00     0.00     0  00:00           0           0       0.000 gal
  A82-06               JUNCTION      0.00     0.00     0  00:00           0           0       0.000 gal
  A82-02               JUNCTION      0.00     0.00     0  00:00           0           0       0.000 gal
  M61-VOR              JUNCTION      0.00     0.00     0  00:00           0           0       0.000 gal
  A82-00               JUNCTION      0.00     0.00     0  00:00           0           0       0.000 gal
  A82-08               JUNCTION      0.00     0.00     0  00:00           0           0       0.000 gal
  A82-12               JUNCTION      0.00     0.00     0  00:00           0           0       0.000 gal
  A82-14               JUNCTION      0.00     0.00     0  00:00           0           0       0.000 gal
  A82-18               JUNCTION      0.00     0.00     0  00:00           0           0       0.000 gal
  A82-20               JUNCTION      0.00     0.00     0  00:00           0           0       0.000 gal
  A83-00               JUNCTION      0.00     0.00     0  00:00           0           0       0.000 gal
  A83-02               JUNCTION      0.00     0.00     0  00:00           0           0       0.000 gal
  A84-00               JUNCTION      0.00     0.00     0  00:00           0           0       0.000 gal
  A84-02               JUNCTION      0.00     0.00     0  00:00           0           0       0.000 gal
  A85-00               JUNCTION      0.00     0.00     0  00:00           0           0       0.000 gal
  A84-24               JUNCTION      0.00     0.00     0  00:00           0           0       0.000 gal
  A84-22               JUNCTION      0.00     0.00     0  00:00           0           0       0.000 gal
  A84-20               JUNCTION      0.00     0.00     0  00:00           0           0       0.000 gal
  A84-16               JUNCTION      0.00     0.00     0  00:00           0           0       0.000 gal
  A84-14               JUNCTION      0.00     0.00     0  00:00           0           0       0.000 gal
  T01-00               JUNCTION      0.00     0.00     0  00:00           0           0       0.000 gal
  T01-VOR              JUNCTION      0.00     0.00     0  00:00           0           0       0.000 gal
  T02-00               JUNCTION      0.00     0.00     0  00:00           0           0       0.000 gal
  T02-VOR              JUNCTION      0.00     0.00     0  00:00           0           0       0.000 gal
  T03-CP               JUNCTION      0.00     0.00     0  00:00           0           0       0.000 gal
  T07-OFP              JUNCTION      0.00     0.00     0  00:00           0           0       0.000 gal
  T03-OFP              JUNCTION      0.00     0.00     0  00:00           0           0       0.000 gal
  T03-00               JUNCTION      0.00     0.00     0  00:00           0           0       0.000 gal
  T07-CP4              JUNCTION      0.00     0.00     0  00:00           0           0       0.000 gal
  T04-OR               JUNCTION      0.00     0.00     0  00:00           0           0       0.000 gal
  T04-CP               JUNCTION      0.00     0.00     0  00:00           0           0       0.000 gal
  T04-00               JUNCTION      0.00     0.00     0  00:00           0           0       0.000 gal
  T05-02               JUNCTION      0.00     0.00     0  00:00           0           0       0.000 gal
  T07-CP2              JUNCTION      0.00     0.00     0  00:00           0           0       0.000 gal
  T07-00               JUNCTION      0.00     0.00     0  00:00           0           0       0.000 gal
  T07-02               JUNCTION      0.00     0.00     0  00:00           0           0       0.000 gal
  T08-01               JUNCTION      0.00     0.00     0  00:00           0           0       0.000 gal
  TR01-00              JUNCTION      0.00     0.00     0  00:00           0           0       0.000 gal
  TR00-02              JUNCTION      0.00     0.00     0  00:00           0           0       0.000 gal
  TR01-01              JUNCTION      0.00     0.00     0  00:00           0           0       0.000 gal
  T08-00               JUNCTION      0.00     0.00     0  00:00           0           0       0.000 gal
  TR01-02              JUNCTION      0.00     0.00     0  00:00           0           0       0.000 gal
  T08-02               JUNCTION      0.00     0.00     0  00:00           0           0       0.000 gal
  TR01-04              JUNCTION      0.00     0.00     0  00:00           0           0       0.000 gal
  T10-00               JUNCTION      0.00     0.00     0  00:00           0           0       0.000 gal
  TR01-12              JUNCTION      0.00     0.00     0  00:00           0           0       0.000 gal
  T11-00               JUNCTION      0.00     0.00     0  00:00           0           0       0.000 gal
  TR02-01              JUNCTION      0.00     0.00     0  00:00           0           0       0.000 gal
  TR03-00              JUNCTION      0.00     0.00     0  00:00           0           0       0.000 gal
  TR03-01              JUNCTION      0.00     0.00     0  00:00           0           0       0.000 gal
  TR02-00              JUNCTION      0.00     0.00     0  00:00           0           0       0.000 gal
  T12-00               JUNCTION      0.00     0.00     0  00:00           0           0       0.000 gal
  TR03-04              JUNCTION      0.00     0.00     0  00:00           0           0       0.000 gal
  T13-00               JUNCTION      0.00     0.00     0  00:00           0           0       0.000 gal
  TR03-06              JUNCTION      0.00     0.00     0  00:00           0           0       0.000 gal
  T11-CP               JUNCTION      0.00     0.00     0  00:00           0           0       0.000 gal
  T12-CP               JUNCTION      0.00     0.00     0  00:00           0           0       0.000 gal
  TR03-08              JUNCTION      0.00     0.00     0  00:00           0           0       0.000 gal
  T13-CP               JUNCTION      0.00     0.00     0  00:00           0           0       0.000 gal
  TR03-10              JUNCTION      0.00     0.00     0  00:00           0           0       0.000 gal
  T14-00               JUNCTION      0.00     0.00     0  00:00           0           0       0.000 gal
  T14-04               JUNCTION      0.00     0.00     0  00:00           0           0       0.000 gal
  T14-CP               JUNCTION      0.00     0.00     0  00:00           0           0       0.000 gal
  T14-05               JUNCTION      0.00     0.00     0  00:00           0           0       0.000 gal
  T16A00               JUNCTION      0.00     0.00     0  00:00           0           0       0.000 gal
  T16-04               JUNCTION      0.00     0.00     0  00:00           0           0       0.000 gal
  TR03-18              JUNCTION      0.00     0.00     0  00:00           0           0       0.000 gal
  TR03-14              JUNCTION      0.00     0.00     0  00:00           0           0       0.000 gal
  T17-00               JUNCTION      0.00     0.00     0  00:00           0           0       0.000 gal
  T16A-CP              JUNCTION      0.00     0.00     0  00:00           0           0       0.000 gal
  TR03-22              JUNCTION      0.00     0.00     0  00:00           0           0       0.000 gal
  T16-CP               JUNCTION      0.00     0.00     0  00:00           0           0       0.000 gal
  T17-CP               JUNCTION      0.00     0.00     0  00:00           0           0       0.000 gal
  TR04-00              JUNCTION      0.00     0.00     0  00:00           0           0       0.000 gal
  TR04-01              JUNCTION      0.00     0.00     0  00:00           0           0       0.000 gal
  T17-04               JUNCTION      0.00     0.00     0  00:00           0           0       0.000 gal
  T18-02               JUNCTION      0.00     0.00     0  00:00           0           0       0.000 gal
  T18-00               JUNCTION      0.00     0.00     0  00:00           0           0       0.000 gal
  T19-00               JUNCTION      0.00     0.00     0  00:00           0           0       0.000 gal
  TR04-06              JUNCTION      0.00     0.00     0  00:00           0           0       0.000 gal
  T19-CP               JUNCTION      0.00     0.00     0  00:00           0           0       0.000 gal
  T21-00               JUNCTION      0.00     0.00     0  00:00           0           0       0.000 gal
  TR04-10              JUNCTION      0.00     0.00     0  00:00           0           0       0.000 gal
  T22-02               JUNCTION      0.00     0.00     0  00:00           0           0       0.000 gal
  TR04-12              JUNCTION      0.00     0.00     0  00:00           0           0       0.000 gal
  T21-CP               JUNCTION      0.00     0.00     0  00:00           0           0       0.000 gal
  T23-00               JUNCTION      0.00     0.00     0  00:00           0           0       0.000 gal
  T22-CP               JUNCTION      0.00     0.00     0  00:00           0           0       0.000 gal
  T23-CP               JUNCTION      0.00     0.00     0  00:00           0           0       0.000 gal
  T24-00               JUNCTION      0.00     0.00     0  00:00           0           0       0.000 gal
  TR04-15              JUNCTION      0.00     0.00     0  00:00           0           0       0.000 gal
  TR05-00              JUNCTION      0.00     0.00     0  00:00           0           0       0.000 gal
  TR05-01              JUNCTION      0.00     0.00     0  00:00           0           0       0.000 gal
  T24-CP               JUNCTION      0.00     0.00     0  00:00           0           0       0.000 gal
  TR05-06              JUNCTION      0.00     0.00     0  00:00           0           0       0.000 gal
  TR04-18              JUNCTION      0.00     0.00     0  00:00           0           0       0.000 gal
  TR04-20              JUNCTION      0.00     0.00     0  00:00           0           0       0.000 gal
  TR04-22              JUNCTION      0.00     0.00     0  00:00           0           0       0.000 gal
  TR04-24              JUNCTION      0.00     0.00     0  00:00           0           0       0.000 gal
  T25-00               JUNCTION      0.00     0.00     0  00:00           0           0       0.000 gal
  TR05-20              JUNCTION      0.00     0.00     0  00:00           0           0       0.000 gal
  TR05-18              JUNCTION      0.00     0.00     0  00:00           0           0       0.000 gal
  T25-CP               JUNCTION      0.00     0.00     0  00:00           0           0       0.000 gal
  TR05-24              JUNCTION      0.00     0.00     0  00:00           0           0       0.000 gal
  TR06-00              JUNCTION      0.00     0.00     0  00:00           0           0       0.000 gal
  T25-04               JUNCTION      0.00     0.00     0  00:00           0           0       0.000 gal
  T25-10               JUNCTION      0.00     0.00     0  00:00           0           0       0.000 gal
  T25-14               JUNCTION      0.00     0.00     0  00:00           0           0       0.000 gal
  T25-16               JUNCTION      0.00     0.00     0  00:00           0           0       0.000 gal
  T26-00               JUNCTION      0.00     0.00     0  00:00           0           0       0.000 gal
  T26-06               JUNCTION      0.00     0.00     0  00:00           0           0       0.000 gal
  T26A-CP              JUNCTION      0.00     0.00     0  00:00           0           0       0.000 gal
  T26A00               JUNCTION      0.00     0.00     0  00:00           0           0       0.000 gal
  T26A04               JUNCTION      0.00     0.00     0  00:00           0           0       0.000 gal
  T33-CP               JUNCTION      0.00     0.00     0  00:00           0           0       0.000 gal
  T33-00               JUNCTION      0.00     0.00     0  00:00           0           0       0.000 gal
  T32-CP               JUNCTION      0.00     0.00     0  00:00           0           0       0.000 gal
  T31-CP               JUNCTION      0.00     0.00     0  00:00           0           0       0.000 gal
  T32-02               JUNCTION      0.00     0.00     0  00:00           0           0       0.000 gal
  T32-00               JUNCTION      0.00     0.00     0  00:00           0           0       0.000 gal
  T31-00               JUNCTION      0.00     0.00     0  00:00           0           0       0.000 gal
  T26A10               JUNCTION      0.00     0.00     0  00:00           0           0       0.000 gal
  T26A12               JUNCTION      0.00     0.00     0  00:00           0           0       0.000 gal
  T27-12               JUNCTION      0.00     0.00     0  00:00           0           0       0.000 gal
  T27-04               JUNCTION      0.00     0.00     0  00:00           0           0       0.000 gal
  T27-00               JUNCTION      0.00     0.00     0  00:00           0           0       0.000 gal
  T27-18               JUNCTION      0.00     0.00     0  00:00           0           0       0.000 gal
  T27-24               JUNCTION      0.00     0.00     0  00:00           0           0       0.000 gal
  T29-00               JUNCTION      0.00     0.00     0  00:00           0           0       0.000 gal
  T29A00               JUNCTION      0.00     0.00     0  00:00           0           0       0.000 gal
  T29-CP               JUNCTION      0.00     0.00     0  00:00           0           0       0.000 gal
  T29A10               JUNCTION      0.00     0.00     0  00:00           0           0       0.000 gal
  O26-FO               OUTFALL       0.00     0.00     0  00:00           0           0       0.000 gal
  O26A00               STORAGE       0.00     0.00     0  00:00           0           0       0.000 gal
  M59-00               STORAGE       0.00     0.00     0  00:00           0           0       0.000 gal
  M33-02               STORAGE       0.00     0.00     0  00:00           0           0       0.000 gal
  A62-00               STORAGE       0.00     0.00     0  00:00           0           0       0.000 gal
  A42-00               STORAGE       0.00     0.00     0  00:00           0           0       0.000 gal
  A42L-00              STORAGE       0.00     0.00     0  00:00           0           0       0.000 gal
  A42U-00              STORAGE       0.00     0.00     0  00:00           0           0       0.000 gal
  A35-VOR              STORAGE       0.00     0.00     0  00:00           0           0       0.000 gal
  A39-VOR              STORAGE       0.00     0.00     0  00:00           0           0       0.000 gal
  A43-00               STORAGE       0.00     0.00     0  00:00           0           0       0.000 gal
  O26-CP2              STORAGE       0.00     0.00     0  00:00           0           0       0.000 gal
  O26-VOR              STORAGE       0.00     0.00     0  00:00           0           0       0.000 gal
  O25-VOR              STORAGE       0.00     0.00     0  00:00           0           0       0.000 gal
  O25-CP2              STORAGE       0.00     0.00     0  00:00           0           0       0.000 gal
  O04-04               STORAGE       0.00     0.00     0  00:00           0           0       0.000 gal
  M09-VOR              STORAGE       0.00     0.00     0  00:00           0           0       0.000 gal
  M16-VOR              STORAGE       0.00     0.00     0  00:00           0           0       0.000 gal
  M17-VOR              STORAGE       0.00     0.00     0  00:00           0           0       0.000 gal
  M23-VOR              STORAGE       0.00     0.00     0  00:00           0           0       0.000 gal
  M33-VOR              STORAGE       0.00     0.00     0  00:00           0           0       0.000 gal
  M01-VOR              STORAGE       0.00     0.00     0  00:00           0           0       0.000 gal
  M02-VOR              STORAGE       0.00     0.00     0  00:00           0           0       0.000 gal
  M03-VOR              STORAGE       0.00     0.00     0  00:00           0           0       0.000 gal
  M04-VOR              STORAGE       0.00     0.00     0  00:00           0           0       0.000 gal
  M05-VOR              STORAGE       0.00     0.00     0  00:00           0           0       0.000 gal
  M11-VOR              STORAGE       0.00     0.00     0  00:00           0           0       0.000 gal
  M12-VOR              STORAGE       0.00     0.00     0  00:00           0           0       0.000 gal
  M13-VOR              STORAGE       0.00     0.00     0  00:00           0           0       0.000 gal
  M14-VOR              STORAGE       0.00     0.00     0  00:00           0           0       0.000 gal
  M15-VOR              STORAGE       0.00     0.00     0  00:00           0           0       0.000 gal
  M18-VOR              STORAGE       0.00     0.00     0  00:00           0           0       0.000 gal
  M19-VOR              STORAGE       0.00     0.00     0  00:00           0           0       0.000 gal
  M20-VOR              STORAGE       0.00     0.00     0  00:00           0           0       0.000 gal
  M21-VOR              STORAGE       0.00     0.00     0  00:00           0           0       0.000 gal
  M22-VOR              STORAGE       0.00     0.00     0  00:00           0           0       0.000 gal
  M26-VOR              STORAGE       0.00     0.00     0  00:00           0           0       0.000 gal
  M27-VOR              STORAGE       0.00     0.00     0  00:00           0           0       0.000 gal
  M29-VOR              STORAGE       0.00     0.00     0  00:00           0           0       0.000 gal
  M31-VOR              STORAGE       0.00     0.00     0  00:00           0           0       0.000 gal
  M47-VOR              STORAGE       0.00     0.00     0  00:00           0           0       0.000 gal
  M48-VOR              STORAGE       0.00     0.00     0  00:00           0           0       0.000 gal
  M50-VOR              STORAGE       0.00     0.00     0  00:00           0           0       0.000 gal
  M51-VOR              STORAGE       0.00     0.00     0  00:00           0           0       0.000 gal
  M52-VOR              STORAGE       0.00     0.00     0  00:00           0           0       0.000 gal
  M53-VOR              STORAGE       0.00     0.00     0  00:00           0           0       0.000 gal
  M54-VOR              STORAGE       0.00     0.00     0  00:00           0           0       0.000 gal
  M55-VOR              STORAGE       0.00     0.00     0  00:00           0           0       0.000 gal
  M56-VOR              STORAGE       0.00     0.00     0  00:00           0           0       0.000 gal
  M57-VOR              STORAGE       0.00     0.00     0  00:00           0           0       0.000 gal
  M58-VOR              STORAGE       0.00     0.00     0  00:00           0           0       0.000 gal
  A01-VOR              STORAGE       0.00     0.00     0  00:00           0           0       0.000 gal
  A02-VOR              STORAGE       0.00     0.00     0  00:00           0           0       0.000 gal
  A03-VOR              STORAGE       0.00     0.00     0  00:00           0           0       0.000 gal
  A04-VOR              STORAGE       0.00     0.00     0  00:00           0           0       0.000 gal
  A06-VOR              STORAGE       0.00     0.00     0  00:00           0           0       0.000 gal
  A07-VOR              STORAGE       0.00     0.00     0  00:00           0           0       0.000 gal
  A08-VOR              STORAGE       0.00     0.00     0  00:00           0           0       0.000 gal
  A09-VOR              STORAGE       0.00     0.00     0  00:00           0           0       0.000 gal
  A10-VOR              STORAGE       0.00     0.00     0  00:00           0           0       0.000 gal
  A11-VOR              STORAGE       0.00     0.00     0  00:00           0           0       0.000 gal
  A12-VOR              STORAGE       0.00     0.00     0  00:00           0           0       0.000 gal
  A13-VOR              STORAGE       0.00     0.00     0  00:00           0           0       0.000 gal
  A14-VOR              STORAGE       0.00     0.00     0  00:00           0           0       0.000 gal
  A15-VOR              STORAGE       0.00     0.00     0  00:00           0           0       0.000 gal
  A16-VOR              STORAGE       0.00     0.00     0  00:00           0           0       0.000 gal
  A17-VOR              STORAGE       0.00     0.00     0  00:00           0           0       0.000 gal
  A18-VOR              STORAGE       0.00     0.00     0  00:00           0           0       0.000 gal
  A19-VOR              STORAGE       0.00     0.00     0  00:00           0           0       0.000 gal
  A20-VOR              STORAGE       0.00     0.00     0  00:00           0           0       0.000 gal
  A21-VOR              STORAGE       0.00     0.00     0  00:00           0           0       0.000 gal
  A22-VOR              STORAGE       0.00     0.00     0  00:00           0           0       0.000 gal
  A23-VOR              STORAGE       0.00     0.00     0  00:00           0           0       0.000 gal
  A25-VOR              STORAGE       0.00     0.00     0  00:00           0           0       0.000 gal
  A26-VOR              STORAGE       0.00     0.00     0  00:00           0           0       0.000 gal
  A27-VOR              STORAGE       0.00     0.00     0  00:00           0           0       0.000 gal
  A28-VOR              STORAGE       0.00     0.00     0  00:00           0           0       0.000 gal
  A29-VOR              STORAGE       0.00     0.00     0  00:00           0           0       0.000 gal
  A30-VOR              STORAGE       0.00     0.00     0  00:00           0           0       0.000 gal
  A31-VOR              STORAGE       0.00     0.00     0  00:00           0           0       0.000 gal
  A32-VOR              STORAGE       0.00     0.00     0  00:00           0           0       0.000 gal
  A33-VOR              STORAGE       0.00     0.00     0  00:00           0           0       0.000 gal
  A34-VOR              STORAGE       0.00     0.00     0  00:00           0           0       0.000 gal
  A35-01               STORAGE       0.00     0.00     0  00:00           0           0       0.000 gal
  A36-VOR              STORAGE       0.00     0.00     0  00:00           0           0       0.000 gal
  A37-VOR              STORAGE       0.00     0.00     0  00:00           0           0       0.000 gal
  A38-VOR              STORAGE       0.00     0.00     0  00:00           0           0       0.000 gal
  A40-VOR              STORAGE       0.00     0.00     0  00:00           0           0       0.000 gal
  A41-VOR              STORAGE       0.00     0.00     0  00:00           0           0       0.000 gal
  A46-VOR              STORAGE       0.00     0.00     0  00:00           0           0       0.000 gal
  A47-VOR              STORAGE       0.00     0.00     0  00:00           0           0       0.000 gal
  A48-VOR              STORAGE       0.00     0.00     0  00:00           0           0       0.000 gal
  A49-VOR              STORAGE       0.00     0.00     0  00:00           0           0       0.000 gal
  A50-VOR              STORAGE       0.00     0.00     0  00:00           0           0       0.000 gal
  A51-VOR              STORAGE       0.00     0.00     0  00:00           0           0       0.000 gal
  A56-VOR              STORAGE       0.00     0.00     0  00:00           0           0       0.000 gal
  A58-VOR              STORAGE       0.00     0.00     0  00:00           0           0       0.000 gal
  A59-VOR              STORAGE       0.00     0.00     0  00:00           0           0       0.000 gal
  A60-VOR              STORAGE       0.00     0.00     0  00:00           0           0       0.000 gal
  A61-VOR              STORAGE       0.00     0.00     0  00:00           0           0       0.000 gal
  A62-VOR              STORAGE       0.00     0.00     0  00:00           0           0       0.000 gal
  O27-VOR              STORAGE       0.00     0.00     0  00:00           0           0       0.000 gal
  O28-VOR              STORAGE       0.00     0.00     0  00:00           0           0       0.000 gal
  O29-VOR              STORAGE       0.00     0.00     0  00:00           0           0       0.000 gal
  O30-VOR              STORAGE       0.00     0.00     0  00:00           0           0       0.000 gal
  O31-VOR              STORAGE       0.00     0.00     0  00:00           0           0       0.000 gal
  O32-VOR              STORAGE       0.00     0.00     0  00:00           0           0       0.000 gal
  O33-VOR              STORAGE       0.00     0.00     0  00:00           0           0       0.000 gal
  O34-VOR              STORAGE       0.00     0.00     0  00:00           0           0       0.000 gal
  O35-VOR              STORAGE       0.00     0.00     0  00:00           0           0       0.000 gal
  O36-VOR              STORAGE       0.00     0.00     0  00:00           0           0       0.000 gal
  O37-VOR              STORAGE       0.00     0.00     0  00:00           0           0       0.000 gal
  O38-VOR              STORAGE       0.00     0.00     0  00:00           0           0       0.000 gal
  O39-VOR              STORAGE       0.00     0.00     0  00:00           0           0       0.000 gal
  O40-VOR              STORAGE       0.00     0.00     0  00:00           0           0       0.000 gal
  O41-VOR              STORAGE       0.00     0.00     0  00:00           0           0       0.000 gal
  O17-VOR              STORAGE       0.00     0.00     0  00:00           0           0       0.000 gal
  O18-VOR              STORAGE       0.00     0.00     0  00:00           0           0       0.000 gal
  O19-VOR              STORAGE       0.00     0.00     0  00:00           0           0       0.000 gal
  O20-VOR              STORAGE       0.00     0.00     0  00:00           0           0       0.000 gal
  O21-VOR              STORAGE       0.00     0.00     0  00:00           0           0       0.000 gal
  O22-VOR              STORAGE       0.00     0.00     0  00:00           0           0       0.000 gal
  O23-VOR              STORAGE       0.00     0.00     0  00:00           0           0       0.000 gal
  O24-VOR              STORAGE       0.00     0.00     0  00:00           0           0       0.000 gal
  O-14-02              STORAGE       0.00     0.00     0  00:00           0           0       0.000 gal
  O06-OR               STORAGE       0.00     0.00     0  00:00           0           0       0.000 gal
  A42A-00              STORAGE       0.00     0.00     0  00:00           0           0       0.000 gal
  A42A-28              STORAGE       0.00     0.00     0  00:00           0           0       0.000 gal
  A42-02               STORAGE       0.00     0.00     0  00:00           0           0       0.000 gal
  
  
  **********************
  Node Surcharge Summary
  **********************
  
  Surcharging occurs when water rises above the top of the highest conduit.
  ---------------------------------------------------------------------
                                               Max. Height   Min. Depth
                                   Hours       Above Crown    Below Rim
  Node                 Type      Surcharged           Feet         Feet
  ---------------------------------------------------------------------
  O07-04               JUNCTION       24.00          0.000        0.000
  A42A-02              JUNCTION       24.00          0.000        0.000
  A42A-04              JUNCTION       24.00          0.000        0.000
  A42A-06              JUNCTION       24.00          0.000        0.000
  A42A-10              JUNCTION       24.00          0.000        0.000
  A42A-12              JUNCTION       24.00          0.000        0.000
  A42A-14              JUNCTION       24.00          0.000        0.000
  A42A-16              JUNCTION       24.00          0.000        0.000
  A42A-20              JUNCTION       24.00          0.000        0.000
  A42A-22              JUNCTION       24.00          0.000        0.000
  A42A-24              JUNCTION       24.00          0.000        0.000
  A42-04               JUNCTION       24.00          0.000        0.000
  A42-06               JUNCTION       24.00          0.000        0.000
  A42-08               JUNCTION       24.00          0.000        0.000
  A42-10               JUNCTION       24.00          0.000        0.000
  A42-12               JUNCTION       24.00          0.000        0.000
  A42-20               JUNCTION       24.00          0.000        0.000
  A42-22               JUNCTION       24.00          0.000        0.000
  A42-26               JUNCTION       24.00          0.000        0.000
  A42-28               JUNCTION       24.00          0.000        0.000
  A42-30               JUNCTION       24.00          0.000        0.000
  A42-32               JUNCTION       24.00          0.000        0.000
  A42-34               JUNCTION       24.00          0.000        0.000
  A42-36               JUNCTION       24.00          0.000        0.000
  A42-40               JUNCTION       24.00          0.000        0.000
  A42-42               JUNCTION       24.00          0.000        0.000
  A42-44               JUNCTION       24.00          0.000        0.000
  A42-46               JUNCTION       24.00          0.000        0.000
  A42-48               JUNCTION       24.00          0.000        0.000
  A42-50               JUNCTION       24.00          0.000        0.000
  A42-52               JUNCTION       24.00          0.000        0.000
  A42-54               JUNCTION       24.00          0.000        0.000
  A42-56               JUNCTION       24.00          0.000        0.000
  A42-58               JUNCTION       24.00          0.000        0.000
  A42-60               JUNCTION       24.00          0.000        0.000
  C55-00               JUNCTION       24.00          0.000        0.000
  C54-18               JUNCTION       24.00          0.000        0.000
  C54-16               JUNCTION       24.00          0.000        0.000
  C54-20               JUNCTION       24.00          0.000        0.000
  C54-22               JUNCTION       24.00          0.000        0.000
  C54-30               JUNCTION       24.00          0.000        0.000
  USC                  JUNCTION       24.00          0.000        0.000
  USC-SIPH             JUNCTION       24.00          0.000        0.000
  C54-14               JUNCTION       24.00          0.000        0.000
  C54-12               JUNCTION       24.00          0.000        0.000
  C54-06               JUNCTION       24.00          0.000        0.000
  CKH-CP2              JUNCTION       24.00          0.000        0.000
  C54-02               JUNCTION       24.00          0.000        0.000
  C54-00               JUNCTION       24.00          0.000        0.000
  C53-10               JUNCTION       24.00          0.000        0.000
  MCL-CP2              JUNCTION       24.00          0.000        0.000
  CHR-470              JUNCTION       24.00          0.000        0.000
  C51-CP2              JUNCTION       24.00          0.000        0.000
  C45B-08              JUNCTION       24.00          0.000        0.000
  C52-CP2              JUNCTION       24.00          0.000        0.000
  C46-02               JUNCTION       24.00          0.000        0.000
  C46-CP2              JUNCTION       24.00          0.000        0.000
  C51-06               JUNCTION       24.00          0.000        0.000
  C45B-04              JUNCTION       24.00          0.000        0.000
  C51-04               JUNCTION       24.00          0.000        0.000
  C52-02               JUNCTION       24.00          0.000        0.000
  C51-02               JUNCTION       24.00          0.000        0.000
  C45B-02              JUNCTION       24.00          0.000        0.000
  C45B-00              JUNCTION       24.00          0.000        0.000
  C45A-00              JUNCTION       24.00          0.000        0.000
  C45-00               JUNCTION       24.00          0.000        0.000
  C53-02               JUNCTION       24.00          0.000        0.000
  C45-CP2              JUNCTION       24.00          0.000        0.000
  C50B02               JUNCTION       24.00          0.000        0.000
  CARN-CP2             JUNCTION       24.00          0.000        0.000
  C50A04               JUNCTION       24.00          0.000        0.000
  C14-OFP              JUNCTION       24.00          0.000        0.000
  C50A00               JUNCTION       24.00          0.000        0.000
  C44-06               JUNCTION       24.00          0.000        0.000
  C53-00               JUNCTION       24.00          0.000        0.000
  C50-02               JUNCTION       24.00          0.000        0.000
  C50B00               JUNCTION       24.00          0.000        0.000
  C47-OR               JUNCTION       24.00          0.000        0.000
  C47-00               JUNCTION       24.00          0.000        0.000
  C41-OFP              JUNCTION       24.00          0.000        0.000
  C50A-CP2             JUNCTION       24.00          0.000        0.000
  C41-00               JUNCTION       24.00          0.000        0.000
  C14-CP2              JUNCTION       24.00          0.000        0.000
  C38A00-2             JUNCTION       24.00          0.000        0.000
  C44-00               JUNCTION       24.00          0.000        0.000
  C38B00-2             JUNCTION       24.00          0.000        0.000
  C44-OR               JUNCTION       24.00          0.000        0.000
  C49-00               JUNCTION       24.00          0.000        0.000
  C43-00               JUNCTION       24.00          0.000        0.000
  C43-02               JUNCTION       24.00          0.000        0.000
  C13A-OFP             JUNCTION       24.00          0.000        0.000
  C42-02               JUNCTION       24.00          0.000        0.000
  C38A00               JUNCTION       24.00          0.000        0.000
  C48A02               JUNCTION       24.00          0.000        0.000
  C38B00               JUNCTION       24.00          0.000        0.000
  C48A02-2             JUNCTION       24.00          0.000        0.000
  C48A02-4             JUNCTION       24.00          0.000        0.000
  C38-OFP              JUNCTION       24.00          0.000        0.000
  C38-CP2              JUNCTION       24.00          0.000        0.000
  C38-00               JUNCTION       24.00          0.000        0.000
  C48A06               JUNCTION       24.00          0.000        0.000
  C41-02               JUNCTION       24.00          0.000        0.000
  C14-00               JUNCTION       24.00          0.000        0.000
  C13A10               JUNCTION       24.00          0.000        0.000
  C39-00               JUNCTION       24.00          0.000        0.000
  C49-CP2              JUNCTION       24.00          0.000        0.000
  C37-00               JUNCTION       24.00          0.000        0.000
  C37-CP2              JUNCTION       24.00          0.000        0.000
  C48A06-2             JUNCTION       24.00          0.000        0.000
  C36-OFP              JUNCTION       24.00          0.000        0.000
  C41-CP2              JUNCTION       24.00          0.000        0.000
  C13A02               JUNCTION       24.00          0.000        0.000
  C14-08               JUNCTION       24.00          0.000        0.000
  C13A00               JUNCTION       24.00          0.000        0.000
  90710                JUNCTION       24.00          0.000        0.000
  90711                JUNCTION       24.00          0.000        0.000
  C36-00               JUNCTION       24.00          0.000        0.000
  C13-26               JUNCTION       24.00          0.000        0.000
  C15-OFP              JUNCTION       24.00          0.000        0.000
  C36-CP2              JUNCTION       24.00          0.000        0.000
  C37-OFP              JUNCTION       24.00          0.000        0.000
  C15-CP2              JUNCTION       24.00          0.000        0.000
  C15-00               JUNCTION       24.00          0.000        0.000
  C16-00               JUNCTION       24.00          0.000        0.000
  O16-CP               JUNCTION       24.00          0.000        0.000
  C33-02               JUNCTION       24.00          0.000        0.000
  C39-OR               JUNCTION       24.00          0.000        0.000
  C24-CP2              JUNCTION       24.00          0.000        0.000
  C35-CP2              JUNCTION       24.00          0.000        0.000
  C33-00               JUNCTION       24.00          0.000        0.000
  C33-CP2              JUNCTION       24.00          0.000        0.000
  C17-00               JUNCTION       24.00          0.000        0.000
  C34-00               JUNCTION       24.00          0.000        0.000
  C34-CP2              JUNCTION       24.00          0.000        0.000
  C24-00               JUNCTION       24.00          0.000        0.000
  C18-00               JUNCTION       24.00          0.000        0.000
  C25-00               JUNCTION       24.00          0.000        0.000
  C23-06               JUNCTION       24.00          0.000        0.000
  KEN-CP2              JUNCTION       24.00          0.000        0.000
  C25-CP2              JUNCTION       24.00          0.000        0.000
  C25-OFP              JUNCTION       24.00          0.000        0.000
  C19-CP2              JUNCTION       24.00          0.000        0.000
  C31-06               JUNCTION       24.00          0.000        0.000
  C19-00               JUNCTION       24.00          0.000        0.000
  C31-00               JUNCTION       24.00          0.000        0.000
  C20-CP2              JUNCTION       24.00          0.000        0.000
  C13-18               JUNCTION       24.00          0.000        0.000
  C30-04               JUNCTION       24.00          0.000        0.000
  C30-02               JUNCTION       24.00          0.000        0.000
  C13-12               JUNCTION       24.00          0.000        0.000
  C26-00               JUNCTION       24.00          0.000        0.000
  C30-00               JUNCTION       24.00          0.000        0.000
  O01-CP               JUNCTION       24.00          0.000        0.000
  O01-02               JUNCTION       24.00          0.000        0.000
  C26-02               JUNCTION       24.00          0.000        0.000
  C29-02               JUNCTION       24.00          0.000        0.000
  O01-08               JUNCTION       24.00          0.000        0.000
  O01-10               JUNCTION       24.00          0.000        0.000
  C29-00               JUNCTION       24.00          0.000        0.000
  C28-00               JUNCTION       24.00          0.000        0.000
  C30-CP2              JUNCTION       24.00          0.000        0.000
  C27-00               JUNCTION       24.00          0.000        0.000
  C23-04               JUNCTION       24.00          0.000        0.000
  C21-08               JUNCTION       24.00          0.000        0.000
  C22-02               JUNCTION       24.00          0.000        0.000
  C21-OFP              JUNCTION       24.00          0.000        0.000
  C21-00               JUNCTION       24.00          0.000        0.000
  C26A04               JUNCTION       24.00          0.000        0.000
  O01-16               JUNCTION       24.00          0.000        0.000
  C26A00               JUNCTION       24.00          0.000        0.000
  C13-00               JUNCTION       24.00          0.000        0.000
  C13-04               JUNCTION       24.00          0.000        0.000
  C22-OFP              JUNCTION       24.00          0.000        0.000
  C22-00               JUNCTION       24.00          0.000        0.000
  O02-CP               JUNCTION       24.00          0.000        0.000
  C23-00               JUNCTION       24.00          0.000        0.000
  C12-02               JUNCTION       24.00          0.000        0.000
  O02-00               JUNCTION       24.00          0.000        0.000
  C30-OFP              JUNCTION       24.00          0.000        0.000
  C12-00               JUNCTION       24.00          0.000        0.000
  C29-CP2              JUNCTION       24.00          0.000        0.000
  O03-02               JUNCTION       24.00          0.000        0.000
  C23-OFP              JUNCTION       24.00          0.000        0.000
  C27-CP2              JUNCTION       24.00          0.000        0.000
  C29-OFP              JUNCTION       24.00          0.000        0.000
  O03-00               JUNCTION       24.00          0.000        0.000
  O03-OFP              JUNCTION       24.00          0.000        0.000
  C11-02               JUNCTION       24.00          0.000        0.000
  C11-00               JUNCTION       24.00          0.000        0.000
  C10-00               JUNCTION       24.00          0.000        0.000
  C27-OFP              JUNCTION       24.00          0.000        0.000
  C10-02               JUNCTION       24.00          0.000        0.000
  O03-06               JUNCTION       24.00          0.000        0.000
  C28-CP2              JUNCTION       24.00          0.000        0.000
  O05-OFP              JUNCTION       24.00          0.000        0.000
  O05-CP2              JUNCTION       24.00          0.000        0.000
  O05-00               JUNCTION       24.00          0.000        0.000
  O05-CP4              JUNCTION       24.00          0.000        0.000
  O05-02               JUNCTION       24.00          0.000        0.000
  O05A-CP              JUNCTION       24.00          0.000        0.000
  O05A00               JUNCTION       24.00          0.000        0.000
  C08-04               JUNCTION       24.00          0.000        0.000
  C07-00               JUNCTION       24.00          0.000        0.000
  C08-C09              JUNCTION       24.00          0.000        0.000
  O05B00               JUNCTION       24.00          0.000        0.000
  C06-OR               JUNCTION       24.00          0.000        0.000
  C06-00               JUNCTION       24.00          0.000        0.000
  C05A-OFP             JUNCTION       24.00          0.000        0.000
  C05A00               JUNCTION       24.00          0.000        0.000
  C05A02               JUNCTION       24.00          0.000        0.000
  C04-00               JUNCTION       24.00          0.000        0.000
  C03A00               JUNCTION       24.00          0.000        0.000
  C03-00               JUNCTION       24.00          0.000        0.000
  O08-00               JUNCTION       24.00          0.000        0.000
  O09-00               JUNCTION       24.00          0.000        0.000
  O09-OR               JUNCTION       24.00          0.000        0.000
  O09-02               JUNCTION       24.00          0.000        0.000
  O09-04               JUNCTION       24.00          0.000        0.000
  O08-CP2              JUNCTION       24.00          0.000        0.000
  O10A00               JUNCTION       24.00          0.000        0.000
  O09-06               JUNCTION       24.00          0.000        0.000
  O10-00               JUNCTION       24.00          0.000        0.000
  O10-OFP              JUNCTION       24.00          0.000        0.000
  COR-PS               JUNCTION       24.00          0.000        0.000
  O13-00               JUNCTION       24.00          0.000        0.000
  O26A-OFP             JUNCTION       24.00          0.000        0.000
  S-46-10              JUNCTION       24.00          0.000        0.000
  S-46-08              JUNCTION       24.00          0.000        0.000
  SMR-40               JUNCTION       24.00          0.000        0.000
  SMR40OFP             JUNCTION       24.00          0.000        0.000
  S-46-06              JUNCTION       24.00          0.000        0.000
  SMR40CP1             JUNCTION       24.00          0.000        0.000
  S-42                 JUNCTION       24.00          0.000        0.000
  S-42-OFP             JUNCTION       24.00          0.000        0.000
  S-42A                JUNCTION       24.00          0.000        0.000
  S42A-OFP             JUNCTION       24.00          0.000        0.000
  S-42-CP1             JUNCTION       24.00          0.000        0.000
  S-42-00              JUNCTION       24.00          0.000        0.000
  SMR40-00             JUNCTION       24.00          0.000        0.000
  O-14N-24             JUNCTION       24.00          0.000        0.000
  O-14N-22             JUNCTION       24.00          0.000        0.000
  O-14N-26             JUNCTION       24.00          0.000        0.000
  S-46-04              JUNCTION       24.00          0.000        0.000
  S-42-02              JUNCTION       24.00          0.000        0.000
  S-46-02              JUNCTION       24.00          0.000        0.000
  S-46                 JUNCTION       24.00          0.000        0.000
  3-A-04               JUNCTION       24.00          0.000        0.000
  3-A-02               JUNCTION       24.00          0.000        0.000
  O-14N-20             JUNCTION       24.00          0.000        0.000
  S-42-04              JUNCTION       24.00          0.000        0.000
  2-A                  JUNCTION       24.00          0.000        0.000
  2-A-02               JUNCTION       24.00          0.000        0.000
  O-14N-18             JUNCTION       24.00          0.000        0.000
  S18-98               JUNCTION       24.00          0.000        0.000
  S18-96               JUNCTION       24.00          0.000        0.000
  O-14N-16             JUNCTION       24.00          0.000        0.000
  S18-94               JUNCTION       24.00          0.000        0.000
  S18-100              JUNCTION       24.00          0.000        0.000
  3-A                  JUNCTION       24.00          0.000        0.000
  S18-102              JUNCTION       24.00          0.000        0.000
  S18-92               JUNCTION       24.00          0.000        0.000
  O-14N-14             JUNCTION       24.00          0.000        0.000
  S18-104              JUNCTION       24.00          0.000        0.000
  O-14-10              JUNCTION       24.00          0.000        0.000
  S18-106              JUNCTION       24.00          0.000        0.000
  S18-108              JUNCTION       24.00          0.000        0.000
  O-14-08              JUNCTION       24.00          0.000        0.000
  S18-110              JUNCTION       24.00          0.000        0.000
  S18-90               JUNCTION       24.00          0.000        0.000
  O-14-06              JUNCTION       24.00          0.000        0.000
  S18-112              JUNCTION       24.00          0.000        0.000
  S18-114              JUNCTION       24.00          0.000        0.000
  S18-88               JUNCTION       24.00          0.000        0.000
  S-41-CP1             JUNCTION       24.00          0.000        0.000
  S-41                 JUNCTION       24.00          0.000        0.000
  S-41-00              JUNCTION       24.00          0.000        0.000
  S18-86               JUNCTION       24.00          0.000        0.000
  S18-84               JUNCTION       24.00          0.000        0.000
  O-14N-28             JUNCTION       24.00          0.000        0.000
  S18-82               JUNCTION       24.00          0.000        0.000
  O-14N-12             JUNCTION       24.00          0.000        0.000
  O-14N-10             JUNCTION       24.00          0.000        0.000
  O-14N-08             JUNCTION       24.00          0.000        0.000
  S18-80               JUNCTION       24.00          0.000        0.000
  O-14N-06             JUNCTION       24.00          0.000        0.000
  SMR-50               JUNCTION       24.00          0.000        0.000
  S18-78               JUNCTION       24.00          0.000        0.000
  S-41-02              JUNCTION       24.00          0.000        0.000
  S-41-04              JUNCTION       24.00          0.000        0.000
  S-40-00              JUNCTION       24.00          0.000        0.000
  S-40                 JUNCTION       24.00          0.000        0.000
  O-14-04              JUNCTION       24.00          0.000        0.000
  S-40-OFP             JUNCTION       24.00          0.000        0.000
  O-14N-04             JUNCTION       24.00          0.000        0.000
  O-14N-02             JUNCTION       24.00          0.000        0.000
  O14-WEST             JUNCTION       24.00          0.000        0.000
  O14-EAST             JUNCTION       24.00          0.000        0.000
  S18-76               JUNCTION       24.00          0.000        0.000
  S-41-06              JUNCTION       24.00          0.000        0.000
  S-40-02              JUNCTION       24.00          0.000        0.000
  S18-74               JUNCTION       24.00          0.000        0.000
  S18-72               JUNCTION       24.00          0.000        0.000
  S-40-04              JUNCTION       24.00          0.000        0.000
  S18-70               JUNCTION       24.00          0.000        0.000
  S-41-08              JUNCTION       24.00          0.000        0.000
  S-40-06              JUNCTION       24.00          0.000        0.000
  S-41-10              JUNCTION       24.00          0.000        0.000
  S-41-12              JUNCTION       24.00          0.000        0.000
  S18-68               JUNCTION       24.00          0.000        0.000
  S-40-08              JUNCTION       24.00          0.000        0.000
  S18-66               JUNCTION       24.00          0.000        0.000
  S-41-14              JUNCTION       24.00          0.000        0.000
  S-40-10              JUNCTION       24.00          0.000        0.000
  S-39-00              JUNCTION       24.00          0.000        0.000
  S-39-CP1             JUNCTION       24.00          0.000        0.000
  S-39                 JUNCTION       24.00          0.000        0.000
  S18-64               JUNCTION       24.00          0.000        0.000
  S-39-02              JUNCTION       24.00          0.000        0.000
  S-40-12              JUNCTION       24.00          0.000        0.000
  1-A                  JUNCTION       24.00          0.000        0.000
  S-40-13              JUNCTION       24.00          0.000        0.000
  1-A-02               JUNCTION       24.00          0.000        0.000
  MH26A                JUNCTION       24.00          0.000        0.000
  MH26A-02             JUNCTION       24.00          0.000        0.000
  S-40-14              JUNCTION       24.00          0.000        0.000
  S18-62               JUNCTION       24.00          0.000        0.000
  S-38-00              JUNCTION       24.00          0.000        0.000
  MH26A-04             JUNCTION       24.00          0.000        0.000
  S-38                 JUNCTION       24.00          0.000        0.000
  S18-60               JUNCTION       24.00          0.000        0.000
  S38-OFP              JUNCTION       24.00          0.000        0.000
  MH26A-06             JUNCTION       24.00          0.000        0.000
  S18-58               JUNCTION       24.00          0.000        0.000
  ACSA-OFP             JUNCTION       24.00          0.000        0.000
  S18-56               JUNCTION       24.00          0.000        0.000
  S36                  JUNCTION       24.00          0.000        0.000
  S36-CP2              JUNCTION       24.00          0.000        0.000
  S18-54               JUNCTION       24.00          0.000        0.000
  S35                  JUNCTION       24.00          0.000        0.000
  S34-CP2              JUNCTION       24.00          0.000        0.000
  S34                  JUNCTION       24.00          0.000        0.000
  S36-CP4              JUNCTION       24.00          0.000        0.000
  S33                  JUNCTION       24.00          0.000        0.000
  S33-CP2              JUNCTION       24.00          0.000        0.000
  S33-OR               JUNCTION       24.00          0.000        0.000
  S18-52               JUNCTION       24.00          0.000        0.000
  S35-CP2              JUNCTION       24.00          0.000        0.000
  S18-50               JUNCTION       24.00          0.000        0.000
  S18-48               JUNCTION       24.00          0.000        0.000
  S18-46               JUNCTION       24.00          0.000        0.000
  S18-44               JUNCTION       24.00          0.000        0.000
  S32                  JUNCTION       24.00          0.000        0.000
  S32-CP2              JUNCTION       24.00          0.000        0.000
  S29-OFP              JUNCTION       24.00          0.000        0.000
  S31                  JUNCTION       24.00          0.000        0.000
  S31-CP4              JUNCTION       24.00          0.000        0.000
  S31-CP2              JUNCTION       24.00          0.000        0.000
  S18-42               JUNCTION       24.00          0.000        0.000
  S30                  JUNCTION       24.00          0.000        0.000
  S30-CP2              JUNCTION       24.00          0.000        0.000
  S18-40               JUNCTION       24.00          0.000        0.000
  S30-CP4              JUNCTION       24.00          0.000        0.000
  S29-CP2              JUNCTION       24.00          0.000        0.000
  S29                  JUNCTION       24.00          0.000        0.000
  S18-38               JUNCTION       24.00          0.000        0.000
  S18-36               JUNCTION       24.00          0.000        0.000
  S18-34               JUNCTION       24.00          0.000        0.000
  S18-32               JUNCTION       24.00          0.000        0.000
  S28                  JUNCTION       24.00          0.000        0.000
  S28-02               JUNCTION       24.00          0.000        0.000
  S28-CP2              JUNCTION       24.00          0.000        0.000
  S18-30               JUNCTION       24.00          0.000        0.000
  S18-28               JUNCTION       24.00          0.000        0.000
  S24                  JUNCTION       24.00          0.000        0.000
  S24-OFP              JUNCTION       24.00          0.000        0.000
  S18-26               JUNCTION       24.00          0.000        0.000
  S18-24               JUNCTION       24.00          0.000        0.000
  S24-CP2              JUNCTION       24.00          0.000        0.000
  S18-22               JUNCTION       24.00          0.000        0.000
  S28-04               JUNCTION       24.00          0.000        0.000
  S18-20               JUNCTION       24.00          0.000        0.000
  S24-00               JUNCTION       24.00          0.000        0.000
  S24-02               JUNCTION       24.00          0.000        0.000
  S18-18               JUNCTION       24.00          0.000        0.000
  S24-04               JUNCTION       24.00          0.000        0.000
  S24-06               JUNCTION       24.00          0.000        0.000
  S24-08               JUNCTION       24.00          0.000        0.000
  S23                  JUNCTION       24.00          0.000        0.000
  S18-16               JUNCTION       24.00          0.000        0.000
  M06-00               JUNCTION       24.00          0.000        0.000
  S18-14               JUNCTION       24.00          0.000        0.000
  S24-28               JUNCTION       24.00          0.000        0.000
  S24-26               JUNCTION       24.00          0.000        0.000
  S24-18               JUNCTION       24.00          0.000        0.000
  S24-10               JUNCTION       24.00          0.000        0.000
  S24-20               JUNCTION       24.00          0.000        0.000
  S24-24               JUNCTION       24.00          0.000        0.000
  S24-22               JUNCTION       24.00          0.000        0.000
  S24-14               JUNCTION       24.00          0.000        0.000
  S24-12               JUNCTION       24.00          0.000        0.000
  S24-16               JUNCTION       24.00          0.000        0.000
  S18-12               JUNCTION       24.00          0.000        0.000
  S24-30               JUNCTION       24.00          0.000        0.000
  S24-32               JUNCTION       24.00          0.000        0.000
  S18-10               JUNCTION       24.00          0.000        0.000
  S18-08               JUNCTION       24.00          0.000        0.000
  S18-06               JUNCTION       24.00          0.000        0.000
  S18-04               JUNCTION       24.00          0.000        0.000
  S24-34               JUNCTION       24.00          0.000        0.000
  S18-02               JUNCTION       24.00          0.000        0.000
  S18                  JUNCTION       24.00          0.000        0.000
  S18-CP2              JUNCTION       24.00          0.000        0.000
  M06-10               JUNCTION       24.00          0.000        0.000
  M07-00               JUNCTION       24.00          0.000        0.000
  M08-00               JUNCTION       24.00          0.000        0.000
  A65-CP               JUNCTION       24.00          0.000        0.000
  A63-CP               JUNCTION       24.00          0.000        0.000
  A64-CP               JUNCTION       24.00          0.000        0.000
  A62-02               JUNCTION       24.00          0.000        0.000
  A66-CP               JUNCTION       24.00          0.000        0.000
  A63-00               JUNCTION       24.00          0.000        0.000
  A64-00               JUNCTION       24.00          0.000        0.000
  A65-00               JUNCTION       24.00          0.000        0.000
  A66-00               JUNCTION       24.00          0.000        0.000
  A66-02               JUNCTION       24.00          0.000        0.000
  A66-04               JUNCTION       24.00          0.000        0.000
  A67-00               JUNCTION       24.00          0.000        0.000
  M32-04               JUNCTION       24.00          0.000        0.000
  M32-00               JUNCTION       24.00          0.000        0.000
  M35-02               JUNCTION       24.00          0.000        0.000
  M35-00               JUNCTION       24.00          0.000        0.000
  M36-00               JUNCTION       24.00          0.000        0.000
  M39-00               JUNCTION       24.00          0.000        0.000
  M40-00               JUNCTION       24.00          0.000        0.000
  M42-04               JUNCTION       24.00          0.000        0.000
  M42-02               JUNCTION       24.00          0.000        0.000
  A69-00               JUNCTION       24.00          0.000        0.000
  M42-00               JUNCTION       24.00          0.000        0.000
  A70-CP               JUNCTION       24.00          0.000        0.000
  A70-00               JUNCTION       24.00          0.000        0.000
  A70-02               JUNCTION       24.00          0.000        0.000
  A71-00               JUNCTION       24.00          0.000        0.000
  A71-CP               JUNCTION       24.00          0.000        0.000
  M43-02               JUNCTION       24.00          0.000        0.000
  M43-00               JUNCTION       24.00          0.000        0.000
  M44-02               JUNCTION       24.00          0.000        0.000
  A72-CP               JUNCTION       24.00          0.000        0.000
  M44-00               JUNCTION       24.00          0.000        0.000
  M45-01               JUNCTION       24.00          0.000        0.000
  M45-02               JUNCTION       24.00          0.000        0.000
  M45-00               JUNCTION       24.00          0.000        0.000
  A72-06               JUNCTION       24.00          0.000        0.000
  A72-08               JUNCTION       24.00          0.000        0.000
  A73-00               JUNCTION       24.00          0.000        0.000
  A73-CP               JUNCTION       24.00          0.000        0.000
  A74-CP               JUNCTION       24.00          0.000        0.000
  A74-00               JUNCTION       24.00          0.000        0.000
  A74A00               JUNCTION       24.00          0.000        0.000
  A74A02               JUNCTION       24.00          0.000        0.000
  GUY-02               JUNCTION       24.00          0.000        0.000
  GUY-04               JUNCTION       24.00          0.000        0.000
  GUY-06               JUNCTION       24.00          0.000        0.000
  A75-00               JUNCTION       24.00          0.000        0.000
  A76-00               JUNCTION       24.00          0.000        0.000
  A77-00               JUNCTION       24.00          0.000        0.000
  A75-CP               JUNCTION       24.00          0.000        0.000
  A77-02               JUNCTION       24.00          0.000        0.000
  A77-04               JUNCTION       24.00          0.000        0.000
  A78-01               JUNCTION       24.00          0.000        0.000
  A78-00               JUNCTION       24.00          0.000        0.000
  A76-CP               JUNCTION       24.00          0.000        0.000
  A78-02               JUNCTION       24.00          0.000        0.000
  A78-04               JUNCTION       24.00          0.000        0.000
  A77-CP               JUNCTION       24.00          0.000        0.000
  A78-10               JUNCTION       24.00          0.000        0.000
  A78-12               JUNCTION       24.00          0.000        0.000
  A78-14               JUNCTION       24.00          0.000        0.000
  A78-16               JUNCTION       24.00          0.000        0.000
  A78-18               JUNCTION       24.00          0.000        0.000
  A79-00               JUNCTION       24.00          0.000        0.000
  A80-00               JUNCTION       24.00          0.000        0.000
  A80-02               JUNCTION       24.00          0.000        0.000
  A81-00               JUNCTION       24.00          0.000        0.000
  M59-OR               JUNCTION       24.00          0.000        0.000
  A82-05               JUNCTION       24.00          0.000        0.000
  A82-04               JUNCTION       24.00          0.000        0.000
  M61-00               JUNCTION       24.00          0.000        0.000
  A82-07               JUNCTION       24.00          0.000        0.000
  A82-06               JUNCTION       24.00          0.000        0.000
  A82-02               JUNCTION       24.00          0.000        0.000
  M61-VOR              JUNCTION       24.00          0.000        0.000
  A82-00               JUNCTION       24.00          0.000        0.000
  A82-08               JUNCTION       24.00          0.000        0.000
  A82-12               JUNCTION       24.00          0.000        0.000
  A82-14               JUNCTION       24.00          0.000        0.000
  A82-18               JUNCTION       24.00          0.000        0.000
  A82-20               JUNCTION       24.00          0.000        0.000
  A83-00               JUNCTION       24.00          0.000        0.000
  A83-02               JUNCTION       24.00          0.000        0.000
  A84-00               JUNCTION       24.00          0.000        0.000
  A84-02               JUNCTION       24.00          0.000        0.000
  A85-00               JUNCTION       24.00          0.000        0.000
  A84-24               JUNCTION       24.00          0.000        0.000
  A84-22               JUNCTION       24.00          0.000        0.000
  A84-20               JUNCTION       24.00          0.000        0.000
  A84-16               JUNCTION       24.00          0.000        0.000
  A84-14               JUNCTION       24.00          0.000        0.000
  T01-00               JUNCTION       24.00          0.000        0.000
  T01-VOR              JUNCTION       24.00          0.000        0.000
  T02-00               JUNCTION       24.00          0.000        0.000
  T02-VOR              JUNCTION       24.00          0.000        0.000
  T03-CP               JUNCTION       24.00          0.000        0.000
  T07-OFP              JUNCTION       24.00          0.000        0.000
  T03-OFP              JUNCTION       24.00          0.000        0.000
  T03-00               JUNCTION       24.00          0.000        0.000
  T07-CP4              JUNCTION       24.00          0.000        0.000
  T04-OR               JUNCTION       24.00          0.000        0.000
  T04-CP               JUNCTION       24.00          0.000        0.000
  T04-00               JUNCTION       24.00          0.000        0.000
  T05-02               JUNCTION       24.00          0.000        0.000
  T07-CP2              JUNCTION       24.00          0.000        0.000
  T07-00               JUNCTION       24.00          0.000        0.000
  T07-02               JUNCTION       24.00          0.000        0.000
  T08-01               JUNCTION       24.00          0.000        0.000
  TR01-00              JUNCTION       24.00          0.000        0.000
  TR00-02              JUNCTION       24.00          0.000        0.000
  TR01-01              JUNCTION       24.00          0.000        0.000
  T08-00               JUNCTION       24.00          0.000        0.000
  TR01-02              JUNCTION       24.00          0.000        0.000
  T08-02               JUNCTION       24.00          0.000        0.000
  TR01-04              JUNCTION       24.00          0.000        0.000
  T10-00               JUNCTION       24.00          0.000        0.000
  TR01-12              JUNCTION       24.00          0.000        0.000
  T11-00               JUNCTION       24.00          0.000        0.000
  TR02-01              JUNCTION       24.00          0.000        0.000
  TR03-00              JUNCTION       24.00          0.000        0.000
  TR03-01              JUNCTION       24.00          0.000        0.000
  TR02-00              JUNCTION       24.00          0.000        0.000
  T12-00               JUNCTION       24.00          0.000        0.000
  TR03-04              JUNCTION       24.00          0.000        0.000
  T13-00               JUNCTION       24.00          0.000        0.000
  TR03-06              JUNCTION       24.00          0.000        0.000
  T11-CP               JUNCTION       24.00          0.000        0.000
  T12-CP               JUNCTION       24.00          0.000        0.000
  TR03-08              JUNCTION       24.00          0.000        0.000
  T13-CP               JUNCTION       24.00          0.000        0.000
  TR03-10              JUNCTION       24.00          0.000        0.000
  T14-00               JUNCTION       24.00          0.000        0.000
  T14-04               JUNCTION       24.00          0.000        0.000
  T14-CP               JUNCTION       24.00          0.000        0.000
  T14-05               JUNCTION       24.00          0.000        0.000
  T16A00               JUNCTION       24.00          0.000        0.000
  T16-04               JUNCTION       24.00          0.000        0.000
  TR03-18              JUNCTION       24.00          0.000        0.000
  TR03-14              JUNCTION       24.00          0.000        0.000
  T17-00               JUNCTION       24.00          0.000        0.000
  T16A-CP              JUNCTION       24.00          0.000        0.000
  TR03-22              JUNCTION       24.00          0.000        0.000
  T16-CP               JUNCTION       24.00          0.000        0.000
  T17-CP               JUNCTION       24.00          0.000        0.000
  TR04-00              JUNCTION       24.00          0.000        0.000
  TR04-01              JUNCTION       24.00          0.000        0.000
  T17-04               JUNCTION       24.00          0.000        0.000
  T18-02               JUNCTION       24.00          0.000        0.000
  T18-00               JUNCTION       24.00          0.000        0.000
  T19-00               JUNCTION       24.00          0.000        0.000
  TR04-06              JUNCTION       24.00          0.000        0.000
  T19-CP               JUNCTION       24.00          0.000        0.000
  T21-00               JUNCTION       24.00          0.000        0.000
  TR04-10              JUNCTION       24.00          0.000        0.000
  T22-02               JUNCTION       24.00          0.000        0.000
  TR04-12              JUNCTION       24.00          0.000        0.000
  T21-CP               JUNCTION       24.00          0.000        0.000
  T23-00               JUNCTION       24.00          0.000        0.000
  T22-CP               JUNCTION       24.00          0.000        0.000
  T23-CP               JUNCTION       24.00          0.000        0.000
  T24-00               JUNCTION       24.00          0.000        0.000
  TR04-15              JUNCTION       24.00          0.000        0.000
  TR05-00              JUNCTION       24.00          0.000        0.000
  TR05-01              JUNCTION       24.00          0.000        0.000
  T24-CP               JUNCTION       24.00          0.000        0.000
  TR05-06              JUNCTION       24.00          0.000        0.000
  TR04-18              JUNCTION       24.00          0.000        0.000
  TR04-20              JUNCTION       24.00          0.000        0.000
  TR04-22              JUNCTION       24.00          0.000        0.000
  TR04-24              JUNCTION       24.00          0.000        0.000
  T25-00               JUNCTION       24.00          0.000        0.000
  TR05-20              JUNCTION       24.00          0.000        0.000
  TR05-18              JUNCTION       24.00          0.000        0.000
  T25-CP               JUNCTION       24.00          0.000        0.000
  TR05-24              JUNCTION       24.00          0.000        0.000
  TR06-00              JUNCTION       24.00          0.000        0.000
  T25-04               JUNCTION       24.00          0.000        0.000
  T25-10               JUNCTION       24.00          0.000        0.000
  T25-14               JUNCTION       24.00          0.000        0.000
  T25-16               JUNCTION       24.00          0.000        0.000
  T26-00               JUNCTION       24.00          0.000        0.000
  T26-06               JUNCTION       24.00          0.000        0.000
  T26A-CP              JUNCTION       24.00          0.000        0.000
  T26A00               JUNCTION       24.00          0.000        0.000
  T26A04               JUNCTION       24.00          0.000        0.000
  T33-CP               JUNCTION       24.00          0.000        0.000
  T33-00               JUNCTION       24.00          0.000        0.000
  T32-CP               JUNCTION       24.00          0.000        0.000
  T31-CP               JUNCTION       24.00          0.000        0.000
  T32-02               JUNCTION       24.00          0.000        0.000
  T32-00               JUNCTION       24.00          0.000        0.000
  T31-00               JUNCTION       24.00          0.000        0.000
  T26A10               JUNCTION       24.00          0.000        0.000
  T26A12               JUNCTION       24.00          0.000        0.000
  T27-12               JUNCTION       24.00          0.000        0.000
  T27-04               JUNCTION       24.00          0.000        0.000
  T27-00               JUNCTION       24.00          0.000        0.000
  T27-18               JUNCTION       24.00          0.000        0.000
  T27-24               JUNCTION       24.00          0.000        0.000
  T29-00               JUNCTION       24.00          0.000        0.000
  T29A00               JUNCTION       24.00          0.000        0.000
  T29-CP               JUNCTION       24.00          0.000        0.000
  T29A10               JUNCTION       24.00          0.000        0.000
  
  
  *********************
  Node Flooding Summary
  *********************
  
  Flooding refers to all water that overflows a node, whether it ponds or not.
  --------------------------------------------------------------------------
                                                             Total   Maximum
                                 Maximum   Time of Max       Flood    Ponded
                        Hours       Rate    Occurrence      Volume     Depth
  Node                 Flooded       CFS   days hr:min    10^6 gal      Feet
  --------------------------------------------------------------------------
  A42-60                 24.00      0.22      0  00:00       0.142     0.000
  
  
  **********************
  Storage Volume Summary
  **********************
  
  ------------------------------------------------------------------------------------------------
                         Average    Avg   Evap  Exfil     Maximum    Max    Time of Max    Maximum
                          Volume   Pcnt   Pcnt   Pcnt      Volume   Pcnt     Occurrence    Outflow
  Storage Unit          1000 ft³   Full   Loss   Loss    1000 ft³   Full    days hr:min        CFS
  ------------------------------------------------------------------------------------------------
  O26A00                   0.000    0.0    0.0    0.0       0.000    0.0       0  00:00       0.00
  M59-00                   0.000    0.0    0.0    0.0       0.000    0.0       0  00:00       0.00
  M33-02                   0.000    0.0    0.0    0.0       0.000    0.0       0  00:00       0.00
  A62-00                   0.000    0.0    0.0    0.0       0.000    0.0       0  00:00       0.00
  A42-00                   0.000    0.0    0.0    0.0       0.000    0.0       0  00:00       0.00
  A42L-00                  0.000    0.0    0.0    0.0       0.000    0.0       0  00:00       0.00
  A42U-00                  0.000    0.0    0.0    0.0       0.000    0.0       0  00:00       0.00
  A35-VOR                  0.000    0.0    0.0    0.0       0.000    0.0       0  00:00       0.00
  A39-VOR                  0.000    0.0    0.0    0.0       0.000    0.0       0  00:00       0.00
  A43-00                   0.000    0.0    0.0    0.0       0.000    0.0       0  00:00       0.00
  O26-CP2                  0.000    0.0    0.0    0.0       0.000    0.0       0  00:00       0.00
  O26-VOR                  0.000    0.0    0.0    0.0       0.000    0.0       0  00:00       0.00
  O25-VOR                  0.000    0.0    0.0    0.0       0.000    0.0       0  00:00       0.00
  O25-CP2                  0.000    0.0    0.0    0.0       0.000    0.0       0  00:00       0.00
  O04-04                   0.000    0.0    0.0    0.0       0.000    0.0       0  00:00       0.00
  M09-VOR                  0.000    0.0    0.0    0.0       0.000    0.0       0  00:00       0.00
  M16-VOR                  0.000    0.0    0.0    0.0       0.000    0.0       0  00:00       0.00
  M17-VOR                  0.000    0.0    0.0    0.0       0.000    0.0       0  00:00       0.00
  M23-VOR                  0.000    0.0    0.0    0.0       0.000    0.0       0  00:00       0.00
  M33-VOR                  0.000    0.0    0.0    0.0       0.000    0.0       0  00:00       0.00
  M01-VOR                  0.000    0.0    0.0    0.0       0.000    0.0       0  00:00       0.00
  M02-VOR                  0.000    0.0    0.0    0.0       0.000    0.0       0  00:00       0.00
  M03-VOR                  0.000    0.0    0.0    0.0       0.000    0.0       0  00:00       0.00
  M04-VOR                  0.000    0.0    0.0    0.0       0.000    0.0       0  00:00       0.00
  M05-VOR                  0.000    0.0    0.0    0.0       0.000    0.0       0  00:00       0.00
  M11-VOR                  0.000    0.0    0.0    0.0       0.000    0.0       0  00:00       0.00
  M12-VOR                  0.000    0.0    0.0    0.0       0.000    0.0       0  00:00       0.00
  M13-VOR                  0.000    0.0    0.0    0.0       0.000    0.0       0  00:00       0.00
  M14-VOR                  0.000    0.0    0.0    0.0       0.000    0.0       0  00:00       0.00
  M15-VOR                  0.000    0.0    0.0    0.0       0.000    0.0       0  00:00       0.00
  M18-VOR                  0.000    0.0    0.0    0.0       0.000    0.0       0  00:00       0.00
  M19-VOR                  0.000    0.0    0.0    0.0       0.000    0.0       0  00:00       0.00
  M20-VOR                  0.000    0.0    0.0    0.0       0.000    0.0       0  00:00       0.00
  M21-VOR                  0.000    0.0    0.0    0.0       0.000    0.0       0  00:00       0.00
  M22-VOR                  0.000    0.0    0.0    0.0       0.000    0.0       0  00:00       0.00
  M26-VOR                  0.000    0.0    0.0    0.0       0.000    0.0       0  00:00       0.00
  M27-VOR                  0.000    0.0    0.0    0.0       0.000    0.0       0  00:00       0.00
  M29-VOR                  0.000    0.0    0.0    0.0       0.000    0.0       0  00:00       0.00
  M31-VOR                  0.000    0.0    0.0    0.0       0.000    0.0       0  00:00       0.00
  M47-VOR                  0.000    0.0    0.0    0.0       0.000    0.0       0  00:00       0.00
  M48-VOR                  0.000    0.0    0.0    0.0       0.000    0.0       0  00:00       0.00
  M50-VOR                  0.000    0.0    0.0    0.0       0.000    0.0       0  00:00       0.00
  M51-VOR                  0.000    0.0    0.0    0.0       0.000    0.0       0  00:00       0.00
  M52-VOR                  0.000    0.0    0.0    0.0       0.000    0.0       0  00:00       0.00
  M53-VOR                  0.000    0.0    0.0    0.0       0.000    0.0       0  00:00       0.00
  M54-VOR                  0.000    0.0    0.0    0.0       0.000    0.0       0  00:00       0.00
  M55-VOR                  0.000    0.0    0.0    0.0       0.000    0.0       0  00:00       0.00
  M56-VOR                  0.000    0.0    0.0    0.0       0.000    0.0       0  00:00       0.00
  M57-VOR                  0.000    0.0    0.0    0.0       0.000    0.0       0  00:00       0.00
  M58-VOR                  0.000    0.0    0.0    0.0       0.000    0.0       0  00:00       0.00
  A01-VOR                  0.000    0.0    0.0    0.0       0.000    0.0       0  00:00       0.00
  A02-VOR                  0.000    0.0    0.0    0.0       0.000    0.0       0  00:00       0.00
  A03-VOR                  0.000    0.0    0.0    0.0       0.000    0.0       0  00:00       0.00
  A04-VOR                  0.000    0.0    0.0    0.0       0.000    0.0       0  00:00       0.00
  A06-VOR                  0.000    0.0    0.0    0.0       0.000    0.0       0  00:00       0.00
  A07-VOR                  0.000    0.0    0.0    0.0       0.000    0.0       0  00:00       0.00
  A08-VOR                  0.000    0.0    0.0    0.0       0.000    0.0       0  00:00       0.00
  A09-VOR                  0.000    0.0    0.0    0.0       0.000    0.0       0  00:00       0.00
  A10-VOR                  0.000    0.0    0.0    0.0       0.000    0.0       0  00:00       0.00
  A11-VOR                  0.000    0.0    0.0    0.0       0.000    0.0       0  00:00       0.00
  A12-VOR                  0.000    0.0    0.0    0.0       0.000    0.0       0  00:00       0.00
  A13-VOR                  0.000    0.0    0.0    0.0       0.000    0.0       0  00:00       0.00
  A14-VOR                  0.000    0.0    0.0    0.0       0.000    0.0       0  00:00       0.00
  A15-VOR                  0.000    0.0    0.0    0.0       0.000    0.0       0  00:00       0.00
  A16-VOR                  0.000    0.0    0.0    0.0       0.000    0.0       0  00:00       0.00
  A17-VOR                  0.000    0.0    0.0    0.0       0.000    0.0       0  00:00       0.00
  A18-VOR                  0.000    0.0    0.0    0.0       0.000    0.0       0  00:00       0.00
  A19-VOR                  0.000    0.0    0.0    0.0       0.000    0.0       0  00:00       0.00
  A20-VOR                  0.000    0.0    0.0    0.0       0.000    0.0       0  00:00       0.00
  A21-VOR                  0.000    0.0    0.0    0.0       0.000    0.0       0  00:00       0.00
  A22-VOR                  0.000    0.0    0.0    0.0       0.000    0.0       0  00:00       0.00
  A23-VOR                  0.000    0.0    0.0    0.0       0.000    0.0       0  00:00       0.00
  A25-VOR                  0.000    0.0    0.0    0.0       0.000    0.0       0  00:00       0.00
  A26-VOR                  0.000    0.0    0.0    0.0       0.000    0.0       0  00:00       0.00
  A27-VOR                  0.000    0.0    0.0    0.0       0.000    0.0       0  00:00       0.00
  A28-VOR                  0.000    0.0    0.0    0.0       0.000    0.0       0  00:00       0.00
  A29-VOR                  0.000    0.0    0.0    0.0       0.000    0.0       0  00:00       0.00
  A30-VOR                  0.000    0.0    0.0    0.0       0.000    0.0       0  00:00       0.00
  A31-VOR                  0.000    0.0    0.0    0.0       0.000    0.0       0  00:00       0.00
  A32-VOR                  0.000    0.0    0.0    0.0       0.000    0.0       0  00:00       0.00
  A33-VOR                  0.000    0.0    0.0    0.0       0.000    0.0       0  00:00       0.00
  A34-VOR                  0.000    0.0    0.0    0.0       0.000    0.0       0  00:00       0.00
  A35-01                   0.000    0.0    0.0    0.0       0.000    0.0       0  00:00       0.00
  A36-VOR                  0.000    0.0    0.0    0.0       0.000    0.0       0  00:00       0.00
  A37-VOR                  0.000    0.0    0.0    0.0       0.000    0.0       0  00:00       0.00
  A38-VOR                  0.000    0.0    0.0    0.0       0.000    0.0       0  00:00       0.00
  A40-VOR                  0.000    0.0    0.0    0.0       0.000    0.0       0  00:00       0.00
  A41-VOR                  0.000    0.0    0.0    0.0       0.000    0.0       0  00:00       0.00
  A46-VOR                  0.000    0.0    0.0    0.0       0.000    0.0       0  00:00       0.00
  A47-VOR                  0.000    0.0    0.0    0.0       0.000    0.0       0  00:00       0.00
  A48-VOR                  0.000    0.0    0.0    0.0       0.000    0.0       0  00:00       0.00
  A49-VOR                  0.000    0.0    0.0    0.0       0.000    0.0       0  00:00       0.00
  A50-VOR                  0.000    0.0    0.0    0.0       0.000    0.0       0  00:00       0.00
  A51-VOR                  0.000    0.0    0.0    0.0       0.000    0.0       0  00:00       0.00
  A56-VOR                  0.000    0.0    0.0    0.0       0.000    0.0       0  00:00       0.00
  A58-VOR                  0.000    0.0    0.0    0.0       0.000    0.0       0  00:00       0.00
  A59-VOR                  0.000    0.0    0.0    0.0       0.000    0.0       0  00:00       0.00
  A60-VOR                  0.000    0.0    0.0    0.0       0.000    0.0       0  00:00       0.00
  A61-VOR                  0.000    0.0    0.0    0.0       0.000    0.0       0  00:00       0.00
  A62-VOR                  0.000    0.0    0.0    0.0       0.000    0.0       0  00:00       0.00
  O27-VOR                  0.000    0.0    0.0    0.0       0.000    0.0       0  00:00       0.00
  O28-VOR                  0.000    0.0    0.0    0.0       0.000    0.0       0  00:00       0.00
  O29-VOR                  0.000    0.0    0.0    0.0       0.000    0.0       0  00:00       0.00
  O30-VOR                  0.000    0.0    0.0    0.0       0.000    0.0       0  00:00       0.00
  O31-VOR                  0.000    0.0    0.0    0.0       0.000    0.0       0  00:00       0.00
  O32-VOR                  0.000    0.0    0.0    0.0       0.000    0.0       0  00:00       0.00
  O33-VOR                  0.000    0.0    0.0    0.0       0.000    0.0       0  00:00       0.00
  O34-VOR                  0.000    0.0    0.0    0.0       0.000    0.0       0  00:00       0.00
  O35-VOR                  0.000    0.0    0.0    0.0       0.000    0.0       0  00:00       0.00
  O36-VOR                  0.000    0.0    0.0    0.0       0.000    0.0       0  00:00       0.00
  O37-VOR                  0.000    0.0    0.0    0.0       0.000    0.0       0  00:00       0.00
  O38-VOR                  0.000    0.0    0.0    0.0       0.000    0.0       0  00:00       0.00
  O39-VOR                  0.000    0.0    0.0    0.0       0.000    0.0       0  00:00       0.00
  O40-VOR                  0.000    0.0    0.0    0.0       0.000    0.0       0  00:00       0.00
  O41-VOR                  0.000    0.0    0.0    0.0       0.000    0.0       0  00:00       0.00
  O17-VOR                  0.000    0.0    0.0    0.0       0.000    0.0       0  00:00       0.00
  O18-VOR                  0.000    0.0    0.0    0.0       0.000    0.0       0  00:00       0.00
  O19-VOR                  0.000    0.0    0.0    0.0       0.000    0.0       0  00:00       0.00
  O20-VOR                  0.000    0.0    0.0    0.0       0.000    0.0       0  00:00       0.00
  O21-VOR                  0.000    0.0    0.0    0.0       0.000    0.0       0  00:00       0.00
  O22-VOR                  0.000    0.0    0.0    0.0       0.000    0.0       0  00:00       0.00
  O23-VOR                  0.000    0.0    0.0    0.0       0.000    0.0       0  00:00       0.00
  O24-VOR                  0.000    0.0    0.0    0.0       0.000    0.0       0  00:00       0.00
  O-14-02                  0.000    0.0    0.0    0.0       0.000    0.0       0  00:00       0.00
  O06-OR                   0.000    0.0    0.0    0.0       0.000    0.0       0  00:00       0.00
  A42A-00                  0.000    0.0    0.0    0.0       0.000    0.0       0  00:00       0.00
  A42A-28                  0.000    0.0    0.0    0.0       0.000    0.0       0  00:00       0.00
  A42-02                   0.000    0.0    0.0    0.0       0.000    0.0       0  00:00       0.00
  
  
  ***********************
  Outfall Loading Summary
  ***********************
  
  -----------------------------------------------------------
                         Flow       Avg       Max       Total
                         Freq      Flow      Flow      Volume
  Outfall Node           Pcnt       CFS       CFS    10^6 gal
  -----------------------------------------------------------
  O26-FO                 0.00      0.00      0.00       0.000
  -----------------------------------------------------------
  System                 0.00      0.00      0.00       0.000
  
  
  ********************
  Link Flow Summary
  ********************
  
  -----------------------------------------------------------------------------
                                 Maximum  Time of Max   Maximum    Max/    Max/
                                  |Flow|   Occurrence   |Veloc|    Full    Full
  Link                 Type          CFS  days hr:min    ft/sec    Flow   Depth
  -----------------------------------------------------------------------------
  201                  CONDUIT      0.00     0  00:00      0.00    0.00    0.00
  204                  CONDUIT      0.00     0  00:00      0.00    0.00    0.00
  207                  CONDUIT      0.00     0  00:00      0.00    0.00    0.00
  209                  CONDUIT      0.00     0  00:00      0.00    0.00    0.00
  211                  CONDUIT      0.00     0  00:00      0.00    0.00    0.00
  213                  CONDUIT      0.00     0  00:00      0.00    0.00    0.00
  215                  CONDUIT      0.00     0  00:00      0.00    0.00    0.00
  217                  CONDUIT      0.00     0  00:00      0.00    0.00    0.00
  219                  CONDUIT      0.00     0  00:00      0.00    0.00    0.00
  221                  CONDUIT      0.00     0  00:00      0.00    0.00    0.00
  223                  CONDUIT      0.00     0  00:00      0.00    0.00    0.00
  225                  CONDUIT      0.00     0  00:00      0.00    0.00    0.00
  227                  CONDUIT      0.00     0  00:00      0.00    0.00    0.00
  229                  CONDUIT      0.00     0  00:00      0.00    0.00    0.00
  231                  CONDUIT      0.00     0  00:00      0.00    0.00    0.00
  233                  CONDUIT      0.00     0  00:00      0.00    0.00    0.00
  235                  CONDUIT      0.00     0  00:00      0.00    0.00    0.00
  237                  CONDUIT      0.00     0  00:00      0.00    0.00    0.00
  239                  CONDUIT      0.00     0  00:00      0.00    0.00    0.00
  241                  CONDUIT      0.00     0  00:00      0.00    0.00    0.00
  243                  CONDUIT      0.00     0  00:00      0.00    0.00    0.00
  245                  CONDUIT      0.00     0  00:00      0.00    0.00    0.00
  248                  CONDUIT      0.00     0  00:00      0.00    0.00    0.00
  250                  CONDUIT      0.00     0  00:00      0.00    0.00    0.00
  252                  CONDUIT      0.00     0  00:00      0.00    0.00    0.00
  254                  CONDUIT      0.00     0  00:00      0.00    0.00    0.00
  256                  CONDUIT      0.00     0  00:00      0.00    0.00    0.00
  258                  CONDUIT      0.00     0  00:00      0.00    0.00    0.00
  260                  CONDUIT      0.00     0  00:00      0.00    0.00    0.00
  262                  CONDUIT      0.00     0  00:00      0.00    0.00    0.00
  264                  CONDUIT      0.00     0  00:00      0.00    0.00    0.00
  266                  CONDUIT      0.00     0  00:00      0.00    0.00    0.00
  268                  CONDUIT      0.00     0  00:00      0.00    0.00    0.00
  270                  CONDUIT      0.00     0  00:00      0.00    0.00    0.00
  272                  CONDUIT      0.00     0  00:00      0.00    0.00    0.00
  274                  CONDUIT      0.00     0  00:00      0.00    0.00    0.00
  276                  CONDUIT      0.00     0  00:00      0.00    0.00    0.00
  278                  CONDUIT      0.00     0  00:00      0.00    0.00    0.00
  280                  CONDUIT      0.00     0  00:00      0.00    0.00    0.00
  282                  CONDUIT      0.00     0  00:00      0.00    0.00    0.00
  284                  CONDUIT      0.00     0  00:00      0.00    0.00    0.00
  286                  CONDUIT      0.00     0  00:00      0.00    0.00    0.00
  288                  CONDUIT      0.00     0  00:00      0.00    0.00    0.00
  290                  CONDUIT      0.00     0  00:00      0.00    0.00    0.00
  292                  CONDUIT      0.00     0  00:00      0.00    0.00    0.00
  294                  CONDUIT      0.00     0  00:00      0.00    0.00    0.00
  296                  CONDUIT      0.00     0  00:00      0.00    0.00    0.00
  298                  CONDUIT      0.00     0  00:00      0.00    0.00    0.00
  300                  CONDUIT      0.00     0  00:00      0.00    0.00    0.00
  302                  CONDUIT      0.00     0  00:00      0.00    0.00    0.00
  304                  CONDUIT      0.00     0  00:00      0.00    0.00    0.00
  305                  CONDUIT      0.00     0  00:00      0.00    0.00    0.00
  308                  CONDUIT      0.00     0  00:00      0.00    0.00    0.00
  310                  CONDUIT      0.00     0  00:00      0.00    0.00    0.00
  312                  CONDUIT      0.00     0  00:00      0.00    0.00    0.00
  314                  CONDUIT      0.00     0  00:00      0.00    0.00    0.00
  316                  CONDUIT      0.00     0  00:00      0.00    0.00    0.00
  318                  CONDUIT      0.00     0  00:00      0.00    0.00    0.00
  320                  CONDUIT      0.00     0  00:00      0.00    0.00    0.00
  322                  CONDUIT      0.00     0  00:00      0.00    0.00    0.00
  324                  CONDUIT      0.00     0  00:00      0.00    0.00    0.00
  326                  CONDUIT      0.00     0  00:00      0.00    0.00    0.00
  328                  CONDUIT      0.00     0  00:00      0.00    0.00    0.00
  330                  CONDUIT      0.00     0  00:00      0.00    0.00    0.00
  332                  CONDUIT      0.00     0  00:00      0.00    0.00    0.00
  334                  CONDUIT      0.00     0  00:00      0.00    0.00    0.00
  336                  CONDUIT      0.00     0  00:00      0.00    0.00    0.00
  338                  CONDUIT      0.00     0  00:00      0.00    0.00    0.00
  340                  CONDUIT      0.00     0  00:00      0.00    0.00    0.00
  342                  CONDUIT      0.00     0  00:00      0.00    0.00    0.00
  344                  CONDUIT      0.00     0  00:00      0.00    0.00    0.00
  205                  CONDUIT      0.00     0  00:00      0.00    0.00    0.00
  347                  CONDUIT      0.00     0  00:00      0.00    0.00    0.00
  349                  CONDUIT      0.00     0  00:00      0.00    0.00    0.00
  351                  CONDUIT      0.00     0  00:00      0.00    0.00    0.00
  353                  CONDUIT      0.00     0  00:00      0.00    0.00    0.00
  355                  CONDUIT      0.00     0  00:00      0.00    0.00    0.00
  357                  CONDUIT      0.00     0  00:00      0.00    0.00    0.00
  359                  CONDUIT      0.00     0  00:00      0.00    0.00    0.00
  361                  CONDUIT      0.00     0  00:00      0.00    0.00    0.00
  364                  CONDUIT      0.00     0  00:00      0.00    0.00    0.00
  366                  CONDUIT      0.00     0  00:00      0.00    0.00    0.00
  368                  CONDUIT      0.00     0  00:00      0.00    0.00    0.00
  370                  CONDUIT      0.00     0  00:00      0.00    0.00    0.00
  372                  CONDUIT      0.00     0  00:00      0.00    0.00    0.00
  374                  CONDUIT      0.00     0  00:00      0.00    0.00    0.00
  376                  CONDUIT      0.00     0  00:00      0.00    0.00    0.00
  378                  CONDUIT      0.00     0  00:00      0.00    0.00    0.00
  380                  CONDUIT      0.00     0  00:00      0.00    0.00    0.00
  382                  CONDUIT      0.00     0  00:00      0.00    0.00    0.00
  384                  CONDUIT      0.00     0  00:00      0.00    0.00    0.00
  386                  CONDUIT      0.00     0  00:00      0.00    0.00    0.00
  388                  CONDUIT      0.00     0  00:00      0.00    0.00    0.00
  390                  CONDUIT      0.00     0  00:00      0.00    0.00    0.00
  392                  CONDUIT      0.00     0  00:00      0.00    0.00    0.00
  394                  CONDUIT      0.00     0  00:00      0.00    0.00    0.00
  396                  CONDUIT      0.00     0  00:00      0.00    0.00    0.00
  398                  CONDUIT      0.00     0  00:00      0.00    0.00    0.00
  400                  CONDUIT      0.00     0  00:00      0.00    0.00    0.00
  402                  CONDUIT      0.00     0  00:00      0.00    0.00    0.00
  404                  CONDUIT      0.00     0  00:00      0.00    0.00    0.00
  406                  CONDUIT      0.00     0  00:00      0.00    0.00    0.00
  408                  CONDUIT      0.00     0  00:00      0.00    0.00    0.00
  410                  CONDUIT      0.00     0  00:00      0.00    0.00    0.00
  412                  CONDUIT      0.00     0  00:00      0.00    0.00    0.00
  414                  CONDUIT      0.00     0  00:00      0.00    0.00    0.00
  416                  CONDUIT      0.00     0  00:00      0.00    0.00    0.00
  418                  CONDUIT      0.00     0  00:00      0.00    0.00    0.00
  420                  CONDUIT      0.00     0  00:00      0.00    0.00    0.00
  422                  CONDUIT      0.00     0  00:00      0.00    0.00    0.00
  424                  CONDUIT      0.00     0  00:00      0.00    0.00    0.00
  426                  CONDUIT      0.00     0  00:00      0.00    0.00    0.00
  428                  CONDUIT      0.00     0  00:00      0.00    0.00    0.00
  430                  CONDUIT      0.00     0  00:00      0.00    0.00    0.00
  432                  CONDUIT      0.00     0  00:00      0.00    0.00    0.00
  434                  CONDUIT      0.00     0  00:00      0.00    0.00    0.00
  436                  CONDUIT      0.00     0  00:00      0.00    0.00    0.00
  438                  CONDUIT      0.00     0  00:00      0.00    0.00    0.00
  440                  CONDUIT      0.00     0  00:00      0.00    0.00    0.00
  442                  CONDUIT      0.00     0  00:00      0.00    0.00    0.00
  444                  CONDUIT      0.00     0  00:00      0.00    0.00    0.00
  446                  CONDUIT      0.00     0  00:00      0.00    0.00    0.00
  448                  CONDUIT      0.00     0  00:00      0.00    0.00    0.00
  450                  CONDUIT      0.00     0  00:00      0.00    0.00    0.00
  452                  CONDUIT      0.00     0  00:00      0.00    0.00    0.00
  454                  CONDUIT      0.00     0  00:00      0.00    0.00    0.00
  456                  CONDUIT      0.00     0  00:00      0.00    0.00    0.00
  458                  CONDUIT      0.00     0  00:00      0.00    0.00    0.00
  460                  CONDUIT      0.00     0  00:00      0.00    0.00    0.00
  462                  CONDUIT      0.00     0  00:00      0.00    0.00    0.00
  465                  CONDUIT      0.00     0  00:00      0.00    0.00    0.00
  467                  CONDUIT      0.00     0  00:00      0.00    0.00    0.00
  470                  CONDUIT      0.00     0  00:00      0.00    0.00    0.00
  472                  CONDUIT      0.00     0  00:00      0.00    0.00    0.00
  473                  CONDUIT      0.00     0  00:00      0.00    0.00    0.00
  477                  CONDUIT      0.00     0  00:00      0.00    0.00    0.00
  480                  CONDUIT      0.00     0  00:00      0.00    0.00    0.00
  482                  CONDUIT      0.00     0  00:00      0.00    0.00    0.00
  485                  CONDUIT      0.00     0  00:00      0.00    0.00    0.00
  487                  CONDUIT      0.00     0  00:00      0.00    0.00    0.00
  489                  CONDUIT      0.00     0  00:00      0.00    0.00    0.00
  492                  CONDUIT      0.00     0  00:00      0.00    0.00    0.00
  494                  CONDUIT      0.00     0  00:00      0.00    0.00    0.00
  496                  CONDUIT      0.00     0  00:00      0.00    0.00    0.00
  498                  CONDUIT      0.00     0  00:00      0.00    0.00    0.00
  500                  CONDUIT      0.00     0  00:00      0.00    0.00    0.00
  502                  CONDUIT      0.00     0  00:00      0.00    0.00    0.00
  504                  CONDUIT      0.00     0  00:00      0.00    0.00    0.00
  506                  CONDUIT      0.00     0  00:00      0.00    0.00    0.00
  508                  CONDUIT      0.00     0  00:00      0.00    0.00    0.00
  510                  CONDUIT      0.00     0  00:00      0.00    0.00    0.00
  512                  CONDUIT      0.00     0  00:00      0.00    0.00    0.00
  514                  CONDUIT      0.00     0  00:00      0.00    0.00    0.00
  516                  CONDUIT      0.00     0  00:00      0.00    0.00    0.00
  518                  CONDUIT      0.00     0  00:00      0.00    0.00    0.00
  520                  CONDUIT      0.00     0  00:00      0.00    0.00    0.00
  522                  CONDUIT      0.00     0  00:00      0.00    0.00    0.00
  524                  CONDUIT      0.00     0  00:00      0.00    0.00    0.00
  246                  CONDUIT      0.00     0  00:00      0.00    0.00    0.00
  527                  CONDUIT      0.00     0  00:00      0.00    0.00    0.00
  529                  CONDUIT      0.00     0  00:00      0.00    0.00    0.00
  490                  CONDUIT      0.00     0  00:00      0.00    0.00    0.00
  483                  CONDUIT      0.00     0  00:00      0.00    0.00    0.00
  463                  CONDUIT      0.00     0  00:00      0.00    0.00    0.00
  468                  CONDUIT      0.00     0  00:00      0.00    0.00    0.00
  362                  CONDUIT      0.00     0  00:00      0.00    0.00    0.00
  536                  CONDUIT      0.00     0  00:00      0.00    0.00    0.00
  538                  CONDUIT      0.00     0  00:00      0.00    0.00    0.00
  540                  CONDUIT      0.00     0  00:00      0.00    0.00    0.00
  542                  CONDUIT      0.00     0  00:00      0.00    0.00    0.00
  544                  CONDUIT      0.00     0  00:00      0.00    0.00    0.00
  546                  CONDUIT      0.00     0  00:00      0.00    0.00    0.00
  548                  CONDUIT      0.00     0  00:00      0.00    0.00    0.00
  550                  CONDUIT      0.00     0  00:00      0.00    0.00    0.00
  552                  CONDUIT      0.00     0  00:00      0.00    0.00    0.00
  554                  CONDUIT      0.00     0  00:00      0.00    0.00    0.00
  556                  CONDUIT      0.00     0  00:00      0.00    0.00    0.00
  558                  CONDUIT      0.00     0  00:00      0.00    0.00    0.00
  560                  CONDUIT      0.00     0  00:00      0.00    0.00    0.00
  562                  CONDUIT      0.00     0  00:00      0.00    0.00    0.00
  564                  CONDUIT      0.00     0  00:00      0.00    0.00    0.00
  566                  CONDUIT      0.00     0  00:00      0.00    0.00    0.00
  568                  CONDUIT      0.00     0  00:00      0.00    0.00    0.00
  570                  CONDUIT      0.00     0  00:00      0.00    0.00    0.00
  572                  CONDUIT      0.00     0  00:00      0.00    0.00    0.00
  574                  CONDUIT      0.00     0  00:00      0.00    0.00    0.00
  576                  CONDUIT      0.00     0  00:00      0.00    0.00    0.00
  578                  CONDUIT      0.00     0  00:00      0.00    0.00    0.00
  580                  CONDUIT      0.00     0  00:00      0.00    0.00    0.00
  582                  CONDUIT      0.00     0  00:00      0.00    0.00    0.00
  584                  CONDUIT      0.00     0  00:00      0.00    0.00    0.00
  586                  CONDUIT      0.00     0  00:00      0.00    0.00    0.00
  588                  CONDUIT      0.00     0  00:00      0.00    0.00    0.00
  590                  CONDUIT      0.00     0  00:00      0.00    0.00    0.00
  592                  CONDUIT      0.00     0  00:00      0.00    0.00    0.00
  594                  CONDUIT      0.00     0  00:00      0.00    0.00    0.00
  596                  CONDUIT      0.00     0  00:00      0.00    0.00    0.00
  598                  CONDUIT      0.00     0  00:00      0.00    0.00    0.00
  600                  CONDUIT      0.00     0  00:00      0.00    0.00    0.00
  602                  CONDUIT      0.00     0  00:00      0.00    0.00    0.00
  604                  CONDUIT      0.00     0  00:00      0.00    0.00    0.00
  606                  CONDUIT      0.00     0  00:00      0.00    0.00    0.00
  608                  CONDUIT      0.00     0  00:00      0.00    0.00    0.00
  610                  CONDUIT      0.00     0  00:00      0.00    0.00    0.00
  612                  CONDUIT      0.00     0  00:00      0.00    0.00    0.00
  614                  CONDUIT      0.00     0  00:00      0.00    0.00    0.00
  616                  CONDUIT      0.00     0  00:00      0.00    0.00    0.00
  618                  CONDUIT      0.00     0  00:00      0.00    0.00    0.00
  620                  CONDUIT      0.00     0  00:00      0.00    0.00    0.00
  622                  CONDUIT      0.00     0  00:00      0.00    0.00    0.00
  624                  CONDUIT      0.00     0  00:00      0.00    0.00    0.00
  626                  CONDUIT      0.00     0  00:00      0.00    0.00    0.00
  628                  CONDUIT      0.00     0  00:00      0.00    0.00    0.00
  630                  CONDUIT      0.00     0  00:00      0.00    0.00    0.00
  632                  CONDUIT      0.00     0  00:00      0.00    0.00    0.00
  634                  CONDUIT      0.00     0  00:00      0.00    0.00    0.00
  636                  CONDUIT      0.00     0  00:00      0.00    0.00    0.00
  638                  CONDUIT      0.00     0  00:00      0.00    0.00    0.00
  640                  CONDUIT      0.00     0  00:00      0.00    0.00    0.00
  642                  CONDUIT      0.00     0  00:00      0.00    0.00    0.00
  644                  CONDUIT      0.00     0  00:00      0.00    0.00    0.00
  646                  CONDUIT      0.00     0  00:00      0.00    0.00    0.00
  648                  CONDUIT      0.00     0  00:00      0.00    0.00    0.00
  650                  CONDUIT      0.00     0  00:00      0.00    0.00    0.00
  652                  CONDUIT      0.00     0  00:00      0.00    0.00    0.00
  654                  CONDUIT      0.00     0  00:00      0.00    0.00    0.00
  656                  CONDUIT      0.00     0  00:00      0.00    0.00    0.00
  658                  CONDUIT      0.00     0  00:00      0.00    0.00    0.00
  660                  CONDUIT      0.00     0  00:00      0.00    0.00    0.00
  662                  CONDUIT      0.00     0  00:00      0.00    0.00    0.00
  664                  CONDUIT      0.00     0  00:00      0.00    0.00    0.00
  666                  CONDUIT      0.00     0  00:00      0.00    0.00    0.00
  668                  CONDUIT      0.00     0  00:00      0.00    0.00    0.00
  670                  CONDUIT      0.00     0  00:00      0.00    0.00    0.00
  672                  CONDUIT      0.00     0  00:00      0.00    0.00    0.00
  674                  CONDUIT      0.00     0  00:00      0.00    0.00    0.00
  676                  CONDUIT      0.00     0  00:00      0.00    0.00    0.00
  678                  CONDUIT      0.00     0  00:00      0.00    0.00    0.00
  680                  CONDUIT      0.00     0  00:00      0.00    0.00    0.00
  682                  CONDUIT      0.00     0  00:00      0.00    0.00    0.00
  684                  CONDUIT      0.00     0  00:00      0.00    0.00    0.00
  686                  CONDUIT      0.00     0  00:00      0.00    0.00    0.00
  688                  CONDUIT      0.00     0  00:00      0.00    0.00    0.00
  690                  CONDUIT      0.00     0  00:00      0.00    0.00    0.00
  692                  CONDUIT      0.00     0  00:00      0.00    0.00    0.00
  694                  CONDUIT      0.00     0  00:00      0.00    0.00    0.00
  696                  CONDUIT      0.00     0  00:00      0.00    0.00    0.00
  698                  CONDUIT      0.00     0  00:00      0.00    0.00    0.00
  700                  CONDUIT      0.00     0  00:00      0.00    0.00    0.00
  702                  CONDUIT      0.00     0  00:00      0.00    0.00    0.00
  704                  CONDUIT      0.00     0  00:00      0.00    0.00    0.00
  706                  CONDUIT      0.00     0  00:00      0.00    0.00    0.00
  708                  CONDUIT      0.00     0  00:00      0.00    0.00    0.00
  710                  CONDUIT      0.00     0  00:00      0.00    0.00    0.00
  712                  CONDUIT      0.00     0  00:00      0.00    0.00    0.00
  714                  CONDUIT      0.00     0  00:00      0.00    0.00    0.00
  716                  CONDUIT      0.00     0  00:00      0.00    0.00    0.00
  718                  CONDUIT      0.00     0  00:00      0.00    0.00    0.00
  720                  CONDUIT      0.00     0  00:00      0.00    0.00    0.00
  722                  CONDUIT      0.00     0  00:00      0.00    0.00    0.00
  724                  CONDUIT      0.00     0  00:00      0.00    0.00    0.00
  726                  CONDUIT      0.00     0  00:00      0.00    0.00    0.00
  728                  CONDUIT      0.00     0  00:00      0.00    0.00    0.00
  730                  CONDUIT      0.00     0  00:00      0.00    0.00    0.00
  732                  CONDUIT      0.00     0  00:00      0.00    0.00    0.00
  734                  CONDUIT      0.00     0  00:00      0.00    0.00    0.00
  736                  CONDUIT      0.00     0  00:00      0.00    0.00    0.00
  738                  CONDUIT      0.00     0  00:00      0.00    0.00    0.00
  740                  CONDUIT      0.00     0  00:00      0.00    0.00    0.00
  742                  CONDUIT      0.00     0  00:00      0.00    0.00    0.00
  744                  CONDUIT      0.00     0  00:00      0.00    0.00    0.00
  475                  ORIFICE      0.00     0  00:00                      0.00
  747                  ORIFICE      0.00     0  00:00                      0.00
  749                  ORIFICE      0.00     0  00:00                      0.00
  478                  PUMP         0.00     0  00:00              0.00
  751                  PUMP         0.00     0  00:00              0.00
  
  
  ***************************
  Flow Classification Summary
  ***************************
  
  -------------------------------------------------------------------------------------
                      Adjusted    ---------- Fraction of Time in Flow Class ---------- 
                       /Actual         Up    Down  Sub   Sup   Up    Down  Norm  Inlet 
  Conduit               Length    Dry  Dry   Dry   Crit  Crit  Crit  Crit  Ltd   Ctrl  
  -------------------------------------------------------------------------------------
  201                     1.00   1.00  0.00  0.00  0.00  0.00  0.00  0.00  0.00  0.00
  204                     1.00   1.00  0.00  0.00  0.00  0.00  0.00  0.00  0.00  0.00
  207                     1.00   1.00  0.00  0.00  0.00  0.00  0.00  0.00  0.00  0.00
  209                     1.00   1.00  0.00  0.00  0.00  0.00  0.00  0.00  0.00  0.00
  211                     1.00   1.00  0.00  0.00  0.00  0.00  0.00  0.00  0.00  0.00
  213                     1.00   1.00  0.00  0.00  0.00  0.00  0.00  0.00  0.00  0.00
  215                     1.00   1.00  0.00  0.00  0.00  0.00  0.00  0.00  0.00  0.00
  217                     1.00   1.00  0.00  0.00  0.00  0.00  0.00  0.00  0.00  0.00
  219                     1.00   1.00  0.00  0.00  0.00  0.00  0.00  0.00  0.00  0.00
  221                     1.00   1.00  0.00  0.00  0.00  0.00  0.00  0.00  0.00  0.00
  223                     1.00   1.00  0.00  0.00  0.00  0.00  0.00  0.00  0.00  0.00
  225                     1.00   1.00  0.00  0.00  0.00  0.00  0.00  0.00  0.00  0.00
  227                     1.00   1.00  0.00  0.00  0.00  0.00  0.00  0.00  0.00  0.00
  229                     1.00   1.00  0.00  0.00  0.00  0.00  0.00  0.00  0.00  0.00
  231                     1.00   1.00  0.00  0.00  0.00  0.00  0.00  0.00  0.00  0.00
  233                     1.00   1.00  0.00  0.00  0.00  0.00  0.00  0.00  0.00  0.00
  235                     1.00   1.00  0.00  0.00  0.00  0.00  0.00  0.00  0.00  0.00
  237                     1.00   1.00  0.00  0.00  0.00  0.00  0.00  0.00  0.00  0.00
  239                     1.00   1.00  0.00  0.00  0.00  0.00  0.00  0.00  0.00  0.00
  241                     1.00   1.00  0.00  0.00  0.00  0.00  0.00  0.00  0.00  0.00
  243                     1.00   1.00  0.00  0.00  0.00  0.00  0.00  0.00  0.00  0.00
  245                     1.00   1.00  0.00  0.00  0.00  0.00  0.00  0.00  0.00  0.00
  248                     1.00   1.00  0.00  0.00  0.00  0.00  0.00  0.00  0.00  0.00
  250                     1.00   1.00  0.00  0.00  0.00  0.00  0.00  0.00  0.00  0.00
  252                     1.00   1.00  0.00  0.00  0.00  0.00  0.00  0.00  0.00  0.00
  254                     1.00   1.00  0.00  0.00  0.00  0.00  0.00  0.00  0.00  0.00
  256                     1.00   1.00  0.00  0.00  0.00  0.00  0.00  0.00  0.00  0.00
  258                     1.00   1.00  0.00  0.00  0.00  0.00  0.00  0.00  0.00  0.00
  260                     1.00   1.00  0.00  0.00  0.00  0.00  0.00  0.00  0.00  0.00
  262                     1.00   1.00  0.00  0.00  0.00  0.00  0.00  0.00  0.00  0.00
  264                     1.00   1.00  0.00  0.00  0.00  0.00  0.00  0.00  0.00  0.00
  266                     1.00   1.00  0.00  0.00  0.00  0.00  0.00  0.00  0.00  0.00
  268                     1.00   1.00  0.00  0.00  0.00  0.00  0.00  0.00  0.00  0.00
  270                     1.00   1.00  0.00  0.00  0.00  0.00  0.00  0.00  0.00  0.00
  272                     1.00   1.00  0.00  0.00  0.00  0.00  0.00  0.00  0.00  0.00
  274                     1.00   1.00  0.00  0.00  0.00  0.00  0.00  0.00  0.00  0.00
  276                     1.00   1.00  0.00  0.00  0.00  0.00  0.00  0.00  0.00  0.00
  278                     1.00   1.00  0.00  0.00  0.00  0.00  0.00  0.00  0.00  0.00
  280                     1.00   1.00  0.00  0.00  0.00  0.00  0.00  0.00  0.00  0.00
  282                     1.00   1.00  0.00  0.00  0.00  0.00  0.00  0.00  0.00  0.00
  284                     1.00   1.00  0.00  0.00  0.00  0.00  0.00  0.00  0.00  0.00
  286                     1.00   1.00  0.00  0.00  0.00  0.00  0.00  0.00  0.00  0.00
  288                     1.00   1.00  0.00  0.00  0.00  0.00  0.00  0.00  0.00  0.00
  290                     1.00   1.00  0.00  0.00  0.00  0.00  0.00  0.00  0.00  0.00
  292                     1.00   1.00  0.00  0.00  0.00  0.00  0.00  0.00  0.00  0.00
  294                     1.00   1.00  0.00  0.00  0.00  0.00  0.00  0.00  0.00  0.00
  296                     1.00   1.00  0.00  0.00  0.00  0.00  0.00  0.00  0.00  0.00
  298                     1.00   1.00  0.00  0.00  0.00  0.00  0.00  0.00  0.00  0.00
  300                     1.00   1.00  0.00  0.00  0.00  0.00  0.00  0.00  0.00  0.00
  302                     1.00   1.00  0.00  0.00  0.00  0.00  0.00  0.00  0.00  0.00
  304                     1.00   1.00  0.00  0.00  0.00  0.00  0.00  0.00  0.00  0.00
  305                     1.00   1.00  0.00  0.00  0.00  0.00  0.00  0.00  0.00  0.00
  308                     1.00   1.00  0.00  0.00  0.00  0.00  0.00  0.00  0.00  0.00
  310                     1.00   1.00  0.00  0.00  0.00  0.00  0.00  0.00  0.00  0.00
  312                     1.00   1.00  0.00  0.00  0.00  0.00  0.00  0.00  0.00  0.00
  314                     1.00   1.00  0.00  0.00  0.00  0.00  0.00  0.00  0.00  0.00
  316                     1.00   1.00  0.00  0.00  0.00  0.00  0.00  0.00  0.00  0.00
  318                     1.00   1.00  0.00  0.00  0.00  0.00  0.00  0.00  0.00  0.00
  320                     1.00   1.00  0.00  0.00  0.00  0.00  0.00  0.00  0.00  0.00
  322                     1.00   1.00  0.00  0.00  0.00  0.00  0.00  0.00  0.00  0.00
  324                     1.00   1.00  0.00  0.00  0.00  0.00  0.00  0.00  0.00  0.00
  326                     1.00   1.00  0.00  0.00  0.00  0.00  0.00  0.00  0.00  0.00
  328                     1.00   1.00  0.00  0.00  0.00  0.00  0.00  0.00  0.00  0.00
  330                     1.00   1.00  0.00  0.00  0.00  0.00  0.00  0.00  0.00  0.00
  332                     1.00   1.00  0.00  0.00  0.00  0.00  0.00  0.00  0.00  0.00
  334                     1.00   1.00  0.00  0.00  0.00  0.00  0.00  0.00  0.00  0.00
  336                     1.00   1.00  0.00  0.00  0.00  0.00  0.00  0.00  0.00  0.00
  338                     1.00   1.00  0.00  0.00  0.00  0.00  0.00  0.00  0.00  0.00
  340                     1.00   1.00  0.00  0.00  0.00  0.00  0.00  0.00  0.00  0.00
  342                     1.00   1.00  0.00  0.00  0.00  0.00  0.00  0.00  0.00  0.00
  344                     1.00   1.00  0.00  0.00  0.00  0.00  0.00  0.00  0.00  0.00
  205                     1.00   1.00  0.00  0.00  0.00  0.00  0.00  0.00  0.00  0.00
  347                     1.00   1.00  0.00  0.00  0.00  0.00  0.00  0.00  0.00  0.00
  349                     1.00   1.00  0.00  0.00  0.00  0.00  0.00  0.00  0.00  0.00
  351                     1.00   1.00  0.00  0.00  0.00  0.00  0.00  0.00  0.00  0.00
  353                     1.00   1.00  0.00  0.00  0.00  0.00  0.00  0.00  0.00  0.00
  355                     1.00   1.00  0.00  0.00  0.00  0.00  0.00  0.00  0.00  0.00
  357                     1.00   1.00  0.00  0.00  0.00  0.00  0.00  0.00  0.00  0.00
  359                     1.00   1.00  0.00  0.00  0.00  0.00  0.00  0.00  0.00  0.00
  361                     1.00   1.00  0.00  0.00  0.00  0.00  0.00  0.00  0.00  0.00
  364                     1.00   1.00  0.00  0.00  0.00  0.00  0.00  0.00  0.00  0.00
  366                     1.00   1.00  0.00  0.00  0.00  0.00  0.00  0.00  0.00  0.00
  368                     1.00   1.00  0.00  0.00  0.00  0.00  0.00  0.00  0.00  0.00
  370                     1.00   1.00  0.00  0.00  0.00  0.00  0.00  0.00  0.00  0.00
  372                     1.00   1.00  0.00  0.00  0.00  0.00  0.00  0.00  0.00  0.00
  374                     1.00   1.00  0.00  0.00  0.00  0.00  0.00  0.00  0.00  0.00
  376                     1.00   1.00  0.00  0.00  0.00  0.00  0.00  0.00  0.00  0.00
  378                     1.00   1.00  0.00  0.00  0.00  0.00  0.00  0.00  0.00  0.00
  380                     1.00   1.00  0.00  0.00  0.00  0.00  0.00  0.00  0.00  0.00
  382                     1.00   1.00  0.00  0.00  0.00  0.00  0.00  0.00  0.00  0.00
  384                     1.00   1.00  0.00  0.00  0.00  0.00  0.00  0.00  0.00  0.00
  386                     1.00   1.00  0.00  0.00  0.00  0.00  0.00  0.00  0.00  0.00
  388                     1.00   1.00  0.00  0.00  0.00  0.00  0.00  0.00  0.00  0.00
  390                     1.00   1.00  0.00  0.00  0.00  0.00  0.00  0.00  0.00  0.00
  392                     1.00   1.00  0.00  0.00  0.00  0.00  0.00  0.00  0.00  0.00
  394                     1.00   1.00  0.00  0.00  0.00  0.00  0.00  0.00  0.00  0.00
  396                     1.00   1.00  0.00  0.00  0.00  0.00  0.00  0.00  0.00  0.00
  398                     1.00   1.00  0.00  0.00  0.00  0.00  0.00  0.00  0.00  0.00
  400                     1.00   1.00  0.00  0.00  0.00  0.00  0.00  0.00  0.00  0.00
  402                     1.00   1.00  0.00  0.00  0.00  0.00  0.00  0.00  0.00  0.00
  404                     1.00   1.00  0.00  0.00  0.00  0.00  0.00  0.00  0.00  0.00
  406                     1.00   1.00  0.00  0.00  0.00  0.00  0.00  0.00  0.00  0.00
  408                     1.00   1.00  0.00  0.00  0.00  0.00  0.00  0.00  0.00  0.00
  410                     1.00   1.00  0.00  0.00  0.00  0.00  0.00  0.00  0.00  0.00
  412                     1.00   1.00  0.00  0.00  0.00  0.00  0.00  0.00  0.00  0.00
  414                     1.00   1.00  0.00  0.00  0.00  0.00  0.00  0.00  0.00  0.00
  416                     1.00   1.00  0.00  0.00  0.00  0.00  0.00  0.00  0.00  0.00
  418                     1.00   1.00  0.00  0.00  0.00  0.00  0.00  0.00  0.00  0.00
  420                     1.00   1.00  0.00  0.00  0.00  0.00  0.00  0.00  0.00  0.00
  422                     1.00   1.00  0.00  0.00  0.00  0.00  0.00  0.00  0.00  0.00
  424                     1.00   1.00  0.00  0.00  0.00  0.00  0.00  0.00  0.00  0.00
  426                     1.00   1.00  0.00  0.00  0.00  0.00  0.00  0.00  0.00  0.00
  428                     1.00   1.00  0.00  0.00  0.00  0.00  0.00  0.00  0.00  0.00
  430                     1.00   1.00  0.00  0.00  0.00  0.00  0.00  0.00  0.00  0.00
  432                     1.00   1.00  0.00  0.00  0.00  0.00  0.00  0.00  0.00  0.00
  434                     1.00   1.00  0.00  0.00  0.00  0.00  0.00  0.00  0.00  0.00
  436                     1.00   1.00  0.00  0.00  0.00  0.00  0.00  0.00  0.00  0.00
  438                     1.00   1.00  0.00  0.00  0.00  0.00  0.00  0.00  0.00  0.00
  440                     1.00   1.00  0.00  0.00  0.00  0.00  0.00  0.00  0.00  0.00
  442                     1.00   1.00  0.00  0.00  0.00  0.00  0.00  0.00  0.00  0.00
  444                     1.00   1.00  0.00  0.00  0.00  0.00  0.00  0.00  0.00  0.00
  446                     1.00   1.00  0.00  0.00  0.00  0.00  0.00  0.00  0.00  0.00
  448                     1.00   1.00  0.00  0.00  0.00  0.00  0.00  0.00  0.00  0.00
  450                     1.00   1.00  0.00  0.00  0.00  0.00  0.00  0.00  0.00  0.00
  452                     1.00   1.00  0.00  0.00  0.00  0.00  0.00  0.00  0.00  0.00
  454                     1.00   1.00  0.00  0.00  0.00  0.00  0.00  0.00  0.00  0.00
  456                     1.00   1.00  0.00  0.00  0.00  0.00  0.00  0.00  0.00  0.00
  458                     1.00   1.00  0.00  0.00  0.00  0.00  0.00  0.00  0.00  0.00
  460                     1.00   1.00  0.00  0.00  0.00  0.00  0.00  0.00  0.00  0.00
  462                     1.00   1.00  0.00  0.00  0.00  0.00  0.00  0.00  0.00  0.00
  465                     1.00   1.00  0.00  0.00  0.00  0.00  0.00  0.00  0.00  0.00
  467                     1.00   1.00  0.00  0.00  0.00  0.00  0.00  0.00  0.00  0.00
  470                     1.00   1.00  0.00  0.00  0.00  0.00  0.00  0.00  0.00  0.00
  472                     1.00   1.00  0.00  0.00  0.00  0.00  0.00  0.00  0.00  0.00
  473                     1.00   1.00  0.00  0.00  0.00  0.00  0.00  0.00  0.00  0.00
  477                     1.00   1.00  0.00  0.00  0.00  0.00  0.00  0.00  0.00  0.00
  480                     1.00   1.00  0.00  0.00  0.00  0.00  0.00  0.00  0.00  0.00
  482                     1.00   1.00  0.00  0.00  0.00  0.00  0.00  0.00  0.00  0.00
  485                     1.00   1.00  0.00  0.00  0.00  0.00  0.00  0.00  0.00  0.00
  487                     1.00   1.00  0.00  0.00  0.00  0.00  0.00  0.00  0.00  0.00
  489                     1.00   1.00  0.00  0.00  0.00  0.00  0.00  0.00  0.00  0.00
  492                     1.00   1.00  0.00  0.00  0.00  0.00  0.00  0.00  0.00  0.00
  494                     1.00   1.00  0.00  0.00  0.00  0.00  0.00  0.00  0.00  0.00
  496                     1.00   1.00  0.00  0.00  0.00  0.00  0.00  0.00  0.00  0.00
  498                     1.00   1.00  0.00  0.00  0.00  0.00  0.00  0.00  0.00  0.00
  500                     1.00   1.00  0.00  0.00  0.00  0.00  0.00  0.00  0.00  0.00
  502                     1.00   1.00  0.00  0.00  0.00  0.00  0.00  0.00  0.00  0.00
  504                     1.00   1.00  0.00  0.00  0.00  0.00  0.00  0.00  0.00  0.00
  506                     1.00   1.00  0.00  0.00  0.00  0.00  0.00  0.00  0.00  0.00
  508                     1.00   1.00  0.00  0.00  0.00  0.00  0.00  0.00  0.00  0.00
  510                     1.00   1.00  0.00  0.00  0.00  0.00  0.00  0.00  0.00  0.00
  512                     1.00   1.00  0.00  0.00  0.00  0.00  0.00  0.00  0.00  0.00
  514                     1.00   1.00  0.00  0.00  0.00  0.00  0.00  0.00  0.00  0.00
  516                     1.00   1.00  0.00  0.00  0.00  0.00  0.00  0.00  0.00  0.00
  518                     1.00   1.00  0.00  0.00  0.00  0.00  0.00  0.00  0.00  0.00
  520                     1.00   1.00  0.00  0.00  0.00  0.00  0.00  0.00  0.00  0.00
  522                     1.00   1.00  0.00  0.00  0.00  0.00  0.00  0.00  0.00  0.00
  524                     1.00   1.00  0.00  0.00  0.00  0.00  0.00  0.00  0.00  0.00
  246                     1.00   1.00  0.00  0.00  0.00  0.00  0.00  0.00  0.00  0.00
  527                     1.00   1.00  0.00  0.00  0.00  0.00  0.00  0.00  0.00  0.00
  529                     1.00   1.00  0.00  0.00  0.00  0.00  0.00  0.00  0.00  0.00
  490                     1.00   1.00  0.00  0.00  0.00  0.00  0.00  0.00  0.00  0.00
  483                     1.00   1.00  0.00  0.00  0.00  0.00  0.00  0.00  0.00  0.00
  463                     1.00   1.00  0.00  0.00  0.00  0.00  0.00  0.00  0.00  0.00
  468                     1.00   1.00  0.00  0.00  0.00  0.00  0.00  0.00  0.00  0.00
  362                     1.00   1.00  0.00  0.00  0.00  0.00  0.00  0.00  0.00  0.00
  536                     1.00   1.00  0.00  0.00  0.00  0.00  0.00  0.00  0.00  0.00
  538                     1.00   1.00  0.00  0.00  0.00  0.00  0.00  0.00  0.00  0.00
  540                     1.00   1.00  0.00  0.00  0.00  0.00  0.00  0.00  0.00  0.00
  542                     1.00   1.00  0.00  0.00  0.00  0.00  0.00  0.00  0.00  0.00
  544                     1.00   1.00  0.00  0.00  0.00  0.00  0.00  0.00  0.00  0.00
  546                     1.00   1.00  0.00  0.00  0.00  0.00  0.00  0.00  0.00  0.00
  548                     1.00   1.00  0.00  0.00  0.00  0.00  0.00  0.00  0.00  0.00
  550                     1.00   1.00  0.00  0.00  0.00  0.00  0.00  0.00  0.00  0.00
  552                     1.00   1.00  0.00  0.00  0.00  0.00  0.00  0.00  0.00  0.00
  554                     1.00   1.00  0.00  0.00  0.00  0.00  0.00  0.00  0.00  0.00
  556                     1.00   1.00  0.00  0.00  0.00  0.00  0.00  0.00  0.00  0.00
  558                     1.00   1.00  0.00  0.00  0.00  0.00  0.00  0.00  0.00  0.00
  560                     1.00   1.00  0.00  0.00  0.00  0.00  0.00  0.00  0.00  0.00
  562                     1.00   1.00  0.00  0.00  0.00  0.00  0.00  0.00  0.00  0.00
  564                     1.00   1.00  0.00  0.00  0.00  0.00  0.00  0.00  0.00  0.00
  566                     1.00   1.00  0.00  0.00  0.00  0.00  0.00  0.00  0.00  0.00
  568                     1.00   1.00  0.00  0.00  0.00  0.00  0.00  0.00  0.00  0.00
  570                     1.00   1.00  0.00  0.00  0.00  0.00  0.00  0.00  0.00  0.00
  572                     1.00   1.00  0.00  0.00  0.00  0.00  0.00  0.00  0.00  0.00
  574                     1.00   1.00  0.00  0.00  0.00  0.00  0.00  0.00  0.00  0.00
  576                     1.00   1.00  0.00  0.00  0.00  0.00  0.00  0.00  0.00  0.00
  578                     1.00   1.00  0.00  0.00  0.00  0.00  0.00  0.00  0.00  0.00
  580                     1.00   1.00  0.00  0.00  0.00  0.00  0.00  0.00  0.00  0.00
  582                     1.00   1.00  0.00  0.00  0.00  0.00  0.00  0.00  0.00  0.00
  584                     1.00   1.00  0.00  0.00  0.00  0.00  0.00  0.00  0.00  0.00
  586                     1.00   1.00  0.00  0.00  0.00  0.00  0.00  0.00  0.00  0.00
  588                     1.00   1.00  0.00  0.00  0.00  0.00  0.00  0.00  0.00  0.00
  590                     1.00   1.00  0.00  0.00  0.00  0.00  0.00  0.00  0.00  0.00
  592                     1.00   1.00  0.00  0.00  0.00  0.00  0.00  0.00  0.00  0.00
  594                     1.00   1.00  0.00  0.00  0.00  0.00  0.00  0.00  0.00  0.00
  596                     1.00   1.00  0.00  0.00  0.00  0.00  0.00  0.00  0.00  0.00
  598                     1.00   1.00  0.00  0.00  0.00  0.00  0.00  0.00  0.00  0.00
  600                     1.00   1.00  0.00  0.00  0.00  0.00  0.00  0.00  0.00  0.00
  602                     1.00   1.00  0.00  0.00  0.00  0.00  0.00  0.00  0.00  0.00
  604                     1.00   1.00  0.00  0.00  0.00  0.00  0.00  0.00  0.00  0.00
  606                     1.00   1.00  0.00  0.00  0.00  0.00  0.00  0.00  0.00  0.00
  608                     1.00   1.00  0.00  0.00  0.00  0.00  0.00  0.00  0.00  0.00
  610                     1.00   1.00  0.00  0.00  0.00  0.00  0.00  0.00  0.00  0.00
  612                     1.00   1.00  0.00  0.00  0.00  0.00  0.00  0.00  0.00  0.00
  614                     1.00   1.00  0.00  0.00  0.00  0.00  0.00  0.00  0.00  0.00
  616                     1.00   1.00  0.00  0.00  0.00  0.00  0.00  0.00  0.00  0.00
  618                     1.00   1.00  0.00  0.00  0.00  0.00  0.00  0.00  0.00  0.00
  620                     1.00   1.00  0.00  0.00  0.00  0.00  0.00  0.00  0.00  0.00
  622                     1.00   1.00  0.00  0.00  0.00  0.00  0.00  0.00  0.00  0.00
  624                     1.00   1.00  0.00  0.00  0.00  0.00  0.00  0.00  0.00  0.00
  626                     1.00   1.00  0.00  0.00  0.00  0.00  0.00  0.00  0.00  0.00
  628                     1.00   1.00  0.00  0.00  0.00  0.00  0.00  0.00  0.00  0.00
  630                     1.00   1.00  0.00  0.00  0.00  0.00  0.00  0.00  0.00  0.00
  632                     1.00   1.00  0.00  0.00  0.00  0.00  0.00  0.00  0.00  0.00
  634                     1.00   1.00  0.00  0.00  0.00  0.00  0.00  0.00  0.00  0.00
  636                     1.00   1.00  0.00  0.00  0.00  0.00  0.00  0.00  0.00  0.00
  638                     1.00   1.00  0.00  0.00  0.00  0.00  0.00  0.00  0.00  0.00
  640                     1.00   1.00  0.00  0.00  0.00  0.00  0.00  0.00  0.00  0.00
  642                     1.00   1.00  0.00  0.00  0.00  0.00  0.00  0.00  0.00  0.00
  644                     1.00   1.00  0.00  0.00  0.00  0.00  0.00  0.00  0.00  0.00
  646                     1.00   1.00  0.00  0.00  0.00  0.00  0.00  0.00  0.00  0.00
  648                     1.00   1.00  0.00  0.00  0.00  0.00  0.00  0.00  0.00  0.00
  650                     1.00   1.00  0.00  0.00  0.00  0.00  0.00  0.00  0.00  0.00
  652                     1.00   1.00  0.00  0.00  0.00  0.00  0.00  0.00  0.00  0.00
  654                     1.00   1.00  0.00  0.00  0.00  0.00  0.00  0.00  0.00  0.00
  656                     1.00   1.00  0.00  0.00  0.00  0.00  0.00  0.00  0.00  0.00
  658                     1.00   1.00  0.00  0.00  0.00  0.00  0.00  0.00  0.00  0.00
  660                     1.00   1.00  0.00  0.00  0.00  0.00  0.00  0.00  0.00  0.00
  662                     1.00   1.00  0.00  0.00  0.00  0.00  0.00  0.00  0.00  0.00
  664                     1.00   1.00  0.00  0.00  0.00  0.00  0.00  0.00  0.00  0.00
  666                     1.00   1.00  0.00  0.00  0.00  0.00  0.00  0.00  0.00  0.00
  668                     1.00   1.00  0.00  0.00  0.00  0.00  0.00  0.00  0.00  0.00
  670                     1.00   1.00  0.00  0.00  0.00  0.00  0.00  0.00  0.00  0.00
  672                     1.00   1.00  0.00  0.00  0.00  0.00  0.00  0.00  0.00  0.00
  674                     1.00   1.00  0.00  0.00  0.00  0.00  0.00  0.00  0.00  0.00
  676                     1.00   1.00  0.00  0.00  0.00  0.00  0.00  0.00  0.00  0.00
  678                     1.00   1.00  0.00  0.00  0.00  0.00  0.00  0.00  0.00  0.00
  680                     1.00   1.00  0.00  0.00  0.00  0.00  0.00  0.00  0.00  0.00
  682                     1.00   1.00  0.00  0.00  0.00  0.00  0.00  0.00  0.00  0.00
  684                     1.00   1.00  0.00  0.00  0.00  0.00  0.00  0.00  0.00  0.00
  686                     1.00   1.00  0.00  0.00  0.00  0.00  0.00  0.00  0.00  0.00
  688                     1.00   1.00  0.00  0.00  0.00  0.00  0.00  0.00  0.00  0.00
  690                     1.00   1.00  0.00  0.00  0.00  0.00  0.00  0.00  0.00  0.00
  692                     1.00   1.00  0.00  0.00  0.00  0.00  0.00  0.00  0.00  0.00
  694                     1.00   1.00  0.00  0.00  0.00  0.00  0.00  0.00  0.00  0.00
  696                     1.00   1.00  0.00  0.00  0.00  0.00  0.00  0.00  0.00  0.00
  698                     1.00   1.00  0.00  0.00  0.00  0.00  0.00  0.00  0.00  0.00
  700                     1.00   1.00  0.00  0.00  0.00  0.00  0.00  0.00  0.00  0.00
  702                     1.00   1.00  0.00  0.00  0.00  0.00  0.00  0.00  0.00  0.00
  704                     1.00   1.00  0.00  0.00  0.00  0.00  0.00  0.00  0.00  0.00
  706                     1.00   1.00  0.00  0.00  0.00  0.00  0.00  0.00  0.00  0.00
  708                     1.00   1.00  0.00  0.00  0.00  0.00  0.00  0.00  0.00  0.00
  710                     1.00   1.00  0.00  0.00  0.00  0.00  0.00  0.00  0.00  0.00
  712                     1.00   1.00  0.00  0.00  0.00  0.00  0.00  0.00  0.00  0.00
  714                     1.00   1.00  0.00  0.00  0.00  0.00  0.00  0.00  0.00  0.00
  716                     1.00   1.00  0.00  0.00  0.00  0.00  0.00  0.00  0.00  0.00
  718                     1.00   1.00  0.00  0.00  0.00  0.00  0.00  0.00  0.00  0.00
  720                     1.00   1.00  0.00  0.00  0.00  0.00  0.00  0.00  0.00  0.00
  722                     1.00   1.00  0.00  0.00  0.00  0.00  0.00  0.00  0.00  0.00
  724                     1.00   1.00  0.00  0.00  0.00  0.00  0.00  0.00  0.00  0.00
  726                     1.00   1.00  0.00  0.00  0.00  0.00  0.00  0.00  0.00  0.00
  728                     1.00   1.00  0.00  0.00  0.00  0.00  0.00  0.00  0.00  0.00
  730                     1.00   1.00  0.00  0.00  0.00  0.00  0.00  0.00  0.00  0.00
  732                     1.00   1.00  0.00  0.00  0.00  0.00  0.00  0.00  0.00  0.00
  734                     1.00   1.00  0.00  0.00  0.00  0.00  0.00  0.00  0.00  0.00
  736                     1.00   1.00  0.00  0.00  0.00  0.00  0.00  0.00  0.00  0.00
  738                     1.00   1.00  0.00  0.00  0.00  0.00  0.00  0.00  0.00  0.00
  740                     1.00   1.00  0.00  0.00  0.00  0.00  0.00  0.00  0.00  0.00
  742                     1.00   1.00  0.00  0.00  0.00  0.00  0.00  0.00  0.00  0.00
  744                     1.00   1.00  0.00  0.00  0.00  0.00  0.00  0.00  0.00  0.00
  
  
  *************************
  Conduit Surcharge Summary
  *************************
  
  No conduits were surcharged.
  
  
  ***************
  Pumping Summary
  ***************
  
  ---------------------------------------------------------------------------------------------------------
                                                  Min       Avg       Max     Total     Power    % Time Off
                        Percent   Number of      Flow      Flow      Flow    Volume     Usage    Pump Curve
  Pump                 Utilized   Start-Ups       CFS       CFS       CFS  10^6 gal     Kw-hr    Low   High
  ---------------------------------------------------------------------------------------------------------
  478                      0.00           0      0.00      0.00      0.00     0.000      0.00    0.0    0.0
  751                      0.00           0      0.00      0.00      0.00     0.000      0.00    0.0    0.0
  

  Analysis begun on:  Sun Jul 19 15:11:23 2026
  Analysis ended on:  Sun Jul 19 15:11:24 2026
  Total elapsed time: 00:00:01