
  EPA STORM WATER MANAGEMENT MODEL - VERSION 5.2 (Build 5.2.4)
  ------------------------------------------------------------

  Village of Whitefish Bay SSES 
  
  ****************
  Analysis Options
  ****************
  Flow Units ............... CFS
  Process Models:
    Rainfall/Runoff ........ NO
    RDII ................... NO
    Snowmelt ............... NO
    Groundwater ............ NO
    Flow Routing ........... YES
    Ponding Allowed ........ NO
    Water Quality .......... NO
  Flow Routing Method ...... DYNWAVE
  Surcharge Method ......... EXTRAN
  Starting Date ............ 01/01/2001 00:00:00
  Ending Date .............. 01/02/2001 00:00:00
  Antecedent Dry Days ...... 0.0
  Report Time Step ......... 00:15:00
  Routing Time Step ........ 300.00 sec
  Variable Time Step ....... YES
  Maximum Trials ........... 100
  Number of Threads ........ 1
  Head Tolerance ........... 0.003300 ft
  
  
  **************************        Volume        Volume
  Flow Routing Continuity        acre-feet      10^6 gal
  **************************     ---------     ---------
  Dry Weather Inflow .......         0.000         0.000
  Wet Weather Inflow .......         0.000         0.000
  Groundwater Inflow .......         0.000         0.000
  RDII Inflow ..............         0.000         0.000
  External Inflow ..........       618.819       201.651
  External Outflow .........        11.395         3.713
  Flooding Loss ............       582.521       189.823
  Evaporation Loss .........         0.000         0.000
  Exfiltration Loss ........         0.000         0.000
  Initial Stored Volume ....         0.000         0.000
  Final Stored Volume ......         3.867         1.260
  Continuity Error (%) .....         3.399
  
  
  *************************
  Highest Continuity Errors
  *************************
  Node 577 (96.39%)
  Node 707 (59.38%)
  Node 185 (31.63%)
  Node 469 (15.26%)
  Node 77 (7.62%)
  
  
  ***************************
  Time-Step Critical Elements
  ***************************
  Link 087 (99.02%)
  
  
  ********************************
  Highest Flow Instability Indexes
  ********************************
  All links are stable.
  
  
  *********************************
  Most Frequent Nonconverging Nodes
  *********************************
  Node 809 (0.19%)
  Node Node_11342246 (0.00%)
  Node Node_11141115 (0.00%)
  Node 832 (0.00%)
  Node Node_11631118 (0.00%)
  
  
  *************************
  Routing Time Step Summary
  *************************
  Minimum Time Step           :     0.32 sec
  Average Time Step           :     0.50 sec
  Maximum Time Step           :   294.04 sec
  % of Time in Steady State   :     0.00
  Average Iterations per Step :     2.20
  % of Steps Not Converging   :     0.19
  Time Step Frequencies       :
     300.000 - 83.462 sec      :     0.00 %
     83.462 - 23.220 sec      :     0.00 %
     23.220 -  6.460 sec      :     0.00 %
      6.460 -  1.797 sec      :     0.01 %
      1.797 -  0.500 sec      :    99.99 %
  
  
  ******************
  Node Depth Summary
  ******************
  
  ---------------------------------------------------------------------------------
                                 Average  Maximum  Maximum  Time of Max    Reported
                                   Depth    Depth      HGL   Occurrence   Max Depth
  Node                 Type         Feet     Feet     Feet  days hr:min        Feet
  ---------------------------------------------------------------------------------
  1                    JUNCTION   125.41   125.82   260.82     0  00:48      125.82
  2                    JUNCTION   127.93   128.36   264.36     0  00:46      128.36
  3                    JUNCTION   126.93   127.34   262.34     0  01:18      127.34
  4                    JUNCTION   121.89   124.27   256.27     0  01:09      124.27
  5                    JUNCTION    88.37    88.48   186.05     0  00:28       88.48
  6                    JUNCTION   122.41   124.85   256.85     0  01:19      124.85
  7                    JUNCTION    86.56    87.51   183.67     0  00:41       87.51
  8                    JUNCTION   118.13   120.36   249.36     0  01:10      120.36
  9                    JUNCTION    79.23    79.30   167.16     0  00:18       79.30
  10                   JUNCTION   113.30   117.71   243.71     0  01:29      117.71
  11                   JUNCTION    77.44    78.17   166.09     0  01:55       78.17
  12                   JUNCTION   111.43   115.84   240.84     0  01:46      115.84
  13                   JUNCTION   101.04   106.84   221.84     0  02:29      106.84
  14                   JUNCTION    83.22    85.55   180.94     0  02:07       85.55
  15                   JUNCTION   107.56   111.61   230.61     0  01:33      111.61
  16                   JUNCTION    74.38    76.05   159.77     0  01:55       76.05
  17                   JUNCTION   106.08   112.33   231.33     0  02:05      112.33
  18                   JUNCTION    97.34   104.77   217.77     0  02:37      104.77
  19                   JUNCTION    79.26    83.14   176.57     0  02:08       83.14
  20                   JUNCTION    94.85   100.09   208.09     0  01:55      100.09
  21                   JUNCTION    65.99    70.46   149.33     0  02:08       70.46
  22                   JUNCTION    64.70    70.50   148.50     0  03:06       70.50
  23                   JUNCTION    65.85    68.16   145.23     0  01:08       68.13
  24                   JUNCTION    64.61    67.55   143.81     0  01:56       67.55
  25                   JUNCTION    98.60   106.28   220.28     0  02:20      106.28
  26                   JUNCTION   108.11   108.36   228.88     0  00:41      108.36
  27                   JUNCTION    61.73    65.26   138.26     0  01:37       65.26
  28                   JUNCTION    60.89    65.03   138.03     0  02:06       65.03
  29                   JUNCTION    82.64    88.55   185.55     0  02:13       88.55
  30                   JUNCTION    75.77    75.82   160.82     0  00:31       75.82
  31                   JUNCTION    61.28    67.82   144.82     0  03:32       67.82
  32                   JUNCTION    99.65   101.16   213.26     0  02:11      101.14
  33                   JUNCTION    80.60    88.17   184.17     0  02:39       88.17
  34                   JUNCTION    60.76    67.87   144.87     0  03:32       67.87
  35                   JUNCTION    79.65    79.72   167.72     0  00:22       79.72
  37                   JUNCTION    71.26    71.88   152.88     0  00:46       71.88
  38                   JUNCTION    94.26    97.14   202.14     0  02:12       97.14
  39                   JUNCTION    68.66    69.24   147.24     0  00:46       69.24
  40                   JUNCTION    69.99    77.63   164.63     0  03:00       77.63
  41                   JUNCTION    97.82    97.99   206.19     0  00:44       97.99
  42                   JUNCTION    72.03    78.26   165.26     0  02:30       78.26
  43                   JUNCTION    67.49    77.35   164.35     0  04:14       77.35
  44                   JUNCTION    89.94    91.20   190.39     0  02:13       91.20
  45                   JUNCTION    56.33    60.84   129.84     0  02:13       60.84
  46                   JUNCTION    54.42    63.18   135.18     0  04:44       63.18
  47                   JUNCTION    67.68    68.95   146.95     0  01:05       68.95
  48                   JUNCTION    55.16    63.17   135.17     0  04:43       63.17
  49                   JUNCTION    63.56    64.70   138.70     0  01:53       64.70
  50                   JUNCTION    87.68    87.79   183.79     0  00:27       87.79
  51                   JUNCTION    78.49    80.53   170.53     0  02:08       80.53
  52                   JUNCTION    63.46    71.45   151.45     0  03:06       71.45
  53                   JUNCTION    58.87    71.08   151.08     0  04:59       71.08
  54                   JUNCTION    62.89    64.78   138.78     0  01:17       64.78
  55                   JUNCTION    61.83    63.59   136.59     0  01:15       63.59
  56                   JUNCTION    62.20    68.44   145.44     0  02:50       68.44
  57                   JUNCTION    50.06    60.57   130.57     0  05:13       60.57
  58                   JUNCTION    54.23    59.27   126.27     0  02:26       59.27
  59                   JUNCTION    51.40    60.56   130.56     0  05:13       60.56
  60                   JUNCTION     0.00     0.00    77.00     0  00:00        0.00
  61                   JUNCTION    76.71    77.54   162.54     0  02:09       77.54
  62                   JUNCTION    73.00    74.65   157.92     0  02:11       74.65
  63                   JUNCTION    61.26    70.34   150.34     0  03:46       70.34
  64                   JUNCTION    69.06    71.32   150.32     0  01:03       71.32
  65                   JUNCTION    58.19    70.21   150.21     0  05:05       70.21
  66                   JUNCTION    67.91    70.66   149.16     0  01:15       70.66
  67                   JUNCTION    68.68    70.19   148.69     0  01:05       70.19
  68                   JUNCTION    88.94    89.06   186.06     0  00:29       89.06
  69                   JUNCTION    71.67    72.40   151.40     0  00:46       72.40
  70                   JUNCTION    58.57    69.05   148.05     0  04:24       69.05
  71                   JUNCTION    67.68    70.00   148.00     0  01:15       70.00
  72                   JUNCTION    48.21    58.32   123.32     0  05:44       58.32
  73                   JUNCTION    59.73    66.53   140.53     0  02:56       66.53
  74                   JUNCTION    52.18    57.78   123.78     0  03:50       57.78
  75                   JUNCTION    58.12    60.39   128.39     0  01:18       60.39
  76                   JUNCTION    59.81    62.26   131.26     0  01:21       62.26
  77                   JUNCTION    46.09    59.17   126.17     0  07:47       59.17
  78                   JUNCTION     0.00     0.00    74.00     0  00:00        0.00
  79                   JUNCTION    53.40    67.66   142.66     0  05:53       67.66
  80                   JUNCTION    65.72    68.79   145.79     0  01:26       68.79
  81                   JUNCTION    55.70    67.71   143.71     0  04:56       67.71
  82                   JUNCTION    72.21    72.25   151.75     0  00:19       72.25
  83                   JUNCTION    49.91    56.04   120.04     0  02:57       56.04
  84                   JUNCTION    51.51    52.17   116.17     0  02:59       52.17
  85                   JUNCTION    53.61    53.70   116.16     0  02:58       53.70
  86                   JUNCTION    69.89    70.51   148.51     0  02:19       70.49
  87                   JUNCTION    64.43    65.61   142.32     0  02:19       65.61
  88                   JUNCTION    58.83    61.78   132.68     0  04:57       61.78
  89                   JUNCTION    58.19    61.36   132.27     0  04:57       61.36
  90                   JUNCTION    61.26    63.11   136.99     0  01:25       63.11
  91                   JUNCTION    60.15    62.69   136.80     0  04:57       62.69
  92                   JUNCTION    52.10    55.08   121.38     0  07:47       55.08
  93                   JUNCTION    51.92    55.05   121.28     0  07:47       55.05
  94                   JUNCTION    57.30    60.03   128.46     0  02:50       60.03
  95                   JUNCTION    55.08    57.88   125.09     0  03:36       57.88
  96                   JUNCTION    50.96    54.17   119.28     0  07:47       54.17
  97                   JUNCTION    48.98    52.17   117.28     0  07:47       52.17
  98                   JUNCTION    49.61    51.24   116.17     0  03:00       51.24
  99                   JUNCTION    68.14    71.10   149.10     0  01:30       71.10
  100                  JUNCTION    58.02    58.03   125.03     0  00:14       58.03
  101                  JUNCTION    66.00    70.49   148.49     0  02:16       70.49
  102                  JUNCTION    64.68    64.70   135.70     0  00:14       64.70
  103                  JUNCTION    70.80    73.04   153.54     0  01:22       73.04
  104                  JUNCTION    66.73    69.15   146.15     0  01:44       69.15
  105                  JUNCTION     0.00     0.00    64.00     0  00:00        0.00
  106                  JUNCTION    59.31    61.26   130.26     0  01:16       61.26
  107                  JUNCTION    54.12    56.71   120.71     0  01:38       56.71
  108                  JUNCTION    66.91    71.76   151.26     0  02:14       71.75
  109                  JUNCTION     0.00     0.00    73.00     0  00:00        0.00
  110                  JUNCTION    54.25    54.72   121.72     0  00:35       54.71
  111                  JUNCTION    49.56    50.72   115.72     0  04:39       50.72
  112                  JUNCTION    74.76    76.22   160.22     0  01:04       76.22
  113                  JUNCTION    76.22    76.90   160.90     0  00:42       76.90
  114                  JUNCTION    68.90    72.45   153.45     0  01:53       72.45
  115                  JUNCTION    78.06    78.12   164.12     0  00:25       78.12
  116                  JUNCTION    70.59    72.15   153.15     0  01:21       72.15
  117                  JUNCTION     0.00     0.00    72.00     0  00:00        0.00
  118                  JUNCTION    71.33    73.54   154.54     0  01:44       73.54
  119                  JUNCTION    73.61    74.50   157.50     0  01:06       74.50
  120                  JUNCTION    75.54    75.59   158.59     0  00:17       75.59
  121                  JUNCTION    61.32    62.48   133.48     0  01:09       62.47
  122                  JUNCTION    56.07    57.11   121.11     0  02:34       57.11
  123                  JUNCTION    54.93    55.91   119.91     0  01:02       55.91
  124                  JUNCTION    51.24    52.72   115.72     0  04:39       52.72
  125                  JUNCTION    76.97    77.03   162.03     0  00:20       77.03
  126                  JUNCTION    78.00    78.06   164.06     0  00:18       78.06
  127                  JUNCTION    77.35    77.41   162.41     0  00:32       77.41
  128                  JUNCTION     0.00     0.00    71.00     0  00:00        0.00
  129                  JUNCTION    72.72    73.39   155.39     0  00:39       73.39
  130                  JUNCTION    58.26    58.27   124.27     0  00:16       58.27
  131                  JUNCTION    74.69    75.36   158.36     0  00:45       75.36
  132                  JUNCTION    76.94    77.52   162.52     0  00:27       77.52
  133                  JUNCTION    79.34    79.45   166.45     0  00:27       79.41
  134                  JUNCTION    59.58    60.02   129.02     0  01:06       60.02
  135                  JUNCTION    63.24    63.70   135.70     0  00:32       63.70
  136                  JUNCTION     0.00     0.00    71.00     0  00:00        0.00
  137                  JUNCTION    56.57    57.00   123.00     0  01:00       57.00
  138                  JUNCTION    72.10    73.52   154.52     0  00:49       73.52
  139                  JUNCTION    74.34    74.39   157.39     0  00:18       74.39
  140                  JUNCTION    86.04    86.15   181.15     0  00:40       86.15
  141                  JUNCTION    77.81    78.64   162.64     0  00:39       78.57
  142                  JUNCTION    74.46    75.28   159.28     0  00:39       75.28
  143                  JUNCTION    71.95    73.54   154.54     0  00:51       73.52
  144                  JUNCTION     0.00     0.00    71.00     0  00:00        0.00
  145                  JUNCTION    64.85    64.87   138.87     0  00:20       64.87
  146                  JUNCTION    61.29    61.30   131.30     0  00:15       61.30
  147                  JUNCTION    57.99    58.00   125.00     0  00:14       58.00
  148                  JUNCTION    55.10    55.46   119.46     0  00:28       55.46
  149                  JUNCTION    69.75    71.94   151.94     0  01:03       71.94
  150                  JUNCTION    70.93    70.97   150.97     0  00:30       70.97
  151                  JUNCTION    67.41    67.95   144.95     0  00:31       67.95
  152                  JUNCTION    90.26    90.39   189.39     0  00:19       90.39
  153                  JUNCTION    59.54    61.39   131.39     0  02:01       61.39
  154                  JUNCTION    87.21    88.24   185.24     0  00:40       88.24
  155                  JUNCTION    68.38    73.23   154.23     0  02:04       73.23
  156                  JUNCTION    71.10    75.12   158.12     0  01:52       75.12
  157                  JUNCTION    89.05    89.17   186.17     0  00:19       89.17
  158                  JUNCTION    80.27    83.62   176.62     0  01:27       83.62
  159                  JUNCTION    68.75    71.64   151.64     0  01:57       71.64
  160                  JUNCTION    83.82    86.03   181.03     0  01:10       86.03
  161                  JUNCTION    51.92    52.66   115.66     0  04:40       52.66
  162                  JUNCTION    66.10    67.31   144.31     0  01:04       67.31
  163                  JUNCTION    55.89    56.26   122.26     0  00:27       56.26
  164                  JUNCTION    64.11    64.13   137.13     0  00:30       64.13
  165                  JUNCTION    60.23    60.24   127.74     0  00:14       60.24
  166                  JUNCTION    58.59    58.68   126.68     0  00:25       58.62
  167                  JUNCTION    88.28    89.64   188.64     0  01:10       89.64
  168                  JUNCTION    58.26    60.89   130.89     0  01:39       60.89
  169                  JUNCTION    66.47    70.08   148.08     0  01:58       70.08
  170                  JUNCTION    85.14    88.35   186.85     0  01:23       88.35
  171                  JUNCTION    81.49    86.42   181.42     0  01:49       86.42
  172                  JUNCTION    85.29    85.39   179.39     0  00:29       85.39
  173                  JUNCTION    81.25    82.08   172.08     0  00:50       82.08
  174                  JUNCTION    76.99    78.69   165.69     0  01:01       78.69
  175                  JUNCTION    72.73    75.23   158.23     0  01:24       75.23
  176                  JUNCTION    68.62    71.81   151.81     0  01:40       71.81
  177                  JUNCTION    62.51    67.37   143.37     0  02:21       67.37
  178                  JUNCTION    64.99    68.78   145.78     0  02:13       68.78
  179                  JUNCTION    57.36    60.69   129.69     0  03:00       60.69
  180                  JUNCTION    59.77    65.80   139.80     0  02:55       65.80
  181                  JUNCTION    61.30    61.73   132.73     0  00:39       61.73
  182                  JUNCTION    57.90    58.46   126.46     0  00:51       58.46
  183                  JUNCTION    56.91    57.26   123.26     0  00:29       57.26
  184                  JUNCTION    59.97    59.98   127.98     0  00:18       59.98
  185                  JUNCTION    64.64    82.28   173.28     0  09:03       82.28
  186                  JUNCTION    61.65    65.72   139.72     0  01:47       65.72
  187                  JUNCTION    56.16    60.19   129.19     0  02:40       60.19
  188                  JUNCTION    79.47    79.54   168.54     0  00:22       79.54
  189                  JUNCTION    74.83    75.51   160.51     0  09:21       75.51
  190                  JUNCTION    63.19    66.65   141.65     0  09:22       66.65
  191                  JUNCTION    69.74    71.97   152.97     0  09:22       71.97
  192                  JUNCTION    73.86    75.35   158.35     0  09:22       75.35
  193                  JUNCTION    66.28    69.16   145.16     0  09:22       69.16
  194                  JUNCTION    61.29    65.35   137.35     0  01:53       65.35
  195                  JUNCTION    58.56    63.58   136.58     0  02:49       63.58
  196                  JUNCTION    56.64    62.92   134.92     0  02:56       62.92
  197                  JUNCTION    55.00    59.75   128.75     0  03:51       59.75
  198                  JUNCTION    53.28    61.97   132.97     0  03:55       61.97
  199                  JUNCTION    55.13    62.60   133.60     0  03:21       62.60
  200                  JUNCTION    57.48    58.36   125.36     0  00:46       58.36
  201                  JUNCTION    55.83    57.12   123.12     0  00:52       57.12
  202                  JUNCTION    55.23    56.10   121.10     0  00:53       56.10
  203                  JUNCTION    51.29    52.56   115.56     0  04:41       52.55
  204                  JUNCTION    81.37    81.45   171.45     0  00:27       81.45
  205                  JUNCTION    62.58    62.59   133.59     0  00:17       62.59
  206                  JUNCTION    57.15    57.16   123.16     0  00:20       57.16
  207                  JUNCTION    57.57    57.58   123.58     0  00:15       57.58
  208                  JUNCTION    58.87    63.30   134.30     0  01:59       63.30
  209                  JUNCTION    77.82    78.56   165.56     0  00:51       78.56
  210                  JUNCTION    53.69    59.07   127.07     0  03:53       59.07
  211                  JUNCTION    58.91    62.50   132.50     0  02:00       62.50
  212                  JUNCTION    55.26    55.59   119.59     0  00:29       55.59
  213                  JUNCTION    63.67    66.73   141.73     0  01:34       66.73
  214                  JUNCTION    61.47    62.47   132.47     0  02:02       62.47
  215                  JUNCTION    74.79    76.36   160.36     0  01:31       76.36
  216                  JUNCTION    61.11    64.52   136.52     0  01:35       64.52
  217                  JUNCTION    60.12    61.85   130.85     0  02:16       61.85
  218                  JUNCTION    67.02    69.71   148.71     0  01:41       69.71
  219                  JUNCTION    70.88    73.14   154.14     0  01:07       73.13
  220                  JUNCTION    59.01    61.48   129.98     0  02:00       61.48
  221                  JUNCTION    59.90    60.24   129.24     0  02:04       60.24
  222                  JUNCTION    59.60    60.20   128.20     0  01:36       60.20
  223                  JUNCTION    58.82    59.74   127.74     0  01:36       59.74
  224                  JUNCTION    57.63    58.92   126.92     0  01:49       58.92
  225                  JUNCTION    57.18    58.82   125.82     0  02:31       58.82
  226                  JUNCTION    52.83    53.21   118.21     0  00:29       53.20
  227                  JUNCTION    48.46    49.28   115.28     0  04:42       49.28
  228                  JUNCTION    55.58    55.58   119.58     0  00:14       55.58
  229                  JUNCTION    75.59    76.77   162.77     0  01:14       76.77
  230                  JUNCTION    62.04    62.05   132.05     0  00:15       62.05
  231                  JUNCTION    63.00    63.42   134.42     0  00:30       63.42
  232                  JUNCTION    55.72    57.72   124.72     0  02:37       57.72
  233                  JUNCTION    64.20    64.22   137.22     0  00:27       64.22
  234                  JUNCTION    77.42    77.48   163.48     0  00:17       77.48
  235                  JUNCTION    73.23    73.27   155.27     0  00:15       73.27
  236                  JUNCTION    70.37    72.14   153.14     0  01:27       72.14
  237                  JUNCTION    72.05    72.78   154.78     0  00:59       72.78
  238                  JUNCTION    63.15    63.17   135.17     0  00:15       63.17
  239                  JUNCTION    61.75    62.21   133.21     0  00:33       62.21
  240                  JUNCTION    59.72    60.85   130.85     0  00:56       60.85
  241                  JUNCTION    58.29    60.20   129.20     0  01:27       60.20
  242                  JUNCTION    69.12    71.97   152.97     0  01:28       71.97
  243                  JUNCTION    67.36    71.28   151.28     0  02:03       71.28
  244                  JUNCTION    61.55    66.19   141.19     0  02:07       66.19
  245                  JUNCTION    56.48    59.13   127.13     0  01:30       59.13
  246                  JUNCTION    66.21    66.23   141.23     0  00:14       66.23
  247                  JUNCTION    53.51    54.22   117.22     0  00:45       54.22
  248                  JUNCTION    55.11    58.47   125.47     0  01:46       58.47
  249                  JUNCTION    54.80    55.15   119.15     0  00:39       55.15
  250                  JUNCTION    53.62    57.81   124.81     0  02:25       57.81
  251                  JUNCTION    55.01    57.35   122.35     0  03:01       57.35
  252                  JUNCTION    48.09    49.16   112.16     0  06:19       49.16
  253                  JUNCTION    56.13    56.50   121.50     0  00:33       56.50
  254                  JUNCTION    57.65    57.66   123.66     0  00:15       57.66
  255                  JUNCTION    64.96    65.70   140.70     0  02:21       65.70
  256                  JUNCTION    77.04    77.10   163.10     0  00:17       77.10
  257                  JUNCTION    55.50    55.50   119.50     0  00:14       55.50
  258                  JUNCTION    54.39    57.05   122.05     0  02:44       57.05
  259                  JUNCTION    54.82    54.82   118.82     0  00:13       54.82
  260                  JUNCTION    77.07    77.15   163.15     0  00:51       77.15
  261                  JUNCTION    75.75    76.41   162.41     0  00:51       76.41
  262                  JUNCTION    59.99    60.00   129.00     0  00:15       60.00
  263                  JUNCTION    59.99    60.00   129.00     0  00:15       60.00
  264                  JUNCTION    59.52    59.53   127.53     0  00:15       59.53
  265                  JUNCTION    56.32    56.33   121.33     0  00:14       56.33
  266                  JUNCTION    76.29    77.01   163.01     0  00:51       77.01
  267                  JUNCTION    75.30    76.77   161.77     0  01:24       76.77
  268                  JUNCTION    74.32    74.37   157.37     0  00:47       74.37
  269                  JUNCTION    69.89    70.50   150.50     0  00:46       70.50
  270                  JUNCTION    63.75    64.19   136.19     0  00:28       64.19
  271                  JUNCTION    62.99    64.19   137.19     0  01:10       64.19
  272                  JUNCTION    64.60    64.64   138.64     0  00:27       64.62
  273                  JUNCTION    54.01    54.31   117.31     0  00:30       54.31
  274                  JUNCTION    62.98    64.22   136.22     0  02:07       64.20
  275                  JUNCTION    74.12    76.51   161.51     0  01:24       76.51
  276                  JUNCTION    54.20    54.54   117.54     0  00:36       54.54
  277                  JUNCTION    74.92    76.47   162.47     0  00:56       76.47
  278                  JUNCTION    54.98    55.31   119.31     0  00:30       55.31
  279                  JUNCTION    72.61    75.90   160.90     0  01:27       75.90
  280                  JUNCTION    58.62    59.08   127.08     0  00:50       59.08
  281                  JUNCTION    59.80    60.33   128.33     0  01:07       60.33
  282                  JUNCTION    53.09    56.09   121.09     0  02:48       56.09
  283                  JUNCTION    57.82    58.29   125.29     0  00:48       58.29
  284                  JUNCTION    73.55    76.01   161.51     0  01:29       76.01
  285                  JUNCTION    71.68    75.85   159.85     0  01:56       75.85
  286                  JUNCTION    52.30    53.04   115.04     0  00:46       53.04
  287                  JUNCTION    61.21    61.22   131.22     0  00:16       61.22
  288                  JUNCTION    67.81    67.83   144.83     0  00:27       67.83
  289                  JUNCTION    64.43    65.52   140.52     0  00:49       65.52
  290                  JUNCTION    66.81    67.30   143.30     0  00:45       67.30
  291                  JUNCTION    63.13    64.87   138.87     0  01:20       64.87
  292                  JUNCTION    61.34    63.13   134.13     0  01:04       63.13
  293                  JUNCTION    52.69    53.56   115.56     0  00:51       53.56
  294                  JUNCTION    70.74    75.80   159.30     0  01:59       75.80
  295                  JUNCTION    72.44    75.83   159.83     0  01:42       75.82
  296                  JUNCTION    53.55    54.35   117.35     0  00:54       54.35
  297                  JUNCTION    57.75    59.36   127.36     0  01:12       59.33
  298                  JUNCTION    51.96    55.18   119.18     0  02:49       55.18
  299                  JUNCTION    56.83    57.95   124.95     0  01:15       57.95
  300                  JUNCTION    69.83    75.74   158.74     0  02:52       75.74
  301                  JUNCTION    61.84    62.23   131.23     0  00:34       62.22
  302                  JUNCTION    55.87    56.99   122.99     0  00:56       56.93
  303                  JUNCTION    71.37    75.64   159.14     0  02:01       75.63
  304                  JUNCTION    68.75    75.55   158.55     0  02:50       75.55
  305                  JUNCTION    59.28    61.44   132.44     0  01:09       61.44
  306                  JUNCTION    63.98    64.45   137.45     0  00:33       64.44
  307                  JUNCTION    79.77    79.84   168.84     0  00:26       79.84
  308                  JUNCTION    63.00    63.70   136.70     0  00:36       63.69
  309                  JUNCTION    58.77    60.42   129.42     0  01:47       60.42
  310                  JUNCTION    59.15    59.16   127.16     0  00:13       59.16
  311                  JUNCTION    56.64    57.09   123.09     0  00:50       57.09
  312                  JUNCTION    58.08    58.59   126.59     0  01:25       58.59
  313                  JUNCTION    62.43    63.44   135.44     0  01:46       63.44
  314                  JUNCTION    55.10    56.55   121.55     0  00:58       56.55
  315                  JUNCTION    57.65    57.66   123.66     0  00:13       57.66
  316                  JUNCTION    60.47    61.81   131.81     0  01:46       61.81
  317                  JUNCTION    53.67    55.61   118.61     0  02:13       55.61
  318                  JUNCTION    52.51    53.34   115.34     0  00:46       53.34
  319                  JUNCTION    51.33    52.53   113.53     0  00:50       52.53
  320                  JUNCTION    50.42    51.54   112.54     0  02:17       51.54
  321                  JUNCTION    48.96    50.44   106.44     0  06:29       50.44
  322                  JUNCTION    57.83    59.74   128.74     0  01:47       59.74
  323                  JUNCTION    69.67    74.84   158.34     0  02:04       74.83
  324                  JUNCTION    66.57    74.19   158.19     0  03:13       74.19
  325                  JUNCTION    59.05    59.06   127.06     0  00:15       59.06
  326                  JUNCTION    56.23    56.82   122.82     0  00:56       56.81
  327                  JUNCTION    52.73    55.22   118.22     0  02:14       55.22
  328                  JUNCTION    56.88    59.05   127.05     0  01:13       59.04
  329                  JUNCTION    57.86    58.55   126.55     0  00:41       58.55
  330                  JUNCTION    51.96    52.47   113.47     0  00:51       52.47
  331                  JUNCTION    67.96    73.91   156.91     0  02:46       73.91
  332                  JUNCTION    53.95    54.30   117.30     0  00:33       54.30
  333                  JUNCTION    65.07    73.49   156.99     0  03:16       73.49
  334                  JUNCTION    73.82    73.87   156.87     0  00:26       73.87
  335                  JUNCTION    66.10    66.64   142.64     0  00:46       66.64
  336                  JUNCTION    52.75    53.29   115.29     0  00:49       53.28
  337                  JUNCTION    63.81    64.93   138.93     0  00:48       64.93
  338                  JUNCTION    61.79    63.62   136.62     0  01:18       63.62
  339                  JUNCTION    55.95    58.31   125.31     0  01:47       58.31
  340                  JUNCTION    56.77    57.96   123.96     0  01:20       57.96
  341                  JUNCTION    57.73    57.75   124.75     0  00:37       57.75
  342                  JUNCTION    54.95    56.09   121.09     0  01:00       56.09
  343                  JUNCTION    51.79    54.80   117.80     0  02:14       54.80
  344                  JUNCTION    66.82    73.58   156.08     0  02:54       73.58
  345                  JUNCTION    63.41    72.55   155.05     0  03:35       72.55
  346                  JUNCTION    53.22    53.25   115.25     0  00:36       53.25
  347                  JUNCTION    57.52    57.93   124.93     0  00:37       57.93
  348                  JUNCTION    55.34    55.40   119.40     0  00:28       55.39
  349                  JUNCTION    55.53    57.21   122.21     0  01:15       57.21
  350                  JUNCTION    65.04    72.53   154.03     0  03:05       72.53
  351                  JUNCTION    53.90    53.95   116.95     0  00:35       53.95
  352                  JUNCTION    50.57    53.97   116.97     0  02:25       53.97
  353                  JUNCTION    59.46    61.97   132.97     0  01:26       61.97
  354                  JUNCTION    59.09    62.06   133.06     0  01:26       62.04
  355                  JUNCTION    62.14    72.03   152.03     0  03:55       72.03
  357                  JUNCTION    64.91    65.48   139.48     0  00:56       65.48
  358                  JUNCTION    66.55    66.57   141.57     0  00:16       66.57
  359                  JUNCTION    56.19    56.72   122.72     0  01:00       56.72
  360                  JUNCTION    63.20    64.58   137.58     0  02:01       64.58
  361                  JUNCTION    56.25    61.39   132.39     0  03:11       61.39
  362                  JUNCTION    61.04    63.31   135.31     0  01:25       63.31
  363                  JUNCTION    63.64    71.87   152.87     0  03:09       71.87
  364                  JUNCTION    59.75    60.50   130.50     0  03:23       60.50
  365                  JUNCTION    54.15    56.33   121.33     0  03:24       56.33
  366                  JUNCTION    56.98    59.07   127.07     0  03:23       59.07
  367                  JUNCTION    53.52    55.14   119.14     0  01:06       55.14
  368                  JUNCTION    50.60    54.09   116.09     0  02:55       54.09
  369                  JUNCTION    60.78    71.46   151.46     0  03:58       71.45
  370                  JUNCTION    51.45    51.93   112.93     0  00:59       51.93
  371                  JUNCTION    55.44    56.51   122.51     0  01:28       56.51
  372                  JUNCTION    53.40    54.92   118.92     0  01:40       54.92
  373                  JUNCTION    52.85    53.28   115.28     0  00:43       53.28
  374                  JUNCTION    62.45    71.42   151.42     0  03:36       71.42
  375                  JUNCTION    61.24    61.25   131.25     0  00:13       61.25
  376                  JUNCTION    59.93    71.41   150.41     0  04:43       71.41
  377                  JUNCTION    54.42    55.78   120.78     0  01:04       55.77
  378                  JUNCTION    53.42    55.92   119.92     0  01:20       55.92
  379                  JUNCTION    52.34    53.88   115.88     0  02:55       53.88
  380                  JUNCTION    61.18    70.87   150.87     0  03:40       70.87
  381                  JUNCTION    58.99    71.26   150.26     0  04:43       71.24
  382                  JUNCTION    64.82    65.98   140.98     0  01:02       65.98
  383                  JUNCTION    61.69    64.20   137.20     0  01:19       64.20
  384                  JUNCTION    60.32    63.51   135.51     0  01:34       63.51
  385                  JUNCTION    66.70    67.20   143.20     0  00:32       67.20
  386                  JUNCTION    63.10    64.99   138.99     0  01:17       64.99
  387                  JUNCTION    58.54    62.63   134.63     0  02:02       62.63
  388                  JUNCTION    68.54    68.57   146.57     0  00:27       68.57
  389                  JUNCTION    67.46    67.97   144.97     0  00:45       67.97
  390                  JUNCTION    69.66    69.69   148.69     0  00:30       69.69
  391                  JUNCTION    64.70    65.79   140.79     0  00:50       65.79
  392                  JUNCTION    61.09    63.44   135.44     0  01:14       63.44
  393                  JUNCTION    62.82    64.55   138.55     0  01:11       64.55
  394                  JUNCTION    59.33    62.48   134.48     0  02:00       62.48
  395                  JUNCTION    57.45    61.55   132.55     0  02:04       61.55
  396                  JUNCTION    60.72    71.24   150.24     0  04:44       71.24
  397                  JUNCTION    55.08    59.78   128.78     0  02:19       59.78
  398                  JUNCTION    51.27    57.27   123.27     0  03:01       57.27
  399                  JUNCTION    53.81    58.94   126.94     0  02:25       58.94
  400                  JUNCTION    52.62    58.19   125.19     0  02:46       58.19
  401                  JUNCTION    51.99    54.92   119.92     0  02:50       54.91
  402                  JUNCTION    56.57    56.58   121.58     0  00:14       56.58
  403                  JUNCTION    55.52    55.84   119.84     0  00:50       55.84
  404                  JUNCTION    55.63    55.63   120.63     0  00:21       55.63
  405                  JUNCTION    52.64    54.82   118.82     0  01:43       54.82
  406                  JUNCTION    54.25    54.43   117.43     0  00:23       54.43
  407                  JUNCTION    55.52    55.53   120.53     0  00:21       55.53
  408                  JUNCTION    53.34    53.67   115.67     0  02:55       53.67
  409                  JUNCTION    54.76    54.77   118.77     0  00:35       54.77
  410                  JUNCTION    52.00    53.66   116.66     0  02:37       53.66
  411                  JUNCTION    51.24    52.40   113.40     0  02:38       52.40
  412                  JUNCTION    50.29    50.78   110.78     0  02:00       50.78
  413                  JUNCTION    49.15    50.31   106.10     0  06:30       50.31
  414                  JUNCTION    57.67    70.67   149.67     0  04:47       70.67
  415                  JUNCTION    59.63    70.96   149.96     0  04:44       70.96
  416                  JUNCTION    53.81    53.81   116.81     0  00:16       53.81
  417                  JUNCTION    57.07    70.89   149.39     0  05:51       70.88
  418                  JUNCTION    50.75    54.34   117.34     0  03:15       54.34
  419                  JUNCTION    66.32    66.34   141.34     0  00:17       66.34
  420                  JUNCTION    52.24    53.02   115.02     0  02:55       53.02
  421                  JUNCTION    53.71    54.45   117.45     0  00:41       54.45
  422                  JUNCTION    52.96    53.38   115.38     0  00:28       53.38
  423                  JUNCTION    51.09    54.03   117.03     0  03:03       54.03
  424                  JUNCTION    54.21    54.22   117.22     0  00:26       54.22
  425                  JUNCTION    51.63    51.65   112.65     0  00:32       51.65
  426                  JUNCTION    58.54    70.68   149.68     0  04:43       70.67
  427                  JUNCTION    56.01    70.63   149.13     0  05:51       70.62
  428                  JUNCTION    67.63    67.66   143.66     0  00:17       67.66
  429                  JUNCTION    65.77    66.30   141.30     0  00:34       66.30
  430                  JUNCTION    64.84    65.32   139.32     0  00:33       65.32
  431                  JUNCTION    61.42    63.08   135.08     0  01:13       63.06
  432                  JUNCTION    62.80    63.82   136.82     0  00:44       63.82
  433                  JUNCTION    59.63    61.91   132.91     0  01:15       61.91
  434                  JUNCTION    60.75    61.17   131.17     0  01:13       61.17
  435                  JUNCTION    58.82    59.76   128.76     0  01:14       59.76
  436                  JUNCTION    57.10    58.61   126.61     0  01:28       58.61
  437                  JUNCTION    51.35    53.77   116.77     0  03:16       53.77
  438                  JUNCTION    54.52    56.54   122.54     0  01:29       56.54
  439                  JUNCTION    50.88    52.20   113.20     0  02:56       52.20
  440                  JUNCTION    52.37    52.66   113.66     0  00:27       52.66
  441                  JUNCTION    57.30    70.18   149.18     0  04:49       70.18
  442                  JUNCTION    49.20    52.90   114.90     0  03:03       52.90
  443                  JUNCTION    51.40    52.85   115.85     0  01:29       52.85
  444                  JUNCTION    54.92    70.35   148.85     0  05:51       70.35
  445                  JUNCTION    62.01    62.02   133.02     0  00:15       62.02
  446                  JUNCTION    52.84    53.16   113.66     0  00:28       53.16
  447                  JUNCTION    52.11    52.81   113.81     0  00:42       52.81
  448                  JUNCTION    51.11    54.02   116.02     0  03:18       54.02
  449                  JUNCTION    50.85    52.74   112.74     0  01:56       52.74
  450                  JUNCTION    50.48    50.87   109.87     0  00:40       50.87
  451                  JUNCTION    56.02    69.56   148.06     0  05:00       69.56
  452                  JUNCTION    53.73    69.87   148.37     0  05:54       69.87
  453                  JUNCTION    71.00    71.03   151.03     0  00:30       71.03
  454                  JUNCTION    69.50    69.61   147.11     0  05:51       69.61
  455                  JUNCTION    65.99    66.51   142.51     0  00:45       66.51
  456                  JUNCTION    63.67    64.74   138.74     0  00:58       64.74
  457                  JUNCTION    67.29    69.53   147.53     0  05:54       69.53
  458                  JUNCTION    55.55    69.89   147.89     0  05:52       69.89
  459                  JUNCTION    68.35    69.01   146.51     0  05:57       69.01
  460                  JUNCTION    61.89    63.58   135.58     0  00:59       63.58
  461                  JUNCTION    55.37    69.76   147.76     0  05:54       69.76
  462                  JUNCTION    60.22    62.79   134.79     0  01:49       62.79
  463                  JUNCTION    64.63    69.63   147.63     0  05:54       69.63
  464                  JUNCTION    58.84    62.52   133.52     0  01:52       62.52
  465                  JUNCTION    57.26    62.24   133.24     0  02:45       62.24
  466                  JUNCTION    55.08    61.48   132.48     0  03:07       61.48
  467                  JUNCTION    52.05    59.66   128.66     0  04:34       59.66
  468                  JUNCTION    52.42    53.35   115.35     0  07:20       53.35
  469                  JUNCTION    46.93    59.10   128.10     0  07:20       59.10
  470                  JUNCTION    50.19    52.84   114.84     0  07:20       52.84
  471                  JUNCTION    50.15    52.58   113.58     0  08:29       52.58
  472                  JUNCTION    48.63    52.00   113.00     0  08:29       52.00
  473                  JUNCTION    49.38    51.73   112.33     0  01:58       51.73
  474                  JUNCTION    50.52    51.77   112.27     0  01:58       51.77
  475                  JUNCTION    50.64    51.75   111.75     0  08:30       51.75
  476                  JUNCTION    50.31    51.90   111.90     0  08:29       51.90
  477                  JUNCTION    50.77    52.57   111.57     0  01:10       52.57
  478                  JUNCTION    53.17    53.17   113.67     0  00:13       53.17
  479                  JUNCTION    51.35    52.94   114.94     0  07:21       52.94
  480                  JUNCTION    52.02    52.26   112.26     0  00:27       52.26
  481                  JUNCTION    49.41    50.22   108.22     0  00:41       50.22
  482                  JUNCTION    52.14    53.35   113.35     0  06:43       53.35
  483                  JUNCTION    50.45    51.03   111.53     0  00:40       51.01
  484                  JUNCTION    49.90    51.02   112.02     0  08:29       51.02
  485                  JUNCTION    46.67    47.92   105.44     0  06:32       47.92
  486                  JUNCTION    66.89    68.34   145.34     0  06:01       68.34
  487                  JUNCTION    76.79    76.92   161.92     0  00:34       76.92
  488                  JUNCTION    72.78    76.19   160.19     0  01:27       76.19
  489                  JUNCTION    59.73    59.74   128.74     0  00:15       59.74
  490                  JUNCTION    78.57    78.64   165.27     0  00:18       78.64
  491                  JUNCTION    75.15    75.20   157.20     0  00:17       75.20
  492                  JUNCTION    49.82    58.93   126.93     0  04:34       58.93
  493                  JUNCTION    74.55    77.06   161.06     0  01:41       77.06
  494                  JUNCTION    53.41    53.41   113.91     0  00:13       53.41
  495                  JUNCTION    52.17    52.17   111.17     0  00:13       52.17
  496                  JUNCTION    49.16    50.91   110.91     0  08:30       50.91
  497                  JUNCTION    65.46    67.75   143.75     0  05:56       67.75
  498                  JUNCTION    52.88    53.33   114.33     0  01:42       53.33
  499                  JUNCTION    53.20    53.22   114.22     0  00:23       53.21
  500                  JUNCTION    75.62    76.36   161.36     0  01:07       76.36
  501                  JUNCTION    75.84    77.45   162.45     0  00:57       77.45
  502                  JUNCTION    80.90    80.98   170.98     0  00:46       80.98
  503                  JUNCTION    62.88    62.90   134.90     0  00:29       62.90
  504                  JUNCTION    60.26    60.68   130.68     0  00:46       60.68
  505                  JUNCTION    75.53    76.85   164.11     0  01:22       76.85
  506                  JUNCTION    57.37    58.24   125.24     0  00:51       58.24
  507                  JUNCTION    55.68    56.06   121.06     0  01:18       56.06
  508                  JUNCTION    52.79    53.19   115.19     0  01:59       53.19
  509                  JUNCTION    51.82    52.17   112.17     0  00:34       52.17
  510                  JUNCTION    74.12    75.70   160.70     0  01:07       75.70
  511                  JUNCTION    53.81    54.53   117.53     0  01:52       54.53
  512                  JUNCTION    48.41    50.67   109.67     0  08:30       50.67
  513                  JUNCTION    58.32    58.77   126.77     0  00:38       58.77
  514                  JUNCTION    64.11    67.25   142.25     0  05:57       67.25
  515                  JUNCTION    63.14    63.16   135.16     0  00:16       63.16
  516                  JUNCTION    72.29    73.68   156.68     0  01:53       73.68
  517                  JUNCTION    77.42    78.14   163.14     0  00:52       78.14
  518                  JUNCTION    50.88    51.16   109.16     0  00:28       51.16
  519                  JUNCTION    52.07    52.62   112.62     0  00:50       52.60
  520                  JUNCTION    70.27    72.60   153.60     0  01:23       72.60
  521                  JUNCTION    56.06    57.48   123.48     0  01:13       57.48
  522                  JUNCTION    54.16    54.22   115.72     0  00:36       54.22
  523                  JUNCTION    47.77    50.46   109.46     0  08:28       50.46
  524                  JUNCTION    63.24    67.09   141.09     0  05:41       67.09
  525                  JUNCTION    67.99    71.13   151.04     0  01:59       71.13
  526                  JUNCTION    78.65    78.72   164.72     0  00:39       78.72
  527                  JUNCTION    57.52    57.53   123.53     0  00:15       57.53
  528                  JUNCTION    66.34    69.32   149.32     0  01:33       69.32
  529                  JUNCTION    54.79    54.79   116.79     0  00:13       54.79
  530                  JUNCTION    76.70    77.46   164.46     0  01:03       77.46
  531                  JUNCTION    68.94    72.68   154.68     0  02:18       72.68
  532                  JUNCTION    61.03    61.50   132.50     0  00:43       61.50
  533                  JUNCTION    58.55    59.61   128.61     0  02:02       59.61
  534                  JUNCTION    56.59    58.36   125.36     0  01:17       58.36
  535                  JUNCTION    55.58    57.55   122.55     0  01:23       57.55
  536                  JUNCTION    56.74    57.99   124.99     0  01:16       57.99
  537                  JUNCTION    61.98    66.23   140.23     0  05:51       66.23
  538                  JUNCTION    56.51    56.82   121.82     0  00:35       56.82
  539                  JUNCTION    57.20    57.21   122.21     0  00:12       57.21
  540                  JUNCTION    52.94    53.49   114.49     0  01:04       53.49
  541                  JUNCTION    47.21    50.33   109.33     0  08:28       50.33
  542                  JUNCTION    50.79    51.88   111.88     0  00:53       51.88
  543                  JUNCTION    77.10    77.16   163.16     0  00:24       77.16
  544                  JUNCTION    49.52    50.14   108.14     0  00:50       50.14
  545                  JUNCTION    50.03    50.95   110.95     0  00:52       50.95
  546                  JUNCTION    48.60    49.64   104.45     0  01:42       49.64
  547                  JUNCTION    57.41    57.42   123.42     0  00:14       57.42
  548                  JUNCTION    55.24    55.24   119.24     0  00:14       55.24
  549                  JUNCTION    75.69    75.75   160.75     0  00:26       75.75
  550                  JUNCTION    62.35    65.86   140.86     0  01:59       65.86
  551                  JUNCTION    60.59    65.13   137.83     0  02:43       65.13
  552                  JUNCTION    73.47    74.11   157.11     0  00:38       74.11
  553                  JUNCTION    61.54    66.24   139.24     0  05:37       66.24
  554                  JUNCTION    47.59    50.30   109.30     0  01:55       50.27
  555                  JUNCTION    58.91    65.00   137.23     0  03:27       65.00
  556                  JUNCTION    69.60    70.18   149.18     0  00:35       70.18
  557                  JUNCTION    60.94    65.09   138.09     0  02:06       65.09
  558                  JUNCTION    69.93    71.25   151.25     0  01:00       71.25
  559                  JUNCTION    60.97    60.99   130.99     0  00:24       60.99
  560                  JUNCTION    59.15    59.51   127.51     0  00:30       59.51
  561                  JUNCTION    57.77    58.58   125.58     0  00:41       58.58
  562                  JUNCTION    55.94    57.41   124.41     0  01:12       57.41
  563                  JUNCTION    53.82    55.94   119.94     0  01:19       55.94
  564                  JUNCTION    62.23    67.81   144.81     0  03:34       67.81
  565                  JUNCTION    57.08    64.68   137.07     0  03:18       64.68
  566                  JUNCTION    60.50    65.58   138.58     0  05:39       65.58
  567                  JUNCTION    54.66    56.67   122.67     0  02:16       56.67
  568                  JUNCTION    56.00    56.39   121.39     0  01:56       56.39
  569                  JUNCTION    53.62    53.96   116.96     0  00:32       53.96
  570                  JUNCTION    49.91    51.25   109.25     0  01:53       51.25
  571                  JUNCTION    57.33    57.34   123.34     0  00:24       57.33
  572                  JUNCTION    50.88    52.24   112.74     0  02:59       52.24
  573                  JUNCTION    52.71    53.14   113.14     0  01:17       53.14
  574                  JUNCTION    51.68    52.18   111.98     0  00:50       52.17
  575                  JUNCTION    50.99    51.28   109.78     0  00:29       51.28
  576                  JUNCTION    69.83    71.32   151.32     0  01:09       71.32
  577                  JUNCTION    54.27    64.12   137.12     0  04:25       64.09
  578                  JUNCTION    68.02    69.34   147.34     0  01:04       69.34
  579                  JUNCTION    59.90    64.70   137.20     0  06:12       64.70
  580                  JUNCTION     0.00     0.00    74.33     0  00:00        0.00
  581                  JUNCTION    66.36    68.35   145.35     0  01:19       68.35
  582                  JUNCTION    59.39    64.83   137.83     0  05:39       64.83
  583                  JUNCTION    57.45    57.46   124.46     0  00:23       57.46
  584                  JUNCTION    59.92    59.93   128.93     0  00:15       59.93
  585                  JUNCTION     0.00     0.00    74.00     0  00:00        0.00
  586                  JUNCTION    52.17    54.55   117.55     0  01:19       54.55
  587                  JUNCTION    47.91    48.29   109.29     0  00:58       48.29
  588                  JUNCTION    55.38    61.82   138.51     0  03:09       61.82
  589                  JUNCTION    58.31    64.06   137.06     0  06:12       64.06
  590                  JUNCTION    57.34    63.77   141.21     0  15:25       63.77
  591                  JUNCTION    58.16    64.21   136.21     0  02:31       64.21
  592                  JUNCTION    66.25    68.42   145.42     0  02:01       68.42
  593                  JUNCTION    59.09    64.60   137.10     0  06:13       64.60
  594                  JUNCTION    59.51    61.04   138.30     0  03:08       61.04
  595                  JUNCTION    58.13    60.19   137.74     0  03:08       60.19
  596                  JUNCTION    56.37    59.05   135.51     0  03:12       59.05
  597                  JUNCTION    55.73    59.08   133.57     0  03:06       59.08
  598                  JUNCTION    52.83    57.00   132.87     0  03:37       57.00
  599                  JUNCTION    70.42    70.45   148.45     0  00:15       70.45
  600                  JUNCTION    51.57    56.31   130.33     0  03:38       56.31
  601                  JUNCTION    69.21    69.95   147.95     0  01:47       69.95
  602                  JUNCTION    67.88    69.79   147.79     0  01:48       69.79
  603                  JUNCTION    50.39    55.59   126.04     0  03:38       55.59
  604                  JUNCTION    60.31    61.24   138.48     0  03:09       61.24
  605                  JUNCTION    54.28    54.28   114.28     0  00:13       54.28
  606                  JUNCTION    49.78    55.43   124.38     0  03:44       55.43
  607                  JUNCTION    53.40    53.40   112.90     0  00:13       53.40
  608                  JUNCTION    64.35    65.57   140.57     0  01:19       65.57
  609                  JUNCTION    52.58    52.58   112.58     0  00:14       52.58
  610                  JUNCTION    62.56    63.97   135.97     0  01:00       63.97
  611                  JUNCTION    65.49    68.61   146.61     0  02:04       68.61
  612                  JUNCTION    62.13    62.62   137.62     0  03:34       62.62
  613                  JUNCTION    49.37    49.38   112.89     0  00:16       49.38
  614                  JUNCTION    61.03    62.82   139.82     0  01:20       62.82
  615                  JUNCTION    63.66    67.38   143.38     0  01:54       67.38
  616                  JUNCTION    64.92    67.89   144.89     0  02:11       67.89
  617                  JUNCTION    63.94    66.04   142.04     0  02:37       66.04
  618                  JUNCTION    53.66    54.00   117.64     0  03:45       54.00
  619                  JUNCTION    63.89    63.91   136.91     0  00:15       63.91
  620                  JUNCTION    53.55    54.26   116.66     0  01:15       54.26
  621                  JUNCTION    63.20    63.63   135.63     0  00:28       63.63
  622                  JUNCTION    61.40    61.86   138.68     0  00:40       61.86
  623                  JUNCTION    50.88    52.54   116.64     0  01:19       52.54
  624                  JUNCTION    49.39    51.78   116.14     0  03:24       51.78
  625                  JUNCTION    60.31    61.36   131.36     0  03:34       61.36
  626                  JUNCTION    58.24    58.61   126.61     0  03:35       58.61
  627                  JUNCTION    47.44    50.57   113.95     0  03:25       50.57
  628                  JUNCTION    63.49    66.24   141.24     0  01:39       66.24
  630                  JUNCTION    54.99    55.82   118.82     0  00:53       55.82
  631                  JUNCTION    63.96    65.85   138.85     0  01:28       65.85
  632                  JUNCTION    61.36    63.71   136.71     0  01:28       63.71
  633                  JUNCTION    52.78    53.67   116.67     0  00:48       53.67
  634                  JUNCTION    51.32    52.64   116.64     0  02:16       52.64
  635                  JUNCTION    46.41    50.09   113.79     0  03:25       50.09
  636                  JUNCTION    62.05    68.62   146.62     0  15:24       68.62
  637                  JUNCTION    51.71    52.47   116.47     0  02:16       52.47
  638                  JUNCTION    49.14    49.97   112.68     0  03:25       49.97
  639                  JUNCTION    49.68    50.63   113.63     0  02:16       50.63
  640                  JUNCTION    49.11    49.29   112.29     0  02:14       49.29
  641                  JUNCTION    50.54    51.34   110.54     0  01:08       51.34
  642                  JUNCTION    52.22    52.46   111.96     0  00:26       52.46
  643                  JUNCTION    52.94    52.95   113.45     0  00:24       52.95
  644                  JUNCTION    50.27    50.76   115.76     0  02:16       50.76
  646                  JUNCTION    44.43    46.48   104.58     0  02:35       46.48
  647                  JUNCTION    48.50    49.97   108.87     0  02:41       49.97
  648                  JUNCTION    48.22    48.87   111.25     0  02:14       48.87
  649                  JUNCTION    48.84    49.24   112.24     0  02:14       49.24
  651                  JUNCTION    67.89    69.17   147.17     0  01:19       69.17
  652                  JUNCTION    48.11    49.61   110.84     0  02:16       49.61
  653                  JUNCTION    45.67    48.15   106.81     0  03:36       48.15
  654                  JUNCTION    46.85    48.92   108.78     0  02:21       48.92
  655                  JUNCTION    44.61    46.94   104.64     0  02:35       46.94
  656                  JUNCTION    57.09    57.10   123.10     0  00:14       57.10
  657                  JUNCTION     0.00     0.00    57.70     0  00:00        0.00
  658                  JUNCTION    53.58    53.58   114.58     0  00:15       53.58
  659                  JUNCTION    48.13    49.06   111.09     0  02:11       49.06
  660                  JUNCTION    65.82    69.97   148.97     0  01:48       69.97
  661                  JUNCTION    64.33    68.49   146.49     0  02:10       68.49
  662                  JUNCTION    59.26    59.27   127.27     0  00:15       59.27
  663                  JUNCTION    63.85    70.17   149.17     0  15:24       70.17
  664                  JUNCTION    55.23    55.23   118.23     0  00:13       55.23
  665                  JUNCTION    47.46    48.63   110.61     0  02:12       48.63
  666                  JUNCTION    56.12    56.47   121.47     0  00:30       56.47
  667                  JUNCTION    56.36    56.73   122.73     0  00:52       56.73
  668                  JUNCTION    69.93    70.54   150.54     0  01:19       70.54
  669                  JUNCTION    68.41    68.44   145.44     0  00:28       68.44
  670                  JUNCTION    66.58    72.72   154.72     0  15:22       72.72
  671                  JUNCTION    55.34    55.34   118.34     0  00:15       55.34
  672                  JUNCTION    62.43    62.95   134.95     0  01:50       62.95
  673                  JUNCTION    67.17    70.49   150.49     0  01:46       70.49
  674                  JUNCTION    68.81    69.41   147.41     0  01:06       69.41
  675                  JUNCTION    57.48    57.49   123.49     0  00:12       57.49
  676                  JUNCTION    65.64    67.77   144.77     0  02:37       67.77
  677                  JUNCTION    57.10    57.11   122.11     0  00:12       57.11
  678                  JUNCTION    66.77    69.23   147.23     0  01:50       69.23
  679                  JUNCTION    67.92    73.41   156.41     0  15:22       73.41
  680                  JUNCTION    55.39    55.81   120.81     0  00:47       55.81
  681                  JUNCTION    73.02    73.06   155.06     0  00:37       73.06
  682                  JUNCTION    54.80    55.15   119.15     0  00:35       55.15
  683                  JUNCTION    51.91    52.20   111.70     0  00:30       52.20
  684                  JUNCTION    54.98    54.98   116.98     0  00:13       54.98
  685                  JUNCTION    56.88    56.89   122.89     0  00:16       56.89
  686                  JUNCTION    57.89    58.37   125.37     0  00:47       58.37
  687                  JUNCTION    67.21    75.73   160.73     0  15:21       75.73
  688                  JUNCTION    70.10    76.00   162.00     0  02:18       76.00
  689                  JUNCTION    68.81    71.27   151.27     0  01:29       71.27
  690                  JUNCTION    71.08    75.89   161.89     0  02:04       75.89
  691                  JUNCTION    68.29    69.53   147.53     0  00:47       69.53
  692                  JUNCTION    52.24    52.24   112.24     0  00:12       52.24
  694                  JUNCTION    51.18    51.48   111.18     0  00:46       51.48
  695                  JUNCTION    47.69    48.55   108.14     0  04:14       48.55
  696                  JUNCTION    48.16    49.49   108.99     0  02:46       49.49
  697                  JUNCTION    54.29    54.59   116.09     0  00:27       54.59
  698                  JUNCTION    44.33    45.80   105.23     0  02:28       45.80
  699                  JUNCTION    74.83    80.10   170.10     0  02:05       80.10
  700                  JUNCTION    74.88    74.93   158.93     0  00:32       74.93
  701                  JUNCTION    76.07    80.21   170.21     0  01:43       80.21
  702                  JUNCTION    72.23    80.28   169.76     0  02:55       80.28
  703                  JUNCTION    64.14    64.16   137.16     0  00:16       64.16
  704                  JUNCTION    78.11    78.17   165.17     0  00:32       78.17
  705                  JUNCTION    46.04    49.27   109.53     0  02:08       49.26
  706                  JUNCTION    72.94    80.01   169.90     0  02:34       80.01
  707                  JUNCTION    49.59    77.83   164.83     0  15:47       77.83
  708                  JUNCTION    69.41    75.74   160.74     0  15:46       75.74
  709                  JUNCTION    66.67    67.56   152.56     0  01:00       67.56
  710                  JUNCTION    65.73    72.97   154.97     0  15:46       72.97
  711                  JUNCTION    56.50    56.51   121.51     0  00:15       56.51
  712                  JUNCTION    70.37    71.03   151.03     0  05:16       71.03
  713                  JUNCTION    70.21    71.83   151.83     0  00:56       71.83
  714                  JUNCTION    72.11    72.18   153.18     0  00:49       72.18
  715                  JUNCTION     0.00     0.00    79.00     0  00:00        0.00
  716                  JUNCTION    56.29    57.32   123.32     0  00:47       57.32
  717                  JUNCTION    55.82    55.82   120.82     0  00:16       55.82
  718                  JUNCTION    53.63    54.29   116.29     0  01:25       54.29
  719                  JUNCTION    53.26    54.24   117.24     0  00:51       54.22
  720                  JUNCTION    48.79    49.94   108.94     0  02:46       49.94
  721                  JUNCTION    55.31    55.65   119.65     0  00:34       55.65
  722                  JUNCTION    50.63    51.23   109.23     0  00:35       51.23
  723                  JUNCTION    53.00    53.78   114.78     0  01:03       53.78
  724                  JUNCTION    55.34    57.02   123.02     0  01:04       57.02
  725                  JUNCTION    79.50    79.57   168.57     0  00:36       79.57
  726                  JUNCTION    54.15    56.51   122.51     0  01:40       56.51
  728                  JUNCTION    47.74    49.79   110.61     0  01:35       49.78
  729                  JUNCTION    56.58    56.67   122.67     0  00:23       56.64
  730                  JUNCTION    62.36    77.18   164.18     0  05:17       77.18
  731                  JUNCTION    75.04    81.21   172.21     0  02:16       81.21
  732                  JUNCTION    71.48    76.65   162.65     0  02:44       76.65
  733                  JUNCTION    42.39    45.43   104.93     0  03:10       45.43
  734                  JUNCTION    82.16    86.74   183.74     0  02:01       86.74
  735                  JUNCTION    51.69    53.21   115.21     0  01:06       53.21
  736                  JUNCTION    83.67    87.02   184.02     0  01:41       87.02
  737                  JUNCTION    47.27    48.83   108.83     0  02:47       48.83
  738                  JUNCTION    73.33    77.33   164.33     0  01:42       77.33
  739                  JUNCTION    76.87    82.05   173.05     0  02:11       82.04
  740                  JUNCTION    73.06    74.06   157.06     0  00:40       74.06
  741                  JUNCTION    65.26    77.68   164.68     0  04:24       77.68
  742                  JUNCTION    50.71    52.62   113.12     0  01:31       52.62
  743                  JUNCTION    86.26    86.36   182.36     0  00:37       86.36
  744                  JUNCTION    50.85    52.26   112.76     0  01:10       52.25
  745                  JUNCTION    50.56    51.25   112.16     0  01:30       51.25
  746                  JUNCTION     0.00     0.00    78.00     0  00:00        0.00
  747                  JUNCTION    52.00    52.29   111.29     0  00:28       52.29
  748                  JUNCTION    54.22    54.56   117.56     0  00:32       54.56
  749                  JUNCTION    54.75    55.07   119.07     0  00:31       55.07
  750                  JUNCTION    85.63    89.14   188.14     0  01:31       89.14
  751                  JUNCTION    47.01    48.72   108.72     0  02:45       48.72
  752                  JUNCTION    75.64    76.38   161.38     0  00:42       76.37
  753                  JUNCTION    52.43    55.44   119.44     0  02:28       55.44
  754                  JUNCTION    52.86    52.86   113.53     0  00:11       52.86
  755                  JUNCTION    86.95    89.18   188.18     0  01:17       89.18
  756                  JUNCTION    47.04    48.66   108.66     0  02:45       48.66
  757                  JUNCTION    75.65    78.41   166.41     0  01:39       78.41
  758                  JUNCTION    78.30    82.44   174.44     0  01:38       82.44
  759                  JUNCTION    83.93    85.51   179.51     0  01:47       85.51
  760                  JUNCTION    68.85    79.41   168.41     0  04:28       79.41
  761                  JUNCTION    88.81    91.15   192.15     0  01:14       91.15
  762                  JUNCTION    90.45    91.53   193.03     0  00:52       91.53
  763                  JUNCTION    52.87    52.87   112.63     0  00:13       52.87
  764                  JUNCTION    91.60    92.74   195.24     0  00:45       92.74
  765                  JUNCTION    92.35    92.49   194.49     0  00:31       92.49
  766                  JUNCTION    87.92    88.95   186.95     0  00:58       88.95
  767                  JUNCTION    83.87    85.97   180.97     0  01:07       85.97
  768                  JUNCTION    80.02    83.13   175.63     0  01:34       83.13
  769                  JUNCTION    80.06    80.13   170.13     0  00:21       80.13
  770                  JUNCTION    82.41    82.49   174.49     0  00:24       82.49
  771                  JUNCTION    78.93    79.70   168.70     0  00:38       79.70
  772                  JUNCTION    78.51    79.12   167.12     0  00:32       79.12
  773                  JUNCTION    77.66    79.29   167.79     0  00:52       79.29
  774                  JUNCTION    53.65    53.65   114.65     0  00:16       53.65
  775                  JUNCTION    82.84    82.92   174.92     0  00:28       82.92
  776                  JUNCTION    73.20    81.84   172.84     0  03:14       81.84
  777                  JUNCTION    83.12    83.21   176.21     0  00:31       83.21
  778                  JUNCTION    76.91    83.35   176.35     0  02:42       83.35
  779                  JUNCTION    80.76    84.87   178.87     0  02:00       84.87
  780                  JUNCTION    73.11    73.81   156.81     0  00:45       73.81
  781                  JUNCTION    92.71    92.85   195.35     0  00:29       92.85
  782                  JUNCTION    66.14    67.33   143.33     0  01:06       67.33
  783                  JUNCTION    52.78    54.35   117.35     0  01:01       54.35
  784                  JUNCTION    58.60    60.02   129.02     0  00:54       60.01
  785                  JUNCTION    52.20    53.03   115.03     0  00:59       53.03
  786                  JUNCTION    51.59    52.30   114.30     0  01:44       52.30
  787                  JUNCTION    50.68    51.91   112.91     0  00:58       51.91
  788                  JUNCTION    89.86    89.99   188.99     0  00:38       89.99
  789                  JUNCTION    49.93    51.36   108.36     0  01:13       51.36
  790                  JUNCTION    49.09    49.90   111.90     0  01:10       49.90
  791                  JUNCTION    48.28    50.08   108.08     0  01:12       50.08
  792                  JUNCTION    54.17    54.17   115.67     0  00:16       54.17
  793                  JUNCTION    47.82    48.09   108.09     0  02:45       48.09
  794                  JUNCTION    48.24    48.36   104.89     0  01:50       48.36
  795                  JUNCTION    82.62    82.70   174.70     0  00:31       82.70
  796                  JUNCTION    85.90    86.00   181.00     0  00:27       86.00
  797                  JUNCTION    66.47    66.55   141.55     0  00:28       66.50
  798                  JUNCTION    67.41    67.44   143.44     0  00:29       67.44
  799                  JUNCTION    93.58    93.73   197.23     0  00:42       93.73
  800                  JUNCTION     0.00     0.00   103.50     0  00:00        0.00
  801                  JUNCTION     0.00     0.00    61.00     0  00:00        0.00
  802                  JUNCTION     0.00     0.00    90.00     0  00:00        0.00
  803                  JUNCTION     0.00     0.00    93.00     0  00:00        0.00
  804                  JUNCTION     0.00     0.00    93.00     0  00:00        0.00
  805                  JUNCTION     0.00     0.00    63.00     0  00:00        0.00
  806                  JUNCTION     0.00     0.00    63.00     0  00:00        0.00
  807                  JUNCTION     0.00     0.00    62.00     0  00:00        0.00
  808                  JUNCTION     0.00     0.00    61.00     0  00:00        0.00
  810                  JUNCTION     0.00     0.00    98.00     0  00:00        0.00
  811                  JUNCTION     0.00     0.00    91.00     0  00:00        0.00
  812                  JUNCTION     0.00     0.00   103.50     0  00:00        0.00
  813                  JUNCTION     0.00     0.00   104.00     0  00:00        0.00
  814                  JUNCTION    86.85    87.85   184.85     0  00:38       87.85
  815                  JUNCTION     0.00     0.00    95.50     0  00:00        0.00
  816                  JUNCTION     0.00     0.00    94.00     0  00:00        0.00
  817                  JUNCTION     0.00     0.00    91.00     0  00:00        0.00
  818                  JUNCTION    64.40    64.87   138.87     0  00:28       64.87
  819                  JUNCTION    74.91    75.65   159.65     0  00:34       75.65
  820                  JUNCTION     0.00     0.00    94.00     0  00:00        0.00
  821                  JUNCTION     0.00     0.00    65.00     0  00:00        0.00
  822                  JUNCTION     0.00     0.00    63.00     0  00:00        0.00
  823                  JUNCTION     0.00     0.00    62.00     0  00:00        0.00
  824                  JUNCTION     0.00     0.00   104.00     0  00:00        0.00
  825                  JUNCTION    73.48    74.18   157.18     0  00:33       74.18
  826                  JUNCTION     0.00     0.00   104.50     0  00:00        0.00
  827                  JUNCTION     0.00     0.00    92.00     0  00:00        0.00
  828                  JUNCTION     0.00     0.00    95.00     0  00:00        0.00
  829                  JUNCTION    65.13    65.63   139.63     0  00:29       65.63
  830                  JUNCTION     0.00     0.00    62.00     0  00:00        0.00
  831                  JUNCTION     0.00     0.00    59.00     0  00:00        0.00
  832                  JUNCTION    47.24    47.82   104.92     0  01:51       47.82
  833                  JUNCTION     0.00     0.00   104.50     0  00:00        0.00
  834                  JUNCTION     0.00     0.00   105.00     0  00:00        0.00
  835                  JUNCTION     0.00     0.00    96.00     0  00:00        0.00
  836                  JUNCTION     0.00     0.00    97.00     0  00:00        0.00
  837                  JUNCTION     0.00     0.00    82.00     0  00:00        0.00
  838                  JUNCTION     0.00     0.00    96.00     0  00:00        0.00
  839                  JUNCTION     0.00     0.00    91.00     0  00:00        0.00
  840                  JUNCTION     0.00     0.00    95.00     0  00:00        0.00
  841                  JUNCTION     0.00     0.00    72.00     0  00:00        0.00
  842                  JUNCTION     0.00     0.00    63.00     0  00:00        0.00
  843                  JUNCTION     0.00     0.00    61.00     0  00:00        0.00
  844                  JUNCTION     0.00     0.00    59.00     0  00:00        0.00
  845                  JUNCTION     0.00     0.00    99.00     0  00:00        0.00
  846                  JUNCTION     0.00     0.00    81.00     0  00:00        0.00
  847                  JUNCTION     0.00     0.00    63.00     0  00:00        0.00
  848                  JUNCTION     0.00     0.00    96.00     0  00:00        0.00
  849                  JUNCTION     0.00     0.00   104.50     0  00:00        0.00
  850                  JUNCTION     0.00     0.00    66.00     0  00:00        0.00
  851                  JUNCTION     0.00     0.00    92.00     0  00:00        0.00
  852                  JUNCTION     0.00     0.00    99.00     0  00:00        0.00
  853                  JUNCTION     0.00     0.00   105.50     0  00:00        0.00
  854                  JUNCTION     0.00     0.00    62.00     0  00:00        0.00
  855                  JUNCTION     0.00     0.00    97.00     0  00:00        0.00
  856                  JUNCTION     0.00     0.00    97.00     0  00:00        0.00
  857                  JUNCTION     0.00     0.00    80.00     0  00:00        0.00
  858                  JUNCTION     0.00     0.00   104.00     0  00:00        0.00
  859                  JUNCTION     0.00     0.00    58.50     0  00:00        0.00
  860                  JUNCTION     0.00     0.00   101.00     0  00:00        0.00
  861                  JUNCTION     0.00     0.00    74.00     0  00:00        0.00
  862                  JUNCTION     0.00     0.00    86.00     0  00:00        0.00
  863                  JUNCTION     0.00     0.00    79.00     0  00:00        0.00
  864                  JUNCTION     0.00     0.00   100.00     0  00:00        0.00
  865                  JUNCTION     0.00     0.00   107.00     0  00:00        0.00
  866                  JUNCTION     0.00     0.00    58.00     0  00:00        0.00
  867                  JUNCTION     0.00     0.00    73.00     0  00:00        0.00
  868                  JUNCTION     0.00     0.00    81.00     0  00:00        0.00
  869                  JUNCTION     0.00     0.00   107.00     0  00:00        0.00
  870                  JUNCTION     0.00     0.00    63.00     0  00:00        0.00
  871                  JUNCTION     0.00     0.00    56.75     0  00:00        0.00
  872                  JUNCTION     0.00     0.00    70.00     0  00:00        0.00
  873                  JUNCTION     0.00     0.00    97.00     0  00:00        0.00
  874                  JUNCTION     0.00     0.00    82.00     0  00:00        0.00
  875                  JUNCTION     0.00     0.00    81.00     0  00:00        0.00
  876                  JUNCTION     0.00     0.00    58.00     0  00:00        0.00
  877                  JUNCTION     0.00     0.00    98.00     0  00:00        0.00
  878                  JUNCTION     0.00     0.00   108.00     0  00:00        0.00
  879                  JUNCTION     0.00     0.00    68.00     0  00:00        0.00
  880                  JUNCTION     0.00     0.00   108.50     0  00:00        0.00
  881                  JUNCTION     0.00     0.00    84.00     0  00:00        0.00
  882                  JUNCTION     0.00     0.00    59.00     0  00:00        0.00
  883                  JUNCTION     0.00     0.00    59.00     0  00:00        0.00
  884                  JUNCTION     0.00     0.00    67.00     0  00:00        0.00
  885                  JUNCTION     0.00     0.00    83.00     0  00:00        0.00
  886                  JUNCTION     0.00     0.00    63.50     0  00:00        0.00
  887                  JUNCTION     0.00     0.00    68.00     0  00:00        0.00
  888                  JUNCTION     0.00     0.00    63.00     0  00:00        0.00
  889                  JUNCTION     0.00     0.00   110.00     0  00:00        0.00
  890                  JUNCTION     0.00     0.00    78.00     0  00:00        0.00
  891                  JUNCTION     0.00     0.00   102.00     0  00:00        0.00
  892                  JUNCTION     0.00     0.00    89.00     0  00:00        0.00
  893                  JUNCTION     0.00     0.00    98.00     0  00:00        0.00
  894                  JUNCTION     0.00     0.00   110.00     0  00:00        0.00
  895                  JUNCTION     0.00     0.00    97.00     0  00:00        0.00
  896                  JUNCTION     0.00     0.00    84.00     0  00:00        0.00
  897                  JUNCTION     0.00     0.00   110.00     0  00:00        0.00
  898                  JUNCTION     0.00     0.00    94.00     0  00:00        0.00
  899                  JUNCTION     0.00     0.00    98.00     0  00:00        0.00
  901                  JUNCTION     0.00     0.00    67.00     0  00:00        0.00
  902                  JUNCTION     0.00     0.00   104.00     0  00:00        0.00
  903                  JUNCTION     0.00     0.00    87.00     0  00:00        0.00
  904                  JUNCTION     0.00     0.00    63.00     0  00:00        0.00
  905                  JUNCTION     0.00     0.00    99.00     0  00:00        0.00
  906                  JUNCTION     0.00     0.00    88.00     0  00:00        0.00
  907                  JUNCTION     0.00     0.00    63.00     0  00:00        0.00
  908                  JUNCTION     0.00     0.00    91.00     0  00:00        0.00
  909                  JUNCTION     0.00     0.00    66.00     0  00:00        0.00
  910                  JUNCTION     0.00     0.00   111.00     0  00:00        0.00
  911                  JUNCTION     0.00     0.00    95.00     0  00:00        0.00
  912                  JUNCTION     0.00     0.00   111.00     0  00:00        0.00
  913                  JUNCTION     0.00     0.00    66.10     0  00:00        0.00
  914                  JUNCTION     0.00     0.00    64.80     0  00:00        0.00
  915                  JUNCTION     0.00     0.00    63.30     0  00:00        0.00
  916                  JUNCTION     0.00     0.00    72.00     0  00:00        0.00
  917                  JUNCTION     0.00     0.00    64.60     0  00:00        0.00
  918                  JUNCTION     0.00     0.00    62.70     0  00:00        0.00
  919                  JUNCTION     0.00     0.00    57.90     0  00:00        0.00
  920                  JUNCTION     0.00     0.00    58.90     0  00:00        0.00
  921                  JUNCTION     0.00     0.00   101.00     0  00:00        0.00
  922                  JUNCTION     0.00     0.00    71.00     0  00:00        0.00
  924                  JUNCTION     0.00     0.00    57.20     0  00:00        0.00
  925                  JUNCTION     0.00     0.00    57.91     0  00:00        0.00
  926                  JUNCTION     0.00     0.00   111.00     0  00:00        0.00
  927                  JUNCTION     0.00     0.00   111.50     0  00:00        0.00
  928                  JUNCTION     0.00     0.00    99.00     0  00:00        0.00
  929                  JUNCTION     0.00     0.00    93.00     0  00:00        0.00
  930                  JUNCTION     0.00     0.00    81.00     0  00:00        0.00
  931                  JUNCTION     0.00     0.00    77.00     0  00:00        0.00
  932                  JUNCTION     0.00     0.00   111.50     0  00:00        0.00
  933                  JUNCTION     0.00     0.00    99.00     0  00:00        0.00
  934                  JUNCTION     0.00     0.00    57.37     0  00:00        0.00
  935                  JUNCTION     0.00     0.00    98.00     0  00:00        0.00
  936                  JUNCTION     0.00     0.00    67.30     0  00:00        0.00
  937                  JUNCTION     0.00     0.00   100.00     0  00:00        0.00
  938                  JUNCTION     0.00     0.00   112.00     0  00:00        0.00
  939                  JUNCTION     0.00     0.00   111.50     0  00:00        0.00
  940                  JUNCTION     0.00     0.00   108.00     0  00:00        0.00
  941                  JUNCTION     0.00     0.00    59.00     0  00:00        0.00
  942                  JUNCTION     0.00     0.00   100.00     0  00:00        0.00
  943                  JUNCTION     0.00     0.00    80.00     0  00:00        0.00
  944                  JUNCTION     0.00     0.00    70.00     0  00:00        0.00
  945                  JUNCTION     0.00     0.00    69.00     0  00:00        0.00
  946                  JUNCTION     0.00     0.00    70.00     0  00:00        0.00
  947                  JUNCTION     0.00     0.00    71.00     0  00:00        0.00
  948                  JUNCTION     0.00     0.00    77.00     0  00:00        0.00
  949                  JUNCTION     0.00     0.00    74.00     0  00:00        0.00
  950                  JUNCTION     0.00     0.00    60.00     0  00:00        0.00
  952                  JUNCTION     0.00     0.00   105.00     0  00:00        0.00
  953                  JUNCTION     0.00     0.00   100.00     0  00:00        0.00
  954                  JUNCTION     0.00     0.00   102.00     0  00:00        0.00
  955                  JUNCTION     0.00     0.00   112.00     0  00:00        0.00
  956                  JUNCTION     0.00     0.00    98.00     0  00:00        0.00
  957                  JUNCTION     0.00     0.00    99.00     0  00:00        0.00
  958                  JUNCTION     0.00     0.00    89.00     0  00:00        0.00
  959                  JUNCTION     0.00     0.00   112.00     0  00:00        0.00
  960                  JUNCTION     0.00     0.00    83.00     0  00:00        0.00
  961                  JUNCTION     0.00     0.00    78.70     0  00:00        0.00
  962                  JUNCTION     0.00     0.00    74.00     0  00:00        0.00
  963                  JUNCTION     0.00     0.00    69.00     0  00:00        0.00
  964                  JUNCTION     0.00     0.00    70.70     0  00:00        0.00
  966                  JUNCTION     0.00     0.00    69.00     0  00:00        0.00
  967                  JUNCTION     0.00     0.00   109.00     0  00:00        0.00
  968                  JUNCTION     0.00     0.00    67.10     0  00:00        0.00
  969                  JUNCTION     0.00     0.00   111.00     0  00:00        0.00
  970                  JUNCTION     0.00     0.00    71.00     0  00:00        0.00
  971                  JUNCTION     0.00     0.00    59.05     0  00:00        0.00
  972                  JUNCTION     0.00     0.00   114.00     0  00:00        0.00
  973                  JUNCTION     0.00     0.00   112.50     0  00:00        0.00
  974                  JUNCTION     0.00     0.00   113.50     0  00:00        0.00
  975                  JUNCTION     0.00     0.00   113.50     0  00:00        0.00
  976                  JUNCTION     0.00     0.00    98.50     0  00:00        0.00
  977                  JUNCTION     0.00     0.00   115.50     0  00:00        0.00
  978                  JUNCTION     0.00     0.00   115.00     0  00:00        0.00
  979                  JUNCTION     0.00     0.00   107.00     0  00:00        0.00
  980                  JUNCTION     0.00     0.00   103.00     0  00:00        0.00
  981                  JUNCTION     0.00     0.00   105.00     0  00:00        0.00
  2010                 JUNCTION     0.00     0.00    58.00     0  00:00        0.00
  2013                 JUNCTION     0.00     0.00    59.00     0  00:00        0.00
  2021                 JUNCTION     0.00     0.00    82.00     0  00:00        0.00
  2025                 JUNCTION     0.00     0.00    70.00     0  00:00        0.00
  2036                 JUNCTION     0.00     0.00    75.10     0  00:00        0.00
  2038                 JUNCTION     0.00     0.00    76.70     0  00:00        0.00
  2046                 JUNCTION     0.00     0.00    55.23     0  00:00        0.00
  2048                 JUNCTION     0.00     0.00    59.24     0  00:00        0.00
  2050                 JUNCTION     0.00     0.00    59.51     0  00:00        0.00
  2052                 JUNCTION    42.78    48.37   104.90     0  06:37       48.37
  2053                 JUNCTION     0.00     0.00    56.00     0  00:00        0.00
  2056                 JUNCTION     0.00     0.00    56.00     0  00:00        0.00
  2064                 JUNCTION     0.00     0.00    82.00     0  00:00        0.00
  2066                 JUNCTION     0.00     0.00    70.00     0  00:00        0.00
  2067                 JUNCTION     0.00     0.00    73.00     0  00:00        0.00
  2070                 JUNCTION     0.00     0.00    71.00     0  00:00        0.00
  2089                 JUNCTION     0.00     0.00    57.00     0  00:00        0.00
  2091                 JUNCTION     0.00     0.00    54.57     0  00:00        0.00
  2093                 JUNCTION     0.00     0.00    55.00     0  00:00        0.00
  Node_180             JUNCTION    93.42    93.60   186.62     0  00:40       93.59
  Node_11801153        JUNCTION    89.85    90.99   181.31     0  00:40       90.99
  Node_176             JUNCTION    98.20    98.38   196.36     0  00:41       98.38
  Node_11791154        JUNCTION    91.68    92.88   185.09     0  00:41       92.88
  Node_175             JUNCTION   101.02   101.22   202.10     0  00:32      101.22
  Node_11671152        JUNCTION    95.14    96.40   192.13     0  00:42       96.40
  Node_170             JUNCTION    90.16    90.29   179.91     0  00:21       90.29
  Node_11331093        JUNCTION    88.17    89.49   178.31     0  00:48       89.49
  Node_166             JUNCTION   104.32   104.55   208.43     0  00:26      104.55
  Node_11721173        JUNCTION   101.35   102.97   205.27     0  00:48      102.97
  Node_165             JUNCTION    91.01    91.14   193.39     0  00:25       91.14
  Node_11731169        JUNCTION     0.00     0.00   101.24     0  00:00        0.00
  Node_164             JUNCTION    73.59    73.64   174.90     0  00:24       73.64
  Node_11691140        JUNCTION     0.00     0.00    98.98     0  00:00        0.00
  Node_163             JUNCTION    87.97    88.08   187.00     0  00:25       88.08
  Node_11401121        JUNCTION     0.00     0.00    91.02     0  00:00        0.00
  Node_162             JUNCTION    83.03    83.12   174.07     0  00:23       83.12
  Node_11211077        JUNCTION     0.00     0.00    88.54     0  00:00        0.00
  Node_161             JUNCTION    88.84    88.97   177.48     0  00:40       88.97
  Node_10771056        JUNCTION    86.84    88.26   175.85     0  00:52       88.26
  Node_136             JUNCTION   107.24   107.48   214.63     0  00:28      107.48
  Node_11771175        JUNCTION   105.08   106.63   212.26     0  00:45      106.63
  Node_135             JUNCTION    73.63    73.67   179.30     0  00:24       73.67
  Node_11751159        JUNCTION     0.00     0.00   104.03     0  00:00        0.00
  Node_134             JUNCTION   104.23   104.45   208.48     0  00:44      104.45
  Node_11591139        JUNCTION   102.02   103.52   206.04     0  00:45      103.52
  Node_133             JUNCTION    72.10    72.15   174.67     0  00:19       72.14
  Node_11391132        JUNCTION     0.00     0.00   101.85     0  00:00        0.00
  Node_132             JUNCTION   102.14   102.37   204.22     0  00:39      102.37
  Node_11321126        JUNCTION   100.92   102.35   203.70     0  00:44      102.35
  Node_131             JUNCTION    67.50    67.52   168.87     0  00:28       67.52
  Node_11261110        JUNCTION     0.00     0.00   100.87     0  00:00        0.00
  Node_130             JUNCTION   101.07   101.28   202.15     0  00:47      101.28
  Node_11101097        JUNCTION    99.43   100.79   200.58     0  00:43      100.79
  Node_129             JUNCTION    99.98   100.17   199.96     0  00:32      100.17
  Node_10971080        JUNCTION    98.15    99.47   197.94     0  00:42       99.47
  Node_127             JUNCTION    64.95    64.97   161.99     0  00:23       64.97
  Node_10691058        JUNCTION     0.00     0.00    95.99     0  00:00        0.00
  Node_126             JUNCTION    63.57    63.59   159.58     0  00:27       63.59
  Node_10581049        JUNCTION     0.00     0.00    95.53     0  00:00        0.00
  Node_125             JUNCTION    61.12    61.13   156.66     0  00:20       61.13
  Node_10491034        JUNCTION     0.00     0.00    94.92     0  00:00        0.00
  Node_124             JUNCTION    60.97    60.99   155.91     0  00:19       60.99
  Node_10341026        JUNCTION     0.00     0.00    94.46     0  00:00        0.00
  Node_123             JUNCTION    62.11    62.12   156.58     0  00:27       62.12
  Node_10261013        JUNCTION     0.00     0.00    93.93     0  00:00        0.00
  Node_122             JUNCTION    94.20    94.35   188.28     0  00:33       94.35
  Node_10131000        JUNCTION    93.39    94.55   187.85     0  00:41       94.55
  Node_121             JUNCTION    93.55    93.69   186.99     0  00:32       93.69
  Node_1000981         JUNCTION    92.62    93.75   186.25     0  00:40       93.75
  Node_101             JUNCTION    81.93    82.01   175.61     0  00:30       82.01
  Node_1012999         JUNCTION     0.00     0.00    93.30     0  00:00        0.00
  Node_102             JUNCTION    94.36    94.53   188.53     0  00:42       94.52
  Node_10241012        JUNCTION    93.68    94.85   188.45     0  00:41       94.85
  Node_103             JUNCTION    94.78    94.95   189.44     0  00:35       94.95
  Node_10331024        JUNCTION    94.07    95.25   189.25     0  00:41       95.25
  Node_104             JUNCTION    95.79    95.95   191.51     0  00:38       95.95
  Node_10531033        JUNCTION    94.53    95.74   190.23     0  00:42       95.74
  Node_105             JUNCTION    97.18    97.35   194.32     0  00:33       97.35
  Node_10651053        JUNCTION    95.33    96.56   192.12     0  00:41       96.56
  Node_106             JUNCTION    87.68    87.79   186.03     0  00:36       87.79
  Node_10781065        JUNCTION     0.00     0.00    96.97     0  00:00        0.00
  Node_107             JUNCTION    99.88   100.07   199.76     0  00:33      100.07
  Node_10941078        JUNCTION    97.93    99.24   197.48     0  00:43       99.24
  Node_108             JUNCTION    80.78    80.86   181.92     0  00:24       80.86
  Node_11121094        JUNCTION     0.00     0.00    99.69     0  00:00        0.00
  Node_109             JUNCTION    81.64    81.72   183.39     0  00:23       81.72
  Node_11271112        JUNCTION     0.00     0.00   101.06     0  00:00        0.00
  Node_110             JUNCTION    81.94    82.02   184.85     0  00:21       82.02
  Node_11381127        JUNCTION     0.00     0.00   101.67     0  00:00        0.00
  Node_111             JUNCTION    85.73    85.83   189.86     0  00:24       85.83
  Node_11551138        JUNCTION     0.00     0.00   102.83     0  00:00        0.00
  Node_112             JUNCTION    91.15    91.28   196.91     0  00:25       91.28
  Node_11741155        JUNCTION     0.00     0.00   104.03     0  00:00        0.00
  Node_113             JUNCTION    55.18    55.19   162.22     0  00:20       55.19
  Node_11781174        JUNCTION     0.00     0.00   105.63     0  00:00        0.00
  HW_4_0_4_0           JUNCTION    90.99    91.13   181.72     0  00:38       91.13
  Node_11421157        JUNCTION    88.81    89.85   179.03     0  00:38       89.85
  HW_4_0__0            JUNCTION    89.39    89.51   178.66     0  00:36       89.51
  Node_11571158        JUNCTION    81.50    82.40   164.13     0  00:37       82.40
  Node_167             JUNCTION    84.96    85.07   169.62     0  00:36       85.07
  Node_11291158        JUNCTION    81.56    82.44   164.21     0  00:36       82.44
  Node_155             JUNCTION    84.46    84.55   174.72     0  00:28       84.55
  Node_11371128        JUNCTION     0.00     0.00    89.04     0  00:00        0.00
  Node_154             JUNCTION    89.05    89.17   178.21     0  01:16       89.17
  Node_11281099        JUNCTION    78.31    88.83   176.99     0  05:36       88.83
  HW_3_27_3_26         JUNCTION    62.82    62.90   125.16     0  00:27       62.84
  Node_10411072        JUNCTION    60.80    61.22   121.77     0  00:27       61.22
  HW_3_27_3_28         JUNCTION    64.67    64.71   128.88     0  00:27       64.69
  Node_10181041        JUNCTION    62.52    62.96   125.25     0  00:27       62.96
  Node_10671116        JUNCTION    62.55    62.97   125.27     0  00:27       62.97
  Node_11161144        JUNCTION     0.00     0.00    60.90     0  00:00        0.00
  Node_1002969         JUNCTION    79.91    80.67   160.67     0  00:34       80.67
  Node_10171002        JUNCTION    80.53    81.31   161.95     0  00:34       81.31
  Node_10271017        JUNCTION    81.31    82.10   163.53     0  00:34       82.10
  Node_10401027        JUNCTION    81.87    82.71   164.75     0  00:35       82.71
  Node_10601040        JUNCTION    85.42    86.37   172.07     0  00:37       86.37
  Node_1011971         JUNCTION    79.17    79.95   159.23     0  00:34       79.95
  HW_501               JUNCTION    83.18    83.27   166.26     0  00:25       83.27
  Node_10361003        JUNCTION    82.77    83.67   166.67     0  00:37       83.67
  Node_1010976         JUNCTION    80.90    82.45   164.23     0  01:01       82.45
  Node_160             JUNCTION    87.32    87.48   176.36     0  00:37       87.47
  Node_10101028        JUNCTION     0.00     0.00    85.94     0  00:00        0.00
  Node_159             JUNCTION    86.06    86.17   172.00     0  00:26       86.17
  Node_10281039        JUNCTION    81.56    82.40   164.13     0  00:35       82.40
  Node_158             JUNCTION    77.07    77.13   158.75     0  00:24       77.13
  Node_10391062        JUNCTION     0.00     0.00    76.91     0  00:00        0.00
  Node_10451051        JUNCTION    82.72    83.60   166.53     0  00:36       83.60
  Node_10521045        JUNCTION     0.00     0.00    87.79     0  00:00        0.00
  Node_10641052        JUNCTION    89.21    90.23   179.79     0  00:38       90.23
  Node_140             JUNCTION    75.30    75.35   150.25     0  00:31       75.35
  Node_10191037        JUNCTION    72.87    73.50   146.33     0  00:32       73.50
  Node_139             JUNCTION    70.93    70.97   143.80     0  00:19       70.97
  Node_10371057        JUNCTION     0.00     0.00    70.87     0  00:00        0.00
  Node_143             JUNCTION    71.86    71.90   143.13     0  00:16       71.90
  Node_10681057        JUNCTION    70.88    71.58   142.49     0  00:36       71.58
  Node_144             JUNCTION    73.10    73.14   145.86     0  00:22       73.14
  Node_10741068        JUNCTION    71.41    71.99   143.31     0  00:30       71.99
  Node_10621081        JUNCTION    74.19    74.84   149.01     0  00:32       74.84
  Node_2502            JUNCTION    79.65    79.72   159.07     0  00:32       79.72
  Node_10921081        JUNCTION    74.40    75.09   149.51     0  00:33       75.09
  Node_10981092        JUNCTION    79.25    80.04   159.41     0  00:35       80.04
  Node_156             JUNCTION    93.03    93.18   186.06     0  00:28       93.18
  Node_10911098        JUNCTION    84.07    85.03   169.39     0  00:37       85.03
  Node_157             JUNCTION    85.86    85.96   185.66     0  00:36       85.96
  Node_10891091        JUNCTION     0.00     0.00    92.88     0  00:00        0.00
  Node_151             JUNCTION    86.23    86.33   181.11     0  00:26       86.33
  Node_11021105        JUNCTION     0.00     0.00    89.95     0  00:00        0.00
  Node_150             JUNCTION    85.82    85.92   175.78     0  00:25       85.92
  Node_11051111        JUNCTION     0.00     0.00    85.67     0  00:00        0.00
  Node_11111108        JUNCTION    81.78    82.62   164.57     0  00:35       82.62
  Node_147             JUNCTION    78.13    78.19   156.01     0  00:27       78.19
  Node_11031096        JUNCTION    74.32    74.98   149.29     0  00:32       74.98
  Node_153             JUNCTION    74.59    74.64   148.78     0  00:24       74.64
  Node_10811096        JUNCTION    73.44    74.05   147.43     0  00:31       74.05
  Node_137             JUNCTION    73.84    73.89   147.32     0  00:27       73.89
  Node_10851075        JUNCTION    71.98    72.58   144.49     0  00:31       72.58
  Node_10751063        JUNCTION    69.64    70.18   139.69     0  00:30       70.18
  Node_10571063        JUNCTION    69.59    70.12   139.57     0  00:29       70.12
  Node_2503            JUNCTION    72.05    72.09   143.77     0  00:26       72.09
  Node_10461063        JUNCTION    69.56    70.11   139.55     0  00:30       70.11
  Node_10251046        JUNCTION    71.81    72.40   144.13     0  00:31       72.40
  Node_10611067        JUNCTION    63.79    64.22   127.77     0  00:27       64.22
  Node_2504            JUNCTION    70.00    70.03   139.39     0  00:17       70.03
  Node_10631090        JUNCTION    68.45    69.04   137.41     0  00:32       69.04
  Node_10901131        JUNCTION     0.00     0.00    67.31     0  00:00        0.00
  Node_10961           JUNCTION    71.39    71.97   143.27     0  00:31       71.97
  HW_506               JUNCTION    83.91    84.00   167.70     0  00:28       84.00
  Node_149             JUNCTION    84.96    85.06   169.70     0  00:25       85.06
  Node_10161004        JUNCTION    83.67    84.53   168.23     0  00:36       84.53
  Node_10141016        JUNCTION    84.85    85.77   170.71     0  00:37       85.77
  Node_10381020        JUNCTION    84.58    85.47   170.11     0  00:36       85.47
  Node_152             JUNCTION    87.72    87.83   175.16     0  00:34       87.83
  Node_10551038        JUNCTION    85.77    86.71   172.75     0  00:37       86.71
  Node_10731055        JUNCTION     0.00     0.00    87.33     0  00:00        0.00
  Node_10991073        JUNCTION    87.51    88.52   176.37     0  00:38       88.52
  Node_168             JUNCTION    87.82    88.02   175.35     0  00:39       88.01
  Node_10951048        JUNCTION    86.12    87.16   173.49     0  00:39       87.16
  Node_2507            JUNCTION    87.09    87.32   173.82     0  00:39       87.32
  Node_10481014        JUNCTION    85.60    86.64   172.45     0  00:39       86.64
  Node_2505            JUNCTION    86.54    86.65   172.63     0  00:36       86.65
  Node_10151014        JUNCTION    85.52    86.42   172.17     0  00:36       86.42
  Node_10351015        JUNCTION    85.72    86.69   172.71     0  00:38       86.69
  Node_177             JUNCTION    88.56    88.78   176.81     0  00:39       88.77
  Node_11351095        JUNCTION    87.09    88.14   175.45     0  00:39       88.14
  Node_178             JUNCTION    88.69    88.81   184.16     0  00:37       88.81
  Node_11811156        JUNCTION     0.00     0.00    88.55     0  00:00        0.00
  Node_169             JUNCTION    89.18    89.30   177.93     0  00:21       89.30
  Node_10931095        JUNCTION    86.99    88.29   175.91     0  00:48       88.29
  HW_3_15_3_14         JUNCTION    64.85    64.87   129.42     0  00:25       64.87
  Node_11491117        JUNCTION    54.67    55.03   109.39     0  00:26       55.03
  HW_5_33_5_32         JUNCTION    55.46    55.46   110.25     0  00:16       55.46
  Node_11041070        JUNCTION    53.73    54.03   107.39     0  00:24       54.03
  HW_5_32_5_31         JUNCTION    54.06    54.06   107.45     0  00:14       54.06
  Node_10701030        JUNCTION    52.47    52.82   104.97     0  00:28       52.82
  HW_5_31_5_30         JUNCTION    52.77    52.77   104.87     0  00:13       52.77
  Node_10301008        JUNCTION    51.69    51.98   103.29     0  00:25       51.98
  HW__30_5_25          JUNCTION    51.97    51.97   103.27     0  00:12       51.97
  Node_1008987         JUNCTION    51.23    51.54   102.41     0  00:27       51.54
  HW_3_17_3_16         JUNCTION    67.40    67.43   134.56     0  00:26       67.43
  Node_11481115        JUNCTION    53.47    53.83   106.99     0  00:26       53.83
  HW_5_40_5_39         JUNCTION    56.49    56.50   112.33     0  00:14       56.50
  Node_10881054        JUNCTION    55.01    55.37   110.07     0  00:27       55.37
  HW_5_39_5_38         JUNCTION    55.23    55.27   109.95     0  00:24       55.23
  Node_10541023        JUNCTION    52.99    53.29   105.91     0  00:24       53.29
  HW_5_38_5_37         JUNCTION    53.28    53.28   105.89     0  00:13       53.28
  Node_10231001        JUNCTION    52.27    52.59   104.51     0  00:27       52.59
  HW__37_5_34          JUNCTION    52.52    52.52   104.37     0  00:11       52.52
  Node_1001986         JUNCTION    51.94    52.24   103.81     0  00:27       52.24
  HW_3_19_3_18         JUNCTION    62.17    62.19   124.02     0  00:25       62.19
  Node_11471114        JUNCTION    54.71    55.05   109.43     0  00:25       55.05
  HW_5_47_5_46         JUNCTION    56.25    56.26   111.85     0  00:14       56.26
  Node_10861047        JUNCTION    54.91    55.30   109.93     0  00:30       55.30
  HW_5_46_5_45         JUNCTION    55.31    55.31   109.95     0  00:14       55.31
  Node_10471022        JUNCTION    53.99    54.33   107.99     0  00:27       54.33
  HW_5_45_5_44         JUNCTION    54.27    54.27   107.87     0  00:12       54.27
  Node_10221006        JUNCTION    53.40    53.71   106.75     0  00:26       53.71
  HW__44_5_41          JUNCTION    53.71    53.71   106.75     0  00:12       53.71
  Node_1006985         JUNCTION    52.78    53.09   105.51     0  00:26       53.09
  Node_11701136        JUNCTION     0.00     0.00    55.11     0  00:00        0.00
  Node_11361113        JUNCTION    55.60    55.89   110.28     0  00:26       55.89
  Node_50              JUNCTION    57.46    57.48   114.85     0  01:57       57.48
  Node_10841050        JUNCTION    48.95    57.03   113.39     0  06:58       57.03
  Node_10501021        JUNCTION    55.57    55.91   111.15     0  00:25       55.91
  HW__49_5_48          JUNCTION    55.90    55.90   111.13     0  00:16       55.90
  Node_1021983         JUNCTION    54.00    54.33   107.99     0  00:26       54.33
  HW_3_23_3_22         JUNCTION    60.26    60.27   119.87     0  00:16       60.27
  Node_11451101        JUNCTION    58.39    58.83   116.99     0  00:30       58.83
  Node_11461166        JUNCTION    60.01    60.37   120.07     0  00:25       60.37
  Node_11221146        JUNCTION    60.77    61.59   122.51     0  00:50       61.59
  Node_11221072        JUNCTION    60.75    61.26   121.85     0  00:34       61.26
  HW_3_14_3_16         JUNCTION    52.33    52.35   104.26     0  00:23       52.33
  Node_11151117        JUNCTION    52.07    52.36   103.22     0  00:27       52.36
  HW_3_16_3_18         JUNCTION    53.48    53.50   106.56     0  00:24       53.48
  Node_11141115        JUNCTION    53.20    53.51   105.52     0  00:28       53.51
  HW_3_18_3_20         JUNCTION    54.57    54.59   108.73     0  00:24       54.57
  Node_11131114        JUNCTION    54.33    54.66   107.82     0  00:28       54.66
  HW_3_20_3_21         JUNCTION    57.35    57.36   114.24     0  00:24       57.36
  Node_11091113        JUNCTION    56.58    56.90   112.97     0  00:24       56.90
  HW_3_21_3_22         JUNCTION    58.51    58.52   116.37     0  00:15       58.52
  Node_11011109        JUNCTION    57.16    57.52   114.37     0  00:26       57.52
  HW_3_22_3_24         JUNCTION    59.00    59.01   117.35     0  00:13       59.01
  Node_10871101        JUNCTION    58.20    58.59   116.51     0  00:29       58.59
  HW_3_24_3_25         JUNCTION    59.36    59.37   118.07     0  00:13       59.37
  Node_10791087        JUNCTION    58.55    58.98   117.29     0  00:30       58.98
  HW_3_25_3_26         JUNCTION    60.93    60.94   121.46     0  00:23       60.94
  Node_10721079        JUNCTION    59.01    59.37   118.07     0  00:25       59.37
  HW__0__0             JUNCTION    57.23    57.27   114.05     0  00:26       57.24
  Node_11681170        JUNCTION    57.12    57.50   113.50     0  00:30       57.50
  Node_95              JUNCTION    64.30    64.40   128.10     0  00:28       64.34
  Node_2270288         JUNCTION    63.86    64.34   127.68     0  00:29       64.34
  Node_145             JUNCTION    71.18    71.22   142.46     0  01:11       71.22
  Node_11301143        JUNCTION     0.00     0.00    70.31     0  00:00        0.00
  Node_11431161        JUNCTION    69.85    70.41   140.15     0  00:30       70.41
  Node_10511062        JUNCTION    76.83    77.56   154.45     0  00:34       77.56
  Node_11561135        JUNCTION    87.71    88.71   176.59     0  00:38       88.71
  Node_11311162        JUNCTION    64.29    64.76   128.85     0  00:28       64.76
  Node_11441164        JUNCTION    60.39    60.76   120.85     0  00:25       60.76
  Node_10291067        JUNCTION     0.00     0.00    63.36     0  00:00        0.00
  HW__0_5_0            JUNCTION    46.84    46.88    91.78     0  00:34       46.86
  Node_11342246        JUNCTION    46.92    47.13    91.76     0  00:34       47.13
  HW_3_5_3_0           JUNCTION    48.31    48.31    96.24     0  00:21       48.31
  Node_11201119        JUNCTION    47.90    48.11    94.72     0  00:24       48.11
  HW_3_5_3_9           JUNCTION    52.63    52.63   104.59     0  00:17       52.63
  Node_11411120        JUNCTION    50.82    51.08   101.49     0  00:23       51.08
  HW_3_11__12          JUNCTION    59.67    59.68   118.93     0  00:25       59.68
  Node_11631118        JUNCTION    53.66    54.00   107.33     0  00:25       54.00
  HW_5_5_5_6           JUNCTION    48.89    48.93    95.36     0  00:35       48.91
  Node_10091031        JUNCTION    48.66    48.92    95.34     0  00:35       48.92
  HW_5_3_5_4           JUNCTION    48.32    48.35    94.37     0  00:30       48.34
  Node_10591044        JUNCTION    48.21    48.43    94.36     0  00:30       48.43
  HW_5_4_5_5           JUNCTION    47.92    47.97    94.40     0  00:30       47.93
  Node_10311044        JUNCTION    48.24    48.43    94.36     0  00:30       48.43
  HW_5_2_5_3           JUNCTION    48.44    48.52    94.54     0  00:25       48.49
  Node_10591066        JUNCTION    48.30    48.49    94.48     0  00:25       48.49
  HW_5_0_5_1           JUNCTION    47.25    47.30    92.88     0  00:36       47.26
  Node_10761124        JUNCTION    47.45    47.67    92.84     0  00:36       47.67
  HW_3_1_3_2           JUNCTION    52.79    52.79   104.91     0  00:14       52.79
  Node_10431082        JUNCTION    51.39    51.73   102.79     0  00:28       51.73
  HW_3_2_3_3           JUNCTION    54.26    54.26   107.85     0  00:15       54.26
  Node_10071043        JUNCTION    52.46    52.79   104.91     0  00:27       52.79
  HW_3_6_3_5           JUNCTION    52.27    52.27   103.87     0  00:13       52.27
  Node_10831120        JUNCTION    51.07    51.33   101.99     0  00:24       51.33
  HW_3_8_3_7           JUNCTION    54.81    54.81   108.95     0  00:14       54.81
  Node_10051042        JUNCTION    53.32    53.69   106.71     0  00:29       53.69
  HW_3_7_3_6           JUNCTION    53.66    53.66   106.65     0  00:15       53.66
  Node_10421083        JUNCTION    51.95    52.27   103.87     0  00:27       52.27
  HW_3_9_3_0           JUNCTION    53.89    53.90   107.40     0  00:19       53.90
  Node_11501141        JUNCTION    52.37    52.62   104.57     0  00:22       52.62
  HW_3_5_3_11          JUNCTION    49.78    49.79    99.17     0  00:22       49.78
  Node_11181120        JUNCTION    49.28    49.53    97.56     0  00:26       49.53
  HW_5_0_5_0           JUNCTION    46.90    47.01    91.80     0  00:28       46.96
  Node_11241134        JUNCTION    46.93    47.10    91.70     0  00:28       47.10
  Node_171             JUNCTION    90.99    91.12   181.57     0  00:21       91.12
  Node_11531133        JUNCTION    88.96    90.29   179.91     0  00:48       90.29
  Node_173             JUNCTION    92.51    92.65   184.63     0  00:24       92.65
  Node_11541153        JUNCTION    89.68    90.93   181.19     0  00:44       90.93
  Node_174             JUNCTION    95.89    96.05   191.76     0  00:27       96.05
  Node_11521154        JUNCTION    91.66    92.78   184.89     0  00:40       92.78
  Node_148             JUNCTION    82.14    82.22   164.09     0  00:26       82.22
  Node_11081103        JUNCTION    77.79    78.54   156.41     0  00:34       78.54
  HW__0_3_0            JUNCTION    79.43    79.50   158.52     0  00:34       79.50
  Node_11061160        JUNCTION    75.83    76.56   152.45     0  00:34       76.56
  HW__18_5_24          JUNCTION    54.63    54.63   108.59     0  00:22       54.63
  Node_1107990         JUNCTION    50.36    50.74   100.81     0  00:30       50.74
  HW_5_1_5_2           JUNCTION    47.66    47.69    93.68     0  00:30       47.69
  Node_10661076        JUNCTION    47.88    48.08    93.66     0  00:29       48.08
  HW_3_11_3_14         JUNCTION    51.17    51.18   101.94     0  00:23       51.17
  Node_11171118        JUNCTION    50.71    50.98   100.46     0  00:27       50.98
  Node_172             JUNCTION    89.97    90.19   179.67     0  00:40       90.18
  Node_11531156        JUNCTION    88.23    89.34   177.85     0  00:40       89.34
  Node_128             JUNCTION    98.66    98.84   197.31     0  00:31       98.84
  Node_10801069        JUNCTION    96.75    98.02   195.04     0  00:42       98.02
  Node_10561035        JUNCTION     0.00     0.00    86.90     0  00:00        0.00
  Node_1952            JUNCTION    47.36    47.49    91.99     0  01:41       47.49
  Node_10321071        JUNCTION    47.34    47.73    91.96     0  01:40       47.73
  Node_1953            JUNCTION    46.81    46.92    91.15     0  01:35       46.89
  Node_10711125        JUNCTION    47.00    47.31    91.12     0  01:34       47.31
  Node_1954            JUNCTION    46.74    46.81    90.62     0  01:08       46.80
  Node_11252250        JUNCTION    47.00    47.05    90.60     0  01:07       47.05
  Node_1996            JUNCTION    85.38    85.48   170.13     0  00:35       85.48
  Node_10201016        JUNCTION    84.60    85.47   170.11     0  00:35       85.47
  Node_1997            JUNCTION    90.53    90.66   181.16     0  00:19       90.66
  Node_11761157        JUNCTION    53.12    89.34   178.52     0  19:24       89.34
  Node_1998            JUNCTION    81.98    82.06   163.74     0  00:34       82.06
  Node_11581160        JUNCTION    75.54    76.28   151.89     0  00:34       76.28
  Node_1999            JUNCTION    75.89    75.94   151.50     0  00:31       75.94
  Node_11601161        JUNCTION    69.40    70.00   139.33     0  00:31       70.00
  Node_2000            JUNCTION    69.61    69.65   138.98     0  00:29       69.65
  Node_11611162        JUNCTION    63.81    64.30   127.60     0  00:30       64.30
  Node_2001            JUNCTION    63.38    63.40   126.44     0  00:27       63.40
  Node_11621164        JUNCTION    60.04    60.45   119.90     0  00:28       60.45
  Node_2009            JUNCTION    58.33    58.36   116.26     0  00:26       58.34
  Node_11661168        JUNCTION    58.07    58.46   115.42     0  00:30       58.46
  Node_2012            JUNCTION    49.84    49.91    99.65     0  00:10       49.91
  Node_22101124        JUNCTION    45.30    45.46    90.25     0  00:19       45.46
  Node_2014            JUNCTION    45.52    45.58    88.88     0  00:40       45.55
  Node_11712213        JUNCTION    46.15    46.17    88.84     0  00:39       46.17
  Node_2022            JUNCTION    67.42    67.44   134.52     0  00:27       67.44
  Node_22211170        JUNCTION    61.63    62.07   123.47     0  00:28       62.07
  Node_2026            JUNCTION    60.63    60.64   120.80     0  00:26       60.64
  Node_22251168        JUNCTION    59.44    59.82   118.81     0  00:26       59.82
  Node_2031            JUNCTION    59.38    59.41   118.36     0  00:27       59.39
  Node_11641166        JUNCTION    59.09    59.50   117.50     0  00:31       59.50
  Node_2037            JUNCTION    65.51    65.55   130.61     0  00:28       65.54
  Node_22361162        JUNCTION    64.54    65.02   129.04     0  00:29       65.02
  Node_2039            JUNCTION    66.62    66.66   132.81     0  00:29       66.65
  Node_22382236        JUNCTION    65.65    66.16   131.32     0  00:30       66.16
  Node_2044            JUNCTION    47.81    47.97    94.58     0  00:20       47.81
  Node_11191124        JUNCTION    47.80    47.96    94.42     0  00:20       47.96
  Node_2045            JUNCTION    51.69    51.69   102.71     0  00:16       51.69
  Node_10822210        JUNCTION    50.17    50.41   100.15     0  00:22       50.41
  Node_2047            JUNCTION    46.42    46.49    91.12     0  00:33       46.43
  Node_22462248        JUNCTION    46.60    46.78    91.06     0  00:32       46.78
  Node_2049            JUNCTION    46.89    47.01    91.15     0  00:18       46.92
  Node_22481171        JUNCTION    47.02    47.03    91.06     0  00:09       47.03
  Node_2051            JUNCTION    46.70    46.83    90.18     0  00:18       46.75
  Node_22501171        JUNCTION    46.78    46.80    90.10     0  00:09       46.80
  Node_2054            JUNCTION    48.33    48.37    93.24     0  00:25       48.35
  Node_22522253        JUNCTION    48.22    48.36    93.22     0  00:25       48.36
  Node_55              JUNCTION    48.25    48.29    93.24     0  00:21       48.27
  Node_2253994         JUNCTION    48.22    48.36    93.22     0  00:21       48.36
  Node_2057            JUNCTION    48.77    48.86    95.47     0  00:22       48.79
  Node_22532256        JUNCTION    48.63    48.82    95.39     0  00:22       48.82
  Node_2065            JUNCTION    73.27    73.31   146.24     0  00:30       73.31
  Node_22642221        JUNCTION    67.29    67.84   135.01     0  00:30       67.84
  Node_2068            JUNCTION    63.77    63.78   127.18     0  00:25       63.78
  Node_22672266        JUNCTION    62.00    62.41   123.99     0  00:27       62.41
  Node_2069            JUNCTION    61.90    61.91   123.39     0  00:26       61.91
  Node_22662225        JUNCTION    60.60    60.99   121.15     0  00:26       60.99
  Node_87              JUNCTION    64.77    64.80   128.60     0  00:27       64.80
  Node_2270302         JUNCTION    64.37    64.79   128.58     0  00:27       64.79
  Node_2092            JUNCTION    48.34    48.45    95.10     0  00:21       48.37
  Node_22932291        JUNCTION    48.59    48.75    95.00     0  00:21       48.75
  809                  OUTFALL      0.00     0.00    60.00     0  00:00        0.00
  
  
  *******************
  Node Inflow Summary
  *******************
  
  -------------------------------------------------------------------------------------------------
                                  Maximum  Maximum                  Lateral       Total        Flow
                                  Lateral    Total  Time of Max      Inflow      Inflow     Balance
                                   Inflow   Inflow   Occurrence      Volume      Volume       Error
  Node                 Type           CFS      CFS  days hr:min    10^6 gal    10^6 gal     Percent
  -------------------------------------------------------------------------------------------------
  1                    JUNCTION      1.00     1.00     0  00:00       0.646       0.646       1.939
  2                    JUNCTION      1.00     1.00     0  00:00       0.646       0.646       1.969
  3                    JUNCTION      1.00     1.00     0  00:00       0.646       0.646       2.006
  4                    JUNCTION      0.00     1.00     1  00:00           0       0.634       1.932
  5                    JUNCTION      1.00     1.00     0  00:00       0.646       0.646       1.334
  6                    JUNCTION      0.00     1.00     0  01:18           0       0.634       1.974
  7                    JUNCTION      0.00     1.00     0  00:39           0       0.638       1.476
  8                    JUNCTION      0.00     1.00     0  00:48           0       0.634       1.880
  9                    JUNCTION      1.00     1.00     0  00:00       0.646       0.646       1.195
  10                   JUNCTION      0.00     1.00     0  01:09           0       0.622       1.849
  11                   JUNCTION      0.00     0.98     0  00:49           0       0.623       1.363
  12                   JUNCTION      0.00     1.00     0  01:22           0       0.621       1.870
  13                   JUNCTION      0.00     1.00     0  01:43           0        0.61       1.829
  14                   JUNCTION      0.00     0.68     0  02:07           0       0.429       2.022
  15                   JUNCTION      0.00     1.00     0  01:16           0       0.622       1.775
  16                   JUNCTION      0.00     0.98     1  00:00           0       0.614       1.230
  17                   JUNCTION      0.00     1.00     0  01:46           0        0.61       1.816
  18                   JUNCTION      0.00     1.00     1  00:00           0       0.597       1.722
  19                   JUNCTION      0.00     0.68     0  02:08           0        0.42       1.921
  20                   JUNCTION      0.00     1.00     0  01:33           0       0.611       1.623
  21                   JUNCTION      0.00     0.68     1  00:00           0       0.412       1.687
  22                   JUNCTION      0.00     0.48     0  02:27           0       0.287       2.526
  23                   JUNCTION      0.00     0.98     1  00:00           0       0.607       1.066
  24                   JUNCTION      0.00     1.07     0  01:08           0         0.6       1.109
  25                   JUNCTION      0.00     1.00     0  02:08           0       0.599       1.718
  26                   JUNCTION      1.00     1.00     0  00:00       0.646       0.646       1.667
  27                   JUNCTION      0.00     0.98     1  00:00           0       0.594       1.044
  28                   JUNCTION      0.00     0.98     0  01:37           0       0.588       1.146
  29                   JUNCTION      0.00     1.00     0  01:55           0       0.602       1.462
  30                   JUNCTION      1.00     1.00     0  00:00       0.646       0.646       1.166
  31                   JUNCTION      0.00     0.26     0  03:08           0       0.151       4.579
  32                   JUNCTION      0.00     2.00     0  02:20           0        1.22       0.827
  33                   JUNCTION      0.00     1.00     1  00:00           0       0.587       1.479
  34                   JUNCTION      0.00     0.48     0  03:07           0        0.28       2.447
  35                   JUNCTION      1.00     1.00     0  00:00       0.646       0.646       1.191
  37                   JUNCTION      0.00     1.00     0  00:32           0       0.639       1.113
  38                   JUNCTION      0.00     2.04     0  02:11           0        1.21       0.763
  39                   JUNCTION      0.00     1.00     0  00:32           0       0.639       1.094
  40                   JUNCTION      0.00     1.00     0  02:39           0       0.579       1.353
  41                   JUNCTION      1.00     1.00     0  00:00       0.646       0.646       1.526
  42                   JUNCTION      0.00     1.00     1  00:00           0       0.593       1.333
  43                   JUNCTION      0.00     0.25     0  03:00           0       0.144       5.437
  44                   JUNCTION      0.00     3.04     0  02:12           0        1.84       0.543
  45                   JUNCTION      0.00     0.98     0  02:06           0       0.581       1.185
  46                   JUNCTION      0.00     0.33     0  03:53           0       0.145       4.441
  47                   JUNCTION      0.00     1.00     0  00:49           0       0.632       1.123
  48                   JUNCTION      0.00     0.49     0  03:55           0       0.268       2.446
  49                   JUNCTION      0.00     1.00     0  00:46           0       0.632       1.027
  50                   JUNCTION      1.00     1.00     0  00:00       0.646       0.646       1.324
  51                   JUNCTION      0.00     2.65     0  02:09           0        1.55       0.513
  52                   JUNCTION      0.00     0.75     0  03:03           0       0.427       1.760
  53                   JUNCTION      0.00     0.25     1  00:00           0       0.137       5.339
  54                   JUNCTION      0.00     1.00     0  01:05           0       0.625       1.082
  55                   JUNCTION      0.00     1.00     1  00:00           0       0.625       1.055
  56                   JUNCTION      0.00     1.00     0  02:30           0       0.585       1.271
  57                   JUNCTION      0.00     0.26     0  04:46           0       0.113       5.465
  58                   JUNCTION      0.00     0.92     0  02:25           0       0.497       1.313
  59                   JUNCTION      0.00     0.54     0  05:13           0       0.292       2.118
  60                   JUNCTION      0.00     0.00     0  00:00           0           0       0.000 gal
  61                   JUNCTION      0.00     1.00     0  00:37           0       0.638       1.287
  62                   JUNCTION      0.00     3.22     0  02:08           0        1.89       0.393
  63                   JUNCTION      0.00     0.56     0  03:09           0       0.314       2.218
  64                   JUNCTION      0.00     3.13     0  02:08           0        1.83       0.375
  65                   JUNCTION      0.00     0.41     0  05:00           0       0.219       3.210
  66                   JUNCTION      0.00     1.29     0  01:15           0       0.732       0.923
  67                   JUNCTION      0.00     0.90     0  01:05           0       0.566       1.187
  68                   JUNCTION      1.00     1.00     0  00:00       0.646       0.646       1.348
  69                   JUNCTION      0.00     1.00     0  00:39           0       0.638       1.276
  70                   JUNCTION      0.00     0.40     0  04:07           0       0.218       3.134
  71                   JUNCTION      0.00     2.05     0  01:15           0        1.17       0.617
  72                   JUNCTION      0.00     0.54     0  05:13           0       0.285       2.156
  73                   JUNCTION      0.00     1.00     0  02:52           0       0.578       1.204
  74                   JUNCTION      0.00     0.78     0  03:50           0       0.456       1.347
  75                   JUNCTION      0.00     1.00     0  01:15           0       0.619       1.100
  76                   JUNCTION      0.00     1.00     0  01:17           0       0.618       1.117
  77                   JUNCTION      0.00     0.15     0  06:14           0      0.0762       8.253
  78                   JUNCTION      0.00     0.00     0  00:00           0           0       0.000 gal
  79                   JUNCTION      0.00     0.41     0  05:32           0       0.212       3.181
  80                   JUNCTION      0.00     1.12     0  01:25           0       0.632       1.126
  81                   JUNCTION      0.00     0.40     0  04:25           0       0.212       3.187
  82                   JUNCTION      1.00     1.00     0  00:00       0.646       0.646       1.076
  83                   JUNCTION      0.00     0.78     0  03:50           0        0.45       1.186
  84                   JUNCTION      0.00     5.76     0  01:43           0       0.534       2.798
  85                   JUNCTION      1.00     3.27     0  01:43       0.646       0.735       2.667
  86                   JUNCTION      0.00     1.50     0  02:15           0       0.641       1.307
  87                   JUNCTION      0.00     2.76     0  02:19           0         1.7       0.416
  88                   JUNCTION      0.00     4.25     0  04:57           0        2.53       0.243
  89                   JUNCTION      0.00     4.25     0  04:57           0        2.52       0.272
  90                   JUNCTION      0.00     3.17     0  05:49           0         1.9       0.392
  91                   JUNCTION      0.00     3.25     0  04:57           0        1.96       0.382
  92                   JUNCTION      0.00     4.68     0  07:47           0        2.81       0.184
  93                   JUNCTION      0.00     5.21     0  07:47           0        3.09       0.255
  94                   JUNCTION      0.00     5.63     0  04:57           0        3.37       0.330
  95                   JUNCTION      0.00     5.44     0  02:51           0        3.28       0.320
  96                   JUNCTION      0.00     5.21     1  00:00           0        3.08       0.174
  97                   JUNCTION      0.00     5.21     0  07:47           0        3.07       0.165
  98                   JUNCTION      0.00     8.29     0  01:46           0         3.5       0.329
  99                   JUNCTION      0.00     1.00     1  00:00           0       0.617       1.130
  100                  JUNCTION      1.00     1.00     0  00:00       0.646       0.646       0.958
  101                  JUNCTION      0.00     0.70     0  02:14           0       0.357       1.964
  102                  JUNCTION      1.00     1.00     0  00:00       0.646       0.646       1.046
  103                  JUNCTION      0.00     1.00     0  01:06           0       0.624       1.148
  104                  JUNCTION      0.00     0.83     0  01:21           0       0.513       1.392
  105                  JUNCTION      0.00     0.00     0  00:00           0           0       0.000 gal
  106                  JUNCTION      0.00     0.79     0  01:10           0       0.457       1.504
  107                  JUNCTION      0.00     1.18     0  03:36           0       0.711       0.833
  108                  JUNCTION      0.00     0.60     0  02:06           0       0.361       2.065
  109                  JUNCTION      0.00     0.00     0  00:00           0           0       0.000 gal
  110                  JUNCTION      0.00     0.53     0  00:16           0       0.336       1.552
  111                  JUNCTION      0.00     6.46     0  03:00           0        3.81       0.284
  112                  JUNCTION      0.00     1.00     0  00:48           0       0.632       1.198
  113                  JUNCTION      0.00     1.00     0  00:32           0       0.639       1.150
  114                  JUNCTION      0.00     0.60     0  01:44           0       0.368       1.946
  115                  JUNCTION      1.00     1.00     0  00:00       0.646       0.646       1.176
  116                  JUNCTION      0.00     0.83     0  00:40           0       0.521       1.416
  117                  JUNCTION      0.00     0.00     0  00:00           0           0       0.000 gal
  118                  JUNCTION      0.00     0.60     0  01:07           0       0.375       1.972
  119                  JUNCTION      0.00     0.60     0  00:20           0       0.382       1.945
  120                  JUNCTION      1.00     1.00     0  00:00       0.646       0.646       1.177
  121                  JUNCTION      0.00     0.75     0  01:09           0       0.463       1.427
  122                  JUNCTION      0.00     0.81     1  00:00           0       0.512       1.563
  123                  JUNCTION      0.00     1.37     0  00:48           0        0.83       1.216
  124                  JUNCTION      0.00     7.27     0  03:01           0        4.33       0.743
  125                  JUNCTION      1.00     1.00     0  00:00       0.646       0.646       1.293
  126                  JUNCTION      1.00     1.00     0  00:00       0.646       0.646       1.221
  127                  JUNCTION      1.00     1.00     0  00:00       0.646       0.646       1.189
  128                  JUNCTION      0.00     0.00     0  00:00           0           0       0.000 gal
  129                  JUNCTION      0.00     0.93     0  00:37           0       0.539       1.407
  130                  JUNCTION      1.00     1.00     0  00:00       0.646       0.646       0.995
  131                  JUNCTION      0.00     1.00     0  00:33           0       0.639       1.163
  132                  JUNCTION      0.00     1.94     0  00:39           0         1.2       0.665
  133                  JUNCTION      1.00     1.00     0  00:00       0.646       0.646       1.272
  134                  JUNCTION      0.00     0.81     0  01:06           0       0.518       1.192
  135                  JUNCTION      0.00     1.02     0  00:31           0       0.599       1.147
  136                  JUNCTION      0.00     0.00     0  00:00           0           0       0.000 gal
  137                  JUNCTION      0.00     0.81     0  00:34           0       0.518       1.175
  138                  JUNCTION      0.00     1.02     0  01:04           0       0.631       1.122
  139                  JUNCTION      1.00     1.00     0  00:00       0.646       0.646       1.169
  140                  JUNCTION      1.00     1.00     0  00:00       0.646       0.646       1.345
  141                  JUNCTION      0.00     1.94     0  00:32           0       0.641       1.610
  142                  JUNCTION      0.00     1.66     0  00:38           0       0.995       0.837
  143                  JUNCTION      0.00     1.81     0  00:50           0        0.72       1.022
  144                  JUNCTION      0.00     0.00     0  00:00           0           0       0.000 gal
  145                  JUNCTION      1.00     1.00     0  00:00       0.646       0.646       1.052
  146                  JUNCTION      1.00     1.00     0  00:00       0.646       0.646       1.004
  147                  JUNCTION      1.00     1.00     0  00:00       0.646       0.646       0.948
  148                  JUNCTION      0.00     0.85     0  00:16           0       0.539       0.983
  149                  JUNCTION      0.00     1.24     0  01:03           0       0.713       0.965
  150                  JUNCTION      1.00     1.00     0  00:00       0.646       0.646       1.130
  151                  JUNCTION      0.00     1.00     0  00:30           0       0.639       1.039
  152                  JUNCTION      1.00     1.00     0  00:00       0.646       0.646       1.373
  153                  JUNCTION      0.00     0.82     0  01:04           0       0.514       1.387
  154                  JUNCTION      0.00     0.88     0  00:19           0       0.563       1.500
  155                  JUNCTION      0.00     0.88     0  01:57           0       0.531       1.335
  156                  JUNCTION      0.00     0.89     0  01:39           0       0.539       1.374
  157                  JUNCTION      1.00     1.00     0  00:00       0.646       0.646       1.331
  158                  JUNCTION      0.00     0.88     1  00:00           0       0.546       1.485
  159                  JUNCTION      0.00     1.74     0  01:57           0        1.02       0.720
  160                  JUNCTION      0.00     0.88     0  01:00           0       0.555       1.510
  161                  JUNCTION      0.00     8.95     0  04:39           0         5.4       0.988
  162                  JUNCTION      0.00     0.82     1  00:00           0        0.52       1.289
  163                  JUNCTION      0.00     0.89     0  00:18           0       0.568       0.941
  164                  JUNCTION      1.00     1.00     0  00:00       0.646       0.646       1.025
  165                  JUNCTION      1.00     1.00     0  00:00       0.646       0.646       0.988
  166                  JUNCTION      1.00     1.00     0  00:00       0.646       0.646       0.959
  167                  JUNCTION      0.00     0.62     0  01:10           0       0.397       2.212
  168                  JUNCTION      0.00     0.82     0  02:01           0       0.507       1.188
  169                  JUNCTION      0.00     1.30     0  01:57           0       0.736       0.940
  170                  JUNCTION      0.00     0.62     0  01:11           0       0.388       2.195
  171                  JUNCTION      0.00     0.62     0  01:49           0        0.38       2.205
  172                  JUNCTION      1.00     1.00     0  00:00       0.646       0.646       1.294
  173                  JUNCTION      0.00     1.00     0  00:38           0       0.638       1.256
  174                  JUNCTION      0.00     1.00     0  00:50           0        0.63       1.219
  175                  JUNCTION      0.00     1.00     0  01:09           0       0.623       1.189
  176                  JUNCTION      0.00     1.00     0  01:25           0       0.615       1.172
  177                  JUNCTION      0.00     0.56     0  02:16           0       0.332       2.071
  178                  JUNCTION      0.00     2.18     0  01:57           0        1.27       0.584
  179                  JUNCTION      0.00     1.38     0  02:56           0        0.82       0.852
  180                  JUNCTION      0.00     0.55     0  02:21           0       0.325       2.010
  181                  JUNCTION      0.00     1.00     0  00:31           0        0.64       1.007
  182                  JUNCTION      0.00     0.52     0  00:51           0       0.333       1.819
  183                  JUNCTION      0.00     1.03     0  00:28           0        0.64       0.993
  184                  JUNCTION      1.00     1.00     0  00:00       0.646       0.646       1.021
  185                  JUNCTION      0.00     0.04     0  01:50           0      0.0245      46.260
  186                  JUNCTION      0.00     1.62     0  01:38           0       0.933       0.716
  187                  JUNCTION      0.00     1.38     0  03:01           0       0.813       0.824
  188                  JUNCTION      1.00     1.00     0  00:00       0.646       0.646       1.190
  189                  JUNCTION      0.00     1.04     0  09:03           0       0.655       1.162
  190                  JUNCTION      0.00     1.04     0  09:22           0       0.627       1.071
  191                  JUNCTION      0.00     1.04     0  09:22           0       0.641       1.097
  192                  JUNCTION      0.00     1.04     1  00:00           0       0.648       1.146
  193                  JUNCTION      0.00     1.04     0  09:22           0       0.634       1.075
  194                  JUNCTION      0.00     2.18     0  01:48           0        1.19       0.664
  195                  JUNCTION      0.00     0.49     0  02:23           0        0.29       2.206
  196                  JUNCTION      0.00     0.50     0  02:51           0       0.284       2.199
  197                  JUNCTION      0.00     1.68     0  03:49           0       0.954       0.682
  198                  JUNCTION      0.00     0.44     0  03:24           0       0.243       2.475
  199                  JUNCTION      0.00     0.51     0  03:17           0       0.278       2.330
  200                  JUNCTION      0.00     1.00     0  00:44           0       0.633       1.052
  201                  JUNCTION      0.00     1.32     0  00:52           0       0.776       0.790
  202                  JUNCTION      0.00     1.47     0  00:52           0       0.842       0.808
  203                  JUNCTION      0.00     9.82     0  04:40           0         5.9       0.794
  204                  JUNCTION      1.00     1.00     0  00:00       0.646       0.646       1.233
  205                  JUNCTION      1.00     1.00     0  00:00       0.646       0.646       1.053
  206                  JUNCTION      1.00     1.00     0  00:00       0.646       0.646       0.950
  207                  JUNCTION      1.00     1.00     0  00:00       0.646       0.646       0.986
  208                  JUNCTION      0.00     1.34     0  01:59           0       0.751       0.846
  209                  JUNCTION      0.00     1.00     0  00:35           0       0.638       1.216
  210                  JUNCTION      0.00     1.66     0  03:52           0       0.947       0.635
  211                  JUNCTION      0.00     1.32     0  02:00           0       0.552       1.094
  212                  JUNCTION      0.00     1.02     0  00:29           0       0.602       1.075
  213                  JUNCTION      0.00     1.44     0  01:41           0       0.881       0.746
  214                  JUNCTION      0.00     2.20     0  02:01           0        1.33       0.514
  215                  JUNCTION      0.00     1.46     0  01:11           0       0.916       0.890
  216                  JUNCTION      0.00     1.44     0  01:34           0       0.875       0.753
  217                  JUNCTION      0.00     2.16     0  02:02           0        1.31       0.482
  218                  JUNCTION      0.00     1.45     0  01:07           0       0.888       0.778
  219                  JUNCTION      0.00     1.45     0  01:04           0       0.895       0.810
  220                  JUNCTION      0.00     2.16     0  02:16           0        1.31       0.494
  221                  JUNCTION      0.00     3.42     0  02:01           0        2.13       0.313
  222                  JUNCTION      0.00     3.42     0  02:04           0        2.12       0.330
  223                  JUNCTION      0.00     2.57     0  01:36           0         1.6       0.469
  224                  JUNCTION      0.00     2.55     0  01:49           0        1.58       0.392
  225                  JUNCTION      0.00     4.21     0  03:53           0        2.52       0.337
  226                  JUNCTION      0.00     0.71     0  00:15           0       0.455       1.111
  227                  JUNCTION      0.00    10.52     0  04:41           0         6.3       0.150
  228                  JUNCTION      1.00     1.00     0  00:00       0.646       0.646       0.912
  229                  JUNCTION      0.00     0.46     0  01:14           0       0.293       2.584
  230                  JUNCTION      1.00     1.00     0  00:00       0.646       0.646       1.005
  231                  JUNCTION      0.00     1.00     0  00:28           0        0.64       1.031
  232                  JUNCTION      0.00     2.79     1  00:00           0        1.71       0.356
  233                  JUNCTION      1.00     1.00     0  00:00       0.646       0.646       0.982
  234                  JUNCTION      1.00     1.00     0  00:00       0.646       0.646       1.211
  235                  JUNCTION      1.00     1.00     0  00:00       0.646       0.646       1.096
  236                  JUNCTION      0.00     0.72     0  00:59           0       0.448       1.542
  237                  JUNCTION      0.00     0.71     0  00:39           0       0.456       1.584
  238                  JUNCTION      1.00     1.00     0  00:00       0.646       0.646       1.010
  239                  JUNCTION      0.00     0.88     0  00:32           0       0.513       1.277
  240                  JUNCTION      0.00     0.70     0  00:33           0       0.444       1.326
  241                  JUNCTION      0.00     0.70     0  01:08           0       0.439       1.387
  242                  JUNCTION      0.00     0.72     0  01:00           0       0.442       1.618
  243                  JUNCTION      0.00     0.71     0  01:28           0       0.435       1.682
  244                  JUNCTION      0.00     0.71     0  02:03           0       0.427       1.489
  245                  JUNCTION      0.00     0.71     0  01:28           0       0.433       1.346
  246                  JUNCTION      1.00     1.00     0  00:00       0.646       0.646       1.020
  247                  JUNCTION      0.00     1.59     0  00:37           0       0.819       1.043
  248                  JUNCTION      0.00     0.71     0  01:44           0       0.427       1.393
  249                  JUNCTION      0.00     1.35     0  00:33           0       0.672       1.173
  250                  JUNCTION      0.00     0.52     0  02:25           0        0.31       1.819
  251                  JUNCTION      0.00     3.31     0  02:37           0        2.01       0.383
  252                  JUNCTION      0.00    11.37     0  04:42           0        6.82       0.250
  253                  JUNCTION      0.00     0.85     0  00:32           0       0.496       1.272
  254                  JUNCTION      1.00     1.00     0  00:00       0.646       0.646       0.945
  255                  JUNCTION      0.00     1.23     0  02:05           0       0.751       0.918
  256                  JUNCTION      1.00     1.00     0  00:00       0.646       0.646       1.155
  257                  JUNCTION      1.00     1.00     0  00:00       0.646       0.646       0.909
  258                  JUNCTION      0.00     3.31     0  03:02           0           2       0.506
  259                  JUNCTION      1.00     1.00     0  00:00       0.646       0.646       0.858
  260                  JUNCTION      1.00     1.00     0  00:00       0.646       0.646       1.166
  261                  JUNCTION      0.00     1.00     0  00:17           0       0.639       1.157
  262                  JUNCTION      1.00     1.00     0  00:00       0.646       0.646       0.998
  263                  JUNCTION      1.00     1.00     0  00:00       0.646       0.646       0.986
  264                  JUNCTION      1.00     1.00     0  00:00       0.646       0.646       0.988
  265                  JUNCTION      1.00     1.00     0  00:00       0.646       0.646       0.904
  266                  JUNCTION      0.00     1.01     0  00:33           0       0.639       1.268
  267                  JUNCTION      0.00     1.00     0  00:35           0       0.632       1.255
  268                  JUNCTION      1.00     1.00     0  00:00       0.646       0.646       1.210
  269                  JUNCTION      0.00     1.00     0  00:47           0       0.639       1.156
  270                  JUNCTION      0.00     1.14     0  02:07           0       0.688       0.909
  271                  JUNCTION      0.00     1.00     0  00:46           0       0.631       1.110
  272                  JUNCTION      1.00     1.00     0  00:00       0.646       0.646       0.999
  273                  JUNCTION      0.00     0.93     0  00:29           0       0.539       1.099
  274                  JUNCTION      0.00     2.52     0  02:04           0        1.39       0.637
  275                  JUNCTION      0.00     1.03     0  01:07           0       0.624       1.251
  276                  JUNCTION      0.00     0.83     0  00:30           0       0.481       1.229
  277                  JUNCTION      0.00     1.04     0  00:52           0       0.631       1.245
  278                  JUNCTION      0.00     0.92     0  00:29           0       0.536       1.108
  279                  JUNCTION      0.00     1.01     0  01:24           0       0.616       1.214
  280                  JUNCTION      0.00     0.78     0  00:35           0        0.48       1.323
  281                  JUNCTION      0.00     0.78     0  00:31           0       0.268       2.436
  282                  JUNCTION      0.00     3.31     0  02:45           0        1.99       0.351
  283                  JUNCTION      0.00     0.81     0  00:35           0       0.509       1.246
  284                  JUNCTION      0.00     1.00     0  00:56           0       0.623       1.206
  285                  JUNCTION      0.00     1.01     0  01:40           0       0.609       1.236
  286                  JUNCTION      0.00     0.85     0  00:44           0       0.495       1.217
  287                  JUNCTION      1.00     1.00     0  00:00       0.646       0.646       0.974
  288                  JUNCTION      1.00     1.00     0  00:00       0.646       0.646       1.043
  289                  JUNCTION      0.00     1.01     0  00:47           0       0.633       1.038
  290                  JUNCTION      0.00     1.00     0  00:32           0        0.64       1.107
  291                  JUNCTION      0.00     1.00     0  00:49           0       0.626       1.114
  292                  JUNCTION      0.00     3.16     0  02:07           0        1.95       0.554
  293                  JUNCTION      0.00     0.79     0  00:50           0       0.462       1.276
  294                  JUNCTION      0.00     1.02     0  01:57           0       0.601       1.254
  295                  JUNCTION      0.00     1.00     0  01:29           0       0.616       1.290
  296                  JUNCTION      0.00     0.83     0  00:46           0       0.485       1.177
  297                  JUNCTION      0.00     0.45     0  01:09           0       0.261       2.306
  298                  JUNCTION      0.00     3.31     0  02:48           0        1.98       0.299
  299                  JUNCTION      0.00     0.75     0  01:15           0       0.474       1.199
  300                  JUNCTION      0.00     1.04     0  02:13           0       0.594       1.323
  301                  JUNCTION      0.00     1.97     0  00:23           0       0.667       1.341
  302                  JUNCTION      0.00     0.80     0  00:51           0       0.503       1.166
  303                  JUNCTION      0.00     1.10     0  01:43           0       0.608       1.374
  304                  JUNCTION      0.00     1.08     0  02:31           0       0.586       1.416
  305                  JUNCTION      0.00     1.64     0  01:07           0        1.02       0.573
  306                  JUNCTION      0.00     2.00     0  00:26           0        1.28       0.535
  307                  JUNCTION      1.00     1.00     0  00:00       0.646       0.646       1.257
  308                  JUNCTION      0.00     2.00     0  00:33           0        1.27       0.505
  309                  JUNCTION      0.00     3.64     0  01:46           0        2.26       0.295
  310                  JUNCTION      1.00     1.00     0  00:00       0.646       0.646       0.940
  311                  JUNCTION      0.00     2.18     0  01:11           0        1.35       0.542
  312                  JUNCTION      0.00     0.98     0  01:11           0       0.553       1.146
  313                  JUNCTION      0.00     2.01     0  00:42           0        1.26       0.629
  314                  JUNCTION      0.00     1.27     0  00:57           0       0.771       0.793
  315                  JUNCTION      1.00     1.00     0  00:00       0.646       0.646       0.899
  316                  JUNCTION      0.00     3.64     1  00:00           0        2.27       0.319
  317                  JUNCTION      0.00     4.25     0  02:49           0        2.56       0.325
  318                  JUNCTION      0.00     1.64     0  00:45           0       0.966       0.675
  319                  JUNCTION      0.00     2.47     0  00:50           0         1.4       0.471
  320                  JUNCTION      0.00     2.10     0  00:55           0         1.3       0.494
  321                  JUNCTION      0.00    13.44     0  06:19           0         8.1       0.787
  322                  JUNCTION      0.00     3.64     0  01:47           0        2.25       0.279
  323                  JUNCTION      0.00     1.01     0  02:02           0         0.6       1.240
  324                  JUNCTION      0.00     1.01     0  02:49           0       0.567       1.336
  325                  JUNCTION      1.00     1.00     0  00:00       0.646       0.646       0.979
  326                  JUNCTION      0.00     0.47     0  00:37           0       0.279       2.029
  327                  JUNCTION      0.00     3.75     0  02:13           0        2.25       0.318
  328                  JUNCTION      0.00     3.64     0  01:47           0        2.25       0.292
  329                  JUNCTION      0.00     1.04     0  00:34           0       0.658       0.883
  330                  JUNCTION      0.00     0.50     0  00:37           0       0.297       1.803
  331                  JUNCTION      0.00     1.01     0  02:16           0       0.592       1.273
  332                  JUNCTION      0.00     0.88     0  00:30           0       0.541       1.073
  333                  JUNCTION      0.00     0.98     0  03:14           0        0.56       1.300
  334                  JUNCTION      1.00     1.00     0  00:00       0.646       0.646       1.124
  335                  JUNCTION      0.00     1.00     0  00:30           0       0.639       1.081
  336                  JUNCTION      0.00     0.44     0  00:35           0       0.277       1.981
  337                  JUNCTION      0.00     1.03     0  00:46           0       0.632       1.081
  338                  JUNCTION      0.00     0.86     0  01:18           0       0.532       1.249
  339                  JUNCTION      0.00     3.67     0  01:13           0        2.24       0.284
  340                  JUNCTION      0.00     4.68     0  01:18           0        2.89       0.253
  341                  JUNCTION      1.00     1.00     0  00:00       0.646       0.646       0.960
  342                  JUNCTION      0.00     1.27     0  00:54           0       0.725       0.958
  343                  JUNCTION      0.00     3.74     0  02:13           0        2.24       0.343
  344                  JUNCTION      0.00     1.00     1  00:00           0       0.585       1.255
  345                  JUNCTION      0.00     0.98     1  00:00           0       0.553       1.309
  346                  JUNCTION      1.00     1.00     0  00:00       0.646       0.646       0.904
  347                  JUNCTION      0.00     0.80     0  00:35           0       0.466       1.395
  348                  JUNCTION      1.00     1.00     0  00:00       0.646       0.646       0.960
  349                  JUNCTION      0.00     4.58     0  01:17           0         2.8       0.268
  350                  JUNCTION      0.00     1.00     0  02:54           0       0.578       1.257
  351                  JUNCTION      1.00     1.00     0  00:00       0.646       0.646       0.921
  352                  JUNCTION      0.00     3.73     0  02:14           0        2.24       0.279
  353                  JUNCTION      0.00     1.47     0  01:26           0       0.856       0.696
  354                  JUNCTION      0.00     1.54     0  01:25           0        0.42       1.455
  355                  JUNCTION      0.00     0.98     0  03:37           0       0.545       1.416
  357                  JUNCTION      0.00     0.80     0  00:54           0       0.467       1.498
  358                  JUNCTION      1.00     1.00     0  00:00       0.646       0.646       1.087
  359                  JUNCTION      0.00     0.58     0  00:40           0       0.361       1.618
  360                  JUNCTION      0.00     0.87     0  00:52           0        0.43       1.668
  361                  JUNCTION      0.00     0.16     0  01:26           0      0.0831       7.501
  362                  JUNCTION      0.00     0.68     1  00:00           0       0.423       1.460
  363                  JUNCTION      0.00     1.01     0  03:06           0        0.57       1.265
  364                  JUNCTION      0.00     0.52     0  03:11           0       0.322       1.883
  365                  JUNCTION      0.00     3.52     0  03:23           0        2.15       0.302
  366                  JUNCTION      0.00     0.52     0  03:23           0       0.316       1.821
  367                  JUNCTION      0.00     1.23     0  01:04           0         0.7       0.858
  368                  JUNCTION      0.00     3.73     0  02:25           0        2.23       0.304
  369                  JUNCTION      0.00     0.99     0  03:56           0       0.538       1.324
  370                  JUNCTION      0.00     0.54     0  00:39           0       0.344       1.635
  371                  JUNCTION      0.00     0.72     0  01:28           0       0.457       1.241
  372                  JUNCTION      0.00     0.17     0  00:28           0      0.0991       5.722
  373                  JUNCTION      0.00     0.61     0  00:39           0       0.364       1.574
  374                  JUNCTION      0.00     1.02     0  03:20           0       0.563       1.288
  375                  JUNCTION      1.00     1.00     0  00:00       0.646       0.646       0.949
  376                  JUNCTION      0.00     1.00     0  04:10           0       0.531       1.341
  377                  JUNCTION      0.00     0.59     0  01:02           0       0.355       1.590
  378                  JUNCTION      0.00     3.52     0  03:24           0        2.15       0.309
  379                  JUNCTION      0.00     3.73     0  02:55           0        2.23       0.313
  380                  JUNCTION      0.00     1.01     0  03:37           0       0.556       1.259
  381                  JUNCTION      0.00     0.99     0  04:45           0       0.524       1.441
  382                  JUNCTION      0.00     0.93     0  00:52           0       0.584       1.132
  383                  JUNCTION      0.00     0.95     0  01:18           0       0.571       1.147
  384                  JUNCTION      0.00     0.91     0  01:34           0       0.505       1.292
  385                  JUNCTION      0.00     1.00     0  00:30           0        0.64       1.087
  386                  JUNCTION      0.00     0.96     0  01:03           0       0.578       1.132
  387                  JUNCTION      0.00     0.51     0  01:37           0       0.307       1.963
  388                  JUNCTION      1.00     1.00     0  00:00       0.646       0.646       1.048
  389                  JUNCTION      0.00     1.00     0  00:30           0       0.639       1.066
  390                  JUNCTION      1.00     1.00     0  00:00       0.646       0.646       1.072
  391                  JUNCTION      0.00     1.00     0  00:45           0       0.633       1.062
  392                  JUNCTION      0.00     0.97     0  01:13           0       0.598       1.088
  393                  JUNCTION      0.00     0.97     0  00:50           0       0.605       1.054
  394                  JUNCTION      0.00     0.60     0  02:00           0       0.364       1.716
  395                  JUNCTION      0.00     1.12     0  02:00           0       0.658       0.932
  396                  JUNCTION      0.00     1.02     0  03:52           0       0.549       1.440
  397                  JUNCTION      0.00     1.10     0  02:11           0       0.652       0.919
  398                  JUNCTION      0.00     0.99     0  02:47           0        0.57       0.993
  399                  JUNCTION      0.00     1.12     0  02:24           0       0.604       0.981
  400                  JUNCTION      0.00     1.03     0  02:38           0       0.576       1.018
  401                  JUNCTION      0.00     1.41     0  02:50           0       0.736       0.756
  402                  JUNCTION      1.00     1.00     0  00:00       0.646       0.646       0.886
  403                  JUNCTION      0.00     1.61     0  01:28           0        1.02       0.608
  404                  JUNCTION      1.00     1.00     0  00:00       0.646       0.646       0.858
  405                  JUNCTION      0.00     0.58     0  01:04           0        0.35       1.581
  406                  JUNCTION      0.00     3.10     0  01:05           0        1.93       0.361
  407                  JUNCTION      1.00     1.00     0  00:00       0.646       0.646       0.853
  408                  JUNCTION      0.00     4.73     0  02:55           0        2.86       0.315
  409                  JUNCTION      1.00     1.00     0  00:00       0.646       0.646       0.862
  410                  JUNCTION      0.00     0.30     0  02:37           0       0.187       2.901
  411                  JUNCTION      0.00     0.87     0  02:37           0        0.54       1.035
  412                  JUNCTION      0.00     1.87     0  02:38           0        1.17       0.572
  413                  JUNCTION      0.00    15.32     0  06:26           0         9.2       0.718
  414                  JUNCTION      0.00     1.03     0  04:44           0       0.516       1.393
  415                  JUNCTION      0.00     1.06     0  04:10           0       0.541       1.453
  416                  JUNCTION      1.00     1.00     0  00:00       0.646       0.646       0.893
  417                  JUNCTION      0.00     1.04     0  05:00           0       0.509       1.540
  418                  JUNCTION      0.00     1.31     0  02:50           0       0.731       0.786
  419                  JUNCTION      1.00     1.00     0  00:00       0.646       0.646       1.037
  420                  JUNCTION      0.00     4.73     0  02:55           0        2.85       0.233
  421                  JUNCTION      0.00     0.98     0  00:41           0       0.606       0.987
  422                  JUNCTION      0.00     1.70     0  00:28           0       0.985       0.646
  423                  JUNCTION      0.00     0.58     0  01:44           0       0.344       1.697
  424                  JUNCTION      1.00     1.00     0  00:00       0.646       0.646       0.916
  425                  JUNCTION      1.00     1.00     0  00:00       0.646       0.646       0.880
  426                  JUNCTION      0.00     1.04     0  04:27           0       0.534       1.443
  427                  JUNCTION      0.00     1.03     0  05:17           0       0.501       1.558
  428                  JUNCTION      1.00     1.00     0  00:00       0.646       0.646       1.086
  429                  JUNCTION      0.00     0.92     0  00:33           0       0.535       1.252
  430                  JUNCTION      0.00     1.77     0  00:33           0        1.03       0.698
  431                  JUNCTION      0.00     0.93     0  01:13           0       0.575       1.100
  432                  JUNCTION      0.00     1.15     0  00:43           0       0.671       0.963
  433                  JUNCTION      0.00     0.94     0  01:14           0       0.569       1.060
  434                  JUNCTION      0.00     1.81     0  01:13           0        1.12       0.578
  435                  JUNCTION      0.00     1.06     0  01:13           0       0.632       0.964
  436                  JUNCTION      0.00     0.96     0  01:13           0       0.595       0.990
  437                  JUNCTION      0.00     2.20     0  03:15           0        1.31       0.474
  438                  JUNCTION      0.00     0.95     1  00:00           0       0.589       0.952
  439                  JUNCTION      0.00     4.73     0  02:56           0        2.84       0.205
  440                  JUNCTION      0.00     0.99     0  00:27           0       0.584       1.005
  441                  JUNCTION      0.00     1.02     0  04:44           0       0.526       1.372
  442                  JUNCTION      0.00     0.56     0  03:04           0       0.339       1.577
  443                  JUNCTION      0.00     0.44     1  00:00           0       0.278       1.906
  444                  JUNCTION      0.00     1.02     0  05:34           0       0.494       1.524
  445                  JUNCTION      1.00     1.00     0  00:00       0.646       0.646       0.974
  446                  JUNCTION      0.00     0.89     0  00:26           0       0.547       0.991
  447                  JUNCTION      0.00     1.17     0  00:40           0       0.663       0.905
  448                  JUNCTION      0.00     2.20     0  03:16           0         1.3       0.478
  449                  JUNCTION      0.00     4.73     0  02:56           0        2.83       0.288
  450                  JUNCTION      0.00     0.57     0  00:33           0       0.342       1.488
  451                  JUNCTION      0.00     1.00     0  04:49           0       0.519       1.300
  452                  JUNCTION      0.00     1.00     0  05:51           0       0.486       1.420
  453                  JUNCTION      1.00     1.00     0  00:00       0.646       0.646       1.103
  454                  JUNCTION      1.00     3.58     0  05:54       0.646        2.03       0.391
  455                  JUNCTION      0.00     1.00     0  00:30           0       0.639       1.034
  456                  JUNCTION      0.00     1.00     0  00:45           0       0.633       1.030
  457                  JUNCTION      0.00     2.64     0  05:53           0        1.41       0.000
  458                  JUNCTION      0.00     1.99     0  05:54           0       0.992       0.730
  459                  JUNCTION      0.00     3.00     0  05:51           0        1.73       0.409
  460                  JUNCTION      0.00     1.01     0  00:58           0       0.626       1.042
  461                  JUNCTION      0.00     1.85     0  05:52           0       0.809       0.858
  462                  JUNCTION      0.00     0.54     0  01:49           0       0.334       1.890
  463                  JUNCTION      0.00     1.76     0  05:52           0       0.809       0.903
  464                  JUNCTION      0.00     0.58     0  01:49           0       0.328       1.962
  465                  JUNCTION      0.00     0.40     0  02:25           0       0.229       2.693
  466                  JUNCTION      0.00     0.38     0  02:45           0       0.223       2.691
  467                  JUNCTION      0.00     0.38     0  03:34           0       0.217       2.900
  468                  JUNCTION      0.00     3.02     0  07:20           0         1.8       0.332
  469                  JUNCTION      0.00     0.07     1  00:00           0      0.0368      18.008
  470                  JUNCTION      0.00     0.55     0  07:20           0       0.325       1.604
  471                  JUNCTION      0.00     0.99     0  07:20           0       0.592       1.023
  472                  JUNCTION      0.00     0.99     1  00:00           0       0.586       0.900
  473                  JUNCTION      0.00     4.04     0  01:56           0        2.41       0.222
  474                  JUNCTION      0.00     4.54     0  01:57           0        2.73       0.209
  475                  JUNCTION      0.00     4.06     0  08:30           0        2.46       0.304
  476                  JUNCTION      0.00     2.92     1  00:00           0        1.77       0.395
  477                  JUNCTION      0.00     8.60     0  08:31           0        5.18       0.145
  478                  JUNCTION      1.00     1.00     0  00:00       0.646       0.646       0.887
  479                  JUNCTION      0.00     2.47     0  07:21           0        1.47       0.395
  480                  JUNCTION      0.00     1.85     0  00:27           0        1.15       0.627
  481                  JUNCTION      0.00     2.07     0  00:40           0        1.25       0.484
  482                  JUNCTION      0.00     3.44     0  07:21           0        2.07       0.576
  483                  JUNCTION      0.00     1.46     0  00:40           0       0.923       0.667
  484                  JUNCTION      0.00     5.41     0  08:30           0        3.27       0.200
  485                  JUNCTION      0.00    15.85     0  06:30           0        9.47       0.255
  486                  JUNCTION      0.00     3.00     0  05:57           0        1.72       0.414
  487                  JUNCTION      1.00     1.00     0  00:00       0.646       0.646       1.262
  488                  JUNCTION      0.00     1.00     0  01:41           0       0.615       1.185
  489                  JUNCTION      1.00     1.00     0  00:00       0.646       0.646       0.994
  490                  JUNCTION      1.00     1.00     0  00:00       0.646       0.646       1.290
  491                  JUNCTION      1.00     1.00     0  00:00       0.646       0.646       1.203
  492                  JUNCTION      0.00     0.32     0  04:35           0       0.174       3.329
  493                  JUNCTION      0.00     1.00     0  01:08           0       0.623       1.276
  494                  JUNCTION      1.00     1.00     0  00:00       0.646       0.646       0.901
  495                  JUNCTION      1.00     1.00     0  00:00       0.646       0.646       0.856
  496                  JUNCTION      0.00     2.49     0  08:30           0        1.49       0.371
  497                  JUNCTION      0.00     3.00     0  06:01           0        1.72       0.447
  498                  JUNCTION      0.00     0.56     0  00:39           0       0.335       1.673
  499                  JUNCTION      1.00     1.00     0  00:00       0.646       0.646       0.892
  500                  JUNCTION      0.00     1.08     0  00:36           0       0.638       1.238
  501                  JUNCTION      0.00     1.00     0  00:53           0       0.631       1.216
  502                  JUNCTION      1.00     1.00     0  00:00       0.646       0.646       1.282
  503                  JUNCTION      1.00     1.00     0  00:00       0.646       0.646       0.999
  504                  JUNCTION      0.00     1.01     0  00:30           0        0.64       1.027
  505                  JUNCTION      0.00     0.41     0  00:27           0       0.261       2.938
  506                  JUNCTION      0.00     1.32     0  04:34           0       0.802       0.802
  507                  JUNCTION      0.00     0.76     0  00:15           0       0.483       1.236
  508                  JUNCTION      0.00     0.58     0  01:59           0       0.369       1.523
  509                  JUNCTION      0.00     0.71     0  00:33           0       0.411       1.420
  510                  JUNCTION      0.00     1.00     0  01:08           0        0.63       1.178
  511                  JUNCTION      0.00     0.96     0  00:37           0       0.612       0.965
  512                  JUNCTION      0.00     2.49     0  08:30           0        1.48       0.404
  513                  JUNCTION      0.00     0.75     0  00:36           0       0.445       1.463
  514                  JUNCTION      0.00     3.00     0  05:56           0        1.71       0.432
  515                  JUNCTION      1.00     1.00     0  00:00       0.646       0.646       1.026
  516                  JUNCTION      0.00     0.35     0  01:53           0       0.221       3.374
  517                  JUNCTION      0.00     1.00     0  00:39           0       0.639       1.265
  518                  JUNCTION      0.00     0.85     0  00:27           0       0.497       1.130
  519                  JUNCTION      0.00     0.47     0  00:23           0       0.285       1.921
  520                  JUNCTION      0.00     1.00     0  01:07           0       0.623       1.158
  521                  JUNCTION      0.00     0.99     0  01:13           0       0.564       1.040
  522                  JUNCTION      1.00     1.00     0  00:00       0.646       0.646       0.916
  523                  JUNCTION      0.00     2.49     0  08:30           0        1.48       0.466
  524                  JUNCTION      0.00     3.00     0  05:57           0         1.7       0.482
  525                  JUNCTION      0.00     0.41     1  00:00           0       0.254       2.802
  526                  JUNCTION      1.00     1.00     0  00:00       0.646       0.646       1.206
  527                  JUNCTION      1.00     1.00     0  00:00       0.646       0.646       0.956
  528                  JUNCTION      0.00     1.00     1  00:00           0       0.616       1.114
  529                  JUNCTION      1.00     1.00     0  00:00       0.646       0.646       0.918
  530                  JUNCTION      0.00     1.00     1  00:00           0       0.638       1.252
  531                  JUNCTION      0.00     0.35     1  00:00           0       0.214       3.415
  532                  JUNCTION      0.00     0.80     0  00:16           0       0.509       1.192
  533                  JUNCTION      0.00     0.80     0  00:48           0       0.503       1.235
  534                  JUNCTION      0.00     0.80     0  01:10           0       0.497       1.222
  535                  JUNCTION      0.00     1.80     0  01:10           0       0.879       0.889
  536                  JUNCTION      0.00     0.70     0  01:00           0       0.438       1.479
  537                  JUNCTION      0.00     2.99     0  05:41           0        1.69       0.438
  538                  JUNCTION      0.00     1.22     0  00:25           0       0.691       1.067
  539                  JUNCTION      1.00     1.00     0  00:00       0.646       0.646       0.879
  540                  JUNCTION      0.00     0.49     0  00:36           0       0.305       1.886
  541                  JUNCTION      0.00     2.49     1  00:00           0        1.47       0.453
  542                  JUNCTION      0.00     1.12     0  00:52           0       0.622       0.934
  543                  JUNCTION      1.00     1.00     0  00:00       0.646       0.646       1.162
  544                  JUNCTION      0.00     2.60     0  00:52           0         1.6       0.434
  545                  JUNCTION      0.00     2.00     0  00:52           0        1.16       0.532
  546                  JUNCTION      0.00    20.62     0  06:32           0        12.3       0.423
  547                  JUNCTION      1.00     1.00     0  00:00       0.646       0.646       0.952
  548                  JUNCTION      1.00     1.00     0  00:00       0.646       0.646       0.919
  549                  JUNCTION      1.00     1.00     0  00:00       0.646       0.646       1.149
  550                  JUNCTION      0.00     1.00     0  01:37           0       0.609       1.094
  551                  JUNCTION      0.00     0.41     0  02:09           0       0.247       2.629
  552                  JUNCTION      0.00     1.00     0  00:27           0       0.639       1.123
  553                  JUNCTION      0.00     2.99     0  05:51           0        1.68       0.479
  554                  JUNCTION      0.00     2.49     0  08:31           0        1.47       0.488
  555                  JUNCTION      0.00     0.44     0  02:44           0       0.241       2.690
  556                  JUNCTION      0.00     1.00     0  00:31           0       0.639       1.142
  557                  JUNCTION      0.00     1.00     0  01:59           0       0.603       1.105
  558                  JUNCTION      0.00     1.00     0  00:48           0       0.632       1.109
  559                  JUNCTION      1.00     1.00     0  00:00       0.646       0.646       0.931
  560                  JUNCTION      0.00     1.00     0  00:26           0        0.64       0.954
  561                  JUNCTION      0.00     0.99     0  00:40           0       0.572       1.049
  562                  JUNCTION      0.00     0.62     0  00:43           0       0.389       1.447
  563                  JUNCTION      0.00     2.13     0  01:12           0        1.24       0.575
  564                  JUNCTION      0.00     0.35     0  02:33           0       0.207       3.372
  565                  JUNCTION      0.00     0.51     0  04:26           0       0.235       2.721
  566                  JUNCTION      0.00     2.87     0  05:37           0         1.6       0.480
  567                  JUNCTION      0.00     0.70     0  01:21           0       0.432       1.414
  568                  JUNCTION      0.00     0.78     0  00:38           0       0.488       1.292
  569                  JUNCTION      0.00     0.84     0  00:30           0       0.488       1.241
  570                  JUNCTION      0.00     2.89     1  00:00           0        1.72       0.569
  571                  JUNCTION      1.00     1.00     0  00:00       0.646       0.646       1.022
  572                  JUNCTION      0.00     0.53     0  01:07           0         0.3       2.100
  573                  JUNCTION      0.00     0.57     0  00:41           0       0.348       1.708
  574                  JUNCTION      0.00     0.52     0  00:40           0       0.328       1.773
  575                  JUNCTION      0.00     0.89     0  00:28           0       0.522       1.093
  576                  JUNCTION      0.00     1.00     1  00:00           0        0.63       1.139
  577                  JUNCTION      0.00     0.20     0  04:25           0     0.00628    2667.428
  578                  JUNCTION      0.00     0.91     0  00:51           0       0.539       1.325
  579                  JUNCTION      0.00     1.03     0  02:06           0       0.596       1.289
  580                  JUNCTION      0.00     0.00     0  00:00           0           0       0.000 gal
  581                  JUNCTION      0.00     1.00     0  01:02           0       0.625       1.071
  582                  JUNCTION      0.00     2.85     0  05:38           0         1.6       0.443
  583                  JUNCTION      1.00     1.00     0  00:00       0.646       0.646       0.878
  584                  JUNCTION      1.00     1.00     0  00:00       0.646       0.646       0.942
  585                  JUNCTION      0.00     0.00     0  00:00           0           0       0.000 gal
  586                  JUNCTION      0.00     1.86     0  01:19           0        1.03       0.528
  587                  JUNCTION      0.00     0.41     0  00:16           0       0.262       0.000
  588                  JUNCTION      0.00     2.98     0  15:25           0         1.7       0.347
  589                  JUNCTION      0.00     3.85     0  06:14           0        2.17       0.341
  590                  JUNCTION      0.00     2.98     1  00:00           0        1.71       0.365
  591                  JUNCTION      0.00     3.85     0  06:12           0        2.16       0.348
  592                  JUNCTION      0.00     0.87     0  02:00           0       0.532       1.247
  593                  JUNCTION      0.00     1.20     0  02:22           0       0.588       1.207
  594                  JUNCTION      0.00     3.98     0  03:10           0        2.32       0.292
  595                  JUNCTION      0.00     3.99     0  03:10           0        2.32       0.412
  596                  JUNCTION      0.00     4.01     0  03:10           0        2.31       0.405
  597                  JUNCTION      0.00     4.00     0  03:12           0         2.3       0.746
  598                  JUNCTION      0.00     3.15     0  03:07           0        1.81       0.397
  599                  JUNCTION      1.00     1.00     0  00:00       0.646       0.646       1.079
  600                  JUNCTION      0.00     3.14     0  03:38           0         1.8       0.344
  601                  JUNCTION      0.00     0.64     0  00:40           0       0.342       2.020
  602                  JUNCTION      0.00     1.40     0  01:47           0       0.777       0.975
  603                  JUNCTION      0.00     3.14     0  03:38           0         1.8       0.344
  604                  JUNCTION      0.00     1.00     0  00:41           0       0.633       0.932
  605                  JUNCTION      1.00     1.00     0  00:00       0.646       0.646       0.915
  606                  JUNCTION      0.00     3.14     0  03:38           0        1.79       0.439
  607                  JUNCTION      1.00     1.00     0  00:00       0.646       0.646       0.902
  608                  JUNCTION      0.00     2.00     1  00:00           0        1.25       0.506
  609                  JUNCTION      1.00     1.00     0  00:00       0.646       0.646       0.889
  610                  JUNCTION      0.00     4.14     0  03:34           0        2.54       0.253
  611                  JUNCTION      0.00     1.20     0  02:04           0       0.728       0.922
  612                  JUNCTION      0.00     1.35     0  03:34           0       0.839       0.788
  613                  JUNCTION      1.00     1.00     0  00:00       0.646       0.646       0.747
  614                  JUNCTION      0.00     1.00     0  01:20           0       0.625       0.974
  615                  JUNCTION      0.00     2.44     0  02:11           0        1.47       0.485
  616                  JUNCTION      0.00     2.45     0  02:01           0        1.48       0.498
  617                  JUNCTION      0.00     3.61     0  01:55           0         2.2       0.300
  618                  JUNCTION      0.00     4.14     0  03:45           0        2.42       0.290
  619                  JUNCTION      1.00     1.00     0  00:00       0.646       0.646       0.976
  620                  JUNCTION      0.00     5.25     0  03:45           0        3.09       0.430
  621                  JUNCTION      0.00     1.89     0  01:20           0        1.19       0.516
  622                  JUNCTION      0.00     1.00     0  00:28           0       0.639       0.922
  623                  JUNCTION      0.00     0.97     0  01:07           0       0.429       1.854
  624                  JUNCTION      0.00     0.69     0  03:24           0       0.422       1.536
  625                  JUNCTION      0.00     1.48     0  03:34           0       0.923       0.704
  626                  JUNCTION      0.00     2.41     0  03:34           0        1.51       0.465
  627                  JUNCTION      0.00     0.69     0  03:25           0       0.415       1.172
  628                  JUNCTION      0.00     3.61     0  02:37           0        2.19       0.326
  630                  JUNCTION      0.00     2.41     0  03:35           0        1.51       0.480
  631                  JUNCTION      0.00     4.25     0  01:39           0        2.53       0.358
  632                  JUNCTION      0.00     3.50     1  00:00           0        2.15       0.280
  633                  JUNCTION      0.00     2.76     0  00:51           0        1.69       0.499
  634                  JUNCTION      0.00     1.58     0  00:53           0       0.685       0.948
  635                  JUNCTION      0.00     0.69     0  03:25           0        0.41       1.257
  636                  JUNCTION      0.00     2.98     0  15:25           0        1.71       0.403
  637                  JUNCTION      0.00     2.59     0  01:17           0        1.62       0.545
  638                  JUNCTION      0.00     1.35     0  03:25           0       0.826       0.771
  639                  JUNCTION      0.00     3.61     0  02:16           0        2.26       0.271
  640                  JUNCTION      0.00     5.01     0  02:16           0        3.15       0.156
  641                  JUNCTION      0.00     0.61     0  00:50           0       0.386       1.519
  642                  JUNCTION      0.00     1.01     0  00:25           0       0.641       0.953
  643                  JUNCTION      1.00     1.00     0  00:00       0.646       0.646       0.803
  644                  JUNCTION      0.00     3.61     0  02:16           0        2.26       0.292
  646                  JUNCTION      0.00     3.17     0  02:33           0         1.9       0.445
  647                  JUNCTION      0.00     0.61     0  01:18           0        0.38       1.474
  648                  JUNCTION      0.00     5.01     0  02:14           0        3.14       0.179
  649                  JUNCTION      0.00     5.01     1  00:00           0        3.14       0.244
  651                  JUNCTION      0.00     1.00     0  01:20           0       0.632       1.062
  652                  JUNCTION      0.00     1.83     0  03:25           0        1.11       0.688
  653                  JUNCTION      0.00     1.83     0  02:21           0         1.1       0.717
  654                  JUNCTION      0.00     1.83     0  02:19           0        1.11       0.612
  655                  JUNCTION      0.00     2.57     0  02:30           0        1.53       0.594
  656                  JUNCTION      1.00     1.00     0  00:00       0.646       0.646       0.946
  657                  JUNCTION      0.00     0.00     0  00:00           0           0       0.000 gal
  658                  JUNCTION      1.00     1.00     0  00:00       0.646       0.646       0.898
  659                  JUNCTION      0.00     5.01     0  02:11           0        3.13       0.208
  660                  JUNCTION      0.00     0.91     0  01:47           0       0.542       1.262
  661                  JUNCTION      0.00     0.42     0  02:00           0       0.255       2.682
  662                  JUNCTION      1.00     1.00     0  00:00       0.646       0.646       0.966
  663                  JUNCTION      0.00     2.98     0  15:22           0        1.72       0.440
  664                  JUNCTION      1.00     1.00     0  00:00       0.646       0.646       0.874
  665                  JUNCTION      0.00     5.01     0  02:12           0        3.12       0.210
  666                  JUNCTION      0.00     0.80     0  00:29           0       0.443       1.329
  667                  JUNCTION      0.00     0.73     0  00:20           0       0.469       1.219
  668                  JUNCTION      0.00     1.00     0  00:32           0       0.639       1.120
  669                  JUNCTION      1.00     1.00     0  00:00       0.646       0.646       1.088
  670                  JUNCTION      0.00     2.98     0  15:22           0        1.73       0.423
  671                  JUNCTION      1.00     1.00     0  00:00       0.646       0.646       0.887
  672                  JUNCTION      0.00     0.77     0  01:50           0       0.493       1.358
  673                  JUNCTION      0.00     0.90     0  01:32           0       0.549       1.293
  674                  JUNCTION      0.00     1.00     0  00:32           0       0.639       1.131
  675                  JUNCTION      1.00     1.00     0  00:00       0.646       0.646       0.870
  676                  JUNCTION      0.00     0.56     0  01:10           0       0.352       2.252
  677                  JUNCTION      1.00     1.00     0  00:00       0.646       0.646       0.868
  678                  JUNCTION      0.00     0.45     0  01:22           0       0.262       2.701
  679                  JUNCTION      0.00     1.98     0  15:21           0        1.15       0.621
  680                  JUNCTION      0.00     0.78     0  00:47           0       0.485       1.245
  681                  JUNCTION      1.00     1.00     0  00:00       0.646       0.646       1.150
  682                  JUNCTION      0.00     0.85     0  00:30           0       0.489       1.271
  683                  JUNCTION      0.00     0.92     0  00:28           0        0.54       1.083
  684                  JUNCTION      1.00     1.00     0  00:00       0.646       0.646       0.920
  685                  JUNCTION      1.00     1.00     0  00:00       0.646       0.646       0.949
  686                  JUNCTION      0.00     0.80     0  00:34           0       0.512       1.211
  687                  JUNCTION      0.00     0.98     0  03:02           0        0.56       1.297
  688                  JUNCTION      0.00     1.00     0  02:13           0       0.594       1.264
  689                  JUNCTION      0.00     0.95     0  01:12           0       0.556       1.330
  690                  JUNCTION      0.00     1.00     0  01:52           0       0.603       1.232
  691                  JUNCTION      0.00     1.22     0  05:13           0       0.727       0.962
  692                  JUNCTION      1.00     1.00     0  00:00       0.646       0.646       0.825
  694                  JUNCTION      0.00     0.78     0  00:43           0       0.446       1.643
  695                  JUNCTION      0.00     0.96     0  04:14           0       0.591       1.095
  696                  JUNCTION      0.00     5.01     0  02:12           0        3.12       0.344
  697                  JUNCTION      0.00     0.98     0  00:26           0       0.571       1.001
  698                  JUNCTION      0.00     0.96     1  00:00           0       0.585       1.126
  699                  JUNCTION      0.00     1.00     1  00:00           0       0.602       1.306
  700                  JUNCTION      1.00     1.00     0  00:00       0.646       0.646       1.188
  701                  JUNCTION      0.00     1.00     0  01:41           0       0.611       1.280
  702                  JUNCTION      0.00     0.98     0  02:44           0       0.567       1.395
  703                  JUNCTION      1.00     1.00     0  00:00       0.646       0.646       1.058
  704                  JUNCTION      1.00     1.00     0  00:00       0.646       0.646       1.205
  705                  JUNCTION      0.00     0.32     0  01:35           0       0.185       2.643
  706                  JUNCTION      0.00     1.00     0  02:16           0       0.587       1.306
  707                  JUNCTION      0.00     0.02     0  02:34           0      0.0123     146.167
  708                  JUNCTION      0.00     0.75     1  00:00           0       0.438       1.719
  709                  JUNCTION      0.00     0.56     0  00:37           0       0.358       1.901
  710                  JUNCTION      0.00     0.75     0  15:47           0       0.431       1.644
  711                  JUNCTION      1.00     1.00     0  00:00       0.646       0.646       0.941
  712                  JUNCTION      0.00     1.35     0  05:15           0       0.803       0.919
  713                  JUNCTION      0.00     1.82     0  15:47           0        1.09       0.728
  714                  JUNCTION      1.00     1.00     0  00:00       0.646       0.646       1.114
  715                  JUNCTION      0.00     0.00     0  00:00           0           0       0.000 gal
  716                  JUNCTION      0.00     0.83     0  00:47           0       0.506       1.101
  717                  JUNCTION      1.00     1.00     0  00:00       0.646       0.646       0.950
  718                  JUNCTION      0.00     0.33     0  01:25           0       0.213       2.594
  719                  JUNCTION      0.00     0.81     0  00:49           0       0.479       1.156
  720                  JUNCTION      0.00     5.27     0  02:46           0        3.27       0.408
  721                  JUNCTION      0.00     0.96     0  00:32           0       0.567       1.262
  722                  JUNCTION      0.00     1.61     0  00:35           0       0.922       0.663
  723                  JUNCTION      0.00     0.75     0  00:45           0       0.443       1.326
  724                  JUNCTION      0.00     0.74     0  01:03           0       0.436       1.256
  725                  JUNCTION      1.00     1.00     0  00:00       0.646       0.646       1.262
  726                  JUNCTION      0.00     0.70     0  01:04           0        0.43       1.383
  728                  JUNCTION      0.00     0.32     0  01:32           0        0.19       2.614
  729                  JUNCTION      1.00     1.00     0  00:00       0.646       0.646       0.936
  730                  JUNCTION      0.00     0.32     0  04:28           0       0.171       4.453
  731                  JUNCTION      0.00     1.01     0  02:12           0       0.595       1.367
  732                  JUNCTION      0.00     0.75     0  02:02           0       0.441       1.746
  733                  JUNCTION      0.00     0.24     0  03:10           0       0.138       3.749
  734                  JUNCTION      0.00     1.00     1  00:00           0       0.611       1.446
  735                  JUNCTION      0.00     0.79     0  01:04           0       0.473       1.207
  736                  JUNCTION      0.00     1.00     0  01:18           0        0.62       1.433
  737                  JUNCTION      0.00     5.27     0  02:45           0        3.26       0.255
  738                  JUNCTION      0.00     0.75     0  01:40           0       0.448       1.704
  739                  JUNCTION      0.00     1.04     0  01:52           0       0.604       1.413
  740                  JUNCTION      0.00     1.53     0  00:40           0       0.922       0.854
  741                  JUNCTION      0.00     0.44     0  04:28           0       0.239       3.405
  742                  JUNCTION      0.00     0.33     0  01:27           0       0.207       2.545
  743                  JUNCTION      1.00     1.00     0  00:00       0.646       0.646       1.343
  744                  JUNCTION      0.00     0.70     0  01:10           0       0.437       1.295
  745                  JUNCTION      0.00     0.31     0  01:00           0       0.195       2.857
  746                  JUNCTION      0.00     0.00     0  00:00           0           0       0.000 gal
  747                  JUNCTION      0.00     0.96     0  00:27           0       0.563       1.021
  748                  JUNCTION      0.00     0.91     0  00:31           0       0.535       1.152
  749                  JUNCTION      0.00     1.03     0  00:30           0        0.64       0.963
  750                  JUNCTION      0.00     1.00     0  01:15           0       0.619       1.418
  751                  JUNCTION      0.00     5.27     0  02:48           0        3.25       0.184
  752                  JUNCTION      0.00     1.00     0  00:36           0       0.638       1.230
  753                  JUNCTION      0.00     0.73     0  01:41           0       0.425       1.327
  754                  JUNCTION      1.00     1.00     0  00:00       0.646       0.646       0.785
  755                  JUNCTION      0.00     1.00     0  01:00           0       0.628       1.407
  756                  JUNCTION      0.00     5.27     0  02:47           0        3.25       0.233
  757                  JUNCTION      0.00     0.74     0  01:39           0       0.456       1.716
  758                  JUNCTION      0.00     1.02     0  01:36           0       0.612       1.359
  759                  JUNCTION      0.00     0.44     0  01:00           0       0.279       3.146
  760                  JUNCTION      0.00     0.44     0  03:43           0       0.247       3.198
  761                  JUNCTION      0.00     1.00     0  01:00           0       0.628       1.435
  762                  JUNCTION      0.00     1.00     1  00:00           0       0.637       1.418
  763                  JUNCTION      1.00     1.00     0  00:00       0.646       0.646       0.911
  764                  JUNCTION      0.00     1.00     1  00:00           0       0.637       1.406
  765                  JUNCTION      1.00     1.00     0  00:00       0.646       0.646       1.403
  766                  JUNCTION      0.00     1.00     0  00:39           0       0.637       1.384
  767                  JUNCTION      0.00     1.00     1  00:00           0       0.629       1.337
  768                  JUNCTION      0.00     1.00     0  01:16           0        0.62       1.351
  769                  JUNCTION      1.00     1.00     0  00:00       0.646       0.646       1.290
  770                  JUNCTION      1.00     1.00     0  00:00       0.646       0.646       1.239
  771                  JUNCTION      0.00     1.00     0  00:34           0       0.638       1.198
  772                  JUNCTION      0.00     1.95     0  00:31           0        1.19       0.748
  773                  JUNCTION      0.00     1.00     0  00:51           0       0.631       1.271
  774                  JUNCTION      1.00     1.00     0  00:00       0.646       0.646       0.908
  775                  JUNCTION      1.00     1.00     0  00:00       0.646       0.646       1.290
  776                  JUNCTION      0.00     0.44     0  02:43           0       0.255       3.154
  777                  JUNCTION      1.00     1.00     0  00:00       0.646       0.646       1.272
  778                  JUNCTION      0.00     0.44     1  00:00           0       0.263       3.145
  779                  JUNCTION      0.00     0.44     1  00:00           0       0.271       3.099
  780                  JUNCTION      0.00     2.01     0  00:42           0        1.27       0.647
  781                  JUNCTION      1.00     1.00     0  00:00       0.646       0.646       1.407
  782                  JUNCTION      0.00     1.89     0  00:39           0        1.12       0.703
  783                  JUNCTION      0.00     2.42     0  02:28           0        1.49       0.433
  784                  JUNCTION      0.00     1.79     0  00:51           0        1.08       0.589
  785                  JUNCTION      0.00     1.90     0  01:04           0        1.19       0.544
  786                  JUNCTION      0.00     1.76     0  00:59           0           1       0.743
  787                  JUNCTION      0.00     2.20     0  01:05           0        1.36       0.604
  788                  JUNCTION      1.00     1.00     0  00:00       0.646       0.646       1.394
  789                  JUNCTION      0.00     1.98     0  01:31           0        1.23       0.899
  790                  JUNCTION      0.00     1.64     1  00:00           0        1.03       0.549
  791                  JUNCTION      0.00     2.19     0  03:03           0        1.35       0.600
  792                  JUNCTION      1.00     1.00     0  00:00       0.646       0.646       0.901
  793                  JUNCTION      0.00     6.19     1  00:00           0        3.83       0.232
  794                  JUNCTION      1.00     1.52     0  01:52       0.646        0.67       4.209
  795                  JUNCTION      1.00     1.00     0  00:00       0.646       0.646       1.267
  796                  JUNCTION      1.00     1.00     0  00:00       0.646       0.646       1.299
  797                  JUNCTION      1.00     1.00     0  00:00       0.646       0.646       1.048
  798                  JUNCTION      1.00     1.00     0  00:00       0.646       0.646       1.106
  799                  JUNCTION      1.00     1.00     0  00:00       0.646       0.646       1.469
  800                  JUNCTION      0.00     0.00     0  00:00           0           0       0.000 gal
  801                  JUNCTION      0.00     0.00     0  00:00           0           0       0.000 gal
  802                  JUNCTION      0.00     0.00     0  00:00           0           0       0.000 gal
  803                  JUNCTION      0.00     0.00     0  00:00           0           0       0.000 gal
  804                  JUNCTION      0.00     0.00     0  00:00           0           0       0.000 gal
  805                  JUNCTION      0.00     0.00     0  00:00           0           0       0.000 gal
  806                  JUNCTION      0.00     0.00     0  00:00           0           0       0.000 gal
  807                  JUNCTION      0.00     0.00     0  00:00           0           0       0.000 gal
  808                  JUNCTION      0.00     0.00     0  00:00           0           0       0.000 gal
  810                  JUNCTION      0.00     0.00     0  00:00           0           0       0.000 gal
  811                  JUNCTION      0.00     0.00     0  00:00           0           0       0.000 gal
  812                  JUNCTION      0.00     0.00     0  00:00           0           0       0.000 gal
  813                  JUNCTION      0.00     0.00     0  00:00           0           0       0.000 gal
  814                  JUNCTION      0.00     1.01     0  00:38           0       0.637       0.000
  815                  JUNCTION      0.00     0.00     0  00:00           0           0       0.000 gal
  816                  JUNCTION      0.00     0.00     0  00:00           0           0       0.000 gal
  817                  JUNCTION      0.00     0.00     0  00:00           0           0       0.000 gal
  818                  JUNCTION      0.00     1.06     0  00:28           0        0.64       0.000
  819                  JUNCTION      0.00     1.00     0  00:34           0       0.638       0.000
  820                  JUNCTION      0.00     0.00     0  00:00           0           0       0.000 gal
  821                  JUNCTION      0.00     0.00     0  00:00           0           0       0.000 gal
  822                  JUNCTION      0.00     0.00     0  00:00           0           0       0.000 gal
  823                  JUNCTION      0.00     0.00     0  00:00           0           0       0.000 gal
  824                  JUNCTION      0.00     0.00     0  00:00           0           0       0.000 gal
  825                  JUNCTION      0.00     1.00     0  00:33           0       0.638       0.000
  826                  JUNCTION      0.00     0.00     0  00:00           0           0       0.000 gal
  827                  JUNCTION      0.00     0.00     0  00:00           0           0       0.000 gal
  828                  JUNCTION      0.00     0.00     0  00:00           0           0       0.000 gal
  829                  JUNCTION      0.00     1.07     0  00:29           0       0.613       0.000
  830                  JUNCTION      0.00     0.00     0  00:00           0           0       0.000 gal
  831                  JUNCTION      0.00     0.00     0  00:00           0           0       0.000 gal
  832                  JUNCTION      0.00     0.92     0  00:34           0      0.0464       0.000
  833                  JUNCTION      0.00     0.00     0  00:00           0           0       0.000 gal
  834                  JUNCTION      0.00     0.00     0  00:00           0           0       0.000 gal
  835                  JUNCTION      0.00     0.00     0  00:00           0           0       0.000 gal
  836                  JUNCTION      0.00     0.00     0  00:00           0           0       0.000 gal
  837                  JUNCTION      0.00     0.00     0  00:00           0           0       0.000 gal
  838                  JUNCTION      0.00     0.00     0  00:00           0           0       0.000 gal
  839                  JUNCTION      0.00     0.00     0  00:00           0           0       0.000 gal
  840                  JUNCTION      0.00     0.00     0  00:00           0           0       0.000 gal
  841                  JUNCTION      0.00     0.00     0  00:00           0           0       0.000 gal
  842                  JUNCTION      0.00     0.00     0  00:00           0           0       0.000 gal
  843                  JUNCTION      0.00     0.00     0  00:00           0           0       0.000 gal
  844                  JUNCTION      0.00     0.00     0  00:00           0           0       0.000 gal
  845                  JUNCTION      0.00     0.00     0  00:00           0           0       0.000 gal
  846                  JUNCTION      0.00     0.00     0  00:00           0           0       0.000 gal
  847                  JUNCTION      0.00     0.00     0  00:00           0           0       0.000 gal
  848                  JUNCTION      0.00     0.00     0  00:00           0           0       0.000 gal
  849                  JUNCTION      0.00     0.00     0  00:00           0           0       0.000 gal
  850                  JUNCTION      0.00     0.00     0  00:00           0           0       0.000 gal
  851                  JUNCTION      0.00     0.00     0  00:00           0           0       0.000 gal
  852                  JUNCTION      0.00     0.00     0  00:00           0           0       0.000 gal
  853                  JUNCTION      0.00     0.00     0  00:00           0           0       0.000 gal
  854                  JUNCTION      0.00     0.00     0  00:00           0           0       0.000 gal
  855                  JUNCTION      0.00     0.00     0  00:00           0           0       0.000 gal
  856                  JUNCTION      0.00     0.00     0  00:00           0           0       0.000 gal
  857                  JUNCTION      0.00     0.00     0  00:00           0           0       0.000 gal
  858                  JUNCTION      0.00     0.00     0  00:00           0           0       0.000 gal
  859                  JUNCTION      0.00     0.00     0  00:00           0           0       0.000 gal
  860                  JUNCTION      0.00     0.00     0  00:00           0           0       0.000 gal
  861                  JUNCTION      0.00     0.00     0  00:00           0           0       0.000 gal
  862                  JUNCTION      0.00     0.00     0  00:00           0           0       0.000 gal
  863                  JUNCTION      0.00     0.00     0  00:00           0           0       0.000 gal
  864                  JUNCTION      0.00     0.00     0  00:00           0           0       0.000 gal
  865                  JUNCTION      0.00     0.00     0  00:00           0           0       0.000 gal
  866                  JUNCTION      0.00     0.00     0  00:00           0           0       0.000 gal
  867                  JUNCTION      0.00     0.00     0  00:00           0           0       0.000 gal
  868                  JUNCTION      0.00     0.00     0  00:00           0           0       0.000 gal
  869                  JUNCTION      0.00     0.00     0  00:00           0           0       0.000 gal
  870                  JUNCTION      0.00     0.00     0  00:00           0           0       0.000 gal
  871                  JUNCTION      0.00     0.00     0  00:00           0           0       0.000 gal
  872                  JUNCTION      0.00     0.00     0  00:00           0           0       0.000 gal
  873                  JUNCTION      0.00     0.00     0  00:00           0           0       0.000 gal
  874                  JUNCTION      0.00     0.00     0  00:00           0           0       0.000 gal
  875                  JUNCTION      0.00     0.00     0  00:00           0           0       0.000 gal
  876                  JUNCTION      0.00     0.00     0  00:00           0           0       0.000 gal
  877                  JUNCTION      0.00     0.00     0  00:00           0           0       0.000 gal
  878                  JUNCTION      0.00     0.00     0  00:00           0           0       0.000 gal
  879                  JUNCTION      0.00     0.00     0  00:00           0           0       0.000 gal
  880                  JUNCTION      0.00     0.00     0  00:00           0           0       0.000 gal
  881                  JUNCTION      0.00     0.00     0  00:00           0           0       0.000 gal
  882                  JUNCTION      0.00     0.00     0  00:00           0           0       0.000 gal
  883                  JUNCTION      0.00     0.00     0  00:00           0           0       0.000 gal
  884                  JUNCTION      0.00     0.00     0  00:00           0           0       0.000 gal
  885                  JUNCTION      0.00     0.00     0  00:00           0           0       0.000 gal
  886                  JUNCTION      0.00     0.00     0  00:00           0           0       0.000 gal
  887                  JUNCTION      0.00     0.00     0  00:00           0           0       0.000 gal
  888                  JUNCTION      0.00     0.00     0  00:00           0           0       0.000 gal
  889                  JUNCTION      0.00     0.00     0  00:00           0           0       0.000 gal
  890                  JUNCTION      0.00     0.00     0  00:00           0           0       0.000 gal
  891                  JUNCTION      0.00     0.00     0  00:00           0           0       0.000 gal
  892                  JUNCTION      0.00     0.00     0  00:00           0           0       0.000 gal
  893                  JUNCTION      0.00     0.00     0  00:00           0           0       0.000 gal
  894                  JUNCTION      0.00     0.00     0  00:00           0           0       0.000 gal
  895                  JUNCTION      0.00     0.00     0  00:00           0           0       0.000 gal
  896                  JUNCTION      0.00     0.00     0  00:00           0           0       0.000 gal
  897                  JUNCTION      0.00     0.00     0  00:00           0           0       0.000 gal
  898                  JUNCTION      0.00     0.00     0  00:00           0           0       0.000 gal
  899                  JUNCTION      0.00     0.00     0  00:00           0           0       0.000 gal
  901                  JUNCTION      0.00     0.00     0  00:00           0           0       0.000 gal
  902                  JUNCTION      0.00     0.00     0  00:00           0           0       0.000 gal
  903                  JUNCTION      0.00     0.00     0  00:00           0           0       0.000 gal
  904                  JUNCTION      0.00     0.00     0  00:00           0           0       0.000 gal
  905                  JUNCTION      0.00     0.00     0  00:00           0           0       0.000 gal
  906                  JUNCTION      0.00     0.00     0  00:00           0           0       0.000 gal
  907                  JUNCTION      0.00     0.00     0  00:00           0           0       0.000 gal
  908                  JUNCTION      0.00     0.00     0  00:00           0           0       0.000 gal
  909                  JUNCTION      0.00     0.00     0  00:00           0           0       0.000 gal
  910                  JUNCTION      0.00     0.00     0  00:00           0           0       0.000 gal
  911                  JUNCTION      0.00     0.00     0  00:00           0           0       0.000 gal
  912                  JUNCTION      0.00     0.00     0  00:00           0           0       0.000 gal
  913                  JUNCTION      0.00     0.00     0  00:00           0           0       0.000 gal
  914                  JUNCTION      0.00     0.00     0  00:00           0           0       0.000 gal
  915                  JUNCTION      0.00     0.00     0  00:00           0           0       0.000 gal
  916                  JUNCTION      0.00     0.00     0  00:00           0           0       0.000 gal
  917                  JUNCTION      0.00     0.00     0  00:00           0           0       0.000 gal
  918                  JUNCTION      0.00     0.00     0  00:00           0           0       0.000 gal
  919                  JUNCTION      0.00     0.00     0  00:00           0           0       0.000 gal
  920                  JUNCTION      0.00     0.00     0  00:00           0           0       0.000 gal
  921                  JUNCTION      0.00     0.00     0  00:00           0           0       0.000 gal
  922                  JUNCTION      0.00     0.00     0  00:00           0           0       0.000 gal
  924                  JUNCTION      0.00     0.00     0  00:00           0           0       0.000 gal
  925                  JUNCTION      0.00     0.00     0  00:00           0           0       0.000 gal
  926                  JUNCTION      0.00     0.00     0  00:00           0           0       0.000 gal
  927                  JUNCTION      0.00     0.00     0  00:00           0           0       0.000 gal
  928                  JUNCTION      0.00     0.00     0  00:00           0           0       0.000 gal
  929                  JUNCTION      0.00     0.00     0  00:00           0           0       0.000 gal
  930                  JUNCTION      0.00     0.00     0  00:00           0           0       0.000 gal
  931                  JUNCTION      0.00     0.00     0  00:00           0           0       0.000 gal
  932                  JUNCTION      0.00     0.00     0  00:00           0           0       0.000 gal
  933                  JUNCTION      0.00     0.00     0  00:00           0           0       0.000 gal
  934                  JUNCTION      0.00     0.00     0  00:00           0           0       0.000 gal
  935                  JUNCTION      0.00     0.00     0  00:00           0           0       0.000 gal
  936                  JUNCTION      0.00     0.00     0  00:00           0           0       0.000 gal
  937                  JUNCTION      0.00     0.00     0  00:00           0           0       0.000 gal
  938                  JUNCTION      0.00     0.00     0  00:00           0           0       0.000 gal
  939                  JUNCTION      0.00     0.00     0  00:00           0           0       0.000 gal
  940                  JUNCTION      0.00     0.00     0  00:00           0           0       0.000 gal
  941                  JUNCTION      0.00     0.00     0  00:00           0           0       0.000 gal
  942                  JUNCTION      0.00     0.00     0  00:00           0           0       0.000 gal
  943                  JUNCTION      0.00     0.00     0  00:00           0           0       0.000 gal
  944                  JUNCTION      0.00     0.00     0  00:00           0           0       0.000 gal
  945                  JUNCTION      0.00     0.00     0  00:00           0           0       0.000 gal
  946                  JUNCTION      0.00     0.00     0  00:00           0           0       0.000 gal
  947                  JUNCTION      0.00     0.00     0  00:00           0           0       0.000 gal
  948                  JUNCTION      0.00     0.00     0  00:00           0           0       0.000 gal
  949                  JUNCTION      0.00     0.00     0  00:00           0           0       0.000 gal
  950                  JUNCTION      0.00     0.00     0  00:00           0           0       0.000 gal
  952                  JUNCTION      0.00     0.00     0  00:00           0           0       0.000 gal
  953                  JUNCTION      0.00     0.00     0  00:00           0           0       0.000 gal
  954                  JUNCTION      0.00     0.00     0  00:00           0           0       0.000 gal
  955                  JUNCTION      0.00     0.00     0  00:00           0           0       0.000 gal
  956                  JUNCTION      0.00     0.00     0  00:00           0           0       0.000 gal
  957                  JUNCTION      0.00     0.00     0  00:00           0           0       0.000 gal
  958                  JUNCTION      0.00     0.00     0  00:00           0           0       0.000 gal
  959                  JUNCTION      0.00     0.00     0  00:00           0           0       0.000 gal
  960                  JUNCTION      0.00     0.00     0  00:00           0           0       0.000 gal
  961                  JUNCTION      0.00     0.00     0  00:00           0           0       0.000 gal
  962                  JUNCTION      0.00     0.00     0  00:00           0           0       0.000 gal
  963                  JUNCTION      0.00     0.00     0  00:00           0           0       0.000 gal
  964                  JUNCTION      0.00     0.00     0  00:00           0           0       0.000 gal
  966                  JUNCTION      0.00     0.00     0  00:00           0           0       0.000 gal
  967                  JUNCTION      0.00     0.00     0  00:00           0           0       0.000 gal
  968                  JUNCTION      0.00     0.00     0  00:00           0           0       0.000 gal
  969                  JUNCTION      0.00     0.00     0  00:00           0           0       0.000 gal
  970                  JUNCTION      0.00     0.00     0  00:00           0           0       0.000 gal
  971                  JUNCTION      0.00     0.00     0  00:00           0           0       0.000 gal
  972                  JUNCTION      0.00     0.00     0  00:00           0           0       0.000 gal
  973                  JUNCTION      0.00     0.00     0  00:00           0           0       0.000 gal
  974                  JUNCTION      0.00     0.00     0  00:00           0           0       0.000 gal
  975                  JUNCTION      0.00     0.00     0  00:00           0           0       0.000 gal
  976                  JUNCTION      0.00     0.00     0  00:00           0           0       0.000 gal
  977                  JUNCTION      0.00     0.00     0  00:00           0           0       0.000 gal
  978                  JUNCTION      0.00     0.00     0  00:00           0           0       0.000 gal
  979                  JUNCTION      0.00     0.00     0  00:00           0           0       0.000 gal
  980                  JUNCTION      0.00     0.00     0  00:00           0           0       0.000 gal
  981                  JUNCTION      0.00     0.00     0  00:00           0           0       0.000 gal
  2010                 JUNCTION      0.00     0.00     0  00:00           0           0       0.000 gal
  2013                 JUNCTION      0.00     0.00     0  00:00           0           0       0.000 gal
  2021                 JUNCTION      0.00     0.00     0  00:00           0           0       0.000 gal
  2025                 JUNCTION      0.00     0.00     0  00:00           0           0       0.000 gal
  2036                 JUNCTION      0.00     0.00     0  00:00           0           0       0.000 gal
  2038                 JUNCTION      0.00     0.00     0  00:00           0           0       0.000 gal
  2046                 JUNCTION      0.00     0.00     0  00:00           0           0       0.000 gal
  2048                 JUNCTION      0.00     0.00     0  00:00           0           0       0.000 gal
  2050                 JUNCTION      0.00     0.00     0  00:00           0           0       0.000 gal
  2052                 JUNCTION      0.00     0.27     0  03:11           0       0.133       0.000
  2053                 JUNCTION      0.00     0.00     0  00:00           0           0       0.000 gal
  2056                 JUNCTION      0.00     0.00     0  00:00           0           0       0.000 gal
  2064                 JUNCTION      0.00     0.00     0  00:00           0           0       0.000 gal
  2066                 JUNCTION      0.00     0.00     0  00:00           0           0       0.000 gal
  2067                 JUNCTION      0.00     0.00     0  00:00           0           0       0.000 gal
  2070                 JUNCTION      0.00     0.00     0  00:00           0           0       0.000 gal
  2089                 JUNCTION      0.00     0.00     0  00:00           0           0       0.000 gal
  2091                 JUNCTION      0.00     0.00     0  00:00           0           0       0.000 gal
  2093                 JUNCTION      0.00     6.51     0  01:42           0        3.95       0.000
  Node_180             JUNCTION      1.00     1.00     0  00:00       0.646       0.646       1.512
  Node_11801153        JUNCTION      0.00     1.05     0  00:40           0       0.637       0.000
  Node_176             JUNCTION      1.00     1.00     0  00:00       0.646       0.646       1.535
  Node_11791154        JUNCTION      0.00     1.00     0  00:41           0       0.636       0.000
  Node_175             JUNCTION      1.00     1.00     0  00:00       0.646       0.646       1.533
  Node_11671152        JUNCTION      0.00     1.00     0  00:41           0       0.637       0.000
  Node_170             JUNCTION      1.00     1.00     0  00:00       0.646       0.646       1.437
  Node_11331093        JUNCTION      0.00     0.76     0  00:48           0       0.413       0.000
  Node_166             JUNCTION      1.00     1.00     0  00:00       0.646       0.646       1.670
  Node_11721173        JUNCTION      0.00     0.96     0  00:48           0       0.537       0.000
  Node_165             JUNCTION      1.00     1.00     0  00:00       0.646       0.646       1.362
  Node_11731169        JUNCTION      0.00     0.00     0  00:00           0           0       0.000 gal
  Node_164             JUNCTION      1.00     1.00     0  00:00       0.646       0.646       1.112
  Node_11691140        JUNCTION      0.00     0.00     0  00:00           0           0       0.000 gal
  Node_163             JUNCTION      1.00     1.00     0  00:00       0.646       0.646       1.321
  Node_11401121        JUNCTION      0.00     0.00     0  00:00           0           0       0.000 gal
  Node_162             JUNCTION      1.00     1.00     0  00:00       0.646       0.646       1.242
  Node_11211077        JUNCTION      0.00     0.00     0  00:00           0           0       0.000 gal
  Node_161             JUNCTION      1.00     1.00     0  00:00       0.646       0.646       1.394
  Node_10771056        JUNCTION      0.00     0.62     0  00:52           0       0.383       0.000
  Node_136             JUNCTION      1.00     1.00     0  00:00       0.646       0.646       1.611
  Node_11771175        JUNCTION      0.00     1.00     0  00:45           0       0.636       0.000
  Node_135             JUNCTION      1.00     1.00     0  00:00       0.646       0.646       1.112
  Node_11751159        JUNCTION      0.00     0.00     0  00:00           0           0       0.000 gal
  Node_134             JUNCTION      1.00     1.00     0  00:00       0.646       0.646       1.626
  Node_11591139        JUNCTION      0.00     1.00     0  00:44           0       0.636       0.000
  Node_133             JUNCTION      1.00     1.00     0  00:00       0.646       0.646       1.075
  Node_11391132        JUNCTION      0.00     0.00     0  00:00           0           0       0.000 gal
  Node_132             JUNCTION      1.00     1.00     0  00:00       0.646       0.646       1.575
  Node_11321126        JUNCTION      0.00     1.09     0  00:43           0       0.636       0.000
  Node_131             JUNCTION      1.00     1.00     0  00:00       0.646       0.646       1.043
  Node_11261110        JUNCTION      0.00     0.00     0  00:00           0           0       0.000 gal
  Node_130             JUNCTION      1.00     1.00     0  00:00       0.646       0.646       1.543
  Node_11101097        JUNCTION      0.00     1.00     0  00:47           0       0.636       0.000
  Node_129             JUNCTION      1.00     1.00     0  00:00       0.646       0.646       1.520
  Node_10971080        JUNCTION      0.00     1.00     0  00:42           0       0.637       0.000
  Node_127             JUNCTION      1.00     1.00     0  00:00       0.646       0.646       0.988
  Node_10691058        JUNCTION      0.00     0.00     0  00:00           0           0       0.000 gal
  Node_126             JUNCTION      1.00     1.00     0  00:00       0.646       0.646       0.980
  Node_10581049        JUNCTION      0.00     0.00     0  00:00           0           0       0.000 gal
  Node_125             JUNCTION      1.00     1.00     0  00:00       0.646       0.646       0.914
  Node_10491034        JUNCTION      0.00     0.00     0  00:00           0           0       0.000 gal
  Node_124             JUNCTION      1.00     1.00     0  00:00       0.646       0.646       0.911
  Node_10341026        JUNCTION      0.00     0.00     0  00:00           0           0       0.000 gal
  Node_123             JUNCTION      1.00     1.00     0  00:00       0.646       0.646       0.961
  Node_10261013        JUNCTION      0.00     0.00     0  00:00           0           0       0.000 gal
  Node_122             JUNCTION      1.00     1.00     0  00:00       0.646       0.646       1.445
  Node_10131000        JUNCTION      0.00     1.02     0  00:40           0       0.637       0.000
  Node_121             JUNCTION      1.00     1.00     0  00:00       0.646       0.646       1.432
  Node_1000981         JUNCTION      0.00     1.00     0  00:39           0       0.637       0.000
  Node_101             JUNCTION      1.00     1.00     0  00:00       0.646       0.646       1.253
  Node_1012999         JUNCTION      0.00     0.00     0  00:00           0           0       0.000 gal
  Node_102             JUNCTION      1.00     1.00     0  00:00       0.646       0.646       1.458
  Node_10241012        JUNCTION      0.00     1.09     0  00:40           0       0.637       0.000
  Node_103             JUNCTION      1.00     1.00     0  00:00       0.646       0.646       1.459
  Node_10331024        JUNCTION      0.00     1.05     0  00:40           0       0.637       0.000
  Node_104             JUNCTION      1.00     1.00     0  00:00       0.646       0.646       1.485
  Node_10531033        JUNCTION      0.00     1.00     0  00:40           0       0.637       0.000
  Node_105             JUNCTION      1.00     1.00     0  00:00       0.646       0.646       1.483
  Node_10651053        JUNCTION      0.00     1.00     0  00:41           0       0.637       0.000
  Node_106             JUNCTION      1.00     1.00     0  00:00       0.646       0.646       1.358
  Node_10781065        JUNCTION      0.00     0.00     0  00:00           0           0       0.000 gal
  Node_107             JUNCTION      1.00     1.00     0  00:00       0.646       0.646       1.524
  Node_10941078        JUNCTION      0.00     1.00     0  00:42           0       0.637       0.000
  Node_108             JUNCTION      1.00     1.00     0  00:00       0.646       0.646       1.214
  Node_11121094        JUNCTION      0.00     0.00     0  00:00           0           0       0.000 gal
  Node_109             JUNCTION      1.00     1.00     0  00:00       0.646       0.646       1.224
  Node_11271112        JUNCTION      0.00     0.00     0  00:00           0           0       0.000 gal
  Node_110             JUNCTION      1.00     1.00     0  00:00       0.646       0.646       1.221
  Node_11381127        JUNCTION      0.00     0.00     0  00:00           0           0       0.000 gal
  Node_111             JUNCTION      1.00     1.00     0  00:00       0.646       0.646       1.287
  Node_11551138        JUNCTION      0.00     0.00     0  00:00           0           0       0.000 gal
  Node_112             JUNCTION      1.00     1.00     0  00:00       0.646       0.646       1.365
  Node_11741155        JUNCTION      0.00     0.00     0  00:00           0           0       0.000 gal
  Node_113             JUNCTION      1.00     1.00     0  00:00       0.646       0.646       0.839
  Node_11781174        JUNCTION      0.00     0.00     0  00:00           0           0       0.000 gal
  HW_4_0_4_0           JUNCTION      1.00     1.00     0  00:00       0.646       0.646       1.400
  Node_11421157        JUNCTION      0.00     1.03     0  00:38           0       0.637       0.000
  HW_4_0__0            JUNCTION      1.00     1.00     0  00:00       0.646       0.646       1.388
  Node_11571158        JUNCTION      0.00     1.00     0  00:36           0       0.637       0.000
  Node_167             JUNCTION      1.00     1.00     0  00:00       0.646       0.646       1.360
  Node_11291158        JUNCTION      0.00     1.02     0  00:36           0       0.638       0.000
  Node_155             JUNCTION      1.00     1.00     0  00:00       0.646       0.646       1.280
  Node_11371128        JUNCTION      0.00     0.00     0  00:00           0           0       0.000 gal
  Node_154             JUNCTION      1.00     1.00     0  00:00       0.646       0.646       1.394
  Node_11281099        JUNCTION      0.00     0.07     0  05:28           0      0.0401       0.000
  HW_3_27_3_26         JUNCTION      1.00     1.00     0  00:00       0.646       0.646       1.018
  Node_10411072        JUNCTION      0.00     1.10     0  00:27           0        0.64       0.000
  HW_3_27_3_28         JUNCTION      1.00     1.00     0  00:00       0.646       0.646       1.027
  Node_10181041        JUNCTION      0.00     1.03     0  00:27           0        0.64       0.000
  Node_10671116        JUNCTION      0.00     1.00     0  00:27           0        0.64       0.000
  Node_11161144        JUNCTION      0.00     0.00     0  00:00           0           0       0.000 gal
  Node_1002969         JUNCTION      0.00     1.00     0  00:34           0       0.639       0.000
  Node_10171002        JUNCTION      0.00     1.01     0  00:34           0       0.638       0.000
  Node_10271017        JUNCTION      0.00     1.01     0  00:34           0       0.638       0.000
  Node_10401027        JUNCTION      0.00     1.01     0  00:35           0       0.638       0.000
  Node_10601040        JUNCTION      0.00     1.01     0  00:37           0       0.638       0.000
  Node_1011971         JUNCTION      0.00     1.00     0  00:34           0       0.638       0.000
  HW_501               JUNCTION      1.00     1.00     0  00:00       0.646       0.646       1.251
  Node_10361003        JUNCTION      0.00     1.00     0  00:36           0       0.638       0.000
  Node_1010976         JUNCTION      0.00     0.44     0  00:40           0       0.255       0.000
  Node_160             JUNCTION      1.00     1.00     0  00:00       0.646       0.646       1.387
  Node_10101028        JUNCTION      0.00     0.00     0  00:00           0           0       0.000 gal
  Node_159             JUNCTION      1.00     1.00     0  00:00       0.646       0.646       1.294
  Node_10281039        JUNCTION      0.00     1.00     0  00:35           0       0.638       0.000
  Node_158             JUNCTION      1.00     1.00     0  00:00       0.646       0.646       1.160
  Node_10391062        JUNCTION      0.00     0.00     0  00:00           0           0       0.000 gal
  Node_10451051        JUNCTION      0.00     1.00     0  00:36           0       0.638       0.000
  Node_10521045        JUNCTION      0.00     0.00     0  00:00           0           0       0.000 gal
  Node_10641052        JUNCTION      0.00     1.00     0  00:38           0       0.638       0.000
  Node_140             JUNCTION      1.00     1.00     0  00:00       0.646       0.646       1.158
  Node_10191037        JUNCTION      0.00     1.00     0  00:31           0       0.639       0.000
  Node_139             JUNCTION      1.00     1.00     0  00:00       0.646       0.646       1.057
  Node_10371057        JUNCTION      0.00     0.00     0  00:00           0           0       0.000 gal
  Node_143             JUNCTION      1.00     1.00     0  00:00       0.646       0.646       1.096
  Node_10681057        JUNCTION      0.00     0.78     0  00:36           0       0.401       0.000
  Node_144             JUNCTION      1.00     1.00     0  00:00       0.646       0.646       1.098
  Node_10741068        JUNCTION      0.00     1.00     0  00:30           0       0.639       0.000
  Node_10621081        JUNCTION      0.00     1.00     0  00:32           0       0.639       0.000
  Node_2502            JUNCTION      1.00     1.00     0  00:00       0.646       0.646       1.224
  Node_10921081        JUNCTION      0.00     1.00     0  00:33           0       0.638       0.000
  Node_10981092        JUNCTION      0.00     1.00     0  00:34           0       0.638       0.000
  Node_156             JUNCTION      1.00     1.00     0  00:00       0.646       0.646       1.404
  Node_10911098        JUNCTION      0.00     1.00     0  00:37           0       0.637       0.000
  Node_157             JUNCTION      1.00     1.00     0  00:00       0.646       0.646       1.337
  Node_10891091        JUNCTION      0.00     0.00     0  00:00           0           0       0.000 gal
  Node_151             JUNCTION      1.00     1.00     0  00:00       0.646       0.646       1.302
  Node_11021105        JUNCTION      0.00     0.00     0  00:00           0           0       0.000 gal
  Node_150             JUNCTION      1.00     1.00     0  00:00       0.646       0.646       1.290
  Node_11051111        JUNCTION      0.00     0.00     0  00:00           0           0       0.000 gal
  Node_11111108        JUNCTION      0.00     1.00     0  00:35           0       0.638       0.000
  Node_147             JUNCTION      1.00     1.00     0  00:00       0.646       0.646       1.186
  Node_11031096        JUNCTION      0.00     1.00     0  00:32           0       0.639       0.000
  Node_153             JUNCTION      1.00     1.00     0  00:00       0.646       0.646       1.119
  Node_10811096        JUNCTION      0.00     1.01     0  00:31           0       0.639       0.000
  Node_137             JUNCTION      1.00     1.00     0  00:00       0.646       0.646       1.123
  Node_10851075        JUNCTION      0.00     1.00     0  00:31           0       0.639       0.000
  Node_10751063        JUNCTION      0.00     1.02     0  00:29           0       0.639       0.000
  Node_10571063        JUNCTION      0.00     1.00     0  00:29           0        0.64       0.000
  Node_2503            JUNCTION      1.00     1.00     0  00:00       0.646       0.646       1.094
  Node_10461063        JUNCTION      0.00     1.00     0  00:30           0       0.639       0.000
  Node_10251046        JUNCTION      0.00     1.01     0  00:30           0       0.639       0.000
  Node_10611067        JUNCTION      0.00     1.01     0  00:27           0        0.64       0.000
  Node_2504            JUNCTION      1.00     1.00     0  00:00       0.646       0.646       1.111
  Node_10631090        JUNCTION      0.00     0.93     0  00:32           0       0.516       0.000
  Node_10901131        JUNCTION      0.00     0.00     0  00:00           0           0       0.000 gal
  Node_10961           JUNCTION      0.00     1.01     0  00:30           0       0.639       0.000
  HW_506               JUNCTION      1.00     1.00     0  00:00       0.646       0.646       1.274
  Node_149             JUNCTION      1.00     1.00     0  00:00       0.646       0.646       1.280
  Node_10161004        JUNCTION      0.00     1.00     0  00:35           0       0.638       0.000
  Node_10141016        JUNCTION      0.00     1.00     0  00:36           0       0.638       0.000
  Node_10381020        JUNCTION      0.00     1.00     0  00:36           0       0.638       0.000
  Node_152             JUNCTION      1.00     1.00     0  00:00       0.646       0.646       1.336
  Node_10551038        JUNCTION      0.00     1.01     0  00:37           0       0.638       0.000
  Node_10731055        JUNCTION      0.00     0.00     0  00:00           0           0       0.000 gal
  Node_10991073        JUNCTION      0.00     1.06     0  00:38           0       0.597       0.000
  Node_168             JUNCTION      1.00     1.00     0  00:00       0.646       0.646       1.466
  Node_10951048        JUNCTION      0.00     1.17     0  00:39           0       0.637       0.000
  Node_2507            JUNCTION      1.00     1.00     0  00:00       0.646       0.646       1.474
  Node_10481014        JUNCTION      0.00     1.17     0  00:39           0       0.637       0.000
  Node_2505            JUNCTION      1.00     1.00     0  00:00       0.646       0.646       1.283
  Node_10151014        JUNCTION      0.00     1.04     0  00:36           0       0.589       0.000
  Node_10351015        JUNCTION      0.00     1.05     0  00:37           0       0.637       0.000
  Node_177             JUNCTION      1.00     1.00     0  00:00       0.646       0.646       1.460
  Node_11351095        JUNCTION      0.00     1.17     0  00:39           0       0.637       0.000
  Node_178             JUNCTION      1.00     1.00     0  00:00       0.646       0.646       1.374
  Node_11811156        JUNCTION      0.00     0.00     0  00:00           0           0       0.000 gal
  Node_169             JUNCTION      1.00     1.00     0  00:00       0.646       0.646       1.452
  Node_10931095        JUNCTION      0.00     0.75     0  00:48           0       0.415       0.000
  HW_3_15_3_14         JUNCTION      1.00     1.00     0  00:00       0.646       0.646       1.011
  Node_11491117        JUNCTION      0.00     1.00     0  00:25           0        0.64       0.000
  HW_5_33_5_32         JUNCTION      1.00     1.00     0  00:00       0.646       0.646       0.908
  Node_11041070        JUNCTION      0.00     1.04     0  00:24           0       0.581       0.000
  HW_5_32_5_31         JUNCTION      1.00     1.00     0  00:00       0.646       0.646       0.940
  Node_10701030        JUNCTION      0.00     0.79     0  00:28           0       0.444       0.000
  HW_5_31_5_30         JUNCTION      1.00     1.00     0  00:00       0.646       0.646       0.849
  Node_10301008        JUNCTION      0.00     0.88     0  00:25           0       0.481       0.000
  HW__30_5_25          JUNCTION      1.00     1.00     0  00:00       0.646       0.646       0.821
  Node_1008987         JUNCTION      0.00     0.75     0  00:27           0       0.394       0.000
  HW_3_17_3_16         JUNCTION      1.00     1.00     0  00:00       0.646       0.646       1.043
  Node_11481115        JUNCTION      0.00     1.00     0  00:26           0        0.64       0.000
  HW_5_40_5_39         JUNCTION      1.00     1.00     0  00:00       0.646       0.646       0.936
  Node_10881054        JUNCTION      0.00     0.88     0  00:27           0       0.488       0.000
  HW_5_39_5_38         JUNCTION      1.00     1.00     0  00:00       0.646       0.646       0.912
  Node_10541023        JUNCTION      0.00     1.05     0  00:24           0        0.64       0.000
  HW_5_38_5_37         JUNCTION      1.00     1.00     0  00:00       0.646       0.646       0.859
  Node_10231001        JUNCTION      0.00     0.82     0  00:27           0       0.443       0.000
  HW__37_5_34          JUNCTION      1.00     1.00     0  00:00       0.646       0.646       0.805
  Node_1001986         JUNCTION      0.00     0.80     0  00:27           0       0.394       0.000
  HW_3_19_3_18         JUNCTION      1.00     1.00     0  00:00       0.646       0.646       0.981
  Node_11471114        JUNCTION      0.00     1.00     0  00:25           0        0.64       0.000
  HW_5_47_5_46         JUNCTION      1.00     1.00     0  00:00       0.646       0.646       0.948
  Node_10861047        JUNCTION      0.00     0.77     0  00:30           0       0.425       0.000
  HW_5_46_5_45         JUNCTION      1.00     1.00     0  00:00       0.646       0.646       0.911
  Node_10471022        JUNCTION      0.00     0.85     0  00:27           0       0.471       0.000
  HW_5_45_5_44         JUNCTION      1.00     1.00     0  00:00       0.646       0.646       0.849
  Node_10221006        JUNCTION      0.00     0.88     0  00:26           0       0.469       0.000
  HW__44_5_41          JUNCTION      1.00     1.00     0  00:00       0.646       0.646       0.848
  Node_1006985         JUNCTION      0.00     0.88     0  00:26           0       0.469       0.000
  Node_11701136        JUNCTION      0.00     0.00     0  00:00           0           0       0.000 gal
  Node_11361113        JUNCTION      0.00     1.02     0  00:23           0       0.641       0.000
  Node_50              JUNCTION      1.00     1.00     0  00:00       0.646       0.646       0.992
  Node_10841050        JUNCTION      0.00     0.04     0  06:35           0       0.021       0.000
  Node_10501021        JUNCTION      0.00     1.06     0  00:25           0       0.619       0.000
  HW__49_5_48          JUNCTION      1.00     1.00     0  00:00       0.646       0.646       0.942
  Node_1021983         JUNCTION      0.00     0.97     0  00:26           0       0.542       0.000
  HW_3_23_3_22         JUNCTION      1.00     1.00     0  00:00       0.646       0.646       1.035
  Node_11451101        JUNCTION      0.00     0.84     0  00:30           0       0.473       0.000
  Node_11461166        JUNCTION      0.00     1.01     0  00:25           0        0.64       0.000
  Node_11221146        JUNCTION      0.00     0.36     0  00:49           0       0.232       0.000
  Node_11221072        JUNCTION      0.00     0.64     0  00:33           0       0.408       0.000
  HW_3_14_3_16         JUNCTION      1.00     1.00     0  00:00       0.646       0.646       0.918
  Node_11151117        JUNCTION      0.00     1.07     0  00:23           0        0.64       0.000
  HW_3_16_3_18         JUNCTION      1.00     1.00     0  00:00       0.646       0.646       0.934
  Node_11141115        JUNCTION      0.00     1.07     0  00:24           0        0.64       0.000
  HW_3_18_3_20         JUNCTION      1.00     1.00     0  00:00       0.646       0.646       0.954
  Node_11131114        JUNCTION      0.00     1.09     0  00:25           0        0.64       0.000
  HW_3_20_3_21         JUNCTION      1.00     1.00     0  00:00       0.646       0.646       0.885
  Node_11091113        JUNCTION      0.00     1.02     0  00:24           0       0.641       0.000
  HW_3_21_3_22         JUNCTION      1.00     1.00     0  00:00       0.646       0.646       0.933
  Node_11011109        JUNCTION      0.00     0.98     0  00:26           0       0.542       0.000
  HW_3_22_3_24         JUNCTION      1.00     1.00     0  00:00       0.646       0.646       0.908
  Node_10871101        JUNCTION      0.00     0.84     0  00:29           0       0.447       0.000
  HW_3_24_3_25         JUNCTION      1.00     1.00     0  00:00       0.646       0.646       0.920
  Node_10791087        JUNCTION      0.00     0.78     0  00:30           0       0.407       0.000
  HW_3_25_3_26         JUNCTION      1.00     1.00     0  00:00       0.646       0.646       0.925
  Node_10721079        JUNCTION      0.00     1.00     0  00:25           0        0.64       0.000
  HW__0__0             JUNCTION      1.00     1.00     0  00:00       0.646       0.646       1.009
  Node_11681170        JUNCTION      0.00     1.15     0  00:26           0        0.64       0.000
  Node_95              JUNCTION      1.00     1.00     0  00:00       0.646       0.646       1.071
  Node_2270288         JUNCTION      0.00     1.22     0  00:28           0       0.639       0.000
  Node_145             JUNCTION      1.00     1.00     0  00:00       0.646       0.646       1.115
  Node_11301143        JUNCTION      0.00     0.00     0  00:00           0           0       0.000 gal
  Node_11431161        JUNCTION      0.00     1.09     0  00:30           0       0.639       0.000
  Node_10511062        JUNCTION      0.00     1.01     0  00:33           0       0.638       0.000
  Node_11561135        JUNCTION      0.00     1.00     0  00:38           0       0.638       0.000
  Node_11311162        JUNCTION      0.00     1.00     0  00:28           0        0.64       0.000
  Node_11441164        JUNCTION      0.00     1.01     0  00:25           0        0.64       0.000
  Node_10291067        JUNCTION      0.00     0.00     0  00:00           0           0       0.000 gal
  HW__0_5_0            JUNCTION      1.00     1.05     0  00:33       0.646       0.646       1.243
  Node_11342246        JUNCTION      0.00     1.22     0  00:21           0       0.638       0.000
  HW_3_5_3_0           JUNCTION      1.00     1.00     0  00:00       0.646       0.646       0.816
  Node_11201119        JUNCTION      0.00     1.01     0  00:21           0       0.641       0.000
  HW_3_5_3_9           JUNCTION      1.00     1.00     0  00:00       0.646       0.646       0.870
  Node_11411120        JUNCTION      0.00     1.05     0  00:23           0       0.594       0.000
  HW_3_11__12          JUNCTION      1.00     1.00     0  00:00       0.646       0.646       0.993
  Node_11631118        JUNCTION      0.00     1.00     0  00:25           0        0.64       0.000
  HW_5_5_5_6           JUNCTION      1.00     1.00     0  00:00       0.646       0.646       1.316
  Node_10091031        JUNCTION      0.00     1.15     0  00:36           0       0.638       0.000
  HW_5_3_5_4           JUNCTION      1.00     1.08     0  00:30       0.646       0.646       1.128
  Node_10591044        JUNCTION      0.00     1.27     0  00:21           0       0.639       0.000
  HW_5_4_5_5           JUNCTION      1.00     1.32     0  00:29       0.646       0.646       1.008
  Node_10311044        JUNCTION      0.00     1.45     0  00:31           0        0.64       0.000
  HW_5_2_5_3           JUNCTION      1.00     1.00     0  00:25       0.646       0.646       0.935
  Node_10591066        JUNCTION      0.00     1.51     0  00:25           0        0.64       0.000
  HW_5_0_5_1           JUNCTION      1.00     1.04     0  00:36       0.646       0.646       1.277
  Node_10761124        JUNCTION      0.00     1.41     0  00:37           0       0.638       0.000
  HW_3_1_3_2           JUNCTION      1.00     1.00     0  00:00       0.646       0.646       0.911
  Node_10431082        JUNCTION      0.00     0.76     0  00:28           0       0.423       0.000
  HW_3_2_3_3           JUNCTION      1.00     1.00     0  00:00       0.646       0.646       0.934
  Node_10071043        JUNCTION      0.00     0.89     0  00:26           0       0.496       0.000
  HW_3_6_3_5           JUNCTION      1.00     1.00     0  00:00       0.646       0.646       0.836
  Node_10831120        JUNCTION      0.00     0.98     0  00:24           0       0.541       0.000
  HW_3_8_3_7           JUNCTION      1.00     1.00     0  00:00       0.646       0.646       0.943
  Node_10051042        JUNCTION      0.00     0.77     0  00:29           0       0.432       0.000
  HW_3_7_3_6           JUNCTION      1.00     1.00     0  00:00       0.646       0.646       0.926
  Node_10421083        JUNCTION      0.00     0.87     0  00:27           0       0.482       0.000
  HW_3_9_3_0           JUNCTION      1.00     1.00     0  00:00       0.646       0.646       0.808
  Node_11501141        JUNCTION      0.00     1.00     0  00:22           0       0.641       0.000
  HW_3_5_3_11          JUNCTION      1.00     1.00     0  00:00       0.646       0.646       0.871
  Node_11181120        JUNCTION      0.00     1.03     0  00:22           0       0.641       0.000
  HW_5_0_5_0           JUNCTION      1.00     1.25     0  00:28       0.646       0.646       1.071
  Node_11241134        JUNCTION      0.00     2.00     0  00:29           0       0.639       0.000
  Node_171             JUNCTION      1.00     1.00     0  00:00       0.646       0.646       1.448
  Node_11531133        JUNCTION      0.00     0.77     0  00:48           0       0.424       0.000
  Node_173             JUNCTION      1.00     1.00     0  00:00       0.646       0.646       1.522
  Node_11541153        JUNCTION      0.00     0.90     0  00:44           0       0.508       0.000
  Node_174             JUNCTION      1.00     1.00     0  00:00       0.646       0.646       1.440
  Node_11521154        JUNCTION      0.00     1.00     0  00:39           0       0.637       0.000
  Node_148             JUNCTION      1.00     1.00     0  00:00       0.646       0.646       1.241
  Node_11081103        JUNCTION      0.00     1.00     0  00:34           0       0.638       0.000
  HW__0_3_0            JUNCTION      1.00     1.00     0  00:00       0.646       0.646       1.269
  Node_11061160        JUNCTION      0.00     1.01     0  00:34           0       0.638       0.000
  HW__18_5_24          JUNCTION      1.00     1.00     0  00:00       0.646       0.646       1.213
  Node_1107990         JUNCTION      0.00     0.83     0  00:30           0       0.479       0.000
  HW_5_1_5_2           JUNCTION      1.00     1.43     0  00:28       0.646       0.646       1.023
  Node_10661076        JUNCTION      0.00     1.25     0  00:29           0        0.64       0.000
  HW_3_11_3_14         JUNCTION      1.00     1.00     0  00:00       0.646       0.646       0.906
  Node_11171118        JUNCTION      0.00     1.05     0  00:23           0        0.64       0.000
  Node_172             JUNCTION      1.00     1.00     0  00:00       0.646       0.646       1.507
  Node_11531156        JUNCTION      0.00     1.17     0  00:40           0       0.637       0.000
  Node_128             JUNCTION      1.00     1.00     0  00:00       0.646       0.646       1.500
  Node_10801069        JUNCTION      0.00     1.00     0  00:41           0       0.637       0.000
  Node_10561035        JUNCTION      0.00     0.00     0  00:00           0           0       0.000 gal
  Node_1952            JUNCTION      1.00     1.00     0  00:00       0.646       0.646       3.747
  Node_10321071        JUNCTION      0.00     1.52     0  01:42           0       0.623       0.000
  Node_1953            JUNCTION      1.00     1.00     0  00:00       0.646       0.646       3.395
  Node_10711125        JUNCTION      0.00     1.55     0  01:36           0       0.625       0.000
  Node_1954            JUNCTION      1.00     1.58     0  00:15       0.646       0.647       1.978
  Node_11252250        JUNCTION      0.00     9.70     0  00:09           0       0.634       0.000
  Node_1996            JUNCTION      1.00     1.00     0  00:00       0.646       0.646       1.267
  Node_10201016        JUNCTION      0.00     1.08     0  00:35           0       0.238       0.000
  Node_1997            JUNCTION      1.00     1.00     0  00:00       0.646       0.646       1.342
  Node_11761157        JUNCTION      0.00     0.02     0  19:24           0      0.0105       0.000
  Node_1998            JUNCTION      1.00     1.00     0  00:00       0.646       0.646       1.284
  Node_11581160        JUNCTION      0.00     1.00     0  00:34           0       0.638       0.000
  Node_1999            JUNCTION      1.00     1.00     0  00:00       0.646       0.646       1.191
  Node_11601161        JUNCTION      0.00     1.00     0  00:31           0       0.639       0.000
  Node_2000            JUNCTION      1.00     1.00     0  00:00       0.646       0.646       1.102
  Node_11611162        JUNCTION      0.00     1.00     0  00:29           0       0.639       0.000
  Node_2001            JUNCTION      1.00     1.00     0  00:00       0.646       0.646       1.020
  Node_11621164        JUNCTION      0.00     1.00     0  00:27           0        0.64       0.000
  Node_2009            JUNCTION      1.00     1.00     0  00:00       0.646       0.646       1.019
  Node_11661168        JUNCTION      0.00     1.10     0  00:26           0        0.64       0.000
  Node_2012            JUNCTION      1.00     1.00     0  00:00       0.646       0.646       0.730
  Node_22101124        JUNCTION      0.00     1.20     0  00:19           0       0.642       0.000
  Node_2014            JUNCTION      1.00     1.94     0  00:38       0.646       0.649       0.772
  Node_11712213        JUNCTION      0.00    16.58     0  00:09           0       0.644       0.000
  Node_2022            JUNCTION      1.00     1.00     0  00:00       0.646       0.646       1.045
  Node_22211170        JUNCTION      0.00     1.00     0  00:27           0        0.64       0.000
  Node_2026            JUNCTION      1.00     1.00     0  00:00       0.646       0.646       0.959
  Node_22251168        JUNCTION      0.00     1.02     0  00:26           0        0.64       0.000
  Node_2031            JUNCTION      1.00     1.00     0  00:00       0.646       0.646       1.032
  Node_11641166        JUNCTION      0.00     1.10     0  00:27           0        0.64       0.000
  Node_2037            JUNCTION      1.00     1.00     0  00:00       0.646       0.646       1.068
  Node_22361162        JUNCTION      0.00     1.06     0  00:28           0       0.639       0.000
  Node_2039            JUNCTION      1.00     1.00     0  00:00       0.646       0.646       1.097
  Node_22382236        JUNCTION      0.00     1.08     0  00:29           0       0.639       0.000
  Node_2044            JUNCTION      1.00     1.58     0  00:20       0.646       0.646       0.720
  Node_11191124        JUNCTION      0.00     1.72     0  00:20           0       0.642       0.000
  Node_2045            JUNCTION      1.00     1.00     0  00:00       0.646       0.646       0.838
  Node_10822210        JUNCTION      0.00     1.06     0  00:22           0       0.593       0.000
  Node_2047            JUNCTION      1.00     1.07     0  00:32       0.646       0.646       1.213
  Node_22462248        JUNCTION      0.00     1.68     0  00:33           0       0.639       0.000
  Node_2049            JUNCTION      1.00    20.02     0  00:09       0.646       0.649      -1.856
  Node_22481171        JUNCTION      0.00    39.34     0  00:09           0       0.662       0.000
  Node_2051            JUNCTION      1.00    32.94     0  00:09       0.646       0.649     -12.499
  Node_22501171        JUNCTION      0.00   182.08     0  00:09           0       0.741       0.000
  Node_2054            JUNCTION      1.00     1.00     0  00:00       0.646       0.646       0.955
  Node_22522253        JUNCTION      0.00     1.29     0  00:25           0        0.64       0.000
  Node_55              JUNCTION      1.00     2.67     0  00:20       0.646       0.647       0.774
  Node_2253994         JUNCTION      0.00     2.80     0  00:09           0       0.642       0.000
  Node_2057            JUNCTION      1.00     1.48     0  00:22       0.646       0.646       0.793
  Node_22532256        JUNCTION      0.00     1.57     0  00:22           0       0.641       0.000
  Node_2065            JUNCTION      1.00     1.00     0  00:00       0.646       0.646       1.149
  Node_22642221        JUNCTION      0.00     1.00     0  00:30           0       0.639       0.000
  Node_2068            JUNCTION      1.00     1.00     0  00:00       0.646       0.646       0.975
  Node_22672266        JUNCTION      0.00     1.00     0  00:26           0        0.64       0.000
  Node_2069            JUNCTION      1.00     1.00     0  00:00       0.646       0.646       0.958
  Node_22662225        JUNCTION      0.00     1.00     0  00:26           0        0.64       0.000
  Node_87              JUNCTION      1.00     1.00     0  00:00       0.646       0.646       0.951
  Node_2270302         JUNCTION      0.00     1.06     0  00:13           0        0.64       0.000
  Node_2092            JUNCTION      1.00     2.14     0  00:20       0.646       0.646       0.737
  Node_22932291        JUNCTION      0.00     2.09     0  00:21           0       0.642       0.000
  809                  OUTFALL       0.00     6.02     1  00:00           0        3.71       0.000
  
  
  **********************
  Node Surcharge Summary
  **********************
  
  Surcharging occurs when water rises above the top of the highest conduit.
  ---------------------------------------------------------------------
                                               Max. Height   Min. Depth
                                   Hours       Above Crown    Below Rim
  Node                 Type      Surcharged           Feet         Feet
  ---------------------------------------------------------------------
  7                    JUNCTION       23.31          0.000        0.000
  9                    JUNCTION       23.70          0.000        0.000
  13                   JUNCTION       21.51          0.000        0.000
  44                   JUNCTION       21.77          0.000        0.000
  45                   JUNCTION       21.78          0.000        0.000
  51                   JUNCTION       21.85          0.000        0.000
  52                   JUNCTION       20.89          0.000        0.000
  58                   JUNCTION       21.55          0.000        0.000
  62                   JUNCTION       21.82          0.000        0.000
  64                   JUNCTION       22.95          0.000        0.000
  66                   JUNCTION       22.74          0.000        0.000
  69                   JUNCTION       23.23          0.000        0.000
  71                   JUNCTION       22.74          0.000        0.000
  75                   JUNCTION       22.69          0.000        0.000
  76                   JUNCTION       22.65          0.000        0.000
  80                   JUNCTION       22.57          0.000        0.000
  85                   JUNCTION       21.02          0.000        0.000
  90                   JUNCTION       22.58          0.000        0.000
  94                   JUNCTION       21.15          0.000        0.000
  100                  JUNCTION       23.76          0.000        0.000
  101                  JUNCTION       21.72          0.000        0.000
  102                  JUNCTION       23.75          0.000        0.000
  106                  JUNCTION       22.66          0.000        0.000
  107                  JUNCTION       22.36          0.000        0.000
  120                  JUNCTION       23.71          0.000        0.000
  123                  JUNCTION       22.95          0.000        0.000
  125                  JUNCTION       23.67          0.000        0.000
  126                  JUNCTION       23.69          0.000        0.000
  129                  JUNCTION       23.35          0.000        0.000
  130                  JUNCTION       23.72          0.000        0.000
  132                  JUNCTION       23.54          0.000        0.000
  135                  JUNCTION       23.47          0.000        0.000
  138                  JUNCTION       23.18          0.000        0.000
  139                  JUNCTION       23.69          0.000        0.000
  142                  JUNCTION       23.34          0.000        0.000
  145                  JUNCTION       23.63          0.000        0.000
  146                  JUNCTION       23.74          0.000        0.000
  147                  JUNCTION       23.75          0.000        0.000
  149                  JUNCTION       22.94          0.000        0.000
  151                  JUNCTION       23.47          0.000        0.000
  152                  JUNCTION       23.67          0.000        0.000
  157                  JUNCTION       23.68          0.000        0.000
  159                  JUNCTION       22.04          0.000        0.000
  165                  JUNCTION       23.76          0.000        0.000
  166                  JUNCTION        0.05          0.000        0.000
  169                  JUNCTION       22.03          0.000        0.000
  171                  JUNCTION       22.17          0.000        0.000
  183                  JUNCTION       23.51          0.000        0.000
  184                  JUNCTION       23.70          0.000        0.000
  186                  JUNCTION       22.21          0.000        0.000
  187                  JUNCTION       21.32          0.000        0.000
  194                  JUNCTION       22.10          0.000        0.000
  199                  JUNCTION       20.64          0.000        0.000
  200                  JUNCTION       23.22          0.000        0.000
  201                  JUNCTION       23.12          0.000        0.000
  202                  JUNCTION       23.11          0.000        0.000
  205                  JUNCTION       23.71          0.000        0.000
  206                  JUNCTION       23.64          0.000        0.000
  207                  JUNCTION       23.74          0.000        0.000
  208                  JUNCTION       22.01          0.000        0.000
  211                  JUNCTION       22.00          0.000        0.000
  212                  JUNCTION       23.50          0.000        0.000
  215                  JUNCTION       22.47          0.000        0.000
  216                  JUNCTION       22.40          0.000        0.000
  220                  JUNCTION       21.99          0.000        0.000
  222                  JUNCTION       22.40          0.000        0.000
  223                  JUNCTION       22.39          0.000        0.000
  225                  JUNCTION       21.47          0.000        0.000
  228                  JUNCTION       23.76          0.000        0.000
  230                  JUNCTION       23.74          0.000        0.000
  231                  JUNCTION       23.49          0.000        0.000
  234                  JUNCTION       23.71          0.000        0.000
  235                  JUNCTION       23.74          0.000        0.000
  238                  JUNCTION       23.74          0.000        0.000
  239                  JUNCTION       23.44          0.000        0.000
  246                  JUNCTION       23.75          0.000        0.000
  247                  JUNCTION       23.24          0.000        0.000
  248                  JUNCTION       22.23          0.000        0.000
  249                  JUNCTION       23.34          0.000        0.000
  253                  JUNCTION       23.43          0.000        0.000
  254                  JUNCTION       23.75          0.000        0.000
  257                  JUNCTION       23.76          0.000        0.000
  258                  JUNCTION       21.27          0.000        0.000
  259                  JUNCTION       23.77          0.000        0.000
  262                  JUNCTION       23.74          0.000        0.000
  263                  JUNCTION       23.75          0.000        0.000
  264                  JUNCTION       23.74          0.000        0.000
  265                  JUNCTION       23.76          0.000        0.000
  270                  JUNCTION       23.53          0.000        0.000
  273                  JUNCTION       23.45          0.000        0.000
  276                  JUNCTION       23.29          0.000        0.000
  278                  JUNCTION       23.49          0.000        0.000
  286                  JUNCTION       23.23          0.000        0.000
  287                  JUNCTION       23.73          0.000        0.000
  292                  JUNCTION       22.93          0.000        0.000
  293                  JUNCTION       23.14          0.000        0.000
  304                  JUNCTION       21.16          0.000        0.000
  310                  JUNCTION       23.77          0.000        0.000
  311                  JUNCTION       23.17          0.000        0.000
  314                  JUNCTION       23.02          0.000        0.000
  315                  JUNCTION       23.78          0.000        0.000
  317                  JUNCTION       21.78          0.000        0.000
  318                  JUNCTION       23.22          0.000        0.000
  319                  JUNCTION       23.15          0.000        0.000
  325                  JUNCTION       23.74          0.000        0.000
  332                  JUNCTION       23.44          0.000        0.000
  337                  JUNCTION       23.20          0.000        0.000
  340                  JUNCTION       22.66          0.000        0.000
  342                  JUNCTION       22.91          0.000        0.000
  347                  JUNCTION       23.37          0.000        0.000
  349                  JUNCTION       22.75          0.000        0.000
  353                  JUNCTION       22.57          0.000        0.000
  357                  JUNCTION       23.05          0.000        0.000
  358                  JUNCTION       23.72          0.000        0.000
  367                  JUNCTION       22.90          0.000        0.000
  375                  JUNCTION       23.77          0.000        0.000
  378                  JUNCTION       22.66          0.000        0.000
  383                  JUNCTION       22.67          0.000        0.000
  384                  JUNCTION       22.42          0.000        0.000
  385                  JUNCTION       23.45          0.000        0.000
  391                  JUNCTION       23.15          0.000        0.000
  392                  JUNCTION       22.75          0.000        0.000
  397                  JUNCTION       21.66          0.000        0.000
  399                  JUNCTION       21.57          0.000        0.000
  402                  JUNCTION       23.75          0.000        0.000
  403                  JUNCTION       23.15          0.000        0.000
  406                  JUNCTION       23.61          0.000        0.000
  416                  JUNCTION       23.72          0.000        0.000
  419                  JUNCTION       23.70          0.000        0.000
  421                  JUNCTION       23.31          0.000        0.000
  422                  JUNCTION       23.52          0.000        0.000
  428                  JUNCTION       23.71          0.000        0.000
  429                  JUNCTION       23.43          0.000        0.000
  430                  JUNCTION       23.44          0.000        0.000
  432                  JUNCTION       23.27          0.000        0.000
  434                  JUNCTION       22.77          0.000        0.000
  435                  JUNCTION       22.77          0.000        0.000
  440                  JUNCTION       23.53          0.000        0.000
  445                  JUNCTION       23.74          0.000        0.000
  446                  JUNCTION       23.53          0.000        0.000
  447                  JUNCTION       23.29          0.000        0.000
  449                  JUNCTION       22.06          0.000        0.000
  454                  JUNCTION       18.14          0.000        0.000
  457                  JUNCTION       18.10          0.000        0.000
  458                  JUNCTION       18.12          0.000        0.000
  460                  JUNCTION       23.01          0.000        0.000
  464                  JUNCTION       22.13          0.000        0.000
  477                  JUNCTION       22.83          0.000        0.000
  478                  JUNCTION       23.77          0.000        0.000
  480                  JUNCTION       23.55          0.000        0.000
  481                  JUNCTION       23.31          0.000        0.000
  482                  JUNCTION       17.28          0.000        0.000
  489                  JUNCTION       23.74          0.000        0.000
  490                  JUNCTION       23.69          0.000        0.000
  491                  JUNCTION       23.71          0.000        0.000
  494                  JUNCTION       23.77          0.000        0.000
  495                  JUNCTION       23.77          0.000        0.000
  506                  JUNCTION       23.14          0.000        0.000
  509                  JUNCTION       23.42          0.000        0.000
  513                  JUNCTION        0.55          0.000        0.000
  515                  JUNCTION       23.73          0.000        0.000
  518                  JUNCTION       23.52          0.000        0.000
  521                  JUNCTION       22.77          0.000        0.000
  524                  JUNCTION       18.32          0.000        0.000
  527                  JUNCTION       23.75          0.000        0.000
  529                  JUNCTION       23.77          0.000        0.000
  535                  JUNCTION       22.61          0.000        0.000
  538                  JUNCTION       23.40          0.000        0.000
  539                  JUNCTION       23.79          0.000        0.000
  542                  JUNCTION       23.10          0.000        0.000
  544                  JUNCTION       23.16          0.000        0.000
  545                  JUNCTION       23.12          0.000        0.000
  546                  JUNCTION       22.29          0.000        0.000
  547                  JUNCTION       23.75          0.000        0.000
  548                  JUNCTION       23.76          0.000        0.000
  553                  JUNCTION       18.38          0.000        0.000
  556                  JUNCTION       23.41          0.000        0.000
  560                  JUNCTION       23.50          0.000        0.000
  561                  JUNCTION       23.31          0.000        0.000
  563                  JUNCTION       22.68          0.000        0.000
  565                  JUNCTION       20.69          0.000        0.000
  569                  JUNCTION       23.46          0.000        0.000
  570                  JUNCTION       22.10          0.000        0.000
  575                  JUNCTION       23.51          0.000        0.000
  584                  JUNCTION       23.74          0.000        0.000
  586                  JUNCTION       22.67          0.000        0.000
  591                  JUNCTION       21.48          0.000        0.000
  592                  JUNCTION       21.97          0.000        0.000
  597                  JUNCTION       20.89          0.000        0.000
  599                  JUNCTION       23.74          0.000        0.000
  601                  JUNCTION       22.21          0.000        0.000
  602                  JUNCTION       22.19          0.000        0.000
  605                  JUNCTION       23.77          0.000        0.000
  607                  JUNCTION       23.78          0.000        0.000
  609                  JUNCTION       23.75          0.000        0.000
  610                  JUNCTION       22.99          0.000        0.000
  615                  JUNCTION       22.09          0.000        0.000
  619                  JUNCTION       23.73          0.000        0.000
  620                  JUNCTION       22.74          0.000        0.000
  621                  JUNCTION       23.53          0.000        0.000
  628                  JUNCTION       22.34          0.000        0.000
  630                  JUNCTION       23.11          0.000        0.000
  631                  JUNCTION       22.52          0.000        0.000
  633                  JUNCTION       23.20          0.000        0.000
  642                  JUNCTION       23.56          0.000        0.000
  656                  JUNCTION       23.75          0.000        0.000
  658                  JUNCTION       23.75          0.000        0.000
  662                  JUNCTION       23.75          0.000        0.000
  664                  JUNCTION       23.77          0.000        0.000
  666                  JUNCTION       23.49          0.000        0.000
  671                  JUNCTION       23.75          0.000        0.000
  675                  JUNCTION       23.79          0.000        0.000
  677                  JUNCTION       23.79          0.000        0.000
  682                  JUNCTION       23.38          0.000        0.000
  683                  JUNCTION       23.50          0.000        0.000
  684                  JUNCTION       23.78          0.000        0.000
  685                  JUNCTION       23.72          0.000        0.000
  691                  JUNCTION       23.21          0.000        0.000
  692                  JUNCTION       23.79          0.000        0.000
  694                  JUNCTION       23.22          0.000        0.000
  697                  JUNCTION       23.55          0.000        0.000
  703                  JUNCTION       23.73          0.000        0.000
  711                  JUNCTION       23.75          0.000        0.000
  712                  JUNCTION       18.73          0.000        0.000
  713                  JUNCTION       23.05          0.000        0.000
  716                  JUNCTION       23.20          0.000        0.000
  717                  JUNCTION       23.73          0.000        0.000
  721                  JUNCTION       23.43          0.000        0.000
  722                  JUNCTION       23.40          0.000        0.000
  729                  JUNCTION        0.09          0.000        0.000
  735                  JUNCTION       22.89          0.000        0.000
  740                  JUNCTION       23.33          0.000        0.000
  741                  JUNCTION       19.59          0.000        0.000
  747                  JUNCTION       23.52          0.000        0.000
  748                  JUNCTION       23.46          0.000        0.000
  749                  JUNCTION       23.48          0.000        0.000
  754                  JUNCTION       23.81          0.000        0.000
  763                  JUNCTION       23.78          0.000        0.000
  769                  JUNCTION       23.65          0.000        0.000
  772                  JUNCTION       23.46          0.000        0.000
  773                  JUNCTION       23.12          0.000        0.000
  774                  JUNCTION       23.73          0.000        0.000
  780                  JUNCTION       23.24          0.000        0.000
  782                  JUNCTION       22.90          0.000        0.000
  783                  JUNCTION       22.97          0.000        0.000
  785                  JUNCTION       23.01          0.000        0.000
  787                  JUNCTION       23.02          0.000        0.000
  789                  JUNCTION       22.78          0.000        0.000
  791                  JUNCTION       22.80          0.000        0.000
  792                  JUNCTION       23.73          0.000        0.000
  794                  JUNCTION       22.15          0.000        0.000
  798                  JUNCTION       23.51          0.000        0.000
  800                  JUNCTION       24.00          0.000        0.000
  801                  JUNCTION       24.00          0.000        0.000
  802                  JUNCTION       24.00          0.000        0.000
  803                  JUNCTION       24.00          0.000        0.000
  804                  JUNCTION       24.00          0.000        0.000
  805                  JUNCTION       24.00          0.000        0.000
  806                  JUNCTION       24.00          0.000        0.000
  807                  JUNCTION       24.00          0.000        0.000
  808                  JUNCTION       24.00          0.000        0.000
  810                  JUNCTION       24.00          0.000        0.000
  811                  JUNCTION       24.00          0.000        0.000
  812                  JUNCTION       24.00          0.000        0.000
  813                  JUNCTION       24.00          0.000        0.000
  814                  JUNCTION       23.36          0.000        0.000
  815                  JUNCTION       24.00          0.000        0.000
  816                  JUNCTION       24.00          0.000        0.000
  817                  JUNCTION       24.00          0.000        0.000
  818                  JUNCTION       23.52          0.000        0.000
  819                  JUNCTION       23.42          0.000        0.000
  820                  JUNCTION       24.00          0.000        0.000
  821                  JUNCTION       24.00          0.000        0.000
  822                  JUNCTION       24.00          0.000        0.000
  823                  JUNCTION       24.00          0.000        0.000
  824                  JUNCTION       24.00          0.000        0.000
  825                  JUNCTION       23.44          0.000        0.000
  826                  JUNCTION       24.00          0.000        0.000
  827                  JUNCTION       24.00          0.000        0.000
  828                  JUNCTION       24.00          0.000        0.000
  829                  JUNCTION       23.51          0.000        0.000
  830                  JUNCTION       24.00          0.000        0.000
  831                  JUNCTION       24.00          0.000        0.000
  833                  JUNCTION       24.00          0.000        0.000
  834                  JUNCTION       24.00          0.000        0.000
  835                  JUNCTION       24.00          0.000        0.000
  836                  JUNCTION       24.00          0.000        0.000
  837                  JUNCTION       24.00          0.000        0.000
  838                  JUNCTION       24.00          0.000        0.000
  839                  JUNCTION       24.00          0.000        0.000
  840                  JUNCTION       24.00          0.000        0.000
  841                  JUNCTION       24.00          0.000        0.000
  842                  JUNCTION       24.00          0.000        0.000
  843                  JUNCTION       24.00          0.000        0.000
  844                  JUNCTION       24.00          0.000        0.000
  845                  JUNCTION       24.00          0.000        0.000
  846                  JUNCTION       24.00          0.000        0.000
  847                  JUNCTION       24.00          0.000        0.000
  848                  JUNCTION       24.00          0.000        0.000
  849                  JUNCTION       24.00          0.000        0.000
  850                  JUNCTION       24.00          0.000        0.000
  851                  JUNCTION       24.00          0.000        0.000
  852                  JUNCTION       24.00          0.000        0.000
  853                  JUNCTION       24.00          0.000        0.000
  854                  JUNCTION       24.00          0.000        0.000
  855                  JUNCTION       24.00          0.000        0.000
  856                  JUNCTION       24.00          0.000        0.000
  857                  JUNCTION       24.00          0.000        0.000
  858                  JUNCTION       24.00          0.000        0.000
  859                  JUNCTION       24.00          0.000        0.000
  860                  JUNCTION       24.00          0.000        0.000
  861                  JUNCTION       24.00          0.000        0.000
  862                  JUNCTION       24.00          0.000        0.000
  863                  JUNCTION       24.00          0.000        0.000
  864                  JUNCTION       24.00          0.000        0.000
  865                  JUNCTION       24.00          0.000        0.000
  866                  JUNCTION       24.00          0.000        0.000
  867                  JUNCTION       24.00          0.000        0.000
  868                  JUNCTION       24.00          0.000        0.000
  869                  JUNCTION       24.00          0.000        0.000
  870                  JUNCTION       24.00          0.000        0.000
  871                  JUNCTION       24.00          0.000        0.000
  872                  JUNCTION       24.00          0.000        0.000
  873                  JUNCTION       24.00          0.000        0.000
  874                  JUNCTION       24.00          0.000        0.000
  875                  JUNCTION       24.00          0.000        0.000
  876                  JUNCTION       24.00          0.000        0.000
  877                  JUNCTION       24.00          0.000        0.000
  878                  JUNCTION       24.00          0.000        0.000
  879                  JUNCTION       24.00          0.000        0.000
  880                  JUNCTION       24.00          0.000        0.000
  881                  JUNCTION       24.00          0.000        0.000
  882                  JUNCTION       24.00          0.000        0.000
  883                  JUNCTION       24.00          0.000        0.000
  884                  JUNCTION       24.00          0.000        0.000
  885                  JUNCTION       24.00          0.000        0.000
  886                  JUNCTION       24.00          0.000        0.000
  887                  JUNCTION       24.00          0.000        0.000
  888                  JUNCTION       24.00          0.000        0.000
  889                  JUNCTION       24.00          0.000        0.000
  890                  JUNCTION       24.00          0.000        0.000
  891                  JUNCTION       24.00          0.000        0.000
  892                  JUNCTION       24.00          0.000        0.000
  893                  JUNCTION       24.00          0.000        0.000
  894                  JUNCTION       24.00          0.000        0.000
  895                  JUNCTION       24.00          0.000        0.000
  896                  JUNCTION       24.00          0.000        0.000
  897                  JUNCTION       24.00          0.000        0.000
  898                  JUNCTION       24.00          0.000        0.000
  899                  JUNCTION       24.00          0.000        0.000
  901                  JUNCTION       24.00          0.000        0.000
  902                  JUNCTION       24.00          0.000        0.000
  903                  JUNCTION       24.00          0.000        0.000
  904                  JUNCTION       24.00          0.000        0.000
  905                  JUNCTION       24.00          0.000        0.000
  906                  JUNCTION       24.00          0.000        0.000
  907                  JUNCTION       24.00          0.000        0.000
  908                  JUNCTION       24.00          0.000        0.000
  909                  JUNCTION       24.00          0.000        0.000
  910                  JUNCTION       24.00          0.000        0.000
  911                  JUNCTION       24.00          0.000        0.000
  912                  JUNCTION       24.00          0.000        0.000
  913                  JUNCTION       24.00          0.000        0.000
  914                  JUNCTION       24.00          0.000        0.000
  915                  JUNCTION       24.00          0.000        0.000
  916                  JUNCTION       24.00          0.000        0.000
  917                  JUNCTION       24.00          0.000        0.000
  918                  JUNCTION       24.00          0.000        0.000
  919                  JUNCTION       24.00          0.000        0.000
  920                  JUNCTION       24.00          0.000        0.000
  921                  JUNCTION       24.00          0.000        0.000
  922                  JUNCTION       24.00          0.000        0.000
  924                  JUNCTION       24.00          0.000        0.000
  925                  JUNCTION       24.00          0.000        0.000
  926                  JUNCTION       24.00          0.000        0.000
  927                  JUNCTION       24.00          0.000        0.000
  928                  JUNCTION       24.00          0.000        0.000
  929                  JUNCTION       24.00          0.000        0.000
  930                  JUNCTION       24.00          0.000        0.000
  931                  JUNCTION       24.00          0.000        0.000
  932                  JUNCTION       24.00          0.000        0.000
  933                  JUNCTION       24.00          0.000        0.000
  934                  JUNCTION       24.00          0.000        0.000
  935                  JUNCTION       24.00          0.000        0.000
  936                  JUNCTION       24.00          0.000        0.000
  937                  JUNCTION       24.00          0.000        0.000
  938                  JUNCTION       24.00          0.000        0.000
  939                  JUNCTION       24.00          0.000        0.000
  940                  JUNCTION       24.00          0.000        0.000
  941                  JUNCTION       24.00          0.000        0.000
  942                  JUNCTION       24.00          0.000        0.000
  943                  JUNCTION       24.00          0.000        0.000
  944                  JUNCTION       24.00          0.000        0.000
  945                  JUNCTION       24.00          0.000        0.000
  946                  JUNCTION       24.00          0.000        0.000
  947                  JUNCTION       24.00          0.000        0.000
  948                  JUNCTION       24.00          0.000        0.000
  949                  JUNCTION       24.00          0.000        0.000
  950                  JUNCTION       24.00          0.000        0.000
  952                  JUNCTION       24.00          0.000        0.000
  953                  JUNCTION       24.00          0.000        0.000
  954                  JUNCTION       24.00          0.000        0.000
  955                  JUNCTION       24.00          0.000        0.000
  956                  JUNCTION       24.00          0.000        0.000
  957                  JUNCTION       24.00          0.000        0.000
  958                  JUNCTION       24.00          0.000        0.000
  959                  JUNCTION       24.00          0.000        0.000
  960                  JUNCTION       24.00          0.000        0.000
  961                  JUNCTION       24.00          0.000        0.000
  962                  JUNCTION       24.00          0.000        0.000
  963                  JUNCTION       24.00          0.000        0.000
  964                  JUNCTION       24.00          0.000        0.000
  966                  JUNCTION       24.00          0.000        0.000
  967                  JUNCTION       24.00          0.000        0.000
  968                  JUNCTION       24.00          0.000        0.000
  969                  JUNCTION       24.00          0.000        0.000
  970                  JUNCTION       24.00          0.000        0.000
  971                  JUNCTION       24.00          0.000        0.000
  972                  JUNCTION       24.00          0.000        0.000
  973                  JUNCTION       24.00          0.000        0.000
  974                  JUNCTION       24.00          0.000        0.000
  975                  JUNCTION       24.00          0.000        0.000
  976                  JUNCTION       24.00          0.000        0.000
  977                  JUNCTION       24.00          0.000        0.000
  978                  JUNCTION       24.00          0.000        0.000
  979                  JUNCTION       24.00          0.000        0.000
  980                  JUNCTION       24.00          0.000        0.000
  981                  JUNCTION       24.00          0.000        0.000
  2010                 JUNCTION       24.00          0.000        0.000
  2013                 JUNCTION       24.00          0.000        0.000
  2021                 JUNCTION       24.00          0.000        0.000
  2025                 JUNCTION       24.00          0.000        0.000
  2036                 JUNCTION       24.00          0.000        0.000
  2038                 JUNCTION       24.00          0.000        0.000
  2046                 JUNCTION       24.00          0.000        0.000
  2048                 JUNCTION       24.00          0.000        0.000
  2050                 JUNCTION       24.00          0.000        0.000
  2052                 JUNCTION       17.37          0.000        0.000
  2053                 JUNCTION       24.00          0.000        0.000
  2056                 JUNCTION       24.00          0.000        0.000
  2064                 JUNCTION       24.00          0.000        0.000
  2066                 JUNCTION       24.00          0.000        0.000
  2067                 JUNCTION       24.00          0.000        0.000
  2070                 JUNCTION       24.00          0.000        0.000
  2091                 JUNCTION       24.00          0.000        0.000
  Node_11801153        JUNCTION       23.32          0.000        0.000
  Node_11791154        JUNCTION       23.31          0.000        0.000
  Node_11671152        JUNCTION       23.30          0.000        0.000
  Node_170             JUNCTION       23.64          0.000        0.000
  Node_11331093        JUNCTION       23.19          0.000        0.000
  Node_166             JUNCTION       23.56          0.000        0.000
  Node_11721173        JUNCTION       23.19          0.000        0.000
  Node_10771056        JUNCTION       23.12          0.000        0.000
  Node_11771175        JUNCTION       23.24          0.000        0.000
  Node_11591139        JUNCTION       23.24          0.000        0.000
  Node_11321126        JUNCTION       23.26          0.000        0.000
  Node_11101097        JUNCTION       23.27          0.000        0.000
  Node_10971080        JUNCTION       23.28          0.000        0.000
  Node_10131000        JUNCTION       23.31          0.000        0.000
  Node_1000981         JUNCTION       23.32          0.000        0.000
  Node_10241012        JUNCTION       23.31          0.000        0.000
  Node_10331024        JUNCTION       23.31          0.000        0.000
  Node_10531033        JUNCTION       23.29          0.000        0.000
  Node_10651053        JUNCTION       23.30          0.000        0.000
  Node_10941078        JUNCTION       23.28          0.000        0.000
  Node_11421157        JUNCTION       23.35          0.000        0.000
  Node_11571158        JUNCTION       23.38          0.000        0.000
  Node_11291158        JUNCTION       23.39          0.000        0.000
  Node_11281099        JUNCTION       18.39          0.000        0.000
  Node_10411072        JUNCTION       23.54          0.000        0.000
  Node_10181041        JUNCTION       23.53          0.000        0.000
  Node_10671116        JUNCTION       23.54          0.000        0.000
  Node_1002969         JUNCTION       23.43          0.000        0.000
  Node_10171002        JUNCTION       23.42          0.000        0.000
  Node_10271017        JUNCTION       23.42          0.000        0.000
  Node_10401027        JUNCTION       23.40          0.000        0.000
  Node_10601040        JUNCTION       23.37          0.000        0.000
  Node_1011971         JUNCTION       23.42          0.000        0.000
  Node_10361003        JUNCTION       23.38          0.000        0.000
  Node_1010976         JUNCTION       22.98          0.000        0.000
  Node_10281039        JUNCTION       23.40          0.000        0.000
  Node_10451051        JUNCTION       23.39          0.000        0.000
  Node_10641052        JUNCTION       23.36          0.000        0.000
  Node_10191037        JUNCTION       23.47          0.000        0.000
  Node_143             JUNCTION       23.73          0.000        0.000
  Node_10681057        JUNCTION       23.38          0.000        0.000
  Node_10741068        JUNCTION       23.49          0.000        0.000
  Node_10621081        JUNCTION       23.46          0.000        0.000
  Node_10921081        JUNCTION       23.44          0.000        0.000
  Node_10981092        JUNCTION       23.41          0.000        0.000
  Node_10911098        JUNCTION       23.37          0.000        0.000
  Node_11111108        JUNCTION       23.40          0.000        0.000
  Node_11031096        JUNCTION       23.45          0.000        0.000
  Node_10811096        JUNCTION       23.48          0.000        0.000
  Node_10851075        JUNCTION       23.48          0.000        0.000
  Node_10751063        JUNCTION       23.50          0.000        0.000
  Node_10571063        JUNCTION       23.50          0.000        0.000
  Node_10461063        JUNCTION       23.49          0.000        0.000
  Node_10251046        JUNCTION       23.48          0.000        0.000
  Node_10611067        JUNCTION       23.54          0.000        0.000
  Node_2504            JUNCTION       23.71          0.000        0.000
  Node_10631090        JUNCTION       23.45          0.000        0.000
  Node_10961           JUNCTION       23.48          0.000        0.000
  Node_10161004        JUNCTION       23.40          0.000        0.000
  Node_10141016        JUNCTION       23.37          0.000        0.000
  Node_10381020        JUNCTION       23.39          0.000        0.000
  Node_10551038        JUNCTION       23.38          0.000        0.000
  Node_10991073        JUNCTION       23.36          0.000        0.000
  Node_10951048        JUNCTION       23.34          0.000        0.000
  Node_10481014        JUNCTION       23.34          0.000        0.000
  Node_2505            JUNCTION       23.39          0.000        0.000
  Node_10151014        JUNCTION       23.39          0.000        0.000
  Node_10351015        JUNCTION       23.37          0.000        0.000
  Node_11351095        JUNCTION       23.34          0.000        0.000
  Node_169             JUNCTION       23.64          0.000        0.000
  Node_10931095        JUNCTION       23.19          0.000        0.000
  Node_11491117        JUNCTION       23.56          0.000        0.000
  HW_5_33_5_32         JUNCTION       23.72          0.000        0.000
  Node_11041070        JUNCTION       23.59          0.000        0.000
  HW_5_32_5_31         JUNCTION       23.75          0.000        0.000
  Node_10701030        JUNCTION       23.52          0.000        0.000
  HW_5_31_5_30         JUNCTION       23.78          0.000        0.000
  Node_10301008        JUNCTION       23.57          0.000        0.000
  HW__30_5_25          JUNCTION       23.80          0.000        0.000
  Node_1008987         JUNCTION       23.53          0.000        0.000
  Node_11481115        JUNCTION       23.56          0.000        0.000
  HW_5_40_5_39         JUNCTION       23.75          0.000        0.000
  Node_10881054        JUNCTION       23.53          0.000        0.000
  Node_10541023        JUNCTION       23.60          0.000        0.000
  HW_5_38_5_37         JUNCTION       23.78          0.000        0.000
  Node_10231001        JUNCTION       23.54          0.000        0.000
  HW__37_5_34          JUNCTION       23.80          0.000        0.000
  Node_1001986         JUNCTION       23.55          0.000        0.000
  Node_11471114        JUNCTION       23.57          0.000        0.000
  HW_5_47_5_46         JUNCTION       23.76          0.000        0.000
  Node_10861047        JUNCTION       23.49          0.000        0.000
  HW_5_46_5_45         JUNCTION       23.76          0.000        0.000
  Node_10471022        JUNCTION       23.54          0.000        0.000
  HW_5_45_5_44         JUNCTION       23.79          0.000        0.000
  Node_10221006        JUNCTION       23.56          0.000        0.000
  HW__44_5_41          JUNCTION       23.78          0.000        0.000
  Node_1006985         JUNCTION       23.56          0.000        0.000
  Node_11361113        JUNCTION       23.56          0.000        0.000
  Node_10841050        JUNCTION       17.03          0.000        0.000
  Node_10501021        JUNCTION       23.57          0.000        0.000
  HW__49_5_48          JUNCTION       23.73          0.000        0.000
  Node_1021983         JUNCTION       23.56          0.000        0.000
  HW_3_23_3_22         JUNCTION       23.72          0.000        0.000
  Node_11451101        JUNCTION       23.49          0.000        0.000
  Node_11461166        JUNCTION       23.57          0.000        0.000
  Node_11221146        JUNCTION       23.15          0.000        0.000
  Node_11221072        JUNCTION       23.43          0.000        0.000
  Node_11151117        JUNCTION       23.54          0.000        0.000
  Node_11141115        JUNCTION       23.53          0.000        0.000
  Node_11131114        JUNCTION       23.52          0.000        0.000
  Node_11091113        JUNCTION       23.59          0.000        0.000
  HW_3_21_3_22         JUNCTION       23.75          0.000        0.000
  Node_11011109        JUNCTION       23.55          0.000        0.000
  HW_3_22_3_24         JUNCTION       23.78          0.000        0.000
  Node_10871101        JUNCTION       23.52          0.000        0.000
  HW_3_24_3_25         JUNCTION       23.77          0.000        0.000
  Node_10791087        JUNCTION       23.49          0.000        0.000
  Node_10721079        JUNCTION       23.57          0.000        0.000
  Node_11681170        JUNCTION       23.50          0.000        0.000
  Node_2270288         JUNCTION       23.51          0.000        0.000
  Node_11431161        JUNCTION       23.49          0.000        0.000
  Node_10511062        JUNCTION       23.43          0.000        0.000
  Node_11561135        JUNCTION       23.35          0.000        0.000
  Node_11311162        JUNCTION       23.52          0.000        0.000
  Node_11441164        JUNCTION       23.57          0.000        0.000
  Node_11342246        JUNCTION       23.43          0.000        0.000
  Node_11201119        JUNCTION       23.58          0.000        0.000
  HW_3_5_3_9           JUNCTION       23.71          0.000        0.000
  Node_11411120        JUNCTION       23.61          0.000        0.000
  Node_11631118        JUNCTION       23.57          0.000        0.000
  HW_5_5_5_6           JUNCTION        0.01          0.000        0.000
  Node_10091031        JUNCTION       23.41          0.000        0.000
  Node_10591044        JUNCTION       23.49          0.000        0.000
  Node_10311044        JUNCTION       23.50          0.000        0.000
  HW_5_2_5_3           JUNCTION        0.01          0.000        0.000
  Node_10591066        JUNCTION       23.58          0.000        0.000
  Node_10761124        JUNCTION       23.39          0.000        0.000
  HW_3_1_3_2           JUNCTION       23.76          0.000        0.000
  Node_10431082        JUNCTION       23.52          0.000        0.000
  HW_3_2_3_3           JUNCTION       23.74          0.000        0.000
  Node_10071043        JUNCTION       23.55          0.000        0.000
  HW_3_6_3_5           JUNCTION       23.77          0.000        0.000
  Node_10831120        JUNCTION       23.60          0.000        0.000
  HW_3_8_3_7           JUNCTION       23.75          0.000        0.000
  Node_10051042        JUNCTION       23.51          0.000        0.000
  HW_3_7_3_6           JUNCTION       23.75          0.000        0.000
  Node_10421083        JUNCTION       23.55          0.000        0.000
  Node_11501141        JUNCTION       23.62          0.000        0.000
  Node_11181120        JUNCTION       23.55          0.000        0.000
  Node_11241134        JUNCTION       23.52          0.000        0.000
  Node_171             JUNCTION       23.64          0.000        0.000
  Node_11531133        JUNCTION       23.20          0.000        0.000
  Node_173             JUNCTION       23.60          0.000        0.000
  Node_11541153        JUNCTION       23.25          0.000        0.000
  Node_11521154        JUNCTION       23.33          0.000        0.000
  Node_11081103        JUNCTION       23.43          0.000        0.000
  Node_11061160        JUNCTION       23.43          0.000        0.000
  HW__18_5_24          JUNCTION       23.63          0.000        0.000
  Node_1107990         JUNCTION       23.49          0.000        0.000
  Node_10661076        JUNCTION       23.51          0.000        0.000
  Node_11171118        JUNCTION       23.54          0.000        0.000
  Node_11531156        JUNCTION       23.33          0.000        0.000
  Node_10801069        JUNCTION       23.29          0.000        0.000
  Node_10321071        JUNCTION       22.32          0.000        0.000
  Node_10711125        JUNCTION       22.43          0.000        0.000
  Node_11252250        JUNCTION       22.88          0.000        0.000
  Node_1996            JUNCTION       23.40          0.000        0.000
  Node_10201016        JUNCTION       23.40          0.000        0.000
  Node_1997            JUNCTION       23.68          0.000        0.000
  Node_11761157        JUNCTION        4.59          0.000        0.000
  Node_11581160        JUNCTION       23.42          0.000        0.000
  Node_11601161        JUNCTION       23.47          0.000        0.000
  Node_11611162        JUNCTION       23.49          0.000        0.000
  Node_11621164        JUNCTION       23.53          0.000        0.000
  Node_11661168        JUNCTION       23.49          0.000        0.000
  Node_22101124        JUNCTION       23.67          0.000        0.000
  Node_11712213        JUNCTION       23.35          0.000        0.000
  Node_22211170        JUNCTION       23.53          0.000        0.000
  Node_22251168        JUNCTION       23.56          0.000        0.000
  Node_11641166        JUNCTION       23.48          0.000        0.000
  Node_22361162        JUNCTION       23.50          0.000        0.000
  Node_22382236        JUNCTION       23.49          0.000        0.000
  Node_11191124        JUNCTION       23.66          0.000        0.000
  Node_2045            JUNCTION       23.73          0.000        0.000
  Node_10822210        JUNCTION       23.62          0.000        0.000
  Node_22462248        JUNCTION       23.45          0.000        0.000
  Node_22481171        JUNCTION       23.72          0.000        0.000
  Node_22501171        JUNCTION       23.73          0.000        0.000
  Node_2054            JUNCTION        0.01          0.000        0.000
  Node_22522253        JUNCTION       23.58          0.000        0.000
  Node_2253994         JUNCTION       23.64          0.000        0.000
  Node_2057            JUNCTION        0.01          0.000        0.000
  Node_22532256        JUNCTION       23.63          0.000        0.000
  Node_22642221        JUNCTION       23.49          0.000        0.000
  Node_22672266        JUNCTION       23.55          0.000        0.000
  Node_22662225        JUNCTION       23.55          0.000        0.000
  Node_87              JUNCTION        0.01          0.000        0.000
  Node_2270302         JUNCTION       23.55          0.000        0.000
  Node_22932291        JUNCTION       23.64          0.000        0.000
  
  
  *********************
  Node Flooding Summary
  *********************
  
  Flooding refers to all water that overflows a node, whether it ponds or not.
  --------------------------------------------------------------------------
                                                             Total   Maximum
                                 Maximum   Time of Max       Flood    Ponded
                        Hours       Rate    Occurrence      Volume     Depth
  Node                 Flooded       CFS   days hr:min    10^6 gal      Feet
  --------------------------------------------------------------------------
  7                      23.31      0.33      0  00:43       0.200     0.000
  9                      23.70      0.05      0  00:20       0.016     0.000
  13                     21.51      0.00      0  02:29       0.002     0.000
  44                     21.77      0.48      0  02:13       0.278     0.000
  45                     21.78      0.13      1  00:00       0.078     0.000
  51                     21.85      0.59      0  02:09       0.287     0.000
  52                     20.89      0.19      0  03:06       0.106     0.000
  58                     21.55      0.11      0  02:26       0.034     0.000
  62                     21.82      0.12      0  02:11       0.051     0.000
  64                     22.95      1.95      0  02:08       1.091     0.000
  66                     22.74      0.19      0  01:15       0.112     0.000
  69                     23.23      0.11      0  00:46       0.064     0.000
  71                     22.74      0.87      1  00:00       0.534     0.000
  75                     22.69      0.27      0  01:18       0.165     0.000
  76                     22.65      0.23      0  02:52       0.137     0.000
  80                     22.57      0.29      0  01:26       0.162     0.000
  85                     21.02      1.18      0  06:48       0.631     0.000
  90                     22.58      1.15      0  05:49       0.638     0.000
  94                     21.15      0.95      0  04:57       0.525     0.000
  100                    23.76      0.48      0  00:14       0.304     0.000
  101                    21.72      0.66      0  02:20       0.349     0.000
  102                    23.75      1.00      0  00:14       0.640     0.000
  106                    22.66      0.12      0  02:53       0.073     0.000
  107                    22.36      1.18      0  03:36       0.705     0.000
  120                    23.71      0.41      0  00:17       0.256     0.000
  123                    22.95      0.47      0  02:35       0.291     0.000
  125                    23.67      0.30      1  00:00       0.190     0.000
  126                    23.69      0.25      1  00:00       0.157     0.000
  129                    23.35      0.02      0  00:39       0.011     0.000
  130                    23.72      0.16      1  00:00       0.101     0.000
  132                    23.54      1.94      0  00:39       1.192     0.000
  135                    23.47      0.27      0  00:32       0.130     0.000
  138                    23.18      1.02      0  01:04       0.605     0.000
  139                    23.69      0.16      0  00:40       0.099     0.000
  142                    23.34      0.54      0  00:39       0.286     0.000
  145                    23.63      0.06      0  00:33       0.040     0.000
  146                    23.74      0.23      0  00:20       0.122     0.000
  147                    23.75      0.24      0  00:20       0.122     0.000
  149                    22.94      0.35      0  01:59       0.209     0.000
  151                    23.47      0.19      0  00:31       0.112     0.000
  152                    23.67      0.40      0  00:19       0.241     0.000
  157                    23.68      0.12      1  00:00       0.075     0.000
  159                    22.04      0.47      1  00:00       0.277     0.000
  165                    23.76      0.49      0  00:14       0.307     0.000
  166                     0.05      0.02      0  00:27       0.000     0.000
  169                    22.03      0.11      0  01:58       0.066     0.000
  171                    22.17      0.58      0  01:49       0.347     0.000
  183                    23.51      0.33      0  00:29       0.200     0.000
  184                    23.70      0.11      0  00:27       0.071     0.000
  186                    22.21      0.60      0  02:13       0.358     0.000
  187                    21.32      0.16      0  03:52       0.090     0.000
  194                    22.10      0.24      0  09:22       0.138     0.000
  199                    20.64      0.05      0  03:21       0.028     0.000
  200                    23.22      0.28      0  00:54       0.177     0.000
  201                    23.12      0.60      0  00:52       0.362     0.000
  202                    23.11      0.49      0  00:53       0.286     0.000
  205                    23.71      0.16      1  00:00       0.101     0.000
  206                    23.63      0.06      0  00:31       0.038     0.000
  207                    23.74      0.29      0  00:27       0.185     0.000
  208                    22.01      0.34      1  00:00       0.199     0.000
  211                    22.00      1.31      0  02:00       0.468     0.000
  212                    23.50      0.35      0  00:29       0.188     0.000
  215                    22.47      0.02      0  01:31       0.013     0.000
  216                    22.40      0.22      0  01:36       0.134     0.000
  220                    21.99      0.38      0  02:16       0.227     0.000
  222                    22.40      0.84      0  02:04       0.509     0.000
  223                    22.39      0.03      0  01:36       0.013     0.000
  225                    21.47      1.41      0  03:53       0.801     0.000
  228                    23.76      0.65      0  00:44       0.412     0.000
  230                    23.74      0.19      1  00:00       0.124     0.000
  231                    23.49      0.19      0  02:02       0.119     0.000
  234                    23.71      0.56      0  00:17       0.346     0.000
  235                    23.74      0.32      0  00:15       0.184     0.000
  238                    23.74      0.20      1  00:00       0.127     0.000
  239                    23.44      0.11      0  00:33       0.062     0.000
  246                    23.75      0.52      0  00:14       0.310     0.000
  247                    23.24      0.46      0  00:45       0.275     0.000
  248                    22.23      0.19      0  01:46       0.111     0.000
  249                    23.34      0.40      1  00:00       0.253     0.000
  253                    23.43      0.07      1  00:00       0.045     0.000
  254                    23.75      0.23      0  00:35       0.144     0.000
  257                    23.76      0.25      1  00:00       0.159     0.000
  258                    21.26      0.00      1  00:00       0.001     0.000
  259                    23.77      0.16      0  00:43       0.101     0.000
  262                    23.74      0.60      0  01:07       0.372     0.000
  263                    23.75      0.28      0  00:27       0.160     0.000
  264                    23.74      0.25      0  00:20       0.131     0.000
  265                    23.76      0.16      0  00:32       0.105     0.000
  270                    23.53      1.14      0  02:07       0.660     0.000
  273                    23.45      0.06      0  00:48       0.039     0.000
  276                    23.28      0.02      0  00:52       0.014     0.000
  278                    23.49      0.07      0  00:54       0.045     0.000
  286                    23.23      0.09      0  00:46       0.019     0.000
  287                    23.73      0.98      0  00:36       0.612     0.000
  292                    22.93      1.51      0  02:07       0.924     0.000
  293                    23.14      0.07      0  00:51       0.015     0.000
  304                    21.15      0.02      1  00:00       0.011     0.000
  310                    23.77      0.54      0  01:25       0.342     0.000
  311                    23.17      1.03      0  01:11       0.620     0.000
  314                    23.02      0.29      0  02:15       0.181     0.000
  315                    23.78      0.48      0  00:52       0.304     0.000
  317                    21.78      0.52      0  02:49       0.302     0.000
  318                    23.22      0.47      0  00:51       0.270     0.000
  319                    23.15      1.53      0  00:50       0.856     0.000
  325                    23.74      0.27      0  00:39       0.174     0.000
  332                    23.44      0.09      0  00:47       0.049     0.000
  337                    23.20      0.19      0  00:48       0.094     0.000
  340                    22.66      0.13      0  01:20       0.077     0.000
  342                    22.91      0.04      0  01:06       0.018     0.000
  347                    23.37      0.04      0  00:37       0.002     0.000
  349                    22.75      1.60      0  01:17       0.952     0.000
  353                    22.57      1.47      0  01:26       0.847     0.000
  357                    23.05      0.05      0  02:01       0.030     0.000
  358                    23.72      0.27      0  00:58       0.172     0.000
  367                    22.90      0.09      0  01:06       0.044     0.000
  375                    23.77      0.64      0  00:13       0.396     0.000
  378                    22.66      3.26      0  03:24       1.968     0.000
  383                    22.67      0.10      0  01:35       0.060     0.000
  384                    22.42      0.36      0  01:34       0.192     0.000
  385                    23.45      0.12      0  00:34       0.048     0.000
  391                    23.15      0.03      0  00:52       0.021     0.000
  392                    22.75      0.39      0  01:14       0.228     0.000
  397                    21.66      0.07      0  02:27       0.042     0.000
  399                    21.57      0.06      0  02:25       0.023     0.000
  402                    23.75      0.11      0  00:52       0.070     0.000
  403                    23.15      0.66      0  01:28       0.410     0.000
  406                    23.61      1.56      0  01:05       0.940     0.000
  416                    23.72      0.09      0  00:29       0.056     0.000
  419                    23.70      0.08      0  00:35       0.054     0.000
  421                    23.31      0.53      0  00:41       0.322     0.000
  422                    23.52      0.51      0  00:28       0.316     0.000
  428                    23.71      0.16      1  00:00       0.105     0.000
  429                    23.43      0.14      0  00:36       0.089     0.000
  430                    23.44      0.60      0  00:33       0.347     0.000
  432                    23.27      0.20      0  00:44       0.089     0.000
  434                    22.77      0.80      0  01:15       0.484     0.000
  435                    22.77      0.06      0  01:14       0.031     0.000
  440                    23.53      0.26      0  00:27       0.132     0.000
  445                    23.74      0.13      0  01:15       0.080     0.000
  446                    23.53      0.23      0  00:28       0.133     0.000
  447                    23.29      0.02      0  00:42       0.011     0.000
  449                    22.06      0.71      0  02:56       0.423     0.000
  454                    18.14      0.58      0  05:54       0.282     0.000
  457                    18.10      0.04      0  05:54       0.018     0.000
  458                    18.12      0.37      0  05:55       0.177     0.000
  460                    23.01      0.49      0  00:59       0.286     0.000
  464                    22.13      0.16      0  01:52       0.093     0.000
  477                    22.83      8.60      0  08:31       5.170     0.000
  478                    23.77      0.40      0  00:29       0.254     0.000
  480                    23.55      1.14      0  00:27       0.667     0.000
  481                    23.31      1.53      0  00:41       0.913     0.000
  482                    17.28      0.04      0  07:21       0.020     0.000
  489                    23.74      0.31      0  00:57       0.195     0.000
  490                    23.69      0.60      0  00:18       0.377     0.000
  491                    23.71      0.68      0  00:17       0.418     0.000
  494                    23.77      0.36      1  00:00       0.230     0.000
  495                    23.77      0.23      1  00:00       0.144     0.000
  506                    23.14      0.42      0  04:34       0.232     0.000
  509                    23.42      0.10      1  00:00       0.065     0.000
  513                     0.55      0.05      0  00:38       0.000     0.000
  515                    23.73      0.20      1  00:00       0.131     0.000
  518                    23.52      0.25      0  00:28       0.155     0.000
  521                    22.77      0.28      1  00:00       0.170     0.000
  524                    18.32      0.01      0  05:57       0.006     0.000
  527                    23.75      0.25      0  00:20       0.157     0.000
  529                    23.77      0.43      0  00:13       0.271     0.000
  535                    22.61      0.03      0  02:02       0.018     0.000
  538                    23.40      0.12      0  00:35       0.072     0.000
  539                    23.79      0.51      0  00:39       0.329     0.000
  542                    23.10      0.24      0  00:53       0.123     0.000
  544                    23.16      0.94      0  01:44       0.582     0.000
  545                    23.12      0.55      0  00:52       0.288     0.000
  546                    22.29     14.11      0  06:32       8.348     0.000
  547                    23.75      0.28      0  00:19       0.152     0.000
  548                    23.76      0.24      1  00:00       0.153     0.000
  553                    18.38      0.14      0  05:45       0.068     0.000
  556                    23.41      0.17      0  01:07       0.093     0.000
  560                    23.50      0.10      1  00:00       0.063     0.000
  561                    23.31      0.32      0  00:41       0.176     0.000
  563                    22.68      0.32      0  01:25       0.196     0.000
  565                    20.69      0.51      0  04:26       0.222     0.000
  569                    23.46      0.10      0  00:32       0.061     0.000
  570                    22.10      2.89      0  08:32       1.705     0.000
  575                    23.51      0.18      0  00:52       0.115     0.000
  584                    23.74      0.07      0  00:20       0.044     0.000
  586                    22.67      0.72      0  01:19       0.350     0.000
  591                    21.48      3.85      0  06:12       2.156     0.000
  592                    21.97      0.03      0  02:11       0.016     0.000
  597                    20.89      0.86      0  03:12       0.477     0.000
  599                    23.74      0.47      1  00:00       0.298     0.000
  601                    22.21      0.16      0  01:53       0.093     0.000
  602                    22.19      0.11      0  01:48       0.041     0.000
  605                    23.77      0.49      0  00:13       0.292     0.000
  607                    23.78      0.53      0  00:13       0.312     0.000
  609                    23.75      0.19      0  00:31       0.119     0.000
  610                    22.99      4.14      0  03:34       2.532     0.000
  615                    22.09      0.39      0  02:11       0.232     0.000
  619                    23.73      0.10      0  00:29       0.062     0.000
  620                    22.74      4.56      0  03:45       2.651     0.000
  621                    23.53      1.89      0  01:20       1.183     0.000
  628                    22.34      1.50      1  00:00       0.900     0.000
  630                    23.11      0.43      0  03:35       0.261     0.000
  631                    22.52      0.75      0  01:39       0.372     0.000
  633                    23.20      2.29      0  02:21       1.425     0.000
  642                    23.56      0.45      0  00:26       0.249     0.000
  656                    23.75      0.25      0  00:20       0.155     0.000
  658                    23.75      0.16      0  00:32       0.101     0.000
  662                    23.75      0.25      0  00:20       0.128     0.000
  664                    23.77      0.19      0  00:20       0.124     0.000
  666                    23.49      0.09      0  00:30       0.047     0.000
  671                    23.75      0.11      1  00:00       0.069     0.000
  675                    23.79      0.27      0  00:12       0.171     0.000
  677                    23.79      0.31      1  00:00       0.197     0.000
  682                    23.38      0.05      0  00:48       0.030     0.000
  683                    23.50      0.11      1  00:00       0.067     0.000
  684                    23.78      0.68      0  00:13       0.428     0.000
  685                    23.72      0.12      1  00:00       0.073     0.000
  691                    23.21      0.80      0  05:13       0.458     0.000
  692                    23.79      0.32      0  00:48       0.203     0.000
  694                    23.22      0.09      0  00:46       0.028     0.000
  697                    23.55      0.21      0  00:27       0.122     0.000
  703                    23.73      0.28      0  00:27       0.147     0.000
  711                    23.75      0.24      0  00:37       0.151     0.000
  712                    18.73      0.14      0  05:16       0.069     0.000
  713                    23.05      0.93      0  15:47       0.531     0.000
  716                    23.20      0.10      0  01:04       0.065     0.000
  717                    23.73      0.16      1  00:00       0.105     0.000
  721                    23.43      0.19      0  00:34       0.119     0.000
  722                    23.40      1.19      0  02:47       0.749     0.000
  729                     0.09      0.02      0  00:27       0.000     0.000
  735                    22.89      0.16      0  01:36       0.102     0.000
  740                    23.33      0.39      0  00:58       0.243     0.000
  741                    19.59      0.12      0  04:24       0.061     0.000
  747                    23.52      0.16      1  00:00       0.103     0.000
  748                    23.46      0.11      0  01:01       0.067     0.000
  749                    23.48      0.13      0  00:31       0.075     0.000
  754                    23.81      0.99      0  00:11       0.633     0.000
  763                    23.78      0.72      0  00:13       0.445     0.000
  769                    23.65      0.13      0  00:34       0.083     0.000
  772                    23.46      0.41      1  00:00       0.262     0.000
  773                    23.12      0.30      0  00:52       0.167     0.000
  774                    23.73      0.12      0  00:30       0.077     0.000
  780                    23.24      0.23      0  01:06       0.141     0.000
  782                    22.90      0.05      0  01:06       0.030     0.000
  783                    22.97      1.25      0  02:28       0.763     0.000
  785                    23.01      1.20      0  01:45       0.741     0.000
  787                    23.02      1.25      0  01:05       0.761     0.000
  789                    22.78      0.66      0  01:31       0.405     0.000
  791                    22.80      2.19      0  03:03       1.340     0.000
  792                    23.73      0.08      0  00:18       0.052     0.000
  794                    22.15      1.52      0  01:52       0.597     0.000
  798                    23.51      0.04      0  00:31       0.026     0.000
  814                    23.36      1.00      0  00:38       0.629     0.000
  818                    23.52      1.05      0  00:28       0.633     0.000
  819                    23.42      1.00      0  00:34       0.631     0.000
  825                    23.44      1.00      0  00:33       0.631     0.000
  829                    23.51      1.05      0  00:29       0.607     0.000
  2052                   17.37      0.23      1  00:00       0.107     0.000
  2093                   22.74      6.51      0  01:42       3.947     0.000
  Node_11801153          23.32      1.05      0  00:40       0.628     0.000
  Node_11791154          23.31      1.00      0  00:41       0.628     0.000
  Node_11671152          23.30      1.00      0  00:42       0.627     0.000
  Node_170               23.64      0.35      1  00:00       0.224     0.000
  Node_11331093          23.19      0.75      0  00:48       0.405     0.000
  Node_166               23.56      0.16      0  00:50       0.098     0.000
  Node_11721173          23.19      0.95      0  00:48       0.527     0.000
  Node_10771056          23.12      0.61      0  00:52       0.374     0.000
  Node_11771175          23.24      1.00      0  00:45       0.626     0.000
  Node_11591139          23.24      1.00      0  00:45       0.626     0.000
  Node_11321126          23.26      1.02      0  00:44       0.626     0.000
  Node_11101097          23.27      1.00      1  00:00       0.627     0.000
  Node_10971080          23.28      1.00      0  00:42       0.627     0.000
  Node_10131000          23.31      1.00      0  00:41       0.628     0.000
  Node_1000981           23.32      1.00      0  00:40       0.628     0.000
  Node_10241012          23.31      1.05      0  00:42       0.628     0.000
  Node_10331024          23.31      1.00      0  00:41       0.628     0.000
  Node_10531033          23.29      1.00      0  00:42       0.627     0.000
  Node_10651053          23.30      1.00      0  00:41       0.627     0.000
  Node_10941078          23.28      1.00      0  00:43       0.627     0.000
  Node_11421157          23.35      1.03      0  00:38       0.629     0.000
  Node_11571158          23.38      1.00      0  00:37       0.630     0.000
  Node_11291158          23.39      1.02      0  00:36       0.630     0.000
  Node_11281099          18.39      0.06      0  05:36       0.032     0.000
  Node_10411072          23.54      1.05      0  00:27       0.634     0.000
  Node_10181041          23.53      1.03      0  00:27       0.634     0.000
  Node_10671116          23.54      1.00      0  00:27       0.634     0.000
  Node_1002969           23.43      1.00      0  00:34       0.631     0.000
  Node_10171002          23.42      1.00      0  00:34       0.631     0.000
  Node_10271017          23.42      1.00      0  00:34       0.631     0.000
  Node_10401027          23.40      1.00      0  00:35       0.630     0.000
  Node_10601040          23.37      1.00      0  00:37       0.629     0.000
  Node_1011971           23.42      1.00      0  00:34       0.631     0.000
  Node_10361003          23.38      1.00      0  00:37       0.630     0.000
  Node_1010976           22.98      0.40      0  01:01       0.247     0.000
  Node_10281039          23.40      1.00      0  00:35       0.630     0.000
  Node_10451051          23.39      1.00      0  00:36       0.630     0.000
  Node_10641052          23.36      1.00      0  00:38       0.629     0.000
  Node_10191037          23.47      1.00      0  00:32       0.632     0.000
  Node_143               23.73      0.37      1  00:00       0.238     0.000
  Node_10681057          23.38      0.74      0  00:36       0.395     0.000
  Node_10741068          23.49      1.00      0  00:30       0.632     0.000
  Node_10621081          23.46      1.00      0  00:32       0.632     0.000
  Node_10921081          23.44      1.00      0  00:33       0.631     0.000
  Node_10981092          23.41      1.00      0  00:35       0.630     0.000
  Node_10911098          23.37      1.00      0  00:37       0.629     0.000
  Node_11111108          23.40      1.00      0  00:35       0.630     0.000
  Node_11031096          23.45      1.00      0  00:32       0.632     0.000
  Node_10811096          23.48      1.01      0  00:31       0.632     0.000
  Node_10851075          23.48      1.00      0  00:31       0.632     0.000
  Node_10751063          23.50      1.00      0  00:30       0.633     0.000
  Node_10571063          23.50      1.00      0  00:29       0.633     0.000
  Node_10461063          23.49      1.00      0  00:30       0.633     0.000
  Node_10251046          23.48      1.00      0  00:31       0.632     0.000
  Node_10611067          23.54      1.00      0  00:27       0.634     0.000
  Node_2504              23.71      0.19      1  00:00       0.123     0.000
  Node_10631090          23.45      0.90      0  00:32       0.509     0.000
  Node_10961             23.48      1.00      0  00:31       0.632     0.000
  Node_10161004          23.40      1.00      0  00:36       0.630     0.000
  Node_10141016          23.37      1.00      0  00:37       0.629     0.000
  Node_10381020          23.39      1.00      0  00:36       0.630     0.000
  Node_10551038          23.38      1.01      0  00:37       0.630     0.000
  Node_10991073          23.36      1.05      0  00:38       0.589     0.000
  Node_10951048          23.34      1.12      0  00:39       0.629     0.000
  Node_10481014          23.34      1.13      0  00:39       0.629     0.000
  Node_2505              23.39      0.08      0  00:38       0.049     0.000
  Node_10151014          23.39      0.97      0  00:36       0.581     0.000
  Node_10351015          23.37      1.05      0  00:38       0.629     0.000
  Node_11351095          23.34      1.12      0  00:39       0.629     0.000
  Node_169               23.64      0.35      0  00:51       0.222     0.000
  Node_10931095          23.19      0.75      0  00:48       0.407     0.000
  Node_11491117          23.56      1.00      0  00:26       0.634     0.000
  HW_5_33_5_32           23.72      0.09      0  00:27       0.060     0.000
  Node_11041070          23.59      1.00      0  00:24       0.576     0.000
  HW_5_32_5_31           23.75      0.31      0  00:31       0.197     0.000
  Node_10701030          23.52      0.78      0  00:28       0.439     0.000
  HW_5_31_5_30           23.78      0.25      0  00:28       0.160     0.000
  Node_10301008          23.57      0.87      0  00:25       0.476     0.000
  HW__30_5_25            23.80      0.39      1  00:00       0.247     0.000
  Node_1008987           23.53      0.74      0  00:27       0.389     0.000
  Node_11481115          23.56      1.00      0  00:26       0.634     0.000
  HW_5_40_5_39           23.75      0.24      1  00:00       0.152     0.000
  Node_10881054          23.53      0.87      0  00:27       0.483     0.000
  Node_10541023          23.60      1.05      0  00:24       0.635     0.000
  HW_5_38_5_37           23.78      0.31      0  00:29       0.198     0.000
  Node_10231001          23.54      0.81      0  00:27       0.438     0.000
  HW__37_5_34            23.80      0.39      0  00:30       0.247     0.000
  Node_1001986           23.55      0.78      0  00:27       0.389     0.000
  Node_11471114          23.57      1.00      0  00:25       0.635     0.000
  HW_5_47_5_46           23.76      0.34      1  00:00       0.215     0.000
  Node_10861047          23.49      0.77      0  00:30       0.420     0.000
  HW_5_46_5_45           23.76      0.26      1  00:00       0.169     0.000
  Node_10471022          23.54      0.85      0  00:27       0.466     0.000
  HW_5_45_5_44           23.79      0.27      0  00:28       0.172     0.000
  Node_10221006          23.56      0.88      0  00:26       0.464     0.000
  HW__44_5_41            23.78      0.27      0  00:28       0.172     0.000
  Node_1006985           23.56      0.86      0  00:26       0.464     0.000
  Node_11361113          23.56      1.00      0  00:26       0.634     0.000
  Node_10841050          17.03      0.03      0  06:58       0.015     0.000
  Node_10501021          23.57      1.05      0  00:25       0.614     0.000
  HW__49_5_48            23.73      0.15      1  00:00       0.099     0.000
  Node_1021983           23.56      0.94      0  00:26       0.537     0.000
  HW_3_23_3_22           23.72      0.26      1  00:00       0.167     0.000
  Node_11451101          23.49      0.83      0  00:30       0.467     0.000
  Node_11461166          23.57      1.00      0  00:25       0.635     0.000
  Node_11221146          23.15      0.36      0  00:50       0.226     0.000
  Node_11221072          23.43      0.64      0  00:34       0.402     0.000
  Node_11151117          23.54      1.00      0  00:27       0.634     0.000
  Node_11141115          23.53      1.00      0  00:28       0.634     0.000
  Node_11131114          23.52      1.00      0  00:28       0.633     0.000
  Node_11091113          23.59      1.01      0  00:24       0.635     0.000
  HW_3_21_3_22           23.75      0.15      0  00:28       0.098     0.000
  Node_11011109          23.55      0.98      0  00:26       0.537     0.000
  HW_3_22_3_24           23.78      0.30      0  00:31       0.193     0.000
  Node_10871101          23.52      0.83      0  00:29       0.442     0.000
  HW_3_24_3_25           23.77      0.37      1  00:00       0.233     0.000
  Node_10791087          23.49      0.76      0  00:30       0.402     0.000
  Node_10721079          23.57      1.00      0  00:25       0.635     0.000
  Node_11681170          23.50      1.00      0  00:30       0.633     0.000
  Node_2270288           23.51      1.09      0  00:29       0.633     0.000
  Node_11431161          23.49      1.08      0  00:30       0.633     0.000
  Node_10511062          23.43      1.00      0  00:34       0.631     0.000
  Node_11561135          23.35      1.00      0  00:38       0.629     0.000
  Node_11311162          23.52      1.00      0  00:28       0.633     0.000
  Node_11441164          23.57      1.00      0  00:25       0.635     0.000
  Node_11342246          23.43      1.20      0  00:34       0.631     0.000
  Node_11201119          23.58      1.00      0  00:24       0.635     0.000
  HW_3_5_3_9             23.71      0.07      1  00:00       0.046     0.000
  Node_11411120          23.61      0.97      0  00:23       0.590     0.000
  Node_11631118          23.57      1.00      0  00:25       0.635     0.000
  HW_5_5_5_6              0.01      0.46      0  00:35       0.000     0.000
  Node_10091031          23.41      1.15      0  00:36       0.630     0.000
  Node_10591044          23.49      1.05      0  00:31       0.633     0.000
  Node_10311044          23.50      1.45      0  00:31       0.633     0.000
  HW_5_2_5_3              0.01      0.57      0  00:25       0.000     0.000
  Node_10591066          23.58      1.50      0  00:25       0.635     0.000
  Node_10761124          23.39      1.41      0  00:37       0.630     0.000
  HW_3_1_3_2             23.76      0.34      1  00:00       0.217     0.000
  Node_10431082          23.52      0.74      0  00:28       0.418     0.000
  HW_3_2_3_3             23.74      0.23      1  00:00       0.144     0.000
  Node_10071043          23.55      0.88      0  00:27       0.491     0.000
  HW_3_6_3_5             23.77      0.16      0  00:27       0.100     0.000
  Node_10831120          23.60      0.95      0  00:24       0.536     0.000
  HW_3_8_3_7             23.75      0.33      0  00:32       0.209     0.000
  Node_10051042          23.51      0.76      0  00:29       0.426     0.000
  HW_3_7_3_6             23.75      0.25      0  00:29       0.159     0.000
  Node_10421083          23.55      0.84      0  00:27       0.477     0.000
  Node_11501141          23.62      1.00      0  00:22       0.636     0.000
  Node_11181120          23.55      1.00      0  00:26       0.634     0.000
  Node_11241134          23.52      2.00      0  00:29       0.633     0.000
  Node_171               23.64      0.33      0  00:49       0.213     0.000
  Node_11531133          23.20      0.74      0  00:48       0.416     0.000
  Node_173               23.60      0.20      1  00:00       0.129     0.000
  Node_11541153          23.25      0.90      0  00:44       0.499     0.000
  Node_11521154          23.33      1.00      0  00:40       0.628     0.000
  Node_11081103          23.43      1.00      0  00:34       0.631     0.000
  Node_11061160          23.43      1.00      0  00:34       0.631     0.000
  HW__18_5_24            23.63      0.26      0  00:27       0.160     0.000
  Node_1107990           23.49      0.83      0  00:30       0.474     0.000
  Node_10661076          23.51      1.25      0  00:29       0.633     0.000
  Node_11171118          23.54      1.00      0  00:27       0.634     0.000
  Node_11531156          23.33      1.14      0  00:40       0.628     0.000
  Node_10801069          23.29      1.00      0  00:42       0.627     0.000
  Node_10321071          22.32      1.52      0  01:42       0.601     0.000
  Node_10711125          22.43      1.55      0  01:36       0.604     0.000
  Node_11252250          22.88      1.40      0  01:09       0.616     0.000
  Node_1996              23.40      0.63      0  00:35       0.400     0.000
  Node_10201016          23.40      0.39      0  00:35       0.230     0.000
  Node_1997              23.68      0.99      0  00:19       0.627     0.000
  Node_11761157           4.59      0.02      0  19:24       0.002     0.000
  Node_11581160          23.42      1.00      0  00:34       0.631     0.000
  Node_11601161          23.47      1.00      0  00:31       0.632     0.000
  Node_11611162          23.49      1.00      0  00:30       0.633     0.000
  Node_11621164          23.53      1.00      0  00:28       0.633     0.000
  Node_11661168          23.49      1.00      0  00:30       0.632     0.000
  Node_22101124          23.67      1.07      0  00:19       0.637     0.000
  Node_11712213          23.35      1.74      0  00:39       0.629     0.000
  Node_22211170          23.53      1.00      0  00:28       0.634     0.000
  Node_22251168          23.56      1.01      0  00:26       0.634     0.000
  Node_11641166          23.48      1.00      0  00:31       0.632     0.000
  Node_22361162          23.50      1.01      0  00:29       0.633     0.000
  Node_22382236          23.49      1.02      0  00:30       0.633     0.000
  Node_11191124          23.66      1.71      0  00:20       0.637     0.000
  Node_2045              23.73      0.07      1  00:00       0.048     0.000
  Node_10822210          23.62      0.96      0  00:22       0.588     0.000
  Node_22462248          23.45      1.68      0  00:33       0.631     0.000
  Node_22481171          23.72     19.67      0  00:09       0.660     0.000
  Node_22501171          23.73     91.04      0  00:09       0.740     0.000
  Node_2054               0.01      0.67      0  00:25       0.000     0.000
  Node_22522253          23.58      1.28      0  00:25       0.635     0.000
  Node_2253994           23.64      1.24      0  00:21       0.637     0.000
  Node_2057               0.01      0.89      0  00:22       0.000     0.000
  Node_22532256          23.63      1.56      0  00:22       0.636     0.000
  Node_22642221          23.49      1.00      0  00:30       0.632     0.000
  Node_22672266          23.55      1.00      0  00:27       0.634     0.000
  Node_22662225          23.55      1.00      0  00:26       0.634     0.000
  Node_87                 0.01      0.39      0  00:27       0.000     0.000
  Node_2270302           23.55      1.02      0  00:27       0.634     0.000
  Node_22932291          23.64      2.08      0  00:21       0.637     0.000
  
  
  ***********************
  Outfall Loading Summary
  ***********************
  
  -----------------------------------------------------------
                         Flow       Avg       Max       Total
                         Freq      Flow      Flow      Volume
  Outfall Node           Pcnt       CFS       CFS    10^6 gal
  -----------------------------------------------------------
  809                   99.19      5.85      6.02       3.713
  -----------------------------------------------------------
  System                99.19      5.85      6.02       3.713
  
  
  ********************
  Link Flow Summary
  ********************
  
  -----------------------------------------------------------------------------
                                 Maximum  Time of Max   Maximum    Max/    Max/
                                  |Flow|   Occurrence   |Veloc|    Full    Full
  Link                 Type          CFS  days hr:min    ft/sec    Flow   Depth
  -----------------------------------------------------------------------------
  _67_6_85             CONDUIT      0.44     0  01:00      2.95    0.40    0.70
  _81_6_80             CONDUIT      0.44     0  04:28      3.14    0.37    0.71
  _80_6_79             CONDUIT      0.32     0  04:28      1.23    5.10    0.70
  _97_6_96             CONDUIT      0.75     0  01:40      3.01    0.82    0.69
  _96_6_95             CONDUIT      0.75     0  02:02      3.05    0.81    0.75
  4_172_4_180          CONDUIT      1.05     0  00:40      3.38    1.04    0.93
  4_173_4_176          CONDUIT      1.00     0  00:41      4.61    0.66    0.80
  4_174_4_175          CONDUIT      1.00     0  00:41      5.48    0.52    0.76
  4_171_4_170          CONDUIT      0.76     0  00:48      2.25    1.17    1.00
  4_167_4_166          CONDUIT      0.96     0  00:48      2.84    1.13    1.00
  4_166_4_165          CONDUIT      0.00     0  00:00      0.00    0.00    0.00
  4_165_4_164          CONDUIT      0.00     0  00:00      0.00    0.00    0.00
  4_164_4_163          CONDUIT      0.00     0  00:00      0.00    0.00    0.00
  4_163_4_162          CONDUIT      0.00     0  00:00      0.00    0.00    0.00
  4_162_4_161          CONDUIT      0.62     0  00:52      2.52    0.81    0.84
  4_137_4_136          CONDUIT      1.00     0  00:45      4.36    0.24    0.67
  4_136_4_135          CONDUIT      0.00     0  00:00      0.00    0.00    0.00
  4_135_4_134          CONDUIT      1.00     0  00:44      3.20    0.37    0.71
  4_134_4_133          CONDUIT      0.00     0  00:00      0.00    0.00    0.00
  4_133_4_132          CONDUIT      1.09     0  00:43      2.75    0.55    0.75
  4_132_4_131          CONDUIT      0.00     0  00:00      0.00    0.00    0.00
  4_131_4_130          CONDUIT      1.00     0  00:47      3.35    0.34    0.70
  4_130_4_129          CONDUIT      1.00     0  00:42      3.66    0.31    0.69
  4_128_4_127          CONDUIT      0.00     0  00:00      0.00    0.00    0.00
  4_127_4_126          CONDUIT      0.00     0  00:00      0.00    0.00    0.00
  4_126_4_125          CONDUIT      0.00     0  00:00      0.00    0.00    0.00
  4_125_4_124          CONDUIT      0.00     0  00:00      0.00    0.00    0.00
  4_124_4_123          CONDUIT      0.00     0  00:00      0.00    0.00    0.00
  4_123_4_122          CONDUIT      1.02     0  00:40      2.88    0.25    0.67
  _122_4_121           CONDUIT      1.00     0  00:39      3.02    0.22    0.66
  _121_4_120           CONDUIT      1.00     1  00:00      3.55    0.17    0.28
  _120_4_119           CONDUIT      1.00     0  01:00      4.09    0.14    0.26
  _97_4_98             CONDUIT      1.00     0  01:15      3.90    0.15    0.26
  _98_4_99             CONDUIT      1.00     0  01:00      4.58    0.12    0.25
  _99_4_100            CONDUIT      1.00     1  00:00      2.85    0.25    0.33
  _100_4_101           CONDUIT      0.00     0  00:00      0.00    0.00    0.00
  4_101_4_102          CONDUIT      1.09     0  00:40      2.61    0.32    0.71
  4_102_4_103          CONDUIT      1.05     0  00:40      2.72    0.29    0.68
  4_103_4_104          CONDUIT      1.00     0  00:40      3.02    0.22    0.66
  4_104_4_105          CONDUIT      1.00     0  00:41      3.62    0.31    0.69
  4_105_4_106          CONDUIT      0.00     0  00:00      0.00    0.00    0.00
  4_106_4_107          CONDUIT      1.00     0  00:42      3.65    0.31    0.69
  4_107_4_108          CONDUIT      0.00     0  00:00      0.00    0.00    0.00
  4_108_4_109          CONDUIT      0.00     0  00:00      0.00    0.00    0.00
  4_109_4_110          CONDUIT      0.00     0  00:00      0.00    0.00    0.00
  4_110_4_111          CONDUIT      0.00     0  00:00      0.00    0.00    0.00
  4_111_4_112          CONDUIT      0.00     0  00:00      0.00    0.00    0.00
  4_112_4_113          CONDUIT      0.00     0  00:00      0.00    0.00    0.00
  4_0_4_0              CONDUIT      1.03     0  00:38      3.49    0.99    0.90
  4_0__0               CONDUIT      1.00     0  00:36      5.20    0.56    0.77
  _0_3_167             CONDUIT      1.02     0  00:36      3.57    0.95    0.89
  4_168_4_155          CONDUIT      0.00     0  00:00      0.00    0.00    0.00
  4_155_4_154          CONDUIT      0.07     0  05:28      1.43    0.08    0.60
  3_27_3_26            CONDUIT      1.10     0  00:27      3.23    1.14    0.98
  3_27_3_28            CONDUIT      1.03     0  00:27      3.49    0.99    0.90
  3_28_3_29            CONDUIT      1.06     0  00:28      3.27    1.09    0.96
  _59_5_60             CONDUIT      0.00     0  00:00      0.00    0.00    0.50
  _59_5_63             CONDUIT      1.89     0  00:39      5.69    1.07    1.00
  _63_5_64             CONDUIT      1.01     0  00:42      3.57    0.94    0.88
  _64_5_65             CONDUIT      1.00     0  00:36      3.94    0.80    0.71
  3_127_3_126          CONDUIT      1.00     0  00:27      7.27    0.36    0.71
  3_126_3_125          CONDUIT      0.00     0  00:00      0.00    0.00    0.00
  _66_6_67             CONDUIT      0.56     0  00:37      5.13    0.26    0.35
  _85_6_84             CONDUIT      0.44     1  00:00      1.64    1.16    0.71
  _66_5_63             CONDUIT      1.00     0  00:35      6.25    0.44    0.73
  _84_6_83             CONDUIT      0.44     1  00:00      2.79    0.43    0.46
  _83_6_82             CONDUIT      0.44     0  02:43      2.99    0.39    0.43
  _82_6_81             CONDUIT      0.44     0  03:43      3.71    0.29    0.39
  _79_6_77             CONDUIT      0.32     0  05:17      2.11    0.13    0.62
  _78_6_77             CONDUIT      1.02     0  05:15      3.32    1.04    0.92
  _104_6_103           CONDUIT      1.00     0  00:29      4.41    0.69    0.81
  _103_6_102           CONDUIT      1.53     0  00:40      4.57    1.08    1.00
  _102_6_91            CONDUIT      1.15     0  00:56      3.53    1.08    1.00
  500                  CONDUIT      0.95     0  00:31      2.93    1.09    1.00
  _107_6_108           CONDUIT      1.00     0  00:34      7.52    0.34    0.70
  6_108_6_109          CONDUIT      1.01     0  00:34      7.80    0.33    0.70
  6_109_6_110          CONDUIT      1.01     0  00:34      8.49    0.29    0.68
  6_110_6_111          CONDUIT      1.01     0  00:35      8.00    0.31    0.69
  6_111_6_112          CONDUIT      1.01     0  00:37      8.24    0.30    0.69
  _100_6_99            CONDUIT      1.00     0  00:34      5.17    0.56    0.60
  _99_6_98             CONDUIT      1.00     0  00:51      4.01    0.78    0.83
  _98_6_97             CONDUIT      0.74     0  01:39      2.34    1.10    0.85
  _95_6_93             CONDUIT      0.73     1  00:00      2.72    0.93    0.71
  _93_6_92             CONDUIT      0.75     0  15:47      4.33    0.27    0.36
  _92_6_91             CONDUIT      0.75     0  15:47      1.87    0.33    0.70
  _99_6_101            CONDUIT      1.00     0  00:34      5.98    0.47    0.74
  501                  CONDUIT      1.00     0  00:27      7.18    0.36    0.42
  6_105_6_106          CONDUIT      1.00     0  00:36      5.73    0.49    0.75
  _82_3_161            CONDUIT      0.44     0  00:40      4.67    0.21    0.65
  3_161_3_160          CONDUIT      0.00     0  00:00      0.00    0.00    0.00
  3_160_3_159          CONDUIT      1.00     0  00:35      5.66    0.50    0.75
  3_159_3_158          CONDUIT      0.00     0  00:00      0.00    0.00    0.00
  3_162_3_163          CONDUIT      1.00     0  00:36      7.53    0.34    0.70
  3_163_3_164          CONDUIT      0.00     0  00:00      0.00    0.00    0.00
  3_164_3_165          CONDUIT      1.00     0  00:38      7.07    0.37    0.71
  3_142_3_141          CONDUIT      1.00     0  00:34      7.04    0.37    0.71
  3_141_3_140          CONDUIT      1.00     0  00:31      3.92    0.80    0.84
  3_140_3_139          CONDUIT      0.00     0  00:00      0.00    0.00    0.00
  3_139_3_143          CONDUIT      0.78     0  00:36      2.33    1.25    1.00
  3_143_3_144          CONDUIT      1.00     0  00:30      4.24    0.73    0.82
  3_153_3_158          CONDUIT      1.00     0  00:32      6.00    0.46    0.74
  2502                 CONDUIT      1.00     0  00:33      5.01    0.59    0.78
  3_154_3_155          CONDUIT      1.00     0  00:34      6.29    0.44    0.73
  3_155_3_156          CONDUIT      1.00     0  00:37      6.67    0.40    0.72
  3_156_3_157          CONDUIT      0.00     0  00:00      0.00    0.00    0.00
  3_152_3_151          CONDUIT      0.00     0  00:00      0.00    0.00    0.00
  3_151_3_150          CONDUIT      0.00     0  00:00      0.00    0.00    0.00
  3_150_3_0            CONDUIT      1.00     0  00:35      6.29    0.44    0.73
  3_148_3_147          CONDUIT      1.00     0  00:32      4.99    0.59    0.78
  3_147_3_153          CONDUIT      1.01     0  00:31      3.63    0.91    0.87
  3_138_3_137          CONDUIT      1.00     0  00:31      3.87    0.82    0.84
  3_137_3_133          CONDUIT      1.02     0  00:29      9.66    0.24    0.67
  3_133_3_139          CONDUIT      1.00     0  00:29      5.45    0.53    0.76
  2503                 CONDUIT      1.00     0  00:30      4.41    0.69    0.81
  3_134_3_135          CONDUIT      1.01     0  00:30      8.27    0.30    0.69
  3_135_3_136          CONDUIT      1.00     0  00:33      5.96    0.47    0.74
  3_130_3_127          CONDUIT      1.01     0  00:27      7.87    0.32    0.69
  2504                 CONDUIT      0.93     0  00:32      2.74    1.15    1.00
  3_132_3_131          CONDUIT      0.00     0  00:00      0.00    0.00    0.00
  3_147_3_164          CONDUIT      1.01     0  00:30      7.98    0.32    0.69
  _93_6_94             CONDUIT      0.02     0  15:47      0.25    0.01    0.21
  _94_4_140            CONDUIT      0.02     0  02:34      1.46    0.01    0.07
  _140_4_141           CONDUIT      1.00     0  02:16      3.12    0.66    0.57
  _141_4_142           CONDUIT      1.01     0  02:12      2.27    1.16    0.79
  _142_4_143           CONDUIT      1.04     0  01:52      3.02    0.73    0.80
  _143_4_144           CONDUIT      1.02     0  01:36      2.79    0.81    0.67
  _144_4_145           CONDUIT      1.00     0  01:16      4.72    0.64    0.70
  _145_4_146           CONDUIT      1.00     1  00:00      4.33    0.71    0.62
  _146_4_147           CONDUIT      1.00     0  00:39      4.96    0.60    0.59
  506                  CONDUIT      1.00     1  00:00      5.69    0.28    0.36
  4_148_4_149          CONDUIT      1.00     0  00:35      3.66    0.51    0.75
  4_149_4_157          CONDUIT      1.00     0  00:36      5.21    0.31    0.69
  4_157_4_158          CONDUIT      1.01     0  00:38      3.69    0.88    0.86
  4_150_4_151          CONDUIT      1.00     0  00:36      5.95    0.26    0.67
  4_151_4_152          CONDUIT      1.01     0  00:37      3.63    0.91    0.87
  4_152_4_153          CONDUIT      0.00     0  00:00      0.00    0.00    0.00
  4_153_4_154          CONDUIT      1.06     0  00:38      3.07    1.25    1.00
  4_169_4_168          CONDUIT      1.17     0  00:39      2.56    1.02    0.90
  2507                 CONDUIT      1.17     0  00:39      2.29    1.19    0.98
  2505                 CONDUIT      1.04     0  00:36      3.33    1.13    1.00
  4_159_4_160          CONDUIT      1.05     0  00:37      3.28    1.08    0.96
  4_169_4_177          CONDUIT      1.17     0  00:39      2.42    1.10    0.94
  4_181_4_178          CONDUIT      0.00     0  00:00      0.00    0.00    0.00
  4_170_4_169          CONDUIT      0.75     0  00:48      2.23    1.15    1.00
  _119_4_118           CONDUIT      1.00     0  01:18      3.86    0.15    0.26
  _96_4_97             CONDUIT      1.00     1  00:00      4.07    0.14    0.25
  _2201_2_2203         CONDUIT     11.37     0  06:19      2.33    0.18    0.55
  _2203_2_8            CONDUIT     10.52     0  04:42      4.84    0.15    0.28
  _8_2_8               CONDUIT      0.73     0  00:29      7.94    0.21    0.65
  _8_2_9               CONDUIT      0.71     0  00:15      2.38    1.01    0.80
  _2203_2_1            CONDUIT      0.85     1  00:00      2.74    1.66    0.83
  _1_2_4               CONDUIT      0.95     0  00:37      2.79    1.42    1.00
  _4_2_5               CONDUIT      0.85     0  00:30      2.60    1.10    1.00
  _52_1_53             CONDUIT      0.85     0  00:44      2.60    1.12    1.00
  _53_1_54             CONDUIT      0.93     0  00:29      2.88    1.10    1.00
  _3_8_4               CONDUIT      3.31     0  03:02      2.49    0.97    0.99
  _4_8_12              CONDUIT      2.79     0  02:37      4.01    0.49    0.75
  _12_8_13             CONDUIT      2.79     1  00:00      2.76    1.31    0.77
  _13_8_47             CONDUIT      1.66     0  03:53      2.46    0.66    0.80
  _47_8_48             CONDUIT      1.66     0  03:52      3.21    0.75    0.63
  _48_8_53             CONDUIT      1.26     0  03:48      1.94    2.11    0.83
  _53_8_54             CONDUIT      1.38     0  03:01      1.76    1.90    1.00
  _54_8_84             CONDUIT      0.82     0  01:39      3.31    0.27    0.68
  _4_8_5               CONDUIT      0.52     0  02:25      2.50    0.50    0.74
  _5_8_6               CONDUIT      0.52     0  02:25      1.82    1.23    0.75
  _6_8_7               CONDUIT      0.71     0  01:44      3.17    0.70    0.81
  _7_8_8               CONDUIT      0.71     0  01:28      2.89    0.81    0.66
  _10_8_11             CONDUIT      0.88     0  00:32      2.72    1.10    1.00
  _1_2_2               CONDUIT      0.71     0  00:45      2.17    1.12    1.00
  _2_2_3               CONDUIT      1.02     0  00:29      3.16    1.09    1.00
  _2204_2_10           CONDUIT      0.88     0  00:55      2.82    1.05    0.83
  _10_2_13             CONDUIT      0.73     0  00:52      2.15    1.08    1.00
  _13_2_16             CONDUIT      0.79     0  00:52      2.41    1.17    1.00
  _10_2_11             CONDUIT      0.76     0  00:52      2.31    1.11    1.00
  _11_2_12             CONDUIT      1.03     0  00:28      3.21    1.08    0.97
  _13_2_14             CONDUIT      0.54     0  00:51      2.71    0.61    0.78
  _14_2_15             CONDUIT      0.52     0  00:51      1.83    1.04    0.75
  _16_2_17             CONDUIT      1.00     0  00:44      4.01    0.78    0.83
  _17_2_18             CONDUIT      1.00     0  00:31      3.56    0.93    0.75
  _54_8_55             CONDUIT      0.55     0  02:56      3.74    0.40    0.44
  _55_8_56             CONDUIT      0.55     0  02:21      2.82    0.60    0.55
  _56_8_57             CONDUIT      0.56     0  02:16      2.81    0.61    0.56
  _64_8_57             CONDUIT      1.18     0  01:57      3.69    1.02    1.00
  _57_8_58             CONDUIT      1.62     0  01:38      4.88    1.07    1.00
  _58_8_36             CONDUIT      1.18     0  01:48      3.59    1.08    1.00
  _36_8_37             CONDUIT      1.04     0  09:22      4.05    0.80    0.84
  _48_8_49             CONDUIT      0.44     0  03:55      2.44    0.30    0.53
  _49_8_50             CONDUIT      0.44     0  03:24      1.59    1.38    0.73
  _50_8_51             CONDUIT      0.51     0  03:17      2.62    0.59    0.77
  _51_8_52             CONDUIT      0.50     0  02:51      2.59    0.59    0.55
  _52_8_36             CONDUIT      0.49     0  02:23      1.62    1.18    0.89
  _13_8_14             CONDUIT      2.55     0  01:49      3.45    0.56    0.77
  _14_8_15             CONDUIT      2.55     0  01:49      2.55    1.65    0.76
  _15_8_16             CONDUIT      2.57     0  01:36      2.63    1.01    1.00
  _16_8_17             CONDUIT      3.42     0  02:04      3.41    0.77    0.83
  _17_8_19             CONDUIT      0.84     0  00:17      2.78    1.02    0.82
  _17_8_20             CONDUIT      1.77     0  02:01      2.37    1.22    0.90
  _20_8_21             CONDUIT      2.16     0  02:16      2.96    0.91    0.87
  _21_8_22             CONDUIT      2.16     0  02:02      3.45    0.90    0.76
  _22_8_34             CONDUIT      0.33     0  02:00      1.18    1.35    1.00
  _34_8_35             CONDUIT      1.04     0  02:00      3.10    1.13    1.00
  _35_8_36             CONDUIT      1.34     0  01:59      3.90    1.24    1.00
  _17_8_18             CONDUIT      0.81     0  00:15      2.66    1.03    0.82
  _24_8_23             CONDUIT      1.00     0  00:28      3.77    0.84    0.85
  _23_8_22             CONDUIT      0.91     0  01:34      2.81    1.10    1.00
  _2108_1_2201         CONDUIT     13.44     0  06:26      1.50    0.67    0.88
  _52_1_51             CONDUIT      0.75     0  02:17      2.32    1.09    0.90
  _51_1_65             CONDUIT      0.49     0  00:54      2.07    0.80    0.71
  _65_1_44             CONDUIT      0.50     0  00:37      2.59    0.60    0.61
  _44_1_43             CONDUIT      0.54     0  00:39      2.39    0.74    0.68
  _43_1_42             CONDUIT      0.56     0  01:43      2.26    0.82    0.73
  _42_1_34             CONDUIT      0.47     0  01:02      2.29    0.65    0.70
  _34_1_33             CONDUIT      0.57     0  00:33      2.77    0.65    0.61
  _36_1_37             CONDUIT      0.99     0  00:27      3.07    1.09    1.00
  _45_1_46             CONDUIT      0.58     0  00:43      2.21    0.89    0.69
  _46_1_47             CONDUIT      0.61     0  00:39      2.36    0.87    0.73
  _47_1_56             CONDUIT      0.44     0  00:35      2.21    0.65    0.60
  _56_1_55             CONDUIT      0.47     0  00:49      2.36    0.61    0.78
  _55_1_57             CONDUIT      0.78     0  00:50      2.38    1.11    1.00
  _57_1_58             CONDUIT      0.79     0  00:50      2.48    1.09    1.00
  _58_1_59             CONDUIT      0.83     0  00:30      2.56    1.10    1.00
  _40_1_41             CONDUIT      0.89     0  00:26      3.34    0.87    0.86
  _41_1_48             CONDUIT      0.15     0  02:37      1.05    0.41    0.42
  _48_1_49             CONDUIT      0.16     0  01:40      1.71    0.21    0.34
  _49_1_50             CONDUIT      0.17     0  00:28      1.02    0.66    0.49
  _50_1_61             CONDUIT      0.88     0  00:30      2.79    1.07    0.94
  _61_1_60             CONDUIT      0.86     0  00:45      2.67    1.10    1.00
  _60_1_62             CONDUIT      0.81     0  00:48      2.52    1.04    1.00
  _62_1_63             CONDUIT      0.83     0  00:46      2.53    1.11    1.00
  _63_1_64             CONDUIT      0.92     0  00:29      2.84    1.10    1.00
  _16_7_17             CONDUIT      4.73     0  02:56      2.58    0.46    0.74
  _17_7_18             CONDUIT      4.73     0  02:56      4.16    0.47    0.48
  512                  CONDUIT      4.73     0  02:55      2.77    5.60    0.67
  _19_7_21             CONDUIT      3.73     1  00:00      2.03    0.70    0.79
  _21_7_22             CONDUIT      3.73     0  02:55      2.29    1.58    0.77
  _22_7_23             CONDUIT      3.73     0  02:25      4.00    0.55    0.73
  _23_7_24             CONDUIT      3.73     0  02:14      2.82    1.27    0.70
  _24_7_25             CONDUIT      3.74     0  02:13      2.33    1.23    0.91
  _25_7_26             CONDUIT      3.75     0  02:13      2.13    6.55    0.98
  _26_8_1              CONDUIT      3.31     0  02:49      2.34    0.49    0.75
  _1_8_2               CONDUIT      3.31     0  02:48      3.72    0.51    0.50
  _33_7_34             CONDUIT      0.56     0  03:04      2.29    0.83    0.66
  _34_7_35             CONDUIT      0.58     0  01:44      2.68    0.70    0.70
  _35_7_36             CONDUIT      0.58     0  01:04      2.68    0.70    0.60
  _36_7_37             CONDUIT      0.59     0  01:02      2.50    0.78    0.66
  _37_7_32             CONDUIT      0.58     0  00:40      2.46    0.77    0.67
  _32_7_31             CONDUIT      0.47     0  00:37      2.50    0.58    0.52
  _31_7_27             CONDUIT      0.46     0  00:56      2.47    0.58    0.76
  _27_7_28             CONDUIT      0.83     0  00:57      2.66    1.07    0.94
  _28_7_29             CONDUIT      0.80     0  00:51      2.51    1.08    0.94
  _29_7_30             CONDUIT      0.81     0  00:35      2.49    1.10    0.99
  _38_7_39             CONDUIT      1.17     0  00:40      2.39    1.12    1.00
  _39_7_40             CONDUIT      1.70     0  00:28      3.33    1.18    1.00
  _40_7_43             CONDUIT      1.10     0  01:05      2.08    0.99    1.00
  _43_7_44             CONDUIT      1.23     0  01:04      2.51    1.13    1.00
  _44_7_45             CONDUIT      1.27     0  00:54      2.57    1.12    1.00
  _45_7_47             CONDUIT      0.75     0  01:15      2.35    0.84    0.85
  _47_7_48             CONDUIT      0.75     0  01:15      2.44    1.05    0.83
  _48_7_49             CONDUIT      0.78     0  00:35      2.41    1.10    0.99
  _61_7_62             CONDUIT      0.44     1  00:00      1.60    1.04    0.73
  _62_7_63             CONDUIT      0.98     0  00:41      3.08    1.08    1.00
  _63_7_65             CONDUIT      0.72     0  01:28      2.28    0.83    0.85
  _65_7_66             CONDUIT      0.72     0  01:28      2.30    1.07    0.85
  _66_7_0              CONDUIT      0.80     0  00:35      2.47    1.10    1.00
  _50_7_52             CONDUIT      0.46     0  01:14      1.75    0.87    0.74
  _52_7_53             CONDUIT      0.45     0  01:09      1.88    0.79    0.69
  _53_7_54             CONDUIT      0.78     0  00:31      2.30    1.16    1.00
  _2108_1_42           CONDUIT      1.92     0  02:03      3.99    1.04    0.92
  _42_1_45             CONDUIT      0.87     0  02:38      2.13    0.63    0.73
  _45_1_48             CONDUIT      0.30     0  02:37      1.84    0.36    0.47
  _19_7_20             CONDUIT      1.01     0  01:51      3.61    0.92    0.87
  _41_7_40             CONDUIT      1.00     0  00:21      3.90    0.81    0.84
  _40_7_42             CONDUIT      1.00     0  00:21      3.85    0.82    0.85
  _63_7_64             CONDUIT      0.98     0  00:50      3.03    1.11    1.00
  _2201_1_51           CONDUIT      2.08     0  04:44      4.32    1.03    0.84
  _51_1_55             CONDUIT      0.88     0  00:54      1.87    1.16    0.93
  _55_1_60             CONDUIT      1.24     0  00:50      2.48    1.13    1.00
  _26_7_27             CONDUIT      1.02     0  02:11      3.14    1.09    1.00
  _46_7_45             CONDUIT      0.62     0  00:42      2.01    1.18    1.00
  _45_7_50             CONDUIT      0.91     0  01:11      2.63    1.06    1.00
  _2104_1_2105         CONDUIT      3.17     0  02:35      0.54    0.07    0.59
  _2105_1_2107         CONDUIT     15.85     0  06:32      2.20    0.34    0.70
  _21_1_20             CONDUIT      0.89     0  00:28      2.74    1.09    1.00
  _20_1_17             CONDUIT      0.71     0  00:49      2.19    1.12    1.00
  _17_1_18             CONDUIT      0.60     0  00:49      1.91    1.17    1.00
  _18_1_19             CONDUIT      0.85     0  00:27      2.63    1.10    1.00
  _33_1_32             CONDUIT      0.58     0  00:40      2.85    0.62    0.78
  _26_1_25             CONDUIT      0.52     0  00:40      1.69    1.14    0.99
  _25_1_22             CONDUIT      0.54     0  00:52      1.78    1.09    0.94
  _22_1_23             CONDUIT      0.61     0  00:52      1.91    1.14    1.00
  _23_1_24             CONDUIT      0.71     0  00:33      2.20    1.11    1.00
  _29_1_28             CONDUIT      0.57     0  00:41      1.83    1.12    0.98
  _28_1_27             CONDUIT      0.61     0  00:51      1.97    1.08    1.00
  _27_1_30             CONDUIT      0.51     0  00:52      1.92    0.90    0.84
  _30_1_31             CONDUIT      0.47     0  00:23      2.58    0.55    0.68
  _31_1_38             CONDUIT      0.58     0  00:24      2.48    0.77    0.82
  _38_1_40             CONDUIT      0.68     0  00:27      1.96    1.06    1.00
  _71_5_74             CONDUIT      0.82     0  00:35      2.49    1.11    1.00
  _74_5_75             CONDUIT      0.92     0  00:28      2.84    1.09    1.00
  _85_5_86             CONDUIT      0.53     0  01:07      2.08    0.85    0.79
  _86_5_87             CONDUIT      0.49     0  00:36      2.24    0.73    0.68
  _87_7_15             CONDUIT      0.56     0  00:39      2.18    0.86    0.72
  _164_7_16            CONDUIT      4.04     0  01:56      2.17    0.66    0.73
  _70_5_76             CONDUIT      5.01     0  02:46      2.62    0.31    0.83
  _76_5_77             CONDUIT      5.01     0  02:12      3.93    0.18    0.50
  _77_5_78             CONDUIT      5.01     0  02:12      3.08    0.56    0.37
  _78_5_79             CONDUIT      5.01     0  02:11      2.89    0.23    0.38
  _81_5_82             CONDUIT      0.84     0  00:30      2.58    1.10    1.00
  _12_7_11             CONDUIT      0.58     0  01:59      1.97    1.03    0.77
  _11_7_10             CONDUIT      0.58     0  01:59      2.70    0.68    0.58
  _10_7_33             CONDUIT      0.56     1  00:00      2.90    0.59    0.54
  _11_5_12             CONDUIT      0.75     0  00:45      2.35    1.11    1.00
  _12_5_13             CONDUIT      0.98     0  00:26      3.01    1.10    1.00
  _2_6_1               CONDUIT      0.81     0  00:13      2.65    1.05    0.82
  _2_7_3               CONDUIT      2.49     1  00:00      0.75    0.15    0.78
  _4_7_5               CONDUIT      2.49     1  00:00      1.89    0.29    0.46
  _5_7_6               CONDUIT      2.49     0  08:30      2.06    0.21    0.37
  _6_7_7               CONDUIT      2.49     0  08:30      2.81    0.12    0.27
  _7_7_8               CONDUIT      2.49     0  08:30      3.18    0.15    0.25
  _8_7_38              CONDUIT      1.03     0  00:45      2.29    1.11    0.77
  _16_5_17             CONDUIT      0.33     0  01:25      1.26    1.25    0.70
  _6_6_5               CONDUIT      0.80     0  00:29      2.53    1.16    1.00
  _5_6_4               CONDUIT      0.62     1  00:00      2.10    1.07    0.77
  _4_7_7               CONDUIT      0.43     0  00:24      2.29    0.58    0.52
  _56_7_61             CONDUIT      0.44     0  01:57      2.61    0.27    0.53
  _8_1_9               CONDUIT      0.76     0  00:43      2.40    1.12    1.00
  _2104_1_12           CONDUIT      0.61     1  00:00      2.21    0.94    0.73
  _12_1_13             CONDUIT      0.61     0  01:18      1.98    1.10    0.87
  _15_1_16             CONDUIT      1.01     0  00:25      3.55    0.95    0.89
  _2105_1_17           CONDUIT      1.84     0  01:28      3.68    1.09    1.00
  _17_1_22             CONDUIT      1.44     0  00:52      2.72    1.05    1.00
  _22_1_27             CONDUIT      0.85     0  00:52      1.70    1.06    1.00
  _2107_1_32           CONDUIT      0.53     0  00:43      1.86    1.10    0.75
  _32_1_35             CONDUIT      1.50     0  00:40      3.32    0.99    0.90
  _35_1_38             CONDUIT      0.76     0  00:35      1.68    1.54    0.91
  _38_1_39             CONDUIT      0.70     0  00:25      2.18    1.11    1.00
  _13_7_10             CONDUIT      4.06     1  00:00      2.68    0.57    0.85
  _10_7_9              CONDUIT      2.92     0  08:30      1.45    0.96    0.78
  _9_7_8               CONDUIT      2.92     1  00:00      2.60    0.35    0.64
  _8_7_55              CONDUIT      0.99     0  08:30      2.35    0.97    0.72
  _55_7_56             CONDUIT      0.99     1  00:00      1.89    1.66    0.92
  _57_7_8              CONDUIT      3.39     0  06:47      2.44    1.96    0.73
  _60_7_59             CONDUIT      0.60     0  00:33      2.00    1.24    1.00
  _79_6_80             CONDUIT      5.01     0  02:14      3.01    0.35    0.37
  _1_6_3               CONDUIT      3.61     1  00:00      3.78    0.62    0.53
  _3_6_4               CONDUIT      3.61     0  02:16      4.08    0.40    0.51
  _71_5_70             CONDUIT      0.49     0  01:01      1.61    1.57    1.00
  3_15_3_14            CONDUIT      1.00     0  00:25      5.92    0.47    0.74
  5_33_5_32            CONDUIT      1.04     0  00:24      3.05    1.14    1.00
  5_32_5_31            CONDUIT      0.79     0  00:28      2.35    1.14    1.00
  5_31_5_30            CONDUIT      0.88     0  00:25      2.57    1.18    1.00
  _30_5_25             CONDUIT      0.75     0  00:27      2.24    1.22    1.00
  3_17_3_16            CONDUIT      1.00     0  00:26      6.66    0.40    0.72
  5_40_5_39            CONDUIT      0.88     0  00:27      2.58    1.15    1.00
  5_39_5_38            CONDUIT      1.05     0  00:24      3.33    1.05    0.94
  5_38_5_37            CONDUIT      0.82     0  00:27      2.39    1.19    1.00
  _37_5_34             CONDUIT      0.80     0  00:27      2.37    1.31    1.00
  _34_5_35             CONDUIT      0.88     1  00:00      2.88    1.03    0.83
  _35_5_36             CONDUIT      1.03     0  00:30      3.20    1.08    0.95
  3_19_3_18            CONDUIT      1.00     0  00:25      5.23    0.56    0.77
  5_47_5_46            CONDUIT      0.77     0  00:30      2.27    1.16    1.00
  5_46_5_45            CONDUIT      0.85     0  00:27      2.50    1.16    1.00
  5_45_5_44            CONDUIT      0.88     0  00:26      2.56    1.21    1.00
  _44_5_41             CONDUIT      0.88     0  00:26      2.55    1.20    1.00
  _41_5_42             CONDUIT      0.80     0  00:59      2.44    1.11    1.00
  _42_5_43             CONDUIT      0.91     0  00:31      2.81    1.09    1.00
  _0_3_113             CONDUIT      0.00     0  00:00      0.00    0.00    0.00
  3_113_3_20           CONDUIT      1.02     0  00:23      8.57    0.03    0.56
  5_51_5_50            CONDUIT      0.04     0  06:35      1.09    0.05    0.57
  5_50_5_49            CONDUIT      1.06     0  00:25      3.06    1.17    1.00
  _49_5_48             CONDUIT      0.97     0  00:26      2.85    1.15    1.00
  _48_5_52             CONDUIT      0.70     0  02:28      2.10    0.96    0.89
  _52_5_53             CONDUIT      0.73     0  01:41      2.82    0.86    0.74
  _53_5_54             CONDUIT      0.70     0  01:04      2.67    1.03    0.69
  3_23_3_22            CONDUIT      0.84     0  00:30      2.48    1.14    1.00
  _0_3_124             CONDUIT      1.01     0  00:25      9.49    0.25    0.67
  3_124_3_123          CONDUIT      0.36     0  00:49      5.62    0.12    0.62
  3_123_3_26           CONDUIT      0.64     0  00:33      6.75    0.21    0.66
  _60_5_61             CONDUIT      0.00     0  00:00      0.00    0.00    0.00
  3_14_3_16            CONDUIT      1.07     0  00:23      2.60    0.19    0.64
  3_16_3_18            CONDUIT      1.07     0  00:24      2.59    0.19    0.64
  3_18_3_20            CONDUIT      1.09     0  00:25      2.57    0.20    0.64
  3_20_3_21            CONDUIT      1.02     0  00:24      3.24    0.63    0.79
  3_21_3_22            CONDUIT      0.98     0  00:26      2.87    1.16    1.00
  3_22_3_24            CONDUIT      0.84     0  00:29      2.49    1.21    1.00
  3_24_3_25            CONDUIT      0.78     0  00:30      2.33    1.22    1.00
  3_25_3_26            CONDUIT      1.00     0  00:25      4.27    0.72    0.82
  _0__0                CONDUIT      1.15     0  00:26      2.40    0.23    0.65
  _25_5_34             CONDUIT      1.71     0  00:54      2.61    1.02    1.00
  _34_5_41             CONDUIT      0.88     0  00:59      1.66    1.11    1.00
  _41_5_48             CONDUIT      1.17     0  01:04      2.17    1.07    1.00
  _48_5_58             CONDUIT      1.74     0  00:54      5.31    1.06    0.94
  _51_7_50             CONDUIT      0.61     0  01:08      1.96    1.15    1.00
  _73_7_74             CONDUIT      2.20     0  03:16      2.60    0.63    0.70
  _74_7_87             CONDUIT      1.25     0  03:15      1.93    0.46    0.52
  _87_7_88             CONDUIT      1.31     0  02:50      3.18    0.23    0.40
  _88_7_107            CONDUIT      0.64     0  02:49      0.80    0.21    0.66
  _107_7_108           CONDUIT      3.52     0  03:24      4.09    0.77    0.83
  _108_7_122           CONDUIT      3.00     0  03:02      2.89    1.34    0.83
  _122_7_123           CONDUIT      4.58     0  01:17      3.94    1.04    1.00
  _123_7_124           CONDUIT      1.04     0  01:18      3.75    0.90    0.87
  _124_7_125           CONDUIT      1.04     0  00:34      3.21    1.45    0.86
  _125_7_126           CONDUIT      0.97     0  00:23      2.97    1.10    1.00
  508                  CONDUIT      3.64     0  01:47      3.62    0.90    0.87
  _127_7_128           CONDUIT      3.67     0  01:13      4.40    0.77    0.70
  _128_7_129           CONDUIT      3.64     0  01:47      4.50    0.70    0.64
  _129_7_130           CONDUIT      3.64     0  01:47      3.43    6.25    0.81
  _130_7_131           CONDUIT      3.64     0  01:46      3.98    0.81    0.77
  _132_7_133           CONDUIT      2.01     0  00:42      3.90    0.73    0.72
  _133_7_134           CONDUIT      2.00     0  00:33      2.96    5.72    0.82
  _134_7_135           CONDUIT      1.00     0  00:26      6.01    0.15    0.32
  _74_7_75             CONDUIT      0.95     0  01:29      4.46    0.64    0.58
  _75_7_76             CONDUIT      0.95     1  00:00      3.78    0.79    0.67
  _76_7_77             CONDUIT      0.96     0  01:13      3.09    1.05    0.84
  _77_7_78             CONDUIT      1.06     0  01:13      3.17    1.13    1.00
  _78_7_79             CONDUIT      0.97     0  01:13      2.97    1.11    1.00
  _78_7_80             CONDUIT      0.93     0  01:15      2.81    0.95    0.89
  _80_7_81             CONDUIT      0.94     0  01:14      3.27    0.97    0.78
  _81_7_82             CONDUIT      0.93     0  01:13      2.88    1.10    0.91
  _82_7_83             CONDUIT      1.15     0  00:43      3.38    1.22    1.00
  _83_7_84             CONDUIT      1.01     0  00:33      3.10    1.10    1.00
  _83_7_85             CONDUIT      0.76     0  00:33      2.32    1.03    1.00
  _85_7_86             CONDUIT      0.92     0  00:33      2.83    1.10    1.00
  _88_7_89             CONDUIT      0.99     1  00:00      3.80    0.83    0.69
  _89_7_90             CONDUIT      0.99     0  02:47      3.19    1.05    0.84
  _90_7_91             CONDUIT      1.03     0  02:38      3.18    1.10    0.98
  _91_7_92             CONDUIT      1.12     0  02:24      3.46    1.09    1.00
  _92_7_93             CONDUIT      1.10     0  02:11      4.41    0.78    0.83
  _93_7_94             CONDUIT      0.62     0  02:00      2.83    0.69    0.63
  _94_7_95             CONDUIT      0.60     0  02:00      1.99    1.12    0.81
  _95_7_96             CONDUIT      0.97     0  01:13      3.89    0.78    0.83
  _96_7_97             CONDUIT      0.97     0  00:50      3.14    1.05    0.85
  _97_7_98             CONDUIT      1.00     0  00:45      3.86    0.82    0.84
  _98_7_99             CONDUIT      1.00     0  00:30      3.84    0.82    0.69
  _93_7_100            CONDUIT      0.51     0  02:02      3.63    0.34    0.53
  _100_7_101           CONDUIT      0.51     0  01:37      1.79    1.12    0.75
  _101_7_102           CONDUIT      0.91     0  01:34      2.82    1.11    1.00
  _102_7_103           CONDUIT      0.95     0  01:18      3.06    1.06    0.93
  _103_7_104           CONDUIT      0.96     0  01:03      3.23    1.00    0.86
  _104_7_105           CONDUIT      0.93     0  00:52      2.90    1.09    0.92
  _105_7_106           CONDUIT      1.00     0  00:30      3.95    0.80    0.84
  _136_7_137           CONDUIT      1.64     0  01:07      2.53    5.73    0.77
  _144_7_145           CONDUIT      1.00     0  00:47      3.65    0.31    0.38
  _137_7_138           CONDUIT      1.00     0  01:20      2.87    0.36    0.71
  _138_7_139           CONDUIT      1.00     0  00:49      3.11    0.39    0.43
  _139_7_140           CONDUIT      1.01     0  00:47      3.04    0.41    0.44
  _140_7_0             CONDUIT      1.00     0  00:32      3.12    0.39    0.44
  _108_7_109           CONDUIT      0.52     0  03:23      2.77    0.37    0.52
  _109_7_110           CONDUIT      0.52     0  03:23      3.18    0.45    0.47
  _110_7_111           CONDUIT      0.38     0  00:20      1.42    2.20    0.71
  509                  CONDUIT      0.14     0  03:11      1.23    0.13    0.36
  _112_7_113           CONDUIT      0.16     0  01:26      1.45    0.30    0.35
  _121_7_120           CONDUIT      0.80     0  00:54      2.47    1.10    1.00
  _120_7_119           CONDUIT      0.87     0  00:52      2.84    1.04    1.00
  _119_7_118           CONDUIT      0.68     1  00:00      2.41    0.96    0.75
  _118_7_113           CONDUIT      0.68     0  01:25      3.61    0.55    0.76
  _114_7_115           CONDUIT      0.86     0  01:18      2.71    1.08    0.88
  _115_7_116           CONDUIT      1.03     0  00:46      3.48    0.98    0.89
  _116_7_117           CONDUIT      1.00     0  00:30      6.03    0.46    0.64
  _56_4_57             CONDUIT      1.03     0  05:17      1.91    1.12    0.91
  _57_4_58             CONDUIT      1.04     0  05:00      2.49    0.63    0.73
  _58_4_59             CONDUIT      1.03     0  04:44      2.09    0.84    0.65
  _59_4_60             CONDUIT      0.99     0  04:45      2.40    0.73    0.71
  _60_4_61             CONDUIT      1.00     0  04:10      3.00    0.42    0.56
  _61_4_62             CONDUIT      0.99     0  03:56      2.02    0.95    0.61
  _62_4_63             CONDUIT      0.98     0  03:37      3.71    0.29    0.57
  _63_4_64             CONDUIT      0.98     1  00:00      3.27    0.35    0.41
  _64_4_65             CONDUIT      0.98     0  03:14      2.72    0.50    0.47
  _65_4_66             CONDUIT      1.01     0  02:49      1.68    1.54    0.76
  _66_4_67             CONDUIT      1.08     0  02:31      2.29    0.77    0.88
  _67_4_68             CONDUIT      1.04     0  02:13      2.76    0.52    0.63
  _68_4_69             CONDUIT      1.02     0  01:57      2.64    0.57    0.53
  _69_4_70             CONDUIT      1.01     0  01:40      3.05    0.42    0.50
  _70_4_71             CONDUIT      1.01     0  01:24      2.30    0.72    0.56
  _71_4_72             CONDUIT      1.03     0  01:07      1.97    1.50    0.75
  _53_4_52             CONDUIT      1.01     0  00:33      2.46    0.71    0.73
  _52_4_51             CONDUIT      1.04     0  00:52      2.03    0.94    0.66
  _51_4_50             CONDUIT      1.00     0  00:56      2.53    0.58    0.50
  _50_4_49             CONDUIT      1.00     0  01:29      3.27    0.36    0.51
  _49_4_48             CONDUIT      1.10     0  01:43      2.43    0.67    0.69
  _48_4_47             CONDUIT      1.01     0  02:02      2.00    0.88    0.61
  _47_4_46             CONDUIT      1.01     0  02:16      3.13    0.39    0.51
  _46_4_45             CONDUIT      1.00     1  00:00      2.52    0.59    0.50
  _45_4_44             CONDUIT      1.00     0  02:54      3.24    0.36    0.45
  _44_4_43             CONDUIT      1.01     0  03:06      2.92    0.45    0.46
  _43_4_42             CONDUIT      1.02     0  03:20      3.06    0.41    0.54
  _42_4_41             CONDUIT      1.01     0  03:37      2.39    0.68    0.54
  _41_4_40             CONDUIT      1.02     0  03:52      3.02    0.43    0.68
  _40_4_39             CONDUIT      1.06     0  04:10      1.93    1.11    0.91
  _39_4_38             CONDUIT      1.04     0  04:27      1.88    1.28    0.88
  _86_8_87             CONDUIT      0.82     1  00:00      2.66    1.79    0.82
  _87_8_88             CONDUIT      1.00     0  00:30      3.80    0.83    0.85
  _127_8_126           CONDUIT      0.60     0  00:20      2.05    1.08    0.77
  _126_8_125           CONDUIT      0.60     0  01:07      2.95    0.62    0.56
  _73_8_77             CONDUIT      1.12     0  00:51      3.34    1.10    0.95
  _77_8_79             CONDUIT      0.94     0  00:37      2.75    1.75    1.00
  _79_8_80             CONDUIT      1.00     1  00:00      5.24    0.55    0.53
  _81_8_82             CONDUIT      1.05     0  00:27      3.31    1.06    0.94
  _137_8_138           CONDUIT      1.00     0  02:12      5.11    0.57    0.77
  _133_8_134           CONDUIT      1.04     0  02:10      3.30    1.06    0.93
  _134_8_135           CONDUIT      1.00     0  00:37      7.06    0.37    0.54
  _129_8_130           CONDUIT      0.90     0  01:15      3.78    0.74    0.82
  _130_8_155           CONDUIT      0.90     0  01:05      2.84    1.26    0.84
  _155_8_156           CONDUIT      1.00     0  00:39      7.80    0.33    0.70
  _114_8_120           CONDUIT      1.00     0  02:19      3.13    1.14    0.85
  _120_8_121           CONDUIT      1.00     0  00:20      4.76    0.63    0.58
  513                  CONDUIT      0.50     0  02:15      1.45    1.24    1.00
  _122_8_123           CONDUIT      0.64     0  02:15      2.64    0.80    0.83
  _123_8_124           CONDUIT      0.60     0  02:06      2.98    0.61    0.59
  _124_8_125           CONDUIT      0.60     0  01:44      2.20    0.97    0.72
  _83_8_81             CONDUIT      0.88     0  00:27      2.69    1.12    1.00
  _81_8_79             CONDUIT      0.94     0  00:32      2.80    1.15    1.00
  _101_8_100           CONDUIT      0.93     0  00:37      2.86    1.10    1.00
  _100_8_99            CONDUIT      0.83     0  00:40      2.69    1.05    0.82
  _99_8_98             CONDUIT      0.83     0  01:21      3.75    0.67    0.60
  _98_8_97             CONDUIT      0.83     0  01:44      3.52    0.72    0.63
  _97_8_102            CONDUIT      0.40     0  04:57      3.02    0.34    0.40
  _102_8_103           CONDUIT      0.40     0  04:25      3.22    0.31    0.38
  _103_8_104           CONDUIT      0.40     0  04:07      2.58    0.43    0.45
  _104_8_105           CONDUIT      0.56     0  03:09      1.94    1.08    0.76
  _105_8_106           CONDUIT      0.75     0  03:03      4.66    0.44    0.73
  _106_8_0             CONDUIT      0.25     0  03:00      1.57    0.20    0.26
  _0_8_0               CONDUIT      0.25     1  00:00      3.26    0.05    0.15
  _0_8_104             CONDUIT      0.16     0  05:03      1.30    0.15    0.23
  _73_8_74             CONDUIT      0.75     0  00:50      2.43    2.21    1.00
  _74_8_75             CONDUIT      1.00     0  00:48      4.09    0.76    0.83
  _75_8_76             CONDUIT      1.00     0  00:33      3.88    0.82    0.69
  _119_8_118           CONDUIT      1.00     0  00:32      4.31    0.72    0.69
  _117_8_116           CONDUIT      1.00     0  01:06      4.53    0.67    0.61
  _116_8_115           CONDUIT      1.00     1  00:00      4.41    0.69    0.61
  _115_8_114           CONDUIT      1.00     0  01:31      4.59    0.66    0.59
  514                  CONDUIT      0.76     0  01:26      2.52    1.04    0.81
  _128_8_129           CONDUIT      1.12     0  01:25      3.30    1.20    1.00
  515                  CONDUIT      1.16     0  01:15      3.39    1.02    1.00
  _131_8_132           CONDUIT      1.29     0  01:15      3.79    1.24    1.00
  _132_8_133           CONDUIT      3.13     0  02:08      9.01    1.08    1.00
  516                  CONDUIT      2.22     0  02:08      6.65    1.08    1.00
  _136_8_137           CONDUIT      2.65     0  02:09      7.75    1.08    1.00
  _77_8_78             CONDUIT      0.77     0  00:39      2.36    1.10    1.00
  _2205_2_21           CONDUIT      0.84     0  00:28      5.21    0.44    0.47
  _21_2_22             CONDUIT      0.85     0  00:16      2.78    1.02    0.82
  521                  CONDUIT      7.22     0  04:39      0.76    0.43    0.97
  _0__0_2              CONDUIT      2.27     0  01:43      0.48    0.06    0.83
  _0_2_61              CONDUIT      0.80     0  02:57      7.07    0.27    0.36
  _61_2_62             CONDUIT      0.78     0  03:50      3.00    0.88    0.70
  _62_2_63             CONDUIT      0.78     0  03:50      2.45    1.08    0.88
  _63_2_64             CONDUIT      0.92     0  02:25      2.84    1.09    1.00
  _0_2_0               CONDUIT      0.53     0  00:16      1.85    1.03    0.75
  _25_2_24             CONDUIT      0.81     0  00:34      2.51    1.10    0.95
  _24_2_23             CONDUIT      0.85     0  01:01      2.94    0.97    0.88
  _23_2_2206           CONDUIT      0.85     0  01:04      2.72    1.67    0.82
  _23_2_26             CONDUIT      0.00     0  00:00      0.00    0.00    0.50
  _26_2_0              CONDUIT      0.00     0  00:00      0.00    0.00    0.00
  _39_2_38             CONDUIT      0.81     0  01:06      2.54    1.08    0.88
  _38_2_37             CONDUIT      0.81     1  00:00      3.75    0.65    0.59
  _37_2_23             CONDUIT      0.56     0  00:48      1.66    1.02    1.00
  _37_2_40             CONDUIT      0.35     0  01:37      1.23    0.69    1.00
  _40_2_41             CONDUIT      0.88     0  03:36      2.69    0.92    0.88
  _41_2_42             CONDUIT      0.73     1  00:00      2.41    1.03    0.80
  _42_2_43             CONDUIT      1.00     0  01:15      4.16    0.75    0.82
  _43_2_44             CONDUIT      1.00     1  00:00      3.28    1.03    0.81
  _44_2_45             CONDUIT      1.00     0  00:46      4.63    0.65    0.67
  _52_2_51             CONDUIT      1.02     0  00:31      3.15    1.09    1.00
  _51_2_50             CONDUIT      0.75     0  01:09      2.37    1.08    0.86
  _50_2_49             CONDUIT      0.79     0  01:10      2.89    0.92    0.86
  _49_2_47             CONDUIT      0.74     0  01:50      2.27    1.10    1.00
  _47_2_53             CONDUIT      0.85     0  02:50      2.61    1.10    1.00
  _53_2_54             CONDUIT      1.00     0  01:17      3.99    0.79    0.83
  _54_2_55             CONDUIT      1.00     0  01:05      4.19    0.74    0.65
  _85_8_89             CONDUIT      0.00     0  00:00      0.00    0.00    0.40
  _89_8_90             CONDUIT      0.00     0  00:00      0.00    0.00    0.00
  _90_8_91             CONDUIT      0.00     0  00:00      0.00    0.00    0.00
  _91_8_92             CONDUIT      0.00     0  00:00      0.00    0.00    0.00
  _92_8_93             CONDUIT      0.00     0  00:00      0.00    0.00    0.00
  _93_8_94             CONDUIT      0.00     0  00:00      0.00    0.00    0.50
  _94_8_95             CONDUIT      1.22     0  00:28      2.25    0.86    0.83
  _95_8_147            CONDUIT      1.00     0  02:56      3.79    0.84    0.70
  _147_8_148           CONDUIT      1.00     0  02:52      3.43    0.98    0.78
  _148_8_149           CONDUIT      1.00     0  02:30      5.62    0.51    0.75
  _148_8_0             CONDUIT      0.00     0  00:00      0.00    0.00    0.00
  3_164_3_145          CONDUIT      0.00     0  00:00      0.00    0.00    0.00
  3_145__0             CONDUIT      1.09     0  00:30      3.16    1.17    1.00
  3_158_3_162          CONDUIT      1.01     0  00:33      7.85    0.32    0.69
  4_177_4_178          CONDUIT      1.00     0  00:38      4.46    0.39    0.72
  3_131__0             CONDUIT      1.00     0  00:28      7.40    0.35    0.70
  3_125__0             CONDUIT      1.01     0  00:25      9.42    0.25    0.67
  3_129_3_128          CONDUIT      1.07     0  00:29      3.21    1.12    1.00
  3_128_3_127          CONDUIT      0.00     0  00:00      0.00    0.00    0.00
  _20_5_21             CONDUIT      0.96     0  00:32      2.98    1.09    1.00
  _11_6_10             CONDUIT      0.73     0  00:20      2.42    1.16    0.80
  _10_6_9              CONDUIT      0.73     1  00:00      3.15    0.74    0.63
  _9_6_12              CONDUIT      0.76     1  00:00      2.53    1.02    0.81
  _12_6_13             CONDUIT      0.78     0  00:38      2.41    1.10    0.97
  _72_7_71             CONDUIT      0.76     0  00:15      2.51    1.02    0.81
  _71_7_70             CONDUIT      0.75     0  01:18      3.05    0.81    0.66
  _57_7_69             CONDUIT      2.47     0  07:21      2.43    0.57    0.77
  _69_7_70             CONDUIT      2.47     0  07:21      3.72    0.53    0.53
  _70_7_68             CONDUIT      0.55     0  07:20      1.52    1.25    0.63
  _68_7_56             CONDUIT      0.55     0  07:20      1.50    0.35    0.69
  _73_7_70             CONDUIT      2.20     0  06:41      2.38    1.11    0.71
  _27_5_28             CONDUIT      0.81     0  00:49      2.87    0.94    0.77
  _28_5_29             CONDUIT      0.78     0  00:47      2.48    1.07    0.85
  _14_6_15             CONDUIT      0.70     0  02:16      2.78    0.84    0.67
  _15_6_16             CONDUIT      0.70     0  01:21      2.26    1.06    0.84
  _16_6_17             CONDUIT      0.70     0  01:00      2.18    1.12    0.98
  _17_6_18             CONDUIT      0.75     0  00:36      2.33    1.10    1.00
  _21_6_20             CONDUIT      0.85     0  00:30      2.62    1.10    1.00
  _20_6_19             CONDUIT      0.79     0  00:47      2.42    1.10    1.00
  _22_6_23             CONDUIT      1.86     0  01:19      3.56    1.42    1.00
  _23_6_28             CONDUIT      1.51     0  01:12      2.90    1.25    1.00
  _28_6_33             CONDUIT      1.02     0  01:10      3.29    1.04    1.00
  _33_6_34             CONDUIT      0.99     0  01:13      2.96    1.23    1.00
  _34_6_37             CONDUIT      0.32     0  04:34      1.21    0.32    0.69
  _37_7_155            CONDUIT      0.32     0  04:35      2.31    0.38    0.41
  _9_6_14              CONDUIT      1.09     0  01:17      1.02    0.52    0.86
  _14_6_19             CONDUIT      1.28     0  00:53      1.43    0.83    0.85
  _19_6_38             CONDUIT      2.05     0  00:51      2.70    1.02    1.00
  _38_6_40             CONDUIT      2.41     0  03:35      4.53    0.65    0.80
  _40_6_41             CONDUIT      0.94     0  00:15      3.03    1.05    0.84
  _40_6_42             CONDUIT      1.48     0  03:34      3.44    0.51    0.54
  _42_6_45             CONDUIT      0.71     0  03:34      3.09    0.21    0.38
  _45_6_50             CONDUIT      0.64     0  03:34      2.80    0.21    0.66
  _70_7_154            CONDUIT      0.07     0  07:21      2.11    0.05    0.15
  _154_7_155           CONDUIT      0.07     1  00:00      0.74    0.24    0.30
  _155_7_156           CONDUIT      0.38     0  03:34      3.74    0.24    0.38
  _156_7_157           CONDUIT      0.38     0  02:45      2.08    0.61    0.52
  _157_7_158           CONDUIT      0.40     0  02:25      1.44    3.67    0.80
  _158_7_159           CONDUIT      0.58     0  01:49      2.61    0.72    0.80
  _159_7_160           CONDUIT      0.54     0  01:49      1.83    1.17    0.81
  _160_7_161           CONDUIT      1.01     0  00:58      3.63    0.91    0.87
  _161_7_162           CONDUIT      1.00     0  00:45      3.98    0.79    0.71
  _162_7_163           CONDUIT      1.00     0  00:30      4.63    0.65    0.63
  _34_6_35             CONDUIT      1.03     0  00:47      3.48    0.98    0.89
  _35_6_36             CONDUIT      1.01     0  00:30      3.61    0.92    0.81
  _28_6_29             CONDUIT      0.83     0  01:18      2.99    0.94    0.87
  _29_6_30             CONDUIT      0.80     0  01:10      3.07    0.86    0.70
  _30_6_31             CONDUIT      0.80     0  00:48      3.89    0.61    0.63
  _31_6_32             CONDUIT      0.80     0  00:16      2.63    1.03    0.81
  _23_6_24             CONDUIT      0.62     0  01:15      3.97    0.42    0.73
  _24_6_25             CONDUIT      0.62     0  00:43      2.11    1.07    0.78
  _25_6_26             CONDUIT      0.99     0  00:40      3.06    1.10    1.00
  _26_6_27             CONDUIT      1.00     0  00:26      4.12    0.76    0.82
  _54_5_55             CONDUIT      0.74     0  01:03      2.41    1.46    0.90
  _55_5_56             CONDUIT      0.83     0  00:47      2.60    1.09    0.96
  _56_5_57             CONDUIT      0.80     0  00:34      2.49    1.10    0.98
  _44_6_43             CONDUIT      0.77     0  01:50      2.40    1.09    0.90
  _43_6_42             CONDUIT      0.77     1  00:00      2.90    0.90    0.71
  _61_6_62             CONDUIT      0.00     0  00:00      0.00    0.00    0.00
  _62_6_45             CONDUIT      1.00     0  00:37      5.27    0.55    0.53
  _45_6_46             CONDUIT      0.35     0  03:34      2.47    0.38    0.42
  _46_6_47             CONDUIT      0.35     0  02:33      3.39    0.24    0.39
  _47_6_48             CONDUIT      0.35     1  00:00      2.26    0.45    0.45
  _48_6_49             CONDUIT      0.35     0  01:53      1.26    1.46    0.76
  _7_7_59              CONDUIT      0.65     0  00:25      2.38    0.90    0.87
  _59_7_58             CONDUIT      0.96     0  00:37      3.03    1.13    0.85
  _58_7_57             CONDUIT      0.98     0  02:57      3.22    1.02    0.91
  _47_2_41             CONDUIT      4.71     0  02:51      4.07    1.10    1.00
  _26_5_27             CONDUIT      0.79     0  01:04      2.97    0.90    0.86
  _65_8_72             CONDUIT      0.98     0  01:56      3.07    1.24    1.00
  _72_8_73             CONDUIT      1.24     0  01:03      3.70    1.09    1.00
  _65_8_66             CONDUIT      0.88     0  02:04      2.84    0.75    0.82
  _66_8_67             CONDUIT      0.88     0  01:57      4.10    0.65    0.62
  _67_8_68             CONDUIT      0.89     0  01:39      6.98    0.32    0.49
  _68_8_69             CONDUIT      0.88     1  00:00      4.48    0.58    0.55
  _69_8_70             CONDUIT      0.88     0  01:00      6.33    0.36    0.48
  _70_8_74             CONDUIT      0.88     0  00:19      2.82    1.14    0.83
  _3_1_4               CONDUIT      0.32     0  01:35      2.18    0.42    0.45
  _70_5_69             CONDUIT      5.27     0  02:45      1.63    0.31    0.77
  _69_5_68             CONDUIT      5.27     0  02:48      2.59    2.05    0.58
  _68_5_67             CONDUIT      5.27     0  02:47      3.11    1.37    0.54
  _67_5_7              CONDUIT      5.27     1  00:00      2.32    0.62    0.47
  _8_5_7               CONDUIT      0.92     0  00:16      3.01    1.03    0.84
  _7_5_9               CONDUIT      0.35     0  01:13      0.42    0.13    0.65
  _9_5_14              CONDUIT      1.43     0  01:08      1.53    0.85    1.00
  _0_5_0               CONDUIT      1.22     0  00:21      2.00    0.08    0.90
  3_5_3_0              CONDUIT      1.01     0  00:21      2.86    0.14    0.63
  3_5_3_9              CONDUIT      1.05     0  00:23      3.12    1.14    1.00
  3_11__12             CONDUIT      1.00     0  00:25      4.23    0.73    0.82
  _4_1_5               CONDUIT      0.32     0  01:32      1.70    0.58    0.54
  _5_1_6               CONDUIT      0.31     0  01:00      1.12    1.44    0.82
  _3_1_2               CONDUIT      0.31     0  02:15      2.16    0.40    0.46
  _71_5_72             CONDUIT      0.81     0  00:35      2.49    1.11    1.00
  _72_5_73             CONDUIT      0.96     0  00:27      2.96    1.09    1.00
  5_6_5_7              CONDUIT      6.02     1  00:00      3.67    0.36    0.37
  5_5_5_6              CONDUIT      1.15     0  00:36      1.48    0.39    1.00
  5_3_5_4              CONDUIT      1.27     0  00:21      1.81    0.12    0.97
  5_4_5_5              CONDUIT      1.45     0  00:31      2.44    0.06    0.81
  5_2_5_3              CONDUIT      1.51     0  00:25      1.89    0.18    1.00
  5_0_5_1              CONDUIT      1.41     0  00:37      2.06    0.09    0.84
  3_1_3_2              CONDUIT      0.76     0  00:28      2.26    1.15    1.00
  3_2_3_3              CONDUIT      0.89     0  00:26      2.61    1.15    1.00
  _11_5_10             CONDUIT      0.70     0  01:10      2.30    1.04    0.82
  _10_5_9              CONDUIT      0.72     0  01:10      3.02    0.76    0.82
  _15_5_14             CONDUIT      0.33     0  01:31      1.26    0.34    0.70
  3_6_3_5              CONDUIT      0.98     0  00:24      2.87    1.17    1.00
  3_8_3_7              CONDUIT      0.77     0  00:29      2.29    1.15    1.00
  3_7_3_6              CONDUIT      0.87     0  00:27      2.53    1.15    1.00
  3_9_3_0              CONDUIT      1.00     0  00:22      4.60    0.66    0.80
  3_5_3_11             CONDUIT      1.03     0  00:22      2.74    0.16    0.63
  5_0_5_0              CONDUIT      2.00     0  00:29      2.07    0.13    0.94
  _41_8_42             CONDUIT      1.00     0  00:33      6.03    0.46    0.63
  _148_7_146           CONDUIT      0.71     0  02:07      2.78    0.25    0.39
  510                  CONDUIT      1.64     0  01:09      2.93    0.41    0.72
  _72_4_73             CONDUIT      1.00     0  00:35      3.37    0.34    0.62
  _73_4_74             CONDUIT      1.00     0  00:17      3.01    0.43    0.44
  _131_7_132           CONDUIT      2.00     1  00:00      3.41    0.89    0.70
  _150_7_149           CONDUIT      0.71     0  01:28      2.79    0.29    0.36
  _149_7_148           CONDUIT      0.71     0  02:03      3.85    0.18    0.31
  _151_7_152           CONDUIT      0.72     0  00:59      2.90    0.84    0.69
  _152_7_153           CONDUIT      0.71     0  00:39      2.34    1.27    0.86
  _8_8_9               CONDUIT      0.70     0  01:08      3.50    0.59    0.63
  _31_8_30             CONDUIT      0.46     0  01:14      1.62    1.21    0.76
  _30_8_29             CONDUIT      0.46     0  01:14      2.78    0.45    0.73
  _29_8_32             CONDUIT      1.00     0  01:11      4.41    0.69    0.81
  _32_8_33             CONDUIT      1.00     0  00:35      4.80    0.62    0.59
  _40_8_41             CONDUIT      1.04     1  00:00      3.66    0.94    0.75
  _39_8_40             CONDUIT      1.04     0  09:22      4.52    0.71    0.62
  _37_8_38             CONDUIT      1.04     0  09:22      4.12    0.79    0.67
  _38_8_39             CONDUIT      1.04     0  09:22      5.42    0.55    0.60
  _22_8_25             CONDUIT      1.24     0  01:35      3.86    1.06    0.89
  _25_8_26             CONDUIT      1.44     0  01:34      5.24    0.88    0.86
  _26_8_27             CONDUIT      1.44     0  01:41      5.35    0.85    0.72
  _27_8_28             CONDUIT      1.45     0  01:07      4.85    0.97    0.79
  _28_8_29             CONDUIT      1.45     0  01:04      4.43    1.06    0.92
  _41_8_0              CONDUIT      0.04     0  09:03      0.28    0.02    0.44
  _44_8_45             CONDUIT      0.62     0  01:11      3.01    0.64    0.57
  _45_8_46             CONDUIT      0.62     0  01:10      2.10    1.17    0.79
  _62_8_63             CONDUIT      1.00     0  00:38      5.00    0.59    0.55
  _61_8_62             CONDUIT      1.00     0  00:50      4.98    0.59    0.55
  _60_8_61             CONDUIT      1.00     0  01:09      5.26    0.55    0.55
  _140_8_141           CONDUIT      1.00     0  00:42      5.14    0.57    0.54
  517                  CONDUIT      2.04     0  02:12      6.63    0.72    0.81
  _139_8_140           CONDUIT      2.04     0  02:11      6.45    1.02    0.88
  518                  CONDUIT      1.00     0  02:20      4.17    0.60    0.69
  _142_8_143           CONDUIT      1.00     0  02:08      5.23    0.56    0.55
  _143_8_144           CONDUIT      1.00     0  01:46      4.45    0.69    0.62
  _144_8_145           CONDUIT      1.00     0  01:22      5.04    0.58    0.57
  _145__146            CONDUIT      1.00     0  01:18      3.48    0.96    0.76
  112_8_111            CONDUIT      1.00     1  00:00      4.41    0.69    0.61
  _111_8_110           CONDUIT      1.00     0  01:09      5.29    0.55    0.53
  _110_8_109           CONDUIT      1.00     0  01:43      6.91    0.38    0.71
  _109_8_108           CONDUIT      1.00     1  00:00      3.19    1.05    0.85
  _108_8_107           CONDUIT      1.00     1  00:00      7.38    0.35    0.41
  _107_8_106           CONDUIT      1.00     0  02:39      6.33    0.43    0.46
  _149_8_150           CONDUIT      1.00     1  00:00      6.02    0.46    0.48
  _45_2_46             CONDUIT      1.00     0  00:32      5.49    0.52    0.55
  _0_2_32              CONDUIT      0.20     0  03:07      2.18    0.20    0.32
  _32_2_33             CONDUIT      0.68     1  00:00      7.26    0.21    0.31
  _33_2_34             CONDUIT      0.68     0  02:08      3.11    0.68    0.60
  _36_2_72             CONDUIT      1.00     0  00:39      3.86    0.82    0.84
  _66_2_67             CONDUIT      0.98     1  00:00      4.53    0.65    0.59
  _67_2_68             CONDUIT      1.07     0  01:08      5.86    0.53    0.52
  _70_2_71             CONDUIT      0.98     0  00:49      3.04    1.11    0.93
  _153__154            CONDUIT      1.00     0  00:48      4.74    0.63    0.58
  _152_8_153           CONDUIT      1.00     0  01:16      5.71    0.50    0.50
  _150_8_151           CONDUIT      1.00     0  01:55      6.13    0.45    0.47
  _151_8_152           CONDUIT      1.00     0  01:33      6.13    0.45    0.47
  _55_2_56             CONDUIT      1.00     0  00:49      4.65    0.65    0.61
  _56_2_57             CONDUIT      1.00     0  00:32      7.28    0.36    0.50
  _59_6_58             CONDUIT      1.00     0  00:32      5.70    0.50    0.50
  _58_6_53             CONDUIT      1.00     1  00:00      3.69    0.87    0.72
  _53_6_52             CONDUIT      2.00     0  01:21      6.85    0.34    0.70
  _53_6_54             CONDUIT      1.00     1  00:00      4.18    0.74    0.64
  _54_6_55             CONDUIT      1.00     0  01:02      4.75    0.63    0.61
  _55_6_56             CONDUIT      1.00     0  00:48      5.41    0.53    0.55
  _56_6_57             CONDUIT      1.00     0  00:27      5.11    0.57    0.54
  _33_4_32             CONDUIT      1.00     0  00:39      3.20    0.37    0.55
  _32_4_31             CONDUIT      1.00     0  00:53      2.28    0.72    0.55
  _31_4_30             CONDUIT      1.00     0  01:08      3.15    0.38    0.55
  _30_4_29             CONDUIT      1.00     0  01:41      2.26    0.74    0.55
  _51_6_52             CONDUIT      3.50     1  00:00      4.70    1.93    0.90
  _65_6_61             CONDUIT      0.56     0  02:37      2.39    0.78    0.63
  _61_6_60             CONDUIT      3.61     0  02:37      5.19    0.79    0.84
  _60_6_52             CONDUIT      2.25     0  01:39      2.92    0.86    1.00
  _61_6_62_2           CONDUIT      1.00     1  00:00      4.62    0.65    0.59
  _62_6_63             CONDUIT      1.00     1  00:00      4.59    0.66    0.59
  _63_6_64             CONDUIT      1.00     1  00:00      3.78    0.84    0.70
  _88_4_89             CONDUIT      1.08     0  00:36      2.06    0.48    0.48
  _88_4_87             CONDUIT      1.00     0  01:08      2.13    0.46    0.41
  _87_4_86             CONDUIT      1.00     0  01:07      4.91    0.11    0.24
  _86_4_85             CONDUIT      1.00     1  00:00      4.02    0.14    0.26
  _85_4_84             CONDUIT      1.00     0  01:37      4.92    0.11    0.26
  _84_4_83             CONDUIT      1.00     0  01:59      3.41    0.18    0.32
  _83_4_82             CONDUIT      1.03     0  02:06      2.81    0.26    0.53
  _82_4_81             CONDUIT      1.20     0  02:22      1.91    0.63    0.84
  _17_4_18             CONDUIT      2.85     0  05:40      3.05    0.94    0.72
  _18_4_19             CONDUIT      2.85     0  05:38      2.58    1.17    0.85
  _19_4_20             CONDUIT      2.87     0  05:37      2.56    1.16    0.96
  _20_4_21             CONDUIT      2.99     0  05:51      3.21    0.79    0.83
  _21_4_22             CONDUIT      2.99     0  05:41      2.73    1.34    0.83
  _22_4_23             CONDUIT      3.00     0  05:57      3.32    0.74    0.82
  _23_4_24             CONDUIT      3.00     0  05:56      3.50    0.79    0.66
  _24_4_25             CONDUIT      3.00     0  06:01      3.60    0.68    0.64
  _26_4_27             CONDUIT      3.00     0  05:51      2.85    2.16    0.80
  _27_4_28             CONDUIT      2.58     0  05:54      2.10    1.00    1.00
  _28_4_29             CONDUIT      1.01     0  01:27      8.53    0.09    0.60
  _28_4_34             CONDUIT      1.64     0  05:53      1.38    0.66    0.95
  _34_4_35             CONDUIT      1.76     0  05:52      1.80    0.67    0.80
  _54_4_55             CONDUIT      1.00     0  05:51      1.94    1.20    0.65
  _55_4_56             CONDUIT      1.02     0  05:34      1.86    1.32    0.86
  _35_4_0              CONDUIT      1.85     0  05:52      2.45    4.21    0.94
  _36_4_37             CONDUIT      1.00     0  04:49      2.69    0.52    0.48
  _37_4_38             CONDUIT      1.02     0  04:44      1.91    1.21    0.68
  _15_4_14             CONDUIT      0.41     0  00:27      1.50    1.05    0.72
  _14_4_13             CONDUIT      0.41     1  00:00      3.91    0.25    0.34
  _13_4_12             CONDUIT      0.41     0  02:09      3.94    0.24    0.45
  _12_4_11             CONDUIT      0.44     0  02:44      2.31    0.60    0.74
  _11_4_10             CONDUIT      0.44     0  03:17      1.80    1.05    0.98
  _10_4_9              CONDUIT      0.20     0  04:25      0.82    0.34    0.76
  _9_4_8               CONDUIT      0.00     0  00:00      0.00    0.00    0.26
  _8_4_7               CONDUIT      0.00     0  00:00      0.00    0.00    0.00
  _16_4_17             CONDUIT      3.85     0  06:12      3.73    0.59    0.78
  _2136_4_90           CONDUIT      2.98     1  00:00      5.26    0.45    0.47
  _90_4_91             CONDUIT      2.98     0  15:25      4.33    0.58    0.55
  _91_4_92             CONDUIT      2.98     0  15:22      6.12    0.31    0.47
  _92_4_114            CONDUIT      1.98     0  15:22      5.20    0.24    0.36
  _114_4_115           CONDUIT      1.00     0  02:08      4.75    0.11    0.28
  _115_4_116           CONDUIT      1.00     0  01:52      5.37    0.10    0.22
  _92_4_93             CONDUIT      1.00     0  02:18      4.76    0.11    0.31
  _93_4_94             CONDUIT      1.00     0  02:13      5.06    0.10    0.22
  _78_4_77             CONDUIT      1.00     0  00:32      4.19    0.74    0.72
  _77_4_76             CONDUIT      1.00     0  01:20      3.51    0.95    0.75
  _79_4_80             CONDUIT      1.02     0  00:27      3.09    1.13    1.00
  _87_4_1              CONDUIT      0.60     0  01:46      2.16    1.14    1.00
  _1_4_2               CONDUIT      0.64     0  00:40      2.07    1.21    1.00
  _87_6_88             CONDUIT      0.90     0  01:48      2.22    0.61    0.78
  _88_6_89             CONDUIT      0.91     0  01:47      2.94    0.64    0.58
  _89_6_90             CONDUIT      0.90     0  01:32      2.20    1.03    0.73
  _87_6_86             CONDUIT      1.20     0  02:04      2.57    1.12    0.81
  _86_6_69             CONDUIT      1.20     0  02:04      2.86    0.71    0.79
  _69_6_70             CONDUIT      0.86     0  01:31      3.20    0.93    1.00
  _70_6_71             CONDUIT      0.87     0  02:00      2.76    1.08    0.97
  _71_6_72             CONDUIT      0.91     0  00:51      2.75    1.13    1.00
  _72_6_73             CONDUIT      1.00     0  00:31      5.82    0.48    0.74
  _77_6_76             CONDUIT      1.22     0  05:13      3.69    1.07    1.00
  _76_6_75             CONDUIT      0.45     0  01:22      1.56    1.51    0.91
  _75_6_74             CONDUIT      0.42     0  02:00      1.72    0.87    0.68
  _74_6_69             CONDUIT      0.42     0  02:10      2.30    0.58    0.51
  _69_6_68             CONDUIT      2.44     0  02:11      3.40    0.99    0.90
  _68_6_61             CONDUIT      2.05     0  01:55      2.86    1.14    0.86
  _116_4_118           CONDUIT      1.00     0  01:41      4.63    0.12    0.23
  _96_4_94             CONDUIT      1.00     1  00:00      4.66    0.12    0.23
  _140_4_139           CONDUIT      0.98     0  02:44      4.46    0.23    0.66
  _114_4_138           CONDUIT      0.98     0  15:21      4.08    0.18    0.35
  _138_4_139           CONDUIT      0.98     0  03:02      5.36    0.17    0.29
  _90_6_91             CONDUIT      0.95     0  01:12      2.07    1.38    0.95
  _65_6_66             CONDUIT      0.56     0  01:10      3.79    0.40    0.72
  _50_6_51             CONDUIT      3.50     0  01:28      4.99    0.79    0.84
  _3_7_4               CONDUIT      2.49     0  08:31      1.53    0.33    0.52
  _1_7_2               CONDUIT      0.41     0  01:02      2.34    0.02    0.54
  _0_7_113             CONDUIT      0.86     0  01:25      2.97    1.53    1.00
  _4_2_6               CONDUIT      0.77     0  00:39      2.37    1.10    1.00
  _6_2_7               CONDUIT      0.85     0  00:32      2.62    1.10    1.00
  _19_2_20             CONDUIT      0.89     0  00:18      2.93    1.02    0.83
  _85_8_86             CONDUIT      0.82     0  01:04      5.12    0.44    0.73
  _81_4_17             CONDUIT      1.00     0  06:15      1.47    0.34    0.81
  _8_2_2204            CONDUIT      9.81     0  04:41      1.57    0.18    0.64
  _2206_2_0            CONDUIT      6.42     0  03:01      1.67    0.09    0.64
  _0_1_2104            CONDUIT      2.56     0  02:33      2.43    0.03    0.26
  _2114_1_0            CONDUIT      1.83     0  03:37      2.52    0.10    0.21
  _2115_1_2114         CONDUIT      1.83     0  02:21      2.37    0.09    0.22
  _2116_1_2115         CONDUIT      1.83     0  02:19      2.42    0.10    0.21
  _2116_5_85           CONDUIT      0.48     1  00:00      1.50    0.74    0.57
  _2117_5_2116         CONDUIT      1.35     0  03:25      2.09    0.06    0.20
  _2117_5_81           CONDUIT      0.67     0  00:32      2.24    1.01    0.79
  _2121_6_0            CONDUIT      0.69     0  03:25      1.97    0.10    0.20
  _2122_6_2121         CONDUIT      0.69     0  03:24      1.21    0.24    0.30
  _2123_6_2122         CONDUIT      0.97     0  01:07      0.71    0.18    0.68
  _22_2123             CONDUIT      1.11     0  01:22      2.05    0.82    1.00
  _2124_6_2123         CONDUIT      4.14     0  03:45      2.45    0.51    0.75
  _2124_6_39           CONDUIT      1.00     0  00:27      4.59    0.66    0.59
  _2125_6_2124         CONDUIT      3.14     0  03:45      4.30    0.25    0.34
  _2126_6_2125         CONDUIT      3.14     0  03:38      4.31    0.25    0.34
  _2127_6_2126         CONDUIT      3.14     0  03:38      4.49    0.23    0.33
  _2128_6_2127         CONDUIT      3.14     0  03:38      3.82    0.31    0.37
  _2129_6_2128         CONDUIT      3.15     0  03:07      1.78    1.05    0.69
  _2130_6_2129         CONDUIT      4.00     0  03:12      2.47    0.49    0.75
  _2134_4_2133         CONDUIT      1.00     0  00:41      2.93    1.07    0.60
  _2134_4_5            CONDUIT      1.00     0  00:28      3.97    0.79    0.71
  _2132_4_2133         CONDUIT      1.01     0  02:47      2.83    0.89    0.89
  _2135_4_2132         CONDUIT      2.98     0  03:10      2.67    0.30    0.62
  _7_4_2135            CONDUIT      0.00     0  00:00      0.00    0.00    0.00
  _2135_4_16           CONDUIT      0.00     0  00:00      0.00    0.00    0.50
  135_2136             CONDUIT      2.98     0  15:25      5.35    0.44    0.46
  _75_4_79             CONDUIT      0.99     0  01:20      3.33    0.62    0.78
  _76_4_75             CONDUIT      1.00     0  01:20      3.77    0.84    0.70
  _75_4_2131           CONDUIT      0.01     1  00:00      0.09    0.00    0.14
  _2131_6_2130         CONDUIT      4.01     0  03:10      3.12    0.57    0.53
  132_2131             CONDUIT      3.98     0  03:10      3.16    1.80    0.68
  4_172_4_171          CONDUIT      0.77     0  00:48      2.30    1.16    1.00
  4_172_173            CONDUIT      0.90     0  00:44      2.68    1.13    1.00
  4_173_174            CONDUIT      1.00     0  00:39      5.56    0.51    0.75
  3_0_3_148            CONDUIT      1.00     0  00:34      5.38    0.54    0.76
  _0_3_0               CONDUIT      1.01     0  00:34      3.71    0.87    0.86
  0_1_2103             CONDUIT      0.24     0  03:10      0.76    0.02    0.07
  _2103_1_0            CONDUIT      0.74     0  02:28      1.50    0.02    0.22
  _0_7_142             CONDUIT      1.03     0  00:27      3.51    0.98    0.89
  _65_2_64             CONDUIT      0.98     0  02:06      4.14    0.73    0.82
  _69_2_70             CONDUIT      0.98     1  00:00      3.30    0.99    0.78
  _68_2_69             CONDUIT      0.98     1  00:00      5.53    0.50    0.50
  _34_2_36             CONDUIT      0.68     0  02:07      2.25    1.02    0.81
  519                  CONDUIT      1.00     0  00:48      3.49    1.01    0.76
  _57_8_59             CONDUIT      1.00     0  01:40      4.24    0.73    0.74
  _59_8_60             CONDUIT      1.00     0  01:25      4.83    0.62    0.60
  _0_8_44              CONDUIT      0.62     0  01:49      5.82    0.25    0.67
  _146_7_147           CONDUIT      0.52     0  02:05      1.77    1.30    0.83
  _143_7_144           CONDUIT      1.00     0  00:46      4.52    0.23    0.61
  511                  CONDUIT      1.00     0  01:24      3.50    0.32    0.55
  _141_7_0             CONDUIT      0.51     0  01:21      1.80    3.50    1.00
  _141_7_146           CONDUIT      1.23     0  02:21      2.90    0.39    0.72
  _137_7_141           CONDUIT      2.16     0  02:07      3.63    0.89    1.00
  _9_8_10              CONDUIT      0.70     0  00:33      2.35    1.03    0.79
  _2_8_3               CONDUIT      3.31     0  02:45      2.31    1.78    0.76
  _0_7_114             CONDUIT      0.90     0  01:19      3.22    0.93    0.86
  _0_4_36              CONDUIT      1.00     0  05:13      3.14    0.39    0.72
  _35_4_54             CONDUIT      0.99     0  05:54      1.56    0.50    0.75
  _25_4_26             CONDUIT      3.00     0  05:57      3.87    0.67    0.60
  _164_7_14            CONDUIT      4.01     0  01:57      3.71    0.36    0.46
  _14_7_13             CONDUIT      4.54     0  01:58      2.41    0.43    0.73
  _15_7_14             CONDUIT      0.52     1  00:00      2.24    0.78    0.63
  _35_1_36             CONDUIT      0.71     0  00:40      2.26    1.08    0.85
  523                  CONDUIT     15.32     0  06:30      2.21    0.52    0.68
  _2103_1_2            CONDUIT      0.96     1  00:00      1.98    0.74    0.59
  _4_6_9               CONDUIT      2.59     0  02:16      1.98    3.25    0.69
  _16_5_15             CONDUIT      0.33     0  01:27      2.40    0.38    0.42
  _25_5_26             CONDUIT      0.62     0  01:05      1.80    1.06    1.00
  _14_5_18             CONDUIT      1.64     0  01:10      3.92    0.29    0.68
  _18_5_20             CONDUIT      0.70     0  00:34      2.34    0.99    0.79
  _18_5_24             CONDUIT      0.83     0  00:30      2.48    1.11    1.00
  _18_5_25             CONDUIT      0.95     0  01:03      1.60    1.22    0.70
  _59_5_58             CONDUIT      1.79     0  00:51      5.40    1.07    0.95
  5_1_5_2              CONDUIT      1.25     0  00:29      2.44    0.06    0.84
  3_11_3_14            CONDUIT      1.05     0  00:23      2.68    0.17    0.64
  4_178_4_172          CONDUIT      1.17     0  00:40      2.51    1.05    0.92
  4_129_4_128          CONDUIT      1.00     0  00:41      3.77    0.29    0.69
  4_161_4_160          CONDUIT      0.00     0  00:00      0.00    0.00    0.00
  _150_7_151           CONDUIT      0.72     0  01:00      2.48    0.46    0.41
  522                  CONDUIT      8.94     0  04:40      1.17    0.52    1.00
  _20_2_2205           CONDUIT      0.90     0  00:27      8.20    0.26    0.35
  _97_8_97             CONDUIT      2.20     0  01:26      3.20    0.88    0.84
  _97_8_114            CONDUIT      2.76     0  02:19      3.89    0.84    0.85
  _0_8_97              CONDUIT      0.41     0  05:53      0.82    0.11    0.61
  _95_8_97             CONDUIT      3.25     0  04:57      4.35    0.63    0.62
  _95_8_0              CONDUIT      4.25     0  04:57      4.51    1.11    0.72
  _0_2_47              CONDUIT      4.25     0  04:57      4.27    0.78    0.83
  _0_2_41              CONDUIT      4.53     0  03:36      4.10    1.16    0.84
  _2120_7_1            CONDUIT      0.41     0  00:16      3.00    0.02    0.11
  _2120_6_2119         CONDUIT      0.00     0  00:00      0.00    0.00    0.00
  _2118_5_2117         CONDUIT      0.69     0  03:25      1.55    0.04    0.15
  _2118_6_2119         CONDUIT      0.69     0  03:25      1.89    0.07    0.13
  1950                 CONDUIT      0.27     0  03:11      1.45    0.01    0.52
  1951                 CONDUIT      0.92     0  00:34      0.90    0.07    0.97
  1952                 CONDUIT      1.52     0  01:42      1.35    0.07    0.93
  1953                 CONDUIT      1.55     0  01:36      1.51    0.06    0.88
  1954                 CONDUIT      9.70     0  00:09      3.74    0.42    0.93
  960                  CONDUIT      0.41     0  05:32      3.48    0.10    0.22
  961                  CONDUIT      0.25     0  05:00      1.59    0.16    0.26
  963                  CONDUIT      0.00     0  00:00      0.00    0.00    0.00
  964                  CONDUIT      0.00     0  00:00      0.00    0.00    0.00
  966                  CONDUIT      0.15     0  07:47      1.68    0.21    0.30
  967                  CONDUIT      0.54     0  06:15      2.10    0.30    0.37
  968                  CONDUIT      0.06     0  05:13      0.66    0.04    0.22
  969                  CONDUIT      0.54     0  05:13      3.10    0.15    0.33
  970                  CONDUIT      0.15     0  06:14      2.00    0.15    0.30
  971                  CONDUIT      0.07     0  03:53      0.78    0.05    0.24
  972                  CONDUIT      0.48     0  04:43      2.71    0.17    0.27
  973                  CONDUIT      0.21     0  04:44      2.22    0.21    0.31
  974                  CONDUIT      0.06     0  03:08      0.75    0.04    0.17
  975                  CONDUIT      0.43     0  03:32      3.39    0.10    0.25
  976                  CONDUIT      0.26     0  03:32      3.01    0.18    0.29
  977                  CONDUIT      0.48     0  02:27      4.18    0.09    0.25
  978                  CONDUIT      0.48     0  03:07      2.52    0.19    0.29
  979                  CONDUIT      0.98     0  01:37      3.14    3.69    0.82
  981                  CONDUIT      5.21     1  00:00      4.07    0.88    0.68
  982                  CONDUIT      5.21     0  07:47      4.67    0.79    0.60
  983                  CONDUIT      5.21     0  07:47      4.61    0.80    0.61
  984                  CONDUIT      4.99     0  01:43      1.53    0.05    0.53
  985                  CONDUIT      4.68     0  07:47      4.99    0.90    0.73
  986                  CONDUIT      5.93     0  03:00      2.07    0.40    0.37
  988                  CONDUIT      0.53     0  00:35      7.90    0.13    0.25
  990                  CONDUIT      0.82     0  02:01      1.70    2.07    0.59
  991                  CONDUIT      1.30     0  01:57      3.93    1.07    1.00
  992                  CONDUIT      0.04     0  01:50      2.11    1.06    0.92
  1996                 CONDUIT      1.08     0  00:35      2.51    2.97    1.00
  1997                 CONDUIT      0.02     0  19:24      0.99    1.08    1.00
  1998                 CONDUIT      1.00     0  00:34      4.80    0.62    0.79
  1999                 CONDUIT      1.00     0  00:31      4.85    0.61    0.78
  2000                 CONDUIT      1.00     0  00:29      4.70    0.22    0.66
  2001                 CONDUIT      1.00     0  00:27      3.96    0.27    0.68
  006                  CONDUIT      5.01     1  00:00      3.05    0.18    0.37
  007                  CONDUIT      0.59     0  00:19      4.06    0.02    0.20
  2009                 CONDUIT      1.10     0  00:26      2.53    0.20    0.65
  2012                 CONDUIT      1.20     0  00:19     20.03    0.05    0.58
  2014                 CONDUIT     16.58     0  00:09      4.84    0.37    0.83
  017                  CONDUIT      0.65     0  04:14      2.08    1.18    0.84
  018                  CONDUIT      0.02     0  00:28      0.85    1.08    1.00
  019                  CONDUIT      0.61     0  00:50      1.93    1.25    0.99
  2022                 CONDUIT      1.00     0  00:27      5.13    0.57    0.77
  2026                 CONDUIT      1.02     0  00:26      3.21    0.64    0.79
  2031                 CONDUIT      1.10     0  00:27      2.53    0.20    0.65
  2037                 CONDUIT      1.06     0  00:28      2.88    0.48    0.74
  2039                 CONDUIT      1.08     0  00:29      2.79    0.52    0.75
  2044                 CONDUIT      1.72     0  00:20      2.88    0.25    0.95
  2045                 CONDUIT      1.06     0  00:22      3.12    1.14    1.00
  2047                 CONDUIT      1.68     0  00:33      2.08    0.10    0.87
  2049                 CONDUIT     39.34     0  00:09      5.67    1.26    0.98
  2051                 CONDUIT    182.08     0  00:09    >50.00    4.05    1.00
  2054                 CONDUIT      1.29     0  00:25      1.84    0.09    1.00
  055                  CONDUIT      2.80     0  00:09      3.65    0.04    0.98
  2057                 CONDUIT      1.57     0  00:22     12.93    0.15    1.00
  2065                 CONDUIT      1.00     0  00:30      4.81    0.62    0.79
  2068                 CONDUIT      1.00     0  00:26      4.07    0.44    0.73
  2069                 CONDUIT      1.00     0  00:26      3.51    0.54    0.76
  087                  CONDUIT      1.06     0  00:13      2.92    0.98    1.00
  2090                 CONDUIT      0.00     0  00:00      0.00    0.00    0.00
  2092                 CONDUIT      2.09     0  00:21      4.34    0.04    0.86
  DC0507               WEIR         0.00     0  00:00                      0.00
  Bypass               WEIR         6.51     0  01:42                      1.00
  
  
  ***************************
  Flow Classification Summary
  ***************************
  
  -------------------------------------------------------------------------------------
                      Adjusted    ---------- Fraction of Time in Flow Class ---------- 
                       /Actual         Up    Down  Sub   Sup   Up    Down  Norm  Inlet 
  Conduit               Length    Dry  Dry   Dry   Crit  Crit  Crit  Crit  Ltd   Ctrl  
  -------------------------------------------------------------------------------------
  _67_6_85                1.00   0.01  0.00  0.00  0.96  0.00  0.00  0.03  0.96  0.00
  _81_6_80                1.00   0.15  0.00  0.00  0.82  0.00  0.00  0.03  0.82  0.00
  _80_6_79                1.00   0.18  0.00  0.00  0.00  0.00  0.00  0.82  0.00  0.00
  _97_6_96                1.00   0.05  0.00  0.00  0.93  0.00  0.00  0.02  0.01  0.00
  _96_6_95                1.00   0.07  0.00  0.00  0.92  0.00  0.00  0.02  0.92  0.00
  4_172_4_180             1.00   0.01  0.00  0.00  0.97  0.00  0.00  0.01  0.97  0.00
  4_173_4_176             1.00   0.01  0.00  0.00  0.97  0.00  0.00  0.01  0.97  0.00
  4_174_4_175             1.00   0.01  0.00  0.00  0.97  0.00  0.00  0.01  0.97  0.00
  4_171_4_170             1.00   0.01  0.00  0.00  0.97  0.00  0.00  0.02  0.00  0.00
  4_167_4_166             1.00   0.02  0.00  0.00  0.97  0.00  0.00  0.02  0.00  0.00
  4_166_4_165             1.00   1.00  0.00  0.00  0.00  0.00  0.00  0.00  0.00  0.00
  4_165_4_164             1.00   1.00  0.00  0.00  0.00  0.00  0.00  0.00  0.00  0.00
  4_164_4_163             1.00   1.00  0.00  0.00  0.00  0.00  0.00  0.00  0.00  0.00
  4_163_4_162             1.00   1.00  0.00  0.00  0.00  0.00  0.00  0.00  0.00  0.00
  4_162_4_161             1.00   0.01  0.00  0.00  0.96  0.00  0.00  0.02  0.96  0.00
  4_137_4_136             1.00   0.02  0.00  0.00  0.97  0.00  0.00  0.02  0.97  0.00
  4_136_4_135             1.00   1.00  0.00  0.00  0.00  0.00  0.00  0.00  0.00  0.00
  4_135_4_134             1.00   0.02  0.00  0.00  0.97  0.00  0.00  0.02  0.97  0.00
  4_134_4_133             1.00   1.00  0.00  0.00  0.00  0.00  0.00  0.00  0.00  0.00
  4_133_4_132             1.00   0.01  0.00  0.00  0.97  0.00  0.00  0.02  0.97  0.00
  4_132_4_131             1.00   1.00  0.00  0.00  0.00  0.00  0.00  0.00  0.00  0.00
  4_131_4_130             1.00   0.01  0.00  0.00  0.97  0.00  0.00  0.02  0.97  0.00
  4_130_4_129             1.00   0.01  0.00  0.00  0.97  0.00  0.00  0.01  0.97  0.00
  4_128_4_127             1.00   1.00  0.00  0.00  0.00  0.00  0.00  0.00  0.00  0.00
  4_127_4_126             1.00   1.00  0.00  0.00  0.00  0.00  0.00  0.00  0.00  0.00
  4_126_4_125             1.00   1.00  0.00  0.00  0.00  0.00  0.00  0.00  0.00  0.00
  4_125_4_124             1.00   1.00  0.00  0.00  0.00  0.00  0.00  0.00  0.00  0.00
  4_124_4_123             1.00   1.00  0.00  0.00  0.00  0.00  0.00  0.00  0.00  0.00
  4_123_4_122             1.00   0.01  0.00  0.00  0.97  0.00  0.00  0.01  0.97  0.00
  _122_4_121              1.00   0.01  0.00  0.00  0.97  0.00  0.00  0.01  0.97  0.00
  _121_4_120              1.00   0.01  0.00  0.00  0.00  0.00  0.00  0.99  0.00  0.00
  _120_4_119              1.00   0.03  0.00  0.00  0.00  0.96  0.00  0.01  0.96  0.00
  _97_4_98                1.00   0.04  0.00  0.00  0.00  0.00  0.00  0.96  0.00  0.00
  _98_4_99                1.00   0.03  0.00  0.00  0.00  0.96  0.00  0.01  0.96  0.00
  _99_4_100               1.00   0.01  0.00  0.00  0.00  0.00  0.00  0.99  0.00  0.00
  _100_4_101              1.00   1.00  0.00  0.00  0.00  0.00  0.00  0.00  0.00  0.00
  4_101_4_102             1.00   0.01  0.00  0.00  0.97  0.00  0.00  0.01  0.00  0.00
  4_102_4_103             1.00   0.01  0.00  0.00  0.97  0.00  0.00  0.01  0.97  0.00
  4_103_4_104             1.00   0.01  0.00  0.00  0.97  0.00  0.00  0.01  0.97  0.00
  4_104_4_105             1.00   0.01  0.00  0.00  0.97  0.00  0.00  0.01  0.97  0.00
  4_105_4_106             1.00   1.00  0.00  0.00  0.00  0.00  0.00  0.00  0.00  0.00
  4_106_4_107             1.00   0.01  0.00  0.00  0.97  0.00  0.00  0.01  0.97  0.00
  4_107_4_108             1.00   1.00  0.00  0.00  0.00  0.00  0.00  0.00  0.00  0.00
  4_108_4_109             1.00   1.00  0.00  0.00  0.00  0.00  0.00  0.00  0.00  0.00
  4_109_4_110             1.00   1.00  0.00  0.00  0.00  0.00  0.00  0.00  0.00  0.00
  4_110_4_111             1.00   1.00  0.00  0.00  0.00  0.00  0.00  0.00  0.00  0.00
  4_111_4_112             1.00   1.00  0.00  0.00  0.00  0.00  0.00  0.00  0.00  0.00
  4_112_4_113             1.00   1.00  0.00  0.00  0.00  0.00  0.00  0.00  0.00  0.00
  4_0_4_0                 1.00   0.01  0.00  0.00  0.97  0.00  0.00  0.01  0.97  0.00
  4_0__0                  1.00   0.01  0.00  0.00  0.97  0.00  0.00  0.01  0.97  0.00
  _0_3_167                1.00   0.01  0.00  0.00  0.97  0.00  0.00  0.01  0.97  0.00
  4_168_4_155             1.00   1.00  0.00  0.00  0.00  0.00  0.00  0.00  0.00  0.00
  4_155_4_154             1.00   0.02  0.00  0.00  0.77  0.00  0.00  0.21  0.77  0.00
  3_27_3_26               1.00   0.01  0.00  0.00  0.98  0.00  0.00  0.01  0.98  0.00
  3_27_3_28               1.00   0.01  0.00  0.00  0.98  0.00  0.00  0.01  0.98  0.00
  3_28_3_29               1.00   0.01  0.00  0.00  0.98  0.00  0.00  0.01  0.98  0.00
  _59_5_60                1.00   0.03  0.97  0.00  0.00  0.00  0.00  0.00  0.00  0.00
  _59_5_63                1.00   0.02  0.00  0.00  0.96  0.00  0.00  0.02  0.00  0.00
  _63_5_64                1.00   0.02  0.00  0.00  0.97  0.00  0.00  0.01  0.97  0.00
  _64_5_65                1.00   0.01  0.00  0.00  0.00  0.97  0.00  0.01  0.97  0.00
  3_127_3_126             1.00   0.01  0.00  0.00  0.00  0.98  0.00  0.01  0.98  0.00
  3_126_3_125             1.00   1.00  0.00  0.00  0.00  0.00  0.00  0.00  0.00  0.00
  _66_6_67                1.00   0.01  0.00  0.00  0.00  0.00  0.00  0.99  0.00  0.00
  _85_6_84                1.00   0.04  0.00  0.00  0.00  0.00  0.00  0.96  0.00  0.00
  _66_5_63                1.00   0.01  0.00  0.00  0.97  0.00  0.00  0.01  0.98  0.00
  _84_6_83                1.00   0.07  0.00  0.00  0.00  0.00  0.00  0.93  0.00  0.00
  _83_6_82                1.00   0.10  0.00  0.00  0.00  0.00  0.00  0.90  0.00  0.00
  _82_6_81                1.00   0.13  0.00  0.00  0.00  0.84  0.00  0.03  0.84  0.00
  _79_6_77                1.00   0.02  0.20  0.00  0.78  0.00  0.00  0.00  0.78  0.00
  _78_6_77                1.00   0.01  0.00  0.00  0.78  0.00  0.00  0.21  0.78  0.00
  _104_6_103              1.00   0.01  0.00  0.00  0.98  0.00  0.00  0.01  0.98  0.00
  _103_6_102              1.00   0.02  0.00  0.00  0.97  0.00  0.00  0.01  0.00  0.00
  _102_6_91               1.00   0.03  0.00  0.00  0.96  0.00  0.00  0.01  0.00  0.00
  500                     1.00   0.01  0.00  0.00  0.98  0.00  0.00  0.01  0.00  0.00
  _107_6_108              1.00   0.01  0.00  0.00  0.00  0.98  0.00  0.01  0.98  0.00
  6_108_6_109             1.00   0.01  0.00  0.00  0.00  0.98  0.00  0.01  0.98  0.00
  6_109_6_110             1.00   0.01  0.00  0.00  0.00  0.98  0.00  0.01  0.98  0.00
  6_110_6_111             1.00   0.01  0.00  0.00  0.00  0.98  0.00  0.01  0.98  0.00
  6_111_6_112             1.00   0.01  0.00  0.00  0.00  0.97  0.00  0.01  0.97  0.00
  _100_6_99               1.00   0.01  0.00  0.00  0.00  0.98  0.00  0.01  0.98  0.00
  _99_6_98                1.00   0.02  0.00  0.00  0.96  0.00  0.00  0.01  0.96  0.00
  _98_6_97                1.00   0.04  0.00  0.00  0.95  0.00  0.00  0.02  0.00  0.00
  _95_6_93                1.00   0.08  0.00  0.00  0.00  0.00  0.00  0.92  0.00  0.00
  _93_6_92                1.00   0.10  0.00  0.00  0.00  0.00  0.00  0.90  0.00  0.00
  _92_6_91                1.00   0.04  0.08  0.00  0.89  0.00  0.00  0.00  0.89  0.00
  _99_6_101               1.00   0.01  0.00  0.00  0.98  0.00  0.00  0.01  0.98  0.00
  501                     1.00   0.01  0.00  0.00  0.00  0.00  0.00  0.99  0.00  0.00
  6_105_6_106             1.00   0.01  0.00  0.00  0.97  0.00  0.00  0.01  0.97  0.00
  _82_3_161               1.00   0.01  0.00  0.00  0.96  0.00  0.00  0.03  0.96  0.00
  3_161_3_160             1.00   1.00  0.00  0.00  0.00  0.00  0.00  0.00  0.00  0.00
  3_160_3_159             1.00   0.01  0.00  0.00  0.98  0.00  0.00  0.01  0.98  0.00
  3_159_3_158             1.00   1.00  0.00  0.00  0.00  0.00  0.00  0.00  0.00  0.00
  3_162_3_163             1.00   0.01  0.00  0.00  0.00  0.97  0.00  0.01  0.97  0.00
  3_163_3_164             1.00   1.00  0.00  0.00  0.00  0.00  0.00  0.00  0.00  0.00
  3_164_3_165             1.00   0.01  0.00  0.00  0.97  0.00  0.00  0.01  0.97  0.00
  3_142_3_141             1.00   0.01  0.00  0.00  0.98  0.00  0.00  0.01  0.98  0.00
  3_141_3_140             1.00   0.01  0.00  0.00  0.98  0.00  0.00  0.01  0.98  0.00
  3_140_3_139             1.00   1.00  0.00  0.00  0.00  0.00  0.00  0.00  0.00  0.00
  3_139_3_143             1.00   0.01  0.00  0.00  0.97  0.00  0.00  0.02  0.00  0.00
  3_143_3_144             1.00   0.01  0.00  0.00  0.98  0.00  0.00  0.01  0.98  0.00
  3_153_3_158             1.00   0.01  0.00  0.00  0.98  0.00  0.00  0.01  0.98  0.00
  2502                    1.00   0.01  0.00  0.00  0.98  0.00  0.00  0.01  0.98  0.00
  3_154_3_155             1.00   0.01  0.00  0.00  0.98  0.00  0.00  0.01  0.98  0.00
  3_155_3_156             1.00   0.01  0.00  0.00  0.97  0.00  0.00  0.01  0.97  0.00
  3_156_3_157             1.00   1.00  0.00  0.00  0.00  0.00  0.00  0.00  0.00  0.00
  3_152_3_151             1.00   1.00  0.00  0.00  0.00  0.00  0.00  0.00  0.00  0.00
  3_151_3_150             1.00   1.00  0.00  0.00  0.00  0.00  0.00  0.00  0.00  0.00
  3_150_3_0               1.00   0.01  0.00  0.00  0.98  0.00  0.00  0.01  0.98  0.00
  3_148_3_147             1.00   0.01  0.00  0.00  0.98  0.00  0.00  0.01  0.98  0.00
  3_147_3_153             1.00   0.01  0.00  0.00  0.98  0.00  0.00  0.01  0.98  0.00
  3_138_3_137             1.00   0.01  0.00  0.00  0.98  0.00  0.00  0.01  0.98  0.00
  3_137_3_133             1.00   0.01  0.00  0.00  0.00  0.98  0.00  0.01  0.98  0.00
  3_133_3_139             1.00   0.01  0.00  0.00  0.98  0.00  0.00  0.01  0.98  0.00
  2503                    1.00   0.01  0.00  0.00  0.98  0.00  0.00  0.01  0.98  0.00
  3_134_3_135             1.00   0.01  0.00  0.00  0.00  0.98  0.00  0.01  0.98  0.00
  3_135_3_136             1.00   0.01  0.00  0.00  0.98  0.00  0.00  0.01  0.98  0.00
  3_130_3_127             1.00   0.01  0.00  0.00  0.00  0.98  0.00  0.01  0.98  0.00
  2504                    1.00   0.01  0.00  0.00  0.98  0.00  0.00  0.01  0.00  0.00
  3_132_3_131             1.00   1.00  0.00  0.00  0.00  0.00  0.00  0.00  0.00  0.00
  3_147_3_164             1.00   0.01  0.00  0.00  0.00  0.98  0.00  0.01  0.98  0.00
  _93_6_94                1.00   0.10  0.53  0.00  0.37  0.00  0.00  0.00  0.37  0.00
  _94_4_140               1.00   0.10  0.00  0.00  0.00  0.36  0.00  0.53  0.36  0.00
  _140_4_141              1.00   0.09  0.00  0.00  0.00  0.00  0.00  0.91  0.00  0.00
  _141_4_142              1.00   0.08  0.00  0.00  0.91  0.00  0.00  0.01  0.00  0.00
  _142_4_143              1.00   0.06  0.00  0.00  0.92  0.00  0.00  0.01  0.92  0.00
  _143_4_144              1.00   0.05  0.00  0.00  0.93  0.00  0.00  0.01  0.00  0.00
  _144_4_145              1.00   0.04  0.00  0.00  0.00  0.95  0.00  0.01  0.95  0.00
  _145_4_146              1.00   0.03  0.00  0.00  0.00  0.00  0.00  0.97  0.00  0.00
  _146_4_147              1.00   0.01  0.00  0.00  0.00  0.97  0.00  0.01  0.97  0.00
  506                     1.00   0.01  0.00  0.00  0.00  0.00  0.00  0.99  0.00  0.00
  4_148_4_149             1.00   0.01  0.00  0.00  0.98  0.00  0.00  0.01  0.98  0.00
  4_149_4_157             1.00   0.01  0.00  0.00  0.97  0.00  0.00  0.01  0.97  0.00
  4_157_4_158             1.00   0.01  0.00  0.00  0.97  0.00  0.00  0.01  0.97  0.00
  4_150_4_151             1.00   0.01  0.00  0.00  0.97  0.00  0.00  0.01  0.97  0.00
  4_151_4_152             1.00   0.01  0.00  0.00  0.97  0.00  0.00  0.01  0.97  0.00
  4_152_4_153             1.00   1.00  0.00  0.00  0.00  0.00  0.00  0.00  0.00  0.00
  4_153_4_154             1.00   0.01  0.00  0.00  0.97  0.00  0.00  0.01  0.00  0.00
  4_169_4_168             1.00   0.01  0.00  0.00  0.97  0.00  0.00  0.01  0.97  0.00
  2507                    1.00   0.01  0.00  0.00  0.97  0.00  0.00  0.01  0.97  0.00
  2505                    1.00   0.01  0.00  0.00  0.97  0.00  0.00  0.01  0.00  0.00
  4_159_4_160             1.00   0.01  0.00  0.00  0.97  0.00  0.00  0.01  0.97  0.00
  4_169_4_177             1.00   0.01  0.00  0.00  0.97  0.00  0.00  0.01  0.97  0.00
  4_181_4_178             1.00   1.00  0.00  0.00  0.00  0.00  0.00  0.00  0.00  0.00
  4_170_4_169             1.00   0.01  0.00  0.00  0.97  0.00  0.00  0.02  0.00  0.00
  _119_4_118              1.00   0.04  0.00  0.00  0.00  0.00  0.00  0.96  0.00  0.00
  _96_4_97                1.00   0.05  0.00  0.00  0.00  0.00  0.00  0.95  0.00  0.00
  _2201_2_2203            1.00   0.03  0.00  0.00  0.96  0.00  0.00  0.01  0.96  0.00
  _2203_2_8               1.00   0.03  0.00  0.00  0.03  0.93  0.00  0.01  0.96  0.00
  _8_2_8                  1.00   0.02  0.00  0.00  0.93  0.01  0.00  0.04  0.94  0.00
  _8_2_9                  1.00   0.01  0.00  0.00  0.00  0.00  0.00  0.99  0.00  0.00
  _2203_2_1               1.00   0.02  0.00  0.00  0.00  0.00  0.00  0.98  0.00  0.00
  _1_2_4                  1.00   0.02  0.00  0.00  0.97  0.00  0.00  0.01  0.00  0.00
  _4_2_5                  1.00   0.01  0.00  0.00  0.98  0.00  0.00  0.01  0.00  0.00
  _52_1_53                1.00   0.02  0.00  0.00  0.97  0.00  0.00  0.01  0.00  0.00
  _53_1_54                1.00   0.01  0.00  0.00  0.98  0.00  0.00  0.01  0.00  0.00
  _3_8_4                  1.00   0.05  0.00  0.00  0.94  0.00  0.00  0.01  0.00  0.00
  _4_8_12                 1.00   0.05  0.00  0.00  0.95  0.00  0.00  0.01  0.95  0.00
  _12_8_13                1.00   0.04  0.00  0.00  0.00  0.00  0.00  0.96  0.00  0.00
  _13_8_47                1.00   0.04  0.07  0.00  0.90  0.00  0.00  0.00  0.90  0.00
  _47_8_48                1.00   0.09  0.00  0.00  0.89  0.00  0.00  0.01  0.00  0.00
  _48_8_53                1.00   0.08  0.00  0.00  0.91  0.00  0.00  0.01  0.00  0.00
  _53_8_54                1.00   0.07  0.00  0.00  0.92  0.00  0.00  0.01  0.00  0.00
  _54_8_84                1.00   0.06  0.00  0.00  0.93  0.00  0.00  0.01  0.93  0.00
  _4_8_5                  1.00   0.06  0.03  0.00  0.91  0.00  0.00  0.00  0.91  0.00
  _5_8_6                  1.00   0.07  0.00  0.00  0.91  0.00  0.00  0.02  0.00  0.00
  _6_8_7                  1.00   0.06  0.00  0.00  0.93  0.00  0.00  0.01  0.93  0.00
  _7_8_8                  1.00   0.05  0.00  0.00  0.94  0.00  0.00  0.01  0.00  0.00
  _10_8_11                1.00   0.01  0.00  0.00  0.98  0.00  0.00  0.01  0.00  0.00
  _1_2_2                  1.00   0.02  0.00  0.00  0.97  0.00  0.00  0.01  0.00  0.00
  _2_2_3                  1.00   0.01  0.00  0.00  0.98  0.00  0.00  0.01  0.00  0.00
  _2204_2_10              1.00   0.03  0.00  0.00  0.00  0.00  0.00  0.97  0.00  0.00
  _10_2_13                1.00   0.03  0.00  0.00  0.96  0.00  0.00  0.00  0.00  0.00
  _13_2_16                1.00   0.03  0.00  0.00  0.96  0.00  0.00  0.01  0.00  0.00
  _10_2_11                1.00   0.02  0.00  0.00  0.96  0.00  0.00  0.02  0.00  0.00
  _11_2_12                1.00   0.01  0.00  0.00  0.98  0.00  0.00  0.01  0.98  0.00
  _13_2_14                1.00   0.03  0.00  0.00  0.96  0.00  0.00  0.01  0.96  0.00
  _14_2_15                1.00   0.01  0.00  0.00  0.00  0.00  0.00  0.99  0.00  0.00
  _16_2_17                1.00   0.02  0.00  0.00  0.97  0.00  0.00  0.01  0.97  0.00
  _17_2_18                1.00   0.01  0.00  0.00  0.98  0.00  0.00  0.01  0.00  0.00
  _54_8_55                1.00   0.11  0.00  0.00  0.00  0.00  0.00  0.89  0.00  0.00
  _55_8_56                1.00   0.09  0.00  0.00  0.00  0.00  0.00  0.91  0.00  0.00
  _56_8_57                1.00   0.07  0.00  0.00  0.91  0.00  0.00  0.02  0.00  0.00
  _64_8_57                1.00   0.07  0.00  0.00  0.93  0.00  0.00  0.00  0.01  0.00
  _57_8_58                1.00   0.07  0.00  0.00  0.93  0.00  0.00  0.01  0.00  0.00
  _58_8_36                1.00   0.07  0.00  0.00  0.92  0.00  0.00  0.00  0.00  0.00
  _36_8_37                1.00   0.07  0.00  0.00  0.93  0.00  0.00  0.01  0.93  0.00
  _48_8_49                1.00   0.09  0.07  0.00  0.84  0.00  0.00  0.00  0.84  0.00
  _49_8_50                1.00   0.14  0.00  0.00  0.00  0.00  0.00  0.86  0.00  0.00
  _50_8_51                1.00   0.12  0.00  0.00  0.86  0.00  0.00  0.02  0.86  0.00
  _51_8_52                1.00   0.10  0.00  0.00  0.88  0.00  0.00  0.02  0.02  0.00
  _52_8_36                1.00   0.08  0.00  0.00  0.90  0.00  0.00  0.02  0.00  0.00
  _13_8_14                1.00   0.03  0.00  0.00  0.96  0.00  0.00  0.01  0.96  0.00
  _14_8_15                1.00   0.03  0.00  0.00  0.94  0.00  0.00  0.03  0.00  0.00
  _15_8_16                1.00   0.02  0.00  0.00  0.97  0.00  0.00  0.01  0.00  0.00
  _16_8_17                1.00   0.02  0.00  0.00  0.98  0.00  0.00  0.01  0.98  0.00
  _17_8_19                1.00   0.01  0.00  0.00  0.00  0.00  0.00  0.99  0.00  0.00
  _17_8_20                1.00   0.02  0.04  0.00  0.95  0.00  0.00  0.00  0.01  0.00
  _20_8_21                1.00   0.04  0.00  0.00  0.94  0.00  0.00  0.01  0.94  0.00
  _21_8_22                1.00   0.03  0.00  0.00  0.96  0.00  0.00  0.01  0.95  0.00
  _22_8_34                1.00   0.03  0.00  0.00  0.92  0.00  0.05  0.00  0.00  0.00
  _34_8_35                1.00   0.08  0.00  0.00  0.92  0.00  0.00  0.00  0.00  0.00
  _35_8_36                1.00   0.07  0.00  0.00  0.92  0.00  0.00  0.01  0.00  0.00
  _17_8_18                1.00   0.01  0.00  0.00  0.00  0.00  0.00  0.99  0.00  0.00
  _24_8_23                1.00   0.01  0.00  0.00  0.98  0.00  0.00  0.01  0.98  0.00
  _23_8_22                1.00   0.02  0.00  0.00  0.93  0.00  0.00  0.05  0.00  0.00
  _2108_1_2201            1.00   0.03  0.00  0.00  0.96  0.00  0.00  0.00  0.01  0.00
  _52_1_51                1.00   0.03  0.00  0.00  0.96  0.00  0.00  0.01  0.00  0.00
  _51_1_65                1.00   0.02  0.00  0.00  0.96  0.00  0.00  0.01  0.96  0.00
  _65_1_44                1.00   0.01  0.00  0.00  0.97  0.00  0.00  0.02  0.97  0.00
  _44_1_43                1.00   0.01  0.00  0.00  0.97  0.00  0.00  0.02  0.97  0.00
  _43_1_42                1.00   0.02  0.00  0.00  0.96  0.00  0.00  0.02  0.93  0.00
  _42_1_34                1.00   0.01  0.00  0.00  0.96  0.00  0.00  0.03  0.96  0.00
  _34_1_33                1.00   0.01  0.00  0.00  0.98  0.00  0.00  0.02  0.98  0.00
  _36_1_37                1.00   0.01  0.00  0.00  0.98  0.00  0.00  0.01  0.00  0.00
  _45_1_46                1.00   0.02  0.00  0.00  0.00  0.00  0.00  0.98  0.00  0.00
  _46_1_47                1.00   0.01  0.00  0.00  0.98  0.00  0.00  0.02  0.97  0.00
  _47_1_56                1.00   0.01  0.00  0.00  0.97  0.00  0.00  0.02  0.97  0.00
  _56_1_55                1.00   0.03  0.00  0.00  0.97  0.00  0.00  0.01  0.97  0.00
  _55_1_57                1.00   0.03  0.00  0.00  0.97  0.00  0.00  0.00  0.00  0.00
  _57_1_58                1.00   0.02  0.00  0.00  0.97  0.00  0.00  0.01  0.00  0.00
  _58_1_59                1.00   0.01  0.00  0.00  0.98  0.00  0.00  0.01  0.00  0.00
  _40_1_41                1.00   0.01  0.00  0.00  0.98  0.00  0.00  0.01  0.98  0.00
  _41_1_48                1.00   0.01  0.00  0.00  0.93  0.00  0.00  0.06  0.00  0.00
  _48_1_49                1.00   0.06  0.00  0.00  0.93  0.00  0.00  0.01  0.93  0.00
  _49_1_50                1.00   0.01  0.00  0.00  0.93  0.00  0.00  0.06  0.00  0.00
  _50_1_61                1.00   0.01  0.00  0.00  0.98  0.00  0.00  0.01  0.98  0.00
  _61_1_60                1.00   0.02  0.00  0.00  0.97  0.00  0.00  0.01  0.00  0.00
  _60_1_62                1.00   0.03  0.00  0.00  0.97  0.00  0.00  0.00  0.00  0.00
  _62_1_63                1.00   0.02  0.00  0.00  0.97  0.00  0.00  0.01  0.00  0.00
  _63_1_64                1.00   0.01  0.00  0.00  0.98  0.00  0.00  0.01  0.00  0.00
  _16_7_17                1.00   0.04  0.00  0.00  0.95  0.00  0.00  0.01  0.95  0.00
  _17_7_18                1.00   0.03  0.00  0.00  0.96  0.00  0.00  0.01  0.01  0.00
  512                     1.00   0.02  0.00  0.00  0.97  0.00  0.00  0.02  0.00  0.00
  _19_7_21                1.00   0.02  0.00  0.00  0.95  0.00  0.04  0.00  0.00  0.00
  _21_7_22                1.00   0.05  0.00  0.00  0.92  0.00  0.02  0.00  0.00  0.00
  _22_7_23                1.00   0.07  0.00  0.00  0.92  0.00  0.00  0.00  0.92  0.00
  _23_7_24                1.00   0.07  0.00  0.00  0.93  0.00  0.00  0.01  0.00  0.00
  _24_7_25                1.00   0.06  0.00  0.00  0.93  0.00  0.00  0.01  0.00  0.00
  _25_7_26                1.00   0.05  0.00  0.00  0.94  0.00  0.00  0.01  0.00  0.00
  _26_8_1                 1.00   0.05  0.02  0.00  0.93  0.00  0.00  0.00  0.93  0.00
  _1_8_2                  1.00   0.06  0.00  0.00  0.93  0.00  0.00  0.01  0.00  0.00
  _33_7_34                1.00   0.07  0.00  0.00  0.00  0.00  0.00  0.93  0.00  0.00
  _34_7_35                1.00   0.06  0.00  0.00  0.93  0.00  0.00  0.02  0.93  0.00
  _35_7_36                1.00   0.04  0.00  0.00  0.94  0.00  0.00  0.02  0.00  0.00
  _36_7_37                1.00   0.02  0.00  0.00  0.96  0.00  0.00  0.02  0.01  0.00
  _37_7_32                1.00   0.01  0.00  0.00  0.97  0.00  0.00  0.02  0.03  0.00
  _32_7_31                1.00   0.01  0.00  0.00  0.97  0.00  0.00  0.02  0.00  0.00
  _31_7_27                1.00   0.03  0.00  0.00  0.96  0.00  0.00  0.01  0.96  0.00
  _27_7_28                1.00   0.03  0.00  0.00  0.96  0.00  0.00  0.01  0.96  0.00
  _28_7_29                1.00   0.02  0.00  0.00  0.97  0.00  0.00  0.01  0.00  0.00
  _29_7_30                1.00   0.01  0.00  0.00  0.98  0.00  0.00  0.01  0.00  0.00
  _38_7_39                1.00   0.02  0.00  0.00  0.97  0.00  0.00  0.01  0.00  0.00
  _39_7_40                1.00   0.01  0.00  0.00  0.98  0.00  0.00  0.01  0.00  0.00
  _40_7_43                1.00   0.01  0.03  0.00  0.96  0.00  0.00  0.00  0.00  0.00
  _43_7_44                1.00   0.03  0.00  0.00  0.96  0.00  0.00  0.01  0.00  0.00
  _44_7_45                1.00   0.02  0.00  0.00  0.96  0.00  0.00  0.01  0.00  0.00
  _45_7_47                1.00   0.02  0.01  0.00  0.97  0.00  0.00  0.00  0.97  0.00
  _47_7_48                1.00   0.02  0.00  0.00  0.97  0.00  0.00  0.01  0.00  0.00
  _48_7_49                1.00   0.01  0.00  0.00  0.98  0.00  0.00  0.01  0.00  0.00
  _61_7_62                1.00   0.03  0.00  0.00  0.00  0.00  0.00  0.97  0.00  0.00
  _62_7_63                1.00   0.02  0.00  0.00  0.97  0.00  0.00  0.01  0.01  0.00
  _63_7_65                1.00   0.02  0.02  0.00  0.97  0.00  0.00  0.00  0.97  0.00
  _65_7_66                1.00   0.02  0.00  0.00  0.96  0.00  0.00  0.01  0.00  0.00
  _66_7_0                 1.00   0.01  0.00  0.00  0.98  0.00  0.00  0.01  0.00  0.00
  _50_7_52                1.00   0.03  0.02  0.00  0.95  0.00  0.00  0.00  0.95  0.00
  _52_7_53                1.00   0.02  0.00  0.00  0.95  0.00  0.00  0.02  0.95  0.00
  _53_7_54                1.00   0.01  0.00  0.00  0.98  0.00  0.00  0.01  0.00  0.00
  _2108_1_42              1.00   0.02  0.00  0.00  0.92  0.00  0.00  0.06  0.91  0.00
  _42_1_45                1.00   0.02  0.01  0.00  0.96  0.00  0.00  0.00  0.96  0.00
  _45_1_48                1.00   0.04  0.03  0.00  0.93  0.00  0.00  0.00  0.93  0.00
  _19_7_20                1.00   0.01  0.00  0.00  0.92  0.00  0.00  0.07  0.92  0.00
  _41_7_40                1.00   0.01  0.00  0.00  0.99  0.00  0.00  0.01  0.99  0.00
  _40_7_42                1.00   0.01  0.00  0.00  0.99  0.00  0.00  0.01  0.99  0.00
  _63_7_64                1.00   0.01  0.00  0.00  0.97  0.00  0.00  0.03  0.00  0.00
  _2201_1_51              1.00   0.03  0.00  0.00  0.85  0.00  0.00  0.11  0.00  0.00
  _51_1_55                1.00   0.03  0.00  0.00  0.96  0.00  0.00  0.00  0.00  0.00
  _55_1_60                1.00   0.03  0.00  0.00  0.97  0.00  0.00  0.01  0.00  0.00
  _26_7_27                1.00   0.04  0.00  0.00  0.93  0.00  0.00  0.04  0.00  0.00
  _46_7_45                1.00   0.01  0.00  0.00  0.97  0.00  0.00  0.02  0.00  0.00
  _45_7_50                1.00   0.02  0.00  0.00  0.97  0.00  0.00  0.00  0.02  0.00
  _2104_1_2105            1.00   0.03  0.03  0.00  0.94  0.00  0.00  0.00  0.94  0.00
  _2105_1_2107            1.00   0.03  0.01  0.00  0.96  0.00  0.00  0.00  0.96  0.00
  _21_1_20                1.00   0.01  0.00  0.00  0.98  0.00  0.00  0.01  0.00  0.00
  _20_1_17                1.00   0.02  0.00  0.00  0.97  0.00  0.00  0.02  0.00  0.00
  _17_1_18                1.00   0.02  0.00  0.00  0.97  0.00  0.00  0.02  0.00  0.00
  _18_1_19                1.00   0.01  0.00  0.00  0.98  0.00  0.00  0.01  0.00  0.00
  _33_1_32                1.00   0.02  0.00  0.00  0.97  0.00  0.00  0.01  0.97  0.00
  _26_1_25                1.00   0.01  0.00  0.00  0.97  0.00  0.00  0.02  0.00  0.00
  _25_1_22                1.00   0.02  0.00  0.00  0.97  0.00  0.00  0.01  0.00  0.00
  _22_1_23                1.00   0.02  0.00  0.00  0.96  0.00  0.00  0.02  0.00  0.00
  _23_1_24                1.00   0.01  0.00  0.00  0.98  0.00  0.00  0.01  0.00  0.00
  _29_1_28                1.00   0.01  0.00  0.00  0.97  0.00  0.00  0.02  0.00  0.00
  _28_1_27                1.00   0.02  0.00  0.00  0.97  0.00  0.00  0.01  0.00  0.00
  _27_1_30                1.00   0.03  0.00  0.00  0.96  0.00  0.00  0.01  0.96  0.00
  _30_1_31                1.00   0.01  0.00  0.00  0.97  0.00  0.00  0.02  0.97  0.00
  _31_1_38                1.00   0.01  0.00  0.00  0.98  0.00  0.00  0.01  0.98  0.00
  _38_1_40                1.00   0.02  0.00  0.00  0.98  0.00  0.00  0.00  0.00  0.00
  _71_5_74                1.00   0.02  0.00  0.00  0.98  0.00  0.00  0.01  0.00  0.00
  _74_5_75                1.00   0.01  0.00  0.00  0.98  0.00  0.00  0.01  0.00  0.00
  _85_5_86                1.00   0.02  0.00  0.00  0.95  0.00  0.00  0.02  0.95  0.00
  _86_5_87                1.00   0.01  0.00  0.00  0.97  0.00  0.00  0.02  0.97  0.00
  _87_7_15                1.00   0.01  0.00  0.00  0.97  0.00  0.00  0.02  0.97  0.00
  _164_7_16               1.00   0.05  0.00  0.00  0.94  0.00  0.01  0.00  0.00  0.00
  _70_5_76                1.00   0.04  0.00  0.00  0.96  0.00  0.00  0.00  0.00  0.00
  _76_5_77                1.00   0.03  0.00  0.00  0.96  0.00  0.00  0.00  0.96  0.00
  _77_5_78                1.00   0.03  0.00  0.00  0.00  0.00  0.00  0.97  0.00  0.00
  _78_5_79                1.00   0.03  0.00  0.00  0.97  0.00  0.00  0.01  0.01  0.00
  _81_5_82                1.00   0.01  0.00  0.00  0.98  0.00  0.00  0.01  0.00  0.00
  _12_7_11                1.00   0.01  0.00  0.00  0.97  0.00  0.00  0.02  0.00  0.00
  _11_7_10                1.00   0.02  0.00  0.00  0.00  0.00  0.00  0.98  0.00  0.00
  _10_7_33                1.00   0.07  0.01  0.00  0.00  0.00  0.00  0.91  0.00  0.00
  _11_5_12                1.00   0.02  0.00  0.00  0.97  0.00  0.00  0.01  0.00  0.00
  _12_5_13                1.00   0.01  0.00  0.00  0.98  0.00  0.00  0.01  0.00  0.00
  _2_6_1                  1.00   0.01  0.00  0.00  0.00  0.00  0.00  0.99  0.00  0.00
  _2_7_3                  1.00   0.04  0.01  0.00  0.93  0.00  0.02  0.00  0.00  0.00
  _4_7_5                  1.00   0.07  0.00  0.00  0.93  0.00  0.00  0.01  0.00  0.00
  _5_7_6                  1.00   0.06  0.00  0.00  0.93  0.00  0.00  0.01  0.93  0.00
  _6_7_7                  1.00   0.05  0.00  0.00  0.94  0.00  0.00  0.01  0.94  0.00
  _7_7_8                  1.00   0.03  0.00  0.00  0.95  0.00  0.00  0.02  0.00  0.00
  _8_7_38                 1.00   0.03  0.00  0.00  0.00  0.00  0.00  0.97  0.00  0.00
  _16_5_17                1.00   0.01  0.00  0.00  0.96  0.00  0.00  0.03  0.00  0.00
  _6_6_5                  1.00   0.01  0.00  0.00  0.98  0.00  0.00  0.01  0.00  0.00
  _5_6_4                  1.00   0.02  0.00  0.00  0.00  0.00  0.00  0.98  0.00  0.00
  _4_7_7                  1.00   0.01  0.00  0.00  0.00  0.00  0.00  0.99  0.00  0.00
  _56_7_61                1.00   0.05  0.00  0.00  0.92  0.00  0.00  0.04  0.92  0.00
  _8_1_9                  1.00   0.01  0.00  0.00  0.97  0.00  0.00  0.02  0.00  0.00
  _2104_1_12              1.00   0.04  0.00  0.00  0.00  0.00  0.00  0.96  0.00  0.00
  _12_1_13                1.00   0.03  0.00  0.00  0.95  0.00  0.00  0.02  0.00  0.00
  _15_1_16                1.00   0.01  0.00  0.00  0.98  0.00  0.00  0.01  0.98  0.00
  _2105_1_17              1.00   0.02  0.00  0.00  0.94  0.00  0.00  0.03  0.00  0.00
  _17_1_22                1.00   0.02  0.01  0.00  0.97  0.00  0.00  0.00  0.00  0.00
  _22_1_27                1.00   0.03  0.00  0.00  0.97  0.00  0.00  0.00  0.00  0.00
  _2107_1_32              1.00   0.03  0.00  0.00  0.00  0.00  0.00  0.97  0.00  0.00
  _32_1_35                1.00   0.02  0.00  0.00  0.97  0.00  0.00  0.01  0.97  0.00
  _35_1_38                1.00   0.01  0.00  0.00  0.98  0.00  0.00  0.01  0.00  0.00
  _38_1_39                1.00   0.01  0.00  0.00  0.98  0.00  0.00  0.01  0.00  0.00
  _13_7_10                1.00   0.04  0.00  0.00  0.95  0.00  0.00  0.01  0.00  0.00
  _10_7_9                 1.00   0.04  0.00  0.00  0.96  0.00  0.00  0.01  0.00  0.00
  _9_7_8                  1.00   0.03  0.00  0.00  0.96  0.00  0.00  0.01  0.04  0.00
  _8_7_55                 1.00   0.03  0.05  0.00  0.92  0.00  0.00  0.00  0.00  0.00
  _55_7_56                1.00   0.06  0.00  0.00  0.92  0.00  0.00  0.02  0.00  0.00
  _57_7_8                 1.00   0.03  0.00  0.00  0.00  0.00  0.96  0.00  0.00  0.00
  _60_7_59                1.00   0.01  0.00  0.00  0.98  0.00  0.00  0.01  0.00  0.00
  _79_6_80                1.00   0.02  0.00  0.00  0.97  0.00  0.00  0.01  0.00  0.00
  _1_6_3                  1.00   0.01  0.02  0.00  0.00  0.00  0.00  0.97  0.00  0.00
  _3_6_4                  1.00   0.02  0.00  0.00  0.97  0.00  0.00  0.01  0.97  0.00
  _71_5_70                1.00   0.02  0.00  0.00  0.96  0.00  0.00  0.02  0.00  0.00
  3_15_3_14               1.00   0.01  0.00  0.00  0.98  0.00  0.00  0.01  0.98  0.00
  5_33_5_32               1.00   0.01  0.00  0.00  0.98  0.00  0.00  0.01  0.00  0.00
  5_32_5_31               1.00   0.01  0.00  0.00  0.98  0.00  0.00  0.01  0.00  0.00
  5_31_5_30               1.00   0.01  0.00  0.00  0.98  0.00  0.00  0.01  0.00  0.00
  _30_5_25                1.00   0.01  0.00  0.00  0.98  0.00  0.00  0.01  0.00  0.00
  3_17_3_16               1.00   0.01  0.00  0.00  0.98  0.00  0.00  0.01  0.98  0.00
  5_40_5_39               1.00   0.01  0.00  0.00  0.98  0.00  0.00  0.01  0.00  0.00
  5_39_5_38               1.00   0.01  0.00  0.00  0.98  0.00  0.00  0.01  0.98  0.00
  5_38_5_37               1.00   0.01  0.00  0.00  0.98  0.00  0.00  0.01  0.00  0.00
  _37_5_34                1.00   0.01  0.00  0.00  0.98  0.00  0.00  0.01  0.00  0.00
  _34_5_35                1.00   0.02  0.00  0.00  0.00  0.00  0.00  0.98  0.00  0.00
  _35_5_36                1.00   0.01  0.00  0.00  0.98  0.00  0.00  0.01  0.98  0.00
  3_19_3_18               1.00   0.01  0.00  0.00  0.98  0.00  0.00  0.01  0.98  0.00
  5_47_5_46               1.00   0.01  0.00  0.00  0.98  0.00  0.00  0.01  0.00  0.00
  5_46_5_45               1.00   0.01  0.00  0.00  0.98  0.00  0.00  0.01  0.00  0.00
  5_45_5_44               1.00   0.01  0.00  0.00  0.98  0.00  0.00  0.01  0.00  0.00
  _44_5_41                1.00   0.01  0.00  0.00  0.98  0.00  0.00  0.01  0.00  0.00
  _41_5_42                1.00   0.02  0.00  0.00  0.97  0.00  0.00  0.02  0.00  0.00
  _42_5_43                1.00   0.01  0.00  0.00  0.98  0.00  0.00  0.01  0.00  0.00
  _0_3_113                1.00   1.00  0.00  0.00  0.00  0.00  0.00  0.00  0.00  0.00
  3_113_3_20              1.00   0.01  0.00  0.00  0.98  0.00  0.00  0.01  0.98  0.00
  5_51_5_50               1.00   0.02  0.00  0.00  0.73  0.00  0.00  0.26  0.73  0.00
  5_50_5_49               1.00   0.01  0.00  0.00  0.98  0.00  0.00  0.01  0.00  0.00
  _49_5_48                1.00   0.01  0.00  0.00  0.98  0.00  0.00  0.01  0.00  0.00
  _48_5_52                1.00   0.04  0.03  0.00  0.93  0.00  0.00  0.00  0.93  0.00
  _52_5_53                1.00   0.06  0.00  0.00  0.93  0.00  0.00  0.01  0.93  0.00
  _53_5_54                1.00   0.04  0.00  0.00  0.00  0.00  0.00  0.96  0.00  0.00
  3_23_3_22               1.00   0.01  0.00  0.00  0.98  0.00  0.00  0.01  0.00  0.00
  _0_3_124                1.00   0.01  0.00  0.00  0.00  0.98  0.00  0.01  0.98  0.00
  3_124_3_123             1.00   0.01  0.00  0.00  0.97  0.00  0.00  0.03  0.97  0.00
  3_123_3_26              1.00   0.01  0.00  0.00  0.98  0.00  0.00  0.01  0.98  0.00
  _60_5_61                1.00   1.00  0.00  0.00  0.00  0.00  0.00  0.00  0.00  0.00
  3_14_3_16               1.00   0.01  0.00  0.00  0.98  0.00  0.00  0.01  0.98  0.00
  3_16_3_18               1.00   0.01  0.00  0.00  0.98  0.00  0.00  0.01  0.98  0.00
  3_18_3_20               1.00   0.01  0.00  0.00  0.98  0.00  0.00  0.01  0.98  0.00
  3_20_3_21               1.00   0.01  0.00  0.00  0.98  0.00  0.00  0.01  0.98  0.00
  3_21_3_22               1.00   0.01  0.00  0.00  0.98  0.00  0.00  0.01  0.00  0.00
  3_22_3_24               1.00   0.01  0.00  0.00  0.98  0.00  0.00  0.01  0.00  0.00
  3_24_3_25               1.00   0.01  0.00  0.00  0.98  0.00  0.00  0.01  0.00  0.00
  3_25_3_26               1.00   0.01  0.00  0.00  0.98  0.00  0.00  0.01  0.98  0.00
  _0__0                   1.00   0.01  0.00  0.00  0.98  0.00  0.00  0.01  0.98  0.00
  _25_5_34                1.00   0.03  0.00  0.00  0.96  0.00  0.00  0.01  0.00  0.00
  _34_5_41                1.00   0.03  0.00  0.00  0.97  0.00  0.00  0.00  0.01  0.00
  _41_5_48                1.00   0.03  0.01  0.00  0.96  0.00  0.00  0.00  0.00  0.00
  _48_5_58                1.00   0.04  0.00  0.00  0.96  0.00  0.00  0.01  0.96  0.00
  _51_7_50                1.00   0.01  0.00  0.00  0.97  0.00  0.00  0.02  0.00  0.00
  _73_7_74                1.00   0.06  0.00  0.00  0.93  0.00  0.00  0.01  0.93  0.00
  _74_7_87                1.00   0.06  0.02  0.00  0.92  0.00  0.00  0.00  0.92  0.00
  _87_7_88                1.00   0.07  0.00  0.00  0.92  0.00  0.00  0.01  0.92  0.00
  _88_7_107               1.00   0.05  0.00  0.00  0.88  0.00  0.06  0.00  0.00  0.00
  _107_7_108              1.00   0.05  0.00  0.00  0.94  0.00  0.00  0.00  0.94  0.00
  _108_7_122              1.00   0.04  0.00  0.00  0.95  0.00  0.00  0.01  0.00  0.00
  _122_7_123              1.00   0.03  0.00  0.00  0.96  0.00  0.00  0.01  0.01  0.00
  _123_7_124              1.00   0.02  0.00  0.00  0.95  0.00  0.00  0.03  0.95  0.00
  _124_7_125              1.00   0.02  0.00  0.00  0.00  0.00  0.00  0.98  0.00  0.00
  _125_7_126              1.00   0.01  0.00  0.00  0.98  0.00  0.00  0.01  0.00  0.00
  508                     1.00   0.03  0.02  0.00  0.95  0.00  0.00  0.00  0.95  0.00
  _127_7_128              1.00   0.05  0.00  0.00  0.95  0.00  0.00  0.00  0.95  0.00
  _128_7_129              1.00   0.04  0.00  0.00  0.95  0.00  0.00  0.01  0.95  0.00
  _129_7_130              1.00   0.04  0.00  0.00  0.00  0.00  0.00  0.96  0.00  0.00
  _130_7_131              1.00   0.03  0.00  0.00  0.96  0.00  0.00  0.01  0.96  0.00
  _132_7_133              1.00   0.02  0.00  0.00  0.97  0.00  0.00  0.01  0.97  0.00
  _133_7_134              1.00   0.02  0.00  0.00  0.98  0.00  0.00  0.01  0.00  0.00
  _134_7_135              1.00   0.01  0.00  0.00  0.00  0.98  0.00  0.01  0.98  0.00
  _74_7_75                1.00   0.05  0.00  0.00  0.00  0.00  0.00  0.95  0.00  0.00
  _75_7_76                1.00   0.04  0.00  0.00  0.00  0.00  0.00  0.96  0.00  0.00
  _76_7_77                1.00   0.03  0.00  0.00  0.00  0.00  0.00  0.97  0.00  0.00
  _77_7_78                1.00   0.02  0.00  0.00  0.97  0.00  0.00  0.01  0.02  0.00
  _78_7_79                1.00   0.01  0.00  0.00  0.95  0.00  0.00  0.04  0.00  0.00
  _78_7_80                1.00   0.02  0.03  0.00  0.95  0.00  0.00  0.00  0.95  0.00
  _80_7_81                1.00   0.04  0.00  0.00  0.95  0.00  0.00  0.01  0.00  0.00
  _81_7_82                1.00   0.03  0.00  0.00  0.96  0.00  0.00  0.01  0.00  0.00
  _82_7_83                1.00   0.02  0.00  0.00  0.97  0.00  0.00  0.01  0.00  0.00
  _83_7_84                1.00   0.01  0.00  0.00  0.98  0.00  0.00  0.01  0.00  0.00
  _83_7_85                1.00   0.02  0.00  0.00  0.98  0.00  0.00  0.00  0.00  0.00
  _85_7_86                1.00   0.01  0.00  0.00  0.98  0.00  0.00  0.01  0.00  0.00
  _88_7_89                1.00   0.12  0.00  0.00  0.00  0.00  0.00  0.88  0.00  0.00
  _89_7_90                1.00   0.11  0.00  0.00  0.00  0.00  0.00  0.89  0.00  0.00
  _90_7_91                1.00   0.10  0.00  0.00  0.89  0.00  0.00  0.01  0.00  0.00
  _91_7_92                1.00   0.09  0.00  0.00  0.90  0.00  0.00  0.01  0.00  0.00
  _92_7_93                1.00   0.08  0.00  0.00  0.91  0.00  0.00  0.01  0.91  0.00
  _93_7_94                1.00   0.07  0.00  0.00  0.92  0.00  0.00  0.02  0.92  0.00
  _94_7_95                1.00   0.05  0.00  0.00  0.93  0.00  0.00  0.02  0.00  0.00
  _95_7_96                1.00   0.04  0.00  0.00  0.95  0.00  0.00  0.01  0.95  0.00
  _96_7_97                1.00   0.03  0.00  0.00  0.00  0.00  0.00  0.97  0.00  0.00
  _97_7_98                1.00   0.02  0.00  0.00  0.97  0.00  0.00  0.01  0.97  0.00
  _98_7_99                1.00   0.01  0.00  0.00  0.00  0.00  0.00  0.99  0.00  0.00
  _93_7_100               1.00   0.08  0.00  0.00  0.92  0.00  0.00  0.00  0.92  0.00
  _100_7_101              1.00   0.06  0.00  0.00  0.00  0.00  0.00  0.94  0.00  0.00
  _101_7_102              1.00   0.05  0.00  0.00  0.93  0.00  0.00  0.01  0.00  0.00
  _102_7_103              1.00   0.04  0.00  0.00  0.95  0.00  0.00  0.01  0.95  0.00
  _103_7_104              1.00   0.03  0.00  0.00  0.96  0.00  0.00  0.01  0.96  0.00
  _104_7_105              1.00   0.02  0.00  0.00  0.97  0.00  0.00  0.01  0.00  0.00
  _105_7_106              1.00   0.01  0.00  0.00  0.98  0.00  0.00  0.01  0.98  0.00
  _136_7_137              1.00   0.04  0.00  0.00  0.00  0.00  0.00  0.96  0.00  0.00
  _144_7_145              1.00   0.01  0.00  0.00  0.00  0.00  0.00  0.99  0.00  0.00
  _137_7_138              1.00   0.04  0.00  0.00  0.96  0.00  0.00  0.00  0.96  0.00
  _138_7_139              1.00   0.03  0.00  0.00  0.00  0.00  0.00  0.97  0.00  0.00
  _139_7_140              1.00   0.02  0.00  0.00  0.97  0.00  0.00  0.01  0.00  0.00
  _140_7_0                1.00   0.01  0.00  0.00  0.98  0.00  0.00  0.01  0.98  0.00
  _108_7_109              1.00   0.05  0.00  0.00  0.94  0.00  0.00  0.00  0.94  0.00
  _109_7_110              1.00   0.03  0.00  0.00  0.00  0.00  0.00  0.97  0.00  0.00
  _110_7_111              1.00   0.01  0.00  0.00  0.00  0.00  0.00  0.99  0.00  0.00
  509                     1.00   0.03  0.09  0.00  0.88  0.00  0.00  0.00  0.88  0.00
  _112_7_113              1.00   0.06  0.00  0.00  0.00  0.00  0.00  0.94  0.00  0.00
  _121_7_120              1.00   0.01  0.00  0.00  0.98  0.00  0.00  0.02  0.00  0.00
  _120_7_119              1.00   0.02  0.00  0.00  0.96  0.00  0.00  0.01  0.00  0.00
  _119_7_118              1.00   0.04  0.00  0.00  0.00  0.00  0.00  0.96  0.00  0.00
  _118_7_113              1.00   0.05  0.00  0.00  0.94  0.00  0.00  0.01  0.94  0.00
  _114_7_115              1.00   0.03  0.00  0.00  0.96  0.00  0.00  0.01  0.00  0.00
  _115_7_116              1.00   0.02  0.00  0.00  0.97  0.00  0.00  0.01  0.97  0.00
  _116_7_117              1.00   0.01  0.00  0.00  0.00  0.98  0.00  0.01  0.98  0.00
  _56_4_57                1.00   0.21  0.00  0.00  0.78  0.00  0.00  0.01  0.00  0.00
  _57_4_58                1.00   0.20  0.00  0.00  0.79  0.00  0.00  0.01  0.79  0.00
  _58_4_59                1.00   0.18  0.00  0.00  0.80  0.00  0.00  0.01  0.00  0.00
  _59_4_60                1.00   0.17  0.00  0.00  0.81  0.00  0.00  0.01  0.00  0.00
  _60_4_61                1.00   0.16  0.00  0.00  0.83  0.00  0.00  0.01  0.83  0.00
  _61_4_62                1.00   0.15  0.00  0.00  0.84  0.00  0.00  0.01  0.00  0.00
  _62_4_63                1.00   0.14  0.00  0.00  0.85  0.00  0.00  0.01  0.85  0.00
  _63_4_64                1.00   0.13  0.00  0.00  0.00  0.00  0.00  0.87  0.00  0.00
  _64_4_65                1.00   0.12  0.00  0.00  0.00  0.00  0.00  0.88  0.00  0.00
  _65_4_66                1.00   0.10  0.00  0.00  0.88  0.00  0.01  0.00  0.00  0.00
  _66_4_67                1.00   0.09  0.00  0.00  0.90  0.00  0.00  0.01  0.00  0.00
  _67_4_68                1.00   0.08  0.00  0.00  0.91  0.00  0.00  0.01  0.91  0.00
  _68_4_69                1.00   0.07  0.00  0.00  0.92  0.00  0.00  0.01  0.00  0.00
  _69_4_70                1.00   0.06  0.00  0.00  0.93  0.00  0.00  0.01  0.93  0.00
  _70_4_71                1.00   0.05  0.00  0.00  0.94  0.00  0.00  0.01  0.00  0.00
  _71_4_72                1.00   0.03  0.00  0.00  0.95  0.00  0.00  0.01  0.00  0.00
  _53_4_52                1.00   0.01  0.00  0.00  0.98  0.00  0.00  0.01  0.00  0.00
  _52_4_51                1.00   0.02  0.00  0.00  0.96  0.00  0.00  0.01  0.00  0.00
  _51_4_50                1.00   0.04  0.00  0.00  0.00  0.00  0.00  0.96  0.00  0.00
  _50_4_49                1.00   0.05  0.00  0.00  0.94  0.00  0.00  0.01  0.94  0.00
  _49_4_48                1.00   0.06  0.00  0.00  0.93  0.00  0.00  0.01  0.93  0.00
  _48_4_47                1.00   0.07  0.00  0.00  0.92  0.00  0.00  0.01  0.00  0.00
  _47_4_46                1.00   0.08  0.00  0.00  0.91  0.00  0.00  0.01  0.91  0.00
  _46_4_45                1.00   0.09  0.00  0.00  0.00  0.00  0.00  0.91  0.00  0.00
  _45_4_44                1.00   0.11  0.00  0.00  0.88  0.00  0.00  0.01  0.88  0.00
  _44_4_43                1.00   0.12  0.00  0.00  0.87  0.00  0.00  0.01  0.00  0.00
  _43_4_42                1.00   0.13  0.00  0.00  0.86  0.00  0.00  0.01  0.86  0.00
  _42_4_41                1.00   0.14  0.00  0.00  0.85  0.00  0.00  0.01  0.00  0.00
  _41_4_40                1.00   0.15  0.00  0.00  0.84  0.00  0.00  0.01  0.84  0.00
  _40_4_39                1.00   0.16  0.00  0.00  0.83  0.00  0.00  0.01  0.00  0.00
  _39_4_38                1.00   0.17  0.00  0.00  0.81  0.00  0.00  0.01  0.00  0.00
  _86_8_87                1.00   0.02  0.00  0.00  0.00  0.00  0.00  0.98  0.00  0.00
  _87_8_88                1.00   0.01  0.00  0.00  0.98  0.00  0.00  0.01  0.98  0.00
  _127_8_126              1.00   0.01  0.00  0.00  0.00  0.00  0.00  0.99  0.00  0.00
  _126_8_125              1.00   0.03  0.00  0.00  0.00  0.00  0.00  0.97  0.00  0.00
  _73_8_77                1.00   0.02  0.00  0.00  0.96  0.00  0.00  0.01  0.00  0.00
  _77_8_79                1.00   0.02  0.00  0.00  0.97  0.00  0.00  0.00  0.00  0.00
  _79_8_80                1.00   0.01  0.00  0.00  0.00  0.00  0.00  0.99  0.00  0.00
  _81_8_82                1.00   0.01  0.00  0.00  0.98  0.00  0.00  0.01  0.98  0.00
  _137_8_138              1.00   0.01  0.00  0.00  0.91  0.00  0.00  0.08  0.91  0.00
  _133_8_134              1.00   0.02  0.00  0.00  0.91  0.00  0.00  0.07  0.91  0.00
  _134_8_135              1.00   0.01  0.00  0.00  0.00  0.97  0.00  0.01  0.97  0.00
  _129_8_130              1.00   0.04  0.00  0.00  0.95  0.00  0.00  0.02  0.95  0.00
  _130_8_155              1.00   0.02  0.00  0.00  0.96  0.00  0.00  0.01  0.00  0.00
  _155_8_156              1.00   0.01  0.00  0.00  0.00  0.97  0.00  0.01  0.97  0.00
  _114_8_120              1.00   0.02  0.00  0.00  0.00  0.00  0.00  0.98  0.00  0.00
  _120_8_121              1.00   0.01  0.00  0.00  0.00  0.00  0.00  0.99  0.00  0.00
  513                     1.00   0.02  0.00  0.00  0.91  0.00  0.07  0.00  0.00  0.00
  _122_8_123              1.00   0.08  0.00  0.00  0.91  0.00  0.00  0.01  0.91  0.00
  _123_8_124              1.00   0.07  0.00  0.00  0.91  0.00  0.00  0.02  0.91  0.00
  _124_8_125              1.00   0.05  0.00  0.00  0.00  0.00  0.00  0.95  0.00  0.00
  _83_8_81                1.00   0.01  0.00  0.00  0.98  0.00  0.00  0.01  0.00  0.00
  _81_8_79                1.00   0.02  0.00  0.00  0.98  0.00  0.00  0.00  0.00  0.00
  _101_8_100              1.00   0.01  0.00  0.00  0.98  0.00  0.00  0.01  0.00  0.00
  _100_8_99               1.00   0.02  0.00  0.00  0.00  0.00  0.00  0.98  0.00  0.00
  _99_8_98                1.00   0.04  0.00  0.00  0.00  0.00  0.00  0.96  0.00  0.00
  _98_8_97                1.00   0.05  0.00  0.00  0.00  0.00  0.00  0.95  0.00  0.00
  _97_8_102               1.00   0.20  0.00  0.00  0.00  0.00  0.00  0.80  0.00  0.00
  _102_8_103              1.00   0.17  0.00  0.00  0.00  0.00  0.00  0.83  0.00  0.00
  _103_8_104              1.00   0.15  0.00  0.00  0.00  0.00  0.00  0.85  0.00  0.00
  _104_8_105              1.00   0.13  0.00  0.00  0.00  0.00  0.00  0.87  0.00  0.00
  _105_8_106              1.00   0.11  0.00  0.00  0.87  0.00  0.00  0.01  0.87  0.00
  _106_8_0                1.00   0.11  0.00  0.00  0.00  0.00  0.00  0.89  0.00  0.00
  _0_8_0                  1.00   0.16  0.00  0.00  0.00  0.00  0.00  0.84  0.00  0.00
  _0_8_104                1.00   0.15  0.00  0.00  0.79  0.00  0.00  0.06  0.00  0.00
  _73_8_74                1.00   0.03  0.00  0.00  0.96  0.00  0.00  0.00  0.00  0.00
  _74_8_75                1.00   0.02  0.00  0.00  0.97  0.00  0.00  0.01  0.97  0.00
  _75_8_76                1.00   0.01  0.00  0.00  0.00  0.00  0.00  0.99  0.00  0.00
  _119_8_118              1.00   0.01  0.00  0.00  0.00  0.98  0.00  0.01  0.98  0.00
  _117_8_116              1.00   0.03  0.00  0.00  0.00  0.95  0.00  0.01  0.95  0.00
  _116_8_115              1.00   0.04  0.00  0.00  0.00  0.00  0.00  0.96  0.00  0.00
  _115_8_114              1.00   0.06  0.00  0.00  0.00  0.00  0.00  0.94  0.00  0.00
  514                     1.00   0.06  0.00  0.00  0.00  0.00  0.00  0.94  0.00  0.00
  _128_8_129              1.00   0.05  0.00  0.00  0.94  0.00  0.00  0.01  0.00  0.00
  515                     1.00   0.05  0.00  0.00  0.95  0.00  0.00  0.00  0.00  0.00
  _131_8_132              1.00   0.04  0.00  0.00  0.95  0.00  0.00  0.01  0.00  0.00
  _132_8_133              1.00   0.04  0.00  0.00  0.00  0.00  0.00  0.96  0.00  0.00
  516                     1.00   0.04  0.00  0.00  0.91  0.01  0.00  0.04  0.01  0.00
  _136_8_137              1.00   0.03  0.00  0.00  0.00  0.05  0.00  0.92  0.05  0.00
  _77_8_78                1.00   0.01  0.00  0.00  0.97  0.00  0.00  0.02  0.00  0.00
  _2205_2_21              1.00   0.02  0.00  0.00  0.00  0.00  0.00  0.98  0.00  0.00
  _21_2_22                1.00   0.01  0.00  0.00  0.00  0.00  0.00  0.99  0.00  0.00
  521                     1.00   0.02  0.00  0.00  0.96  0.00  0.01  0.00  0.00  0.00
  _0__0_2                 1.00   0.01  0.01  0.00  0.98  0.00  0.01  0.00  0.00  0.00
  _0_2_61                 1.00   0.12  0.00  0.00  0.00  0.00  0.00  0.88  0.00  0.00
  _61_2_62                1.00   0.11  0.00  0.00  0.00  0.00  0.00  0.89  0.00  0.00
  _62_2_63                1.00   0.10  0.00  0.00  0.89  0.00  0.00  0.01  0.00  0.00
  _63_2_64                1.00   0.09  0.00  0.00  0.90  0.00  0.00  0.01  0.00  0.00
  _0_2_0                  1.00   0.01  0.00  0.00  0.00  0.00  0.00  0.99  0.00  0.00
  _25_2_24                1.00   0.01  0.00  0.00  0.98  0.00  0.00  0.01  0.00  0.00
  _24_2_23                1.00   0.02  0.00  0.00  0.96  0.00  0.00  0.02  0.96  0.00
  _23_2_2206              1.00   0.03  0.00  0.00  0.00  0.00  0.00  0.97  0.00  0.00
  _23_2_26                1.00   0.04  0.96  0.00  0.00  0.00  0.00  0.00  0.00  0.00
  _26_2_0                 1.00   1.00  0.00  0.00  0.00  0.00  0.00  0.00  0.00  0.00
  _39_2_38                1.00   0.01  0.00  0.00  0.98  0.00  0.00  0.01  0.00  0.00
  _38_2_37                1.00   0.02  0.00  0.00  0.00  0.00  0.00  0.98  0.00  0.00
  _37_2_23                1.00   0.03  0.00  0.00  0.97  0.00  0.00  0.00  0.00  0.00
  _37_2_40                1.00   0.03  0.01  0.00  0.93  0.00  0.03  0.00  0.00  0.00
  _40_2_41                1.00   0.07  0.00  0.00  0.93  0.00  0.00  0.00  0.93  0.00
  _41_2_42                1.00   0.05  0.00  0.00  0.00  0.00  0.00  0.95  0.00  0.00
  _42_2_43                1.00   0.04  0.00  0.00  0.95  0.00  0.00  0.01  0.95  0.00
  _43_2_44                1.00   0.03  0.00  0.00  0.00  0.00  0.00  0.97  0.00  0.00
  _44_2_45                1.00   0.02  0.00  0.00  0.00  0.97  0.00  0.01  0.97  0.00
  _52_2_51                1.00   0.01  0.00  0.00  0.98  0.00  0.00  0.01  0.00  0.00
  _51_2_50                1.00   0.02  0.00  0.00  0.96  0.00  0.00  0.02  0.00  0.00
  _50_2_49                1.00   0.03  0.00  0.00  0.95  0.00  0.00  0.01  0.95  0.00
  _49_2_47                1.00   0.05  0.00  0.00  0.93  0.00  0.00  0.03  0.00  0.00
  _47_2_53                1.00   0.05  0.00  0.00  0.88  0.00  0.00  0.06  0.00  0.00
  _53_2_54                1.00   0.04  0.00  0.00  0.95  0.00  0.00  0.01  0.95  0.00
  _54_2_55                1.00   0.03  0.00  0.00  0.00  0.95  0.00  0.01  0.95  0.00
  _85_8_89                1.00   0.04  0.96  0.00  0.00  0.00  0.00  0.00  0.00  0.00
  _89_8_90                1.00   1.00  0.00  0.00  0.00  0.00  0.00  0.00  0.00  0.00
  _90_8_91                1.00   1.00  0.00  0.00  0.00  0.00  0.00  0.00  0.00  0.00
  _91_8_92                1.00   1.00  0.00  0.00  0.00  0.00  0.00  0.00  0.00  0.00
  _92_8_93                1.00   1.00  0.00  0.00  0.00  0.00  0.00  0.00  0.00  0.00
  _93_8_94                1.00   0.01  0.99  0.00  0.00  0.00  0.00  0.00  0.00  0.00
  _94_8_95                1.00   0.01  0.00  0.00  0.98  0.00  0.00  0.01  0.98  0.00
  _95_8_147               1.00   0.12  0.00  0.00  0.00  0.00  0.00  0.88  0.00  0.00
  _147_8_148              1.00   0.10  0.00  0.00  0.88  0.00  0.00  0.01  0.00  0.00
  _148_8_149              1.00   0.09  0.00  0.00  0.89  0.00  0.00  0.01  0.90  0.00
  _148_8_0                1.00   1.00  0.00  0.00  0.00  0.00  0.00  0.00  0.00  0.00
  3_164_3_145             1.00   1.00  0.00  0.00  0.00  0.00  0.00  0.00  0.00  0.00
  3_145__0                1.00   0.01  0.00  0.00  0.98  0.00  0.00  0.01  0.00  0.00
  3_158_3_162             1.00   0.01  0.00  0.00  0.00  0.98  0.00  0.01  0.98  0.00
  4_177_4_178             1.00   0.01  0.00  0.00  0.97  0.00  0.00  0.01  0.97  0.00
  3_131__0                1.00   0.01  0.00  0.00  0.00  0.98  0.00  0.01  0.98  0.00
  3_125__0                1.00   0.01  0.00  0.00  0.00  0.98  0.00  0.01  0.98  0.00
  3_129_3_128             1.00   0.01  0.00  0.00  0.98  0.00  0.00  0.01  0.00  0.00
  3_128_3_127             1.00   1.00  0.00  0.00  0.00  0.00  0.00  0.00  0.00  0.00
  _20_5_21                1.00   0.01  0.00  0.00  0.98  0.00  0.00  0.01  0.00  0.00
  _11_6_10                1.00   0.01  0.00  0.00  0.00  0.00  0.00  0.99  0.00  0.00
  _10_6_9                 1.00   0.02  0.00  0.00  0.00  0.00  0.00  0.98  0.00  0.00
  _9_6_12                 1.00   0.02  0.00  0.00  0.00  0.00  0.00  0.98  0.00  0.00
  _12_6_13                1.00   0.01  0.00  0.00  0.98  0.00  0.00  0.01  0.00  0.00
  _72_7_71                1.00   0.01  0.00  0.00  0.00  0.00  0.00  0.99  0.00  0.00
  _71_7_70                1.00   0.02  0.00  0.00  0.00  0.00  0.00  0.98  0.00  0.00
  _57_7_69                1.00   0.03  0.01  0.00  0.96  0.00  0.00  0.00  0.96  0.00
  _69_7_70                1.00   0.03  0.00  0.00  0.95  0.00  0.00  0.02  0.02  0.00
  _70_7_68                1.00   0.03  0.00  0.00  0.92  0.00  0.00  0.05  0.00  0.00
  _68_7_56                1.00   0.06  0.01  0.00  0.92  0.00  0.00  0.00  0.92  0.00
  _73_7_70                1.00   0.03  0.00  0.00  0.93  0.00  0.03  0.00  0.00  0.00
  _27_5_28                1.00   0.02  0.00  0.00  0.97  0.00  0.00  0.01  0.01  0.00
  _28_5_29                1.00   0.01  0.00  0.00  0.98  0.00  0.00  0.02  0.00  0.00
  _14_6_15                1.00   0.05  0.00  0.00  0.00  0.00  0.00  0.95  0.00  0.00
  _15_6_16                1.00   0.04  0.00  0.00  0.95  0.00  0.00  0.02  0.00  0.00
  _16_6_17                1.00   0.02  0.00  0.00  0.96  0.00  0.00  0.02  0.00  0.00
  _17_6_18                1.00   0.01  0.00  0.00  0.98  0.00  0.00  0.01  0.00  0.00
  _21_6_20                1.00   0.01  0.00  0.00  0.98  0.00  0.00  0.01  0.00  0.00
  _20_6_19                1.00   0.02  0.00  0.00  0.97  0.00  0.00  0.01  0.00  0.00
  _22_6_23                1.00   0.05  0.00  0.00  0.94  0.00  0.00  0.01  0.00  0.00
  _23_6_28                1.00   0.05  0.00  0.00  0.95  0.00  0.00  0.00  0.00  0.00
  _28_6_33                1.00   0.04  0.00  0.00  0.95  0.00  0.00  0.01  0.00  0.00
  _33_6_34                1.00   0.03  0.00  0.00  0.96  0.00  0.00  0.01  0.00  0.00
  _34_6_37                1.00   0.03  0.15  0.00  0.82  0.00  0.00  0.00  0.82  0.00
  _37_7_155               1.00   0.15  0.00  0.00  0.00  0.00  0.00  0.85  0.00  0.00
  _9_6_14                 1.00   0.03  0.00  0.00  0.96  0.00  0.01  0.00  0.00  0.00
  _14_6_19                1.00   0.03  0.00  0.00  0.96  0.00  0.01  0.00  0.00  0.00
  _19_6_38                1.00   0.03  0.00  0.00  0.97  0.00  0.00  0.00  0.00  0.00
  _38_6_40                1.00   0.02  0.00  0.00  0.97  0.00  0.00  0.01  0.97  0.00
  _40_6_41                1.00   0.01  0.00  0.00  0.00  0.00  0.00  0.99  0.00  0.00
  _40_6_42                1.00   0.02  0.01  0.00  0.97  0.00  0.00  0.00  0.97  0.00
  _42_6_45                1.00   0.02  0.00  0.00  0.97  0.00  0.00  0.01  0.97  0.00
  _45_6_50                1.00   0.02  0.00  0.00  0.96  0.00  0.00  0.02  0.96  0.00
  _70_7_154               1.00   0.28  0.00  0.00  0.00  0.00  0.00  0.72  0.00  0.00
  _154_7_155              1.00   0.15  0.00  0.00  0.00  0.00  0.00  0.85  0.00  0.00
  _155_7_156              1.00   0.12  0.00  0.00  0.00  0.85  0.00  0.02  0.85  0.00
  _156_7_157              1.00   0.10  0.00  0.00  0.00  0.00  0.00  0.90  0.00  0.00
  _157_7_158              1.00   0.08  0.00  0.00  0.90  0.00  0.00  0.02  0.00  0.00
  _158_7_159              1.00   0.06  0.00  0.00  0.92  0.00  0.00  0.02  0.92  0.00
  _159_7_160              1.00   0.04  0.00  0.00  0.94  0.00  0.00  0.02  0.00  0.00
  _160_7_161              1.00   0.03  0.00  0.00  0.96  0.00  0.00  0.01  0.96  0.00
  _161_7_162              1.00   0.02  0.00  0.00  0.01  0.96  0.00  0.01  0.97  0.00
  _162_7_163              1.00   0.01  0.00  0.00  0.00  0.98  0.00  0.01  0.98  0.00
  _34_6_35                1.00   0.02  0.00  0.00  0.97  0.00  0.00  0.01  0.97  0.00
  _35_6_36                1.00   0.01  0.00  0.00  0.98  0.00  0.00  0.01  0.98  0.00
  _28_6_29                1.00   0.04  0.00  0.00  0.95  0.00  0.00  0.01  0.95  0.00
  _29_6_30                1.00   0.03  0.00  0.00  0.01  0.00  0.00  0.96  0.00  0.00
  _30_6_31                1.00   0.02  0.00  0.00  0.00  0.97  0.00  0.01  0.97  0.00
  _31_6_32                1.00   0.01  0.00  0.00  0.00  0.00  0.00  0.99  0.00  0.00
  _23_6_24                1.00   0.04  0.00  0.00  0.95  0.00  0.00  0.01  0.95  0.00
  _24_6_25                1.00   0.03  0.00  0.00  0.00  0.00  0.00  0.97  0.00  0.00
  _25_6_26                1.00   0.02  0.00  0.00  0.97  0.00  0.00  0.01  0.00  0.00
  _26_6_27                1.00   0.01  0.00  0.00  0.98  0.00  0.00  0.01  0.98  0.00
  _54_5_55                1.00   0.03  0.00  0.00  0.96  0.00  0.00  0.01  0.00  0.00
  _55_5_56                1.00   0.02  0.00  0.00  0.97  0.00  0.00  0.01  0.97  0.00
  _56_5_57                1.00   0.01  0.00  0.00  0.98  0.00  0.00  0.01  0.00  0.00
  _44_6_43                1.00   0.01  0.00  0.00  0.98  0.00  0.00  0.02  0.00  0.00
  _43_6_42                1.00   0.02  0.00  0.00  0.00  0.00  0.00  0.98  0.00  0.00
  _61_6_62                1.00   1.00  0.00  0.00  0.00  0.00  0.00  0.00  0.00  0.00
  _62_6_45                1.00   0.01  0.00  0.00  0.00  0.00  0.00  0.99  0.00  0.00
  _45_6_46                1.00   0.11  0.00  0.00  0.00  0.00  0.00  0.89  0.00  0.00
  _46_6_47                1.00   0.08  0.00  0.00  0.00  0.89  0.00  0.03  0.89  0.00
  _47_6_48                1.00   0.04  0.00  0.00  0.00  0.00  0.00  0.96  0.00  0.00
  _48_6_49                1.00   0.01  0.00  0.00  0.96  0.00  0.00  0.03  0.00  0.00
  _7_7_59                 1.00   0.01  0.00  0.00  0.98  0.00  0.00  0.01  0.01  0.00
  _59_7_58                1.00   0.02  0.00  0.00  0.00  0.00  0.00  0.98  0.00  0.00
  _58_7_57                1.00   0.03  0.00  0.00  0.88  0.00  0.00  0.10  0.88  0.00
  _47_2_41                1.00   0.06  0.00  0.00  0.94  0.00  0.00  0.01  0.00  0.00
  _26_5_27                1.00   0.03  0.00  0.00  0.96  0.00  0.00  0.01  0.96  0.00
  _65_8_72                1.00   0.04  0.00  0.00  0.92  0.00  0.00  0.04  0.00  0.00
  _72_8_73                1.00   0.03  0.00  0.00  0.96  0.00  0.00  0.01  0.00  0.00
  _65_8_66                1.00   0.05  0.03  0.00  0.92  0.00  0.00  0.00  0.92  0.00
  _66_8_67                1.00   0.07  0.00  0.00  0.00  0.92  0.00  0.01  0.92  0.00
  _67_8_68                1.00   0.06  0.00  0.00  0.00  0.93  0.00  0.01  0.93  0.00
  _68_8_69                1.00   0.04  0.00  0.00  0.00  0.00  0.00  0.96  0.00  0.00
  _69_8_70                1.00   0.03  0.00  0.00  0.00  0.96  0.00  0.01  0.96  0.00
  _70_8_74                1.00   0.01  0.00  0.00  0.00  0.00  0.00  0.99  0.00  0.00
  _3_1_4                  1.00   0.06  0.00  0.00  0.91  0.00  0.00  0.03  0.01  0.00
  _70_5_69                1.00   0.04  0.00  0.00  0.96  0.00  0.00  0.00  0.00  0.00
  _69_5_68                1.00   0.04  0.00  0.00  0.95  0.00  0.00  0.00  0.00  0.00
  _68_5_67                1.00   0.05  0.00  0.00  0.95  0.00  0.00  0.00  0.00  0.00
  _67_5_7                 1.00   0.02  0.00  0.00  0.95  0.00  0.03  0.00  0.00  0.00
  _8_5_7                  1.00   0.01  0.00  0.00  0.00  0.00  0.00  0.99  0.00  0.00
  _7_5_9                  1.00   0.05  0.00  0.00  0.95  0.00  0.00  0.00  0.00  0.00
  _9_5_14                 1.00   0.04  0.00  0.00  0.95  0.00  0.01  0.00  0.00  0.00
  _0_5_0                  1.00   0.01  0.00  0.00  0.99  0.00  0.00  0.01  0.00  0.00
  3_5_3_0                 1.00   0.01  0.00  0.00  0.99  0.00  0.00  0.01  0.99  0.00
  3_5_3_9                 1.00   0.01  0.00  0.00  0.98  0.00  0.00  0.01  0.00  0.00
  3_11__12                1.00   0.01  0.00  0.00  0.98  0.00  0.00  0.01  0.98  0.00
  _4_1_5                  1.00   0.03  0.00  0.00  0.94  0.00  0.00  0.03  0.00  0.00
  _5_1_6                  1.00   0.01  0.00  0.00  0.96  0.00  0.00  0.03  0.00  0.00
  _3_1_2                  1.00   0.04  0.05  0.00  0.91  0.00  0.00  0.00  0.91  0.00
  _71_5_72                1.00   0.02  0.00  0.00  0.98  0.00  0.00  0.01  0.00  0.00
  _72_5_73                1.00   0.01  0.00  0.00  0.98  0.00  0.00  0.01  0.00  0.00
  5_6_5_7                 1.00   0.02  0.00  0.00  0.00  0.00  0.00  0.98  0.00  0.00
  5_5_5_6                 1.00   0.01  0.00  0.00  0.98  0.00  0.00  0.01  0.00  0.00
  5_3_5_4                 1.00   0.01  0.00  0.00  0.99  0.00  0.00  0.01  0.00  0.00
  5_4_5_5                 1.00   0.01  0.00  0.00  0.99  0.00  0.00  0.01  0.00  0.00
  5_2_5_3                 1.00   0.01  0.00  0.00  0.99  0.00  0.00  0.01  0.00  0.00
  5_0_5_1                 1.00   0.01  0.00  0.00  0.99  0.00  0.00  0.01  0.00  0.00
  3_1_3_2                 1.00   0.01  0.00  0.00  0.98  0.00  0.00  0.01  0.00  0.00
  3_2_3_3                 1.00   0.01  0.00  0.00  0.98  0.00  0.00  0.01  0.00  0.00
  _11_5_10                1.00   0.03  0.00  0.00  0.96  0.00  0.00  0.02  0.00  0.00
  _10_5_9                 1.00   0.04  0.00  0.00  0.95  0.00  0.00  0.01  0.95  0.00
  _15_5_14                1.00   0.05  0.01  0.00  0.94  0.00  0.00  0.00  0.94  0.00
  3_6_3_5                 1.00   0.01  0.00  0.00  0.98  0.00  0.00  0.01  0.00  0.00
  3_8_3_7                 1.00   0.01  0.00  0.00  0.98  0.00  0.00  0.01  0.00  0.00
  3_7_3_6                 1.00   0.01  0.00  0.00  0.98  0.00  0.00  0.01  0.00  0.00
  3_9_3_0                 1.00   0.01  0.00  0.00  0.98  0.00  0.00  0.01  0.98  0.00
  3_5_3_11                1.00   0.01  0.00  0.00  0.98  0.00  0.00  0.01  0.98  0.00
  5_0_5_0                 1.00   0.01  0.00  0.00  0.99  0.00  0.00  0.01  0.00  0.00
  _41_8_42                1.00   0.01  0.00  0.00  0.00  0.98  0.00  0.01  0.98  0.00
  _148_7_146              1.00   0.03  0.06  0.00  0.91  0.00  0.00  0.00  0.91  0.00
  510                     1.00   0.03  0.01  0.00  0.95  0.00  0.00  0.00  0.95  0.00
  _72_4_73                1.00   0.02  0.00  0.00  0.97  0.00  0.00  0.01  0.97  0.00
  _73_4_74                1.00   0.01  0.00  0.00  0.00  0.00  0.00  0.99  0.00  0.00
  _131_7_132              1.00   0.03  0.00  0.00  0.00  0.00  0.00  0.97  0.00  0.00
  _150_7_149              1.00   0.06  0.00  0.00  0.00  0.00  0.00  0.94  0.00  0.00
  _149_7_148              1.00   0.07  0.00  0.00  0.00  0.91  0.00  0.01  0.91  0.00
  _151_7_152              1.00   0.03  0.00  0.00  0.96  0.00  0.00  0.02  0.00  0.00
  _152_7_153              1.00   0.01  0.00  0.00  0.97  0.00  0.00  0.02  0.00  0.00
  _8_8_9                  1.00   0.03  0.00  0.00  0.95  0.00  0.00  0.01  0.95  0.00
  _31_8_30                1.00   0.01  0.00  0.00  0.96  0.00  0.00  0.03  0.00  0.00
  _30_8_29                1.00   0.04  0.00  0.00  0.96  0.00  0.00  0.00  0.96  0.00
  _29_8_32                1.00   0.02  0.00  0.00  0.94  0.01  0.00  0.03  0.95  0.00
  _32_8_33                1.00   0.01  0.00  0.00  0.00  0.98  0.00  0.01  0.98  0.00
  _40_8_41                1.00   0.02  0.00  0.00  0.00  0.00  0.00  0.98  0.00  0.00
  _39_8_40                1.00   0.03  0.00  0.00  0.00  0.00  0.00  0.97  0.00  0.00
  _37_8_38                1.00   0.06  0.00  0.00  0.00  0.93  0.00  0.01  0.93  0.00
  _38_8_39                1.00   0.05  0.00  0.00  0.00  0.94  0.00  0.01  0.94  0.00
  _22_8_25                1.00   0.03  0.03  0.00  0.00  0.00  0.00  0.94  0.00  0.00
  _25_8_26                1.00   0.06  0.00  0.00  0.93  0.00  0.00  0.01  0.93  0.00
  _26_8_27                1.00   0.05  0.00  0.00  0.00  0.94  0.00  0.01  0.94  0.00
  _27_8_28                1.00   0.04  0.00  0.00  0.00  0.00  0.00  0.96  0.00  0.00
  _28_8_29                1.00   0.04  0.00  0.00  0.00  0.00  0.00  0.96  0.00  0.00
  _41_8_0                 1.00   0.02  0.34  0.00  0.63  0.00  0.00  0.00  0.63  0.00
  _44_8_45                1.00   0.03  0.00  0.00  0.00  0.00  0.00  0.97  0.00  0.00
  _45_8_46                1.00   0.01  0.00  0.00  0.96  0.00  0.00  0.02  0.00  0.00
  _62_8_63                1.00   0.01  0.00  0.00  0.00  0.97  0.00  0.01  0.97  0.00
  _61_8_62                1.00   0.02  0.00  0.00  0.00  0.00  0.00  0.98  0.00  0.00
  _60_8_61                1.00   0.04  0.00  0.00  0.00  0.95  0.00  0.01  0.95  0.00
  _140_8_141              1.00   0.02  0.00  0.00  0.00  0.00  0.00  0.98  0.00  0.00
  517                     1.00   0.03  0.02  0.00  0.00  0.95  0.00  0.00  0.95  0.00
  _139_8_140              1.00   0.03  0.00  0.00  0.00  0.00  0.00  0.97  0.00  0.00
  518                     1.00   0.03  0.06  0.00  0.00  0.91  0.00  0.00  0.91  0.00
  _142_8_143              1.00   0.07  0.00  0.00  0.00  0.91  0.00  0.02  0.91  0.00
  _143_8_144              1.00   0.06  0.00  0.00  0.00  0.93  0.00  0.02  0.93  0.00
  _144_8_145              1.00   0.04  0.00  0.00  0.00  0.94  0.00  0.02  0.94  0.00
  _145__146               1.00   0.02  0.00  0.00  0.00  0.00  0.00  0.98  0.00  0.00
  112_8_111               1.00   0.02  0.00  0.00  0.00  0.00  0.00  0.98  0.00  0.00
  _111_8_110              1.00   0.04  0.00  0.00  0.00  0.00  0.00  0.96  0.00  0.00
  _110_8_109              1.00   0.05  0.00  0.00  0.90  0.03  0.00  0.02  0.93  0.00
  _109_8_108              1.00   0.07  0.00  0.00  0.00  0.00  0.00  0.93  0.00  0.00
  _108_8_107              1.00   0.09  0.00  0.00  0.00  0.00  0.00  0.91  0.00  0.00
  _107_8_106              1.00   0.10  0.00  0.00  0.00  0.00  0.00  0.90  0.00  0.00
  _149_8_150              1.00   0.08  0.00  0.00  0.00  0.00  0.00  0.92  0.00  0.00
  _45_2_46                1.00   0.01  0.00  0.00  0.00  0.98  0.00  0.01  0.98  0.00
  _0_2_32                 1.00   0.08  0.00  0.00  0.87  0.00  0.00  0.05  0.87  0.00
  _32_2_33                1.00   0.06  0.00  0.00  0.00  0.00  0.00  0.94  0.00  0.00
  _33_2_34                1.00   0.05  0.00  0.00  0.00  0.00  0.00  0.95  0.00  0.00
  _36_2_72                1.00   0.01  0.00  0.00  0.97  0.00  0.00  0.01  0.97  0.00
  _66_2_67                1.00   0.06  0.00  0.00  0.00  0.00  0.00  0.94  0.00  0.00
  _67_2_68                1.00   0.05  0.00  0.00  0.00  0.00  0.00  0.95  0.00  0.00
  _70_2_71                1.00   0.01  0.00  0.00  0.97  0.00  0.00  0.01  0.00  0.00
  _153__154               1.00   0.02  0.00  0.00  0.00  0.00  0.00  0.98  0.00  0.00
  _152_8_153              1.00   0.04  0.00  0.00  0.00  0.00  0.00  0.96  0.00  0.00
  _150_8_151              1.00   0.07  0.00  0.00  0.00  0.00  0.00  0.93  0.00  0.00
  _151_8_152              1.00   0.05  0.00  0.00  0.00  0.00  0.00  0.95  0.00  0.00
  _55_2_56                1.00   0.02  0.00  0.00  0.00  0.97  0.00  0.01  0.97  0.00
  _56_2_57                1.00   0.01  0.00  0.00  0.00  0.98  0.00  0.01  0.98  0.00
  _59_6_58                1.00   0.01  0.00  0.00  0.00  0.00  0.00  0.99  0.00  0.00
  _58_6_53                1.00   0.02  0.00  0.00  0.00  0.00  0.00  0.98  0.00  0.00
  _53_6_52                1.00   0.03  0.00  0.00  0.94  0.00  0.00  0.02  0.94  0.00
  _53_6_54                1.00   0.03  0.01  0.00  0.00  0.00  0.00  0.96  0.00  0.00
  _54_6_55                1.00   0.03  0.00  0.00  0.00  0.96  0.00  0.01  0.96  0.00
  _55_6_56                1.00   0.02  0.00  0.00  0.00  0.97  0.00  0.01  0.97  0.00
  _56_6_57                1.00   0.01  0.00  0.00  0.00  0.00  0.00  0.99  0.00  0.00
  _33_4_32                1.00   0.01  0.00  0.00  0.98  0.00  0.00  0.01  0.98  0.00
  _32_4_31                1.00   0.02  0.00  0.00  0.96  0.00  0.00  0.01  0.00  0.00
  _31_4_30                1.00   0.04  0.00  0.00  0.95  0.00  0.00  0.01  0.95  0.00
  _30_4_29                1.00   0.05  0.00  0.00  0.00  0.00  0.00  0.95  0.00  0.00
  _51_6_52                1.00   0.04  0.00  0.00  0.00  0.00  0.00  0.96  0.00  0.00
  _65_6_61                1.00   0.05  0.00  0.00  0.00  0.00  0.00  0.95  0.00  0.00
  _61_6_60                1.00   0.05  0.00  0.00  0.93  0.01  0.00  0.01  0.02  0.00
  _60_6_52                1.00   0.04  0.01  0.00  0.95  0.00  0.00  0.00  0.01  0.00
  _61_6_62_2              1.00   0.04  0.00  0.00  0.00  0.00  0.00  0.96  0.00  0.00
  _62_6_63                1.00   0.02  0.00  0.00  0.00  0.00  0.00  0.98  0.00  0.00
  _63_6_64                1.00   0.01  0.00  0.00  0.00  0.00  0.00  0.99  0.00  0.00
  _88_4_89                1.00   0.01  0.00  0.00  0.98  0.00  0.00  0.01  0.97  0.00
  _88_4_87                1.00   0.02  0.00  0.00  0.00  0.00  0.00  0.98  0.00  0.00
  _87_4_86                1.00   0.04  0.00  0.00  0.00  0.95  0.00  0.01  0.95  0.00
  _86_4_85                1.00   0.05  0.00  0.00  0.00  0.00  0.00  0.95  0.00  0.00
  _85_4_84                1.00   0.06  0.00  0.00  0.00  0.93  0.00  0.01  0.93  0.00
  _84_4_83                1.00   0.07  0.00  0.00  0.92  0.00  0.00  0.01  0.92  0.00
  _83_4_82                1.00   0.08  0.00  0.00  0.91  0.00  0.00  0.01  0.91  0.00
  _82_4_81                1.00   0.09  0.00  0.00  0.90  0.00  0.00  0.01  0.00  0.00
  _17_4_18                1.00   0.09  0.00  0.00  0.90  0.00  0.00  0.01  0.00  0.00
  _18_4_19                1.00   0.09  0.00  0.00  0.90  0.00  0.00  0.01  0.00  0.00
  _19_4_20                1.00   0.08  0.00  0.00  0.91  0.00  0.00  0.01  0.14  0.00
  _20_4_21                1.00   0.08  0.00  0.00  0.92  0.00  0.00  0.01  0.92  0.00
  _21_4_22                1.00   0.07  0.00  0.00  0.92  0.00  0.00  0.01  0.00  0.00
  _22_4_23                1.00   0.06  0.00  0.00  0.93  0.00  0.00  0.01  0.93  0.00
  _23_4_24                1.00   0.05  0.00  0.00  0.94  0.00  0.00  0.01  0.00  0.00
  _24_4_25                1.00   0.04  0.00  0.00  0.95  0.00  0.00  0.01  0.95  0.00
  _26_4_27                1.00   0.01  0.00  0.00  0.97  0.00  0.00  0.02  0.00  0.00
  _27_4_28                1.00   0.01  0.00  0.00  0.94  0.00  0.05  0.00  0.00  0.00
  _28_4_29                1.00   0.06  0.00  0.00  0.90  0.04  0.00  0.00  0.94  0.00
  _28_4_34                1.00   0.06  0.00  0.00  0.90  0.00  0.04  0.00  0.00  0.00
  _34_4_35                1.00   0.10  0.00  0.00  0.77  0.00  0.13  0.00  0.00  0.00
  _54_4_55                1.00   0.23  0.00  0.00  0.76  0.00  0.00  0.01  0.00  0.00
  _55_4_56                1.00   0.22  0.00  0.00  0.77  0.00  0.00  0.01  0.00  0.00
  _35_4_0                 1.00   0.22  0.00  0.00  0.77  0.00  0.00  0.01  0.00  0.00
  _36_4_37                1.00   0.20  0.00  0.00  0.79  0.00  0.00  0.01  0.00  0.00
  _37_4_38                1.00   0.18  0.00  0.00  0.80  0.00  0.00  0.01  0.00  0.00
  _15_4_14                1.00   0.01  0.00  0.00  0.00  0.00  0.00  0.99  0.00  0.00
  _14_4_13                1.00   0.04  0.00  0.00  0.00  0.00  0.00  0.96  0.00  0.00
  _13_4_12                1.00   0.07  0.00  0.00  0.02  0.89  0.00  0.02  0.91  0.00
  _12_4_11                1.00   0.09  0.00  0.00  0.89  0.00  0.00  0.02  0.89  0.00
  _11_4_10                1.00   0.11  0.00  0.00  0.86  0.00  0.00  0.02  0.00  0.00
  _10_4_9                 1.00   0.14  0.00  0.00  0.82  0.00  0.05  0.00  0.00  0.00
  _9_4_8                  1.00   0.18  0.82  0.00  0.00  0.00  0.00  0.00  0.00  0.00
  _8_4_7                  1.00   1.00  0.00  0.00  0.00  0.00  0.00  0.00  0.00  0.00
  _16_4_17                1.00   0.10  0.00  0.00  0.90  0.00  0.00  0.00  0.90  0.00
  _2136_4_90              1.00   0.11  0.00  0.00  0.00  0.00  0.00  0.89  0.00  0.00
  _90_4_91                1.00   0.10  0.00  0.00  0.00  0.00  0.00  0.90  0.00  0.00
  _91_4_92                1.00   0.10  0.00  0.00  0.00  0.90  0.00  0.01  0.90  0.00
  _92_4_114               1.00   0.09  0.00  0.00  0.00  0.90  0.00  0.01  0.90  0.00
  _114_4_115              1.00   0.08  0.00  0.00  0.00  0.91  0.00  0.01  0.91  0.00
  _115_4_116              1.00   0.07  0.00  0.00  0.00  0.92  0.00  0.01  0.92  0.00
  _92_4_93                1.00   0.09  0.00  0.00  0.00  0.90  0.00  0.00  0.90  0.00
  _93_4_94                1.00   0.08  0.00  0.00  0.00  0.91  0.00  0.01  0.91  0.00
  _78_4_77                1.00   0.01  0.00  0.00  0.98  0.00  0.00  0.01  0.98  0.00
  _77_4_76                1.00   0.02  0.00  0.00  0.00  0.00  0.00  0.98  0.00  0.00
  _79_4_80                1.00   0.01  0.00  0.00  0.98  0.00  0.00  0.01  0.00  0.00
  _87_4_1                 1.00   0.03  0.00  0.00  0.95  0.00  0.00  0.02  0.00  0.00
  _1_4_2                  1.00   0.01  0.00  0.00  0.97  0.00  0.00  0.02  0.00  0.00
  _87_6_88                1.00   0.04  0.03  0.00  0.93  0.00  0.00  0.00  0.93  0.00
  _88_6_89                1.00   0.06  0.00  0.00  0.93  0.00  0.00  0.01  0.00  0.00
  _89_6_90                1.00   0.05  0.00  0.00  0.94  0.00  0.00  0.01  0.00  0.00
  _87_6_86                1.00   0.04  0.00  0.00  0.94  0.00  0.00  0.02  0.00  0.00
  _86_6_69                1.00   0.06  0.00  0.00  0.94  0.00  0.00  0.00  0.94  0.00
  _69_6_70                1.00   0.05  0.00  0.00  0.94  0.00  0.00  0.02  0.02  0.00
  _70_6_71                1.00   0.03  0.00  0.00  0.95  0.00  0.00  0.01  0.00  0.00
  _71_6_72                1.00   0.02  0.00  0.00  0.97  0.00  0.00  0.01  0.00  0.00
  _72_6_73                1.00   0.01  0.00  0.00  0.98  0.00  0.00  0.01  0.98  0.00
  _77_6_76                1.00   0.02  0.00  0.00  0.97  0.00  0.00  0.01  0.19  0.00
  _76_6_75                1.00   0.03  0.00  0.00  0.94  0.00  0.00  0.02  0.00  0.00
  _75_6_74                1.00   0.06  0.00  0.00  0.92  0.00  0.00  0.03  0.00  0.00
  _74_6_69                1.00   0.08  0.00  0.00  0.00  0.00  0.00  0.92  0.00  0.00
  _69_6_68                1.00   0.06  0.00  0.00  0.93  0.00  0.00  0.01  0.93  0.00
  _68_6_61                1.00   0.05  0.02  0.00  0.93  0.00  0.00  0.00  0.00  0.00
  _116_4_118              1.00   0.05  0.00  0.00  0.00  0.00  0.00  0.95  0.00  0.00
  _96_4_94                1.00   0.07  0.00  0.00  0.00  0.00  0.00  0.93  0.00  0.00
  _140_4_139              1.00   0.10  0.00  0.00  0.89  0.00  0.00  0.01  0.89  0.00
  _114_4_138              1.00   0.09  0.04  0.00  0.00  0.87  0.00  0.00  0.87  0.00
  _138_4_139              1.00   0.11  0.00  0.00  0.00  0.87  0.00  0.01  0.87  0.00
  _90_6_91                1.00   0.04  0.00  0.00  0.95  0.00  0.00  0.01  0.00  0.00
  _65_6_66                1.00   0.03  0.00  0.00  0.95  0.00  0.00  0.02  0.95  0.00
  _50_6_51                1.00   0.04  0.01  0.00  0.95  0.00  0.00  0.00  0.01  0.00
  _3_7_4                  1.00   0.07  0.00  0.00  0.93  0.00  0.00  0.00  0.00  0.00
  _1_7_2                  1.00   0.02  0.00  0.00  0.96  0.00  0.00  0.02  0.96  0.00
  _0_7_113                1.00   0.05  0.00  0.00  0.94  0.00  0.00  0.00  0.00  0.00
  _4_2_6                  1.00   0.02  0.00  0.00  0.97  0.00  0.00  0.01  0.00  0.00
  _6_2_7                  1.00   0.01  0.00  0.00  0.98  0.00  0.00  0.01  0.00  0.00
  _19_2_20                1.00   0.01  0.00  0.00  0.00  0.00  0.00  0.99  0.00  0.00
  _85_8_86                1.00   0.03  0.00  0.00  0.95  0.00  0.00  0.01  0.95  0.00
  _81_4_17                1.00   0.10  0.00  0.00  0.90  0.00  0.00  0.00  0.00  0.00
  _8_2_2204               1.00   0.03  0.00  0.00  0.04  0.00  0.93  0.00  0.03  0.00
  _2206_2_0               1.00   0.04  0.00  0.00  0.96  0.00  0.00  0.00  0.03  0.00
  _0_1_2104               1.00   0.06  0.00  0.00  0.94  0.00  0.00  0.01  0.00  0.00
  _2114_1_0               1.00   0.06  0.00  0.00  0.00  0.00  0.00  0.94  0.00  0.00
  _2115_1_2114            1.00   0.05  0.00  0.00  0.93  0.00  0.00  0.01  0.93  0.00
  _2116_1_2115            1.00   0.04  0.00  0.00  0.94  0.00  0.00  0.01  0.00  0.00
  _2116_5_85              1.00   0.04  0.00  0.00  0.00  0.00  0.00  0.96  0.00  0.00
  _2117_5_2116            1.00   0.03  0.00  0.00  0.95  0.00  0.00  0.02  0.95  0.00
  _2117_5_81              1.00   0.02  0.00  0.00  0.00  0.00  0.00  0.98  0.00  0.00
  _2121_6_0               1.00   0.06  0.00  0.00  0.00  0.00  0.00  0.94  0.00  0.00
  _2122_6_2121            1.00   0.04  0.00  0.00  0.94  0.00  0.00  0.02  0.00  0.00
  _2123_6_2122            1.00   0.03  0.01  0.00  0.95  0.00  0.01  0.00  0.00  0.00
  _22_2123                1.00   0.03  0.03  0.00  0.95  0.00  0.00  0.00  0.00  0.00
  _2124_6_2123            1.00   0.02  0.00  0.00  0.97  0.00  0.00  0.01  0.97  0.00
  _2124_6_39              1.00   0.01  0.00  0.00  0.00  0.00  0.00  0.99  0.00  0.00
  _2125_6_2124            1.00   0.11  0.00  0.00  0.00  0.00  0.00  0.89  0.00  0.00
  _2126_6_2125            1.00   0.11  0.00  0.00  0.00  0.87  0.00  0.03  0.87  0.00
  _2127_6_2126            1.00   0.10  0.00  0.00  0.00  0.89  0.00  0.01  0.89  0.00
  _2128_6_2127            1.00   0.09  0.00  0.00  0.00  0.00  0.00  0.91  0.00  0.00
  _2129_6_2128            1.00   0.07  0.00  0.00  0.91  0.00  0.02  0.00  0.00  0.00
  _2130_6_2129            1.00   0.06  0.00  0.00  0.93  0.00  0.00  0.01  0.93  0.00
  _2134_4_2133            1.00   0.02  0.00  0.00  0.00  0.00  0.00  0.98  0.00  0.00
  _2134_4_5               1.00   0.01  0.00  0.00  0.00  0.98  0.00  0.01  0.98  0.00
  _2132_4_2133            1.00   0.03  0.00  0.00  0.88  0.00  0.00  0.09  0.00  0.00
  _2135_4_2132            1.00   0.04  0.00  0.00  0.87  0.00  0.01  0.08  0.00  0.00
  _7_4_2135               1.00   1.00  0.00  0.00  0.00  0.00  0.00  0.00  0.00  0.00
  _2135_4_16              1.00   0.10  0.90  0.00  0.00  0.00  0.00  0.00  0.00  0.00
  135_2136                1.00   0.11  0.00  0.00  0.00  0.00  0.00  0.89  0.00  0.00
  _75_4_79                1.00   0.02  0.02  0.00  0.96  0.00  0.00  0.00  0.96  0.00
  _76_4_75                1.00   0.03  0.00  0.00  0.00  0.00  0.00  0.97  0.00  0.00
  _75_4_2131              1.00   0.04  0.00  0.00  0.00  0.00  0.96  0.00  0.00  0.00
  _2131_6_2130            1.00   0.05  0.00  0.00  0.94  0.00  0.00  0.02  0.00  0.00
  132_2131                1.00   0.04  0.00  0.00  0.87  0.00  0.00  0.09  0.00  0.00
  4_172_4_171             1.00   0.01  0.00  0.00  0.97  0.00  0.00  0.02  0.00  0.00
  4_172_173               1.00   0.01  0.00  0.00  0.97  0.00  0.00  0.02  0.00  0.00
  4_173_174               1.00   0.01  0.00  0.00  0.97  0.00  0.00  0.01  0.97  0.00
  3_0_3_148               1.00   0.01  0.00  0.00  0.98  0.00  0.00  0.01  0.98  0.00
  _0_3_0                  1.00   0.01  0.00  0.00  0.98  0.00  0.00  0.01  0.98  0.00
  0_1_2103                1.00   0.05  0.00  0.00  0.90  0.00  0.00  0.06  0.00  0.00
  _2103_1_0               1.00   0.05  0.00  0.00  0.94  0.00  0.00  0.02  0.94  0.00
  _0_7_142                1.00   0.01  0.00  0.00  0.98  0.00  0.00  0.01  0.98  0.00
  _65_2_64                1.00   0.08  0.00  0.00  0.91  0.00  0.00  0.01  0.91  0.00
  _69_2_70                1.00   0.02  0.00  0.00  0.00  0.00  0.00  0.98  0.00  0.00
  _68_2_69                1.00   0.04  0.00  0.00  0.00  0.00  0.00  0.96  0.00  0.00
  _34_2_36                1.00   0.03  0.00  0.00  0.95  0.00  0.00  0.02  0.00  0.00
  519                     1.00   0.02  0.00  0.00  0.00  0.00  0.00  0.98  0.00  0.00
  _57_8_59                1.00   0.06  0.00  0.00  0.92  0.01  0.00  0.01  0.93  0.00
  _59_8_60                1.00   0.05  0.00  0.00  0.00  0.94  0.00  0.01  0.94  0.00
  _0_8_44                 1.00   0.06  0.00  0.00  0.92  0.00  0.00  0.02  0.92  0.00
  _146_7_147              1.00   0.01  0.00  0.00  0.91  0.00  0.00  0.08  0.00  0.00
  _143_7_144              1.00   0.02  0.00  0.00  0.97  0.00  0.00  0.01  0.97  0.00
  511                     1.00   0.03  0.00  0.00  0.91  0.03  0.00  0.03  0.94  0.00
  _141_7_0                1.00   0.02  0.00  0.00  0.94  0.00  0.00  0.04  0.00  0.00
  _141_7_146              1.00   0.03  0.00  0.00  0.97  0.00  0.00  0.01  0.97  0.00
  _137_7_141              1.00   0.03  0.00  0.00  0.96  0.00  0.00  0.01  0.00  0.00
  _9_8_10                 1.00   0.02  0.00  0.00  0.00  0.00  0.00  0.98  0.00  0.00
  _2_8_3                  1.00   0.06  0.00  0.00  0.93  0.00  0.00  0.01  0.00  0.00
  _0_7_114                1.00   0.04  0.00  0.00  0.95  0.00  0.00  0.01  0.95  0.00
  _0_4_36                 1.00   0.21  0.00  0.00  0.78  0.00  0.00  0.01  0.78  0.00
  _35_4_54                1.00   0.22  0.03  0.00  0.76  0.00  0.00  0.00  0.76  0.00
  _25_4_26                1.00   0.02  0.00  0.00  0.96  0.00  0.00  0.01  0.95  0.00
  _164_7_14               1.00   0.04  0.00  0.00  0.94  0.00  0.02  0.00  0.00  0.00
  _14_7_13                1.00   0.04  0.00  0.00  0.95  0.00  0.00  0.01  0.95  0.00
  _15_7_14                1.00   0.02  0.00  0.00  0.00  0.00  0.00  0.98  0.00  0.00
  _35_1_36                1.00   0.02  0.00  0.00  0.97  0.00  0.00  0.01  0.00  0.00
  523                     1.00   0.03  0.01  0.00  0.96  0.00  0.00  0.00  0.01  0.00
  _2103_1_2               1.00   0.03  0.00  0.00  0.00  0.00  0.00  0.97  0.00  0.00
  _4_6_9                  1.00   0.02  0.00  0.00  0.97  0.00  0.00  0.00  0.00  0.00
  _16_5_15                1.00   0.03  0.00  0.00  0.94  0.00  0.00  0.03  0.00  0.00
  _25_5_26                1.00   0.04  0.01  0.00  0.96  0.00  0.00  0.00  0.00  0.00
  _14_5_18                1.00   0.03  0.00  0.00  0.96  0.00  0.00  0.01  0.96  0.00
  _18_5_20                1.00   0.02  0.00  0.00  0.00  0.00  0.00  0.98  0.00  0.00
  _18_5_24                1.00   0.01  0.00  0.00  0.98  0.00  0.00  0.01  0.00  0.00
  _18_5_25                1.00   0.04  0.00  0.00  0.00  0.00  0.96  0.00  0.00  0.00
  _59_5_58                1.00   0.03  0.00  0.00  0.00  0.00  0.00  0.97  0.00  0.00
  5_1_5_2                 1.00   0.01  0.00  0.00  0.99  0.00  0.00  0.01  0.00  0.00
  3_11_3_14               1.00   0.01  0.00  0.00  0.98  0.00  0.00  0.01  0.98  0.00
  4_178_4_172             1.00   0.01  0.00  0.00  0.97  0.00  0.00  0.01  0.97  0.00
  4_129_4_128             1.00   0.01  0.00  0.00  0.97  0.00  0.00  0.01  0.97  0.00
  4_161_4_160             1.00   1.00  0.00  0.00  0.00  0.00  0.00  0.00  0.00  0.00
  _150_7_151              1.00   0.04  0.00  0.00  0.94  0.00  0.00  0.02  0.00  0.00
  522                     1.00   0.02  0.00  0.00  0.97  0.00  0.00  0.01  0.00  0.00
  _20_2_2205              1.00   0.02  0.00  0.00  0.00  0.00  0.00  0.98  0.00  0.00
  _97_8_97                1.00   0.04  0.00  0.00  0.94  0.00  0.01  0.00  0.00  0.00
  _97_8_114               1.00   0.03  0.00  0.00  0.96  0.00  0.00  0.01  0.96  0.00
  _0_8_97                 1.00   0.04  0.19  0.00  0.77  0.00  0.00  0.00  0.77  0.00
  _95_8_97                1.00   0.05  0.00  0.00  0.88  0.00  0.00  0.06  0.88  0.00
  _95_8_0                 1.00   0.06  0.00  0.00  0.00  0.00  0.00  0.94  0.00  0.00
  _0_2_47                 1.00   0.06  0.00  0.00  0.94  0.00  0.00  0.00  0.94  0.00
  _0_2_41                 1.00   0.06  0.00  0.00  0.00  0.00  0.00  0.94  0.00  0.00
  _2120_7_1               1.00   0.01  0.00  0.00  0.00  0.97  0.00  0.02  0.97  0.00
  _2120_6_2119            1.00   1.00  0.00  0.00  0.00  0.00  0.00  0.00  0.00  0.00
  _2118_5_2117            1.00   0.03  0.06  0.00  0.91  0.00  0.00  0.00  0.91  0.00
  _2118_6_2119            1.00   0.08  0.00  0.00  0.00  0.00  0.00  0.92  0.00  0.00
  1950                    1.00   0.10  0.00  0.00  0.87  0.00  0.00  0.03  0.87  0.00
  1951                    1.00   0.01  0.00  0.00  0.98  0.00  0.02  0.00  0.00  0.00
  1952                    1.00   0.01  0.00  0.00  0.98  0.00  0.00  0.01  0.00  0.00
  1953                    1.00   0.01  0.00  0.00  0.98  0.00  0.00  0.01  0.01  0.00
  1954                    1.00   0.01  0.00  0.00  0.99  0.00  0.00  0.00  0.00  0.00
  960                     1.00   0.21  0.00  0.00  0.00  0.77  0.00  0.03  0.77  0.00
  961                     1.00   0.20  0.00  0.00  0.79  0.00  0.00  0.01  0.00  0.00
  963                     1.00   1.00  0.00  0.00  0.00  0.00  0.00  0.00  0.00  0.00
  964                     1.00   1.00  0.00  0.00  0.00  0.00  0.00  0.00  0.00  0.00
  966                     1.00   0.26  0.00  0.00  0.00  0.00  0.00  0.74  0.00  0.00
  967                     1.00   0.07  0.12  0.00  0.81  0.00  0.00  0.00  0.00  0.00
  968                     1.00   0.17  0.00  0.00  0.80  0.00  0.03  0.00  0.00  0.00
  969                     1.00   0.17  0.00  0.00  0.81  0.00  0.00  0.02  0.81  0.00
  970                     1.00   0.20  0.00  0.00  0.74  0.00  0.00  0.06  0.74  0.00
  971                     1.00   0.15  0.00  0.00  0.84  0.00  0.02  0.00  0.00  0.00
  972                     1.00   0.15  0.00  0.00  0.00  0.00  0.00  0.85  0.00  0.00
  973                     1.00   0.16  0.00  0.00  0.00  0.00  0.00  0.84  0.00  0.00
  974                     1.00   0.12  0.00  0.00  0.87  0.00  0.01  0.00  0.00  0.00
  975                     1.00   0.12  0.00  0.00  0.00  0.85  0.00  0.02  0.85  0.00
  976                     1.00   0.13  0.00  0.00  0.00  0.00  0.00  0.87  0.00  0.00
  977                     1.00   0.08  0.00  0.00  0.00  0.90  0.00  0.02  0.90  0.00
  978                     1.00   0.10  0.00  0.00  0.00  0.00  0.00  0.90  0.00  0.00
  979                     1.00   0.07  0.00  0.00  0.00  0.00  0.00  0.93  0.00  0.00
  981                     1.00   0.07  0.00  0.00  0.93  0.00  0.00  0.00  0.00  0.00
  982                     1.00   0.07  0.00  0.00  0.00  0.00  0.00  0.93  0.00  0.00
  983                     1.00   0.07  0.00  0.00  0.00  0.00  0.00  0.93  0.00  0.00
  984                     1.00   0.02  0.01  0.00  0.95  0.00  0.01  0.00  0.00  0.00
  985                     1.00   0.06  0.00  0.00  0.80  0.00  0.00  0.14  0.00  0.00
  986                     1.00   0.04  0.01  0.00  0.96  0.00  0.00  0.00  0.00  0.00
  988                     1.00   0.02  0.00  0.00  0.00  0.00  0.00  0.98  0.00  0.00
  990                     1.00   0.04  0.00  0.00  0.00  0.00  0.00  0.96  0.00  0.00
  991                     1.00   0.05  0.00  0.00  0.92  0.01  0.00  0.01  0.01  0.00
  992                     1.00   0.08  0.00  0.00  0.00  0.00  0.00  0.92  0.00  0.00
  1996                    1.00   0.01  0.00  0.00  0.98  0.00  0.00  0.01  0.98  0.00
  1997                    1.00   0.01  0.00  0.00  0.19  0.00  0.00  0.79  0.00  0.00
  1998                    1.00   0.01  0.00  0.00  0.98  0.00  0.00  0.01  0.98  0.00
  1999                    1.00   0.01  0.00  0.00  0.98  0.00  0.00  0.01  0.98  0.00
  2000                    1.00   0.01  0.00  0.00  0.98  0.00  0.00  0.01  0.98  0.00
  2001                    1.00   0.01  0.00  0.00  0.98  0.00  0.00  0.01  0.98  0.00
  006                     1.00   0.01  0.00  0.00  0.98  0.00  0.00  0.01  0.01  0.00
  007                     1.00   0.01  0.00  0.00  0.97  0.02  0.00  0.01  0.99  0.00
  2009                    1.00   0.01  0.00  0.00  0.98  0.00  0.00  0.01  0.98  0.00
  2012                    1.00   0.01  0.00  0.00  0.00  0.99  0.00  0.01  0.00  0.00
  2014                    1.00   0.01  0.00  0.00  0.99  0.00  0.00  0.00  0.00  0.00
  017                     1.00   0.02  0.00  0.00  0.91  0.00  0.00  0.07  0.00  0.00
  018                     1.00   0.01  0.00  0.00  0.98  0.00  0.00  0.01  0.00  0.00
  019                     1.00   0.02  0.00  0.00  0.97  0.00  0.00  0.02  0.00  0.00
  2022                    1.00   0.01  0.00  0.00  0.98  0.00  0.00  0.01  0.98  0.00
  2026                    1.00   0.01  0.00  0.00  0.98  0.00  0.00  0.01  0.98  0.00
  2031                    1.00   0.01  0.00  0.00  0.98  0.00  0.00  0.01  0.98  0.00
  2037                    1.00   0.01  0.00  0.00  0.98  0.00  0.00  0.01  0.98  0.00
  2039                    1.00   0.01  0.00  0.00  0.98  0.00  0.00  0.01  0.98  0.00
  2044                    1.00   0.01  0.00  0.00  0.99  0.00  0.00  0.01  0.00  0.00
  2045                    1.00   0.01  0.00  0.00  0.98  0.00  0.00  0.01  0.00  0.00
  2047                    1.00   0.01  0.00  0.00  0.99  0.00  0.00  0.01  0.00  0.00
  2049                    1.00   0.01  0.00  0.00  0.99  0.00  0.00  0.00  0.00  0.00
  2051                    1.00   0.01  0.00  0.00  0.99  0.00  0.00  0.00  0.00  0.00
  2054                    1.00   0.01  0.00  0.00  0.99  0.00  0.00  0.01  0.00  0.00
  055                     1.00   0.01  0.00  0.00  0.99  0.00  0.00  0.01  0.00  0.00
  2057                    1.00   0.01  0.00  0.00  0.99  0.00  0.00  0.01  0.00  0.00
  2065                    1.00   0.01  0.00  0.00  0.98  0.00  0.00  0.01  0.98  0.00
  2068                    1.00   0.01  0.00  0.00  0.98  0.00  0.00  0.01  0.98  0.00
  2069                    1.00   0.01  0.00  0.00  0.98  0.00  0.00  0.01  0.98  0.00
  087                     1.00   0.01  0.00  0.00  0.98  0.00  0.00  0.01  0.00  0.00
  2090                    1.00   1.00  0.00  0.00  0.00  0.00  0.00  0.00  0.00  0.00
  2092                    1.00   0.01  0.00  0.00  0.99  0.00  0.00  0.01  0.00  0.00
  
  
  *************************
  Conduit Surcharge Summary
  *************************
  
  ----------------------------------------------------------------------------
                                                           Hours        Hours 
                         --------- Hours Full --------   Above Full   Capacity
  Conduit                Both Ends  Upstream  Dnstream   Normal Flow   Limited
  ----------------------------------------------------------------------------
  _81_6_80                    0.01      0.01     19.59      0.01         0.01
  _80_6_79                    0.01     19.59      0.01     19.65         0.01
  4_172_4_180                 0.01      0.01     23.32      0.02         0.01
  4_171_4_170                23.19     23.64     23.19      0.47         0.01
  4_167_4_166                 0.01     23.56      0.01      0.39         0.01
  4_162_4_161                 0.01      0.01     23.12      0.01         0.01
  4_137_4_136                 0.01      0.01     23.24      0.01         0.01
  4_135_4_134                 0.01      0.01     23.24      0.01         0.01
  4_133_4_132                 0.01      0.01     23.26      0.01         0.01
  4_131_4_130                 0.01      0.01     23.27      0.01         0.01
  4_130_4_129                 0.01      0.01     23.28      0.01         0.01
  4_123_4_122                 0.01      0.01     23.31      0.01         0.01
  _122_4_121                  0.01      0.01     23.32      0.01         0.01
  4_101_4_102                 0.01      0.01     23.31      0.01         0.01
  4_102_4_103                 0.01      0.01     23.31      0.01         0.01
  4_103_4_104                 0.01      0.01     23.29      0.01         0.01
  4_104_4_105                 0.01      0.01     23.30      0.01         0.01
  4_106_4_107                 0.01      0.01     23.28      0.01         0.01
  4_0_4_0                     0.01      0.01     23.35      0.01         0.01
  4_155_4_154                 0.01      0.01     18.39      0.01         0.01
  3_27_3_26                   0.01      0.01     23.54     23.70         0.01
  3_27_3_28                   0.01      0.01     23.53      0.01         0.01
  3_28_3_29                   0.01      0.01     23.52     23.70         0.01
  _59_5_63                   23.04     23.32     23.04     23.38        23.04
  _63_5_64                    0.01      0.01     23.24      0.01         0.01
  3_127_3_126                 0.01      0.01     23.54      0.01         0.01
  _85_6_84                    0.01      0.01      0.01     22.92         0.01
  _66_5_63                    0.01      0.01     23.30      0.01         0.01
  _79_6_77                    0.01      0.01     18.74      0.01         0.01
  _78_6_77                    0.01      0.01      0.01     23.69         0.01
  _104_6_103                  0.01      0.01     23.49      0.01         0.01
  _103_6_102                 23.33     23.52     23.33     23.53        23.33
  _102_6_91                   0.01     23.33      0.01      0.29         0.01
  500                        23.46     23.65     23.46      0.21         0.01
  _107_6_108                  0.01      0.01     23.43      0.01         0.01
  6_109_6_110                 0.01      0.01     23.42      0.01         0.01
  _99_6_98                    0.01      0.01     23.12      0.01         0.01
  _98_6_97                    0.01     23.12      0.01     23.12         0.01
  _92_6_91                    0.01      0.01     21.25      0.01         0.01
  _99_6_101                   0.01      0.01     23.42      0.01         0.01
  6_105_6_106                 0.01      0.01     23.38      0.01         0.01
  _82_3_161                   0.01      0.01     22.98      0.01         0.01
  3_162_3_163                 0.01      0.01     23.39      0.01         0.01
  3_164_3_165                 0.01      0.01     23.36      0.01         0.01
  3_139_3_143                 0.01      0.01     23.38      0.35         0.01
  3_143_3_144                 0.01      0.01     23.49      0.01         0.01
  3_154_3_155                 0.01      0.01     23.41      0.01         0.01
  3_148_3_147                 0.01      0.01     23.45      0.01         0.01
  3_147_3_153                 0.01      0.01     23.48      0.01         0.01
  3_138_3_137                 0.01      0.01     23.48      0.01         0.01
  2503                        0.01      0.01     23.49      0.01         0.01
  3_135_3_136                 0.01      0.01     23.44      0.01         0.01
  3_130_3_127                 0.01      0.01     23.54      0.01         0.01
  2504                        0.01      0.01     23.45      0.27         0.01
  _141_4_142                  0.01      0.01      0.01     22.08         0.01
  4_148_4_149                 0.01      0.01     23.40      0.01         0.01
  4_157_4_158                 0.01      0.01     23.36      0.01         0.01
  4_150_4_151                 0.01      0.01     23.39      0.01         0.01
  4_153_4_154                23.36     23.65     23.36     23.66        23.36
  4_169_4_168                 0.01      0.01     23.34      0.01         0.01
  2507                        0.01      0.01      0.01     23.54         0.01
  2505                        0.01      0.01     23.39      0.30         0.01
  4_159_4_160                 0.01      0.01      0.01     23.59         0.01
  4_169_4_177                 0.01      0.01      0.01      0.01         0.01
  4_170_4_169                23.19     23.64     23.19      0.46         0.01
  _8_2_8                      0.01      0.01     22.20      0.01         0.01
  _8_2_9                      0.01     23.74      0.01     23.74         0.01
  _2203_2_1                   0.01     23.38      0.01     23.38         0.01
  _1_2_4                     23.38     23.50     23.38      0.25         0.13
  _4_2_5                     23.49     23.76     23.49      0.28         0.01
  _52_1_53                    0.01     23.51      0.01     23.52         0.01
  _53_1_54                    0.01      0.01     23.45      0.33         0.01
  _3_8_4                      0.01      0.01     21.26      0.01         0.01
  _4_8_12                     0.01      0.01     21.47      0.01         0.01
  _12_8_13                    0.01     21.47      0.01     22.58         0.01
  _13_8_47                    0.01      0.01     21.49      0.01         0.01
  _48_8_53                    0.01     21.32      0.01     22.00         0.01
  _53_8_54                   21.32     21.36     21.32     22.27        21.32
  _54_8_84                    0.01      0.01     21.36      0.01         0.01
  _5_8_6                      0.01     22.23      0.01     22.24         0.01
  _6_8_7                      0.01      0.01     22.23      0.01         0.01
  _10_8_11                   23.44     23.74     23.44      0.30         0.01
  _1_2_2                     23.24     23.51     23.24     23.51        23.24
  _2_2_3                      0.01      0.01     23.50      0.23         0.01
  _2204_2_10                  0.01     23.12      0.01     23.13         0.01
  _10_2_13                   23.12     23.12     23.12      0.02         0.01
  _13_2_16                   23.12     23.27     23.12     23.27        23.12
  _10_2_11                    0.01     23.52      0.01     23.52         0.01
  _11_2_12                    0.01      0.05     23.51     23.72         0.01
  _13_2_14                    0.01      0.01     23.12      0.01         0.01
  _14_2_15                    0.01     23.76      0.01     23.76         0.01
  _16_2_17                    0.01      0.01     23.22      0.01         0.01
  _64_8_57                    0.01      0.01     22.35      0.01         0.01
  _57_8_58                    0.01     22.35      0.01     22.36         0.01
  _58_8_36                    0.01      0.01     22.19      0.02         0.01
  _36_8_37                    0.01      0.01     22.19      0.01         0.01
  _49_8_50                    0.01      0.01      0.01     20.67         0.01
  _52_8_36                    0.01     22.10      0.01     22.11         0.01
  _13_8_14                    0.01      0.01     21.47      0.01         0.01
  _14_8_15                    0.01     22.39      0.01     23.26         0.01
  _15_8_16                   22.40     22.40     22.40     22.40        22.40
  _17_8_19                    0.01      0.01      0.01     23.72         0.01
  _17_8_20                    0.01     21.99      0.01     22.39         0.01
  _20_8_21                    0.01      0.01     22.36      0.01         0.01
  _22_8_34                   21.99     22.00     21.99      0.42         0.01
  _34_8_35                   22.00     22.01     22.00      0.02         0.01
  _35_8_36                   22.01     22.19     22.01     22.20        22.01
  _17_8_18                    0.01     23.74      0.01     23.74         0.01
  _24_8_23                    0.01      0.01     23.49      0.01         0.01
  _23_8_22                   21.99     23.49     21.99      1.51         0.01
  _52_1_51                    0.01      0.01      0.01     23.24         0.01
  _36_1_37                    0.01     23.72      0.01      0.22         0.01
  _56_1_55                    0.01      0.01     23.15      0.01         0.01
  _55_1_57                   23.15     23.15     23.15     23.16        23.15
  _57_1_58                    0.01      0.01     23.14      0.34         0.01
  _58_1_59                   23.37     23.76     23.37      0.41         0.01
  _40_1_41                    0.01      0.01     23.53      0.01         0.01
  _50_1_61                    0.01      0.01     23.46     23.60         0.01
  _61_1_60                   23.24     23.44     23.24      0.24         0.01
  _60_1_62                   23.12     23.12     23.23      0.12         0.01
  _62_1_63                    0.01     23.50      0.01     23.51         0.01
  _63_1_64                   23.49     23.76     23.49      0.28         0.01
  _16_7_17                    0.01      0.01     22.06      0.01         0.01
  512                         0.01      0.01      0.01     22.63         0.01
  _21_7_22                    0.01      0.01      0.01     22.17         0.01
  _23_7_24                    0.01      0.01      0.01     22.26         0.01
  _24_7_25                    0.01      0.01      0.01     22.29         0.01
  _25_7_26                    0.01     22.28      0.01     22.80         0.01
  _26_8_1                     0.01      0.01     22.28      0.01         0.01
  _31_7_27                    0.01      0.01     23.02      0.01         0.01
  _27_7_28                    0.01      0.01     23.02     23.11         0.01
  _28_7_29                    0.01      0.20      0.01     23.39         0.01
  _29_7_30                    0.01     23.74      0.01     23.74         0.01
  _38_7_39                    0.01      0.01     23.29      0.23         0.01
  _39_7_40                    0.01     23.65      0.01     23.66         0.01
  _40_7_43                   22.90     22.90     22.99      0.01         0.01
  _43_7_44                    0.01     23.08      0.01     23.09         0.01
  _44_7_45                   22.91     23.17     22.91     23.20        22.91
  _45_7_47                    0.01      0.01     23.17      0.01         0.01
  _47_7_48                    0.01      0.01      0.01     23.38         0.01
  _48_7_49                    0.01     23.75      0.01     23.75         0.01
  _61_7_62                    0.01     23.31      0.01     23.31         0.01
  _62_7_63                   23.16     23.16     23.31     23.46        23.16
  _63_7_65                    0.01      0.01     23.16      0.01         0.01
  _65_7_66                    0.01     23.39      0.01     23.40         0.01
  _66_7_0                    23.37     23.74     23.37      0.38         0.01
  _53_7_54                   23.47     23.74     23.47      0.28         0.01
  _2108_1_42                  0.01      0.01     21.87     22.16         0.01
  _19_7_20                    0.01      0.01     22.11      0.01         0.01
  _41_7_40                    0.01      0.01     23.61      0.01         0.01
  _40_7_42                    0.01      0.01     23.61      0.01         0.01
  _63_7_64                   23.15     23.75     23.15      0.63         0.01
  _2201_1_51                  0.01      0.01      0.01     23.06         0.01
  _51_1_55                    0.01      0.01      0.01     23.15         0.01
  _55_1_60                    0.01     23.22      0.01      0.09         0.01
  _26_7_27                   21.78     23.02     21.78     23.03        21.78
  _46_7_45                    0.01      0.01     23.17      0.62         0.01
  _45_7_50                   22.79     22.79     23.17     22.83        22.78
  _2104_1_2105                0.01      0.01     22.29      0.01         0.01
  _2105_1_2107                0.01      0.01     22.29      0.01         0.01
  _21_1_20                   23.51     23.75     23.51      0.26         0.01
  _20_1_17                   23.17     23.52     23.17      0.36         0.01
  _17_1_18                   23.16     23.53     23.16     23.53        23.16
  _18_1_19                    0.01     23.77      0.01      0.26         0.01
  _33_1_32                    0.01      0.01     23.31      0.01         0.01
  _26_1_25                    0.01     23.78      0.01     23.78         0.01
  _25_1_22                    0.01      0.01     23.12     23.15         0.01
  _22_1_23                   23.12     23.43     23.12     23.43        23.12
  _23_1_24                    0.01      0.01     23.42      0.35         0.01
  _29_1_28                    0.01     23.77      0.01     23.77         0.01
  _28_1_27                   22.85     22.85     23.12      0.17         0.01
  _31_1_38                    0.01      0.01     23.56      0.01         0.01
  _38_1_40                    0.01      0.01     23.55      0.02         0.01
  _71_5_74                   23.40     23.50     23.40      0.11         0.01
  _74_5_75                   23.50     23.75     23.50      0.27         0.01
  _164_7_16                   0.01      0.01     22.06      0.01         0.01
  _81_5_82                   23.46     23.76     23.46      0.30         0.01
  _12_7_11                    0.01      0.01      0.01     23.77         0.01
  _11_5_12                    0.01     23.55      0.01     23.55         0.01
  _12_5_13                   23.55     23.75     23.55      0.22         0.01
  _2_6_1                      0.01     23.77      0.01     23.78         0.01
  _2_7_3                      0.01      0.01     22.10      0.01         0.01
  _8_7_38                     0.01     23.30      0.01     23.31         0.01
  _16_5_17                    0.01     23.78      0.01     23.78         0.01
  _6_6_5                     23.49     23.79     23.49      0.31         0.01
  _5_6_4                      0.01     23.50      0.01     23.50         0.01
  _8_1_9                     23.22     23.79     23.22      0.58         0.01
  _12_1_13                    0.01      0.43      0.01     23.12         0.01
  _15_1_16                    0.01      0.01     23.56      0.01         0.01
  _2105_1_17                 22.49     23.17     22.49      0.75         0.06
  _17_1_22                   23.12     23.12     23.17     23.14        23.12
  _22_1_27                   23.11     23.11     23.12      0.02         0.01
  _2107_1_32                  0.01     23.32      0.01     23.32         0.01
  _35_1_38                    0.01     23.57      0.01     23.58         0.01
  _38_1_39                   23.56     23.77     23.56      0.22         0.01
  _13_7_10                    0.01      0.01     22.83      0.01         0.01
  _55_7_56                    0.01     21.90      0.01     22.10         0.01
  _57_7_8                     0.01      0.01     21.96     22.35         0.01
  _60_7_59                    0.01     23.79      0.01     23.79         0.01
  _71_5_70                   22.94     23.42     22.94      0.62         0.14
  3_15_3_14                   0.01      0.01     23.56      0.01         0.01
  5_33_5_32                  23.58     23.72     23.59      0.17         0.01
  5_32_5_31                  23.52     23.75     23.52      0.25         0.01
  5_31_5_30                  23.57     23.78     23.57      0.23         0.01
  _30_5_25                   23.53     23.80     23.53      0.28         0.01
  3_17_3_16                   0.01      0.01     23.56      0.01         0.01
  5_40_5_39                  23.53     23.75     23.53      0.23         0.01
  5_39_5_38                   0.01      0.01     23.60     23.64         0.01
  5_38_5_37                  23.54     23.78     23.54      0.25         0.01
  _37_5_34                   23.55     23.80     23.55      0.27         0.01
  _34_5_35                    0.01     23.49      0.01     23.51         0.01
  _35_5_36                    0.01      0.09      0.01     23.72         0.01
  3_19_3_18                   0.01      0.01     23.57      0.01         0.01
  5_47_5_46                  23.49     23.76     23.49      0.28         0.01
  5_46_5_45                  23.54     23.76     23.54      0.24         0.01
  5_45_5_44                  23.56     23.79     23.56      0.24         0.01
  _44_5_41                   23.56     23.78     23.56      0.24         0.01
  _41_5_42                   23.01     23.47     23.01     23.47        23.01
  _42_5_43                    0.01      0.01     23.46      0.28         0.01
  3_113_3_20                  0.01      0.01     23.56      0.01         0.01
  5_51_5_50                   0.01      0.01     17.03      0.01         0.01
  5_50_5_49                  23.57     23.70     23.57     23.73        23.57
  _49_5_48                   23.56     23.73     23.56      0.19         0.01
  _53_5_54                    0.01      0.01      0.01     22.93         0.01
  3_23_3_22                  23.49     23.72     23.49      0.25         0.01
  _0_3_124                    0.01      0.01     23.57      0.01         0.01
  3_124_3_123                 0.01      0.01     23.15      0.01         0.01
  3_123_3_26                  0.01      0.01     23.43      0.01         0.01
  3_14_3_16                   0.01      0.01     23.54      0.01         0.01
  3_16_3_18                   0.01      0.01     23.53      0.01         0.01
  3_18_3_20                   0.01      0.01     23.52      0.01         0.01
  3_21_3_22                  23.55     23.75     23.55      0.22         0.01
  3_22_3_24                  23.52     23.78     23.52      0.27         0.01
  3_24_3_25                  23.49     23.77     23.49      0.30         0.01
  3_25_3_26                   0.01      0.01     23.57      0.01         0.01
  _0__0                       0.01      0.01     23.50      0.01         0.01
  _25_5_34                   23.00     23.00     23.07      0.02         0.01
  _34_5_41                   23.01     23.01     23.01      0.02         0.01
  _41_5_48                    0.01     22.99      0.01     23.01         0.01
  _48_5_58                    0.01      0.01     23.00     23.12         0.01
  _51_7_50                    0.01      0.01     22.79      0.98         0.01
  _88_7_107                   0.01      0.01     22.66      0.01         0.01
  _107_7_108                  0.01      0.01     22.66      0.01         0.01
  _108_7_122                  0.01     22.75      0.01     22.75         0.01
  _122_7_123                 22.68     22.68     22.75     22.75        22.68
  _123_7_124                  0.01      0.01     22.66      0.01         0.01
  _124_7_125                  0.01     23.61      0.01     23.61         0.01
  _125_7_126                  0.01      0.01     23.61      0.14         0.01
  508                         0.01      0.01     22.69      0.01         0.01
  _129_7_130                  0.01     22.83      0.01     23.07         0.01
  _133_7_134                  0.01     23.57      0.01     23.58         0.01
  _76_7_77                    0.01      0.01      0.01     22.79         0.01
  _77_7_78                    0.01     22.78      0.01     22.79         0.01
  _78_7_79                   22.77     23.74     22.77      0.99         0.01
  _78_7_80                    0.01      0.01     22.78      0.01         0.01
  _81_7_82                    0.01      0.01      0.01     23.27         0.01
  _82_7_83                    0.01     23.46      0.01     23.47         0.01
  _83_7_84                    0.01      0.01      0.01      0.30         0.01
  _83_7_85                   23.43     23.43     23.45      0.01         0.01
  _85_7_86                    0.01      0.01     23.43      0.29         0.01
  _89_7_90                    0.01      0.01      0.01     21.36         0.01
  _90_7_91                    0.01      0.01      0.01     21.59         0.01
  _91_7_92                    0.01      0.01      0.01      0.21         0.01
  _94_7_95                    0.01      0.01      0.01     22.75         0.01
  _96_7_97                    0.01     23.15      0.01     23.21         0.01
  _97_7_98                    0.01      0.01     23.15      0.01         0.01
  _100_7_101                  0.01      0.01      0.01     22.43         0.01
  _101_7_102                  0.01      0.01      0.01      0.27         0.01
  _102_7_103                  0.01      0.01      0.01     22.92         0.01
  _103_7_104                  0.01      0.01      0.01      0.01         0.01
  _104_7_105                  0.01      0.01      0.01     23.47         0.01
  _136_7_137                  0.01     23.01      0.01     23.03         0.01
  _137_7_138                  0.01      0.01     22.93      0.01         0.01
  _110_7_111                  0.01     23.77      0.01     23.78         0.01
  _121_7_120                  0.01      0.01     23.05      0.67         0.01
  _120_7_119                 23.05     23.05     23.13      0.01         0.01
  _118_7_113                  0.01      0.01     22.57      0.01         0.01
  _114_7_115                  0.01     23.20      0.01     23.20         0.01
  _115_7_116                  0.01      0.01     23.20      0.01         0.01
  _56_4_57                    0.01      0.01      0.01     18.92         0.01
  _65_4_66                    0.01      0.01     21.15     21.46         0.01
  _66_4_67                    0.01      0.01     21.15      0.01         0.01
  _71_4_72                    0.01      0.01      0.01     23.16         0.01
  _40_4_39                    0.01      0.01      0.01     20.04         0.01
  _39_4_38                    0.01      0.01      0.01     19.80         0.01
  _86_8_87                    0.01     23.49      0.01     23.49         0.01
  _127_8_126                  0.01      0.01      0.01     23.72         0.01
  _73_8_77                    0.01     23.36      0.01     23.37         0.01
  _77_8_79                   23.37     23.46     23.37     23.46        23.37
  _81_8_82                    0.01      0.01      0.01     23.60         0.01
  _133_8_134                  0.01      0.01     21.82     23.25         0.01
  _129_8_130                  0.01      0.01     22.74      0.01         0.01
  _130_8_155                  0.01     23.39      0.01     23.39         0.01
  _114_8_120                  0.01     23.37      0.01     23.41         0.01
  513                        21.75     21.75     21.75      0.02         0.01
  _122_8_123                  0.01      0.01     21.72      0.01         0.01
  _83_8_81                   23.54     23.69     23.54      0.16         0.01
  _81_8_79                   23.45     23.54     23.45      0.10         0.01
  _101_8_100                  0.01      0.01      0.01      0.36         0.01
  _100_8_99                   0.01     23.37      0.01     23.38         0.01
  _104_8_105                  0.01      0.01      0.01     20.89         0.01
  _73_8_74                    0.01      0.01     23.15      0.04         0.01
  514                         0.01     22.57      0.01     22.57         0.01
  _128_8_129                 22.57     22.75     22.57     22.75        22.57
  515                        22.74     22.74     22.75      0.01         0.01
  _131_8_132                  0.01     22.95      0.01     22.95         0.01
  _132_8_133                 21.85     21.85     22.87     22.87        21.85
  516                         0.01      0.01     21.85      0.01         0.01
  _136_8_137                 21.84     21.84     21.86     21.86        21.84
  _77_8_78                    0.01      0.01      0.01      0.33         0.01
  _21_2_22                    0.01     23.72      0.01     23.73         0.01
  521                         0.01      0.01     21.93      0.01         0.01
  _0__0_2                     0.01      0.01     21.02      0.01         0.01
  _62_2_63                    0.01     21.55      0.01     21.56         0.01
  _63_2_64                    0.01      0.01     21.55      0.25         0.01
  _0_2_0                      0.01     23.76      0.01     23.76         0.01
  _25_2_24                    0.01     23.75      0.01     23.76         0.01
  _23_2_2206                  0.01     23.20      0.01     23.20         0.01
  _39_2_38                    0.01     23.74      0.01     23.74         0.01
  _37_2_23                   23.18     23.18     23.20      0.01         0.01
  _37_2_40                   22.36     22.36     23.10      0.01         0.01
  _40_2_41                    0.01      0.01     22.36      0.01         0.01
  _41_2_42                    0.01     22.71      0.01     22.71         0.01
  _43_2_44                    0.01      0.01      0.01     23.19         0.01
  _52_2_51                    0.01     23.63      0.01      0.25         0.01
  _51_2_50                    0.01     23.47      0.01     23.47         0.01
  _50_2_49                    0.01      0.01     22.74      0.01         0.01
  _49_2_47                    0.01      0.01     21.22      1.52         0.01
  _47_2_53                    0.01      0.01     21.15      1.50         0.01
  _94_8_95                    0.01      0.01     23.51      0.01         0.01
  _148_8_149                  0.01      0.01     21.36      0.01         0.01
  3_145__0                    0.01     23.67      0.01     23.71         0.01
  3_131__0                    0.01      0.01     23.52      0.01         0.01
  3_125__0                    0.01      0.01     23.57      0.01         0.01
  3_129_3_128                23.51     23.51     23.51      0.17         0.01
  _20_5_21                   23.43     23.72     23.43      0.32         0.01
  _11_6_10                    0.01     23.79      0.01     23.79         0.01
  _9_6_12                     0.01     23.27      0.01     23.32         0.01
  _12_6_13                    0.01     23.75      0.01     23.76         0.01
  _72_7_71                    0.01     23.75      0.01     23.75         0.01
  _57_7_69                    0.01      0.01     22.36      0.01         0.01
  _70_7_68                    0.01      0.01      0.01     21.15         0.01
  _73_7_70                    0.01      0.01      0.01     21.12         0.01
  _28_5_29                    0.01      0.01      0.01     23.76         0.01
  _15_6_16                    0.01      0.30      0.01     22.95         0.01
  _16_6_17                    0.01     23.38      0.01     23.38         0.01
  _17_6_18                    0.55     23.74      0.55     23.21         0.01
  _21_6_20                   23.46     23.75     23.46      0.29         0.01
  _20_6_19                   23.19     23.38     23.20      0.23         0.01
  _22_6_23                    0.01     22.78      0.01     22.79         0.01
  _23_6_28                   22.79     22.85     22.79     22.85        22.79
  _28_6_33                   22.77     22.77     22.82      0.18         0.01
  _33_6_34                   22.77     23.27     22.77     23.28        22.77
  _34_6_37                    0.01      0.01     19.78      0.01         0.01
  _9_6_14                     0.01      0.01     23.07      0.01         0.01
  _14_6_19                    0.01      0.01     23.20      0.01         0.01
  _19_6_38                   23.12     23.12     23.21      0.05         0.01
  _38_6_40                    0.01      0.01     23.11      0.01         0.01
  _40_6_41                    0.01     23.74      0.01     23.76         0.01
  _45_6_50                    0.01      0.01     22.99      0.01         0.01
  _157_7_158                  0.01     22.13      0.01     22.16         0.01
  _158_7_159                  0.01      0.01     22.15      0.01         0.01
  _159_7_160                  0.01      0.01      0.01     23.01         0.01
  _34_6_35                    0.01      0.01     23.14      0.01         0.01
  _28_6_29                    0.01      0.01     22.61      0.01         0.01
  _31_6_32                    0.01      0.01      0.01     23.74         0.01
  _24_6_25                    0.01     23.31      0.01     23.32         0.01
  _25_6_26                   23.31     23.50     23.31      0.22         0.01
  _26_6_27                    0.01      0.01     23.50      0.01         0.01
  _54_5_55                    0.01      0.01      0.01     23.21         0.01
  _55_5_56                    0.01      0.01      0.01     23.39         0.01
  _56_5_57                    0.01     23.75      0.01     23.75         0.01
  _44_6_43                    0.01      0.01      0.01     23.73         0.01
  _48_6_49                    0.01      0.01      0.01     23.72         0.01
  _7_7_59                     0.01      0.01     23.55      0.01         0.01
  _59_7_58                    0.01     23.55      0.01     23.55         0.01
  _58_7_57                    0.01      0.01      0.01     23.18         0.01
  _47_2_41                   22.33     22.33     22.43     22.36        22.26
  _26_5_27                    0.01      0.01     22.89      0.01         0.01
  _65_8_72                    0.01     22.94      0.01      0.91         0.01
  _72_8_73                   22.94     23.15     22.94     23.15        22.94
  _65_8_66                    0.01      0.01     22.05      0.01         0.01
  _70_8_74                    0.01     23.68      0.01     23.68         0.01
  _69_5_68                    0.01      0.01      0.01     22.95         0.01
  _68_5_67                    0.01      0.01      0.01     22.89         0.01
  _8_5_7                      0.01     23.73      0.01     23.75         0.01
  _7_5_9                      0.01      0.01     22.83      0.01         0.01
  _9_5_14                    22.83     22.83     22.93      0.01         0.01
  _0_5_0                      0.01      0.01     23.43      0.01         0.01
  3_5_3_0                     0.01      0.01     23.58      0.01         0.01
  3_5_3_9                    23.61     23.71     23.61      0.15         0.01
  3_11__12                    0.01      0.01     23.57      0.01         0.01
  _5_1_6                      0.01      0.01      0.01     23.78         0.01
  _71_5_72                    0.01      0.01     23.41      0.12         0.01
  _72_5_73                    0.01     23.73      0.01      0.23         0.01
  5_5_5_6                     0.01      0.01     23.41      0.01         0.01
  5_3_5_4                     0.01      0.01     23.49      0.01         0.01
  5_4_5_5                     0.01      0.01     23.50      0.01         0.01
  5_2_5_3                     0.01      0.01     23.58      0.01         0.01
  5_0_5_1                     0.01      0.01     23.39      0.01         0.01
  3_1_3_2                    23.52     23.76     23.52      0.26         0.01
  3_2_3_3                    23.55     23.74     23.55      0.21         0.01
  _11_5_10                    0.01      0.01      0.01     23.20         0.01
  _10_5_9                     0.01      0.01     22.80      0.01         0.01
  _15_5_14                    0.01      0.01     22.64      0.01         0.01
  3_6_3_5                    23.60     23.77     23.60      0.19         0.01
  3_8_3_7                    23.51     23.75     23.51      0.26         0.01
  3_7_3_6                    23.55     23.75     23.55      0.22         0.01
  3_9_3_0                     0.01      0.01     23.62      0.01         0.01
  3_5_3_11                    0.01      0.01     23.55      0.01         0.01
  5_0_5_0                     0.01      0.01     23.52      0.01         0.01
  510                         0.01      0.01     22.86      0.01         0.01
  _152_7_153                  0.01      0.01      0.01     23.74         0.01
  _31_8_30                    0.01     23.71      0.01     23.71         0.01
  _30_8_29                    0.01      0.01     22.47      0.01         0.01
  _29_8_32                    0.01      0.01     22.47      0.01         0.01
  _22_8_25                    0.01      0.01      0.01     22.42         0.01
  _28_8_29                    0.01     22.80      0.01     23.08         0.01
  _45_8_46                    0.01      0.01      0.01     23.67         0.01
  517                         0.01      0.01     21.84      0.01         0.01
  _139_8_140                  0.01      0.01      0.01     21.80         0.01
  _109_8_108                  0.01     22.06      0.01     22.21         0.01
  _36_2_72                    0.01      0.01     23.31      0.01         0.01
  _70_2_71                    0.01      0.01      0.01     23.71         0.01
  _53_6_52                    0.01      0.01     22.52      0.01         0.01
  _51_6_52                    0.01     22.68      0.01     22.91         0.01
  _61_6_60                    0.01      0.01     22.34      0.01         0.01
  _60_6_52                   22.34     22.34     22.68      0.01         0.01
  _18_4_19                    0.01      0.01      0.01     18.44         0.01
  _19_4_20                    0.01     18.38      0.01     18.44         0.01
  _20_4_21                    0.01      0.01     18.38      0.01         0.01
  _21_4_22                    0.01     18.32      0.01     18.49         0.01
  _22_4_23                    0.01      0.01     18.32      0.01         0.01
  _26_4_27                    0.01     18.14      0.01     22.52         0.01
  _27_4_28                   18.10     18.10     18.14      0.02         0.01
  _28_4_29                    0.01      0.01     18.47      0.01         0.01
  _28_4_34                    0.01      0.01     18.12      0.01         0.01
  _54_4_55                    0.01      0.01      0.01     18.38         0.01
  _55_4_56                    0.01      0.01      0.01     18.67         0.01
  _35_4_0                     0.01     18.12      0.01     18.77         0.01
  _37_4_38                    0.01      0.01      0.01     19.51         0.01
  _15_4_14                    0.01      0.01      0.01     23.69         0.01
  _11_4_10                    0.01      0.01      0.01      0.01         0.01
  _16_4_17                    0.01      0.01     21.48      0.01         0.01
  _79_4_80                    0.01      0.01      0.01      0.23         0.01
  _87_4_1                     0.01      0.01     22.21      1.11         0.01
  _1_4_2                      0.01      0.01      0.01      1.55         0.01
  _87_6_88                    0.01      0.01     22.19      0.01         0.01
  _89_6_90                    0.01      0.01      0.01     22.75         0.01
  _87_6_86                    0.01     22.19      0.01     22.20         0.01
  _69_6_70                   21.97     21.97     22.18      0.01         0.01
  _70_6_71                    0.01      0.01     21.97     23.12         0.01
  _71_6_72                    0.01     23.43      0.01     23.44         0.01
  _72_6_73                    0.01      0.01     23.41      0.01         0.01
  _77_6_76                    0.01     18.76      0.01     18.78         0.01
  _76_6_75                    0.01      0.01      0.01     23.22         0.01
  _69_6_68                    0.01      0.01     22.09      0.01         0.01
  _68_6_61                    0.01     22.09      0.01     22.17         0.01
  _140_4_139                  0.01      0.01     21.25      0.01         0.01
  _90_6_91                    0.01     23.06      0.01     23.08         0.01
  _65_6_66                    0.01      0.01     22.81      0.01         0.01
  _50_6_51                    0.01      0.01     22.84      0.01         0.01
  _1_7_2                      0.01      0.01     22.10      0.01         0.01
  _0_7_113                    0.01      0.01     22.57      0.13         0.01
  _4_2_6                     23.34     23.43     23.34      0.11         0.01
  _6_2_7                      0.01      0.01     23.43      0.32         0.01
  _19_2_20                    0.01     23.70      0.01     23.71         0.01
  _85_8_86                    0.01      0.01     22.86      0.01         0.01
  _8_2_2204                   0.01      0.01     22.18      0.01         0.01
  _2117_5_81                  0.01     23.46      0.01     23.46         0.01
  _2123_6_2122                0.01      0.01     22.74      0.01         0.01
  _22_2123                   22.67     22.67     22.68      0.01         0.01
  _2124_6_2123                0.01      0.01     22.74      0.01         0.01
  _2129_6_2128                0.01      0.01     20.89     20.91         0.01
  _2130_6_2129                0.01      0.01     20.89      0.01         0.01
  _2134_4_2133                0.01      0.01      0.01     23.52         0.01
  132_2131                    0.01      0.01      0.01     21.21         0.01
  4_172_4_171                 0.01      0.01     23.20      0.44         0.01
  4_172_173                   0.01      0.01      0.01      0.36         0.01
  3_0_3_148                   0.01      0.01     23.43      0.01         0.01
  _65_2_64                    0.01      0.01     21.82      0.01         0.01
  _34_2_36                    0.01     23.31      0.01     23.31         0.01
  519                         0.01      0.01      0.01     23.44         0.01
  _0_8_44                     0.01      0.01     22.17      0.01         0.01
  _146_7_147                  0.01     23.75      0.01     23.76         0.01
  _141_7_0                    0.01      0.01     21.90      1.63         0.01
  _141_7_146                  0.01      0.01     22.73      0.01         0.01
  _137_7_141                 22.73     22.73     23.00      0.01         0.01
  _9_8_10                     0.01     23.44      0.01     23.45         0.01
  _2_8_3                      0.01     21.26      0.01     22.49         0.01
  _0_4_36                     0.01      0.01     18.12      0.01         0.01
  _35_4_54                    0.01      0.01     18.12      0.01         0.01
  _14_7_13                    0.01      0.01     22.83      0.01         0.01
  _35_1_36                    0.01     23.54      0.01     23.54         0.01
  _4_6_9                      0.01      0.01      0.01     23.30         0.01
  _25_5_26                    0.01     22.90      0.01     22.93         0.01
  _14_5_18                    0.01      0.01     22.93      0.01         0.01
  _18_5_20                    0.01     23.43      0.01      0.01         0.01
  _18_5_24                   23.49     23.63     23.49      0.02         0.01
  _18_5_25                    0.01      0.01     23.08     23.05         0.01
  _59_5_58                    0.01     23.08      0.01     23.24         0.01
  5_1_5_2                     0.01      0.01     23.51      0.01         0.01
  3_11_3_14                   0.01      0.01     23.54      0.01         0.01
  4_178_4_172                 0.01      0.01     23.33      0.01         0.01
  4_129_4_128                 0.01      0.01     23.29      0.01         0.01
  522                        21.93     21.93     22.18      0.01         0.01
  _97_8_97                    0.01      0.01     22.59      0.01         0.01
  _97_8_114                   0.01      0.01     22.59      0.01         0.01
  _0_8_97                     0.01      0.01     18.48      0.01         0.01
  _95_8_0                     0.01      0.01      0.01     21.17         0.01
  _0_2_47                     0.01      0.01     22.32      0.01         0.01
  _0_2_41                     0.01     22.44      0.01     22.45         0.01
  1950                        0.01      0.01     17.37      0.01         0.01
  1951                        0.01      0.01     22.15      0.01         0.01
  1952                        0.01      0.01     22.32      0.01         0.01
  1953                        0.01      0.01     22.43      0.01         0.01
  1954                        0.01      0.01     22.88      0.01         0.01
  979                         0.01      0.01      0.01     22.38         0.01
  990                         0.01      0.01      0.01     22.88         0.01
  991                         0.01      0.01      0.01      0.02         0.01
  992                         0.01     22.18      0.01     22.18         0.01
  1996                        0.01      0.01     23.40     23.70         0.01
  1997                        0.01      0.01      0.01      0.02         0.01
  2000                        0.01      0.01     23.49      0.01         0.01
  2001                        0.01      0.01     23.53      0.01         0.01
  2009                        0.01      0.01     23.49      0.01         0.01
  2012                        0.01      0.01     23.67      0.01         0.01
  2014                        0.01      0.01     23.35      0.01         0.01
  017                         0.01     23.45      0.01     23.41         0.01
  018                         0.01      0.01     23.51      0.01         0.01
  019                         0.01     23.59      0.01     23.59         0.01
  2022                        0.01      0.01     23.53      0.01         0.01
  2031                        0.01      0.01     23.48      0.01         0.01
  2037                        0.01      0.01     23.50      0.01         0.01
  2039                        0.01      0.01     23.49      0.01         0.01
  2044                        0.01      0.01     23.66      0.01         0.01
  2045                       23.62     23.73     23.62      0.16         0.01
  2047                        0.01      0.01     23.45      0.01         0.01
  2049                        0.01      0.01     23.72      0.04         0.01
  2051                        0.01      0.01     23.69      0.04         0.01
  2054                        0.01      0.01     23.62      0.01         0.01
  055                         0.01      0.01     23.68      0.01         0.01
  2057                        0.01      0.01     23.63      0.01         0.01
  087                         0.01      0.01      0.01      0.01         0.01
  2092                        0.01      0.01     23.64      0.01         0.01
  

  Analysis begun on:  Wed Jul 22 11:37:58 2026
  Analysis ended on:  Wed Jul 22 11:39:53 2026
  Total elapsed time: 00:01:55