
  EPA STORM WATER MANAGEMENT MODEL - VERSION 5.2 (Build 5.2.4)
  ------------------------------------------------------------

  C103-NC-FC CONTNUOUS GW 2.2 RAIN 96-99 
  WARNING 04: minimum elevation drop used for Conduit FC-C-1
  WARNING 04: minimum elevation drop used for Conduit FC-C-2
  WARNING 04: minimum elevation drop used for Conduit FC-C-3
  WARNING 04: minimum elevation drop used for Conduit FC-C-5
  WARNING 04: minimum elevation drop used for Conduit FC-C-6
  WARNING 04: minimum elevation drop used for Conduit B1
  WARNING 04: minimum elevation drop used for Conduit FC-C-9
  WARNING 04: minimum elevation drop used for Conduit B2
  WARNING 04: minimum elevation drop used for Conduit FC-C-13
  WARNING 04: minimum elevation drop used for Conduit B3
  WARNING 04: minimum elevation drop used for Conduit U16
  WARNING 04: minimum elevation drop used for Conduit B4
  WARNING 04: minimum elevation drop used for Conduit NC-C-7
  WARNING 04: minimum elevation drop used for Conduit NC-C-9
  WARNING 04: minimum elevation drop used for Conduit NC-C-10
  WARNING 04: minimum elevation drop used for Conduit L31-E-3
  WARNING 04: minimum elevation drop used for Conduit U18-1
  WARNING 04: minimum elevation drop used for Conduit U19-1
  WARNING 04: minimum elevation drop used for Conduit U11-1
  WARNING 04: minimum elevation drop used for Conduit U12-1
  WARNING 04: minimum elevation drop used for Conduit U20A-1
  WARNING 04: minimum elevation drop used for Conduit C103S-C-2
  WARNING 04: minimum elevation drop used for Conduit B28
  WARNING 04: minimum elevation drop used for Conduit C103S-C-3
  WARNING 04: minimum elevation drop used for Conduit B29
  WARNING 04: minimum elevation drop used for Conduit B8
  WARNING 04: minimum elevation drop used for Conduit S196
  WARNING 04: minimum elevation drop used for Conduit C103-C-5
  WARNING 04: minimum elevation drop used for Conduit U20
  WARNING 04: minimum elevation drop used for Conduit B9
  WARNING 04: minimum elevation drop used for Conduit B10
  WARNING 04: minimum elevation drop used for Conduit C103-C-9
  WARNING 04: minimum elevation drop used for Conduit B12
  WARNING 04: minimum elevation drop used for Conduit B13
  WARNING 04: minimum elevation drop used for Conduit C103-C-14
  WARNING 04: minimum elevation drop used for Conduit B16
  WARNING 04: minimum elevation drop used for Conduit C103-C-15
  WARNING 04: minimum elevation drop used for Conduit C103-C-16
  WARNING 04: minimum elevation drop used for Conduit B20
  WARNING 04: minimum elevation drop used for Conduit B22
  WARNING 04: minimum elevation drop used for Conduit B23
  WARNING 04: minimum elevation drop used for Conduit B24
  WARNING 04: minimum elevation drop used for Conduit B26
  WARNING 04: minimum elevation drop used for Conduit C103-C-26
  WARNING 04: minimum elevation drop used for Conduit B25
  WARNING 04: minimum elevation drop used for Conduit S20F-C
  WARNING 04: minimum elevation drop used for Conduit U25A
  WARNING 04: minimum elevation drop used for Conduit U23
  WARNING 04: minimum elevation drop used for Conduit U24
  WARNING 04: minimum elevation drop used for Conduit B30A
  WARNING 04: minimum elevation drop used for Conduit B30
  WARNING 04: minimum elevation drop used for Conduit B31
  WARNING 04: minimum elevation drop used for Conduit B32
  WARNING 04: minimum elevation drop used for Conduit S166
  WARNING 04: minimum elevation drop used for Conduit B35
  WARNING 04: minimum elevation drop used for Conduit B36
  WARNING 04: minimum elevation drop used for Conduit B39
  WARNING 04: minimum elevation drop used for Conduit NA-C-4
  WARNING 04: minimum elevation drop used for Conduit U28
  WARNING 04: minimum elevation drop used for Conduit NA-C-1
  WARNING 04: minimum elevation drop used for Conduit NA-C-5
  WARNING 04: minimum elevation drop used for Conduit C-C-1
  WARNING 04: minimum elevation drop used for Conduit 31-E-4
  WARNING 04: minimum elevation drop used for Conduit TRPK-
  WARNING 04: minimum elevation drop used for Conduit NANAW1U28
  WARNING 04: minimum elevation drop used for Conduit B19
  WARNING 04: minimum elevation drop used for Conduit 103N1N2T
  WARNING 04: minimum elevation drop used for Conduit NAFCS-7-6
  WARNING 10: crest elevation raised to downstream invert for regulator Link W-S-5
  WARNING 10: crest elevation raised to downstream invert for regulator Link FC-S-4-5
  WARNING 10: crest elevation raised to downstream invert for regulator Link FC-S-5-6
  WARNING 10: crest elevation raised to downstream invert for regulator Link FC-S-7-8
  WARNING 10: crest elevation raised to downstream invert for regulator Link FC-S8-9
  WARNING 10: crest elevation raised to downstream invert for regulator Link FC-S-9-10
  WARNING 10: crest elevation raised to downstream invert for regulator Link W-N-11
  WARNING 10: crest elevation raised to downstream invert for regulator Link FC-N10-11
  WARNING 10: crest elevation raised to downstream invert for regulator Link N-W-S-3
  WARNING 10: crest elevation raised to downstream invert for regulator Link NC-N-2-3
  WARNING 10: crest elevation raised to downstream invert for regulator Link N-W-N-4
  WARNING 10: crest elevation raised to downstream invert for regulator Link N-W-S-5
  WARNING 10: crest elevation raised to downstream invert for regulator Link NC-N-6-7
  WARNING 10: crest elevation raised to downstream invert for regulator Link NC-S-7-8
  WARNING 10: crest elevation raised to downstream invert for regulator Link NC-N-7-8
  WARNING 10: crest elevation raised to downstream invert for regulator Link NC-S-8-9
  WARNING 10: crest elevation raised to downstream invert for regulator Link NC-N-8-9
  WARNING 10: crest elevation raised to downstream invert for regulator Link NC-N-9-10
  WARNING 10: crest elevation raised to downstream invert for regulator Link NC-S-10-11
  WARNING 10: crest elevation raised to downstream invert for regulator Link FCNC-10-11
  WARNING 10: crest elevation raised to downstream invert for regulator Link FC-8-NC-9W
  WARNING 10: crest elevation raised to downstream invert for regulator Link NC-N-1-2
  WARNING 10: crest elevation raised to downstream invert for regulator Link N-W-N-1
  WARNING 10: crest elevation raised to downstream invert for regulator Link 103-W-S-1
  WARNING 10: crest elevation raised to downstream invert for regulator Link 103-W-S-1_2
  WARNING 10: crest elevation raised to downstream invert for regulator Link 103N-W-N-5
  WARNING 10: crest elevation raised to downstream invert for regulator Link 103-W-N-9
  WARNING 10: crest elevation raised to downstream invert for regulator Link 103-W-S-9
  WARNING 10: crest elevation raised to downstream invert for regulator Link 103-W-S-10
  WARNING 10: crest elevation raised to downstream invert for regulator Link 103-W-N910
  WARNING 10: crest elevation raised to downstream invert for regulator Link 103S-W-S-2
  WARNING 10: crest elevation raised to downstream invert for regulator Link NCC1035-8
  WARNING 10: crest elevation raised to downstream invert for regulator Link NCC103-6-9
  WARNING 10: crest elevation raised to downstream invert for regulator Link NCC103910
  WARNING 10: crest elevation raised to downstream invert for regulator Link NC1031010
  WARNING 10: crest elevation raised to downstream invert for regulator Link 103S-W-N-1
  WARNING 10: crest elevation raised to downstream invert for regulator Link FC-S-2-3
  WARNING 10: crest elevation raised to downstream invert for regulator Link FC-W-S-3-4
  WARNING 10: crest elevation raised to downstream invert for regulator Link FCNCC1-U15
  
  ****************
  Analysis Options
  ****************
  Flow Units ............... CFS
  Process Models:
    Rainfall/Runoff ........ NO
    RDII ................... NO
    Snowmelt ............... NO
    Groundwater ............ NO
    Flow Routing ........... YES
    Ponding Allowed ........ NO
    Water Quality .......... NO
  Flow Routing Method ...... DYNWAVE
  Surcharge Method ......... EXTRAN
  Starting Date ............ 01/01/2001 00:00:00
  Ending Date .............. 01/02/2001 00:00:00
  Antecedent Dry Days ...... 0.0
  Report Time Step ......... 00:15:00
  Routing Time Step ........ 120.00 sec
  Variable Time Step ....... YES
  Maximum Trials ........... 50
  Number of Threads ........ 1
  Head Tolerance ........... 0.003300 ft
  
  
  **************************        Volume        Volume
  Flow Routing Continuity        acre-feet      10^6 gal
  **************************     ---------     ---------
  Dry Weather Inflow .......         0.000         0.000
  Wet Weather Inflow .......         0.000         0.000
  Groundwater Inflow .......         0.000         0.000
  RDII Inflow ..............         0.000         0.000
  External Inflow ..........       321.310       104.704
  External Outflow .........         0.000         0.000
  Flooding Loss ............      3539.785      1153.492
  Evaporation Loss .........         0.000         0.000
  Exfiltration Loss ........         0.000         0.000
  Initial Stored Volume ....      4949.400      1612.836
  Final Stored Volume ......      5450.188      1776.025
  Continuity Error (%) .....       -70.565
  
  
  *************************
  Highest Continuity Errors
  *************************
  Node U4-E (100.00%)
  Node U9-E (100.00%)
  Node FC-N-T-2-3 (100.00%)
  Node U19B-N (97.39%)
  Node B23-W (93.59%)
  
  
  ***************************
  Time-Step Critical Elements
  ***************************
  Node NANCN-3-2 (19.09%)
  Node NAFCS-8-9 (15.91%)
  Node NCC103-910 (15.34%)
  Node NAFC10NC11 (13.91%)
  Node NC10310-10 (11.76%)
  
  
  ********************************
  Highest Flow Instability Indexes
  ********************************
  Link NC-S-10-11 (115)
  Link FC-N10-11 (100)
  Link FC-8-NC-9W (100)
  Link NC-S-8-9 (99)
  Link NC-S-7-8 (99)
  
  
  *********************************
  Most Frequent Nonconverging Nodes
  *********************************
  Node S20F (100.00%)
  Node NCC103-910 (99.90%)
  Node NC-N-2 (99.13%)
  Node NANCN-3-2 (99.12%)
  Node NAFC10NC11 (93.17%)
  
  
  *************************
  Routing Time Step Summary
  *************************
  Minimum Time Step           :     0.36 sec
  Average Time Step           :     0.51 sec
  Maximum Time Step           :     2.73 sec
  % of Time in Steady State   :     0.00
  Average Iterations per Step :    50.00
  % of Steps Not Converging   :   100.00
  Time Step Frequencies       :
     120.000 - 40.100 sec      :     0.00 %
     40.100 - 13.400 sec      :     0.00 %
     13.400 -  4.478 sec      :     0.00 %
      4.478 -  1.496 sec      :     0.04 %
      1.496 -  0.500 sec      :    99.96 %
  
  
  ******************
  Node Depth Summary
  ******************
  
  ---------------------------------------------------------------------------------
                                 Average  Maximum  Maximum  Time of Max    Reported
                                   Depth    Depth      HGL   Occurrence   Max Depth
  Node                 Type         Feet     Feet     Feet  days hr:min        Feet
  ---------------------------------------------------------------------------------
  U1-E                 JUNCTION     2.51     2.82    10.30     0  23:55        2.82
  U2-W                 JUNCTION     2.51     2.82    10.30     0  23:55        2.82
  U2-E                 JUNCTION     0.22     0.29    10.29     0  23:58        0.29
  U3-W                 JUNCTION     0.14     0.18    10.18     0  23:59        0.18
  U3-E                 JUNCTION     0.49     1.19     8.62     1  00:00        1.19
  U4-FC15              JUNCTION     0.47     1.19     8.62     1  00:00        1.19
  U4-E                 JUNCTION     0.54     1.42     8.62     1  00:00        1.42
  U6-E                 JUNCTION     0.84     1.00     8.71     0  07:42        1.00
  U7-W                 JUNCTION     0.82     1.00     8.71     0  07:44        1.00
  U7-E                 JUNCTION     0.00     0.00     6.20     0  00:00        0.00
  B1-W                 JUNCTION     0.00     0.00    10.00     0  00:00        0.00
  U10-W                JUNCTION     0.00     0.00     7.46     0  00:00        0.00
  U10-E                JUNCTION     0.00     0.00     7.21     0  00:00        0.00
  FC-1                 JUNCTION     0.54     1.00     7.60     0  23:08        1.00
  U12-E                JUNCTION     0.87     1.00     7.01     0  05:31        1.00
  FC-2                 JUNCTION     0.19     0.21     7.91     0  06:28        0.21
  L31E-1               JUNCTION     0.21     0.22     8.13     0  06:26        0.22
  U5-W                 JUNCTION     0.00     0.00    10.68     0  00:00        0.00
  U5-E                 JUNCTION     0.00     0.00     7.52     0  00:00        0.00
  U6-W                 JUNCTION     0.00     0.00     7.52     0  00:00        0.00
  B1-E                 JUNCTION     0.00     0.00    10.00     0  00:00        0.00
  U8-W                 JUNCTION     0.84     1.76     8.23     1  00:00        1.76
  U8-E                 JUNCTION     1.10     2.10     8.23     1  00:00        2.10
  U9-W                 JUNCTION     1.10     2.10     8.23     1  00:00        2.10
  U9-E                 JUNCTION     0.78     1.73     8.23     1  00:00        1.73
  B2-W                 JUNCTION     0.00     0.00    10.00     0  00:00        0.00
  B2-E                 JUNCTION     0.00     0.00    10.00     0  00:00        0.00
  U11-W                JUNCTION     0.00     0.00     6.47     0  00:00        0.00
  U11-E                JUNCTION     0.60     1.00     7.60     0  23:02        1.00
  B3-W                 JUNCTION     0.01     0.10     7.60     0  23:26        0.10
  B3-E                 JUNCTION     0.01     0.10     7.60     0  23:30        0.10
  U12-W-FC03           JUNCTION     0.00     0.09     5.67     1  00:00        0.09
  U14-N                JUNCTION     0.18     0.23     7.73     0  21:49        0.23
  U16-W                JUNCTION     0.93     1.08     7.78     0  21:31        1.07
  U16-E                JUNCTION     0.92     1.08     7.78     0  21:35        1.07
  U17-W                JUNCTION     0.12     0.14     8.34     0  23:45        0.14
  U17-E                JUNCTION     0.21     0.26     8.46     0  21:40        0.26
  B4-W                 JUNCTION     0.24     0.44    11.19     0  21:31        0.37
  B4-E                 JUNCTION     0.22     0.31    11.06     0  05:01        0.27
  NC-1                 JUNCTION     0.93     1.00     8.11     0  03:29        1.00
  U18W-N007            JUNCTION     0.36     0.43     8.13     0  03:41        0.43
  U18-E                JUNCTION     0.84     1.00     8.70     0  08:42        1.00
  U15-N                JUNCTION     2.50     2.50     9.69     0  00:05        2.50
  U14-S                JUNCTION     1.00     1.00     8.50     0  00:06        1.00
  U19-W                JUNCTION     0.82     1.00     8.70     0  08:43        1.00
  U19-E                JUNCTION     0.63     0.71     8.41     1  00:00        0.71
  NC-2                 JUNCTION     0.33     0.42     8.40     1  00:00        0.42
  NC-3                 JUNCTION     0.29     0.37     8.35     1  00:00        0.37
  B5-W                 JUNCTION     0.26     0.30     8.28     0  11:07        0.30
  B5-E                 JUNCTION     0.90     1.00     8.15     0  02:50        1.00
  U20-W-N003           JUNCTION     0.13     0.17     8.17     0  03:40        0.17
  U20A-E               JUNCTION     0.79     1.00     7.40     0  10:40        1.00
  L31E-2               JUNCTION     0.00     0.00    10.00     0  00:00        0.00
  U19A-S               JUNCTION     1.87     2.00     9.00     0  16:22        2.00
  U19B-N               JUNCTION     0.93     1.29     8.29     0  10:59        1.29
  L31E-3               JUNCTION     0.00     0.00    10.00     0  00:00        0.00
  U10A-E               JUNCTION     0.75     1.00    11.00     0  00:17        0.90
  E11-12-NW            JUNCTION     0.92     1.00    11.00     0  04:13        1.00
  U21-S                JUNCTION     0.00     0.00    11.10     0  00:00        0.00
  U21-N                JUNCTION     0.00     0.00    10.00     0  00:00        0.00
  B27-W                JUNCTION     0.00     0.00    15.00     0  00:00        0.00
  B27-E                JUNCTION     0.00     0.00    10.00     0  00:00        0.00
  B28-S                JUNCTION     0.00     0.00    10.00     0  00:00        0.00
  B28-N                JUNCTION     0.00     0.00    10.00     0  00:00        0.00
  B29-W                JUNCTION     0.00     0.00    10.00     0  00:00        0.00
  B29-E                JUNCTION     0.00     0.00    10.00     0  00:00        0.00
  C103-2               JUNCTION     0.00     0.00    10.80     0  00:00        0.00
  B7-E                 JUNCTION     0.38     0.61    12.60     0  00:05        0.42
  MW13                 JUNCTION     0.97     1.00    11.00     0  01:22        1.00
  B8-W                 JUNCTION     0.04     0.30    12.47     0  01:13        0.30
  B8-E                 JUNCTION     0.04     0.53    12.70     0  00:35        0.50
  S196-W               JUNCTION     2.13     3.14    13.14     0  00:15        3.14
  S196-E               JUNCTION     2.14     3.74    13.74     0  00:01        3.14
  U20-E                JUNCTION     2.14     3.47    13.47     0  00:06        3.10
  B9-N                 JUNCTION     0.87     0.93    12.11     0  13:04        0.93
  B9-S                 JUNCTION     0.86     0.93    12.11     0  13:04        0.93
  B10-W                JUNCTION     0.87     0.95    12.10     0  12:53        0.95
  B10-E                JUNCTION     0.86     0.95    12.10     0  12:53        0.95
  B11-W                JUNCTION     0.83     0.93    12.10     0  12:56        0.93
  B11-E                JUNCTION     0.81     0.92    12.10     0  12:56        0.92
  B12-W                JUNCTION     0.80     0.92    12.10     0  21:32        0.92
  B12-E                JUNCTION     0.79     0.93    12.11     0  21:31        0.93
  B13-W                JUNCTION     0.86     1.00    12.10     0  11:45        1.00
  B13-E                JUNCTION     0.86     1.00    12.10     0  11:45        1.00
  B14-W                JUNCTION     0.61     0.74    12.10     0  11:59        0.74
  B14-E                JUNCTION     0.48     0.60    12.10     0  11:59        0.60
  S167-W               JUNCTION     0.00     0.00    15.00     0  00:00        0.00
  S167-E               JUNCTION     0.00     0.00    10.00     0  00:00        0.00
  B15-N                JUNCTION     0.00     0.00     9.81     0  00:00        0.00
  B15-S                JUNCTION     0.00     0.00    10.00     0  00:00        0.00
  B16-W                JUNCTION     0.00     0.00    10.00     0  00:00        0.00
  B16-E                JUNCTION     0.00     0.00    10.00     0  00:00        0.00
  C103-1               JUNCTION     0.00     0.00    10.00     0  00:00        0.00
  B20-N                JUNCTION     0.00     0.00     8.77     0  00:00        0.00
  B20-S                JUNCTION     0.00     0.00     8.77     0  00:00        0.00
  B22-W                JUNCTION     0.00     0.00    10.70     0  00:00        0.00
  B22-E                JUNCTION     0.00     0.00    10.70     0  00:00        0.00
  B23-W                JUNCTION     0.54     1.00     9.45     0  22:17        1.00
  B23-E                JUNCTION     0.54     1.00     9.45     0  22:17        1.00
  C103-3               JUNCTION     0.08     0.09    11.29     0  01:11        0.09
  S179-W               JUNCTION     0.92     1.00    11.00     0  03:40        1.00
  S179-E               JUNCTION     0.00     0.00    12.00     0  00:00        0.00
  B24-W-MW07           JUNCTION     0.00     0.00    13.52     0  00:00        0.00
  B24-E                JUNCTION     0.00     0.00    13.52     0  00:00        0.00
  B25-W                JUNCTION     0.00     0.00     9.80     0  00:00        0.00
  B25-E                JUNCTION     0.00     0.00     9.80     0  00:00        0.00
  B26-W-MW04           JUNCTION     0.00     0.00     9.97     0  00:00        0.00
  B26-E                JUNCTION     0.00     0.00     9.97     0  00:00        0.00
  MW03                 JUNCTION     0.00     0.00    10.00     0  00:00        0.00
  C103-4               JUNCTION     0.00     0.00    10.00     0  00:00        0.00
  U22-S                JUNCTION     0.00     0.00    12.00     0  00:00        0.00
  U23-N                JUNCTION     0.00     0.00    12.00     0  00:00        0.00
  U23-S                JUNCTION     0.00     0.00    12.00     0  00:00        0.00
  U24-N                JUNCTION     0.00     0.00    12.00     0  00:00        0.00
  U24-S                JUNCTION     0.00     0.00    12.00     0  00:00        0.00
  B30A-E               JUNCTION     0.00     0.00    12.00     0  00:00        0.00
  B30-W                JUNCTION     0.00     0.00    12.00     0  00:00        0.00
  B30-E                JUNCTION     0.00     0.00    10.00     0  00:00        0.00
  B31-W                JUNCTION     0.00     0.00    14.00     0  00:00        0.00
  B31-E                JUNCTION     0.00     0.00    14.00     0  00:00        0.00
  B32-N-MW05           JUNCTION     0.00     0.00    12.00     0  00:00        0.00
  B32-S                JUNCTION     0.00     0.00    12.00     0  00:00        0.00
  S166-NW              JUNCTION     0.00     0.00    16.00     0  00:00        0.00
  S166-SW              JUNCTION     0.00     0.00    12.00     0  00:00        0.00
  U30-W                JUNCTION     0.00     0.00    10.00     0  00:00        0.00
  B35-N                JUNCTION     0.00     0.00    10.20     0  00:00        0.00
  B35-S                JUNCTION     0.00     0.00     9.00     0  00:00        0.00
  B36-N                JUNCTION     0.00     0.00    10.00     0  00:00        0.00
  B36-S                JUNCTION     0.00     0.00    10.00     0  00:00        0.00
  C103N-1              JUNCTION     0.00     0.00    12.40     0  00:00        0.00
  B39-N                JUNCTION     0.00     0.00     6.88     0  00:00        0.00
  B39-S                JUNCTION     0.00     0.00     6.88     0  00:00        0.00
  U29-W                JUNCTION     0.00     0.00    10.00     0  00:00        0.00
  U29-E                JUNCTION     0.00     0.00    11.10     0  00:00        0.00
  U28-S                JUNCTION     0.00     0.00    10.00     0  00:00        0.00
  U28-N                JUNCTION     0.00     0.00    11.10     0  00:00        0.00
  U27-S                JUNCTION     0.00     0.00    12.60     0  00:00        0.00
  U27-N                JUNCTION     0.00     0.00    12.60     0  00:00        0.00
  U26-S                JUNCTION     0.00     0.00    12.60     0  00:00        0.00
  U26-N                JUNCTION     0.00     0.00    12.60     0  00:00        0.00
  U30-E                JUNCTION     0.00     0.00    10.00     0  00:00        0.00
  E11-12-SE            JUNCTION     0.00     0.00    10.00     0  00:00        0.00
  U10A-W               JUNCTION     0.00     0.00    10.00     0  00:00        0.00
  B19-S                JUNCTION     0.00     0.00    12.00     0  00:00        0.00
  B19-N                JUNCTION     0.00     0.00    12.00     0  00:00        0.00
  F-P-S-5-A            JUNCTION    11.35    13.90    11.00     0  19:02       13.23
  NAFCS-4-5            JUNCTION     9.54    10.18    10.18     0  02:45       10.03
  F-P-S-6-1            JUNCTION     5.67     5.98     3.98     0  04:01        5.97
  F-P-S-6-2            JUNCTION     0.00     0.00    -2.20     0  00:00        0.00
  NAFCS-5-6            JUNCTION     5.46     8.35    11.00     0  18:20        7.37
  F-P-S-7-A            JUNCTION     5.70     6.00     5.20     0  16:48        6.00
  F-P-S-7-B            JUNCTION     0.00     0.00    -1.35     0  00:00        0.00
  P-S-8-1              JUNCTION     5.40     5.70     2.60     0  08:27        5.69
  P-S-8-2              JUNCTION     0.00     0.00    -3.20     0  00:00        0.00
  F-P-N-9-A            JUNCTION     4.77     5.00     2.30     0  19:33        4.99
  F-P-N-9-B            JUNCTION     0.00     0.00    -2.70     0  00:00        0.00
  NAFCS-7-8            JUNCTION     6.96     7.49    10.09     0  02:45        7.42
  NAFCS-8-9            JUNCTION     4.41     8.14    10.54     0  06:33        8.06
  NAFCS-9-10           JUNCTION     8.54     8.55    10.85     1  00:00        8.55
  FCT-N-1011           JUNCTION     2.67     2.67     4.67     0  00:09        2.67
  NAFCN-9-10           JUNCTION     0.00     0.00     1.60     0  00:00        0.00
  NAFCN11L31           JUNCTION     6.34     6.71     8.91     0  00:25        6.71
  NAFCN10-11           JUNCTION     2.90     8.70    11.00     0  00:00        8.54
  NANCN-2U16           JUNCTION     5.01     5.18    10.35     0  00:01        5.17
  NANCS-3U16           JUNCTION     9.66    10.25    10.25     0  17:45       10.11
  NANCN-3-2            JUNCTION     4.93     6.60    11.00     0  00:01        6.20
  N-P-5-A              JUNCTION     6.21     6.51     4.81     0  16:20        6.51
  N-P-5-B              JUNCTION     0.00     0.00    -1.70     0  00:00        0.00
  S-P-6-A              JUNCTION     6.97     7.30     7.80     0  16:12        7.28
  S-P-6-B              JUNCTION     0.00     0.00     0.50     0  00:00        0.00
  N-P-4                JUNCTION     8.20    10.55    11.75     0  00:05       10.55
  N-S-3                JUNCTION     9.63    12.35    11.75     0  00:05       12.35
  N-P-6-A              JUNCTION     6.25     6.40     5.70     0  09:33        6.39
  N-P-6-B              JUNCTION     0.00     0.00    -1.00     0  00:00        0.00
  S-P-7-A              JUNCTION     6.24     6.40     5.25     0  11:26        6.40
  S-P-7-B              JUNCTION     0.00     0.00    -1.30     0  00:00        0.00
  N-P-7-A              JUNCTION     5.06     5.36     4.48     0  13:46        5.35
  N-P-7-B              JUNCTION     0.00     0.00    -0.88     0  00:00        0.00
  S-P-8-A              JUNCTION     5.06     5.36     3.75     0  13:46        5.35
  S-P-8-B-C            JUNCTION     0.00     0.00    -1.61     0  00:00        0.00
  NANCN-6-7            JUNCTION     6.84     7.15    10.15     0  00:30        7.03
  NANCS-7-8            JUNCTION     2.28     6.80    11.00     0  00:00        6.75
  NANCN-7-8            JUNCTION     6.92     7.30    10.20     0  20:50        7.19
  NANCS-8-9            JUNCTION     2.56     7.60    11.00     0  00:01        7.46
  S-P-10-A2            JUNCTION     6.24     6.40     5.40     0  00:27        6.40
  S-P-10-B2            JUNCTION     0.00     0.00    -1.00     0  00:00        0.00
  S-P-10-A             JUNCTION     6.34     6.50     5.50     0  05:53        6.50
  S-P-10-B             JUNCTION     0.00     0.00    -1.00     0  00:00        0.00
  NANCN-8-9            JUNCTION     2.87     8.30    11.00     0  00:00        8.15
  NC-S-9-10            JUNCTION     2.66     2.80     5.20     0  05:19        2.79
  NANCS-9-10           JUNCTION     0.00     0.00     2.40     0  00:00        0.00
  L31E-W3              JUNCTION     5.63     5.72     5.72     0  23:04        5.72
  NANCN10L31           JUNCTION     0.00     0.00     0.00     0  00:00        0.00
  L31E-2W              JUNCTION     5.76     5.76     5.76     0  00:01        5.76
  NANCS11L31           JUNCTION     0.00     0.00     0.00     0  00:00        0.00
  NANCN-9-10           JUNCTION     8.49     8.50    11.00     0  00:28        8.50
  ANNCS10-11           JUNCTION     8.12     8.50    11.00     0  00:05        8.50
  NAFC10NC11           JUNCTION     6.09     8.75    11.00     0  02:45        8.51
  FC-8-NC-9            JUNCTION     2.67     8.00    11.00     0  00:00        7.86
  U17-2                JUNCTION     6.93     7.00     3.21     0  00:24        7.00
  U18-2                JUNCTION     6.72     7.00     2.90     0  01:54        7.00
  U18-3                JUNCTION     6.72     7.00     2.90     0  01:54        7.00
  U19-2                JUNCTION     5.96     6.00     2.62     0  00:18        6.00
  U19-3                JUNCTION     5.96     6.00     2.62     0  00:18        6.00
  U6-2                 JUNCTION     3.94     4.00     0.62     0  00:31        3.99
  U6-3                 JUNCTION     3.96     4.00     0.60     0  00:31        4.00
  U7-2                 JUNCTION     7.78     8.00     3.60     0  01:27        8.00
  U11-2                JUNCTION     5.97     6.00     2.80     0  00:12        6.00
  U11-3                JUNCTION     5.97     6.00     2.80     0  00:12        6.00
  U12-2                JUNCTION     5.97     6.00     1.00     0  00:16        6.00
  U12-3                JUNCTION     5.97     6.00     1.00     0  00:16        6.00
  U20-2                JUNCTION     5.97     6.00     0.40     0  00:16        6.00
  U20-3                JUNCTION     5.97     6.00     0.40     0  00:16        6.00
  E13-2                JUNCTION     4.94     5.00     3.30     0  00:37        5.00
  NANCN-2-1            JUNCTION     3.74     6.70    11.00     0  12:18        6.58
  N-T-N-1              JUNCTION     7.70     7.72    11.00     0  00:00        7.72
  S-P-9-A              JUNCTION     7.80     7.98     7.18     0  03:54        7.98
  S-P-9-B              JUNCTION     0.00     0.00    -0.80     0  00:00        0.00
  Node_103             JUNCTION     0.05     0.06    -9.74     0  06:53        0.06
  Node_1176929         JUNCTION     0.01     0.03    -9.77     1  00:00        0.03
  103-T-N-1            JUNCTION    12.98    13.00    13.00     0  00:00       13.00
  103-T-S-1            JUNCTION    12.98    13.00    13.00     0  00:00       13.00
  NA103S-3             JUNCTION     7.95     9.50    18.00     0  00:00        8.47
  103-T-N-8            JUNCTION     5.77     6.30    12.60     0  06:50        6.29
  Node_1000940         JUNCTION     0.00     0.00     0.00     0  00:00        0.00
  Node_1002953         JUNCTION     0.00     0.00     0.00     0  00:00        0.00
  Node_1003953         JUNCTION     0.00     0.00     0.00     0  00:00        0.00
  L31E-4               JUNCTION     5.29     5.70     8.40     0  20:16        5.69
  NA103N10L            JUNCTION     0.00     0.00     2.70     0  00:00        0.00
  Node_1007959         JUNCTION     0.00     0.00     0.00     0  00:00        0.00
  Node_10061002        JUNCTION     0.00     0.00     0.00     0  00:00        0.00
  U25B                 JUNCTION     4.99     5.00     6.00     0  00:08        5.00
  Node_10151016        JUNCTION     4.99     5.00     6.00     0  00:08        5.00
  Node_10161017        JUNCTION     0.00     0.00     1.00     0  00:00        0.00
  HW_U23               JUNCTION     4.49     4.50     5.50     0  00:06        4.50
  Node_10171018        JUNCTION     4.49     4.50     5.50     0  00:06        4.50
  Node_10181019        JUNCTION     0.00     0.00     1.00     0  00:00        0.00
  HW_U24               JUNCTION     4.48     4.50     5.50     0  00:13        4.50
  Node_10191020        JUNCTION     4.48     4.50     5.50     0  00:13        4.50
  Node_10201021        JUNCTION     0.00     0.00     1.00     0  00:00        0.00
  HW_B30A              JUNCTION     7.81     7.90    10.20     0  00:53        7.90
  Node_10211030        JUNCTION     7.81     7.90    10.20     0  00:53        7.90
  Node_10301032        JUNCTION     0.00     0.00    -6.80     0  00:00        0.00
  HW_B30               JUNCTION    13.39    13.90     6.67     0  01:42       13.90
  Node_10321034        JUNCTION    13.39    13.90     6.67     0  01:42       13.90
  Node_10341036        JUNCTION     0.00     0.00    -7.23     0  00:00        0.00
  HW_B31               JUNCTION     0.99     1.00    -3.36     0  00:29        1.00
  Node_10361038        JUNCTION     0.99     1.00    -3.36     0  00:29        1.00
  Node_10381040        JUNCTION     0.00     0.00    -6.96     0  00:00        0.00
  HW_B32               JUNCTION    13.57    14.10     7.14     0  01:44       14.10
  Node_10401042        JUNCTION    13.57    14.10     7.14     0  01:44       14.10
  Node_10421044        JUNCTION     0.00     0.00    -6.96     0  00:00        0.00
  Node_166             JUNCTION     6.91     7.00     4.00     0  00:38        7.00
  Node_10441046        JUNCTION     6.91     7.00     4.00     0  00:38        7.00
  Node_10461048        JUNCTION     0.00     0.00    -6.10     0  00:00        0.00
  Node_10481050        JUNCTION     0.00     0.00    -9.00     0  00:00        0.00
  HW_B35               JUNCTION    16.42    17.30     8.30     0  02:20       17.30
  Node_10501052        JUNCTION    16.42    17.30     8.30     0  02:20       17.30
  Node_10521054        JUNCTION     0.00     0.00    -9.50     0  00:00        0.00
  HW_B36               JUNCTION    12.70    14.00     5.70     0  04:16       14.00
  Node_10541056        JUNCTION    12.70    14.00     5.70     0  04:16       14.00
  Node_10561059        JUNCTION     0.79     1.00   -11.90     0  08:00        1.00
  Node_10591060        JUNCTION     0.16     0.38   -12.32     1  00:00        0.38
  HW_B39               JUNCTION    16.06    17.00     6.88     0  02:33       17.00
  Node_10601061        JUNCTION    16.06    17.00     6.88     0  02:33       17.00
  Node_1061940         JUNCTION     0.78     1.00   -11.20     0  08:27        1.00
  103N-T-S-2           JUNCTION     7.00     7.40    16.08     0  03:50        7.39
  Node_10651040        JUNCTION     0.00     0.00     8.50     0  00:00        0.00
  103N-T-N-2           JUNCTION     8.28     8.68    17.36     0  15:46        8.66
  Node_10681040        JUNCTION     0.00     0.00     8.58     0  00:00        0.00
  103N-T-N-3           JUNCTION     8.24     8.50    17.00     0  21:10        8.49
  Node_10701044        JUNCTION     0.00     0.00     8.40     0  00:00        0.00
  103N-T-S-3           JUNCTION     6.56     6.80    20.80     0  18:50        6.79
  Node_11741044        JUNCTION     0.00     0.00    13.00     0  00:00        0.00
  103N-T-S-4           JUNCTION     6.69     7.00    14.20     0  22:47        6.98
  NAC103N-4            JUNCTION     0.00     0.00     6.90     0  00:00        0.00
  HW_U30               JUNCTION     6.49     6.61     1.31     0  01:12        6.61
  Node_10971048        JUNCTION     8.88     9.00     1.30     0  00:44        9.00
  HW_U29               JUNCTION     7.41     7.72     3.12     0  06:40        7.72
  Node_10801079        JUNCTION     7.71     8.00     3.10     0  01:47        8.00
  HW_NA-C-4            JUNCTION     0.92     1.00    -9.70     0  04:08        1.00
  Node_10811080        JUNCTION     0.92     1.00    -9.70     0  04:08        1.00
  HW_U28               JUNCTION     6.74     7.00     3.70     0  01:46        7.00
  Node_10821081        JUNCTION     6.74     7.00     3.70     0  01:46        7.00
  HW_NA-C-3            JUNCTION     0.83     0.91   -12.39     0  03:58        0.91
  Node_10831082        JUNCTION     0.92     1.00   -12.40     0  03:54        1.00
  HW_U27               JUNCTION     7.72     7.92     3.52     0  02:45        7.92
  Node_10891083        JUNCTION     7.82     8.00     3.50     0  01:06        8.00
  HW_NA-C-2            JUNCTION     0.83     0.91    -9.29     0  03:58        0.91
  Node_10911089        JUNCTION     0.92     1.00    -9.30     0  03:54        1.00
  HW_U26               JUNCTION     6.84     7.02     0.22     0  01:47        7.02
  Node_10931091        JUNCTION     7.83     8.00     0.20     0  01:05        8.00
  HW_NA-C-1            JUNCTION     0.92     1.00   -10.50     0  04:08        1.00
  Node_10951093        JUNCTION     0.92     1.00   -10.50     0  04:08        1.00
  HW_NA-C-5            JUNCTION     0.92     1.00   -10.20     0  04:08        1.00
  Node_10791097        JUNCTION     0.92     1.00   -10.20     0  04:08        1.00
  103N-T-S-6           JUNCTION     5.79     6.26    12.52     0  20:47        6.25
  Node_1099940         JUNCTION     0.00     0.00     6.20     0  00:00        0.00
  103-T-8-S6           JUNCTION     5.41     6.17    12.17     0  00:30        6.02
  CC103T1-1            JUNCTION     6.31     6.50    13.00     0  10:30        6.49
  103S-T-S-1           JUNCTION     6.06     6.20    12.40     0  06:44        6.20
  Node_1103849         JUNCTION     0.00     0.00     6.10     0  00:00        0.00
  Node_1105854         JUNCTION     0.00     0.00     0.00     0  00:00        0.00
  103-T-S-3            JUNCTION     5.53     5.90    11.80     0  17:05        5.89
  Node_1107866         JUNCTION     0.00     0.00     5.80     0  00:00        0.00
  103S-T-3-2           JUNCTION     3.75     3.80     7.60     0  03:20        3.80
  Node_11051107        JUNCTION     0.00     0.00     3.70     0  00:00        0.00
  NCC1035-8T           JUNCTION     6.09     6.99    10.19     0  21:07        6.83
  NCC103-89T           JUNCTION     2.32     2.40     5.10     0  11:24        2.40
  Node_1003776         JUNCTION     0.00     0.00     2.65     0  00:00        0.00
  NCC102-69T           JUNCTION     6.05     8.00    11.00     0  23:49        7.04
  NCC103-910           JUNCTION     7.39     9.20    11.00     0  06:03        8.98
  NC10310-10           JUNCTION     5.56     8.51    10.86     0  10:14        8.40
  103N-T-3-2           JUNCTION     8.13     8.50    17.10     0  11:28        8.50
  NA103N3-2            JUNCTION     0.00     0.00     8.50     0  00:00        0.00
  Node_1117862         JUNCTION     0.00     0.00     0.00     0  00:00        0.00
  103N-TS-1            JUNCTION     6.31     6.50    13.70     0  04:07        6.49
  NA103NS1B            JUNCTION     0.00     0.00     7.10     0  00:00        0.00
  NCC103-79T           JUNCTION     2.00     2.50     5.30     0  12:02        2.48
  Node_1003770         JUNCTION     0.00     0.00     2.80     0  00:00        0.00
  U21B                 JUNCTION     3.00     3.00     2.90     0  00:02        3.00
  HW_TRPK-             JUNCTION     1.00     1.00    -0.94     0  00:10        1.00
  Node_11371135        JUNCTION     1.00     1.00    -0.94     0  00:10        1.00
  U10AB                JUNCTION     4.00     4.00     5.00     0  00:01        4.00
  U11-12B              JUNCTION     4.77     4.94     3.94     0  01:13        4.92
  Node_1135848         JUNCTION     4.87     5.00     3.90     0  01:13        5.00
  TRA103N-1            JUNCTION     6.83     7.00    14.20     0  09:52        7.00
  NA103NN1S1           JUNCTION     0.00     0.00     7.10     0  00:00        0.00
  103N-TN1N2           JUNCTION     9.48    10.00    20.10     0  13:20        9.99
  Node_10151068        JUNCTION     0.00     0.00    10.00     0  00:00        0.00
  1143#2               JUNCTION     2.07     2.10     4.65     0  18:37        2.10
  Node_1007837         JUNCTION     0.00     0.00     2.50     0  00:00        0.00
  FC-S-T-2-3           JUNCTION     4.03     6.90    11.00     0  16:37        6.84
  FC-T-N-3A            JUNCTION     5.26     5.30     5.30     0  06:18        5.30
  NAFC_CN1U5           JUNCTION     0.00     0.00     0.00     0  00:00        0.00
  FC-T-S-3-4           JUNCTION     5.41     7.90    11.00     0  16:53        7.76
  CNCC1-U15            JUNCTION     7.91     8.48    11.68     0  00:03        8.48
  CC103T-2-1           JUNCTION     7.15     7.50    15.00     0  17:16        7.49
  CC103N1N2            JUNCTION     6.39     7.00    15.10     0  22:30        6.98
  Node_1119972         JUNCTION     0.00     0.00     8.05     0  00:00        0.00
  CC103N2TN1           JUNCTION     7.65     8.00    16.10     0  20:12        8.00
  CC103N3TN4           JUNCTION     8.65     9.00    18.00     0  06:38        9.00
  DCC103N-1            JUNCTION     7.59     8.00    18.50     0  00:41        7.99
  Node_10281015        JUNCTION     0.00     0.00     9.00     0  00:00        0.00
  CC103N2N2            JUNCTION    10.66    11.00    23.00     0  16:13       10.99
  Node_10671068        JUNCTION     0.00     0.00    11.90     0  00:00        0.00
  CC103N3N3T           JUNCTION    10.17    10.50    20.70     0  17:55       10.49
  Node_10741070        JUNCTION     0.00     0.00    10.10     0  00:00        0.00
  NA-T-W-1             JUNCTION     7.59     7.60    14.20     0  00:12        7.60
  Node_11571082        JUNCTION     7.58     7.60    14.20     0  00:12        7.60
  NAE-T-1              JUNCTION     6.96     6.97    14.17     0  00:30        6.97
  Node_11581080        JUNCTION     0.00     0.00     7.10     0  00:00        0.00
  NA-N-T-1             JUNCTION     7.65     7.90    15.75     0  14:23        7.89
  Node_11621095        JUNCTION     0.00     0.00     7.80     0  00:00        0.00
  NA-TN1-W1            JUNCTION     7.76     7.90    15.75     0  18:48        7.90
  Node_11621157        JUNCTION     0.00     0.00     7.80     0  00:00        0.00
  NA-TN1-E1            JUNCTION     7.78     7.90    15.73     0  20:03        7.89
  Node_11621158        JUNCTION     0.00     0.00     7.80     0  00:00        0.00
  C103-T-S5            JUNCTION     7.21     7.50    15.00     0  14:06        7.49
  Node_11671059        JUNCTION     0.00     0.00     7.40     0  00:00        0.00
  CC103T0-15           JUNCTION     6.44     6.60    13.20     0  16:01        6.60
  Node_1170306         JUNCTION     0.00     0.00     6.50     0  00:00        0.00
  103N-T-S-1           JUNCTION     6.31     6.50    13.70     0  04:07        6.49
  Node_10171121        JUNCTION     0.00     0.00     7.10     0  00:00        0.00
  NA-T-1U30            JUNCTION     6.58     6.90    13.90     0  03:07        6.89
  NANAW1U30            JUNCTION     0.00     0.00     6.90     0  00:00        0.00
  HW_B19               JUNCTION     1.00     1.00    -5.98     0  00:07        1.00
  Node_11781176        JUNCTION     1.00     1.00    -5.98     0  00:07        1.00
  Node_10671028        JUNCTION     0.00     0.00    11.90     0  00:00        0.00
  S179-2               JUNCTION    11.60    12.00     3.50     0  01:35       12.00
  FC-N-T-2-3           JUNCTION     5.81     7.11    11.61     1  00:00        7.11
  103TN3NN1            JUNCTION     1.00     1.00     1.00     0  00:00        1.00
  NACC103-12           JUNCTION     8.21     8.32    16.42     1  00:00        8.32
  Node_1119964         JUNCTION     8.19     8.32    16.42     1  00:00        8.32
  Node_10671074        JUNCTION     0.00     0.00    10.00     0  00:00        0.00
  S20F                 OUTFALL      0.00     0.00    10.00     0  00:00        0.00
  U1-W                 STORAGE      1.03     1.36    11.36     0  00:00        1.03
  CFC-N-2              STORAGE      5.80     6.01    16.01     0  01:46        6.01
  CFC-N-1              STORAGE      0.33     0.77    11.45     0  21:31        0.60
  U15-S                STORAGE      3.91     4.30    15.80     0  00:00        4.29
  FC-S-1               STORAGE      0.01     0.01    10.01     1  00:00        0.01
  FC-S-2               STORAGE      0.00     0.00    10.00     1  00:00        0.00
  FC-N-1               STORAGE      0.02     0.05    10.05     1  00:00        0.05
  FC-N-2               STORAGE      0.02     0.03    10.03     1  00:00        0.03
  FC-N-3               STORAGE      0.00     0.00    10.00     0  00:00        0.00
  FC-S-3               STORAGE      0.13     0.48    10.48     0  22:33        0.48
  FC-N-4               STORAGE      0.02     0.04    10.04     1  00:00        0.04
  FC-S-4               STORAGE      0.00     0.00    10.00     0  23:59        0.00
  FC-N-5               STORAGE      0.02     0.04    10.04     1  00:00        0.04
  FC-S-5               STORAGE      0.08     0.48    10.48     0  23:54        0.48
  FC-N-6               STORAGE      5.33     5.50    15.50     0  01:32        5.50
  FC-S-6               STORAGE      0.00     0.00    10.00     0  00:00        0.00
  FC-S-7               STORAGE      0.00     0.00    10.00     1  00:00        0.00
  FC-N-7               STORAGE      0.00     0.01    10.01     1  00:00        0.01
  FC-N-8               STORAGE      0.00     0.00    10.00     0  00:00        0.00
  FC-S-8               STORAGE      0.00     0.00    10.00     0  23:59        0.00
  FC-N-9               STORAGE      0.30     0.30    10.30     0  00:00        0.30
  FC-S-9               STORAGE      0.31     0.32    10.32     0  12:10        0.32
  FC-N-10              STORAGE      0.65     0.66    10.66     1  00:00        0.66
  FC-S-10              STORAGE      0.60     0.60    10.60     1  00:00        0.60
  FC-N-11              STORAGE      0.48     0.48    10.48     0  17:18        0.48
  NC-N-2               STORAGE      0.36     0.97    10.97     0  08:48        0.70
  NC-S-3               STORAGE      0.01     0.02    10.02     0  23:59        0.02
  NC-S-4               STORAGE      0.01     0.01    10.01     1  00:00        0.01
  NC-N-3               STORAGE      6.14     6.37    16.37     0  01:47        6.37
  NC-N-4               STORAGE      0.01     0.01    10.01     1  00:00        0.01
  NC-S-5               STORAGE      0.00     0.00    10.00     0  00:00        0.00
  NC-S-6               STORAGE      0.00     0.00    10.00     0  00:00        0.00
  NC-N-5               STORAGE      0.00     0.00    10.00     0  00:00        0.00
  NC-N-6               STORAGE      0.00     0.00    10.00     0  00:00        0.00
  NC-S-7               STORAGE      0.00     0.00    10.00     0  00:00        0.00
  NC-N-7               STORAGE      0.00     0.01    10.01     0  23:59        0.01
  NC-S-8               STORAGE      0.38     0.48    10.48     0  22:44        0.48
  NC-N-8               STORAGE      0.01     0.01    10.01     0  23:59        0.01
  NC-S-9               STORAGE      0.46     0.48    10.48     0  17:18        0.48
  NC-N-9               STORAGE      0.43     0.48    10.48     0  16:18        0.48
  NC-S-10              STORAGE      0.20     0.20    10.20     0  00:00        0.20
  NC-N-10              STORAGE      0.65     0.65    10.65     0  00:00        0.65
  NC-S-11              STORAGE      0.58     0.65    10.65     0  00:00        0.64
  NC-N-1               STORAGE      0.21     0.48    10.48     0  17:18        0.48
  U13-W                STORAGE      0.69     3.98    13.98     0  00:00        0.89
  CC103S-S-2           STORAGE      0.00     0.00    12.50     0  00:00        0.00
  CC103S-S-1           STORAGE      0.00     0.00    12.00     0  00:00        0.00
  L31-W-1              STORAGE      7.27     8.40    19.40     0  00:00        8.37
  B7-W                 STORAGE      0.48     7.92    19.92     0  00:00        0.54
  U20-W                STORAGE      2.15     7.97    17.97     0  00:00        3.09
  CC103-N-2            STORAGE      0.00     0.00    11.10     1  00:00        0.00
  CC103-N-3            STORAGE      0.00     0.00    14.00     0  00:00        0.00
  C103-S-1             STORAGE      0.00     0.00    11.00     0  00:00        0.00
  C103-N-1             STORAGE      0.00     0.00    11.00     0  00:00        0.00
  C103-N-2             STORAGE      0.00     0.00    12.00     1  00:00        0.00
  C103-S-2             STORAGE      0.00     0.00    10.00     0  00:00        0.00
  C103-N-3             STORAGE      0.00     0.00    11.00     0  23:59        0.00
  C103-S-3             STORAGE      0.00     0.00    10.00     1  00:00        0.00
  C103-N-4             STORAGE      0.00     0.00    14.00     0  23:59        0.00
  C103-S-4             STORAGE      0.00     0.00    10.00     1  00:00        0.00
  C103-N-5             STORAGE      0.00     0.00    15.00     1  00:00        0.00
  C103-S-5             STORAGE      0.00     0.00    15.00     1  00:00        0.00
  C103-N-6             STORAGE      0.00     0.00    12.00     1  00:00        0.00
  C103-S-6             STORAGE      0.00     0.01    12.01     1  00:00        0.01
  C103-N-7             STORAGE      0.00     0.00    10.00     1  00:00        0.00
  C103-S-7             STORAGE      0.00     0.00    10.00     1  00:00        0.00
  C103-N-8             STORAGE      0.00     0.00    12.00     0  00:00        0.00
  C103-S-8             STORAGE      0.00     0.01    10.01     0  23:59        0.01
  C103N-N-5            STORAGE      0.00     0.00    10.00     0  00:00        0.00
  C103-N-9             STORAGE      0.00     0.00    10.00     0  00:00        0.00
  C103-S-9             STORAGE      0.01     0.05    10.05     0  23:59        0.05
  C103-N-10            STORAGE      0.85     0.85    10.85     0  00:00        0.85
  C103-S-10            STORAGE      0.58     0.75    10.75     0  00:00        0.70
  C103N-N-1            STORAGE      3.75     3.75    15.75     0  00:00        3.75
  B30A-W               STORAGE      0.50     0.50    12.50     0  00:00        0.50
  CC103N-N-1           STORAGE      0.00     0.00    15.50     0  00:00        0.00
  C103N-S-2            STORAGE      0.00     0.00    12.00     0  00:00        0.00
  CC103N-N-2           STORAGE      0.00     0.00    15.00     0  00:00        0.00
  C103N-N-2            STORAGE      0.00     0.00    15.00     0  00:00        0.00
  C103N-N-3            STORAGE      0.00     0.00    14.00     0  00:00        0.00
  CC103N-N-3           STORAGE      0.00     0.00    15.00     0  00:00        0.00
  C103N-S-4            STORAGE      0.00     0.00    12.00     0  00:00        0.00
  NA-1                 STORAGE     10.00    10.00    22.80     0  00:00       10.00
  C103N-S-6            STORAGE      0.00     0.01    12.01     0  23:59        0.01
  C103S-S-1            STORAGE      0.01     0.01    12.01     0  23:59        0.01
  C103S-S-2            STORAGE      0.00     0.00    12.50     0  00:00        0.00
  C103S-S-3            STORAGE      0.00     0.00    12.00     0  00:00        0.00
  C103S-N-1            STORAGE      0.00     0.00    12.40     1  00:00        0.00
  CC103-N-1            STORAGE      0.00     0.00    13.00     0  00:00        0.00
  C103N-S-1            STORAGE      0.00     0.00    15.00     0  00:00        0.00
  NA-W-1               STORAGE      0.00     0.00    10.80     0  00:00        0.00
  NA-E-1               STORAGE      0.00     0.00    11.20     0  00:00        0.00
  NA-N-1               STORAGE      0.00     0.00    12.90     0  00:00        0.00
  C103N-S-5            STORAGE      0.00     0.00    12.50     0  00:00        0.00
  CC103S-S-0           STORAGE      0.00     0.00    11.60     0  00:00        0.00
  C103N-S-3            STORAGE      0.00     0.00    17.00     0  00:00        0.00
  
  
  *******************
  Node Inflow Summary
  *******************
  
  -------------------------------------------------------------------------------------------------
                                  Maximum  Maximum                  Lateral       Total        Flow
                                  Lateral    Total  Time of Max      Inflow      Inflow     Balance
                                   Inflow   Inflow   Occurrence      Volume      Volume       Error
  Node                 Type           CFS      CFS  days hr:min    10^6 gal    10^6 gal     Percent
  -------------------------------------------------------------------------------------------------
  U1-E                 JUNCTION      0.00     4.92     0  00:00           0       0.649      13.005
  U2-W                 JUNCTION      0.00     1.01     0  04:54           0       0.574      15.062
  U2-E                 JUNCTION      0.00     1.00     0  23:58           0       0.499       2.511
  U3-W                 JUNCTION      0.00     1.00     0  23:59           0       0.487       1.566
  U3-E                 JUNCTION      0.00     1.00     0  23:50           0       0.479      43.568
  U4-FC15              JUNCTION      0.00     1.01     0  12:04           0       0.334      87.782
  U4-E                 JUNCTION      0.00     1.02     0  11:55           0       0.178  177844.137 gal
  U6-E                 JUNCTION      1.00     1.12     0  07:32       0.646       0.651      39.680
  U7-W                 JUNCTION      0.00     1.62     0  02:28           0       0.631       0.000
  U7-E                 JUNCTION      0.00     0.00     0  00:00           0           0       0.000 gal
  B1-W                 JUNCTION      0.00     0.00     0  00:00           0           0       0.000 gal
  U10-W                JUNCTION      0.00     0.00     0  00:00           0           0       0.000 gal
  U10-E                JUNCTION      0.00     0.00     0  00:00           0           0       0.000 gal
  FC-1                 JUNCTION      0.00     0.95     0  05:59           0       0.399     821.741
  U12-E                JUNCTION      1.00     2.51     0  06:28       0.646         1.5      20.176
  FC-2                 JUNCTION      0.00     1.75     0  05:03           0       0.923       8.643
  L31E-1               JUNCTION      0.00   821.59     1  00:00           0        5.66      -3.743
  U5-W                 JUNCTION      0.00     0.00     0  00:00           0           0       0.000 gal
  U5-E                 JUNCTION      0.00     0.00     0  00:00           0           0       0.000 gal
  U6-W                 JUNCTION      0.00     0.00     0  00:00           0           0       0.000 gal
  B1-E                 JUNCTION      0.00     0.00     0  00:00           0           0       0.000 gal
  U8-W                 JUNCTION      0.00     1.00     0  01:32           0       0.605      55.600
  U8-E                 JUNCTION      0.00     1.00     0  05:24           0       0.389      57.780
  U9-W                 JUNCTION      0.00     0.75     0  03:29           0       0.246     137.695
  U9-E                 JUNCTION      0.00     0.38     0  05:03           0       0.104  103694.033 gal
  B2-W                 JUNCTION      0.00     0.00     0  00:00           0           0       0.000 gal
  B2-E                 JUNCTION      0.00     0.00     0  00:00           0           0       0.000 gal
  U11-W                JUNCTION      0.00     0.00     0  00:00           0           0       0.000 gal
  U11-E                JUNCTION      1.00     1.00     0  00:00       0.646       0.646      58.043
  B3-W                 JUNCTION      0.00     0.47     0  22:25           0      0.0379      39.876
  B3-E                 JUNCTION      0.00     0.38     1  00:00           0      0.0271     103.876
  U12-W-FC03           JUNCTION      0.00     0.45     1  00:00           0      0.0133       0.000
  U14-N                JUNCTION      0.00     2.04     0  21:33           0       0.991       2.596
  U16-W                JUNCTION      0.00    82.91     0  21:31           0        1.14      11.444
  U16-E                JUNCTION      0.00     1.36     0  02:31           0       0.617      24.904
  U17-W                JUNCTION      0.00     1.00     0  01:47           0       0.599       0.000
  U17-E                JUNCTION      0.00     9.86     0  21:32           0         1.9       1.410
  B4-W                 JUNCTION      0.00  4728.80     0  21:31           0         111       0.041
  B4-E                 JUNCTION      0.00    30.02     0  05:01           0        2.45       0.858
  NC-1                 JUNCTION      0.00     6.01     0  05:01           0        2.24      11.458
  U18W-N007            JUNCTION      0.00     1.28     0  02:19           0      0.0743       0.000
  U18-E                JUNCTION      1.00     1.00     0  00:00       0.646       0.646      22.074
  U15-N                JUNCTION      0.00    61.08     0  00:05           0        37.2       0.307
  U14-S                JUNCTION      0.00    43.28     0  04:31           0        27.9       0.156
  U19-W                JUNCTION      0.00     0.86     0  02:09           0       0.173       0.000
  U19-E                JUNCTION      1.00     1.00     0  00:00       0.646       0.646      13.841
  NC-2                 JUNCTION      0.00     1.00     0  23:50           0       0.568      19.042
  NC-3                 JUNCTION      0.00     1.00     0  23:46           0       0.512      18.577
  B5-W                 JUNCTION      0.00    12.59     0  11:00           0         6.8       0.463
  B5-E                 JUNCTION      0.00    11.98     0  11:07           0        6.45       2.740
  U20-W-N003           JUNCTION      0.00     1.87     0  02:57           0      0.0427       0.000
  U20A-E               JUNCTION      1.00     1.00     0  00:00       0.646       0.646      80.148
  L31E-2               JUNCTION      0.00     0.00     0  00:00           0           0       0.000 gal
  U19A-S               JUNCTION      0.00    10.84     0  17:18           0        6.61       3.851
  U19B-N               JUNCTION      0.00     1.41     0  10:47           0       0.307    3738.430
  L31E-3               JUNCTION      0.00     0.00     0  00:00           0           0       0.000 gal
  U10A-E               JUNCTION      1.00    18.66     0  00:17       0.646       0.797      14.596
  E11-12-NW            JUNCTION      1.00     1.00     0  00:00       0.646       0.646      21.315
  U21-S                JUNCTION      0.00     0.00     0  00:00           0           0       0.000 gal
  U21-N                JUNCTION      0.00     0.00     0  00:00           0           0       0.000 gal
  B27-W                JUNCTION      0.00     0.00     0  00:00           0           0       0.000 gal
  B27-E                JUNCTION      0.00     0.00     0  00:00           0           0       0.000 gal
  B28-S                JUNCTION      0.00     0.00     0  00:00           0           0       0.000 gal
  B28-N                JUNCTION      0.00     0.00     0  00:00           0           0       0.000 gal
  B29-W                JUNCTION      0.00     0.00     0  00:00           0           0       0.000 gal
  B29-E                JUNCTION      0.00     0.00     0  00:00           0           0       0.000 gal
  C103-2               JUNCTION      0.00     0.00     0  00:00           0           0       0.000 gal
  B7-E                 JUNCTION      0.00   101.94     0  00:00           0        5.38       0.293
  MW13                 JUNCTION      0.00    15.05     0  00:05           0        5.48       6.850
  B8-W                 JUNCTION      0.00     6.39     0  00:40           0        0.13      -2.066
  B8-E                 JUNCTION      0.00     8.45     0  00:18           0        0.18       0.075
  S196-W               JUNCTION      0.00   113.03     0  00:02           0       0.515      76.977
  S196-E               JUNCTION      0.00   146.62     0  00:00           0       0.638       5.269
  U20-E                JUNCTION      0.00  1173.53     0  00:00           0        1.86      37.098
  B9-N                 JUNCTION      0.00    10.09     0  00:54           0        1.22      22.829
  B9-S                 JUNCTION      0.00     7.07     0  01:29           0       0.995       7.945
  B10-W                JUNCTION      0.00     6.53     0  01:47           0       0.922       9.334
  B10-E                JUNCTION      0.00     5.85     0  01:53           0       0.843       7.395
  B11-W                JUNCTION      0.00     5.39     0  02:23           0       0.785       8.001
  B11-E                JUNCTION      0.00     5.17     0  02:32           0       0.727       9.146
  B12-W                JUNCTION      0.00     4.92     0  02:31           0       0.666      10.413
  B12-E                JUNCTION      0.00    16.54     0  02:49           0       0.653       0.333
  B13-W                JUNCTION      0.00    15.78     0  02:49           0       0.655       0.245
  B13-E                JUNCTION      0.00     6.48     0  03:06           0       0.303      77.255
  B14-W                JUNCTION      0.00     2.97     0  03:39           0       0.156     173.730
  B14-E                JUNCTION      0.00     1.49     0  03:36           0       0.048    1401.792
  S167-W               JUNCTION      0.00     0.00     0  00:00           0           0       0.000 gal
  S167-E               JUNCTION      0.00     0.00     0  00:00           0           0       0.000 gal
  B15-N                JUNCTION      0.00     0.00     0  00:00           0           0       0.000 gal
  B15-S                JUNCTION      0.00     0.00     0  00:00           0           0       0.000 gal
  B16-W                JUNCTION      0.00     0.00     0  00:00           0           0       0.000 gal
  B16-E                JUNCTION      0.00     0.00     0  00:00           0           0       0.000 gal
  C103-1               JUNCTION      0.00     0.00     0  00:00           0           0       0.000 gal
  B20-N                JUNCTION      0.00     0.00     0  00:00           0           0       0.000 gal
  B20-S                JUNCTION      0.00     0.00     0  00:00           0           0       0.000 gal
  B22-W                JUNCTION      0.00     0.00     0  00:00           0           0       0.000 gal
  B22-E                JUNCTION      0.00     0.00     0  00:00           0           0       0.000 gal
  B23-W                JUNCTION      0.00     0.37     0  02:27           0       0.125    1458.880
  B23-E                JUNCTION      0.00     0.60     0  23:43           0       0.293     110.208
  C103-3               JUNCTION      0.00   258.98     0  23:43           0       0.652       2.289
  S179-W               JUNCTION      0.00     0.71     0  01:11           0       0.344       0.000
  S179-E               JUNCTION      0.00     0.00     0  00:00           0           0       0.000 gal
  B24-W-MW07           JUNCTION      0.00     0.00     0  00:00           0           0       0.000 gal
  B24-E                JUNCTION      0.00     0.00     0  00:00           0           0       0.000 gal
  B25-W                JUNCTION      0.00     0.00     0  00:00           0           0       0.000 gal
  B25-E                JUNCTION      0.00     0.00     0  00:00           0           0       0.000 gal
  B26-W-MW04           JUNCTION      0.00     0.00     0  00:00           0           0       0.000 gal
  B26-E                JUNCTION      0.00     0.00     0  00:00           0           0       0.000 gal
  MW03                 JUNCTION      0.00     0.00     0  00:00           0           0       0.000 gal
  C103-4               JUNCTION      0.00     0.00     0  00:00           0           0       0.000 gal
  U22-S                JUNCTION      0.00     0.00     0  00:00           0           0       0.000 gal
  U23-N                JUNCTION      0.00     0.00     0  00:00           0           0       0.000 gal
  U23-S                JUNCTION      0.00     0.00     0  00:00           0           0       0.000 gal
  U24-N                JUNCTION      0.00     0.00     0  00:00           0           0       0.000 gal
  U24-S                JUNCTION      0.00     0.00     0  00:00           0           0       0.000 gal
  B30A-E               JUNCTION      0.00     0.00     0  00:00           0           0       0.000 gal
  B30-W                JUNCTION      0.00     0.00     0  00:00           0           0       0.000 gal
  B30-E                JUNCTION      0.00     0.00     0  00:00           0           0       0.000 gal
  B31-W                JUNCTION      0.00     0.00     0  00:00           0           0       0.000 gal
  B31-E                JUNCTION      0.00     0.00     0  00:00           0           0       0.000 gal
  B32-N-MW05           JUNCTION      0.00     0.00     0  00:00           0           0       0.000 gal
  B32-S                JUNCTION      0.00     0.00     0  00:00           0           0       0.000 gal
  S166-NW              JUNCTION      0.00     0.00     0  00:00           0           0       0.000 gal
  S166-SW              JUNCTION      0.00     0.00     0  00:00           0           0       0.000 gal
  U30-W                JUNCTION      0.00     0.00     0  00:00           0           0       0.000 gal
  B35-N                JUNCTION      0.00     0.00     0  00:00           0           0       0.000 gal
  B35-S                JUNCTION      0.00     0.00     0  00:00           0           0       0.000 gal
  B36-N                JUNCTION      0.00     0.00     0  00:00           0           0       0.000 gal
  B36-S                JUNCTION      0.00     0.00     0  00:00           0           0       0.000 gal
  C103N-1              JUNCTION      0.00     0.00     0  00:00           0           0       0.000 gal
  B39-N                JUNCTION      0.00     0.00     0  00:00           0           0       0.000 gal
  B39-S                JUNCTION      0.00     0.00     0  00:00           0           0       0.000 gal
  U29-W                JUNCTION      0.00     0.00     0  00:00           0           0       0.000 gal
  U29-E                JUNCTION      0.00     0.00     0  00:00           0           0       0.000 gal
  U28-S                JUNCTION      0.00     0.00     0  00:00           0           0       0.000 gal
  U28-N                JUNCTION      0.00     0.00     0  00:00           0           0       0.000 gal
  U27-S                JUNCTION      0.00     0.00     0  00:00           0           0       0.000 gal
  U27-N                JUNCTION      0.00     0.00     0  00:00           0           0       0.000 gal
  U26-S                JUNCTION      0.00     0.00     0  00:00           0           0       0.000 gal
  U26-N                JUNCTION      0.00     0.00     0  00:00           0           0       0.000 gal
  U30-E                JUNCTION      0.00     0.00     0  00:00           0           0       0.000 gal
  E11-12-SE            JUNCTION      0.00     0.00     0  00:00           0           0       0.000 gal
  U10A-W               JUNCTION      0.00     0.00     0  00:00           0           0       0.000 gal
  B19-S                JUNCTION      0.00     0.00     0  00:00           0           0       0.000 gal
  B19-N                JUNCTION      0.00     0.00     0  00:00           0           0       0.000 gal
  F-P-S-5-A            JUNCTION      1.00   979.08     0  23:54       0.646        31.6     -39.117
  NAFCS-4-5            JUNCTION      1.00     2.71     0  23:59       0.646           1      -2.981
  F-P-S-6-1            JUNCTION      1.00     1.00     0  00:00       0.646       0.646      -0.484
  F-P-S-6-2            JUNCTION      0.00   148.05     0  02:45           0       0.649       0.000
  NAFCS-5-6            JUNCTION      1.00  3216.44     0  23:54       0.646         105     -46.951
  F-P-S-7-A            JUNCTION      1.00     1.00     0  00:00       0.646       0.646      -0.636
  F-P-S-7-B            JUNCTION      0.00   187.30     0  10:14           0        0.65       0.000
  P-S-8-1              JUNCTION      1.00     1.00     0  00:00       0.646       0.646      -0.700
  P-S-8-2              JUNCTION      0.00   206.68     0  10:14           0       0.651       0.000
  F-P-N-9-A            JUNCTION      1.00     1.00     0  00:00       0.646       0.646      -0.526
  F-P-N-9-B            JUNCTION      0.00   120.61     0  10:14           0        0.65       0.000
  NAFCS-7-8            JUNCTION      1.00     2.71     0  23:59       0.646           1      -2.826
  NAFCS-8-9            JUNCTION      1.00     1.00     0  00:00       0.646       0.646     -98.696
  NAFCS-9-10           JUNCTION      1.00     1.86     0  00:00       0.646       0.647       0.124
  FCT-N-1011           JUNCTION      1.00     1.00     0  00:00       0.646       0.646       0.039
  NAFCN-9-10           JUNCTION      0.00     1.00     0  00:09           0       0.646       0.000
  NAFCN11L31           JUNCTION      1.00   192.29     0  06:26       0.646         5.6     -23.332
  NAFCN10-11           JUNCTION      1.00  1615.55     0  17:18       0.646         346     -33.543
  NANCN-2U16           JUNCTION      1.00     1.00     0  00:00       0.646       0.646      -0.121
  NANCS-3U16           JUNCTION      1.00    10.76     0  23:59       0.646        1.91      -2.404
  NANCN-3-2            JUNCTION      1.00  2534.60     0  11:06       0.646        6.01     -30.165
  N-P-5-A              JUNCTION      1.00     1.00     0  00:00       0.646       0.646      -0.253
  N-P-5-B              JUNCTION      0.00   137.71     0  22:31           0       0.648       0.000
  S-P-6-A              JUNCTION      1.00     1.00     0  00:00       0.646       0.646      -0.155
  S-P-6-B              JUNCTION      0.00   118.46     0  20:58           0       0.647       0.000
  N-P-4                JUNCTION      1.00  1402.57     0  21:31       0.646        53.9      -6.792
  N-S-3                JUNCTION      1.00  1402.57     0  21:31       0.646        54.1      -4.953
  N-P-6-A              JUNCTION      1.00     1.00     0  00:00       0.646       0.646       0.007
  N-P-6-B              JUNCTION      0.00    92.77     0  21:31           0       0.646       0.000
  S-P-7-A              JUNCTION      1.00     1.00     0  00:00       0.646       0.646      -0.107
  S-P-7-B              JUNCTION      0.00   102.67     0  20:19           0       0.647       0.000
  N-P-7-A              JUNCTION      1.00     1.00     0  00:00       0.646       0.646      -0.596
  N-P-7-B              JUNCTION      0.00   133.42     0  11:41           0        0.65       0.000
  S-P-8-A              JUNCTION      1.00     1.00     0  00:00       0.646       0.646      -0.596
  S-P-8-B-C            JUNCTION      0.00   133.42     0  11:41           0        0.65       0.000
  NANCN-6-7            JUNCTION      1.00     3.14     1  00:00       0.646       0.978      -2.308
  NANCS-7-8            JUNCTION      1.00  1620.75     0  22:44       0.646         263     -39.577
  NANCN-7-8            JUNCTION      1.00     6.50     0  23:59       0.646        1.35       0.367
  NANCS-8-9            JUNCTION      1.00  1439.57     0  17:18       0.646         295     -35.111
  S-P-10-A2            JUNCTION      1.00     1.00     0  00:00       0.646       0.646      -0.042
  S-P-10-B2            JUNCTION      0.00    95.21     0  20:19           0       0.647       0.000
  S-P-10-A             JUNCTION      1.00     1.00     0  00:00       0.646       0.646      -0.084
  S-P-10-B             JUNCTION      0.00   109.51     0  20:19           0       0.647       0.000
  NANCN-8-9            JUNCTION      1.00  1620.52     0  16:18       0.646         304     -36.036
  NC-S-9-10            JUNCTION      1.00     1.00     0  00:00       0.646       0.646      -0.522
  NANCS-9-10           JUNCTION      0.00    80.03     0  20:19           0        0.65       0.000
  L31E-W3              JUNCTION      1.00     1.00     0  00:00       0.646       0.646       0.019
  NANCN10L31           JUNCTION      0.00    62.43     0  20:19           0       0.646       0.000
  L31E-2W              JUNCTION      1.00     1.00     0  00:00       0.646       0.646       0.084
  NANCS11L31           JUNCTION      0.00     1.08     0  00:01           0       0.646       0.000
  NANCN-9-10           JUNCTION      1.00   193.85     0  00:00       0.646       0.647       2.149
  ANNCS10-11           JUNCTION      1.00    97.42     0  00:00       0.646        7.56     -28.086
  NAFC10NC11           JUNCTION      1.00  2846.52     0  02:45       0.646       0.657     -99.389
  FC-8-NC-9            JUNCTION      1.00  1626.71     0  17:18       0.646         334     -35.147
  U17-2                JUNCTION      1.00     5.27     0  21:40       0.646        2.52       0.845
  U18-2                JUNCTION      1.00     1.00     0  00:00       0.646       0.646       4.111
  U18-3                JUNCTION      0.00     1.02     0  00:02           0       0.189       0.000
  U19-2                JUNCTION      1.00     1.00     0  00:00       0.646       0.646       0.644
  U19-3                JUNCTION      0.00     1.19     0  00:00           0        0.17       0.000
  U6-2                 JUNCTION      1.00     1.00     0  00:00       0.646       0.646       1.096
  U6-3                 JUNCTION      0.00     1.35     0  00:31           0       0.639       0.000
  U7-2                 JUNCTION      1.00     1.00     0  00:00       0.646       0.646       6.453
  U11-2                JUNCTION      1.00     1.00     0  00:00       0.646       0.646       0.437
  U11-3                JUNCTION      0.00     1.23     0  00:00           0       0.162       0.000
  U12-2                JUNCTION      1.00     1.00     0  00:00       0.646       0.646       0.578
  U12-3                JUNCTION      0.00     1.20     0  00:00           0       0.163       0.000
  U20-2                JUNCTION      1.00     1.00     0  00:00       0.646       0.646       0.578
  U20-3                JUNCTION      0.00     1.20     0  00:00           0       0.163       0.000
  E13-2                JUNCTION      1.00     3.02     0  21:49       0.646        1.61       1.047
  NANCN-2-1            JUNCTION      1.00  1351.57     0  17:18       0.646         124     -35.912
  N-T-N-1              JUNCTION      1.00 11946.98     0  00:00       0.646        2.43      -6.768
  S-P-9-A              JUNCTION      1.00     1.00     0  00:00       0.646       0.646      -0.120
  S-P-9-B              JUNCTION      0.00   106.00     0  10:14           0       0.647       0.000
  Node_103             JUNCTION      1.00     1.00     0  00:00       0.646       0.646      13.258
  Node_1176929         JUNCTION      0.00     0.01     1  00:00           0     0.00627       0.000
  103-T-N-1            JUNCTION      1.00 39438.95     0  00:00       0.646        2.35     -17.710
  103-T-S-1            JUNCTION      1.00 39438.95     0  00:00       0.646        2.35     -17.710
  NA103S-3             JUNCTION      1.00  7372.29     0  00:00       0.646        0.73     -20.576
  103-T-N-8            JUNCTION      1.00     1.00     0  00:00       0.646       0.646      -0.872
  Node_1000940         JUNCTION      0.00     0.00     0  00:00           0           0       0.000 gal
  Node_1002953         JUNCTION      0.00     0.00     0  00:00           0           0       0.000 gal
  Node_1003953         JUNCTION      0.00     0.00     0  00:00           0           0       0.000 gal
  L31E-4               JUNCTION      1.00     1.00     0  00:00       0.646       0.646      -0.966
  NA103N10L            JUNCTION      0.00   182.02     0  10:35           0       0.653       0.000
  Node_1007959         JUNCTION      0.00     0.00     0  00:00           0           0       0.000 gal
  Node_10061002        JUNCTION      0.00     0.00     0  00:00           0           0       0.000 gal
  U25B                 JUNCTION      1.00     1.00     0  00:00       0.646       0.646       0.300
  Node_10151016        JUNCTION      0.00     1.06     0  00:00           0      0.0865       0.000
  Node_10161017        JUNCTION      0.00     0.00     0  00:00           0           0       0.000 gal
  HW_U23               JUNCTION      1.00     1.00     0  00:00       0.646       0.646       0.234
  Node_10171018        JUNCTION      0.00     1.00     0  00:00           0      0.0701       0.000
  Node_10181019        JUNCTION      0.00     0.00     0  00:00           0           0       0.000 gal
  HW_U24               JUNCTION      1.00     1.00     0  00:00       0.646       0.646       0.488
  Node_10191020        JUNCTION      0.00     0.94     0  00:01           0      0.0601       0.000
  Node_10201021        JUNCTION      0.00     0.00     0  00:00           0           0       0.000 gal
  HW_B30A              JUNCTION      1.00     1.00     0  00:00       0.646       0.646       1.926
  Node_10211030        JUNCTION      0.00     0.99     0  00:01           0       0.218       0.000
  Node_10301032        JUNCTION      0.00     0.00     0  00:00           0           0       0.000 gal
  HW_B30               JUNCTION      1.00     1.00     0  00:00       0.646       0.646       3.683
  Node_10321034        JUNCTION      0.00     0.86     0  00:00           0       0.244       0.000
  Node_10341036        JUNCTION      0.00     0.00     0  00:00           0           0       0.000 gal
  HW_B31               JUNCTION      1.00     1.00     0  00:00       0.646       0.646       1.022
  Node_10361038        JUNCTION      0.00     0.89     0  00:02           0      0.0612       0.000
  Node_10381040        JUNCTION      0.00     0.00     0  00:00           0           0       0.000 gal
  HW_B32               JUNCTION      1.00     1.00     0  00:00       0.646       0.646       3.773
  Node_10401042        JUNCTION      0.00     0.86     0  00:00           0       0.247       0.000
  Node_10421044        JUNCTION      0.00     0.00     0  00:00           0           0       0.000 gal
  Node_166             JUNCTION      1.00     1.00     0  00:00       0.646       0.646       1.367
  Node_10441046        JUNCTION      0.00     0.94     0  00:00           0       0.162       0.000
  Node_10461048        JUNCTION      0.00     0.00     0  00:00           0           0       0.000 gal
  Node_10481050        JUNCTION      0.00     0.00     0  00:00           0           0       0.000 gal
  HW_B35               JUNCTION      1.00     1.00     0  00:00       0.646       0.646       5.116
  Node_10501052        JUNCTION      0.00     0.87     0  00:00           0        0.28       0.000
  Node_10521054        JUNCTION      0.00     0.00     0  00:00           0           0       0.000 gal
  HW_B36               JUNCTION      1.00     1.00     0  00:00       0.646       0.646       9.768
  Node_10541056        JUNCTION      0.00     0.80     0  00:01           0        0.26       0.000
  Node_10561059        JUNCTION      0.00     0.42     0  06:53           0       0.242       0.000
  Node_10591060        JUNCTION      0.00     0.20     0  07:12           0       0.105       0.000
  HW_B39               JUNCTION      1.00     1.00     0  00:00       0.646       0.646       5.613
  Node_10601061        JUNCTION      0.00     0.86     0  00:00           0       0.279       0.000
  Node_1061940         JUNCTION      0.00     0.38     0  06:53           0       0.217       0.000
  103N-T-S-2           JUNCTION      1.00     1.00     0  00:00       0.646       0.646      -0.406
  Node_10651040        JUNCTION      0.00   171.97     0  02:45           0       0.649       0.000
  103N-T-N-2           JUNCTION      1.00     1.00     0  00:00       0.646       0.646      -0.234
  Node_10681040        JUNCTION      0.00   162.72     0  21:24           0       0.648       0.000
  103N-T-N-3           JUNCTION      1.00     1.00     0  00:00       0.646       0.646      -0.125
  Node_10701044        JUNCTION      0.00   155.11     0  20:19           0       0.647       0.000
  103N-T-S-3           JUNCTION      1.00     1.00     0  00:00       0.646       0.646      -0.248
  Node_11741044        JUNCTION      0.00   134.03     0  10:14           0       0.648       0.000
  103N-T-S-4           JUNCTION      1.00     1.00     0  00:00       0.646       0.646      -0.369
  NAC103N-4            JUNCTION      0.00   154.32     0  20:19           0       0.649       0.000
  HW_U30               JUNCTION      1.00     3.36     0  00:23       0.646       0.653       1.371
  Node_10971048        JUNCTION      0.00     3.35     0  00:23           0       0.644       0.000
  HW_U29               JUNCTION      1.00     4.30     0  01:45       0.646       0.673       3.675
  Node_10801079        JUNCTION      0.00     4.24     0  01:47           0       0.649       0.000
  HW_NA-C-4            JUNCTION      1.00     1.00     0  00:00       0.646       0.646       9.410
  Node_10811080        JUNCTION      0.00     0.88     0  00:50           0       0.122       0.000
  HW_U28               JUNCTION      1.00     1.00     0  00:00       0.646       0.646       3.834
  Node_10821081        JUNCTION      0.00     1.03     0  00:02           0       0.197       0.000
  HW_NA-C-3            JUNCTION      1.00     1.00     0  00:00       0.646       0.646       8.308
  Node_10831082        JUNCTION      0.00     1.41     0  04:02           0       0.597       0.000
  HW_U27               JUNCTION      1.00     4.08     0  00:59       0.646       0.664       2.310
  Node_10891083        JUNCTION      0.00     4.07     0  01:00           0       0.649       0.000
  HW_NA-C-2            JUNCTION      1.00     1.00     0  00:00       0.646       0.646       8.308
  Node_10911089        JUNCTION      0.00     1.41     0  04:02           0       0.597       0.000
  HW_U26               JUNCTION      1.00     6.85     0  01:03       0.646       0.678       2.131
  Node_10931091        JUNCTION      0.00     6.72     0  01:01           0       0.664       0.000
  HW_NA-C-1            JUNCTION      1.00     1.00     0  00:00       0.646       0.646       9.408
  Node_10951093        JUNCTION      0.00     0.87     0  00:51           0       0.117       0.000
  HW_NA-C-5            JUNCTION      1.00     1.00     0  00:00       0.646       0.646       9.410
  Node_10791097        JUNCTION      0.00     0.88     0  00:50           0       0.122       0.000
  103N-T-S-6           JUNCTION      1.00     1.00     0  00:00       0.646       0.646      -1.289
  Node_1099940         JUNCTION      0.00   280.67     0  08:48           0       0.655       0.000
  103-T-8-S6           JUNCTION      1.00     7.01     0  23:59       0.646        1.67     -12.619
  CC103T1-1            JUNCTION      1.00     1.00     0  00:00       0.646       0.646      -0.244
  103S-T-S-1           JUNCTION      1.00     1.00     0  00:00       0.646       0.646      -0.035
  Node_1103849         JUNCTION      0.00   107.34     0  20:19           0       0.646       0.000
  Node_1105854         JUNCTION      0.00     0.00     0  00:00           0           0       0.000 gal
  103-T-S-3            JUNCTION      1.00     1.00     0  00:00       0.646       0.646      -1.002
  Node_1107866         JUNCTION      0.00   261.05     0  21:31           0       0.653       0.000
  103S-T-3-2           JUNCTION      1.00     1.00     0  00:00       0.646       0.646      -0.018
  Node_11051107        JUNCTION      0.00    54.61     0  11:41           0       0.646       0.000
  NCC1035-8T           JUNCTION      1.00     8.79     0  23:59       0.646        1.94     -12.417
  NCC103-89T           JUNCTION      1.00     1.00     0  00:00       0.646       0.646      -0.207
  Node_1003776         JUNCTION      0.00    56.57     0  21:31           0       0.648       0.000
  NCC102-69T           JUNCTION      1.00    99.36     1  00:00       0.646        2.83     -53.454
  NCC103-910           JUNCTION      1.00  2020.18     0  06:03       0.646       0.701     -29.551
  NC10310-10           JUNCTION      1.00     1.00     0  00:00       0.646       0.646     -99.754
  103N-T-3-2           JUNCTION      1.00     1.00     0  00:00       0.646       0.646      -0.257
  NA103N3-2            JUNCTION      0.00   142.78     0  11:41           0       0.648       0.000
  Node_1117862         JUNCTION      0.00     0.00     0  00:00           0           0       0.000 gal
  103N-TS-1            JUNCTION      1.00     1.00     0  00:00       0.646       0.646      -0.218
  NA103NS1B            JUNCTION      0.00   118.66     0  11:41           0       0.648       0.000
  NCC103-79T           JUNCTION      1.00     1.00     0  00:00       0.646       0.646      -4.379
  Node_1003770         JUNCTION      0.00   220.48     0  05:59           0       0.676       0.000
  U21B                 JUNCTION      1.00     1.00     0  00:00       0.646       0.646       0.152
  HW_TRPK-             JUNCTION      1.00     1.00     0  00:00       0.646       0.646       0.348
  Node_11371135        JUNCTION      0.00     1.03     0  00:01           0      0.0667       0.000
  U10AB                JUNCTION      1.00     1.00     0  00:00       0.646       0.646       0.118
  U11-12B              JUNCTION      1.00     1.31     0  01:12       0.646       0.647       2.590
  Node_1135848         JUNCTION      0.00     1.96     0  01:14           0        0.63       0.000
  TRA103N-1            JUNCTION      1.00     1.00     0  00:00       0.646       0.646       0.099
  NA103NN1S1           JUNCTION      0.00    57.44     0  11:09           0       0.646       0.000
  103N-TN1N2           JUNCTION      1.00     1.00     0  00:00       0.646       0.646      -0.810
  Node_10151068        JUNCTION      0.00   332.22     0  21:31           0       0.652       0.000
  1143#2               JUNCTION      1.00     1.00     0  00:00       0.646       0.646      -0.084
  Node_1007837         JUNCTION      0.00    34.12     0  11:41           0       0.647       0.000
  FC-S-T-2-3           JUNCTION      1.00  3247.93     0  22:33       0.646         180     -40.930
  FC-T-N-3A            JUNCTION      1.00     1.00     0  00:00       0.646       0.646       0.077
  NAFC_CN1U5           JUNCTION      0.00    29.78     0  20:19           0       0.646       0.000
  FC-T-S-3-4           JUNCTION      1.00  1623.94     0  22:33       0.646        90.8     -39.314
  CNCC1-U15            JUNCTION      1.00  1697.64     0  08:48       0.646        12.6     -35.951
  CC103T-2-1           JUNCTION      1.00     1.00     0  00:00       0.646       0.646      -0.109
  CC103N1N2            JUNCTION      1.00     1.00     0  00:00       0.646       0.646      -0.956
  Node_1119972         JUNCTION      0.00   229.97     0  22:31           0       0.653       0.000
  CC103N2TN1           JUNCTION      1.00     1.00     0  00:00       0.646       0.646      -0.341
  CC103N3TN4           JUNCTION      1.00     1.00     0  00:00       0.646       0.646      -0.026
  DCC103N-1            JUNCTION      1.00     1.00     0  00:00       0.646       0.646      -0.635
  Node_10281015        JUNCTION      0.00   232.70     0  21:31           0        0.65       0.000
  CC103N2N2            JUNCTION      1.00     1.00     0  00:00       0.646       0.646      -0.009
  Node_10671068        JUNCTION      0.00   167.37     0  21:31           0       0.646       0.000
  CC103N3N3T           JUNCTION      1.00     1.00     0  00:00       0.646       0.646       0.096
  Node_10741070        JUNCTION      0.00   133.93     0  20:58           0       0.646       0.000
  NA-T-W-1             JUNCTION      1.00     1.00     0  00:00       0.646       0.646       0.482
  Node_11571082        JUNCTION      0.00     1.14     0  00:04           0      0.0711       0.000
  NAE-T-1              JUNCTION      1.00     1.00     0  00:00       0.646       0.646       0.101
  Node_11581080        JUNCTION      0.00     1.00     0  00:30           0       0.646       0.000
  NA-N-T-1             JUNCTION      1.00     1.00     0  00:00       0.646       0.646      -0.197
  Node_11621095        JUNCTION      0.00   146.61     0  11:41           0       0.648       0.000
  NA-TN1-W1            JUNCTION      1.00     1.00     0  00:00       0.646       0.646       0.098
  Node_11621157        JUNCTION      0.00    74.77     0  20:19           0       0.646       0.000
  NA-TN1-E1            JUNCTION      1.00     1.00     0  00:00       0.646       0.646       0.115
  Node_11621158        JUNCTION      0.00    52.47     0  20:58           0       0.646       0.000
  C103-T-S5            JUNCTION      1.00     1.00     0  00:00       0.646       0.646      -0.242
  Node_11671059        JUNCTION      0.00   184.86     0  20:19           0       0.648       0.000
  CC103T0-15           JUNCTION      1.00     1.00     0  00:00       0.646       0.646      -0.243
  Node_1170306         JUNCTION      0.00   102.10     0  20:19           0       0.648       0.000
  103N-T-S-1           JUNCTION      1.00     1.00     0  00:00       0.646       0.646      -0.218
  Node_10171121        JUNCTION      0.00   118.66     0  11:41           0       0.648       0.000
  NA-T-1U30            JUNCTION      1.00     1.00     0  00:00       0.646       0.646      -0.480
  NANAW1U30            JUNCTION      0.00   187.26     0  10:14           0       0.649       0.000
  HW_B19               JUNCTION      1.00     1.00     0  00:00       0.646       0.646       0.265
  Node_11781176        JUNCTION      0.00     1.06     0  00:00           0      0.0637       0.000
  Node_10671028        JUNCTION      0.00     0.00     0  00:00           0           0       0.000 gal
  S179-2               JUNCTION      1.00     1.00     0  00:00       0.646       0.646       7.100
  FC-N-T-2-3           JUNCTION      1.00     1.00     0  00:00       0.646       0.646  646270.130 gal
  103TN3NN1            JUNCTION      1.00     1.00     0  00:00       0.646       0.646       0.046
  NACC103-12           JUNCTION      1.00     1.00     0  00:00       0.646       0.646     101.199
  Node_1119964         JUNCTION      0.00     1.86     0  00:05           0       0.321       0.000
  Node_10671074        JUNCTION      0.00     0.00     0  00:00           0           0       0.000 gal
  S20F                 OUTFALL       0.00     0.00     0  00:00           0           0       0.000 gal
  U1-W                 STORAGE       1.00     1.00     0  00:00       0.646       0.656      -0.053
  CFC-N-2              STORAGE       1.00     1.00     0  00:00       0.646       0.646       0.000
  CFC-N-1              STORAGE       0.00  1668.91     0  21:31           0        14.5      21.753
  U15-S                STORAGE       0.00     0.00     0  00:00           0         207      -0.000
  FC-S-1               STORAGE       1.00     1.00     0  00:00       0.646       0.646       0.000
  FC-S-2               STORAGE       1.00     1.00     0  00:00       0.646       0.646       0.000
  FC-N-1               STORAGE       1.00     1.00     0  00:00       0.646       0.646       0.000
  FC-N-2               STORAGE       1.00     1.00     0  00:00       0.646       0.646      -0.000
  FC-N-3               STORAGE       0.00     0.00     0  00:00           0           0       0.000 gal
  FC-S-3               STORAGE       0.00  7166.19     0  16:56           0         322       0.045
  FC-N-4               STORAGE       1.00     1.00     0  00:00       0.646       0.646      -0.000
  FC-S-4               STORAGE       0.00   580.54     0  21:31           0        1.03       1.343
  FC-N-5               STORAGE       1.00     1.00     0  00:00       0.646       0.646       0.000
  FC-S-5               STORAGE       0.00  6200.23     0  19:09           0         186       0.182
  FC-N-6               STORAGE       1.00     1.00     0  00:00       0.646       0.646       0.000
  FC-S-6               STORAGE       0.00     0.00     0  00:00           0           0       0.000 gal
  FC-S-7               STORAGE       1.00     1.00     0  00:00       0.646       0.646       0.000
  FC-N-7               STORAGE       1.00     1.00     0  00:00       0.646       0.646       0.000
  FC-N-8               STORAGE       0.00     0.00     0  00:00           0           0       0.000 gal
  FC-S-8               STORAGE       0.00   495.25     0  21:31           0        1.03       1.403
  FC-N-9               STORAGE       0.00     0.00     0  00:00           0        23.6       0.000
  FC-S-9               STORAGE       0.00   663.84     0  06:33           0        96.9      93.376
  FC-N-10              STORAGE       1.00     1.00     0  00:00       0.646        62.4      -0.000
  FC-S-10              STORAGE       0.00     1.00     0  00:03           0        84.1      -0.000
  FC-N-11              STORAGE       0.00  1806.83     0  00:00           0         358       0.001
  NC-N-2               STORAGE       0.00  2581.68     0  06:38           0        6.47      20.558
  NC-S-3               STORAGE       0.00  1092.64     0  21:31           0        1.96      -1.818
  NC-S-4               STORAGE       1.00     1.00     0  00:00       0.646       0.646      -0.000
  NC-N-3               STORAGE       1.00     1.00     0  00:00       0.646       0.646       0.000
  NC-N-4               STORAGE       1.00     1.00     0  00:00       0.646       0.646      -0.000
  NC-S-5               STORAGE       0.00     0.00     0  00:00           0           0       0.000 gal
  NC-S-6               STORAGE       0.00     0.00     0  00:00           0           0       0.000 gal
  NC-N-5               STORAGE       0.00     0.00     0  00:00           0           0       0.000 gal
  NC-N-6               STORAGE       0.00     0.00     0  00:00           0           0       0.000 gal
  NC-S-7               STORAGE       0.00     0.00     0  00:00           0           0       0.000 gal
  NC-N-7               STORAGE       0.00   285.30     0  20:19           0           1       1.597
  NC-S-8               STORAGE       0.00  2392.45     0  00:00           0         314       0.219
  NC-N-8               STORAGE       0.00   598.41     0  21:31           0        1.34      -3.157
  NC-S-9               STORAGE       0.00  4537.77     0  00:09           0         659       0.034
  NC-N-9               STORAGE       0.00  2351.54     0  00:00           0         332       0.138
  NC-S-10              STORAGE       0.00     0.00     0  00:00           0        15.7       0.000
  NC-N-10              STORAGE       0.00     0.00     0  00:00           0          52       0.008
  NC-S-11              STORAGE       0.00  2802.46     0  02:45           0         197     145.552
  NC-N-1               STORAGE       0.00  1990.63     0  12:18           0         134       0.135
  U13-W                STORAGE       0.00  2066.96     0  06:28           0        1.39     -28.231
  CC103S-S-2           STORAGE       0.00     0.00     0  00:00           0           0       0.000 gal
  CC103S-S-1           STORAGE       0.00     0.00     0  00:00           0           0       0.000 gal
  L31-W-1              STORAGE       1.00     1.02     0  00:00       0.646          76      -0.843
  B7-W                 STORAGE       0.00 10614.86     0  00:07           0        23.1     163.306
  U20-W                STORAGE       0.00  6784.81     0  00:00           0        2.86      -1.328
  CC103-N-2            STORAGE       1.00     1.00     0  00:00       0.646       0.646       0.000
  CC103-N-3            STORAGE       0.00     0.00     0  00:00           0           0       0.000 gal
  C103-S-1             STORAGE       0.00     0.00     0  00:00           0           0       0.000 gal
  C103-N-1             STORAGE       0.00     0.00     0  00:00           0           0       0.000 gal
  C103-N-2             STORAGE       1.00     1.00     0  00:00       0.646       0.646      -0.000
  C103-S-2             STORAGE       0.00     0.00     0  00:00           0           0       0.000 gal
  C103-N-3             STORAGE       0.00   183.24     0  10:14           0       0.648       0.000
  C103-S-3             STORAGE       1.00     1.00     0  00:00       0.646       0.646       0.000
  C103-N-4             STORAGE       0.00   137.61     0  00:06           0       0.646       0.000
  C103-S-4             STORAGE       1.00     1.00     0  00:00       0.646       0.646      -0.000
  C103-N-5             STORAGE       1.00     1.00     0  00:00       0.646       0.646       0.000
  C103-S-5             STORAGE       1.00     1.00     0  00:00       0.646       0.646      -0.000
  C103-N-6             STORAGE       1.00     1.00     0  00:00       0.646       0.646      -0.000
  C103-S-6             STORAGE       1.00     1.00     0  00:00       0.646       0.646       0.000
  C103-N-7             STORAGE       1.00     1.00     0  00:00       0.646       0.646      -0.000
  C103-S-7             STORAGE       1.00     1.00     0  00:00       0.646       0.646       0.000
  C103-N-8             STORAGE       0.00     0.00     0  00:00           0           0       0.000 gal
  C103-S-8             STORAGE       0.00  1535.34     0  23:45           0        2.21       6.413
  C103N-N-5            STORAGE       0.00     0.00     0  00:00           0           0       0.000 gal
  C103-N-9             STORAGE       0.00     0.00     0  00:00           0           0       0.000 gal
  C103-S-9             STORAGE       0.00  4829.12     0  23:49           0        6.07       1.847
  C103-N-10            STORAGE       0.00     0.00     0  00:00           0         457       0.000
  C103-S-10            STORAGE       0.00  5681.76     0  10:17           0         310     774.186
  C103N-N-1            STORAGE       0.00     0.00     0  00:00           0         435       0.000
  B30A-W               STORAGE       0.00     0.00     0  00:00           0     0.00374       0.000
  CC103N-N-1           STORAGE       0.00     0.00     0  00:00           0           0       0.000 gal
  C103N-S-2            STORAGE       0.00     0.00     0  00:00           0           0       0.000 gal
  CC103N-N-2           STORAGE       0.00     0.00     0  00:00           0           0       0.000 gal
  C103N-N-2            STORAGE       0.00     0.00     0  00:00           0           0       0.000 gal
  C103N-N-3            STORAGE       0.00     0.00     0  00:00           0           0       0.000 gal
  CC103N-N-3           STORAGE       0.00     0.00     0  00:00           0           0       0.000 gal
  C103N-S-4            STORAGE       0.00     0.00     0  00:00           0           0       0.000 gal
  NA-1                 STORAGE       0.00     0.00     0  00:00           0      0.0748       0.000
  C103N-S-6            STORAGE       0.00  1039.11     0  21:35           0        1.92       6.476
  C103S-S-1            STORAGE       0.00   110.05     0  21:31           0       0.648       0.000
  C103S-S-2            STORAGE       0.00     0.00     0  00:00           0           0       0.000 gal
  C103S-S-3            STORAGE       0.00     0.00     0  00:00           0           0       0.000 gal
  C103S-N-1            STORAGE       0.00   125.81     0  06:05           0       0.647       0.000
  CC103-N-1            STORAGE       0.00     0.00     0  00:00           0           0       0.000 gal
  C103N-S-1            STORAGE       0.00     0.00     0  00:00           0           0       0.000 gal
  NA-W-1               STORAGE       0.00     0.00     0  00:00           0           0       0.000 gal
  NA-E-1               STORAGE       0.00     0.00     0  00:00           0           0       0.000 gal
  NA-N-1               STORAGE       0.00     0.00     0  00:00           0           0       0.000 gal
  C103N-S-5            STORAGE       0.00     0.00     0  00:00           0           0       0.000 gal
  CC103S-S-0           STORAGE       0.00     0.00     0  00:00           0           0       0.000 gal
  C103N-S-3            STORAGE       0.00     0.00     0  00:00           0           0       0.000 gal
  
  
  **********************
  Node Surcharge Summary
  **********************
  
  Surcharging occurs when water rises above the top of the highest conduit.
  ---------------------------------------------------------------------
                                               Max. Height   Min. Depth
                                   Hours       Above Crown    Below Rim
  Node                 Type      Surcharged           Feet         Feet
  ---------------------------------------------------------------------
  U6-E                 JUNCTION       16.29          0.000        0.000
  U12-E                JUNCTION       18.48          0.000        0.000
  U11-E                JUNCTION        0.96          0.000        0.000
  NC-1                 JUNCTION       20.51          0.000        0.000
  U18-E                JUNCTION       15.29          0.000        0.000
  U15-N                JUNCTION       23.91          0.000        0.000
  U19-W                JUNCTION       15.28          0.000        0.000
  B5-E                 JUNCTION       21.17          0.000        0.000
  U20A-E               JUNCTION       13.32          0.000        0.000
  U10A-E               JUNCTION        0.11          0.000        0.000
  E11-12-NW            JUNCTION       19.78          0.000        0.000
  MW13                 JUNCTION       22.63          0.000        0.000
  B13-E                JUNCTION       12.13          0.000        0.000
  B23-W                JUNCTION        1.71          0.000        0.000
  B23-E                JUNCTION        1.71          0.000        0.000
  S179-W               JUNCTION       20.33          0.000        0.000
  U22-S                JUNCTION       24.00          0.000        0.000
  U23-N                JUNCTION       24.00          0.000        0.000
  U23-S                JUNCTION       24.00          0.000        0.000
  U24-N                JUNCTION       24.00          0.000        0.000
  U24-S                JUNCTION       24.00          0.000        0.000
  B30A-E               JUNCTION       24.00          0.000        0.000
  B30-W                JUNCTION       24.00          0.000        0.000
  B30-E                JUNCTION       24.00          0.000        0.000
  B31-W                JUNCTION       24.00          0.000        0.000
  B31-E                JUNCTION       24.00          0.000        0.000
  B32-N-MW05           JUNCTION       24.00          0.000        0.000
  B32-S                JUNCTION       24.00          0.000        0.000
  S166-NW              JUNCTION       24.00          0.000        0.000
  S166-SW              JUNCTION       24.00          0.000        0.000
  U30-W                JUNCTION       24.00          0.000        0.000
  B35-N                JUNCTION       24.00          0.000        0.000
  B35-S                JUNCTION       24.00          0.000        0.000
  B36-N                JUNCTION       24.00          0.000        0.000
  B36-S                JUNCTION       24.00          0.000        0.000
  C103N-1              JUNCTION       24.00          0.000        0.000
  B39-N                JUNCTION       24.00          0.000        0.000
  B39-S                JUNCTION       24.00          0.000        0.000
  U29-W                JUNCTION       24.00          0.000        0.000
  U29-E                JUNCTION       24.00          0.000        0.000
  U28-S                JUNCTION       24.00          0.000        0.000
  U28-N                JUNCTION       24.00          0.000        0.000
  U27-S                JUNCTION       24.00          0.000        0.000
  U27-N                JUNCTION       24.00          0.000        0.000
  U26-S                JUNCTION       24.00          0.000        0.000
  U26-N                JUNCTION       24.00          0.000        0.000
  U30-E                JUNCTION       24.00          0.000        0.000
  E11-12-SE            JUNCTION       24.00          0.000        0.000
  B19-S                JUNCTION       24.00          0.000        0.000
  F-P-S-5-A            JUNCTION        1.25          0.000        0.000
  NAFCS-5-6            JUNCTION        1.44          0.000        0.000
  NAFCN11L31           JUNCTION       21.86          0.000        0.000
  NAFCN10-11           JUNCTION        8.05          0.000        0.000
  NANCN-3-2            JUNCTION        0.17          0.000        0.000
  N-P-4                JUNCTION       17.86          0.000        0.000
  N-S-3                JUNCTION       17.81          0.000        0.000
  NANCS-7-8            JUNCTION        6.37          0.000        0.000
  NANCS-8-9            JUNCTION        7.80          0.000        0.000
  NANCN-8-9            JUNCTION        7.22          0.000        0.000
  NANCN-9-10           JUNCTION       23.53          0.000        0.000
  ANNCS10-11           JUNCTION        5.54          0.000        0.000
  NAFC10NC11           JUNCTION        0.01          0.000        0.000
  FC-8-NC-9            JUNCTION        7.80          0.000        0.000
  U17-2                JUNCTION       23.60          0.000        0.000
  U18-2                JUNCTION       22.10          0.000        0.000
  U18-3                JUNCTION       22.10          0.000        0.000
  U19-2                JUNCTION       23.69          0.000        0.000
  U19-3                JUNCTION       23.69          0.000        0.000
  U6-2                 JUNCTION        0.01          0.000        0.000
  U6-3                 JUNCTION       23.47          0.000        0.000
  U7-2                 JUNCTION       22.55          0.000        0.000
  U11-2                JUNCTION       23.79          0.000        0.000
  U11-3                JUNCTION       23.79          0.000        0.000
  U12-2                JUNCTION       23.72          0.000        0.000
  U12-3                JUNCTION       23.72          0.000        0.000
  U20-2                JUNCTION       23.72          0.000        0.000
  U20-3                JUNCTION       23.72          0.000        0.000
  E13-2                JUNCTION       23.38          0.000        0.000
  NANCN-2-1            JUNCTION        3.43          0.000        0.000
  N-T-N-1              JUNCTION       23.84          0.000        0.000
  103-T-N-1            JUNCTION       23.82          0.000        0.000
  103-T-S-1            JUNCTION       23.82          0.000        0.000
  NA103S-3             JUNCTION        0.01          0.000        0.000
  U25B                 JUNCTION       23.86          0.000        0.000
  Node_10151016        JUNCTION       23.86          0.000        0.000
  HW_U23               JUNCTION       23.89          0.000        0.000
  Node_10171018        JUNCTION       23.89          0.000        0.000
  HW_U24               JUNCTION       23.78          0.000        0.000
  Node_10191020        JUNCTION       23.78          0.000        0.000
  HW_B30A              JUNCTION       23.11          0.000        0.000
  Node_10211030        JUNCTION       23.11          0.000        0.000
  HW_B30               JUNCTION       22.29          0.000        0.000
  Node_10321034        JUNCTION       22.29          0.000        0.000
  HW_B31               JUNCTION       23.51          0.000        0.000
  Node_10361038        JUNCTION       23.51          0.000        0.000
  HW_B32               JUNCTION       22.25          0.000        0.000
  Node_10401042        JUNCTION       22.25          0.000        0.000
  Node_166             JUNCTION       23.35          0.000        0.000
  Node_10441046        JUNCTION       23.35          0.000        0.000
  HW_B35               JUNCTION       21.66          0.000        0.000
  Node_10501052        JUNCTION       21.66          0.000        0.000
  HW_B36               JUNCTION       19.72          0.000        0.000
  Node_10541056        JUNCTION       19.72          0.000        0.000
  Node_10561059        JUNCTION       15.99          0.000        0.000
  HW_B39               JUNCTION       21.45          0.000        0.000
  Node_10601061        JUNCTION       21.45          0.000        0.000
  Node_1061940         JUNCTION       15.55          0.000        0.000
  Node_10971048        JUNCTION       23.19          0.000        0.000
  Node_10801079        JUNCTION       22.17          0.000        0.000
  HW_NA-C-4            JUNCTION       19.86          0.000        0.000
  Node_10811080        JUNCTION       19.86          0.000        0.000
  HW_U28               JUNCTION       22.22          0.000        0.000
  Node_10821081        JUNCTION       22.22          0.000        0.000
  Node_10831082        JUNCTION       20.10          0.000        0.000
  Node_10891083        JUNCTION       22.69          0.000        0.000
  Node_10911089        JUNCTION       20.10          0.000        0.000
  Node_10931091        JUNCTION       22.89          0.000        0.000
  HW_NA-C-1            JUNCTION       19.86          0.000        0.000
  Node_10951093        JUNCTION       19.86          0.000        0.000
  HW_NA-C-5            JUNCTION       19.86          0.000        0.000
  Node_10791097        JUNCTION       19.86          0.000        0.000
  NCC102-69T           JUNCTION        0.01          0.000        0.000
  NCC103-910           JUNCTION        0.01          0.000        0.000
  U21B                 JUNCTION       23.96          0.000        0.000
  HW_TRPK-             JUNCTION       23.83          0.000        0.000
  Node_11371135        JUNCTION       23.83          0.000        0.000
  U10AB                JUNCTION       23.97          0.000        0.000
  Node_1135848         JUNCTION       22.77          0.000        0.000
  FC-S-T-2-3           JUNCTION        2.26          0.000        0.000
  FC-T-S-3-4           JUNCTION        2.24          0.000        0.000
  CNCC1-U15            JUNCTION       18.43          0.000        0.000
  NA-T-W-1             JUNCTION       23.79          0.000        0.000
  Node_11571082        JUNCTION       23.79          0.000        0.000
  HW_B19               JUNCTION       23.87          0.000        0.000
  Node_11781176        JUNCTION       23.87          0.000        0.000
  S179-2               JUNCTION       22.41          0.000        0.000
  103TN3NN1            JUNCTION       23.99          0.000        0.000
  
  
  *********************
  Node Flooding Summary
  *********************
  
  Flooding refers to all water that overflows a node, whether it ponds or not.
  --------------------------------------------------------------------------
                                                             Total   Maximum
                                 Maximum   Time of Max       Flood    Ponded
                        Hours       Rate    Occurrence      Volume     Depth
  Node                 Flooded       CFS   days hr:min    10^6 gal      Feet
  --------------------------------------------------------------------------
  U6-E                   16.29      1.01      0  07:42       0.436     0.000
  U7-W                   16.26      1.01      0  07:44       0.440     0.000
  FC-1                    0.85      0.30      0  23:08       0.005     0.000
  U12-E                  18.48      2.51      0  06:28       1.245     0.000
  U11-E                   0.95      0.54      1  00:00       0.010     0.000
  NC-1                   20.51      5.91      0  19:37       1.939     0.000
  U18-E                  15.29      0.95      1  00:00       0.357     0.000
  U15-N                  23.91     30.05      0  00:05       9.217     0.000
  U14-S                  23.89     43.28      0  04:31      27.844     0.000
  U19-W                  15.28      0.50      0  08:43       0.055     0.000
  B5-E                   21.17     11.98      0  11:07       6.237     0.000
  U20A-E                 13.32      1.00      0  10:40       0.359     0.000
  U10A-E                  0.11     18.66      0  00:17       0.043     0.000
  E11-12-NW              19.78      1.00      0  04:13       0.533     0.000
  MW13                   22.62     10.98      0  01:22       5.125     0.000
  B13-W                  11.13      2.86      0  21:31       0.309     0.000
  B13-E                   5.57      0.27      0  12:11       0.014     0.000
  B23-W                   1.71      0.20      0  22:17       0.008     0.000
  B23-E                   1.71      0.45      0  23:43       0.014     0.000
  S179-W                 20.32      0.69      0  23:43       0.294     0.000
  F-P-S-5-A               1.25    490.04      0  23:54      13.797     0.000
  F-P-S-6-2               5.15     74.13      0  02:45       0.649     0.000
  NAFCS-5-6               1.44   1608.72      0  23:54      50.233     0.000
  F-P-S-7-B               5.12     93.65      0  10:14       0.650     0.000
  P-S-8-2                 5.13    103.34      0  10:14       0.651     0.000
  F-P-N-9-B               6.67     60.30      0  10:14       0.650     0.000
  NAFCN-9-10             23.99      1.00      0  00:09       0.646     0.000
  NAFCN11L31             21.86    140.53      0  21:49       1.648     0.000
  NAFCN10-11              8.05    808.27      0  17:18     173.880     0.000
  NANCN-3-2               0.17   1029.04      0  11:06       2.167     0.000
  N-P-5-B                 5.14     68.85      0  22:31       0.648     0.000
  S-P-6-B                 5.12     59.23      0  20:58       0.647     0.000
  N-P-4                  17.86    701.78      0  21:31       1.895     0.000
  N-S-3                  17.81    701.78      0  21:31       1.968     0.000
  N-P-6-B                 9.55     46.38      0  21:31       0.646     0.000
  S-P-7-B                 9.52     51.33      0  20:19       0.647     0.000
  N-P-7-B                 5.14     66.71      0  11:41       0.650     0.000
  S-P-8-B-C               5.14     66.71      0  11:41       0.650     0.000
  NANCS-7-8               6.37    810.87      0  22:44     126.561     0.000
  NANCS-8-9               7.80    720.28      0  17:18     147.538     0.000
  S-P-10-B2               9.42     47.61      0  20:19       0.647     0.000
  S-P-10-B                9.44     54.76      0  20:19       0.647     0.000
  NANCN-8-9               7.22    810.76      0  16:18     150.445     0.000
  NANCS-9-10              9.49     40.02      0  20:19       0.650     0.000
  NANCN10L31             13.25     31.32      0  20:19       0.646     0.000
  NANCS11L31             23.98      1.00      0  00:01       0.646     0.000
  NANCN-9-10             23.53     29.28      0  00:28       0.633     0.000
  ANNCS10-11              5.54     41.64      0  09:51       3.591     0.000
  NAFC10NC11              0.01   1423.76      0  02:45       0.005     0.000
  FC-8-NC-9               7.80    813.85      0  17:18     166.715     0.000
  U17-2                  23.60      5.27      0  21:40       2.503     0.000
  U18-2                  22.10      0.81      1  00:00       0.432     0.000
  U18-3                  22.10      0.42      0  01:54       0.163     0.000
  U19-2                  23.69      0.85      1  00:00       0.472     0.000
  U19-3                  23.69      0.54      0  00:18       0.166     0.000
  U6-2                    0.01      0.41      0  00:31       0.000     0.000
  U6-3                   23.47      1.35      0  00:31       0.632     0.000
  U7-2                   22.55      1.00      0  01:27       0.607     0.000
  U11-2                  23.79      0.86      1  00:00       0.481     0.000
  U11-3                  23.79      0.50      0  00:12       0.159     0.000
  U12-2                  23.72      0.86      1  00:00       0.479     0.000
  U12-3                  23.72      0.50      0  00:16       0.160     0.000
  U20-2                  23.72      0.86      1  00:00       0.479     0.000
  U20-3                  23.72      0.50      0  00:16       0.160     0.000
  E13-2                  23.38      3.02      0  21:49       1.596     0.000
  NANCN-2-1               3.43    676.28      0  17:18      59.917     0.000
  N-T-N-1                23.84  11709.70      0  00:00       1.903     0.000
  S-P-9-B                 9.35     53.00      0  10:14       0.647     0.000
  103-T-N-1              23.82  38085.81      0  00:00       2.014     0.000
  103-T-S-1              23.82  38085.81      0  00:00       2.014     0.000
  NA103S-3                0.01   3756.14      0  00:00       0.054     0.000
  NA103N10L               3.87     91.01      0  10:35       0.653     0.000
  U25B                   23.86      0.95      1  00:00       0.558     0.000
  Node_10151016          23.86      0.62      0  00:08       0.085     0.000
  HW_U23                 23.89      0.97      1  00:00       0.575     0.000
  Node_10171018          23.89      0.70      0  00:06       0.069     0.000
  HW_U24                 23.78      0.97      1  00:00       0.583     0.000
  Node_10191020          23.78      0.47      0  00:13       0.057     0.000
  HW_B30A                23.11      0.77      1  00:00       0.416     0.000
  Node_10211030          23.11      0.50      0  00:53       0.206     0.000
  HW_B30                 22.29      0.72      1  00:00       0.379     0.000
  Node_10321034          22.29      0.50      0  01:42       0.221     0.000
  HW_B31                 23.51      0.97      1  00:00       0.579     0.000
  Node_10361038          23.51      0.50      0  00:29       0.055     0.000
  HW_B32                 22.25      0.71      1  00:00       0.376     0.000
  Node_10401042          22.25      0.50      0  01:44       0.224     0.000
  Node_166               23.35      0.86      1  00:00       0.476     0.000
  Node_10441046          23.35      0.50      0  00:38       0.153     0.000
  HW_B35                 21.66      0.63      1  00:00       0.335     0.000
  Node_10501052          21.66      0.50      0  02:20       0.248     0.000
  HW_B36                 19.72      0.70      1  00:00       0.329     0.000
  Node_10541056          19.72      0.50      0  04:16       0.202     0.000
  Node_10561059          15.99      0.42      0  08:00       0.180     0.000
  HW_B39                 21.45      0.64      1  00:00       0.333     0.000
  Node_10601061          21.45      0.50      0  02:33       0.244     0.000
  Node_1061940           15.55      0.38      0  08:27       0.156     0.000
  Node_10651040           4.17     85.99      0  02:45       0.649     0.000
  Node_10681040           4.21     81.36      0  21:24       0.648     0.000
  Node_10701044           6.24     77.55      0  20:19       0.647     0.000
  Node_11741044           6.27     67.01      0  10:14       0.648     0.000
  NAC103N-4               5.27     77.16      0  20:19       0.649     0.000
  Node_10971048          23.11      2.11      0  01:12       0.626     0.000
  Node_10801079          21.34      3.61      0  01:47       0.598     0.000
  HW_NA-C-4              19.86      0.95      1  00:00       0.468     0.000
  Node_10811080          19.86      0.50      0  04:08       0.067     0.000
  HW_U28                 22.22      0.80      1  00:00       0.425     0.000
  Node_10821081          22.22      0.45      0  01:46       0.173     0.000
  Node_10831082          20.10      1.41      0  04:02       0.541     0.000
  Node_10891083          22.32      3.63      0  01:07       0.616     0.000
  Node_10911089          20.10      1.41      0  04:02       0.541     0.000
  Node_10931091          22.81      4.76      0  01:05       0.617     0.000
  HW_NA-C-1              19.86      0.96      1  00:00       0.474     0.000
  Node_10951093          19.86      0.50      0  04:08       0.061     0.000
  HW_NA-C-5              19.86      0.95      1  00:00       0.468     0.000
  Node_10791097          19.86      0.50      0  04:08       0.067     0.000
  Node_1099940            3.40    140.33      0  08:48       0.655     0.000
  Node_1103849            9.98     53.67      0  20:19       0.646     0.000
  Node_1107866            4.30    130.52      0  21:31       0.653     0.000
  Node_11051107          17.37     27.30      0  11:41       0.646     0.000
  Node_1003776           13.28     28.28      0  21:31       0.648     0.000
  NCC102-69T              0.01     44.36      0  23:57       0.004     0.000
  NCC103-910              0.01   1010.59      0  06:03       0.027     0.000
  NA103N3-2               4.92     71.62      0  11:41       0.648     0.000
  NA103NS1B               8.05     59.33      0  11:41       0.648     0.000
  Node_1003770            2.81    110.24      0  05:59       0.676     0.000
  U21B                   23.96      1.00      0  00:02       0.645     0.000
  HW_TRPK-               23.83      0.96      1  00:00       0.577     0.000
  Node_11371135          23.83      0.50      0  00:10       0.064     0.000
  U10AB                  23.97      1.00      0  00:01       0.646     0.000
  Node_1135848           22.77      1.96      0  01:14       0.613     0.000
  NA103NN1S1              8.89     28.72      0  11:09       0.646     0.000
  Node_10151068           3.34    166.11      0  21:31       0.652     0.000
  Node_1007837           20.08     17.06      0  11:41       0.647     0.000
  FC-S-T-2-3              2.26   1624.47      0  22:33      88.307     0.000
  NAFC_CN1U5             19.99     14.89      0  20:19       0.646     0.000
  FC-T-S-3-4              2.24    812.47      0  22:33      44.416     0.000
  CNCC1-U15              18.43    681.87      0  21:31       5.056     0.000
  Node_1119972            2.73    114.99      0  22:31       0.653     0.000
  Node_10281015           4.15    116.45      0  21:31       0.650     0.000
  Node_10671068           5.16     83.68      0  21:31       0.646     0.000
  Node_10741070           5.10     67.04      0  20:58       0.646     0.000
  NA-T-W-1               23.79      0.96      1  00:00       0.572     0.000
  Node_11571082          23.79      0.52      0  00:12       0.068     0.000
  Node_11581080          23.98      1.00      0  00:30       0.646     0.000
  Node_11621095           6.68     73.31      0  11:41       0.648     0.000
  Node_11621157          10.36     37.39      0  20:19       0.646     0.000
  Node_11621158          11.76     26.24      0  20:58       0.646     0.000
  Node_11671059           5.71     92.43      0  20:19       0.648     0.000
  Node_1170306            9.52     51.05      0  20:19       0.648     0.000
  Node_10171121           8.05     59.33      0  11:41       0.648     0.000
  NANAW1U30               5.14     93.63      0  10:14       0.649     0.000
  HW_B19                 23.87      0.96      1  00:00       0.581     0.000
  Node_11781176          23.87      0.44      0  00:07       0.062     0.000
  S179-2                 22.41      1.00      0  01:35       0.603     0.000
  103TN3NN1              23.99      1.00      0  00:00       0.646     0.000
  
  
  **********************
  Storage Volume Summary
  **********************
  
  ------------------------------------------------------------------------------------------------
                         Average    Avg   Evap  Exfil     Maximum    Max    Time of Max    Maximum
                          Volume   Pcnt   Pcnt   Pcnt      Volume   Pcnt     Occurrence    Outflow
  Storage Unit          1000 ft³   Full   Loss   Loss    1000 ft³   Full    days hr:min        CFS
  ------------------------------------------------------------------------------------------------
  U1-W                     1.031   10.3    0.0    0.0       1.361   13.6       0  00:00       4.92
  CFC-N-2                  5.797   58.0    0.0    0.0       6.007   60.1       0  01:46       1.00
  CFC-N-1                  0.333    3.3    0.0    0.0       0.766    7.7       0  21:31    1696.64
  U15-S                25216.290   39.1    0.0    0.0   27735.000   43.0       0  00:00      61.08
  FC-S-1                  43.261    0.1    0.0    0.0      86.400    0.1       1  00:00       0.00
  FC-S-2                  43.261    0.0    0.0    0.0      86.400    0.0       1  00:00       0.00
  FC-N-1                  43.261    0.2    0.0    0.0      86.400    0.5       1  00:00       0.00
  FC-N-2                  43.261    0.2    0.0    0.0      86.400    0.3       1  00:00       0.00
  FC-N-3                   0.000    0.0    0.0    0.0       0.000    0.0       0  00:00       0.00
  FC-S-3                1886.671    1.3    0.0    0.0    6934.287    4.8       0  22:33    3246.93
  FC-N-4                  43.261    0.2    0.0    0.0      86.400    0.4       1  00:00       0.00
  FC-S-4                  43.482    0.0    0.0    0.0      88.688    0.0       0  23:59       1.71
  FC-N-5                  43.261    0.2    0.0    0.0      86.400    0.4       1  00:00       0.00
  FC-S-5                1132.823    0.8    0.0    0.0    6715.614    4.8       0  23:54    4193.52
  FC-N-6                   5.327   53.3    0.0    0.0       5.503   55.0       0  01:32       1.00
  FC-S-6                   0.000    0.0    0.0    0.0       0.000    0.0       0  00:00       0.00
  FC-S-7                  43.261    0.0    0.0    0.0      86.400    0.0       1  00:00       0.00
  FC-N-7                  43.261    0.0    0.0    0.0      86.400    0.1       1  00:00       0.00
  FC-N-8                   0.000    0.0    0.0    0.0       0.000    0.0       0  00:00       0.00
  FC-S-8                  43.618    0.0    0.0    0.0      88.396    0.0       0  23:59       1.71
  FC-N-9                3150.000    3.0    0.0    0.0    3150.000    3.0       0  00:00       0.00
  FC-S-9                6642.666    3.1    0.0    0.0    6704.150    3.2       0  12:10       0.00
  FC-N-10               8298.261    6.5    0.0    0.0    8341.400    6.6       1  00:00       0.00
  FC-S-10              11203.153    6.0    0.0    0.0   11246.292    6.0       1  00:00       0.86
  FC-N-11               1698.175    4.8    0.0    0.0    1707.707    4.8       0  17:18    1614.55
  NC-N-2                   0.355    3.6    0.0    0.0       0.966    9.7       0  08:48    2533.60
  NC-S-3                  44.188    0.1    0.0    0.0      97.581    0.2       0  23:59       9.76
  NC-S-4                  43.261    0.1    0.0    0.0      86.400    0.1       1  00:00       0.00
  NC-N-3                   6.137   61.4    0.0    0.0       6.374   63.7       0  01:47       1.00
  NC-N-4                  43.261    0.1    0.0    0.0      86.400    0.1       1  00:00       0.00
  NC-S-5                   0.000    0.0    0.0    0.0       0.000    0.0       0  00:00       0.00
  NC-S-6                   0.000    0.0    0.0    0.0       0.000    0.0       0  00:00       0.00
  NC-N-5                   0.000    0.0    0.0    0.0       0.000    0.0       0  00:00       0.00
  NC-N-6                   0.000    0.0    0.0    0.0       0.000    0.0       0  00:00       0.00
  NC-S-7                   0.000    0.0    0.0    0.0       0.000    0.0       0  00:00       0.00
  NC-N-7                  43.336    0.0    0.0    0.0      87.385    0.1       0  23:59       2.14
  NC-S-8                5373.780    3.8    0.0    0.0    6749.075    4.8       0  22:44    1619.75
  NC-N-8                  43.649    0.1    0.0    0.0      91.108    0.1       0  23:59       5.52
  NC-S-9                3166.729    4.6    0.0    0.0    3303.569    4.8       0  17:18    3075.11
  NC-N-9                3330.979    4.3    0.0    0.0    3702.261    4.8       0  16:18    1619.52
  NC-S-10               2100.000    2.0    0.0    0.0    2100.000    2.0       0  00:00       0.00
  NC-N-10               6954.347    6.5    0.0    0.0    6954.952    6.5       0  00:00     192.85
  NC-S-11               9823.004    5.8    0.0    0.0   10984.838    6.5       0  00:00    2845.52
  NC-N-1                 609.410    2.1    0.0    0.0    1366.163    4.8       0  17:18    1350.57
  U13-W                    0.695    6.9    0.0    0.0       3.976   39.8       0  00:00   11946.11
  CC103S-S-2               0.000    0.0    0.0    0.0       0.000    0.0       0  00:00       0.00
  CC103S-S-1               0.000    0.0    0.0    0.0       0.000    0.0       0  00:00       0.00
  L31-W-1               8723.461   72.7    0.0    0.0   10080.003   84.0       0  00:00      45.66
  B7-W                     0.478    4.8    0.0    0.0       7.925   79.2       0  00:00   78914.91
  U20-W                   61.962   21.5    0.0    0.0     229.647   79.7       0  00:00    8565.74
  CC103-N-2               43.261    0.0    0.0    0.0      86.400    0.0       1  00:00       0.00
  CC103-N-3                0.000    0.0    0.0    0.0       0.000    0.0       0  00:00       0.00
  C103-S-1                 0.000    0.0    0.0    0.0       0.000    0.0       0  00:00       0.00
  C103-N-1                 0.000    0.0    0.0    0.0       0.000    0.0       0  00:00       0.00
  C103-N-2                43.261    0.0    0.0    0.0      86.400    0.0       1  00:00       0.00
  C103-S-2                 0.000    0.0    0.0    0.0       0.000    0.0       0  00:00       0.00
  C103-N-3                43.324    0.0    0.0    0.0      86.696    0.0       0  23:59       0.00
  C103-S-3                43.261    0.0    0.0    0.0      86.400    0.0       1  00:00       0.00
  C103-N-4                43.251    0.0    0.0    0.0      86.422    0.0       0  23:59       0.00
  C103-S-4                43.261    0.0    0.0    0.0      86.400    0.0       1  00:00       0.00
  C103-N-5                43.261    0.0    0.0    0.0      86.400    0.0       1  00:00       0.00
  C103-S-5                43.261    0.0    0.0    0.0      86.400    0.0       1  00:00       0.00
  C103-N-6                43.261    0.0    0.0    0.0      86.400    0.0       1  00:00       0.00
  C103-S-6                43.261    0.0    0.0    0.0      86.400    0.1       1  00:00       0.00
  C103-N-7                43.261    0.0    0.0    0.0      86.400    0.0       1  00:00       0.00
  C103-S-7                43.261    0.0    0.0    0.0      86.400    0.0       1  00:00       0.00
  C103-N-8                 0.000    0.0    0.0    0.0       0.000    0.0       0  00:00       0.00
  C103-S-8                46.493    0.0    0.0    0.0     105.336    0.1       0  23:59       7.79
  C103N-N-5                0.000    0.0    0.0    0.0       0.000    0.0       0  00:00       0.00
  C103-N-9                 0.000    0.0    0.0    0.0       0.000    0.0       0  00:00       0.00
  C103-S-9                54.852    0.1    0.0    0.0     505.464    0.5       0  23:59      98.36
  C103-N-10            61030.000    8.5    0.0    0.0   61030.000    8.5       0  00:00       0.00
  C103-S-10             4758.838    5.8    0.0    0.0    6119.612    7.5       0  00:00    2019.18
  C103N-N-1            58125.000   37.5    0.0    0.0   58125.000   37.5       0  00:00       0.00
  B30A-W                   0.500  100.0    0.0    0.0       0.500  100.0       0  00:00       0.00
  CC103N-N-1               0.000    0.0    0.0    0.0       0.000    0.0       0  00:00       0.00
  C103N-S-2                0.000    0.0    0.0    0.0       0.000    0.0       0  00:00       0.00
  CC103N-N-2               0.000    0.0    0.0    0.0       0.000    0.0       0  00:00       0.00
  C103N-N-2                0.000    0.0    0.0    0.0       0.000    0.0       0  00:00       0.00
  C103N-N-3                0.000    0.0    0.0    0.0       0.000    0.0       0  00:00       0.00
  CC103N-N-3               0.000    0.0    0.0    0.0       0.000    0.0       0  00:00       0.00
  C103N-S-4                0.000    0.0    0.0    0.0       0.000    0.0       0  00:00       0.00
  NA-1                    10.000  100.0    0.0    0.0      10.000  100.0       0  00:00       0.00
  C103N-S-6               45.728    0.0    0.0    0.0     103.174    0.1       0  23:59       6.01
  C103S-S-1               43.304    0.1    0.0    0.0      86.611    0.1       0  23:59       0.00
  C103S-S-2                0.000    0.0    0.0    0.0       0.000    0.0       0  00:00       0.00
  C103S-S-3                0.000    0.0    0.0    0.0       0.000    0.0       0  00:00       0.00
  C103S-N-1               43.270    0.0    0.0    0.0      86.494    0.0       1  00:00       0.00
  CC103-N-1                0.000    0.0    0.0    0.0       0.000    0.0       0  00:00       0.00
  C103N-S-1                0.000    0.0    0.0    0.0       0.000    0.0       0  00:00       0.00
  NA-W-1                   0.000    0.0    0.0    0.0       0.000    0.0       0  00:00       0.00
  NA-E-1                   0.000    0.0    0.0    0.0       0.000    0.0       0  00:00       0.00
  NA-N-1                   0.000    0.0    0.0    0.0       0.000    0.0       0  00:00       0.00
  C103N-S-5                0.000    0.0    0.0    0.0       0.000    0.0       0  00:00       0.00
  CC103S-S-0               0.000    0.0    0.0    0.0       0.000    0.0       0  00:00       0.00
  C103N-S-3                0.000    0.0    0.0    0.0       0.000    0.0       0  00:00       0.00
  
  
  ***********************
  Outfall Loading Summary
  ***********************
  
  -----------------------------------------------------------
                         Flow       Avg       Max       Total
                         Freq      Flow      Flow      Volume
  Outfall Node           Pcnt       CFS       CFS    10^6 gal
  -----------------------------------------------------------
  S20F                   0.00      0.00      0.00       0.000
  -----------------------------------------------------------
  System                 0.00      0.00      0.00       0.000
  
  
  ********************
  Link Flow Summary
  ********************
  
  -----------------------------------------------------------------------------
                                 Maximum  Time of Max   Maximum    Max/    Max/
                                  |Flow|   Occurrence   |Veloc|    Full    Full
  Link                 Type          CFS  days hr:min    ft/sec    Flow   Depth
  -----------------------------------------------------------------------------
  U1                   CONDUIT      4.92     0  00:00     13.68    0.02    0.33
  FC-C-1               CONDUIT      1.01     0  04:54      0.55    0.59    1.00
  U2                   CONDUIT      1.00     0  23:58      0.17    0.00    0.26
  FC-C-2               CONDUIT      1.00     0  23:59      0.40    0.90    0.24
  U3                   CONDUIT      1.00     0  23:50      5.15    0.00    0.11
  FC-C-3               CONDUIT      1.01     0  12:04      0.33    1.35    1.00
  U4                   CONDUIT      1.02     0  11:55      0.98    0.01    0.16
  FC-C-4               CONDUIT      0.00     0  00:00      0.00    0.00    0.50
  U5                   CONDUIT      0.00     0  00:00      0.00    0.00    0.00
  FC-C-5               CONDUIT      0.00     0  00:00      0.00    0.00    0.00
  FC-C-6               CONDUIT      0.62     0  02:28      0.24    1.04    1.00
  FC-C-7               CONDUIT      0.00     0  00:00      0.00    0.00    0.00
  B1                   CONDUIT      0.00     0  00:00      0.00    0.00    0.00
  FC-C-8               CONDUIT      0.00     0  00:00      0.00    0.00    0.50
  U8                   CONDUIT      1.00     0  05:24      1.92    0.00    0.16
  FC-C-9               CONDUIT      0.75     0  03:29      0.34    0.71    1.00
  U9                   CONDUIT      0.38     0  05:03      0.48    0.00    0.16
  FC-C-10              CONDUIT      0.00     0  00:00      0.00    0.00    0.50
  B2                   CONDUIT      0.00     0  00:00      0.00    0.00    0.00
  FC-C-11              CONDUIT      0.00     0  00:00      0.00    0.00    0.00
  U10                  CONDUIT      0.00     0  00:00      0.00    0.00    0.00
  FC-C-12              CONDUIT      0.00     0  00:00      0.00    0.00    0.00
  FC-C-13              CONDUIT      0.95     0  05:59      0.30    1.81    1.00
  FC-C-14              CONDUIT      0.47     0  22:25      0.08    0.02    0.55
  B3                   CONDUIT      0.38     1  00:00      0.57    0.04    0.10
  FC-C-15              CONDUIT      0.45     1  00:00      0.50    0.02    0.09
  FC-C16               CONDUIT      1.51     0  06:28      0.26    0.07    0.61
  L31-E-1              CONDUIT      1.75     0  05:03      0.79    0.17    0.22
  NC-C-2               CONDUIT      2.04     0  21:33      0.29    0.09    0.62
  U16                  CONDUIT      1.33     0  21:36      3.33    0.46    0.36
  NC-C-3               CONDUIT      1.00     0  22:06      0.32    0.03    0.57
  NC-C-4               CONDUIT      9.86     0  21:32      3.42    0.26    0.34
  B4                   CONDUIT     30.02     0  05:01      3.02    2.67    0.33
  NC-C-5               CONDUIT      6.01     0  05:01      2.35    0.13    0.65
  NC-C-6               CONDUIT      1.28     0  02:19      0.28    0.07    0.72
  U15                  CONDUIT     61.08     0  00:05     18.88    1.22    1.00
  NC-C-S-2             CONDUIT     43.28     0  04:31      3.61    1.96    1.00
  NC-C-7               CONDUIT      0.86     0  02:09      0.32    1.24    1.00
  NC-C-8               CONDUIT      1.00     0  23:50      0.27    0.08    0.56
  NC-C-9               CONDUIT      1.00     0  23:46      0.23    1.35    0.39
  NC-C-10              CONDUIT      1.00     0  23:13      0.28    1.35    0.33
  B5                   CONDUIT     11.95     0  11:07      2.67    0.13    0.65
  NC-C-11              CONDUIT      1.87     0  02:57      0.33    0.11    0.58
  NC-C-12              CONDUIT      0.00     0  00:00      0.00    0.00    0.50
  L31-E-3              CONDUIT      0.00     0  00:00      0.00    0.00    0.00
  L31-E-2              CONDUIT      0.00     0  00:00      0.00    0.00    0.11
  U17-1                CONDUIT      4.27     0  21:40      0.21    0.00    0.52
  U18-1                CONDUIT      1.02     0  00:02      1.23    0.07    1.00
  U19-1                CONDUIT      1.19     0  00:00      2.01    0.06    1.00
  U19A                 CONDUIT     10.82     0  16:22      5.95    0.54    0.57
  U19B                 CONDUIT      1.41     0  10:47      7.12    0.02    0.26
  U6-1                 CONDUIT      1.35     0  00:31      1.51    0.09    1.00
  U7-1                 CONDUIT      0.00     0  00:00      0.00    0.00    0.50
  U11-1                CONDUIT      1.23     0  00:00      2.14    0.05    1.00
  U12-1                CONDUIT      1.20     0  00:00      2.05    0.06    1.00
  U20A-1               CONDUIT      1.20     0  00:00      2.05    0.06    1.00
  E13-1                CONDUIT      2.02     0  21:49      0.19    0.00    0.52
  SW117S-C             CONDUIT     10.84     0  17:18      1.37    0.28    0.74
  SW117N-C             CONDUIT      0.02     0  23:59      0.00    0.00    0.51
  TRPK                 CONDUIT      0.00     0  00:00      0.00    0.00    0.50
  C103S-C-1            CONDUIT      0.00     0  00:00      0.00    0.00    0.00
  B27                  CONDUIT      0.00     0  00:00      0.00    0.00    0.00
  C103S-C-2            CONDUIT      0.00     0  00:00      0.00    0.00    0.00
  B28                  CONDUIT      0.00     0  00:00      0.00    0.00    0.00
  C103S-C-3            CONDUIT      0.00     0  00:00      0.00    0.00    0.00
  B29                  CONDUIT      0.00     0  00:00      0.00    0.00    0.00
  C103S-C-4            CONDUIT      0.00     0  00:00      0.00    0.00    0.00
  C103-C-1             CONDUIT     45.66     0  00:02      4.67    3.08    1.00
  B7                   CONDUIT    101.94     0  00:00     17.99   13.21    0.67
  C103-C-2             CONDUIT     15.05     0  00:05      4.20    0.35    0.69
  C103-C-3             CONDUIT      2.65     0  01:13      0.43    0.13    0.65
  B8                   CONDUIT      6.39     0  00:40      1.79    2.62    0.35
  C103-C-4             CONDUIT      8.45     0  00:18      1.21    0.25    0.77
  S196                 CONDUIT    113.03     0  00:02     11.63   11.14    0.45
  C103-C-5             CONDUIT    146.62     0  00:00     12.22   69.99    1.00
  U20                  CONDUIT   1173.53     0  00:00     35.50   11.51    0.34
  C103-C-6             CONDUIT     10.09     0  00:54      1.27    0.60    0.96
  B9                   CONDUIT      7.07     0  01:29      1.20    2.98    0.93
  C103-C-7             CONDUIT      6.53     0  01:47      0.88    1.41    0.94
  B10                  CONDUIT      5.85     0  01:53      1.04    2.47    0.95
  C103-C-8             CONDUIT      5.39     0  02:23      0.83    1.25    0.94
  B11                  CONDUIT      5.17     0  02:32      1.12    0.64    0.93
  C103-C-9             CONDUIT      4.92     0  02:31      0.79    5.32    0.92
  B12                  CONDUIT      7.00     0  03:06      1.12    2.95    0.93
  C103-C-10            CONDUIT     15.78     0  02:49      3.13    0.09    0.97
  B13                  CONDUIT      6.48     0  03:06      1.28    2.95    1.00
  C103-C-11            CONDUIT      2.97     0  03:39      0.51    0.28    0.87
  B14                  CONDUIT      1.49     0  03:36      0.60    0.05    0.67
  C103-C-12            CONDUIT      0.00     0  00:00      0.00    0.00    0.30
  S167                 CONDUIT      0.00     0  00:00      0.00    0.00    0.00
  C103-C-13            CONDUIT      0.00     0  00:00      0.00    0.00    0.00
  B15                  CONDUIT      0.00     0  00:00      0.00    0.00    0.00
  C103-C-14            CONDUIT      0.00     0  00:00      0.00    0.00    0.00
  B16                  CONDUIT      0.00     0  00:00      0.00    0.00    0.00
  C103-C-15            CONDUIT      0.00     0  00:00      0.00    0.00    0.00
  C103-C-16            CONDUIT      0.01     1  00:00      0.03    0.03    0.04
  B20                  CONDUIT      0.00     0  00:00      0.00    0.00    0.00
  C103-C-17            CONDUIT      0.00     0  00:00      0.00    0.00    0.00
  B22                  CONDUIT      0.00     0  00:00      0.00    0.00    0.00
  C103-C-19            CONDUIT      0.00     0  00:00      0.00    0.00    0.50
  B23                  CONDUIT      0.37     0  02:27      0.46    0.09    1.00
  C103-C-20            CONDUIT      0.60     0  23:43      0.61    0.02    0.55
  C103-C-21            CONDUIT      0.71     0  01:11      0.73    0.02    0.55
  C103-C-22            CONDUIT      0.00     0  00:00      0.00    0.00    0.00
  B24                  CONDUIT      0.00     0  00:00      0.00    0.00    0.00
  C103-C-23            CONDUIT      0.00     0  00:00      0.00    0.00    0.00
  C103-C-24            CONDUIT      0.00     0  00:00      0.00    0.00    0.00
  B26                  CONDUIT      0.00     0  00:00      0.00    0.00    0.00
  C103-C-25            CONDUIT      0.00     0  00:00      0.00    0.00    0.00
  C103-C-26            CONDUIT      0.00     0  00:00      0.00    0.00    0.00
  B25                  CONDUIT      0.00     0  00:00      0.00    0.00    0.00
  S20F-C               CONDUIT      0.00     0  00:00      0.00    0.00    0.00
  103-C-18             CONDUIT      0.00     0  00:00      0.00    0.00    0.00
  U25A                 CONDUIT      1.06     0  00:00      1.91    0.15    1.00
  C103N-C-1            CONDUIT      0.00     0  00:00      0.00    0.00    0.00
  U23                  CONDUIT      1.00     0  00:00      1.67    0.19    1.00
  C103N-C-2            CONDUIT      0.00     0  00:00      0.00    0.00    0.00
  U24                  CONDUIT      0.94     0  00:01      1.45    0.28    1.00
  C103N-C-3            CONDUIT      0.00     0  00:00      0.00    0.00    0.00
  B30A                 CONDUIT      0.99     0  00:01      0.70    0.01    1.00
  C103N-C-4            CONDUIT      0.00     0  00:00      0.00    0.00    0.03
  B30                  CONDUIT      0.86     0  00:00      0.78    0.01    1.00
  C103N-C-5            CONDUIT      0.00     0  00:00      0.00    0.00    0.03
  B31                  CONDUIT      0.89     0  00:02      0.27    0.09    1.00
  C103N-C-6            CONDUIT      0.00     0  00:00      0.00    0.00    0.03
  B32                  CONDUIT      0.86     0  00:00      0.77    0.01    1.00
  C103N-C-7            CONDUIT      0.00     0  00:00      0.00    0.00    0.03
  S166                 CONDUIT      0.94     0  00:00      0.56    0.02    1.00
  C103N-C-8            CONDUIT      0.00     0  00:00      0.00    0.00    0.03
  C103N-C-9            CONDUIT      0.00     0  00:00      0.00    0.00    0.03
  B35                  CONDUIT      0.87     0  00:00      0.75    0.01    1.00
  C103N-C-10           CONDUIT      0.00     0  00:00      0.00    0.00    0.03
  B36                  CONDUIT      0.80     0  00:01      0.60    0.01    1.00
  C103N-C-11           CONDUIT      0.42     0  06:53      0.48    0.01    0.53
  C103N-C-12           CONDUIT      0.20     0  07:12      0.35    0.01    0.22
  B39                  CONDUIT      0.86     0  00:00      0.73    0.01    1.00
  103N-C-13            CONDUIT      0.38     0  06:53      0.44    0.01    0.53
  U30                  CONDUIT      3.35     0  00:23      4.91    0.00    0.87
  U29                  CONDUIT      4.24     0  01:47      2.28    0.01    0.98
  NA-C-4               CONDUIT      0.88     0  00:50      0.40    0.81    1.00
  U28                  CONDUIT      1.03     0  00:02      1.25    0.07    1.00
  NA-C-3               CONDUIT      1.41     0  04:02      0.44    0.14    0.96
  U27                  CONDUIT      4.07     0  01:00      1.98    0.01    1.00
  NA-C-2               CONDUIT      1.41     0  04:02      0.44    0.14    0.96
  U26                  CONDUIT      6.72     0  01:01      3.33    0.01    0.94
  NA-C-1               CONDUIT      0.87     0  00:51      0.38    0.87    1.00
  NA-C-5               CONDUIT      0.88     0  00:50      0.40    0.81    1.00
  C-C-1                CONDUIT     27.15     0  00:27      3.66   39.23    0.91
  31-E-4               CONDUIT      0.00     0  00:00      0.00    0.00    0.00
  U21A                 CONDUIT      0.00     0  00:00      0.00    0.00    0.50
  TRPK-                CONDUIT      1.03     0  00:01      0.80    0.21    1.00
  U10AA                CONDUIT      0.00     0  00:00      0.00    0.00    0.50
  U11-12A              CONDUIT      1.96     0  01:14      1.38    0.04    0.99
  NANAW1U28            CONDUIT      1.14     0  00:04      0.95    0.21    1.00
  C103-C-15A           CONDUIT      0.00     0  00:00      0.00    0.00    0.00
  B19                  CONDUIT      1.06     0  00:00      0.85    0.18    1.00
  1181#1               CONDUIT      0.00     0  00:00      0.00    0.00    0.00
  S179-1               CONDUIT      0.00     0  00:00      0.00    0.00    0.50
  C-N-2-3              CONDUIT      0.00     0  00:00      0.00    0.00    0.26
  CC103N1NN1           CONDUIT      0.00     0  00:00      0.00    0.00    0.50
  CCN3NS1T             CONDUIT      0.00     0  00:00      0.00    0.00    0.00
  103N3N2T             CONDUIT      0.00     0  00:00      0.00    0.00    0.00
  103N1N2T             CONDUIT      1.86     0  00:05      0.01    0.00    0.07
  103NN2NN3T           CONDUIT      0.00     0  00:00      0.00    0.00    0.00
  NAFCS-7-6            CONDUIT      0.00     0  00:00      0.00    0.00    0.00
  W-S-1                WEIR         0.00     0  00:00                      0.00
  W-S-2                WEIR         0.00     0  00:00                      0.00
  W-N-1                WEIR         0.00     0  00:00                      0.00
  W-N-2                WEIR         0.00     0  00:00                      0.00
  W-N-3                WEIR         0.00     0  00:00                      0.00
  W-S-3                WEIR         0.00     0  00:00                      0.00
  W-N-4                WEIR         0.00     0  00:00                      0.00
  W-S-4                WEIR         0.00     0  00:00                      0.00
  W-N-5                WEIR         0.00     0  00:00                      0.00
  W-S-5                WEIR      1472.00     0  19:21                      1.00
  FC-S-4-5             WEIR       580.54     0  21:31                      0.19
  W-N-6                WEIR         1.00     0  01:32                      0.00
  W-S-6                WEIR       148.05     0  02:45                      0.00
  FC-S-5-6             WEIR      4822.67     0  18:20                      1.00
  F-W-S-7              WEIR       187.30     0  10:14                      0.00
  W-N-7                WEIR         0.00     0  00:00                      0.00
  W-N-8                WEIR         0.00     0  00:00                      0.00
  W-S-8                WEIR       206.68     0  10:14                      0.00
  W-N-9                WEIR       120.61     0  10:14                      0.00
  W-S-9                WEIR         0.00     0  00:00                      0.00
  FC-N-7-8             WEIR         0.00     0  00:00                      0.00
  FC-N-8-10            WEIR         0.00     0  00:00                      0.00
  FC-S-7-8             WEIR       495.25     0  21:31                      0.10
  FC-S8-9              WEIR       663.84     0  06:33                      1.00
  W-N-10               WEIR         0.00     0  00:00                      0.00
  W-S-10               WEIR         0.00     0  00:00                      0.00
  FC-S-9-10            WEIR         1.00     0  00:03                      0.85
  FC-N-10-11           WEIR         1.00     0  00:09                      0.67
  W-N-11               WEIR       821.59     1  00:00                      1.00
  FC-N10-11            WEIR      1806.83     0  00:00                      1.00
  N-W-N-2              WEIR        81.98     0  21:31                      0.01
  N-W-S-3              WEIR      1092.64     0  21:31                      0.26
  N-W-N-3              WEIR         1.00     0  01:47                      0.00
  N-W-S-4              WEIR         0.00     0  00:00                      0.00
  NC-N-2-3             WEIR      2581.68     0  06:38                      1.00
  N-W-N-5              WEIR       137.71     0  22:31                      0.00
  N-W-S-6              WEIR       118.46     0  20:58                      0.00
  N-W-N-4              WEIR      2364.40     0  00:05                      1.00
  N-W-S-5              WEIR      2364.40     0  00:05                      1.00
  NC-S-4-5             WEIR         0.00     0  00:00                      0.00
  NC-N-4-5             WEIR         0.00     0  00:00                      0.00
  NC-S-5-6             WEIR         0.00     0  00:00                      0.00
  N-W-N-6              WEIR        92.77     0  21:31                      0.00
  N-W-S-7              WEIR       102.67     0  20:19                      0.00
  NC-N-5-6             WEIR         0.00     0  00:00                      0.00
  N-W-N-7              WEIR       133.42     0  11:41                      0.00
  N-W-S-8              WEIR       133.42     0  11:41                      0.00
  NC-N-6-7             WEIR       285.30     0  20:19                      0.15
  NC-S-7-8             WEIR      2392.45     0  00:00                      1.00
  NC-N-7-8             WEIR       598.41     0  21:31                      0.21
  NC-S-8-9             WEIR      2144.32     0  00:01                      1.00
  N-W-N-9              WEIR        95.21     0  20:19                      0.00
  N-W-S-10             WEIR       109.51     0  20:19                      0.00
  NC-N-8-9             WEIR      2351.54     0  00:00                      1.00
  NC-S-9-10W           WEIR        80.03     0  20:19                      0.00
  NC-W-N-10            WEIR        62.43     0  20:19                      0.00
  NC-W-S-11            WEIR         1.08     0  00:01                      0.03
  NC-N-9-10            WEIR       192.85     0  00:00                      1.00
  NC-S-10-11           WEIR        99.83     0  18:18                      1.00
  FCNC-10-11           WEIR      2845.52     0  02:45                      1.00
  FCNC-9-10            WEIR         0.00     0  00:00                      0.00
  FC-8-NC-9W           WEIR      2425.34     0  00:00                      1.00
  FCNC-7-7             WEIR         0.00     0  00:00                      0.00
  U14.1                WEIR         0.00     0  00:00                      0.00
  NC-N-1-2             WEIR      1990.63     0  12:18                      1.00
  N-W-N-1              WEIR     11945.98     0  00:00                      1.00
  N-W-S-9              WEIR       106.00     0  10:14                      0.00
  N-W-N-8              WEIR         0.00     0  00:00                      0.00
  103-W-S-1            WEIR     39437.95     0  00:00                      1.00
  103-W-S-1_2          WEIR     39437.95     0  00:00                      1.00
  103-W-N-2            WEIR         0.00     0  00:00                      0.00
  103-W-S-2            WEIR      7371.29     0  00:00                      1.00
  103-W-N-3            WEIR         0.00     0  00:00                      0.00
  103-W-S-3            WEIR         0.00     0  00:00                      0.00
  103-W-N-4            WEIR         0.00     0  00:00                      0.00
  103-W-S-4            WEIR         0.00     0  00:00                      0.00
  103-W-N-5            WEIR         0.00     0  00:00                      0.00
  103-W-S-5            WEIR         0.00     0  00:00                      0.00
  103-W-N-6            WEIR         0.00     0  00:00                      0.00
  103-W-S-6            WEIR         0.00     0  00:00                      0.00
  103-W-N-7            WEIR         0.00     0  00:00                      0.00
  103-W-S-7            WEIR         0.00     0  00:00                      0.00
  103-W-N-8            WEIR       258.98     0  23:43                      0.00
  103-W-S-8            WEIR         0.00     0  00:00                      0.00
  103N-W-N-5           WEIR         0.00     0  00:00                      0.00
  103-W-N-9            WEIR         0.00     0  00:00                      0.00
  103-W-S-9            WEIR         0.00     0  00:00                      0.00
  103-W-N-10           WEIR       182.02     0  10:35                      0.00
  103-W-S-10           WEIR         0.00     0  00:00                      0.00
  103-W-N910           WEIR         0.00     0  00:00                      0.00
  103-W-S-89           WEIR         0.00     0  00:00                      0.00
  103N-W-S-2           WEIR       171.97     0  02:45                      0.00
  103N-W-N-2           WEIR       162.72     0  21:24                      0.00
  103N-W-N-3           WEIR       155.11     0  20:19                      0.00
  103N-W-S-3           WEIR       134.03     0  10:14                      0.00
  103N-W-S-4           WEIR       154.32     0  20:19                      0.00
  103N-W-S-6           WEIR       280.67     0  08:48                      0.00
  103-W-8-S6           WEIR      1039.11     0  21:35                      0.17
  CC103W1-1            WEIR       110.05     0  21:31                      0.00
  103S-W-S-1           WEIR       107.34     0  20:19                      0.00
  103S-W-S-2           WEIR         0.00     0  00:00                      0.00
  103S-W-S-3           WEIR       261.05     0  21:31                      0.00
  103S-W-3-2           WEIR        54.61     0  11:41                      0.00
  NCC1035-8            WEIR      1535.34     0  23:45                      0.19
  NCC1-34-8            WEIR         0.00     0  00:00                      0.00
  NCC103-8-9           WEIR        56.57     0  21:31                      0.00
  NCC103-6-9           WEIR      4829.12     0  23:49                      1.00
  NCC103910            WEIR      2019.18     0  06:03                      1.00
  NC1031010            WEIR      4571.51     0  23:43                      1.00
  103N-W-3-2           WEIR       142.78     0  11:41                      0.00
  103S-W-N-1           WEIR         0.00     0  00:00                      0.00
  103N-W-S-1           WEIR       118.66     0  11:41                      0.00
  NCC103-7-9           WEIR       220.48     0  05:59                      0.00
  103N-WN1S1           WEIR        57.44     0  11:09                      0.00
  103N-WN1N2           WEIR       332.22     0  21:31                      0.00
  03S-10L31            WEIR        34.12     0  11:41                      0.01
  FC-S-2-3             WEIR      4831.87     0  16:37                      1.00
  FC-W-N-3A            WEIR        29.78     0  20:19                      0.01
  FC-W-N-4A            WEIR         1.00     0  01:46                      0.01
  FC-W-S-3-4           WEIR      2400.77     0  16:53                      1.00
  FCNCC1-U15           WEIR      1696.64     0  08:48                      1.00
  CC102-2-1            WEIR       125.81     0  06:05                      0.00
  C103N1-N2            WEIR       229.97     0  22:31                      0.00
  CC103N2-N3           WEIR       183.24     0  10:14                      0.00
  CC103N3-N4           WEIR       137.61     0  00:06                      0.00
  CC103NN1N1           WEIR       232.70     0  21:31                      0.00
  CC103N2-N2           WEIR       167.37     0  21:31                      0.00
  CC103N3N3            WEIR       133.93     0  20:58                      0.00
  NA-E-W-1             WEIR         1.00     0  00:30                      0.67
  NA-N-W-1             WEIR       146.61     0  11:41                      0.00
  NA-WN1-W1            WEIR        74.77     0  20:19                      0.00
  NA-WN1-E1            WEIR        52.47     0  20:58                      0.00
  C103-W-S5            WEIR       184.86     0  20:19                      0.00
  CC103-0-15           WEIR       102.10     0  20:19                      0.00
  103N-W-S-1_2         WEIR       118.66     0  11:41                      0.00
  NA-W-1U30            WEIR       187.26     0  10:14                      0.00
  
  
  ***************************
  Flow Classification Summary
  ***************************
  
  -------------------------------------------------------------------------------------
                      Adjusted    ---------- Fraction of Time in Flow Class ---------- 
                       /Actual         Up    Down  Sub   Sup   Up    Down  Norm  Inlet 
  Conduit               Length    Dry  Dry   Dry   Crit  Crit  Crit  Crit  Ltd   Ctrl  
  -------------------------------------------------------------------------------------
  U1                      1.00   0.00  0.00  0.00  0.98  0.02  0.00  0.00  1.00  0.00
  FC-C-1                  1.00   0.00  0.00  0.00  1.00  0.00  0.00  0.00  0.00  0.00
  U2                      1.00   0.00  0.20  0.00  0.80  0.00  0.00  0.00  0.00  0.00
  FC-C-2                  1.00   0.20  0.00  0.00  0.80  0.00  0.00  0.00  0.00  0.00
  U3                      1.00   0.21  0.00  0.00  0.65  0.14  0.00  0.00  0.71  0.00
  FC-C-3                  1.00   0.21  0.00  0.00  0.79  0.00  0.00  0.00  0.00  0.00
  U4                      1.00   0.25  0.00  0.00  0.75  0.00  0.00  0.00  0.01  0.00
  FC-C-4                  1.00   0.26  0.74  0.00  0.00  0.00  0.00  0.00  0.00  0.00
  U5                      1.00   1.00  0.00  0.00  0.00  0.00  0.00  0.00  0.00  0.00
  FC-C-5                  1.00   1.00  0.00  0.00  0.00  0.00  0.00  0.00  0.00  0.00
  FC-C-6                  1.00   0.00  0.00  0.00  1.00  0.00  0.00  0.00  0.00  0.00
  FC-C-7                  1.00   1.00  0.00  0.00  0.00  0.00  0.00  0.00  0.00  0.00
  B1                      1.00   1.00  0.00  0.00  0.00  0.00  0.00  0.00  0.00  0.00
  FC-C-8                  1.00   0.06  0.94  0.00  0.00  0.00  0.00  0.00  0.00  0.00
  U8                      1.00   0.06  0.00  0.00  0.93  0.01  0.00  0.00  0.08  0.00
  FC-C-9                  1.00   0.06  0.00  0.00  0.94  0.00  0.00  0.00  0.00  0.00
  U9                      1.00   0.09  0.08  0.00  0.83  0.00  0.00  0.00  0.00  0.00
  FC-C-10                 1.00   0.17  0.83  0.00  0.00  0.00  0.00  0.00  0.00  0.00
  B2                      1.00   1.00  0.00  0.00  0.00  0.00  0.00  0.00  0.00  0.00
  FC-C-11                 1.00   1.00  0.00  0.00  0.00  0.00  0.00  0.00  0.00  0.00
  U10                     1.00   1.00  0.00  0.00  0.00  0.00  0.00  0.00  0.00  0.00
  FC-C-12                 1.00   1.00  0.00  0.00  0.00  0.00  0.00  0.00  0.00  0.00
  FC-C-13                 1.00   0.00  0.00  0.00  1.00  0.00  0.00  0.00  0.00  0.00
  FC-C-14                 1.00   0.01  0.80  0.00  0.19  0.00  0.00  0.00  0.00  0.00
  B3                      1.00   0.82  0.00  0.00  0.18  0.00  0.00  0.00  0.00  0.00
  FC-C-15                 1.00   0.82  0.00  0.00  0.18  0.00  0.00  0.00  0.00  0.00
  FC-C16                  1.00   0.00  0.01  0.00  0.99  0.00  0.00  0.00  0.99  0.00
  L31-E-1                 1.00   0.00  0.00  0.00  1.00  0.00  0.00  0.00  0.00  0.00
  NC-C-2                  1.00   0.00  0.18  0.00  0.82  0.00  0.00  0.00  0.00  0.00
  U16                     1.00   0.00  0.00  0.00  0.94  0.06  0.00  0.00  0.00  0.00
  NC-C-3                  1.00   0.00  0.07  0.00  0.93  0.00  0.00  0.00  0.93  0.00
  NC-C-4                  1.00   0.00  0.00  0.00  0.97  0.03  0.00  0.00  0.59  0.00
  B4                      1.00   0.00  0.00  0.00  1.00  0.00  0.00  0.00  0.36  0.00
  NC-C-5                  1.00   0.00  0.00  0.00  0.99  0.00  0.00  0.00  0.97  0.00
  NC-C-6                  1.00   0.00  0.07  0.00  0.93  0.00  0.00  0.00  0.00  0.00
  U15                     1.00   0.00  0.00  0.00  1.00  0.00  0.00  0.00  0.00  0.00
  NC-C-S-2                1.00   0.00  0.00  0.00  1.00  0.00  0.00  0.00  0.00  0.00
  NC-C-7                  1.00   0.00  0.00  0.00  1.00  0.00  0.00  0.00  0.00  0.00
  NC-C-8                  1.00   0.00  0.04  0.00  0.96  0.00  0.00  0.00  0.00  0.00
  NC-C-9                  1.00   0.05  0.00  0.00  0.95  0.00  0.00  0.00  0.00  0.00
  NC-C-10                 1.00   0.06  0.00  0.00  0.94  0.00  0.00  0.00  0.00  0.00
  B5                      1.00   0.06  0.00  0.00  0.91  0.03  0.00  0.00  0.91  0.00
  NC-C-11                 1.00   0.06  0.05  0.00  0.89  0.00  0.00  0.00  0.00  0.00
  NC-C-12                 1.00   0.00  1.00  0.00  0.00  0.00  0.00  0.00  0.00  0.00
  L31-E-3                 1.00   1.00  0.00  0.00  0.00  0.00  0.00  0.00  0.00  0.00
  L31-E-2                 1.00   0.00  1.00  0.00  0.00  0.00  0.00  0.00  0.00  0.00
  U17-1                   1.00   0.00  0.00  0.00  1.00  0.00  0.00  0.00  1.00  0.00
  U18-1                   1.00   0.00  0.00  0.00  1.00  0.00  0.00  0.00  0.00  0.00
  U19-1                   1.00   0.00  0.00  0.00  1.00  0.00  0.00  0.00  0.00  0.00
  U19A                    1.00   0.00  0.06  0.00  0.03  0.90  0.00  0.00  0.00  0.00
  U19B                    1.00   0.06  0.00  0.00  0.78  0.15  0.00  0.00  0.29  0.00
  U6-1                    1.00   0.00  0.00  0.00  1.00  0.00  0.00  0.00  0.00  0.00
  U7-1                    1.00   0.00  1.00  0.00  0.00  0.00  0.00  0.00  0.00  0.00
  U11-1                   1.00   0.00  0.00  0.00  1.00  0.00  0.00  0.00  0.00  0.00
  U12-1                   1.00   0.00  0.00  0.00  1.00  0.00  0.00  0.00  0.00  0.00
  U20A-1                  1.00   0.00  0.00  0.00  1.00  0.00  0.00  0.00  0.00  0.00
  E13-1                   1.00   0.00  0.18  0.00  0.82  0.00  0.00  0.00  0.82  0.00
  SW117S-C                1.00   0.00  0.00  0.00  1.00  0.00  0.00  0.00  0.96  0.00
  SW117N-C                1.00   0.01  0.00  0.00  0.99  0.00  0.00  0.00  0.92  0.00
  TRPK                    1.00   0.00  1.00  0.00  0.00  0.00  0.00  0.00  0.00  0.00
  C103S-C-1               1.00   1.00  0.00  0.00  0.00  0.00  0.00  0.00  0.00  0.00
  B27                     1.00   1.00  0.00  0.00  0.00  0.00  0.00  0.00  0.00  0.00
  C103S-C-2               1.00   1.00  0.00  0.00  0.00  0.00  0.00  0.00  0.00  0.00
  B28                     1.00   1.00  0.00  0.00  0.00  0.00  0.00  0.00  0.00  0.00
  C103S-C-3               1.00   1.00  0.00  0.00  0.00  0.00  0.00  0.00  0.00  0.00
  B29                     1.00   1.00  0.00  0.00  0.00  0.00  0.00  0.00  0.00  0.00
  C103S-C-4               1.00   1.00  0.00  0.00  0.00  0.00  0.00  0.00  0.00  0.00
  C103-C-1                1.00   0.00  0.00  0.00  1.00  0.00  0.00  0.00  0.00  0.00
  B7                      1.00   0.00  0.00  0.00  1.00  0.00  0.00  0.00  0.00  0.00
  C103-C-2                1.00   0.00  0.00  0.00  1.00  0.00  0.00  0.00  0.98  0.00
  C103-C-3                1.00   0.00  0.01  0.00  0.99  0.00  0.00  0.00  0.99  0.00
  B8                      1.00   0.01  0.00  0.00  0.99  0.00  0.00  0.00  0.00  0.00
  C103-C-4                1.00   0.00  0.00  0.00  1.00  0.00  0.00  0.00  0.91  0.00
  S196                    1.00   0.00  0.00  0.00  1.00  0.00  0.00  0.00  0.00  0.00
  C103-C-5                1.00   0.00  0.00  0.00  1.00  0.00  0.00  0.00  0.00  0.00
  U20                     1.00   0.00  0.00  0.00  1.00  0.00  0.00  0.00  0.00  0.00
  C103-C-6                1.00   0.00  0.00  0.00  1.00  0.00  0.00  0.00  0.00  0.00
  B9                      1.00   0.00  0.00  0.00  1.00  0.00  0.00  0.00  0.00  0.00
  C103-C-7                1.00   0.00  0.00  0.00  1.00  0.00  0.00  0.00  0.00  0.00
  B10                     1.00   0.01  0.00  0.00  0.99  0.00  0.00  0.00  0.00  0.00
  C103-C-8                1.00   0.02  0.01  0.00  0.96  0.00  0.00  0.00  0.00  0.00
  B11                     1.00   0.04  0.01  0.00  0.95  0.00  0.00  0.00  0.00  0.00
  C103-C-9                1.00   0.05  0.00  0.00  0.95  0.00  0.00  0.00  0.00  0.00
  B12                     1.00   0.06  0.00  0.00  0.94  0.00  0.00  0.00  0.00  0.00
  C103-C-10               1.00   0.07  0.00  0.00  0.93  0.00  0.00  0.00  0.01  0.00
  B13                     1.00   0.07  0.00  0.00  0.93  0.00  0.00  0.00  0.00  0.00
  C103-C-11               1.00   0.07  0.03  0.00  0.90  0.00  0.00  0.00  0.00  0.00
  B14                     1.00   0.10  0.03  0.00  0.87  0.00  0.00  0.00  0.00  0.00
  C103-C-12               1.00   0.13  0.87  0.00  0.00  0.00  0.00  0.00  0.00  0.00
  S167                    1.00   1.00  0.00  0.00  0.00  0.00  0.00  0.00  0.00  0.00
  C103-C-13               1.00   1.00  0.00  0.00  0.00  0.00  0.00  0.00  0.00  0.00
  B15                     1.00   1.00  0.00  0.00  0.00  0.00  0.00  0.00  0.00  0.00
  C103-C-14               1.00   1.00  0.00  0.00  0.00  0.00  0.00  0.00  0.00  0.00
  B16                     1.00   1.00  0.00  0.00  0.00  0.00  0.00  0.00  0.00  0.00
  C103-C-15               1.00   1.00  0.00  0.00  0.00  0.00  0.00  0.00  0.00  0.00
  C103-C-16               1.00   0.00  0.00  0.00  1.00  0.00  0.00  0.00  0.00  0.00
  B20                     1.00   1.00  0.00  0.00  0.00  0.00  0.00  0.00  0.00  0.00
  C103-C-17               1.00   1.00  0.00  0.00  0.00  0.00  0.00  0.00  0.00  0.00
  B22                     1.00   1.00  0.00  0.00  0.00  0.00  0.00  0.00  0.00  0.00
  C103-C-19               1.00   0.02  0.98  0.00  0.00  0.00  0.00  0.00  0.00  0.00
  B23                     1.00   0.01  0.00  0.00  0.99  0.00  0.00  0.00  0.00  0.00
  C103-C-20               1.00   0.00  0.00  0.00  1.00  0.00  0.00  0.00  0.92  0.00
  C103-C-21               1.00   0.00  0.00  0.00  1.00  0.00  0.00  0.00  0.97  0.00
  C103-C-22               1.00   1.00  0.00  0.00  0.00  0.00  0.00  0.00  0.00  0.00
  B24                     1.00   1.00  0.00  0.00  0.00  0.00  0.00  0.00  0.00  0.00
  C103-C-23               1.00   1.00  0.00  0.00  0.00  0.00  0.00  0.00  0.00  0.00
  C103-C-24               1.00   1.00  0.00  0.00  0.00  0.00  0.00  0.00  0.00  0.00
  B26                     1.00   1.00  0.00  0.00  0.00  0.00  0.00  0.00  0.00  0.00
  C103-C-25               1.00   1.00  0.00  0.00  0.00  0.00  0.00  0.00  0.00  0.00
  C103-C-26               1.00   1.00  0.00  0.00  0.00  0.00  0.00  0.00  0.00  0.00
  B25                     1.00   1.00  0.00  0.00  0.00  0.00  0.00  0.00  0.00  0.00
  S20F-C                  1.00   1.00  0.00  0.00  0.00  0.00  0.00  0.00  0.00  0.00
  103-C-18                1.00   1.00  0.00  0.00  0.00  0.00  0.00  0.00  0.00  0.00
  U25A                    1.00   0.00  0.00  0.00  1.00  0.00  0.00  0.00  0.00  0.00
  C103N-C-1               1.00   1.00  0.00  0.00  0.00  0.00  0.00  0.00  0.00  0.00
  U23                     1.00   0.00  0.00  0.00  1.00  0.00  0.00  0.00  0.00  0.00
  C103N-C-2               1.00   1.00  0.00  0.00  0.00  0.00  0.00  0.00  0.00  0.00
  U24                     1.00   0.00  0.00  0.00  1.00  0.00  0.00  0.00  0.00  0.00
  C103N-C-3               1.00   1.00  0.00  0.00  0.00  0.00  0.00  0.00  0.00  0.00
  B30A                    1.00   0.00  0.00  0.00  1.00  0.00  0.00  0.00  0.00  0.00
  C103N-C-4               1.00   0.00  1.00  0.00  0.00  0.00  0.00  0.00  0.00  0.00
  B30                     1.00   0.00  0.00  0.00  1.00  0.00  0.00  0.00  0.00  0.00
  C103N-C-5               1.00   0.00  1.00  0.00  0.00  0.00  0.00  0.00  0.00  0.00
  B31                     1.00   0.00  0.00  0.00  1.00  0.00  0.00  0.00  0.00  0.00
  C103N-C-6               1.00   0.00  1.00  0.00  0.00  0.00  0.00  0.00  0.00  0.00
  B32                     1.00   0.00  0.00  0.00  1.00  0.00  0.00  0.00  0.00  0.00
  C103N-C-7               1.00   0.00  1.00  0.00  0.00  0.00  0.00  0.00  0.00  0.00
  S166                    1.00   0.00  0.00  0.00  1.00  0.00  0.00  0.00  0.00  0.00
  C103N-C-8               1.00   0.00  1.00  0.00  0.00  0.00  0.00  0.00  0.00  0.00
  C103N-C-9               1.00   0.00  1.00  0.00  0.00  0.00  0.00  0.00  0.00  0.00
  B35                     1.00   0.00  0.00  0.00  1.00  0.00  0.00  0.00  0.00  0.00
  C103N-C-10              1.00   0.00  1.00  0.00  0.00  0.00  0.00  0.00  0.00  0.00
  B36                     1.00   0.00  0.00  0.00  1.00  0.00  0.00  0.00  0.00  0.00
  C103N-C-11              1.00   0.00  0.00  0.00  1.00  0.00  0.00  0.00  0.93  0.00
  C103N-C-12              1.00   0.00  0.00  0.00  1.00  0.00  0.00  0.00  0.70  0.00
  B39                     1.00   0.00  0.00  0.00  1.00  0.00  0.00  0.00  0.00  0.00
  103N-C-13               1.00   0.00  0.00  0.00  1.00  0.00  0.00  0.00  0.93  0.00
  U30                     1.00   0.00  0.00  0.00  1.00  0.00  0.00  0.00  0.00  0.00
  U29                     1.00   0.00  0.00  0.00  1.00  0.00  0.00  0.00  0.00  0.00
  NA-C-4                  1.00   0.00  0.00  0.00  1.00  0.00  0.00  0.00  0.00  0.00
  U28                     1.00   0.00  0.00  0.00  1.00  0.00  0.00  0.00  0.00  0.00
  NA-C-3                  1.00   0.00  0.00  0.00  1.00  0.00  0.00  0.00  0.00  0.00
  U27                     1.00   0.00  0.00  0.00  1.00  0.00  0.00  0.00  0.00  0.00
  NA-C-2                  1.00   0.00  0.00  0.00  1.00  0.00  0.00  0.00  0.00  0.00
  U26                     1.00   0.00  0.00  0.00  1.00  0.00  0.00  0.00  0.00  0.00
  NA-C-1                  1.00   0.00  0.00  0.00  1.00  0.00  0.00  0.00  0.00  0.00
  NA-C-5                  1.00   0.00  0.00  0.00  1.00  0.00  0.00  0.00  0.00  0.00
  C-C-1                   1.00   0.00  0.00  0.00  1.00  0.00  0.00  0.00  0.00  0.00
  31-E-4                  1.00   1.00  0.00  0.00  0.00  0.00  0.00  0.00  0.00  0.00
  U21A                    1.00   0.00  1.00  0.00  0.00  0.00  0.00  0.00  0.00  0.00
  TRPK-                   1.00   0.00  0.00  0.00  1.00  0.00  0.00  0.00  0.00  0.00
  U10AA                   1.00   0.00  1.00  0.00  0.00  0.00  0.00  0.00  0.00  0.00
  U11-12A                 1.00   0.00  0.00  0.00  1.00  0.00  0.00  0.00  0.00  0.00
  NANAW1U28               1.00   0.00  0.00  0.00  1.00  0.00  0.00  0.00  0.00  0.00
  C103-C-15A              1.00   1.00  0.00  0.00  0.00  0.00  0.00  0.00  0.00  0.00
  B19                     1.00   0.00  0.00  0.00  1.00  0.00  0.00  0.00  0.00  0.00
  1181#1                  1.00   1.00  0.00  0.00  0.00  0.00  0.00  0.00  0.00  0.00
  S179-1                  1.00   0.00  1.00  0.00  0.00  0.00  0.00  0.00  0.00  0.00
  C-N-2-3                 1.00   0.00  1.00  0.00  0.00  0.00  0.00  0.00  0.00  0.00
  CC103N1NN1              1.00   0.00  1.00  0.00  0.00  0.00  0.00  0.00  0.00  0.00
  CCN3NS1T                1.00   1.00  0.00  0.00  0.00  0.00  0.00  0.00  0.00  0.00
  103N3N2T                1.00   1.00  0.00  0.00  0.00  0.00  0.00  0.00  0.00  0.00
  103N1N2T                1.00   0.00  0.00  0.00  0.99  0.00  0.00  0.01  0.00  0.00
  103NN2NN3T              1.00   1.00  0.00  0.00  0.00  0.00  0.00  0.00  0.00  0.00
  NAFCS-7-6               1.00   1.00  0.00  0.00  0.00  0.00  0.00  0.00  0.00  0.00
  
  
  *************************
  Conduit Surcharge Summary
  *************************
  
  ----------------------------------------------------------------------------
                                                           Hours        Hours 
                         --------- Hours Full --------   Above Full   Capacity
  Conduit                Both Ends  Upstream  Dnstream   Normal Flow   Limited
  ----------------------------------------------------------------------------
  FC-C-1                     22.35     22.35     22.35      0.01         0.25
  FC-C-3                      3.04      3.05      3.04      4.30         0.01
  FC-C-6                     16.26     16.29     16.26      0.33         0.01
  FC-C-9                     13.97     13.97     13.97      0.01         0.01
  FC-C-13                     0.85      0.95      0.85     20.57         0.01
  FC-C-14                     0.01      0.01      0.85      0.01         0.01
  FC-C16                      0.01      0.01     18.48      0.01         0.01
  NC-C-2                      0.01      0.01     18.01      0.01         0.01
  NC-C-3                      0.01      0.01     18.02      0.01         0.01
  B4                          0.01      0.01      0.01      1.59         0.01
  U15                        23.91     24.00     23.91     23.99        23.91
  NC-C-S-2                   23.89     23.89     23.97     23.92         0.01
  NC-C-7                      0.01      0.01      0.01      1.10         0.01
  NC-C-9                      0.01      0.01      0.01     16.50         0.01
  NC-C-10                     0.01      0.01      0.01     15.22         0.01
  B5                          0.01      0.01     21.17      0.01         0.01
  NC-C-11                     0.01      0.01     21.17      0.01         0.01
  U17-1                       0.01      0.01     23.60      0.01         0.01
  U18-1                      22.10     22.10     22.10      0.01         0.01
  U19-1                      23.69     23.69     23.69      0.01         0.01
  U6-1                        0.01      0.01     23.47      0.01         0.01
  U11-1                      23.79     23.79     23.79      0.01         0.01
  U12-1                      23.72     23.72     23.72      0.01         0.01
  U20A-1                     23.72     23.72     23.72      0.01         0.01
  E13-1                       0.01      0.01     19.60      0.01         0.01
  SW117S-C                    0.01      0.01     22.47      0.01         0.01
  SW117N-C                    0.01      0.01     15.01      0.01         0.01
  C103-C-1                    0.01      0.01     24.00     23.99         0.01
  B7                          0.01      0.01      0.01     22.14         0.01
  C103-C-2                    0.01      0.01     22.62      0.01         0.01
  C103-C-3                    0.01      0.01     22.62      0.01         0.01
  B8                          0.01      0.01      0.01      0.89         0.01
  C103-C-4                    0.01      0.01     23.88      0.01         0.01
  S196                        0.01      0.01      0.01      0.24         0.01
  C103-C-5                   23.99     23.99     24.00      1.27         5.79
  U20                         0.01      0.01      0.01      0.09         0.01
  C103-C-6                    0.01      0.01     23.98      0.01         0.01
  B9                          0.01      0.01      0.01      4.06         0.01
  C103-C-7                    0.01      0.01      0.01      2.07         0.01
  B10                         0.01      0.01      0.01      3.46         0.01
  C103-C-8                    0.01      0.01      0.01      1.62         0.01
  C103-C-9                    0.01      0.01      0.01     14.28         0.01
  B12                         0.01      0.01      0.01      1.81         0.01
  C103-C-10                   0.01      0.01     11.01      0.01         0.01
  B13                         5.42     11.01      5.58      1.97         0.01
  C103-C-11                   0.01      0.01      5.58      0.01         0.01
  B23                         1.71      1.71      1.71      0.01         0.01
  C103-C-20                   0.01      0.01      1.71      0.01         0.01
  C103-C-21                   0.01      0.01     20.32      0.01         0.01
  U25A                       23.86     23.86     23.86      0.01         0.01
  U23                        23.89     23.89     23.89      0.01         0.01
  U24                        23.78     23.78     23.78      0.01         0.01
  B30A                       23.11     23.11     23.11      0.01         0.01
  B30                        22.29     22.29     22.29      0.01         0.01
  B31                        23.51     23.51     23.51      0.01         0.01
  B32                        22.25     22.25     22.25      0.01         0.01
  S166                       23.35     23.35     23.35      0.01         0.01
  B35                        21.66     21.66     21.66      0.01         0.01
  B36                        19.72     19.72     19.72      0.01         0.01
  C103N-C-11                  0.01      0.01     15.99      0.01         0.01
  B39                        21.45     21.45     21.45      0.01         0.01
  103N-C-13                   0.01      0.01     15.55      0.01         0.01
  U30                         0.01      0.01     23.07      0.01         0.01
  U29                         0.01      0.01     21.20      0.01         0.01
  NA-C-4                     19.86     19.86     19.86      0.01         0.01
  U28                        22.22     22.22     22.22      0.01         0.01
  NA-C-3                      0.01      0.01     20.10      0.01         0.01
  U27                         0.01      0.01     22.20      0.01         0.01
  NA-C-2                      0.01      0.01     20.10      0.01         0.01
  U26                         0.01      0.01     22.79      0.01         0.01
  NA-C-1                     19.86     19.86     19.86      0.01         0.01
  NA-C-5                     19.86     19.86     19.86      0.01         0.01
  C-C-1                       0.01      0.11      0.01      5.17         0.01
  TRPK-                      23.83     23.83     23.83      0.01         0.01
  U11-12A                     0.01      0.01     22.77      0.01         0.01
  NANAW1U28                  23.79     23.79     23.79      0.01         0.01
  B19                        23.87     23.87     23.87      0.01         0.01
  

  Analysis begun on:  Wed Jul 22 11:50:32 2026
  Analysis ended on:  Wed Jul 22 11:52:22 2026
  Total elapsed time: 00:01:50