
  EPA STORM WATER MANAGEMENT MODEL - VERSION 5.2 (Build 5.2.4)
  ------------------------------------------------------------

  DERM C-8 100 YEAR STORM 4/24/96 117302.A5.F0 RUN_E10 
  WARNING 04: minimum elevation drop used for Conduit GDC32803
  WARNING 04: minimum elevation drop used for Conduit GDC32802
  WARNING 04: minimum elevation drop used for Conduit C867500
  WARNING 04: minimum elevation drop used for Conduit GDC27600
  WARNING 04: minimum elevation drop used for Conduit OLC03000
  WARNING 04: minimum elevation drop used for Conduit C813
  WARNING 04: minimum elevation drop used for Conduit OLC03001
  WARNING 04: minimum elevation drop used for Conduit GDC14400
  WARNING 04: minimum elevation drop used for Conduit GDC17500
  WARNING 04: minimum elevation drop used for Conduit C848
  WARNING 04: minimum elevation drop used for Conduit GDC21901
  WARNING 04: minimum elevation drop used for Conduit C847
  WARNING 04: minimum elevation drop used for Conduit GDC21900
  WARNING 04: minimum elevation drop used for Conduit C809
  WARNING 04: minimum elevation drop used for Conduit RRC29101
  WARNING 04: minimum elevation drop used for Conduit C808
  WARNING 04: minimum elevation drop used for Conduit RRC29102
  WARNING 04: minimum elevation drop used for Conduit C807
  WARNING 04: minimum elevation drop used for Conduit RRC26700
  WARNING 04: minimum elevation drop used for Conduit C810
  WARNING 04: minimum elevation drop used for Conduit RRC29100
  WARNING 04: minimum elevation drop used for Conduit OLC03400
  WARNING 04: minimum elevation drop used for Conduit C815
  WARNING 04: minimum elevation drop used for Conduit C854900
  WARNING 04: minimum elevation drop used for Conduit C824
  WARNING 04: minimum elevation drop used for Conduit OLC02100
  WARNING 04: minimum elevation drop used for Conduit OLC05920
  WARNING 04: minimum elevation drop used for Conduit OLC06540
  WARNING 04: minimum elevation drop used for Conduit OLC08150
  WARNING 04: minimum elevation drop used for Conduit OLC10200
  WARNING 04: minimum elevation drop used for Conduit OLC06873
  WARNING 04: minimum elevation drop used for Conduit BUR01900
  WARNING 04: minimum elevation drop used for Conduit BUR01901
  WARNING 04: minimum elevation drop used for Conduit C838700
  WARNING 04: minimum elevation drop used for Conduit C837400
  WARNING 04: minimum elevation drop used for Conduit C834000
  WARNING 04: minimum elevation drop used for Conduit OLC03500
  WARNING 04: minimum elevation drop used for Conduit OLC03499
  WARNING 04: minimum elevation drop used for Conduit C832
  WARNING 04: minimum elevation drop used for Conduit 1602000
  WARNING 04: minimum elevation drop used for Conduit C833
  WARNING 04: minimum elevation drop used for Conduit 1602001
  WARNING 04: minimum elevation drop used for Conduit C834
  WARNING 04: minimum elevation drop used for Conduit C827301
  WARNING 04: minimum elevation drop used for Conduit C827300
  WARNING 04: minimum elevation drop used for Conduit C821400
  WARNING 04: minimum elevation drop used for Conduit C819100
  WARNING 04: minimum elevation drop used for Conduit C810000
  WARNING 04: minimum elevation drop used for Conduit SPC01200
  WARNING 04: minimum elevation drop used for Conduit C829a
  WARNING 04: minimum elevation drop used for Conduit C830a
  WARNING 04: minimum elevation drop used for Conduit C866500
  WARNING 04: minimum elevation drop used for Conduit C857100
  WARNING 04: minimum elevation drop used for Conduit GDC32801
  WARNING 04: minimum elevation drop used for Conduit C845
  WARNING 04: minimum elevation drop used for Conduit GDC32800
  WARNING 04: minimum elevation drop used for Conduit 203
  WARNING 04: minimum elevation drop used for Conduit 205
  WARNING 04: minimum elevation drop used for Conduit 209
  WARNING 04: minimum elevation drop used for Conduit 211
  WARNING 04: minimum elevation drop used for Conduit 217
  WARNING 04: minimum elevation drop used for Conduit 219
  WARNING 04: minimum elevation drop used for Conduit 221
  WARNING 04: minimum elevation drop used for Conduit 223
  WARNING 04: minimum elevation drop used for Conduit 225
  WARNING 04: minimum elevation drop used for Conduit 227
  WARNING 04: minimum elevation drop used for Conduit 229
  WARNING 04: minimum elevation drop used for Conduit 232
  WARNING 04: minimum elevation drop used for Conduit 237
  WARNING 04: minimum elevation drop used for Conduit C801
  WARNING 04: minimum elevation drop used for Conduit C802
  WARNING 04: minimum elevation drop used for Conduit RRC34500
  WARNING 04: minimum elevation drop used for Conduit C803
  WARNING 04: minimum elevation drop used for Conduit RRC33900
  WARNING 04: minimum elevation drop used for Conduit RRC33500
  WARNING 04: minimum elevation drop used for Conduit C805
  WARNING 04: minimum elevation drop used for Conduit RRC32900
  WARNING 04: minimum elevation drop used for Conduit C806
  WARNING 04: minimum elevation drop used for Conduit RRC31700
  WARNING 04: minimum elevation drop used for Conduit 262
  WARNING 04: minimum elevation drop used for Conduit 264
  WARNING 04: minimum elevation drop used for Conduit 266
  WARNING 04: minimum elevation drop used for Conduit 268
  WARNING 04: minimum elevation drop used for Conduit 270
  WARNING 04: minimum elevation drop used for Conduit 272
  WARNING 04: minimum elevation drop used for Conduit 274
  WARNING 04: minimum elevation drop used for Conduit 276
  WARNING 04: minimum elevation drop used for Conduit 288
  WARNING 04: minimum elevation drop used for Conduit 294
  WARNING 04: minimum elevation drop used for Conduit 302
  WARNING 04: minimum elevation drop used for Conduit 305
  WARNING 04: minimum elevation drop used for Conduit 306
  WARNING 04: minimum elevation drop used for Conduit 309
  WARNING 04: minimum elevation drop used for Conduit 310
  WARNING 04: minimum elevation drop used for Conduit 312
  WARNING 04: minimum elevation drop used for Conduit 315
  WARNING 04: minimum elevation drop used for Conduit 316
  WARNING 04: minimum elevation drop used for Conduit 318
  WARNING 04: minimum elevation drop used for Conduit 320
  WARNING 04: minimum elevation drop used for Conduit 325
  WARNING 04: minimum elevation drop used for Conduit 326
  WARNING 04: minimum elevation drop used for Conduit 337
  WARNING 04: minimum elevation drop used for Conduit 347
  WARNING 04: minimum elevation drop used for Conduit 349
  WARNING 04: minimum elevation drop used for Conduit 352
  WARNING 04: minimum elevation drop used for Conduit 353
  WARNING 04: minimum elevation drop used for Conduit 355
  WARNING 04: minimum elevation drop used for Conduit 357
  WARNING 04: minimum elevation drop used for Conduit 359
  WARNING 04: minimum elevation drop used for Conduit 362
  WARNING 04: minimum elevation drop used for Conduit 363
  WARNING 04: minimum elevation drop used for Conduit 365
  WARNING 04: minimum elevation drop used for Conduit OLC09900
  WARNING 04: minimum elevation drop used for Conduit OLC06600
  WARNING 04: minimum elevation drop used for Conduit 369
  WARNING 04: minimum elevation drop used for Conduit OLC11440
  
  ****************
  Analysis Options
  ****************
  Flow Units ............... CFS
  Process Models:
    Rainfall/Runoff ........ NO
    RDII ................... NO
    Snowmelt ............... NO
    Groundwater ............ NO
    Flow Routing ........... YES
    Ponding Allowed ........ NO
    Water Quality .......... NO
  Flow Routing Method ...... DYNWAVE
  Surcharge Method ......... EXTRAN
  Starting Date ............ 01/01/2001 00:00:00
  Ending Date .............. 01/02/2001 00:00:00
  Antecedent Dry Days ...... 0.0
  Report Time Step ......... 00:15:00
  Routing Time Step ........ 60.00 sec
  Variable Time Step ....... YES
  Maximum Trials ........... 50
  Number of Threads ........ 1
  Head Tolerance ........... 0.000100 ft
  
  
  **************************        Volume        Volume
  Flow Routing Continuity        acre-feet      10^6 gal
  **************************     ---------     ---------
  Dry Weather Inflow .......         0.000         0.000
  Wet Weather Inflow .......         0.000         0.000
  Groundwater Inflow .......         0.000         0.000
  RDII Inflow ..............         0.000         0.000
  External Inflow ..........       166.605        54.291
  External Outflow .........        36.766        11.981
  Flooding Loss ............      1256.840       409.560
  Evaporation Loss .........         0.000         0.000
  Exfiltration Loss ........         0.000         0.000
  Initial Stored Volume ....      3914.994      1275.759
  Final Stored Volume ......      3011.065       981.200
  Continuity Error (%) .....        -5.465
  
  
  *************************
  Highest Continuity Errors
  *************************
  Node N-C8-025 (-87.38%)
  Node N-C824-E (-78.49%)
  Node N-C8-015 (-52.17%)
  Node N-C8-020 (-41.74%)
  Node N-C803-S (-28.65%)
  
  
  ***************************
  Time-Step Critical Elements
  ***************************
  Link C844a (84.30%)
  Link C807 (13.42%)
  Link C815 (1.74%)
  
  
  ********************************
  Highest Flow Instability Indexes
  ********************************
  Link C819a (33)
  Link C842 (2)
  Link C831a (2)
  Link C828a (2)
  Link C804a (2)
  
  
  *********************************
  Most Frequent Nonconverging Nodes
  *********************************
  Node N-C819-W (0.02%)
  Node C819b (0.01%)
  Node C830c (0.00%)
  Node C828b (0.00%)
  Node C819c (0.00%)
  
  
  *************************
  Routing Time Step Summary
  *************************
  Minimum Time Step           :     0.50 sec
  Average Time Step           :     1.65 sec
  Maximum Time Step           :     1.85 sec
  % of Time in Steady State   :     0.00
  Average Iterations per Step :     2.03
  % of Steps Not Converging   :     0.02
  Time Step Frequencies       :
     60.000 - 23.031 sec      :     0.00 %
     23.031 -  8.841 sec      :     0.00 %
      8.841 -  3.393 sec      :     0.00 %
      3.393 -  1.303 sec      :    95.14 %
      1.303 -  0.500 sec      :     4.86 %
  
  
  ******************
  Node Depth Summary
  ******************
  
  ---------------------------------------------------------------------------------
                                 Average  Maximum  Maximum  Time of Max    Reported
                                   Depth    Depth      HGL   Occurrence   Max Depth
  Node                 Type         Feet     Feet     Feet  days hr:min        Feet
  ---------------------------------------------------------------------------------
  CN-LSCOTT            JUNCTION     1.00     1.00    13.00     0  00:00        1.00
  CN-C833-N            JUNCTION     1.00     1.00    13.00     0  00:00        1.00
  CN-C826-Wb           JUNCTION     1.00     1.00    13.00     0  00:00        1.00
  CN-C831-W            JUNCTION     1.00     1.00    13.00     0  00:00        1.00
  CN-C8-005            JUNCTION     1.00     1.00    13.00     0  00:00        1.00
  CN-C8-010a           JUNCTION     1.00     1.00    13.00     0  00:00        1.00
  CN-C8-020            JUNCTION     1.00     1.00    13.00     0  00:00        1.00
  CN-C8-025a           JUNCTION     1.00     1.00    13.00     0  00:00        1.00
  CN-C8-030a           JUNCTION     1.00     1.00    13.00     0  00:00        1.00
  CN-C8-035a           JUNCTION     1.00     1.00    13.00     0  00:00        1.00
  CN-OL-005b           JUNCTION     1.00     1.00    13.00     0  00:00        1.00
  CN-OL-010a           JUNCTION     1.00     1.00    13.00     0  00:00        1.00
  CN-C834-S            JUNCTION     1.00     1.00    13.00     0  00:00        1.00
  CN-C8-045            JUNCTION     1.00     1.00     1.00     0  00:00        1.00
  CN-C8-040a           JUNCTION     1.00     1.00    13.00     0  00:00        1.00
  CN-C8-050a           JUNCTION     1.00     1.00    13.00     0  00:00        1.00
  CN-C802-Sa           JUNCTION     1.00     1.00    13.00     0  00:00        1.00
  CN-C807-N            JUNCTION     1.00     1.00    13.00     0  00:00        1.00
  CN-C809-S            JUNCTION     1.00     1.00    13.00     0  00:00        1.00
  CN-C8-055a           JUNCTION     1.00     1.00    13.00     0  00:00        1.00
  CN-LKNESSa           JUNCTION     1.00     1.00    13.00     0  00:00        1.00
  CN-GD-005a           JUNCTION     1.00     1.00    13.00     0  00:00        1.00
  CN-C846-Wa           JUNCTION     1.00     1.00    13.00     0  00:00        1.00
  CN-C847-Wa           JUNCTION     1.00     1.00    13.00     0  00:00        1.00
  CN-C849-W            JUNCTION     1.00     1.00    13.00     0  00:00        1.00
  CN-C843-N            JUNCTION     1.00     1.00    13.00     0  00:00        1.00
  CN-C844-N            JUNCTION     0.79     1.00    13.00     0  00:00        0.78
  CN-C8-060a           JUNCTION     1.00     1.00    13.00     0  00:00        1.00
  CN-C820-Wa           JUNCTION     1.00     1.00    13.00     0  00:00        1.00
  CN-C817-W            JUNCTION     1.00     1.00    13.00     0  00:00        1.00
  CN-C814-W            JUNCTION     1.00     1.00    13.00     0  00:00        1.00
  CN-C8-010b           JUNCTION     1.00     1.00    13.00     0  00:00        1.00
  CN-C8-030c           JUNCTION     1.00     1.00    13.00     0  00:00        1.00
  CN-C8-030d           JUNCTION     1.00     1.00    13.00     0  00:00        1.00
  CN-C8-030e           JUNCTION     1.00     1.00    13.00     0  00:00        1.00
  CN-C8-035b           JUNCTION     1.00     1.00    13.00     0  00:00        1.00
  CN-C8-035c           JUNCTION     1.00     1.00    13.00     0  00:00        1.00
  CN-C8-040b           JUNCTION     1.00     1.00    13.00     0  00:00        1.00
  CN-C8-045a           JUNCTION     1.00     1.00    13.00     0  00:00        1.00
  CN-C8-045c           JUNCTION     1.00     1.00    13.00     0  00:00        1.00
  CN-C8-045b           JUNCTION     1.00     1.00    13.00     0  00:00        1.00
  CN-C8-050b           JUNCTION     1.00     1.00    13.00     0  00:00        1.00
  CN-C8-055c           JUNCTION     1.00     1.00    13.00     0  00:00        1.00
  CN-C8-055d           JUNCTION     1.00     1.00    13.00     0  00:00        1.00
  CN-C8-060b           JUNCTION     1.00     1.00    13.00     0  00:00        1.00
  CN-C8-060c           JUNCTION     1.00     1.00    13.00     0  00:00        1.00
  CN-C8-060d           JUNCTION     1.00     1.00    13.00     0  00:00        1.00
  CN-C814-E            JUNCTION     1.00     1.00    13.00     0  00:00        1.00
  CN-C824-Wa           JUNCTION     1.00     1.00    13.00     0  00:00        1.00
  CN-C824-Wb           JUNCTION     1.00     1.00    13.00     0  00:00        1.00
  CN-C826-Wa           JUNCTION     1.00     1.00    13.00     0  00:00        1.00
  CN-C846-Wb           JUNCTION     1.00     1.00    13.00     0  00:00        1.00
  CN-C847-Wb           JUNCTION     1.00     1.00    13.00     0  00:00        1.00
  CN-GD-005b           JUNCTION     1.00     1.00    13.00     0  00:00        1.00
  CN-GD-005c           JUNCTION     1.00     1.00    13.00     0  00:00        1.00
  CN-LKNESSb           JUNCTION     1.00     1.00    13.00     0  00:00        1.00
  CN-LKNESSc           JUNCTION     1.00     1.00    13.00     0  00:00        1.00
  CN-OL-005a           JUNCTION     1.00     1.00    13.00     0  00:00        1.00
  CN-OL-010b           JUNCTION     1.00     1.00    13.00     0  00:00        1.00
  CN-OL-010c           JUNCTION     1.00     1.00    13.00     0  00:00        1.00
  CN-OL-010d           JUNCTION     1.00     1.00    13.00     0  00:00        1.00
  CN-C8-055b           JUNCTION     1.00     1.00     1.00     0  00:00        1.00
  CN-C8-030b           JUNCTION     1.00     1.00     1.00     0  00:00        1.00
  ADVNL                JUNCTION     0.00     0.00     1.00     0  00:00        0.00
  NEWSUB               JUNCTION     0.00     0.00     1.00     0  00:00        0.00
  C846b                JUNCTION     6.00     6.00    -0.40     0  00:00        6.00
  C844b                JUNCTION     4.00     4.00     3.30     0  00:00        4.00
  C843b                JUNCTION     3.50     3.50     2.25     0  00:00        3.50
  C826b                JUNCTION     1.79     1.86     2.39     0  00:12        1.80
  C826c                JUNCTION     2.98     3.00     2.33     0  00:12        3.00
  C827b                JUNCTION     3.66     3.72     2.85     0  00:15        3.70
  C827c                JUNCTION     4.46     4.50     2.83     0  00:15        4.50
  C828b                JUNCTION     4.47     4.50     2.35     0  00:10        4.50
  C828c                JUNCTION     1.90     1.94     2.37     0  00:10        1.93
  C829b                JUNCTION     4.45     4.50     3.23     0  00:14        4.50
  C829c                JUNCTION     4.45     4.50     3.23     0  00:14        4.50
  C830b                JUNCTION     2.98     3.00     2.83     0  00:06        3.00
  C830c                JUNCTION     2.98     3.00     2.83     0  00:06        3.00
  C831b                JUNCTION     4.94     5.00     2.23     0  00:19        5.00
  C831c                JUNCTION     3.50     3.57     2.25     0  00:19        3.55
  C819b                JUNCTION     6.65     6.72     7.44     0  00:16        6.72
  C819c                JUNCTION     6.30     6.38     7.45     0  00:16        6.37
  C821b                JUNCTION     4.00     4.00     0.67     0  00:00        4.00
  C804b                JUNCTION     2.99     3.00     1.07     0  00:04        3.00
  C804c                JUNCTION     1.39     1.45     1.12     0  00:04        1.42
  N-C819-W             OUTFALL      0.45     1.00    13.00     0  00:00        1.00
  N-C850-W             STORAGE      7.39     9.59    21.59     0  00:50        9.56
  N-C850-E             STORAGE      6.78     8.97    21.58     0  00:49        8.95
  N-C849-W             STORAGE      6.83     9.50    22.11     0  00:00        8.97
  N-C849-E             STORAGE      7.44    10.00    22.00     0  00:00        9.51
  N-C848-W             STORAGE      7.50    10.00    22.00     0  00:00        9.88
  N-C848-E             STORAGE      7.50    10.00    22.00     0  00:00        9.88
  N-C847-W             STORAGE      7.42    10.00    22.00     0  00:00        9.76
  N-C847-E             STORAGE      7.42    10.00    22.00     0  00:00        9.76
  N-C846-W             STORAGE      7.58    10.00    22.00     0  00:00        9.97
  N-C846-E             STORAGE      0.63    10.00    22.00     0  00:00        0.97
  N-C814-W             STORAGE      3.97     7.15    19.15     0  00:32        7.13
  N-C814-E             STORAGE      3.98    10.00    22.00     0  00:00        7.11
  N-C813-W             STORAGE      4.93    10.00    22.00     0  00:00        8.85
  N-C813-E             STORAGE      4.94    10.00    22.00     0  00:00        8.85
  N-GD-005             STORAGE      4.83    10.00    22.00     0  00:00        9.18
  N-LKDOON             STORAGE      8.02     9.90    21.90     0  00:00        9.28
  N-LKNESS             STORAGE      8.07     9.31    21.31     0  00:02        9.30
  N-C8-055             STORAGE      9.02    10.00    22.00     0  00:00        9.98
  N-C811-W             STORAGE      5.36    10.00    22.00     0  00:00        8.39
  N-C811-E             STORAGE      5.25     8.26    20.26     0  00:30        8.26
  N-C844-S             STORAGE      0.60     9.49    21.59     0  00:00        0.83
  N-C844-N             STORAGE      0.30     9.50    21.60     0  00:00        0.33
  N-C842-S             STORAGE      2.21     9.50    21.60     0  00:00        8.53
  N-C842-N             STORAGE      2.31    10.00    22.00     0  00:00        8.50
  N-C843-N             STORAGE      2.21     9.50    21.60     0  00:00        8.56
  N-C843-S             STORAGE      0.13     9.50    21.60     0  00:00        0.18
  N-C8-050             STORAGE      9.41    10.00    22.00     0  00:00       10.00
  N-C807-N             STORAGE      8.30    10.00    22.00     0  00:00        9.27
  N-C807-S             STORAGE      8.30    10.00    22.00     0  00:00        9.27
  N-C808-N             STORAGE      8.04     9.13    21.13     0  01:08        9.13
  N-C808-S             STORAGE      8.04     9.13    21.13     0  01:08        9.12
  N-C809-N             STORAGE      7.27     8.84    20.84     0  00:16        8.83
  N-C809-S             STORAGE      7.27     8.84    20.84     0  00:16        8.83
  N-C810-N             STORAGE      5.97     8.67    20.67     0  00:07        8.49
  N-C810-S             STORAGE      5.97     9.10    21.10     0  00:00        8.49
  N-C815-W             STORAGE      4.44     7.66    19.66     0  00:30        7.66
  N-C815-E             STORAGE      4.43     7.65    19.65     0  00:31        7.65
  N-C816-E             STORAGE      2.92     8.10    20.90     0  00:00        6.95
  N-C816-W             STORAGE      3.76     8.21    20.21     0  00:01        7.76
  N-C824-W             STORAGE      1.16    10.00    29.20     0  00:00        9.10
  N-C824-E             STORAGE      1.11    10.00    29.20     0  00:00        9.10
  N-C819-E             STORAGE      2.85     7.41    19.41     0  00:09        7.29
  N-C818-E             STORAGE      1.63     8.76    20.76     0  00:00        6.38
  N-C818-W             STORAGE      1.34     8.10    21.10     0  00:00        5.40
  N-C817-E             STORAGE      1.49     8.10    21.10     0  00:00        6.03
  N-C817-W             STORAGE      2.11     8.14    20.94     0  00:00        6.25
  N-C8-045             STORAGE      3.78    10.00    22.00     0  00:00        9.83
  N-C820-W             STORAGE      2.84     7.60    19.60     0  00:00        7.11
  N-C820-E             STORAGE      2.84     8.10    20.10     0  00:00        7.23
  N-C821-W             STORAGE      2.84     8.10    20.10     0  00:00        7.12
  N-C821-E             STORAGE      1.03     7.10    19.10     0  00:00        1.81
  N-OL-015             STORAGE      4.60     8.90    20.90     0  00:14        8.89
  N-C823-W             STORAGE      4.60     8.86    20.86     0  00:13        8.81
  N-C823-E             STORAGE      4.60     8.84    20.84     0  00:13        8.79
  N-OL-010             STORAGE      4.61    10.00    22.00     0  00:00        8.44
  N-C8-040             STORAGE      4.32    10.00    22.00     0  00:00        9.53
  N-C8-035             STORAGE      5.62    10.00    22.00     0  00:00        9.31
  N-C834-S             STORAGE      8.65    10.00    22.00     0  00:00        9.98
  N-OL-005             STORAGE      8.30    10.00    22.00     0  00:00        9.80
  N-LSCOTT             STORAGE      5.52     6.24    18.24     0  02:42        6.24
  N-C832-S             STORAGE      5.52     6.90    18.90     0  00:00        6.24
  N-C833-N             STORAGE      5.49     6.93    18.93     0  00:02        6.50
  N-C833-S             STORAGE      5.49     6.91    18.91     0  00:00        6.44
  N-C831-W             STORAGE      1.04     5.02    17.02     0  00:00        1.18
  N-C830-N             STORAGE      4.07     4.07    16.07     0  00:00        4.07
  N-C829-W             STORAGE      3.97     3.97    15.97     0  00:00        3.97
  N-C828-W             STORAGE      4.25     4.25    16.25     0  00:00        4.25
  N-C827-W             STORAGE      3.87     3.87    15.87     0  00:00        3.87
  N-C826-W             STORAGE      1.36     1.67    13.67     0  00:00        1.66
  N-C834-N             STORAGE      6.87     7.99    19.99     0  17:04        7.99
  N-C8-030             STORAGE      5.56    10.00    22.00     0  00:00        9.39
  N-C8-025             STORAGE      5.46    10.00    22.00     0  00:00        9.90
  N-SP-050             STORAGE      5.51    10.00    22.00     0  00:00        9.99
  N-C8-020             STORAGE      5.22    10.00    22.00     0  00:00        9.97
  N-C8-015             STORAGE      5.06    10.00    22.00     0  00:00        9.99
  S-28                 STORAGE      4.41    10.00    22.30     0  00:00        9.76
  N-C8-010             STORAGE      4.39    10.00    22.30     0  00:00        9.46
  N-C845-N             STORAGE      1.26     9.50    21.60     0  00:00        2.20
  N-C845-S             STORAGE      2.76     9.50    21.60     0  00:00        3.59
  N-C8-060             STORAGE      4.22    10.00    22.10     0  00:00        8.01
  N-C801-N             STORAGE      2.55     7.70    19.70     0  00:08        7.00
  N-C801-S             STORAGE      2.53     7.62    19.62     0  00:09        7.22
  N-C802-S             STORAGE      2.52     7.60    19.60     0  00:00        7.10
  N-C803-N             STORAGE      2.53     8.77    20.77     0  00:00        7.31
  N-C803-S             STORAGE      2.53     9.10    21.10     0  00:00        7.20
  N-C804-N             STORAGE      2.53     9.10    21.10     0  00:00        7.34
  N-C804-S             STORAGE      8.28     9.30    21.30     0  01:22        9.28
  N-C805-N             STORAGE      8.28     9.28    21.28     0  01:19        9.28
  N-C805-S             STORAGE      8.28     9.29    21.29     0  01:20        9.28
  N-C806-N             STORAGE      8.28     9.30    21.30     0  01:17        9.27
  N-C806-S             STORAGE      8.28     9.29    21.29     0  01:18        9.28
  N-OL-020             STORAGE      3.21    10.00    22.00     0  00:00        8.31
  N-SEABOARD           STORAGE      0.04     1.00    13.00     0  00:00        0.81
  
  
  *******************
  Node Inflow Summary
  *******************
  
  -------------------------------------------------------------------------------------------------
                                  Maximum  Maximum                  Lateral       Total        Flow
                                  Lateral    Total  Time of Max      Inflow      Inflow     Balance
                                   Inflow   Inflow   Occurrence      Volume      Volume       Error
  Node                 Type           CFS      CFS  days hr:min    10^6 gal    10^6 gal     Percent
  -------------------------------------------------------------------------------------------------
  CN-LSCOTT            JUNCTION      1.00     9.15     0  02:42       0.646        5.51       0.005
  CN-C833-N            JUNCTION      1.00     9.67     0  00:02       0.646        5.49       0.004
  CN-C826-Wb           JUNCTION      1.00     4.35     0  00:00       0.646        1.95       0.014
  CN-C831-W            JUNCTION      1.00     8.03     0  00:00       0.646       0.679       0.033
  CN-C8-005            JUNCTION      1.00    11.86     0  00:00       0.646        4.76       0.005
  CN-C8-010a           JUNCTION      1.00    11.86     0  00:00       0.646        4.76       0.005
  CN-C8-020            JUNCTION      1.00    11.69     0  00:00       0.646        5.11       0.004
  CN-C8-025a           JUNCTION      1.00    11.69     0  00:00       0.646        5.28       0.004
  CN-C8-030a           JUNCTION      1.00    11.68     0  00:00       0.646        5.41       0.004
  CN-C8-035a           JUNCTION      1.00    11.68     0  00:00       0.646         5.5       0.004
  CN-OL-005b           JUNCTION      1.00    11.67     0  00:00       0.646        6.83       0.004
  CN-OL-010a           JUNCTION      1.00    11.67     0  00:00       0.646        4.93       0.005
  CN-C834-S            JUNCTION      1.00    11.69     0  00:00       0.646        6.98       0.004
  CN-C8-045            JUNCTION      1.00    17.32     0  00:00       0.646        9.42       0.003
  CN-C8-040a           JUNCTION      1.00    11.68     0  00:00       0.646        4.62       0.005
  CN-C8-050a           JUNCTION      1.00    11.69     0  00:04       0.646        7.31       0.004
  CN-C802-Sa           JUNCTION      1.00    10.06     0  00:10       0.646         2.8       0.008
  CN-C807-N            JUNCTION      1.00    11.57     0  00:00       0.646        6.84       0.004
  CN-C809-S            JUNCTION      1.00    10.97     0  00:16       0.646        6.37       0.004
  CN-C8-055a           JUNCTION      1.00    11.69     0  00:00       0.646        7.14       0.004
  CN-LKNESSa           JUNCTION      1.00    11.27     0  00:02       0.646        6.73       0.004
  CN-GD-005a           JUNCTION      1.00    11.68     0  00:00       0.646        5.05       0.005
  CN-C846-Wa           JUNCTION      1.00    11.69     0  00:00       0.646        6.47       0.004
  CN-C847-Wa           JUNCTION      1.00    11.67     0  00:00       0.646         6.4       0.004
  CN-C849-W            JUNCTION      1.00    11.72     0  00:00       0.646        6.41       0.004
  CN-C843-N            JUNCTION      1.00    11.43     0  00:00       0.646         2.4       0.009
  CN-C844-N            JUNCTION      1.00    11.41     0  00:00       0.646       0.667       0.027
  CN-C8-060a           JUNCTION      1.00    11.73     0  00:00       0.646        4.75       0.005
  CN-C820-Wa           JUNCTION      1.00    10.15     0  00:00       0.646        3.15       0.007
  CN-C817-W            JUNCTION      1.00    11.04     0  00:00       0.646         3.7       0.007
  CN-C814-W            JUNCTION      1.00     9.84     0  00:33       0.646        4.41       0.006
  CN-C8-010b           JUNCTION      1.00    11.86     0  00:00       0.646        4.76       0.005
  CN-C8-030c           JUNCTION      1.00    11.68     0  00:00       0.646        5.41       0.004
  CN-C8-030d           JUNCTION      1.00    11.68     0  00:00       0.646        5.41       0.004
  CN-C8-030e           JUNCTION      1.00    11.68     0  00:00       0.646        5.41       0.004
  CN-C8-035b           JUNCTION      1.00    11.68     0  00:00       0.646         5.5       0.004
  CN-C8-035c           JUNCTION      1.00    11.68     0  00:00       0.646         5.5       0.004
  CN-C8-040b           JUNCTION      1.00    11.68     0  00:00       0.646        4.62       0.005
  CN-C8-045a           JUNCTION      1.00    11.68     0  00:00       0.646        4.14       0.005
  CN-C8-045c           JUNCTION      1.00    11.68     0  00:00       0.646        4.14       0.005
  CN-C8-045b           JUNCTION      1.00    11.68     0  00:00       0.646        4.14       0.005
  CN-C8-050b           JUNCTION      1.00    11.69     0  00:04       0.646        7.31       0.004
  CN-C8-055c           JUNCTION      1.00    11.69     0  00:00       0.646        7.14       0.004
  CN-C8-055d           JUNCTION      1.00    11.69     0  00:00       0.646        7.14       0.004
  CN-C8-060b           JUNCTION      1.00    11.73     0  00:00       0.646        4.75       0.005
  CN-C8-060c           JUNCTION      1.00    11.73     0  00:00       0.646        4.75       0.005
  CN-C8-060d           JUNCTION      1.00    11.73     0  00:00       0.646        4.75       0.005
  CN-C814-E            JUNCTION      1.00    11.48     0  00:00       0.646        4.42       0.005
  CN-C824-Wa           JUNCTION      1.00    15.34     0  00:00       0.646        3.05       0.006
  CN-C824-Wb           JUNCTION      1.00    15.34     0  00:00       0.646        3.05       0.006
  CN-C826-Wa           JUNCTION      1.00     4.35     0  00:00       0.646        1.95       0.014
  CN-C846-Wb           JUNCTION      1.00    11.69     0  00:00       0.646        6.47       0.004
  CN-C847-Wb           JUNCTION      1.00    11.67     0  00:00       0.646         6.4       0.004
  CN-GD-005b           JUNCTION      1.00    11.68     0  00:00       0.646        5.05       0.005
  CN-GD-005c           JUNCTION      1.00    11.68     0  00:00       0.646        5.05       0.005
  CN-LKNESSb           JUNCTION      1.00    11.27     0  00:02       0.646        6.73       0.004
  CN-LKNESSc           JUNCTION      1.00    11.27     0  00:02       0.646        6.73       0.004
  CN-OL-005a           JUNCTION      1.00    11.67     0  00:00       0.646        6.83       0.004
  CN-OL-010b           JUNCTION      1.00    11.67     0  00:00       0.646        4.93       0.005
  CN-OL-010c           JUNCTION      1.00    11.67     0  00:00       0.646        4.93       0.005
  CN-OL-010d           JUNCTION      1.00    11.67     0  00:00       0.646        4.93       0.005
  CN-C8-055b           JUNCTION      1.00    17.33     0  00:00       0.646        10.9       0.002
  CN-C8-030b           JUNCTION      1.00    17.32     0  00:00       0.646        9.97       0.002
  ADVNL                JUNCTION      0.00     0.00     0  00:00           0           0       0.000 gal
  NEWSUB               JUNCTION      0.00     0.00     0  00:00           0           0       0.000 gal
  C846b                JUNCTION      1.00  1163.16     0  00:00       0.646        16.9       0.135
  C844b                JUNCTION      1.00  1259.87     0  00:00       0.646          29       0.004
  C843b                JUNCTION      1.00   724.59     0  00:00       0.646        1.89       0.055
  C826b                JUNCTION      1.00     1.15     0  00:11       0.646       0.646       0.253
  C826c                JUNCTION      0.00     1.83     0  00:13           0       0.645       0.000
  C827b                JUNCTION      1.00     1.78     0  00:10       0.646       0.647       0.487
  C827c                JUNCTION      0.00     1.75     0  00:09           0       0.644       0.000
  C828b                JUNCTION      1.00     1.61     0  00:10       0.646       0.651       0.527
  C828c                JUNCTION      0.00     0.62     0  00:10           0      0.0055       0.000
  C829b                JUNCTION      1.00     1.00     0  00:00       0.646       0.646       0.509
  C829c                JUNCTION      0.00     1.01     0  00:00           0      0.0438       0.000
  C830b                JUNCTION      1.00     1.00     0  00:00       0.646       0.646       0.220
  C830c                JUNCTION      0.00     1.01     0  00:00           0       0.016       0.000
  C831b                JUNCTION      1.00     1.72     0  00:19       0.646       0.651       0.764
  C831c                JUNCTION      0.00     0.91     0  00:18           0     0.00888       0.000
  C819b                JUNCTION      1.00     1.30     0  00:16       0.646       0.647       0.586
  C819c                JUNCTION      0.00     1.17     0  00:06           0     0.00376       0.000
  C821b                JUNCTION      1.00   283.38     0  00:01       0.646        23.1       0.089
  C804b                JUNCTION      1.00     1.82     0  00:04       0.646       0.651       0.189
  C804c                JUNCTION      0.00     0.94     0  00:04           0       0.005       0.000
  N-C819-W             OUTFALL       0.00    87.39     0  00:02           0          12       0.000
  N-C850-W             STORAGE       1.00   108.11     0  00:00       0.646       0.746       0.166
  N-C850-E             STORAGE       0.00   112.09     0  00:00           0        1.16      -1.089
  N-C849-W             STORAGE       0.00    86.84     0  00:05           0        5.91      -7.125
  N-C849-E             STORAGE       0.00    38.53     0  00:13           0        4.53      -6.028
  N-C848-W             STORAGE       0.00     0.00     0  00:00           0        16.3      -2.018
  N-C848-E             STORAGE       0.00     6.66     0  08:21           0        3.95     -13.436
  N-C847-W             STORAGE       0.00    31.40     0  00:14           0          11      -4.978
  N-C847-E             STORAGE       0.00    12.24     0  01:04           0         5.6     -12.527
  N-C846-W             STORAGE       0.00     0.00     0  00:00           0        80.2      -1.899
  N-C846-E             STORAGE       0.00    61.64     0  00:07           0        14.7      -9.709
  N-C814-W             STORAGE       0.00  1044.77     0  00:00           0        18.1      -3.572
  N-C814-E             STORAGE       0.00   198.28     0  00:03           0        13.9      -8.693
  N-C813-W             STORAGE       0.00    20.08     0  20:40           0        12.2      -8.718
  N-C813-E             STORAGE       0.00    19.85     0  22:59           0        11.6      -5.932
  N-GD-005             STORAGE       0.00    42.25     0  03:16           0        22.7      -7.375
  N-LKDOON             STORAGE       0.00    50.47     0  03:43           0        30.5      -1.295
  N-LKNESS             STORAGE       0.00   143.17     0  00:00           0         140      -0.265
  N-C8-055             STORAGE       0.00     0.00     0  00:00           0         264      -0.262
  N-C811-W             STORAGE       0.00    34.91     0  00:13           0        18.7      -5.184
  N-C811-E             STORAGE       0.00    85.73     0  00:00           0         8.2     -11.502
  N-C844-S             STORAGE       0.00   218.97     0  00:00           0        28.3      -0.338
  N-C844-N             STORAGE       0.00     1.21     0  00:08           0       0.714     -25.230
  N-C842-S             STORAGE       0.00   202.57     0  00:00           0        1.01     -32.794
  N-C842-N             STORAGE       1.00   651.22     0  00:00       0.646       0.936      -0.294
  N-C843-N             STORAGE       0.00    18.23     0  00:08           0        1.31     -27.390
  N-C843-S             STORAGE       0.00   136.32     0  00:01           0           1     -19.704
  N-C8-050             STORAGE       0.00    34.89     0  00:05           0         244      -0.302
  N-C807-N             STORAGE       0.00    74.66     0  00:00           0        28.3      -3.606
  N-C807-S             STORAGE       0.00   678.38     0  00:00           0        22.9      -0.066
  N-C808-N             STORAGE       0.00    76.10     0  00:01           0        22.8      -0.085
  N-C808-S             STORAGE       0.00    64.31     0  00:01           0        22.9      -0.239
  N-C809-N             STORAGE       0.00    38.53     0  18:17           0        22.9      -0.432
  N-C809-S             STORAGE       0.00    39.33     0  00:04           0        23.1      -1.174
  N-C810-N             STORAGE       0.00   393.98     0  00:00           0        17.8      -2.705
  N-C810-S             STORAGE       0.00    34.36     0  00:02           0        18.3      -1.492
  N-C815-W             STORAGE       0.00    20.36     0  00:09           0        9.35     -11.606
  N-C815-E             STORAGE       0.00    21.97     0  03:04           0        10.8      -5.684
  N-C816-E             STORAGE       0.00   183.17     0  00:02           0        12.4      -6.583
  N-C816-W             STORAGE       0.00   415.19     0  00:00           0        11.7      -5.711
  N-C824-W             STORAGE       0.00    17.05     0  03:41           0        5.18     -46.207
  N-C824-E             STORAGE       0.00    15.22     0  00:02           0        3.42     -43.975
  N-C819-E             STORAGE       1.00    11.89     0  00:04       0.646       0.728     -45.111
  N-C818-E             STORAGE       0.00   114.58     0  00:02           0        11.4      -5.024
  N-C818-W             STORAGE       0.00    60.52     0  00:01           0        11.1      -2.017
  N-C817-E             STORAGE       0.00    56.28     0  00:03           0        10.8      -1.999
  N-C817-W             STORAGE       0.00    36.71     0  00:00           0          13      -6.673
  N-C8-045             STORAGE       0.00    46.29     0  00:04           0        16.9     -15.205
  N-C820-W             STORAGE       0.00   329.86     0  00:00           0        2.37     -20.513
  N-C820-E             STORAGE       0.00   277.64     0  00:00           0       0.803     -22.552
  N-C821-W             STORAGE       0.00     9.70     0  00:06           0      0.0921     -70.542
  N-C821-E             STORAGE       0.00    47.64     0  00:22           0          21      -6.501
  N-OL-015             STORAGE       1.00    23.48     0  00:04       0.646       0.761     -14.817
  N-C823-W             STORAGE       0.00    41.85     0  00:04           0        1.05     -11.545
  N-C823-E             STORAGE       0.00    57.03     0  00:02           0        1.35     -11.412
  N-OL-010             STORAGE       0.00    59.98     0  03:57           0        35.9      -6.129
  N-C8-040             STORAGE       0.00    31.30     0  10:58           0        17.1     -10.536
  N-C8-035             STORAGE       0.00    51.71     0  10:17           0        30.5      -8.303
  N-C834-S             STORAGE       0.00    14.03     1  00:00           0         456      -0.167
  N-OL-005             STORAGE       0.00    77.61     0  04:44           0        46.6      -0.665
  N-LSCOTT             STORAGE       0.00   177.53     0  00:00           0        41.8      -0.009
  N-C832-S             STORAGE       0.00   130.63     0  00:01           0        9.27      -0.605
  N-C833-N             STORAGE       0.00    76.82     0  00:01           0        10.3      -0.736
  N-C833-S             STORAGE       0.00    34.63     0  00:05           0        6.29      -7.480
  N-C831-W             STORAGE       0.00     0.31     0  00:20           0      0.0393      -1.481
  N-C830-N             STORAGE       0.00     0.00     0  00:00           0      0.0304       0.000
  N-C829-W             STORAGE       0.00     0.00     0  00:00           0      0.0297       0.000
  N-C828-W             STORAGE       0.00     0.00     0  00:00           0      0.0318       0.000
  N-C827-W             STORAGE       0.00     0.00     0  00:00           0      0.0289       0.000
  N-C826-W             STORAGE       0.00     0.00     0  00:00           0        7.67      -0.002
  N-C834-N             STORAGE       1.00    65.57     0  00:01       0.646        39.2       0.030
  N-C8-030             STORAGE       0.00    47.44     0  19:42           0        29.2      -9.735
  N-C8-025             STORAGE       0.00    13.77     1  00:00           0        6.49     -46.633
  N-SP-050             STORAGE       1.00     1.00     0  00:00       0.646       0.721     -69.919
  N-C8-020             STORAGE       0.00    12.52     0  18:14           0        6.93     -29.447
  N-C8-015             STORAGE       0.00     9.41     0  15:35           0         5.3     -34.285
  S-28                 STORAGE       0.00     0.00     0  00:00           0      0.0748     -94.828
  N-C8-010             STORAGE       0.00    20.65     0  00:23           0        9.53     -22.911
  N-C845-N             STORAGE       0.00   196.88     0  00:01           0        28.1      -0.367
  N-C845-S             STORAGE       0.00    77.58     0  00:12           0        27.7      -1.484
  N-C8-060             STORAGE       0.00    74.96     0  01:31           0        42.1      -4.520
  N-C801-N             STORAGE       1.00    66.46     0  00:02       0.646        0.75     -14.265
  N-C801-S             STORAGE       0.00   132.67     0  00:00           0        1.05     -14.205
  N-C802-S             STORAGE       0.00    73.64     0  00:04           0        2.02     -12.635
  N-C803-N             STORAGE       0.00   220.05     0  00:00           0       0.983     -19.545
  N-C803-S             STORAGE       0.00   188.08     0  00:01           0       0.725     -22.272
  N-C804-N             STORAGE       0.00     7.44     0  00:13           0      0.0769     -71.085
  N-C804-S             STORAGE       1.00    25.77     0  00:06       0.646       0.762      -3.280
  N-C805-N             STORAGE       0.00    52.26     0  00:03           0       0.903      -2.857
  N-C805-S             STORAGE       0.00    49.35     0  00:01           0        1.01      -0.915
  N-C806-N             STORAGE       0.00    95.72     0  00:00           0        1.09      -0.860
  N-C806-S             STORAGE       0.00   152.85     0  00:00           0        1.24       0.922
  N-OL-020             STORAGE       0.00    27.44     0  02:22           0        12.3     -17.651
  N-SEABOARD           STORAGE       1.00     1.00     0  00:00       0.646       0.972      -0.005
  
  
  **********************
  Node Surcharge Summary
  **********************
  
  Surcharging occurs when water rises above the top of the highest conduit.
  ---------------------------------------------------------------------
                                               Max. Height   Min. Depth
                                   Hours       Above Crown    Below Rim
  Node                 Type      Surcharged           Feet         Feet
  ---------------------------------------------------------------------
  CN-LSCOTT            JUNCTION       24.00          0.000        0.000
  CN-C833-N            JUNCTION       24.00          0.000        0.000
  CN-C826-Wb           JUNCTION       24.00          0.000        0.000
  CN-C831-W            JUNCTION       24.00          0.000        0.000
  CN-C8-005            JUNCTION       24.00          0.000        0.000
  CN-C8-010a           JUNCTION       24.00          0.000        0.000
  CN-C8-020            JUNCTION       24.00          0.000        0.000
  CN-C8-025a           JUNCTION       24.00          0.000        0.000
  CN-C8-030a           JUNCTION       24.00          0.000        0.000
  CN-C8-035a           JUNCTION       24.00          0.000        0.000
  CN-OL-005b           JUNCTION       24.00          0.000        0.000
  CN-OL-010a           JUNCTION       24.00          0.000        0.000
  CN-C834-S            JUNCTION       24.00          0.000        0.000
  CN-C8-045            JUNCTION       24.00          0.000        0.000
  CN-C8-040a           JUNCTION       24.00          0.000        0.000
  CN-C8-050a           JUNCTION       24.00          0.000        0.000
  CN-C802-Sa           JUNCTION       24.00          0.000        0.000
  CN-C807-N            JUNCTION       24.00          0.000        0.000
  CN-C809-S            JUNCTION       24.00          0.000        0.000
  CN-C8-055a           JUNCTION       24.00          0.000        0.000
  CN-LKNESSa           JUNCTION       24.00          0.000        0.000
  CN-GD-005a           JUNCTION       24.00          0.000        0.000
  CN-C846-Wa           JUNCTION       24.00          0.000        0.000
  CN-C847-Wa           JUNCTION       24.00          0.000        0.000
  CN-C849-W            JUNCTION       24.00          0.000        0.000
  CN-C843-N            JUNCTION       24.00          0.000        0.000
  CN-C844-N            JUNCTION        0.14          0.000        0.000
  CN-C8-060a           JUNCTION       24.00          0.000        0.000
  CN-C820-Wa           JUNCTION       24.00          0.000        0.000
  CN-C817-W            JUNCTION       24.00          0.000        0.000
  CN-C814-W            JUNCTION       24.00          0.000        0.000
  CN-C8-010b           JUNCTION       24.00          0.000        0.000
  CN-C8-030c           JUNCTION       24.00          0.000        0.000
  CN-C8-030d           JUNCTION       24.00          0.000        0.000
  CN-C8-030e           JUNCTION       24.00          0.000        0.000
  CN-C8-035b           JUNCTION       24.00          0.000        0.000
  CN-C8-035c           JUNCTION       24.00          0.000        0.000
  CN-C8-040b           JUNCTION       24.00          0.000        0.000
  CN-C8-045a           JUNCTION       24.00          0.000        0.000
  CN-C8-045c           JUNCTION       24.00          0.000        0.000
  CN-C8-045b           JUNCTION       24.00          0.000        0.000
  CN-C8-050b           JUNCTION       24.00          0.000        0.000
  CN-C8-055c           JUNCTION       24.00          0.000        0.000
  CN-C8-055d           JUNCTION       24.00          0.000        0.000
  CN-C8-060b           JUNCTION       24.00          0.000        0.000
  CN-C8-060c           JUNCTION       24.00          0.000        0.000
  CN-C8-060d           JUNCTION       24.00          0.000        0.000
  CN-C814-E            JUNCTION       24.00          0.000        0.000
  CN-C824-Wa           JUNCTION       24.00          0.000        0.000
  CN-C824-Wb           JUNCTION       24.00          0.000        0.000
  CN-C826-Wa           JUNCTION       24.00          0.000        0.000
  CN-C846-Wb           JUNCTION       24.00          0.000        0.000
  CN-C847-Wb           JUNCTION       24.00          0.000        0.000
  CN-GD-005b           JUNCTION       24.00          0.000        0.000
  CN-GD-005c           JUNCTION       24.00          0.000        0.000
  CN-LKNESSb           JUNCTION       24.00          0.000        0.000
  CN-LKNESSc           JUNCTION       24.00          0.000        0.000
  CN-OL-005a           JUNCTION       24.00          0.000        0.000
  CN-OL-010b           JUNCTION       24.00          0.000        0.000
  CN-OL-010c           JUNCTION       24.00          0.000        0.000
  CN-OL-010d           JUNCTION       24.00          0.000        0.000
  CN-C8-055b           JUNCTION       24.00          0.000        0.000
  CN-C8-030b           JUNCTION       24.00          0.000        0.000
  ADVNL                JUNCTION       24.00          0.000        0.000
  NEWSUB               JUNCTION       24.00          0.000        0.000
  C846b                JUNCTION       24.00          0.000        0.000
  C844b                JUNCTION       24.00          0.000        0.000
  C843b                JUNCTION       24.00          0.000        0.000
  C826c                JUNCTION       23.80          0.000        0.000
  C827c                JUNCTION       23.75          0.000        0.000
  C828b                JUNCTION       23.83          0.000        0.000
  C829b                JUNCTION       23.76          0.000        0.000
  C829c                JUNCTION       23.76          0.000        0.000
  C830b                JUNCTION       23.89          0.000        0.000
  C830c                JUNCTION       23.89          0.000        0.000
  C831b                JUNCTION       23.67          0.000        0.000
  C819b                JUNCTION       23.73          0.000        0.000
  C821b                JUNCTION       23.99          0.000        0.000
  C804b                JUNCTION       23.93          0.000        0.000
  
  
  *********************
  Node Flooding Summary
  *********************
  
  Flooding refers to all water that overflows a node, whether it ponds or not.
  --------------------------------------------------------------------------
                                                             Total   Maximum
                                 Maximum   Time of Max       Flood    Ponded
                        Hours       Rate    Occurrence      Volume     Depth
  Node                 Flooded       CFS   days hr:min    10^6 gal      Feet
  --------------------------------------------------------------------------
  CN-LSCOTT              24.00      9.15      0  02:42       5.506     0.000
  CN-C833-N              24.00      9.67      0  00:02       5.485     0.000
  CN-C826-Wb             24.00      4.34      0  00:00       1.954     0.000
  CN-C831-W              24.00      8.03      0  00:00       0.677     0.000
  CN-C8-005              24.00     11.86      0  00:00       4.756     0.000
  CN-C8-010a             24.00     11.86      0  00:00       4.756     0.000
  CN-C8-020              24.00     11.69      0  00:00       5.108     0.000
  CN-C8-025a             24.00     11.69      0  00:00       5.278     0.000
  CN-C8-030a             24.00     11.68      0  00:00       5.412     0.000
  CN-C8-035a             24.00     11.68      0  00:00       5.501     0.000
  CN-OL-005b             24.00     11.67      0  00:00       6.829     0.000
  CN-OL-010a             24.00     11.67      0  00:00       4.928     0.000
  CN-C834-S              24.00     11.69      0  00:00       6.980     0.000
  CN-C8-045              24.00     17.32      0  00:00       9.423     0.000
  CN-C8-040a             24.00     11.68      0  00:00       4.624     0.000
  CN-C8-050a             24.00     11.69      0  00:04       7.308     0.000
  CN-C802-Sa             24.00     10.06      0  00:10       2.800     0.000
  CN-C807-N              24.00     11.57      0  00:00       6.840     0.000
  CN-C809-S              24.00     10.97      0  00:16       6.369     0.000
  CN-C8-055a             24.00     11.69      0  00:00       7.142     0.000
  CN-LKNESSa             24.00     11.27      0  00:02       6.732     0.000
  CN-GD-005a             24.00     11.68      0  00:00       5.048     0.000
  CN-C846-Wa             24.00     11.69      0  00:00       6.466     0.000
  CN-C847-Wa             24.00     11.67      0  00:00       6.397     0.000
  CN-C849-W              24.00     11.72      0  00:00       6.412     0.000
  CN-C843-N              24.00     11.43      0  00:00       2.400     0.000
  CN-C844-N               0.14     11.41      0  00:00       0.024     0.000
  CN-C8-060a             24.00     11.73      0  00:00       4.753     0.000
  CN-C820-Wa             24.00     10.15      0  00:00       3.152     0.000
  CN-C817-W              24.00     11.04      0  00:00       3.704     0.000
  CN-C814-W              24.00      9.84      0  00:33       4.414     0.000
  CN-C8-010b             24.00     11.86      0  00:00       4.756     0.000
  CN-C8-030c             24.00     11.68      0  00:00       5.412     0.000
  CN-C8-030d             24.00     11.68      0  00:00       5.412     0.000
  CN-C8-030e             24.00     11.68      0  00:00       5.412     0.000
  CN-C8-035b             24.00     11.68      0  00:00       5.501     0.000
  CN-C8-035c             24.00     11.68      0  00:00       5.501     0.000
  CN-C8-040b             24.00     11.68      0  00:00       4.624     0.000
  CN-C8-045a             24.00     11.68      0  00:00       4.139     0.000
  CN-C8-045c             24.00     11.68      0  00:00       4.139     0.000
  CN-C8-045b             24.00     11.68      0  00:00       4.139     0.000
  CN-C8-050b             24.00     11.69      0  00:04       7.308     0.000
  CN-C8-055c             24.00     11.69      0  00:00       7.142     0.000
  CN-C8-055d             24.00     11.69      0  00:00       7.142     0.000
  CN-C8-060b             24.00     11.73      0  00:00       4.753     0.000
  CN-C8-060c             24.00     11.73      0  00:00       4.753     0.000
  CN-C8-060d             24.00     11.73      0  00:00       4.753     0.000
  CN-C814-E              24.00     11.48      0  00:00       4.419     0.000
  CN-C824-Wa             24.00     15.34      0  00:00       3.049     0.000
  CN-C824-Wb             24.00     15.34      0  00:00       3.049     0.000
  CN-C826-Wa             24.00      4.34      0  00:00       1.954     0.000
  CN-C846-Wb             24.00     11.69      0  00:00       6.466     0.000
  CN-C847-Wb             24.00     11.67      0  00:00       6.397     0.000
  CN-GD-005b             24.00     11.68      0  00:00       5.048     0.000
  CN-GD-005c             24.00     11.68      0  00:00       5.048     0.000
  CN-LKNESSb             24.00     11.27      0  00:02       6.732     0.000
  CN-LKNESSc             24.00     11.27      0  00:02       6.732     0.000
  CN-OL-005a             24.00     11.67      0  00:00       6.829     0.000
  CN-OL-010b             24.00     11.67      0  00:00       4.928     0.000
  CN-OL-010c             24.00     11.67      0  00:00       4.928     0.000
  CN-OL-010d             24.00     11.67      0  00:00       4.928     0.000
  CN-C8-055b             24.00     17.33      0  00:00      10.934     0.000
  CN-C8-030b             24.00     17.32      0  00:00       9.965     0.000
  C846b                  24.00   1163.15      0  00:00      16.852     0.000
  C844b                  24.00   1258.09      0  00:00      29.031     0.000
  C843b                  24.00    724.55      0  00:00       1.894     0.000
  C826c                  23.80      1.83      0  00:13       0.641     0.000
  C827c                  23.75      1.48      0  00:15       0.639     0.000
  C828b                  23.83      1.60      0  00:10       0.642     0.000
  C829b                  23.76      0.98      1  00:00       0.599     0.000
  C829c                  23.76      0.51      0  00:14       0.040     0.000
  C830b                  23.89      1.00      1  00:00       0.629     0.000
  C830c                  23.89      0.50      0  00:06       0.015     0.000
  C831b                  23.67      1.71      0  00:19       0.637     0.000
  C819b                  23.73      1.29      0  00:16       0.639     0.000
  C821b                  23.99    283.38      0  00:01      23.035     0.000
  C804b                  23.93      1.82      0  00:04       0.644     0.000
  N-C849-E                0.02     35.09      0  00:00       0.010     0.000
  N-C842-N                0.01    508.22      0  00:00       0.026     0.000
  N-C807-S                0.01    637.19      0  00:00       0.068     0.000
  N-SP-050                0.13      1.00      0  00:00       0.002     0.000
  N-C8-020                0.01      8.82      0  00:00       0.000     0.000
  N-C8-015                0.21      5.32      0  00:05       0.019     0.000
  
  
  **********************
  Storage Volume Summary
  **********************
  
  ------------------------------------------------------------------------------------------------
                         Average    Avg   Evap  Exfil     Maximum    Max    Time of Max    Maximum
                          Volume   Pcnt   Pcnt   Pcnt      Volume   Pcnt     Occurrence    Outflow
  Storage Unit          1000 ft³   Full   Loss   Loss    1000 ft³   Full    days hr:min        CFS
  ------------------------------------------------------------------------------------------------
  N-C850-W                 7.393   73.9    0.0    0.0       9.595   95.9       0  00:50      63.63
  N-C850-E                 6.783   67.8    0.0    0.0       8.969   89.7       0  00:49     107.11
  N-C849-W                 6.835   68.3    0.0    0.0       9.500   95.0       0  00:00      86.07
  N-C849-E                 7.445   74.4    0.0    0.0      10.000  100.0       0  00:00      86.84
  N-C848-W              1632.582   75.0    0.0    0.0    2178.000  100.0       0  00:00      44.72
  N-C848-E                 7.496   75.0    0.0    0.0      10.000  100.0       0  00:00       9.52
  N-C847-W                 7.424   74.2    0.0    0.0      10.000  100.0       0  00:00      22.30
  N-C847-E                 7.424   74.2    0.0    0.0      10.000  100.0       0  00:00      24.35
  N-C846-W              8125.629   75.8    0.0    0.0   10715.800  100.0       0  00:00      74.06
  N-C846-E                 0.633    6.3    0.0    0.0      10.000  100.0       0  00:00    1162.16
  N-C814-W               536.645   39.7    0.0    0.0     965.454   71.5       0  00:32     171.10
  N-C814-E                 3.983   39.8    0.0    0.0      10.000  100.0       0  00:00    1038.93
  N-C813-W                 4.929   49.3    0.0    0.0      10.000  100.0       0  00:00      39.66
  N-C813-E                 4.939   49.4    0.0    0.0      10.000  100.0       0  00:00      26.47
  N-GD-005                 4.828   48.3    0.0    0.0      10.000  100.0       0  00:00      58.70
  N-LKDOON                 8.023   80.2    0.0    0.0       9.900   99.0       0  00:00     139.57
  N-LKNESS             14513.796   80.7    0.0    0.0   16740.291   93.1       0  00:02      80.57
  N-C8-055             31823.837   90.2    0.0    0.0   35283.599  100.0       0  00:00      86.95
  N-C811-W                 5.359   53.6    0.0    0.0      10.000  100.0       0  00:00     111.88
  N-C811-E                 5.246   52.5    0.0    0.0       8.260   82.6       0  00:30      16.78
  N-C844-S                 0.597    6.0    0.0    0.0       9.487   94.9       0  00:00    1258.87
  N-C844-N                 0.298    3.0    0.0    0.0       9.500   95.0       0  00:00     145.68
  N-C842-S                 2.210   22.1    0.0    0.0       9.498   95.0       0  00:00     650.22
  N-C842-N                 2.310   23.1    0.0    0.0      10.000  100.0       0  00:00     192.46
  N-C843-N                 2.206   22.1    0.0    0.0       9.500   95.0       0  00:00      33.77
  N-C843-S                 0.134    1.3    0.0    0.0       9.496   95.0       0  00:00     723.59
  N-C8-050             30450.816   94.1    0.0    0.0   32365.080  100.0       0  00:00      59.34
  N-C807-N                 8.300   83.0    0.0    0.0      10.000  100.0       0  00:00     698.64
  N-C807-S                 8.299   83.0    0.0    0.0      10.000  100.0       0  00:00     145.99
  N-C808-N                 8.042   80.4    0.0    0.0       9.126   91.3       0  01:08      64.31
  N-C808-S                 8.041   80.4    0.0    0.0       9.125   91.3       0  01:08      38.53
  N-C809-N                 7.273   72.7    0.0    0.0       8.839   88.4       0  00:16      38.69
  N-C809-S                 7.271   72.7    0.0    0.0       8.836   88.4       0  00:16      39.10
  N-C810-N                 5.970   59.7    0.0    0.0       8.666   86.7       0  00:07      31.18
  N-C810-S                 5.968   59.7    0.0    0.0       9.100   91.0       0  00:00     393.98
  N-C815-W                 4.436   44.4    0.0    0.0       7.661   76.6       0  00:30      21.97
  N-C815-E                 4.427   44.3    0.0    0.0       7.653   76.5       0  00:31      25.58
  N-C816-E                 2.923   29.2    0.0    0.0       8.100   81.0       0  00:00     415.19
  N-C816-W                 3.760   37.6    0.0    0.0       8.215   82.1       0  00:01     180.14
  N-C824-W                 1.161   11.6    0.0    0.0      10.000  100.0       0  00:00      78.11
  N-C824-E                 1.106   11.1    0.0    0.0      10.000  100.0       0  00:00      51.97
  N-C819-E                 2.846   28.5    0.0    0.0       7.411   74.1       0  00:09       9.89
  N-C818-E                 1.625   16.3    0.0    0.0       8.756   87.6       0  00:00     131.63
  N-C818-W                 1.344   13.4    0.0    0.0       8.100   81.0       0  00:00     114.58
  N-C817-E                 1.488   14.9    0.0    0.0       8.100   81.0       0  00:00      49.60
  N-C817-W                 2.115   21.1    0.0    0.0       8.144   81.4       0  00:00      82.98
  N-C8-045                 3.781   37.8    0.0    0.0      10.000  100.0       0  00:00      62.43
  N-C820-W                 2.840   28.4    0.0    0.0       7.603   76.0       0  00:00     264.93
  N-C820-E                 2.840   28.4    0.0    0.0       8.099   81.0       0  00:00     329.86
  N-C821-W                 2.842   28.4    0.0    0.0       8.100   81.0       0  00:00      30.94
  N-C821-E                 1.026   10.3    0.0    0.0       7.100   71.0       0  00:00     282.38
  N-OL-015                 4.595   46.0    0.0    0.0       8.896   89.0       0  00:14      10.59
  N-C823-W                 4.596   46.0    0.0    0.0       8.863   88.6       0  00:13      22.48
  N-C823-E                 4.596   46.0    0.0    0.0       8.839   88.4       0  00:13      41.85
  N-OL-010                 4.606   46.1    0.0    0.0      10.000  100.0       0  00:00     128.43
  N-C8-040                 4.324   43.2    0.0    0.0      10.000  100.0       0  00:00      32.78
  N-C8-035                 5.622   56.2    0.0    0.0      10.000  100.0       0  00:00      66.19
  N-C834-S             52504.998   86.5    0.0    0.0   60679.079  100.0       0  00:00     218.33
  N-OL-005                 8.300   83.0    0.0    0.0      10.000  100.0       0  00:00      78.15
  N-LSCOTT              4854.830   55.2    0.0    0.0    5488.796   62.4       0  02:42      98.83
  N-C832-S                 5.517   55.2    0.0    0.0       6.900   69.0       0  00:00     177.53
  N-C833-N                 5.491   54.9    0.0    0.0       6.929   69.3       0  00:02      60.84
  N-C833-S                 5.491   54.9    0.0    0.0       6.905   69.1       0  00:00      76.82
  N-C831-W                 1.039   10.4    0.0    0.0       5.020   50.2       0  00:00       7.03
  N-C830-N                 4.070   40.7    0.0    0.0       4.070   40.7       0  00:00       0.00
  N-C829-W                 3.970   39.7    0.0    0.0       3.970   39.7       0  00:00       0.00
  N-C828-W                 4.250   42.5    0.0    0.0       4.250   42.5       0  00:00       0.00
  N-C827-W                 3.870   38.7    0.0    0.0       3.870   38.7       0  00:00       0.00
  N-C826-W               833.760   13.6    0.0    0.0    1025.707   16.7       0  00:00       6.70
  N-C834-N              4488.600   68.7    0.0    0.0    5219.171   79.9       0  17:04      14.03
  N-C8-030                 5.564   55.6    0.0    0.0      10.000  100.0       0  00:00      59.03
  N-C8-025                 5.455   54.6    0.0    0.0      10.000  100.0       0  00:00      28.88
  N-SP-050                 5.507   55.1    0.0    0.0      10.000  100.0       0  00:00       7.23
  N-C8-020                 5.217   52.2    0.0    0.0      10.000  100.0       0  00:00      20.09
  N-C8-015                 5.057   50.6    0.0    0.0      10.000  100.0       0  00:00      14.74
  S-28                     4.412   44.1    0.0    0.0      10.000  100.0       0  00:00      11.58
  N-C8-010                 4.390   43.9    0.0    0.0      10.000  100.0       0  00:00      37.59
  N-C845-N                 1.260   12.6    0.0    0.0       9.500   95.0       0  00:00     218.97
  N-C845-S                 2.757   27.6    0.0    0.0       9.501   95.0       0  00:00     196.88
  N-C8-060                 4.218   42.2    0.0    0.0      10.000  100.0       0  00:00     122.58
  N-C801-N                 2.549   25.5    0.0    0.0       7.702   77.0       0  00:08      24.33
  N-C801-S                 2.530   25.3    0.0    0.0       7.620   76.2       0  00:09      65.46
  N-C802-S                 2.520   25.2    0.0    0.0       7.600   76.0       0  00:00     141.43
  N-C803-N                 2.532   25.3    0.0    0.0       8.767   87.7       0  00:00     188.63
  N-C803-S                 2.532   25.3    0.0    0.0       9.100   91.0       0  00:00     220.05
  N-C804-N                 2.534   25.3    0.0    0.0       9.100   91.0       0  00:00      41.82
  N-C804-S                 8.282   82.8    0.0    0.0       9.297   93.0       0  01:22      18.74
  N-C805-N                 8.282   82.8    0.0    0.0       9.284   92.8       0  01:19      49.35
  N-C805-S                 8.282   82.8    0.0    0.0       9.286   92.9       0  01:20      46.34
  N-C806-N                 8.282   82.8    0.0    0.0       9.296   93.0       0  01:17     137.10
  N-C806-S                 8.282   82.8    0.0    0.0       9.288   92.9       0  01:18      67.14
  N-OL-020                 3.212   32.1    0.0    0.0      10.000  100.0       0  00:00      97.17
  N-SEABOARD               1.806    0.4    0.0    0.0      43.558   10.0       0  00:00      10.00
  
  
  ***********************
  Outfall Loading Summary
  ***********************
  
  -----------------------------------------------------------
                         Flow       Avg       Max       Total
                         Freq      Flow      Flow      Volume
  Outfall Node           Pcnt       CFS       CFS    10^6 gal
  -----------------------------------------------------------
  N-C819-W             100.00     19.90     87.39      11.980
  -----------------------------------------------------------
  System               100.00     19.90     87.39      11.980
  
  
  ********************
  Link Flow Summary
  ********************
  
  -----------------------------------------------------------------------------
                                 Maximum  Time of Max   Maximum    Max/    Max/
                                  |Flow|   Occurrence   |Veloc|    Full    Full
  Link                 Type          CFS  days hr:min    ft/sec    Flow   Depth
  -----------------------------------------------------------------------------
  C842                 CONDUIT    650.22     0  00:00     33.12    4.40    1.00
  GDC32803             CONDUIT     23.53     0  00:02      1.96   20.39    1.00
  GDC32802             CONDUIT    136.32     0  00:01     11.36   79.62    1.00
  C867500              CONDUIT    139.57     0  00:00     11.63   19.97    1.00
  GDC27600             CONDUIT     42.25     0  03:16      3.52   62.43    1.00
  C814                 CONDUIT   1028.88     0  00:00     17.03    4.22    0.93
  OLC03000             CONDUIT     36.54     0  00:06      3.04   53.99    1.00
  C813                 CONDUIT     20.08     0  20:40      1.07    1.69    1.00
  OLC03001             CONDUIT     26.47     0  00:08      2.21   30.92    1.00
  C811                 CONDUIT     85.73     0  00:00      6.82    2.38    1.00
  C850                 CONDUIT    107.11     0  00:00      5.59    1.02    1.00
  GDC14400             CONDUIT     61.26     0  00:02      5.10   64.00    1.00
  C849                 CONDUIT     86.84     0  00:05      0.89    0.07    1.00
  GDC17500             CONDUIT     38.53     0  00:13      3.21   31.82    1.00
  C848                 CONDUIT      6.66     0  08:21      0.09    0.21    1.00
  GDC21901             CONDUIT      9.52     0  00:14      0.79   11.39    1.00
  C847                 CONDUIT     24.35     0  00:01      0.23    0.44    1.00
  GDC21900             CONDUIT     12.24     0  01:04      1.02   17.51    1.00
  C809                 CONDUIT     38.69     0  18:01      0.76    1.32    0.88
  RRC29101             CONDUIT     38.53     0  18:17      3.21   30.20    1.00
  C808                 CONDUIT     64.31     0  00:01      0.74    1.01    0.76
  RRC29102             CONDUIT     76.10     0  00:01      6.34   34.43    1.00
  C807                 CONDUIT    678.38     0  00:00      8.69   18.53    0.99
  RRC26700             CONDUIT     34.36     0  00:02      2.86   29.77    1.00
  C810                 CONDUIT    393.98     0  00:00      5.56   13.08    0.87
  RRC29100             CONDUIT     30.78     0  19:15      2.56   40.60    1.00
  OLC03400             CONDUIT     16.78     0  05:29      1.40   33.10    1.00
  C815                 CONDUIT     21.97     0  03:04      1.75    3.87    1.00
  C854900              CONDUIT     27.97     1  00:00      2.33   37.26    1.00
  C847900              CONDUIT     34.89     0  00:05      2.91    0.98    1.00
  C824                 CONDUIT     15.22     0  00:02      0.57    0.02    0.52
  OLC02100             CONDUIT     25.58     0  02:36      2.13   36.60    1.00
  C816                 CONDUIT    415.19     0  00:00      8.44    1.14    0.95
  OLC05920             CONDUIT     35.89     0  01:24      2.99   47.81    1.00
  C817                 CONDUIT     56.28     0  00:03      2.70    0.40    1.00
  OLC06540             CONDUIT     47.12     0  00:26      3.93   27.52    1.00
  C818                 CONDUIT    114.58     0  00:02      3.02    0.19    0.83
  OLC08150             CONDUIT     87.39     0  00:02      7.28   85.41    1.00
  OLC10200             CONDUIT     10.89     0  00:04      0.91   12.40    1.00
  C820                 CONDUIT    329.86     0  00:00      5.55    0.42    0.73
  OLC06873             CONDUIT     47.64     0  00:22      3.97   82.54    1.00
  BUR01900             CONDUIT     22.48     0  00:04      1.87   15.53    1.00
  C823                 CONDUIT     41.85     0  00:04      2.13    0.35    1.00
  BUR01901             CONDUIT     57.03     0  00:02      4.75   44.69    1.00
  C838700              CONDUIT     21.10     0  10:59      1.76   28.10    1.00
  C837400              CONDUIT     31.30     0  10:58      2.61   42.48    1.00
  C834000              CONDUIT     42.13     0  08:39      3.51   58.23    1.00
  OLC03500             CONDUIT     57.98     0  04:59      4.83   66.02    1.00
  OLC03499             CONDUIT     77.61     0  04:44      6.47   20.27    1.00
  C832                 CONDUIT    177.53     0  00:00      4.25   11.40    0.81
  1602000              CONDUIT     52.20     0  00:02      4.35   27.27    1.00
  C833                 CONDUIT     76.82     0  00:01      1.25    3.49    0.97
  1602001              CONDUIT     34.63     0  00:05      2.89   55.02    1.00
  C834                 CONDUIT     64.57     0  00:01      5.14   75.31    1.00
  C827301              CONDUIT     47.44     0  19:42      3.95   61.96    1.00
  C827300              CONDUIT     14.60     0  01:23      1.22   31.45    1.00
  C821400              CONDUIT     11.52     0  18:14      0.96   18.79    1.00
  C819100              CONDUIT      9.41     0  15:35      0.78   14.55    1.00
  C815600              CONDUIT     14.74     0  02:28      1.23    1.30    1.00
  C810000              CONDUIT     11.58     0  00:16      0.97   17.11    1.00
  SPC01200             CONDUIT      7.23     0  02:08      0.60   12.66    1.00
  C846a                CONDUIT   1162.16     0  00:00     41.82    1.06    1.00
  C844a                CONDUIT   1258.87     0  00:00    >50.00    1.35    1.00
  C843a                CONDUIT    723.59     0  00:00    >50.00    1.35    1.00
  C826a                CONDUIT      1.83     0  00:13      2.59    0.05    0.72
  C827a                CONDUIT      1.75     0  00:09      2.50    0.02    0.91
  C828a                CONDUIT      0.62     0  00:10      0.08    0.00    0.67
  C829a                CONDUIT      1.01     0  00:00      1.26    0.26    1.00
  C830a                CONDUIT      1.01     0  00:00      1.37    0.76    1.00
  C831a                CONDUIT      0.91     0  00:18      0.32    0.00    0.86
  C819a                CONDUIT      1.17     0  00:06      0.65    0.00    0.94
  C821a                CONDUIT    282.38     0  00:01     22.56    1.08    1.00
  C866500              CONDUIT     24.37     1  00:00      2.03   33.69    1.00
  C857100              CONDUIT     19.72     0  00:17      1.64   30.91    1.00
  GDC32801             CONDUIT    218.97     0  00:00     18.25   80.89    1.00
  C845                 CONDUIT    196.88     0  00:01      6.96   34.97    1.00
  GDC32800             CONDUIT     77.58     0  00:12      6.47   67.21    1.00
  C869000              CONDUIT     51.06     0  03:42      4.26    6.53    1.00
  GDC29700             CONDUIT     30.03     0  00:38      2.50    3.68    1.00
  203                  CONDUIT      8.15     0  02:42     10.38   72.37    1.00
  205                  CONDUIT      8.67     0  00:02     11.04   76.99    1.00
  209                  CONDUIT      3.35     0  00:00      4.28   29.72    1.00
  211                  CONDUIT      7.03     0  00:00      8.95   62.39    1.00
  213                  CONDUIT     10.86     0  00:00     13.82    5.56    1.00
  215                  CONDUIT     10.86     0  00:00     13.82    5.56    1.00
  217                  CONDUIT     10.69     0  00:00     13.61   94.87    1.00
  219                  CONDUIT     10.69     0  00:00     13.61   94.85    1.00
  221                  CONDUIT     10.68     0  00:00     13.59   94.77    1.00
  223                  CONDUIT     10.68     0  00:00     13.60   94.80    1.00
  225                  CONDUIT     10.67     0  00:00     13.59   94.72    1.00
  227                  CONDUIT     10.67     0  00:00     13.59   94.74    1.00
  229                  CONDUIT     10.69     0  00:00     13.61   94.87    1.00
  232                  CONDUIT     10.68     0  00:00     13.60   94.80    1.00
  233                  CONDUIT     16.32     0  00:00     20.78    1.32    1.00
  237                  CONDUIT     10.69     0  00:04     13.61   94.87    1.00
  C801                 CONDUIT     65.46     0  00:02      1.74   23.87    1.00
  C802                 CONDUIT    132.67     0  00:00      3.55   31.63    1.00
  RRC34500             CONDUIT     62.22     0  00:02      5.18   41.43    1.00
  C803                 CONDUIT    220.05     0  00:00      5.72   12.13    1.00
  RRC33900             CONDUIT     41.82     0  00:01      3.49   23.17    1.00
  RRC33500             CONDUIT     24.77     0  00:06      2.06   15.85    1.00
  C805                 CONDUIT     49.35     0  00:01      1.28    4.82    1.00
  RRC32900             CONDUIT     46.34     0  00:00      3.86   17.12    1.00
  C806                 CONDUIT    137.10     0  00:00      3.56   14.32    1.00
  RRC31700             CONDUIT     44.28     0  00:01      3.69   40.07    1.00
  262                  CONDUIT      9.06     0  00:10     11.54   80.42    1.00
  264                  CONDUIT     10.57     0  00:00     13.46   93.83    1.00
  266                  CONDUIT      9.97     0  00:16     12.70   88.52    1.00
  268                  CONDUIT     10.69     0  00:00     13.61   94.87    1.00
  270                  CONDUIT     10.27     0  00:02     13.07   91.13    1.00
  272                  CONDUIT     10.68     0  00:00     13.60   94.78    1.00
  274                  CONDUIT     10.69     0  00:00     13.61   94.87    1.00
  276                  CONDUIT     10.67     0  00:00     13.59   94.74    1.00
  281                  CONDUIT     10.43     0  00:00     13.28    9.26    1.00
  282                  CONDUIT     10.41     0  00:00     13.26    9.24    1.00
  284                  CONDUIT     10.73     0  00:00     13.67    9.53    1.00
  288                  CONDUIT      9.15     0  00:00     11.65   81.21    1.00
  290                  CONDUIT     10.04     0  00:00     12.79    3.15    1.00
  294                  CONDUIT      8.84     0  00:33     11.25   78.42    1.00
  296                  CONDUIT     10.86     0  00:00     13.82    5.56    1.00
  302                  CONDUIT     10.68     0  00:00     13.59   94.77    1.00
  305                  CONDUIT     10.68     0  00:00     13.59   94.77    1.00
  306                  CONDUIT     10.68     0  00:00     13.59   94.77    1.00
  309                  CONDUIT     10.68     0  00:00     13.60   94.80    1.00
  310                  CONDUIT     10.68     0  00:00     13.60   94.80    1.00
  312                  CONDUIT     10.68     0  00:00     13.60   94.80    1.00
  315                  CONDUIT     10.68     0  00:00     13.60   94.78    1.00
  316                  CONDUIT     10.68     0  00:00     13.60   94.78    1.00
  318                  CONDUIT     10.68     0  00:00     13.60   94.78    1.00
  320                  CONDUIT     10.69     0  00:04     13.61   94.87    1.00
  325                  CONDUIT     10.69     0  00:00     13.61   94.87    1.00
  326                  CONDUIT     10.69     0  00:00     13.61   94.87    1.00
  331                  CONDUIT     10.73     0  00:00     13.67    9.53    1.00
  332                  CONDUIT     10.73     0  00:00     13.67    9.53    1.00
  333                  CONDUIT     10.73     0  00:00     13.67    9.53    1.00
  337                  CONDUIT     10.48     0  00:00     13.35   93.03    1.00
  342                  CONDUIT     14.34     0  00:00     18.25    1.50    1.00
  343                  CONDUIT     14.34     0  00:00     18.25    1.50    1.00
  347                  CONDUIT     10.69     0  00:00     13.61   94.87    1.00
  349                  CONDUIT     10.67     0  00:00     13.59   94.74    1.00
  352                  CONDUIT     10.68     0  00:00     13.60   94.78    1.00
  353                  CONDUIT     10.68     0  00:00     13.60   94.78    1.00
  355                  CONDUIT     10.27     0  00:02     13.07   91.13    1.00
  357                  CONDUIT     10.27     0  00:02     13.07   91.13    1.00
  359                  CONDUIT     10.67     0  00:00     13.59   94.72    1.00
  362                  CONDUIT     10.67     0  00:00     13.59   94.74    1.00
  363                  CONDUIT     10.67     0  00:00     13.59   94.74    1.00
  365                  CONDUIT     10.67     0  00:00     13.59   94.74    1.00
  OLC09900             CONDUIT     61.64     0  00:07      5.14   89.64    1.00
  OLC06600             CONDUIT     36.91     0  00:04      3.08   53.67    1.00
  369                  CONDUIT      3.35     0  00:00      4.28   29.72    1.00
  373                  CONDUIT     10.72     0  00:00     13.65    3.85    1.00
  C804a                CONDUIT      0.94     0  00:04      0.40    0.01    0.74
  C843900              CONDUIT     46.29     0  00:04      3.86    0.99    1.00
  OLC11440             CONDUIT     30.94     0  00:01      2.58   19.80    1.00
  386                  CONDUIT     16.33     0  00:00     20.79    1.32    1.00
  388                  CONDUIT     16.32     0  00:00     20.78    1.32    1.00
  PUMP                 PUMP        10.00     0  00:00              1.00
  
  
  ***************************
  Flow Classification Summary
  ***************************
  
  -------------------------------------------------------------------------------------
                      Adjusted    ---------- Fraction of Time in Flow Class ---------- 
                       /Actual         Up    Down  Sub   Sup   Up    Down  Norm  Inlet 
  Conduit               Length    Dry  Dry   Dry   Crit  Crit  Crit  Crit  Ltd   Ctrl  
  -------------------------------------------------------------------------------------
  C842                    1.00   0.00  0.00  0.00  1.00  0.00  0.00  0.00  0.00  0.00
  GDC32803                1.00   0.00  0.00  0.00  1.00  0.00  0.00  0.00  0.00  0.00
  GDC32802                1.00   0.00  0.00  0.00  1.00  0.00  0.00  0.00  0.00  0.00
  C867500                 1.00   0.00  0.00  0.00  1.00  0.00  0.00  0.00  0.00  0.00
  GDC27600                1.00   0.00  0.00  0.00  1.00  0.00  0.00  0.00  0.00  0.00
  C814                    1.00   0.00  0.00  0.00  1.00  0.00  0.00  0.00  0.00  0.00
  OLC03000                1.00   0.00  0.00  0.00  1.00  0.00  0.00  0.00  0.00  0.00
  C813                    1.00   0.00  0.00  0.00  1.00  0.00  0.00  0.00  0.00  0.00
  OLC03001                1.00   0.00  0.00  0.00  1.00  0.00  0.00  0.00  0.00  0.00
  C811                    1.00   0.00  0.00  0.00  1.00  0.00  0.00  0.00  0.00  0.00
  C850                    1.00   0.00  0.00  0.00  1.00  0.00  0.00  0.00  0.00  0.00
  GDC14400                1.00   0.00  0.00  0.00  1.00  0.00  0.00  0.00  0.00  0.00
  C849                    1.00   0.00  0.00  0.00  1.00  0.00  0.00  0.00  0.00  0.00
  GDC17500                1.00   0.00  0.00  0.00  1.00  0.00  0.00  0.00  0.00  0.00
  C848                    1.00   0.00  0.00  0.00  1.00  0.00  0.00  0.00  0.00  0.00
  GDC21901                1.00   0.00  0.00  0.00  1.00  0.00  0.00  0.00  0.00  0.00
  C847                    1.00   0.00  0.00  0.00  1.00  0.00  0.00  0.00  0.00  0.00
  GDC21900                1.00   0.00  0.00  0.00  1.00  0.00  0.00  0.00  0.00  0.00
  C809                    1.00   0.00  0.00  0.00  1.00  0.00  0.00  0.00  0.00  0.00
  RRC29101                1.00   0.00  0.00  0.00  1.00  0.00  0.00  0.00  0.00  0.00
  C808                    1.00   0.00  0.00  0.00  1.00  0.00  0.00  0.00  0.00  0.00
  RRC29102                1.00   0.00  0.00  0.00  1.00  0.00  0.00  0.00  0.00  0.00
  C807                    1.00   0.00  0.00  0.00  1.00  0.00  0.00  0.00  0.00  0.00
  RRC26700                1.00   0.00  0.00  0.00  1.00  0.00  0.00  0.00  0.00  0.00
  C810                    1.00   0.00  0.00  0.00  1.00  0.00  0.00  0.00  0.00  0.00
  RRC29100                1.00   0.00  0.00  0.00  1.00  0.00  0.00  0.00  0.00  0.00
  OLC03400                1.00   0.00  0.00  0.00  1.00  0.00  0.00  0.00  0.00  0.00
  C815                    1.00   0.00  0.00  0.00  1.00  0.00  0.00  0.00  0.00  0.00
  C854900                 1.00   0.00  0.00  0.00  1.00  0.00  0.00  0.00  0.00  0.00
  C847900                 1.00   0.00  0.00  0.00  1.00  0.00  0.00  0.00  0.00  0.00
  C824                    1.00   0.00  0.00  0.00  1.00  0.00  0.00  0.00  0.00  0.00
  OLC02100                1.00   0.00  0.00  0.00  1.00  0.00  0.00  0.00  0.00  0.00
  C816                    1.00   0.00  0.00  0.00  1.00  0.00  0.00  0.00  0.00  0.00
  OLC05920                1.00   0.00  0.00  0.00  1.00  0.00  0.00  0.00  0.00  0.00
  C817                    1.00   0.00  0.00  0.00  1.00  0.00  0.00  0.00  0.00  0.00
  OLC06540                1.00   0.00  0.00  0.00  1.00  0.00  0.00  0.00  0.00  0.00
  C818                    1.00   0.00  0.00  0.00  1.00  0.00  0.00  0.00  0.89  0.00
  OLC08150                1.00   0.00  0.00  0.00  0.98  0.02  0.00  0.00  0.00  0.00
  OLC10200                1.00   0.00  0.00  0.00  1.00  0.00  0.00  0.00  0.00  0.00
  C820                    1.00   0.00  0.00  0.00  1.00  0.00  0.00  0.00  0.00  0.00
  OLC06873                1.00   0.00  0.00  0.00  1.00  0.00  0.00  0.00  0.00  0.00
  BUR01900                1.00   0.00  0.00  0.00  1.00  0.00  0.00  0.00  0.00  0.00
  C823                    1.00   0.00  0.00  0.00  1.00  0.00  0.00  0.00  0.00  0.00
  BUR01901                1.00   0.00  0.00  0.00  1.00  0.00  0.00  0.00  0.00  0.00
  C838700                 1.00   0.00  0.00  0.00  1.00  0.00  0.00  0.00  0.00  0.00
  C837400                 1.00   0.00  0.00  0.00  1.00  0.00  0.00  0.00  0.00  0.00
  C834000                 1.00   0.00  0.00  0.00  1.00  0.00  0.00  0.00  0.00  0.00
  OLC03500                1.00   0.00  0.00  0.00  1.00  0.00  0.00  0.00  0.00  0.00
  OLC03499                1.00   0.00  0.00  0.00  0.03  0.97  0.00  0.00  0.00  0.00
  C832                    1.00   0.00  0.00  0.00  1.00  0.00  0.00  0.00  0.00  0.00
  1602000                 1.00   0.00  0.00  0.00  1.00  0.00  0.00  0.00  0.00  0.00
  C833                    1.00   0.00  0.00  0.00  1.00  0.00  0.00  0.00  0.00  0.00
  1602001                 1.00   0.00  0.00  0.00  1.00  0.00  0.00  0.00  0.00  0.00
  C834                    1.00   0.00  0.00  0.00  1.00  0.00  0.00  0.00  0.00  0.00
  C827301                 1.00   0.00  0.00  0.00  1.00  0.00  0.00  0.00  0.00  0.00
  C827300                 1.00   0.00  0.00  0.00  1.00  0.00  0.00  0.00  0.00  0.00
  C821400                 1.00   0.00  0.00  0.00  1.00  0.00  0.00  0.00  0.00  0.00
  C819100                 1.00   0.00  0.00  0.00  1.00  0.00  0.00  0.00  0.00  0.00
  C815600                 1.00   0.00  0.00  0.00  1.00  0.00  0.00  0.00  0.00  0.00
  C810000                 1.00   0.00  0.00  0.00  1.00  0.00  0.00  0.00  0.00  0.00
  SPC01200                1.00   0.00  0.00  0.00  1.00  0.00  0.00  0.00  0.00  0.00
  C846a                   1.00   0.00  0.00  0.00  1.00  0.00  0.00  0.00  1.00  0.00
  C844a                   1.00   0.00  0.00  0.00  0.96  0.04  0.00  0.00  1.00  0.00
  C843a                   1.00   0.00  0.00  0.00  1.00  0.00  0.00  0.00  1.00  0.00
  C826a                   1.00   0.00  0.00  0.00  1.00  0.00  0.00  0.00  0.00  0.00
  C827a                   1.00   0.00  0.00  0.00  1.00  0.00  0.00  0.00  0.00  0.00
  C828a                   1.00   0.00  0.00  0.00  1.00  0.00  0.00  0.00  0.00  0.00
  C829a                   1.00   0.00  0.00  0.00  1.00  0.00  0.00  0.00  0.00  0.00
  C830a                   1.00   0.00  0.00  0.00  1.00  0.00  0.00  0.00  0.00  0.00
  C831a                   1.00   0.00  0.00  0.00  1.00  0.00  0.00  0.00  0.00  0.00
  C819a                   1.00   0.00  0.00  0.00  1.00  0.00  0.00  0.00  0.00  0.00
  C821a                   1.00   0.00  0.00  0.00  0.99  0.01  0.00  0.00  0.99  0.00
  C866500                 1.00   0.00  0.00  0.00  1.00  0.00  0.00  0.00  0.00  0.00
  C857100                 1.00   0.00  0.00  0.00  1.00  0.00  0.00  0.00  0.00  0.00
  GDC32801                1.00   0.00  0.00  0.00  0.64  0.36  0.00  0.00  0.00  0.00
  C845                    1.00   0.00  0.00  0.00  1.00  0.00  0.00  0.00  0.00  0.00
  GDC32800                1.00   0.00  0.00  0.00  0.97  0.03  0.00  0.00  0.00  0.00
  C869000                 1.00   0.00  0.00  0.00  1.00  0.00  0.00  0.00  0.00  0.00
  GDC29700                1.00   0.00  0.00  0.00  1.00  0.00  0.00  0.00  0.00  0.00
  203                     1.00   0.00  0.00  0.00  1.00  0.00  0.00  0.00  0.00  0.00
  205                     1.00   0.00  0.00  0.00  1.00  0.00  0.00  0.00  0.00  0.00
  209                     1.00   0.00  0.00  0.00  1.00  0.00  0.00  0.00  0.00  0.00
  211                     1.00   0.00  0.00  0.00  1.00  0.00  0.00  0.00  0.00  0.00
  213                     1.00   0.00  0.00  0.00  1.00  0.00  0.00  0.00  0.00  0.00
  215                     1.00   0.00  0.00  0.00  1.00  0.00  0.00  0.00  0.00  0.00
  217                     1.00   0.00  0.00  0.00  1.00  0.00  0.00  0.00  0.00  0.00
  219                     1.00   0.00  0.00  0.00  1.00  0.00  0.00  0.00  0.00  0.00
  221                     1.00   0.00  0.00  0.00  1.00  0.00  0.00  0.00  0.00  0.00
  223                     1.00   0.00  0.00  0.00  1.00  0.00  0.00  0.00  0.00  0.00
  225                     1.00   0.00  0.00  0.00  1.00  0.00  0.00  0.00  0.00  0.00
  227                     1.00   0.00  0.00  0.00  1.00  0.00  0.00  0.00  0.00  0.00
  229                     1.00   0.00  0.00  0.00  1.00  0.00  0.00  0.00  0.00  0.00
  232                     1.00   0.00  0.00  0.00  1.00  0.00  0.00  0.00  0.00  0.00
  233                     1.00   0.00  0.00  0.00  1.00  0.00  0.00  0.00  0.00  0.00
  237                     1.00   0.00  0.00  0.00  1.00  0.00  0.00  0.00  0.00  0.00
  C801                    1.00   0.00  0.00  0.00  1.00  0.00  0.00  0.00  0.00  0.00
  C802                    1.00   0.00  0.00  0.00  1.00  0.00  0.00  0.00  0.00  0.00
  RRC34500                1.00   0.00  0.00  0.00  1.00  0.00  0.00  0.00  0.00  0.00
  C803                    1.00   0.00  0.00  0.00  1.00  0.00  0.00  0.00  0.00  0.00
  RRC33900                1.00   0.00  0.00  0.00  1.00  0.00  0.00  0.00  0.00  0.00
  RRC33500                1.00   0.00  0.00  0.00  1.00  0.00  0.00  0.00  0.00  0.00
  C805                    1.00   0.00  0.00  0.00  1.00  0.00  0.00  0.00  0.00  0.00
  RRC32900                1.00   0.00  0.00  0.00  1.00  0.00  0.00  0.00  0.00  0.00
  C806                    1.00   0.00  0.00  0.00  1.00  0.00  0.00  0.00  0.00  0.00
  RRC31700                1.00   0.00  0.00  0.00  1.00  0.00  0.00  0.00  0.00  0.00
  262                     1.00   0.00  0.00  0.00  1.00  0.00  0.00  0.00  0.00  0.00
  264                     1.00   0.00  0.00  0.00  1.00  0.00  0.00  0.00  0.00  0.00
  266                     1.00   0.00  0.00  0.00  1.00  0.00  0.00  0.00  0.00  0.00
  268                     1.00   0.00  0.00  0.00  1.00  0.00  0.00  0.00  0.00  0.00
  270                     1.00   0.00  0.00  0.00  1.00  0.00  0.00  0.00  0.00  0.00
  272                     1.00   0.00  0.00  0.00  1.00  0.00  0.00  0.00  0.00  0.00
  274                     1.00   0.00  0.00  0.00  1.00  0.00  0.00  0.00  0.00  0.00
  276                     1.00   0.00  0.00  0.00  1.00  0.00  0.00  0.00  0.00  0.00
  281                     1.00   0.00  0.00  0.00  1.00  0.00  0.00  0.00  0.00  0.00
  282                     1.00   0.00  0.00  0.00  1.00  0.00  0.00  0.00  0.00  0.00
  284                     1.00   0.00  0.00  0.00  1.00  0.00  0.00  0.00  0.00  0.00
  288                     1.00   0.00  0.00  0.00  1.00  0.00  0.00  0.00  0.00  0.00
  290                     1.00   0.00  0.00  0.00  1.00  0.00  0.00  0.00  0.00  0.00
  294                     1.00   0.00  0.00  0.00  1.00  0.00  0.00  0.00  0.00  0.00
  296                     1.00   0.00  0.00  0.00  1.00  0.00  0.00  0.00  0.00  0.00
  302                     1.00   0.00  0.00  0.00  1.00  0.00  0.00  0.00  0.00  0.00
  305                     1.00   0.00  0.00  0.00  1.00  0.00  0.00  0.00  0.00  0.00
  306                     1.00   0.00  0.00  0.00  1.00  0.00  0.00  0.00  0.00  0.00
  309                     1.00   0.00  0.00  0.00  1.00  0.00  0.00  0.00  0.00  0.00
  310                     1.00   0.00  0.00  0.00  1.00  0.00  0.00  0.00  0.00  0.00
  312                     1.00   0.00  0.00  0.00  1.00  0.00  0.00  0.00  0.00  0.00
  315                     1.00   0.00  0.00  0.00  1.00  0.00  0.00  0.00  0.00  0.00
  316                     1.00   0.00  0.00  0.00  1.00  0.00  0.00  0.00  0.00  0.00
  318                     1.00   0.00  0.00  0.00  1.00  0.00  0.00  0.00  0.00  0.00
  320                     1.00   0.00  0.00  0.00  1.00  0.00  0.00  0.00  0.00  0.00
  325                     1.00   0.00  0.00  0.00  1.00  0.00  0.00  0.00  0.00  0.00
  326                     1.00   0.00  0.00  0.00  1.00  0.00  0.00  0.00  0.00  0.00
  331                     1.00   0.00  0.00  0.00  1.00  0.00  0.00  0.00  0.00  0.00
  332                     1.00   0.00  0.00  0.00  1.00  0.00  0.00  0.00  0.00  0.00
  333                     1.00   0.00  0.00  0.00  1.00  0.00  0.00  0.00  0.00  0.00
  337                     1.00   0.00  0.00  0.00  1.00  0.00  0.00  0.00  0.00  0.00
  342                     1.00   0.00  0.00  0.00  0.92  0.08  0.00  0.00  0.84  0.00
  343                     1.00   0.00  0.00  0.00  0.92  0.08  0.00  0.00  0.84  0.00
  347                     1.00   0.00  0.00  0.00  1.00  0.00  0.00  0.00  0.00  0.00
  349                     1.00   0.00  0.00  0.00  1.00  0.00  0.00  0.00  0.00  0.00
  352                     1.00   0.00  0.00  0.00  1.00  0.00  0.00  0.00  0.00  0.00
  353                     1.00   0.00  0.00  0.00  1.00  0.00  0.00  0.00  0.00  0.00
  355                     1.00   0.00  0.00  0.00  1.00  0.00  0.00  0.00  0.00  0.00
  357                     1.00   0.00  0.00  0.00  1.00  0.00  0.00  0.00  0.00  0.00
  359                     1.00   0.00  0.00  0.00  1.00  0.00  0.00  0.00  0.00  0.00
  362                     1.00   0.00  0.00  0.00  1.00  0.00  0.00  0.00  0.00  0.00
  363                     1.00   0.00  0.00  0.00  1.00  0.00  0.00  0.00  0.00  0.00
  365                     1.00   0.00  0.00  0.00  1.00  0.00  0.00  0.00  0.00  0.00
  OLC09900                1.00   0.00  0.00  0.00  1.00  0.00  0.00  0.00  0.00  0.00
  OLC06600                1.00   0.00  0.00  0.00  1.00  0.00  0.00  0.00  0.00  0.00
  369                     1.00   0.00  0.00  0.00  1.00  0.00  0.00  0.00  0.00  0.00
  373                     1.00   0.00  0.00  0.00  1.00  0.00  0.00  0.00  0.00  0.00
  C804a                   1.00   0.00  0.00  0.00  1.00  0.00  0.00  0.00  0.00  0.00
  C843900                 1.00   0.00  0.00  0.00  1.00  0.00  0.00  0.00  0.83  0.00
  OLC11440                1.00   0.00  0.00  0.00  1.00  0.00  0.00  0.00  0.00  0.00
  386                     1.00   0.00  0.00  0.00  1.00  0.00  0.00  0.00  0.00  0.00
  388                     1.00   0.00  0.00  0.00  1.00  0.00  0.00  0.00  0.00  0.00
  
  
  *************************
  Conduit Surcharge Summary
  *************************
  
  ----------------------------------------------------------------------------
                                                           Hours        Hours 
                         --------- Hours Full --------   Above Full   Capacity
  Conduit                Both Ends  Upstream  Dnstream   Normal Flow   Limited
  ----------------------------------------------------------------------------
  C842                        2.67      2.67      2.75      0.01         0.13
  GDC32803                   10.76     10.79     10.76      9.91         9.21
  GDC32802                    0.07      0.07      0.12      0.28         0.01
  C867500                    24.00     24.00     24.00     23.96         0.11
  GDC27600                   24.00     24.00     24.00     23.97        24.00
  C814                        0.01      0.01      0.01      0.02         0.01
  OLC03000                   24.00     24.00     24.00     23.99         0.01
  C813                        0.56      0.56      0.56     23.50         0.18
  OLC03001                   24.00     24.00     24.00     23.97         0.37
  C811                        7.07      7.07      9.24      0.18         0.01
  C850                       21.23     21.23     23.99      0.01         0.01
  GDC14400                   24.00     24.00     24.00     23.91        20.66
  C849                        0.04      0.04      3.48      0.01         0.01
  GDC17500                   24.00     24.00     24.00     23.97         0.06
  C848                        3.83      3.83      3.83      0.01         0.10
  GDC21901                   24.00     24.00     24.00     23.96        24.00
  C847                        3.48      3.49      3.49      0.01         1.64
  GDC21900                   24.00     24.00     24.00     23.96         0.01
  C809                        0.01      0.01      0.01     21.32         0.01
  RRC29101                   24.00     24.00     24.00     23.99         0.01
  C808                        0.01      0.01      0.01      0.01         0.01
  RRC29102                   24.00     24.00     24.00     24.00         0.04
  C807                        0.01      0.01      0.01     13.85         0.01
  RRC26700                   24.00     24.00     24.00     23.99         0.10
  C810                        0.01      0.01      0.01     13.34         0.01
  RRC29100                   24.00     24.00     24.00     23.98         0.16
  OLC03400                   24.00     24.00     24.00     23.97        24.00
  C815                       10.60     10.66     10.60     23.78        10.37
  C854900                    24.00     24.00     24.00     23.99         0.01
  C847900                     3.70      3.70     24.00      0.01         0.01
  OLC02100                   24.00     24.00     24.00     23.98        23.67
  C816                        0.01      0.01      0.05      0.01         0.01
  OLC05920                   24.00     24.00     24.00     23.99        23.87
  C817                        0.01      0.01      0.03      0.01         0.01
  OLC06540                   13.98     16.48     13.98     23.99        13.98
  OLC08150                    0.01     14.75      0.01     24.00         0.01
  OLC10200                   24.00     24.00     24.00     23.98        23.67
  OLC06873                    4.05      4.05     24.00     24.00         0.01
  BUR01900                   24.00     24.00     24.00      3.73         3.16
  C823                        2.74      2.74      3.35      0.01         0.01
  BUR01901                   24.00     24.00     24.00      7.69         7.01
  C838700                    24.00     24.00     24.00     23.72         2.32
  C837400                    24.00     24.00     24.00     23.84         1.58
  C834000                    24.00     24.00     24.00     23.96         0.01
  OLC03500                   24.00     24.00     24.00     23.97         0.01
  OLC03499                   24.00     24.00     24.00     23.99         0.01
  C832                        0.01      0.01      0.01      8.51         0.01
  1602000                    24.00     24.00     24.00     23.44        20.45
  C833                        0.01      0.01      0.01      1.91         0.01
  1602001                    24.00     24.00     24.00     23.90        19.54
  C834                       24.00     24.00     24.00     23.94         7.05
  C827301                    24.00     24.00     24.00     23.97        24.00
  C827300                    24.00     24.00     24.00     23.72        17.74
  C821400                    24.00     24.00     24.00     23.85        22.64
  C819100                    24.00     24.00     24.00     23.71        23.68
  C815600                    24.00     24.00     24.00     17.14         0.01
  C810000                    24.00     24.00     24.00     19.85         0.01
  SPC01200                   24.00     24.00     24.00     23.90        24.00
  C846a                       0.02      0.03     24.00      0.02         0.02
  C844a                       0.01      0.01     24.00      0.01         0.01
  C843a                       0.01      0.01     24.00      0.01         0.01
  C826a                       0.01      0.01     23.80      0.01         0.01
  C827a                       0.01      0.01     23.75      0.01         0.01
  C828a                       0.01      0.01     23.83      0.01         0.01
  C829a                      23.76     23.76     23.76      0.01         0.01
  C830a                      23.89     23.89     23.89      0.01         0.01
  C831a                       0.01      0.01     23.67      0.01         0.01
  C819a                       0.01      0.01     23.73      0.01         0.01
  C821a                       0.11      0.12     23.99      0.14         0.11
  C866500                    24.00     24.00     24.00     24.00         0.01
  C857100                    24.00     24.00     24.00     23.99        24.00
  GDC32801                    0.15      0.15     24.00     24.00         0.01
  C845                        0.06      0.06      0.08     24.00         0.01
  GDC32800                   24.00     24.00     24.00     24.00         0.01
  C869000                    24.00     24.00     24.00     23.91         0.08
  GDC29700                   24.00     24.00     24.00     23.89         0.01
  203                        24.00     24.00     24.00     24.00         0.01
  205                        24.00     24.00     24.00     24.00         0.01
  209                        24.00     24.00     24.00     24.00         0.01
  211                        12.14     24.00     12.14      0.43         0.01
  213                        24.00     24.00     24.00     24.00        24.00
  215                        24.00     24.00     24.00     24.00        24.00
  217                        24.00     24.00     24.00     24.00         0.01
  219                        24.00     24.00     24.00     24.00         0.01
  221                        24.00     24.00     24.00     24.00         0.01
  223                        24.00     24.00     24.00     24.00         0.01
  225                        24.00     24.00     24.00     24.00         0.01
  227                        24.00     24.00     24.00     24.00         0.01
  229                        24.00     24.00     24.00     24.00         0.01
  232                        24.00     24.00     24.00     24.00         0.01
  233                        24.00     24.00     24.00     24.00        24.00
  237                        24.00     24.00     24.00     24.00         0.01
  C801                        0.33      0.37      0.35      0.30         0.16
  C802                        0.32      0.35      0.35      0.35         0.17
  RRC34500                   24.00     24.00     24.00      7.61         2.93
  C803                        0.34      0.43      0.41      0.39         0.16
  RRC33900                   24.00     24.00     24.00      0.48         4.31
  RRC33500                   24.00     24.00     24.00      0.81         2.10
  C805                       24.00     24.00     24.00      0.15         1.49
  RRC32900                   24.00     24.00     24.00      0.42         1.79
  C806                       24.00     24.00     24.00      0.23         1.85
  RRC31700                   24.00     24.00     24.00     23.24        22.67
  262                        24.00     24.00     24.00     24.00         0.01
  264                        24.00     24.00     24.00     24.00         0.01
  266                        24.00     24.00     24.00     24.00         0.01
  268                        24.00     24.00     24.00     24.00         0.01
  270                        24.00     24.00     24.00     24.00         0.01
  272                        24.00     24.00     24.00     24.00         0.01
  274                        24.00     24.00     24.00     24.00         0.01
  276                        24.00     24.00     24.00     24.00         0.01
  281                        10.76     10.76     24.00     10.76        10.76
  282                         0.12      0.12      0.14      0.13         0.12
  284                        24.00     24.00     24.00     24.00        24.00
  288                        24.00     24.00     24.00     24.00         0.01
  290                        24.00     24.00     24.00     24.00        24.00
  294                        24.00     24.00     24.00     24.00         0.01
  296                        24.00     24.00     24.00     24.00        24.00
  302                        24.00     24.00     24.00     24.00         0.01
  305                        24.00     24.00     24.00     24.00         0.01
  306                        24.00     24.00     24.00     24.00         0.01
  309                        24.00     24.00     24.00     24.00         0.01
  310                        24.00     24.00     24.00     24.00         0.01
  312                        24.00     24.00     24.00     24.00         0.01
  315                        24.00     24.00     24.00     24.00         0.01
  316                        24.00     24.00     24.00     24.00         0.01
  318                        24.00     24.00     24.00     24.00         0.01
  320                        24.00     24.00     24.00     24.00         0.01
  325                        24.00     24.00     24.00     24.00         0.01
  326                        24.00     24.00     24.00     24.00         0.01
  331                        24.00     24.00     24.00     24.00        24.00
  332                        24.00     24.00     24.00     24.00        24.00
  333                        24.00     24.00     24.00     24.00        24.00
  337                        24.00     24.00     24.00     24.00         0.01
  342                         3.69      3.70     24.00      3.85         3.68
  343                         3.69      3.70     24.00      3.85         3.68
  347                        24.00     24.00     24.00     24.00         0.01
  349                        24.00     24.00     24.00     24.00         0.01
  352                        24.00     24.00     24.00     24.00         0.01
  353                        24.00     24.00     24.00     24.00         0.01
  355                        24.00     24.00     24.00     24.00         0.01
  357                        24.00     24.00     24.00     24.00         0.01
  359                        24.00     24.00     24.00     24.00         0.01
  362                        24.00     24.00     24.00     24.00         0.01
  363                        24.00     24.00     24.00     24.00         0.01
  365                        24.00     24.00     24.00     24.00         0.01
  OLC09900                    0.21      0.21     24.00     23.99         0.01
  OLC06600                   24.00     24.00     24.00     23.99         0.46
  369                        24.00     24.00     24.00     24.00         0.01
  373                        24.00     24.00     24.00     24.00        24.00
  C804a                       0.01      0.01     23.93      0.01         0.01
  C843900                     3.68      3.68     24.00      0.01         0.02
  OLC11440                   24.00     24.00     24.00      1.02         4.05
  386                        24.00     24.00     24.00     24.00        24.00
  388                        24.00     24.00     24.00     24.00        24.00
  
  
  ***************
  Pumping Summary
  ***************
  
  ---------------------------------------------------------------------------------------------------------
                                                  Min       Avg       Max     Total     Power    % Time Off
                        Percent   Number of      Flow      Flow      Flow    Volume     Usage    Pump Curve
  Pump                 Utilized   Start-Ups       CFS       CFS       CFS  10^6 gal     Kw-hr    Low   High
  ---------------------------------------------------------------------------------------------------------
  PUMP                   100.00           1      0.00      1.67     10.00     0.972     19.62    0.0    5.6
  

  Analysis begun on:  Wed Jul 22 11:52:31 2026
  Analysis ended on:  Wed Jul 22 11:52:34 2026
  Total elapsed time: 00:00:03