
  EPA STORM WATER MANAGEMENT MODEL - VERSION 5.2 (Build 5.2.4)
  ------------------------------------------------------------

  Converted from XPSWMM .xp file 
  WARNING 04: minimum elevation drop used for Conduit 1072
  WARNING 04: minimum elevation drop used for Conduit PG13124
  WARNING 04: minimum elevation drop used for Conduit PG13121
  WARNING 04: minimum elevation drop used for Conduit PF14071
  WARNING 04: minimum elevation drop used for Conduit PF15076
  WARNING 04: minimum elevation drop used for Conduit PF15077
  WARNING 04: minimum elevation drop used for Conduit PG15186
  WARNING 04: minimum elevation drop used for Conduit G15184
  WARNING 04: minimum elevation drop used for Conduit 1152
  WARNING 04: minimum elevation drop used for Conduit H16428
  WARNING 04: minimum elevation drop used for Conduit H16417
  WARNING 04: minimum elevation drop used for Conduit 2016
  WARNING 04: minimum elevation drop used for Conduit H15263
  WARNING 04: minimum elevation drop used for Conduit 1137
  WARNING 04: minimum elevation drop used for Conduit 1136-8"
  WARNING 04: minimum elevation drop used for Conduit 2136
  WARNING 04: minimum elevation drop used for Conduit 1146
  WARNING 04: minimum elevation drop used for Conduit 1135
  WARNING 04: minimum elevation drop used for Conduit 1138-a
  WARNING 04: minimum elevation drop used for Conduit 1134
  WARNING 04: minimum elevation drop used for Conduit 1130
  WARNING 04: minimum elevation drop used for Conduit 1133
  WARNING 04: minimum elevation drop used for Conduit 5130
  WARNING 04: minimum elevation drop used for Conduit 1122
  WARNING 04: minimum elevation drop used for Conduit 1060
  WARNING 04: minimum elevation drop used for Conduit 8001D
  WARNING 04: minimum elevation drop used for Conduit F10004
  WARNING 04: minimum elevation drop used for Conduit F10079
  WARNING 04: minimum elevation drop used for Conduit EO9099
  WARNING 04: minimum elevation drop used for Conduit E09117
  WARNING 04: minimum elevation drop used for Conduit 1035
  WARNING 04: minimum elevation drop used for Conduit E09242
  WARNING 04: minimum elevation drop used for Conduit 1046
  WARNING 04: minimum elevation drop used for Conduit E09036
  WARNING 04: minimum elevation drop used for Conduit 62
  WARNING 04: minimum elevation drop used for Conduit 005
  WARNING 04: minimum elevation drop used for Conduit 1141
  WARNING 04: minimum elevation drop used for Conduit D13025
  WARNING 04: minimum elevation drop used for Conduit F09204
  WARNING 04: minimum elevation drop used for Conduit G002
  WARNING 04: minimum elevation drop used for Conduit -21
  WARNING 04: minimum elevation drop used for Conduit 2103
  WARNING 04: minimum elevation drop used for Conduit 1104
  WARNING 04: minimum elevation drop used for Conduit 2104
  WARNING 04: minimum elevation drop used for Conduit 86
  WARNING 04: minimum elevation drop used for Conduit 2086
  WARNING 04: minimum elevation drop used for Conduit 2164
  WARNING 04: minimum elevation drop used for Conduit 1018
  WARNING 04: minimum elevation drop used for Conduit 1191
  WARNING 04: minimum elevation drop used for Conduit 3086.1
  WARNING 04: minimum elevation drop used for Conduit 4086
  WARNING 04: minimum elevation drop used for Conduit K13021
  WARNING 04: minimum elevation drop used for Conduit 1167
  WARNING 04: minimum elevation drop used for Conduit 2190
  WARNING 04: minimum elevation drop used for Conduit 3117
  WARNING 04: minimum elevation drop used for Conduit 1079
  WARNING 04: minimum elevation drop used for Conduit J1313
  WARNING 04: minimum elevation drop used for Conduit 1101
  WARNING 04: minimum elevation drop used for Conduit 10078
  WARNING 04: minimum elevation drop used for Conduit 1078
  WARNING 04: minimum elevation drop used for Conduit 1010
  WARNING 04: minimum elevation drop used for Conduit 1069
  WARNING 04: minimum elevation drop used for Conduit H13012
  WARNING 04: minimum elevation drop used for Conduit H14022
  WARNING 04: minimum elevation drop used for Conduit WM4001
  WARNING 04: minimum elevation drop used for Conduit 1171-60
  WARNING 04: minimum elevation drop used for Conduit 4112a
  WARNING 04: minimum elevation drop used for Conduit J13025
  WARNING 04: minimum elevation drop used for Conduit 1070
  WARNING 04: minimum elevation drop used for Conduit J13029.1
  WARNING 04: minimum elevation drop used for Conduit J13024
  WARNING 04: minimum elevation drop used for Conduit J13052
  WARNING 04: minimum elevation drop used for Conduit 177
  WARNING 04: minimum elevation drop used for Conduit M8162
  WARNING 04: minimum elevation drop used for Conduit MH18166
  WARNING 04: minimum elevation drop used for Conduit 1180
  WARNING 04: minimum elevation drop used for Conduit 1179
  WARNING 04: minimum elevation drop used for Conduit M19039
  WARNING 04: minimum elevation drop used for Conduit -44
  WARNING 04: minimum elevation drop used for Conduit -30
  WARNING 04: minimum elevation drop used for Conduit -26
  WARNING 04: minimum elevation drop used for Conduit -8_2
  WARNING 04: minimum elevation drop used for Conduit -3_2
  WARNING 04: minimum elevation drop used for Conduit 009.1
  WARNING 04: minimum elevation drop used for Conduit 10
  WARNING 04: minimum elevation drop used for Conduit 1065
  WARNING 04: minimum elevation drop used for Conduit 112_2
  WARNING 04: minimum elevation drop used for Conduit 171-60
  WARNING 04: minimum elevation drop used for Conduit 3001
  WARNING 04: minimum elevation drop used for Conduit 5001
  WARNING 04: minimum elevation drop used for Conduit N-GRIT
  WARNING 04: minimum elevation drop used for Conduit S-GRIT
  WARNING 04: minimum elevation drop used for Conduit P-V1
  WARNING 04: minimum elevation drop used for Conduit 8002D
  WARNING 04: minimum elevation drop used for Conduit 50
  WARNING 04: minimum elevation drop used for Conduit 152_2
  WARNING 04: minimum elevation drop used for Conduit 009
  WARNING 04: minimum elevation drop used for Conduit 1009
  WARNING 04: minimum elevation drop used for Conduit 3100
  WARNING 04: minimum elevation drop used for Conduit 011
  WARNING 04: minimum elevation drop used for Conduit 117
  WARNING 04: minimum elevation drop used for Conduit 1067
  WARNING 04: minimum elevation drop used for Conduit 53
  WARNING 04: minimum elevation drop used for Conduit PVT53
  WARNING 04: minimum elevation drop used for Conduit 153
  WARNING 04: minimum elevation drop used for Conduit 1049
  WARNING 04: minimum elevation drop used for Conduit 2049
  WARNING 04: minimum elevation drop used for Conduit 17
  WARNING 04: minimum elevation drop used for Conduit 52
  WARNING 04: minimum elevation drop used for Conduit 1052
  WARNING 04: minimum elevation drop used for Conduit 44_2
  WARNING 04: minimum elevation drop used for Conduit 3074
  WARNING 04: minimum elevation drop used for Conduit 004
  WARNING 04: minimum elevation drop used for Conduit 006
  WARNING 04: minimum elevation drop used for Conduit 007
  WARNING 04: minimum elevation drop used for Conduit 008
  WARNING 04: minimum elevation drop used for Conduit 016
  WARNING 04: minimum elevation drop used for Conduit 054
  WARNING 04: minimum elevation drop used for Conduit 060
  WARNING 04: minimum elevation drop used for Conduit 063_2
  WARNING 04: minimum elevation drop used for Conduit 179_2
  WARNING 04: minimum elevation drop used for Conduit 164
  WARNING 04: minimum elevation drop used for Conduit canal
  WARNING 04: minimum elevation drop used for Conduit 1703
  WARNING 04: minimum elevation drop used for Conduit 146
  WARNING 04: minimum elevation drop used for Conduit 141_2
  WARNING 04: minimum elevation drop used for Conduit CG001
  WARNING 04: minimum elevation drop used for Conduit CG002
  WARNING 04: minimum elevation drop used for Conduit CG006
  WARNING 04: minimum elevation drop used for Conduit CG005
  WARNING 04: minimum elevation drop used for Conduit CG003
  WARNING 04: minimum elevation drop used for Conduit CG1003
  WARNING 04: minimum elevation drop used for Conduit CG1008
  WARNING 04: minimum elevation drop used for Conduit CG008
  WARNING 04: minimum elevation drop used for Conduit CG1007
  WARNING 04: minimum elevation drop used for Conduit CG019
  WARNING 04: minimum elevation drop used for Conduit CG1025
  WARNING 04: minimum elevation drop used for Conduit CG024
  WARNING 04: minimum elevation drop used for Conduit CG034
  WARNING 04: minimum elevation drop used for Conduit CG033
  WARNING 04: minimum elevation drop used for Conduit CG036
  WARNING 04: minimum elevation drop used for Conduit CG1031
  WARNING 04: minimum elevation drop used for Conduit CG030
  WARNING 04: minimum elevation drop used for Conduit CG1029
  WARNING 04: minimum elevation drop used for Conduit CG028
  WARNING 04: minimum elevation drop used for Conduit CG022
  WARNING 04: minimum elevation drop used for Conduit CG1021
  WARNING 04: minimum elevation drop used for Conduit CG1005
  WARNING 04: minimum elevation drop used for Conduit CG1002
  WARNING 04: minimum elevation drop used for Conduit CG004
  WARNING 04: minimum elevation drop used for Conduit CG015
  WARNING 04: minimum elevation drop used for Conduit CG017
  WARNING 04: minimum elevation drop used for Conduit CG016
  WARNING 04: minimum elevation drop used for Conduit CG1018
  WARNING 04: minimum elevation drop used for Conduit CG014
  WARNING 04: minimum elevation drop used for Conduit CG013
  WARNING 04: minimum elevation drop used for Conduit CG012
  WARNING 04: minimum elevation drop used for Conduit CG011
  WARNING 04: minimum elevation drop used for Conduit CG009
  WARNING 04: minimum elevation drop used for Conduit CG007
  WARNING 04: minimum elevation drop used for Conduit CG010
  WARNING 04: minimum elevation drop used for Conduit CG026
  WARNING 04: minimum elevation drop used for Conduit CG023
  WARNING 04: minimum elevation drop used for Conduit CG1020
  WARNING 04: minimum elevation drop used for Conduit CG1009
  WARNING 04: minimum elevation drop used for Conduit CG2008
  WARNING 04: minimum elevation drop used for Conduit CG021
  WARNING 04: minimum elevation drop used for Conduit CG018
  WARNING 04: minimum elevation drop used for Conduit CG031
  WARNING 04: minimum elevation drop used for Conduit CG3029
  WARNING 04: minimum elevation drop used for Conduit CG029
  WARNING 04: minimum elevation drop used for Conduit CG3008
  WARNING 04: minimum elevation drop used for Conduit CG020
  WARNING 04: minimum elevation drop used for Conduit CG025
  WARNING 04: minimum elevation drop used for Conduit CG027
  WARNING 04: minimum elevation drop used for Conduit CG1027
  WARNING 04: minimum elevation drop used for Conduit MS006
  WARNING 04: minimum elevation drop used for Conduit MS1007
  WARNING 04: minimum elevation drop used for Conduit MS005
  WARNING 04: minimum elevation drop used for Conduit MS1004
  WARNING 04: minimum elevation drop used for Conduit MS004
  WARNING 04: minimum elevation drop used for Conduit MS1003
  WARNING 04: minimum elevation drop used for Conduit MS002
  WARNING 04: minimum elevation drop used for Conduit MS1
  WARNING 04: minimum elevation drop used for Conduit MS008
  WARNING 04: minimum elevation drop used for Conduit MS009
  WARNING 04: minimum elevation drop used for Conduit MS1009
  WARNING 04: minimum elevation drop used for Conduit MS010
  WARNING 04: minimum elevation drop used for Conduit MS011
  WARNING 04: minimum elevation drop used for Conduit MS001
  WARNING 04: minimum elevation drop used for Conduit MS003
  WARNING 04: minimum elevation drop used for Conduit MS007
  WARNING 04: minimum elevation drop used for Conduit WM007
  WARNING 04: minimum elevation drop used for Conduit WM004
  WARNING 04: minimum elevation drop used for Conduit WM2
  WARNING 04: minimum elevation drop used for Conduit WM001
  WARNING 04: minimum elevation drop used for Conduit WM1002
  WARNING 04: minimum elevation drop used for Conduit MS3011
  WARNING 04: minimum elevation drop used for Conduit WM3002
  WARNING 04: minimum elevation drop used for Conduit 1086
  WARNING 04: minimum elevation drop used for Conduit 940
  WARNING 04: minimum elevation drop used for Conduit 8008.4D
  WARNING 04: minimum elevation drop used for Conduit 8001.3D
  WARNING 04: minimum elevation drop used for Conduit 8001.6D
  WARNING 04: minimum elevation drop used for Conduit 8001.5D
  WARNING 04: minimum elevation drop used for Conduit 8002.2D
  WARNING 04: minimum elevation drop used for Conduit 8002.4D
  WARNING 04: minimum elevation drop used for Conduit 187
  WARNING 04: minimum elevation drop used for Conduit 1187-60
  WARNING 04: minimum elevation drop used for Conduit 2187-60
  WARNING 04: minimum elevation drop used for Conduit 3187-54
  WARNING 04: minimum elevation drop used for Conduit 171_2
  WARNING 04: minimum elevation drop used for Conduit 1176-60
  WARNING 04: minimum elevation drop used for Conduit 176_2
  WARNING 04: minimum elevation drop used for Conduit 3176
  WARNING 04: minimum elevation drop used for Conduit 3112
  WARNING 04: minimum elevation drop used for Conduit 1112-60
  WARNING 04: minimum elevation drop used for Conduit 1112
  WARNING 04: minimum elevation drop used for Conduit 49
  WARNING 04: minimum elevation drop used for Conduit 1062
  WARNING 04: minimum elevation drop used for Conduit 2044
  WARNING 04: minimum elevation drop used for Conduit 1044
  WARNING 04: minimum elevation drop used for Conduit 1056
  WARNING 04: minimum elevation drop used for Conduit 3056-G
  WARNING 04: minimum elevation drop used for Conduit 190_2
  WARNING 04: minimum elevation drop used for Conduit 1190
  WARNING 04: minimum elevation drop used for Conduit 1051
  
  ****************
  Analysis Options
  ****************
  Flow Units ............... CFS
  Process Models:
    Rainfall/Runoff ........ NO
    RDII ................... NO
    Snowmelt ............... NO
    Groundwater ............ NO
    Flow Routing ........... YES
    Ponding Allowed ........ NO
    Water Quality .......... NO
  Flow Routing Method ...... DYNWAVE
  Surcharge Method ......... EXTRAN
  Starting Date ............ 01/01/2001 00:00:00
  Ending Date .............. 01/02/2001 00:00:00
  Antecedent Dry Days ...... 0.0
  Report Time Step ......... 00:15:00
  Routing Time Step ........ 10.00 sec
  Variable Time Step ....... YES
  Maximum Trials ........... 50
  Number of Threads ........ 1
  Head Tolerance ........... 0.000300 ft
  
  
  **************************        Volume        Volume
  Flow Routing Continuity        acre-feet      10^6 gal
  **************************     ---------     ---------
  Dry Weather Inflow .......         0.000         0.000
  Wet Weather Inflow .......         0.000         0.000
  Groundwater Inflow .......         0.000         0.000
  RDII Inflow ..............         0.000         0.000
  External Inflow ..........        16.892         5.505
  External Outflow .........         0.000         0.000
  Flooding Loss ............       933.022       304.039
  Evaporation Loss .........         0.000         0.000
  Exfiltration Loss ........         0.000         0.000
  Initial Stored Volume ....         0.001         0.000
  Final Stored Volume ......         2.393         0.780
  Continuity Error (%) .....     -5437.339
  
  
  *************************
  Highest Continuity Errors
  *************************
  Node J3133 (100.00%)
  Node J4106 (100.00%)
  Node F09204 (99.58%)
  Node J58 (97.40%)
  Node J17239 (95.72%)
  
  
  ***************************
  Time-Step Critical Elements
  ***************************
  Link F14003.2 (78.46%)
  Link F13406 (21.51%)
  
  
  ********************************
  Highest Flow Instability Indexes
  ********************************
  Link F14003.2 (8)
  Link F14001 (8)
  Link 190_2 (6)
  
  
  *********************************
  Most Frequent Nonconverging Nodes
  *********************************
  Node J2146 (0.06%)
  Node J4190 (0.03%)
  Node J190 (0.00%)
  Node E14458 (0.00%)
  Node F14239 (0.00%)
  
  
  *************************
  Routing Time Step Summary
  *************************
  Minimum Time Step           :     0.37 sec
  Average Time Step           :     1.32 sec
  Maximum Time Step           :    10.00 sec
  % of Time in Steady State   :     0.00
  Average Iterations per Step :     2.16
  % of Steps Not Converging   :     0.06
  Time Step Frequencies       :
     10.000 -  5.493 sec      :     0.03 %
      5.493 -  3.017 sec      :    21.51 %
      3.017 -  1.657 sec      :     0.00 %
      1.657 -  0.910 sec      :     0.01 %
      0.910 -  0.500 sec      :    78.45 %
  
  
  ******************
  Node Depth Summary
  ******************
  
  ---------------------------------------------------------------------------------
                                 Average  Maximum  Maximum  Time of Max    Reported
                                   Depth    Depth      HGL   Occurrence   Max Depth
  Node                 Type         Feet     Feet     Feet  days hr:min        Feet
  ---------------------------------------------------------------------------------
  J10050               JUNCTION     0.00     0.00     7.00     0  00:00        0.00
  J2016                JUNCTION     0.00     0.00    11.60     0  00:00        0.00
  J1152                JUNCTION     0.00     0.00    15.00     0  00:00        0.00
  J2011                JUNCTION     0.00     0.00     9.00     0  00:00        0.00
  J2137                JUNCTION     0.00     0.00     6.67     0  00:00        0.00
  J2136                JUNCTION     0.00     0.00     7.00     0  00:00        0.00
  J2135                JUNCTION     0.00     0.00     7.00     0  00:00        0.00
  J2134                JUNCTION     0.00     0.00     8.00     0  00:00        0.00
  J3134                JUNCTION     0.00     0.00     8.00     0  00:00        0.00
  J2130                JUNCTION     0.00     0.00     7.00     0  00:00        0.00
  J3130                JUNCTION     0.00     0.00     8.00     0  00:00        0.00
  J4130                JUNCTION     4.60     5.03    13.03     0  13:03        5.03
  J3133                JUNCTION     0.47     0.95     8.95     1  00:00        0.95
  J2133                JUNCTION     0.00     0.00     8.00     0  00:00        0.00
  J2122-P              JUNCTION     5.07     5.09    20.09     0  23:50        5.09
  J2060                JUNCTION     5.47     6.00    13.00     0  22:26        6.00
  M-21                 JUNCTION     6.06     6.10    13.20     0  00:59        6.10
  J3060                JUNCTION     0.00     0.00    14.50     0  00:00        0.00
  PVTs                 JUNCTION     3.07     3.11     7.22     0  06:02        3.11
  J2103                JUNCTION     0.00     0.00     8.00     0  00:00        0.00
  J2104                JUNCTION     0.00     0.00     8.50     0  00:00        0.00
  J3086                JUNCTION     0.00     0.00     8.50     0  00:00        0.00
  J2086                JUNCTION     0.00     0.00     8.50     0  00:00        0.00
  PVT-N                JUNCTION     0.00     0.00     6.00     0  00:00        0.00
  J2191                JUNCTION     0.00     0.00     7.33     0  00:00        0.00
  J3107                JUNCTION     0.00     0.00     7.50     0  00:00        0.00
  J2017                JUNCTION     0.00     0.00     8.00     0  00:00        0.00
  J4086                JUNCTION     0.00     0.00     8.50     0  00:00        0.00
  J2106                JUNCTION     6.19     6.33    13.66     0  07:09        6.33
  J4106                JUNCTION     5.40     5.64    16.14     1  00:00        5.64
  J3106-P              JUNCTION     5.08     5.09    20.09     0  01:32        5.09
  J4074                JUNCTION     0.00     0.00    15.00     0  00:00        0.00
  J4102                JUNCTION     0.00     0.00    10.50     0  00:00        0.00
  J2102                JUNCTION     0.00     0.00    15.00     0  00:00        0.00
  J2101                JUNCTION     0.00     0.00     7.67     0  00:00        0.00
  J3102                JUNCTION     0.00     0.00     9.00     0  00:00        0.00
  J4100                JUNCTION     0.00     0.00    10.50     0  00:00        0.00
  J3187-54             JUNCTION     0.00     0.00    15.00     0  00:00        0.00
  J4112                JUNCTION     0.00     0.00    15.00     0  00:00        0.00
  J2056                JUNCTION     0.00     0.00    10.00     0  00:00        0.00
  M-50                 JUNCTION     6.05     6.10    13.20     0  02:36        6.10
  M-8                  JUNCTION     6.10     6.10    13.20     0  00:08        6.10
  M-53                 JUNCTION     6.47     6.71    16.81     1  00:00        6.71
  M-1                  JUNCTION     0.00     0.00     7.77     0  00:00        0.00
  J2181-P              JUNCTION     5.02     5.06    20.06     0  04:59        5.06
  J1582-P              JUNCTION     5.00     5.04    20.04     0  01:57        5.04
  J2156                JUNCTION     0.00     0.00     7.00     0  00:00        0.00
  J4133                JUNCTION     0.00     0.00    12.00     0  00:00        0.00
  M14-AC2              JUNCTION     0.00     0.00    15.00     0  00:00        0.00
  M14-AC1              JUNCTION     0.00     0.00    15.00     0  00:00        0.00
  J153                 JUNCTION     0.00     0.00     6.50     0  00:00        0.00
  J2049                JUNCTION     0.00     0.00    15.00     0  00:00        0.00
  J1049                JUNCTION     0.00     0.00    15.00     0  00:00        0.00
  J1052                JUNCTION     0.00     0.00     7.00     0  00:00        0.00
  J3074                JUNCTION     0.00     0.00    10.50     0  00:00        0.00
  J1021                JUNCTION     0.00     0.00    15.00     0  00:00        0.00
  J1048                JUNCTION     0.00     0.00    11.80     0  00:00        0.00
  J1059                JUNCTION     0.00     0.00     6.67     0  00:00        0.00
  J1065                JUNCTION     0.00     0.00     6.50     0  00:00        0.00
  J1067                JUNCTION     0.00     0.00     4.20     0  00:00        0.00
  J1069                JUNCTION     0.00     0.00     5.33     0  00:00        0.00
  J1070                JUNCTION     0.00     0.00     4.67     0  00:00        0.00
  J10078               JUNCTION     0.00     0.00     6.83     0  00:00        0.00
  J1079                JUNCTION     0.00     0.00     6.67     0  00:00        0.00
  J1179                JUNCTION     0.00     0.00     6.33     0  00:00        0.00
  J1180                JUNCTION     0.00     0.00     6.50     0  00:00        0.00
  J164                 JUNCTION     0.00     0.00    15.00     0  00:00        0.00
  J2164                JUNCTION     0.00     0.00    15.00     0  00:00        0.00
  J1141                JUNCTION     1.48     1.48     3.62     0  00:02        1.48
  CGJ1021              JUNCTION     0.00     0.00    15.00     0  00:00        0.00
  CGJ1018              JUNCTION     0.00     0.00    15.00     0  00:00        0.00
  CGJ1031              JUNCTION     0.00     0.00    15.00     0  00:00        0.00
  CGJ2029              JUNCTION     0.00     0.00    15.00     0  00:00        0.00
  GJ1029               JUNCTION     0.00     0.00    15.00     0  00:00        0.00
  CGJ020               JUNCTION     0.00     0.00    15.00     0  00:00        0.00
  CGJ025               JUNCTION     0.00     0.00    15.00     0  00:00        0.00
  CGJ1027              JUNCTION     0.00     0.00    15.00     0  00:00        0.00
  MSJ3011              JUNCTION     0.00     0.00    15.00     0  00:00        0.00
  MSJ1001              JUNCTION     0.00     0.00    15.00     0  00:00        0.00
  MSJ1003              JUNCTION     0.00     0.00    15.00     0  00:00        0.00
  MSJ1007              JUNCTION     0.00     0.00    15.00     0  00:00        0.00
  WMJ3001              JUNCTION     0.00     0.00    15.00     0  00:00        0.00
  WMJ001               JUNCTION     0.00     0.00    15.00     0  00:00        0.00
  WMJ2002              JUNCTION     0.00     0.00    15.00     0  00:00        0.00
  WMJ4001              JUNCTION     0.00     0.00    15.00     0  00:00        0.00
  J1086                JUNCTION     0.00     0.00    15.00     0  00:00        0.00
  S940                 JUNCTION     0.00     0.00    10.30     0  00:00        0.00
  J940                 JUNCTION     0.00     0.00    15.00     0  00:00        0.00
  J187                 JUNCTION     0.00     0.00    15.00     0  00:00        0.00
  J1187                JUNCTION     0.00     0.00    15.00     0  00:00        0.00
  J2187-60             JUNCTION     0.00     0.00    15.00     0  00:00        0.00
  J2187-54             JUNCTION     0.00     0.00    15.00     0  00:00        0.00
  J1171-54             JUNCTION     0.00     0.00    15.00     0  00:00        0.00
  J1171                JUNCTION     0.00     0.00    15.00     0  00:00        0.00
  J2176                JUNCTION     0.00     0.00    15.00     0  00:00        0.00
  J1176                JUNCTION     0.00     0.00    15.00     0  00:00        0.00
  J3176                JUNCTION     0.00     0.00    15.00     0  00:00        0.00
  J3112                JUNCTION     0.00     0.00    15.00     0  00:00        0.00
  J1112                JUNCTION     0.00     0.00    15.00     0  00:00        0.00
  J1062                JUNCTION     0.00     0.00    15.00     0  00:00        0.00
  J1044                JUNCTION     0.00     0.00    15.00     0  00:00        0.00
  J2044                JUNCTION     0.00     0.00    15.00     0  00:00        0.00
  J1056                JUNCTION     0.00     0.00    10.00     0  00:00        0.00
  187-54               JUNCTION     0.00     0.00    15.00     0  00:00        0.00
  J4190                JUNCTION     7.00     7.00    22.00     0  00:07        7.00
  P002                 JUNCTION     0.00     0.00     4.34     0  00:00        0.00
  E13032(F)            JUNCTION     0.00     0.00     3.51     0  00:00        0.00
  E13042               JUNCTION     0.00     0.00     3.61     0  00:00        0.00
  E13051               JUNCTION     0.00     0.00     4.41     0  00:00        0.00
  E13111(F)            JUNCTION     1.96     2.55     6.32     1  00:00        2.55
  E13011-E             JUNCTION     0.00     0.00     3.87     0  00:00        0.00
  E12011-C             JUNCTION     0.00     0.00     3.47     0  00:00        0.00
  E12039               JUNCTION     0.00     0.00     3.14     0  00:00        0.00
  E12038               JUNCTION     0.00     0.00     5.70     0  00:00        0.00
  E12069               JUNCTION     0.00     0.00     7.45     0  00:00        0.00
  E12063               JUNCTION     0.00     0.00     9.54     0  00:00        0.00
  E12096               JUNCTION     0.00     0.00     8.92     0  00:00        0.00
  E12178               JUNCTION     0.00     0.00    11.68     0  00:00        0.00
  E12268               JUNCTION     0.00     0.00    12.96     0  00:00        0.00
  E12048               JUNCTION     0.00     0.00    11.08     0  00:00        0.00
  E11147               JUNCTION     0.00     0.00    12.60     0  00:00        0.00
  E11149(F)            JUNCTION     0.00     0.00    12.40     0  00:00        0.00
  E11153(F)            JUNCTION     0.00     0.00    12.60     0  00:00        0.00
  E10004               JUNCTION     0.00     0.00    11.70     0  00:00        0.00
  E10001.2             JUNCTION     0.00     0.00    12.40     0  00:00        0.00
  E10210(F)            JUNCTION     0.00     0.00    14.50     0  00:00        0.00
  E10032.1             JUNCTION     0.00     0.00     8.30     0  00:00        0.00
  E10033               JUNCTION     0.00     0.00     9.70     0  00:00        0.00
  E10066               JUNCTION     0.00     0.00    10.70     0  00:00        0.00
  E10069               JUNCTION     0.00     0.00     9.88     0  00:00        0.00
  E10074               JUNCTION     0.00     0.00    10.30     0  00:00        0.00
  E09102(F)            JUNCTION     0.00     0.00    12.50     0  00:00        0.00
  E09106               JUNCTION     2.54     2.55    12.30     1  00:00        2.55
  J1006                JUNCTION     0.00     0.00    10.50     0  00:00        0.00
  J1051                JUNCTION     0.00     0.00    15.00     0  00:00        0.00
  Node_186             JUNCTION     0.00     0.00    -3.24     0  00:00        0.00
  Node_1842202         JUNCTION     0.00     0.00    -3.34     0  00:00        0.00
  Node_76              JUNCTION     0.00     0.00    -0.26     0  00:00        0.00
  Node_1755225         JUNCTION     0.00     0.00    -1.66     0  00:00        0.00
  Node_1072            JUNCTION     0.00     0.00     8.00     0  00:00        0.00
  Node_17491674        JUNCTION     0.00     0.00     8.00     0  00:00        0.00
  Node_85              JUNCTION     0.00     0.00     2.59     0  00:00        0.00
  Node_1674233         JUNCTION     0.00     0.00    -2.21     0  00:00        0.00
  Node_54              JUNCTION     0.00     0.00    -1.50     0  00:00        0.00
  Node_1712259         JUNCTION     0.00     0.00    -2.15     0  00:00        0.00
  Node_1075            JUNCTION     0.00     0.00     6.36     0  00:00        0.00
  Node_1753269         JUNCTION     0.00     0.00     3.56     0  00:00        0.00
  HW_G45               JUNCTION     0.00     0.00    -0.35     0  00:00        0.00
  Node_1698255         JUNCTION     0.00     0.00    -7.25     0  00:00        0.00
  Node_15151           JUNCTION     0.00     0.00    -5.18     0  00:00        0.00
  Node_1910275         JUNCTION     0.00     0.00    -5.51     0  00:00        0.00
  Node_66              JUNCTION     0.00     0.00     0.36     0  00:00        0.00
  Node_1737363         JUNCTION     0.00     0.00    -0.69     0  00:00        0.00
  Node_68              JUNCTION     0.00     0.00     6.55     0  00:00        0.00
  Node_1741323         JUNCTION     0.00     0.00     0.95     0  00:00        0.00
  HW_267               JUNCTION     0.00     0.00     2.70     0  00:00        0.00
  Node_64              JUNCTION     0.00     0.00     3.00     0  00:00        0.00
  Node_1733366         JUNCTION     0.00     0.00     2.45     0  00:00        0.00
  HW_2016              JUNCTION     0.00     0.00     7.00     0  00:00        0.00
  Node_1668316         JUNCTION     0.00     0.00     7.00     0  00:00        0.00
  Node_61              JUNCTION     0.00     0.00     0.82     0  00:00        0.00
  Node_1727330         JUNCTION     0.00     0.00    -2.63     0  00:00        0.00
  Node_17352           JUNCTION     0.00     0.00    -2.01     0  00:00        0.00
  Node_1584372         JUNCTION     0.00     0.00    -2.36     0  00:00        0.00
  HW_G32               JUNCTION     0.00     0.00     1.03     0  00:00        0.00
  Node_16821684        JUNCTION     0.00     0.00    -1.87     0  00:00        0.00
  HW_G34               JUNCTION     0.00     0.00     0.23     0  00:00        0.00
  Node_16861684        JUNCTION     0.00     0.00    -1.87     0  00:00        0.00
  HW_33                JUNCTION     0.00     0.00    -1.87     0  00:00        0.00
  Node_1684385         JUNCTION     0.00     0.00    -4.67     0  00:00        0.00
  Node_137             JUNCTION     0.00     0.00     5.00     0  00:00        0.00
  Node_1811388         JUNCTION     0.00     0.00     5.00     0  00:00        0.00
  1136-12"             JUNCTION     0.00     0.00     5.00     0  00:00        0.00
  Node_1809390         JUNCTION     0.00     0.00     5.00     0  00:00        0.00
  2146-b               JUNCTION     0.00     0.00     5.00     0  00:00        0.00
  Node_146             JUNCTION     0.00     0.00     5.00     0  00:00        0.00
  Node_1914391         JUNCTION     0.00     0.00     5.00     0  00:00        0.00
  Node_135             JUNCTION     0.00     0.00     5.00     0  00:00        0.00
  Node_1807392         JUNCTION     0.00     0.00     5.00     0  00:00        0.00
  1138-b               JUNCTION     0.00     0.00     5.00     0  00:00        0.00
  Node_1813390         JUNCTION     0.00     0.00     5.00     0  00:00        0.00
  2135-b               JUNCTION     0.00     0.00     5.00     0  00:00        0.00
  Node_134             JUNCTION     0.00     0.00     5.00     0  00:00        0.00
  Node_1805400         JUNCTION     0.00     0.00     5.00     0  00:00        0.00
  2134-24"             JUNCTION     0.00     0.00     5.00     0  00:00        0.00
  2130-12"             JUNCTION     0.00     0.00     5.00     0  00:00        0.00
  Node_132             JUNCTION     0.00     0.00     2.00     0  00:00        0.00
  Node_1801406         JUNCTION     0.00     0.00    -3.10     0  00:00        0.00
  3134-24"             JUNCTION     0.00     0.00     5.00     0  00:00        0.00
  Node_130             JUNCTION     0.00     0.00     5.00     0  00:00        0.00
  Node_1797411         JUNCTION     0.00     0.00     5.00     0  00:00        0.00
  Node_133             JUNCTION     0.00     0.00     5.00     0  00:00        0.00
  Node_1803403         JUNCTION     0.00     0.00     5.00     0  00:00        0.00
  3130-24"             JUNCTION     4.60     6.00    11.00     0  20:25        6.00
  Node_60              JUNCTION     0.00     0.00     5.00     0  00:00        0.00
  Node_1725421         JUNCTION     0.00     0.00     5.00     0  00:00        0.00
  2133-12"             JUNCTION     0.00     0.00     5.00     0  00:00        0.00
  s-b                  JUNCTION     0.00     0.00    -9.12     0  00:00        0.00
  s-c                  JUNCTION     0.00     0.00   -10.43     0  00:00        0.00
  HW_29                JUNCTION     0.00     0.00    -4.04     0  00:00        0.00
  Node_1680569         JUNCTION     0.00     0.00    -5.84     0  00:00        0.00
  HW_1035              JUNCTION     0.00     0.00     5.00     0  00:00        0.00
  Node_1688571         JUNCTION     0.00     0.00     5.00     0  00:00        0.00
  HW_1046              JUNCTION     0.00     0.00     5.00     0  00:00        0.00
  Node_1700574         JUNCTION     0.00     0.00     5.00     0  00:00        0.00
  Node_62              JUNCTION     0.00     0.00     5.00     0  00:00        0.00
  Node_17292724        JUNCTION     0.00     0.00     5.00     0  00:00        0.00
  HW_005               JUNCTION     0.00     0.00     1.94     0  00:00        0.00
  Node_16522819        JUNCTION     0.00     0.00     1.94     0  00:00        0.00
  HW_1048              JUNCTION     0.00     0.00     9.16     0  00:00        0.00
  Node_1704488         JUNCTION     0.00     0.00     6.50     0  00:00        0.00
  HW_37                JUNCTION     0.00     0.00     5.40     0  00:00        0.00
  Node_1690576         JUNCTION     0.00     0.00     1.50     0  00:00        0.00
  HW_38                JUNCTION     0.00     0.00     5.30     0  00:00        0.00
  Node_1692576         JUNCTION     0.00     0.00     1.50     0  00:00        0.00
  Node_84              JUNCTION     0.00     0.00     1.95     0  00:00        0.00
  Node_1771581         JUNCTION     0.00     0.00    -4.35     0  00:00        0.00
  Node_141             JUNCTION     0.00     0.00     0.81     0  00:00        0.00
  Node_1917509         JUNCTION     0.00     0.00     0.81     0  00:00        0.00
  HW_41                JUNCTION     0.00     0.00     6.36     0  00:00        0.00
  Node_1694580         JUNCTION     0.00     0.00     6.11     0  00:00        0.00
  HW_047_2             JUNCTION     0.00     0.00     3.00     0  00:00        0.00
  Node_1702570         JUNCTION     0.00     0.00     1.00     0  00:00        0.00
  HW_42                JUNCTION     0.00     0.00     0.82     0  00:00        0.00
  Node_1696497         JUNCTION     0.00     0.00     0.07     0  00:00        0.00
  Node_8002            JUNCTION     0.00     0.00   -10.46     0  00:00        0.00
  Node_2800534         JUNCTION     0.00     0.00   -10.46     0  00:00        0.00
  Node_104             JUNCTION     0.00     0.00     5.00     0  00:00        0.00
  Node_1783628         JUNCTION     0.00     0.00     5.00     0  00:00        0.00
  Node_2164            JUNCTION     0.00     0.00     5.00     0  00:00        0.00
  Node_18721672        JUNCTION     0.00     0.00     5.00     0  00:00        0.00
  HW_1018              JUNCTION     0.00     0.00     5.00     0  00:00        0.00
  Node_1672630         JUNCTION     0.00     0.00     5.00     0  00:00        0.00
  Node_191             JUNCTION     0.00     0.00     5.00     0  00:00        0.00
  Node_1846633         JUNCTION     0.00     0.00     5.00     0  00:00        0.00
  Node_14460           JUNCTION     0.00     0.00    -6.07     0  00:00        0.00
  Node_1856645         JUNCTION     0.00     0.00    -6.40     0  00:00        0.00
  Node_13051           JUNCTION     0.00     0.00    -2.06     0  00:00        0.00
  Node_1863648         JUNCTION     0.00     0.00    -3.71     0  00:00        0.00
  Node_167             JUNCTION     0.00     0.00     5.00     0  00:00        0.00
  Node_1912670         JUNCTION     0.00     0.00     5.00     0  00:00        0.00
  Node_79              JUNCTION     0.00     0.00     5.00     0  00:00        0.00
  Node_1761679         JUNCTION     0.00     0.00     5.00     0  00:00        0.00
  Node_101             JUNCTION     0.00     0.00     5.00     0  00:00        0.00
  Node_1777676         JUNCTION     0.00     0.00     5.00     0  00:00        0.00
  Node_78              JUNCTION     0.00     0.00     5.00     0  00:00        0.00
  Node_1759850         JUNCTION     0.00     0.00     5.00     0  00:00        0.00
  Node_69              JUNCTION     0.00     0.00     3.50     0  00:00        0.00
  Node_1743713         JUNCTION     0.00     0.00     3.50     0  00:00        0.00
  Node_114             JUNCTION     0.00     0.00     5.00     0  00:00        0.00
  Node_1731716         JUNCTION     0.00     0.00     3.49     0  00:00        0.00
  Node_2697723         JUNCTION     0.00     0.00     5.00     0  00:00        0.00
  Node_4001            JUNCTION     0.00     0.00     5.00     0  00:00        0.00
  Node_26392691        JUNCTION     0.00     0.00     5.00     0  00:00        0.00
  Node_81              JUNCTION     0.00     0.00    -0.35     0  00:00        0.00
  Node_1765743         JUNCTION     0.00     0.00    -3.65     0  00:00        0.00
  Node_83              JUNCTION     0.00     0.00    -3.65     0  00:00        0.00
  Node_1769744         JUNCTION     0.00     0.00    -6.71     0  00:00        0.00
  Node_82              JUNCTION     0.00     0.00     2.25     0  00:00        0.00
  Node_1767745         JUNCTION     0.00     0.00     0.38     0  00:00        0.00
  Node_70              JUNCTION     0.00     0.00     3.00     0  00:00        0.00
  Node_1745746         JUNCTION     0.00     0.00     3.00     0  00:00        0.00
  Node_80              JUNCTION     0.00     0.00     1.70     0  00:00        0.00
  Node_1763749         JUNCTION     0.00     0.00    -2.20     0  00:00        0.00
  Node_77              JUNCTION     0.00     0.00     0.08     0  00:00        0.00
  Node_1757608         JUNCTION     0.00     0.00    -4.12     0  00:00        0.00
  Node_177             JUNCTION     0.00     0.00     5.00     0  00:00        0.00
  Node_27792156        JUNCTION     0.00     0.00     5.00     0  00:00        0.00
  Node_180             JUNCTION     0.00     0.00     5.00     0  00:00        0.00
  Node_1838780         JUNCTION     0.00     0.00     5.00     0  00:00        0.00
  Node_179             JUNCTION     0.00     0.00     5.00     0  00:00        0.00
  Node_1836779         JUNCTION     0.00     0.00     5.00     0  00:00        0.00
  HW_009.1             JUNCTION     0.00     0.00     6.75     0  00:00        0.00
  Node_1662340         JUNCTION     0.00     0.00     6.75     0  00:00        0.00
  HW_10                JUNCTION     0.00     0.00     5.00     0  00:00        0.00
  Node_1664704         JUNCTION     0.00     0.00     5.00     0  00:00        0.00
  Node_65              JUNCTION     0.00     0.00     5.00     0  00:00        0.00
  Node_1735348         JUNCTION     0.00     0.00     5.00     0  00:00        0.00
  Node_2699727         JUNCTION     0.00     0.00     5.00     0  00:00        0.00
  Node_2704654         JUNCTION     0.00     0.00     5.00     0  00:00        0.00
  Node_200             JUNCTION     0.00     0.00     4.70     0  00:00        0.00
  Node_1848860         JUNCTION     0.00     0.00     0.70     0  00:00        0.00
  HW_50                JUNCTION     0.00     0.00     5.00     0  00:00        0.00
  Node_1580326         JUNCTION     0.00     0.00     5.00     0  00:00        0.00
  Node_152             JUNCTION     0.00     0.00     5.00     0  00:00        0.00
  Node_18191590        JUNCTION     0.00     0.00     5.00     0  00:00        0.00
  HW_009               JUNCTION     0.00     0.00     6.75     0  00:00        0.00
  Node_16621590        JUNCTION     0.00     0.00     6.75     0  00:00        0.00
  HW_1009              JUNCTION     0.00     0.00     5.00     0  00:00        0.00
  Node_1590307         JUNCTION     0.00     0.00     5.00     0  00:00        0.00
  Node_100             JUNCTION     0.00     0.00     5.00     0  00:00        0.00
  Node_1594723         JUNCTION     0.00     0.00     5.00     0  00:00        0.00
  HW_011               JUNCTION     0.00     0.00     5.00     0  00:00        0.00
  Node_1666377         JUNCTION     0.00     0.00     5.00     0  00:00        0.00
  HW_117               JUNCTION     0.00     0.00     5.00     0  00:00        0.00
  Node_1600664         JUNCTION     0.00     0.00     5.00     0  00:00        0.00
  Node_1067            JUNCTION     0.00     0.00     2.70     0  00:00        0.00
  Node_17391605        JUNCTION     0.00     0.00     2.70     0  00:00        0.00
  Node_8053            JUNCTION     0.00     0.00     0.00     0  00:00        0.00
  Node_16071608        JUNCTION     0.00     0.00     0.00     0  00:00        0.00
  Node_53              JUNCTION     0.00     0.00     5.00     0  00:00        0.00
  Node_16081610        JUNCTION     0.00     0.00     5.00     0  00:00        0.00
  Node_16141610        JUNCTION     0.00     0.00     5.00     0  00:00        0.00
  Node_153             JUNCTION     0.00     0.00     5.00     0  00:00        0.00
  Node_16101616        JUNCTION     0.00     0.00     5.00     0  00:00        0.00
  Node_1418            JUNCTION     0.00     0.00     5.00     0  00:00        0.00
  Node_16161584        JUNCTION     0.00     0.00    -2.01     0  00:00        0.00
  Node_1049            JUNCTION     0.00     0.00     5.00     0  00:00        0.00
  Node_16211620        JUNCTION     0.00     0.00     5.00     0  00:00        0.00
  Node_2049            JUNCTION     0.00     0.00     5.00     0  00:00        0.00
  Node_16202858        JUNCTION     0.00     0.00     5.00     0  00:00        0.00
  HW_17                JUNCTION     0.00     0.00     5.00     0  00:00        0.00
  Node_1624618         JUNCTION     0.00     0.00     5.00     0  00:00        0.00
  Node_52              JUNCTION     0.00     0.00     5.00     0  00:00        0.00
  Node_16261629        JUNCTION     0.00     0.00     5.00     0  00:00        0.00
  Node_1052            JUNCTION     0.00     0.00     5.00     0  00:00        0.00
  Node_16292725        JUNCTION     0.00     0.00     5.00     0  00:00        0.00
  HW_44_2              JUNCTION     0.00     0.00     5.00     0  00:00        0.00
  Node_16382725        JUNCTION     0.00     0.00     5.00     0  00:00        0.00
  Node_74              JUNCTION     0.00     0.00     5.00     0  00:00        0.00
  Node_1647673         JUNCTION     0.00     0.00     5.00     0  00:00        0.00
  HW_004               JUNCTION     0.00     0.00     5.00     0  00:00        0.00
  Node_1650355         JUNCTION     0.00     0.00     5.00     0  00:00        0.00
  HW_006               JUNCTION     0.00     0.00     2.55     0  00:00        0.00
  Node_16552828        JUNCTION     0.00     0.00     2.55     0  00:00        0.00
  HW_007               JUNCTION     0.00     0.00     3.50     0  00:00        0.00
  Node_1657272         JUNCTION     0.00     0.00     3.50     0  00:00        0.00
  HW_008               JUNCTION     0.00     0.00     5.00     0  00:00        0.00
  Node_1660361         JUNCTION     0.00     0.00     5.00     0  00:00        0.00
  HW_016               JUNCTION     0.00     0.00     8.60     0  00:00        0.00
  Node_1668336         JUNCTION     0.00     0.00     8.60     0  00:00        0.00
  Node_8164            JUNCTION     0.00     0.00     0.00     0  00:00        0.00
  Node_18741870        JUNCTION     0.00     0.00     0.00     0  00:00        0.00
  Node_164             JUNCTION     0.00     0.00     5.00     0  00:00        0.00
  Node_18701872        JUNCTION     0.00     0.00     5.00     0  00:00        0.00
  Node_1697            JUNCTION     0.00     0.00     5.00     0  00:00        0.00
  Node_15951594        JUNCTION     0.00     0.00     5.00     0  00:00        0.00
  Node_8001            JUNCTION     0.00     0.00     0.00     0  00:00        0.00
  Node_19361937        JUNCTION     0.00     0.00     0.00     0  00:00        0.00
  HW_CG001             JUNCTION     0.00     0.00     5.00     0  00:00        0.00
  Node_19371939        JUNCTION     0.00     0.00     5.00     0  00:00        0.00
  Node_1001            JUNCTION     0.00     0.00     6.27     0  00:00        0.00
  Node_19391941        JUNCTION     0.00     0.00     2.97     0  00:00        0.00
  HW_CG002             JUNCTION     0.00     0.00     5.00     0  00:00        0.00
  Node_19431944        JUNCTION     0.00     0.00     5.00     0  00:00        0.00
  HW_CG006             JUNCTION     0.00     0.00     5.00     0  00:00        0.00
  Node_19471948        JUNCTION     0.00     0.00     5.00     0  00:00        0.00
  HW_CG005             JUNCTION     0.00     0.00     5.00     0  00:00        0.00
  Node_19511948        JUNCTION     0.00     0.00     5.00     0  00:00        0.00
  HW_CG003             JUNCTION     0.00     0.00     5.00     0  00:00        0.00
  Node_19541956        JUNCTION     0.00     0.00     5.00     0  00:00        0.00
  Node_1003            JUNCTION     0.00     0.00     5.00     0  00:00        0.00
  Node_19561950        JUNCTION     0.00     0.00     5.00     0  00:00        0.00
  Node_1008            JUNCTION     0.00     0.00     5.00     0  00:00        0.00
  Node_19621961        JUNCTION     0.00     0.00     5.00     0  00:00        0.00
  Node_8008            JUNCTION     0.00     0.00     0.00     0  00:00        0.00
  Node_19641965        JUNCTION     0.00     0.00     0.00     0  00:00        0.00
  HW_CG008             JUNCTION     0.00     0.00     5.00     0  00:00        0.00
  Node_19651962        JUNCTION     0.00     0.00     5.00     0  00:00        0.00
  Node_1007            JUNCTION     0.00     0.00     5.00     0  00:00        0.00
  Node_19681962        JUNCTION     0.00     0.00     5.00     0  00:00        0.00
  Node_1011            JUNCTION     0.00     0.00     3.71     0  00:00        0.00
  Node_19781977        JUNCTION     0.00     0.00     1.92     0  00:00        0.00
  Node_8013            JUNCTION     0.00     0.00     0.00     0  00:00        0.00
  Node_19821981        JUNCTION     0.00     0.00     0.00     0  00:00        0.00
  Node_8010            JUNCTION     0.00     0.00     0.00     0  00:00        0.00
  Node_19921991        JUNCTION     0.00     0.00     0.00     0  00:00        0.00
  Node_8012            JUNCTION     0.00     0.00     0.00     0  00:00        0.00
  Node_19951994        JUNCTION     0.00     0.00     0.00     0  00:00        0.00
  Node_1018            JUNCTION     0.00     0.00     5.00     0  00:00        0.00
  Node_19981997        JUNCTION     0.00     0.00     2.81     0  00:00        0.00
  HW_CG019             JUNCTION     0.00     0.00     5.00     0  00:00        0.00
  Node_20072006        JUNCTION     0.00     0.00     5.00     0  00:00        0.00
  Node_1025            JUNCTION     0.00     0.00     5.00     0  00:00        0.00
  Node_21772175        JUNCTION     0.00     0.00     5.00     0  00:00        0.00
  Node_1024            JUNCTION     0.00     0.00     3.60     0  00:00        0.00
  Node_20132012        JUNCTION     0.00     0.00    -2.66     0  00:00        0.00
  HW_CG024             JUNCTION     0.00     0.00     5.00     0  00:00        0.00
  Node_20162013        JUNCTION     0.00     0.00     5.00     0  00:00        0.00
  Node_8024            JUNCTION     0.00     0.00     0.00     0  00:00        0.00
  Node_20182016        JUNCTION     0.00     0.00     0.00     0  00:00        0.00
  Node_8026            JUNCTION     0.00     0.00     0.00     0  00:00        0.00
  Node_20212020        JUNCTION     0.00     0.00     0.00     0  00:00        0.00
  Node_8016            JUNCTION     0.00     0.00     0.00     0  00:00        0.00
  Node_20252026        JUNCTION     0.00     0.00     0.00     0  00:00        0.00
  Node_8034            JUNCTION     0.00     0.00     0.00     0  00:00        0.00
  Node_20322033        JUNCTION     0.00     0.00     0.00     0  00:00        0.00
  HW_CG034             JUNCTION     0.00     0.00     5.00     0  00:00        0.00
  Node_20332035        JUNCTION     0.00     0.00     5.00     0  00:00        0.00
  Node_8033            JUNCTION     0.00     0.00     0.00     0  00:00        0.00
  Node_20372038        JUNCTION     0.00     0.00     0.00     0  00:00        0.00
  HW_CG033             JUNCTION     0.00     0.00     5.00     0  00:00        0.00
  Node_20382035        JUNCTION     0.00     0.00     5.00     0  00:00        0.00
  Node_8036            JUNCTION     0.00     0.00     0.00     0  00:00        0.00
  Node_20422043        JUNCTION     0.00     0.00     0.00     0  00:00        0.00
  HW_CG036             JUNCTION     0.00     0.00     5.00     0  00:00        0.00
  Node_20432045        JUNCTION     0.00     0.00     5.00     0  00:00        0.00
  Node_8031            JUNCTION     0.00     0.00     0.00     0  00:00        0.00
  Node_20472048        JUNCTION     0.00     0.00     0.00     0  00:00        0.00
  Node_1031            JUNCTION     0.00     0.00     5.00     0  00:00        0.00
  Node_21612050        JUNCTION     0.00     0.00     5.00     0  00:00        0.00
  HW_CGG2030           JUNCTION     0.00     0.00    -4.11     0  00:00        0.00
  Node_8030            JUNCTION     0.00     0.00     0.00     0  00:00        0.00
  Node_20552056        JUNCTION     0.00     0.00     0.00     0  00:00        0.00
  HW_CG030             JUNCTION     0.00     0.00     5.00     0  00:00        0.00
  Node_20562058        JUNCTION     0.00     0.00     5.00     0  00:00        0.00
  Node_1029            JUNCTION     0.00     0.00     5.00     0  00:00        0.00
  Node_21652163        JUNCTION     0.00     0.00     5.00     0  00:00        0.00
  Node_8028            JUNCTION     0.00     0.00     0.00     0  00:00        0.00
  Node_20622063        JUNCTION     0.00     0.00     0.00     0  00:00        0.00
  HW_CG028             JUNCTION     0.00     0.00     5.00     0  00:00        0.00
  Node_20632179        JUNCTION     0.00     0.00     5.00     0  00:00        0.00
  HW_CG022             JUNCTION     0.00     0.00     5.00     0  00:00        0.00
  Node_20672068        JUNCTION     0.00     0.00     5.00     0  00:00        0.00
  Node_1021            JUNCTION     0.00     0.00     5.00     0  00:00        0.00
  Node_21572000        JUNCTION     0.00     0.00     5.00     0  00:00        0.00
  Node_1036            JUNCTION     0.00     0.00     2.40     0  00:00        0.00
  Node_20452047        JUNCTION     0.00     0.00    -3.98     0  00:00        0.00
  Node_20502041        JUNCTION     0.00     0.00    -3.55     0  00:00        0.00
  Node_1030            JUNCTION     0.00     0.00    -0.41     0  00:00        0.00
  Node_20582052        JUNCTION     0.00     0.00    -1.31     0  00:00        0.00
  HW_CGG2031           JUNCTION     0.00     0.00    -3.55     0  00:00        0.00
  Node_20771943        JUNCTION     0.00     0.00     0.00     0  00:00        0.00
  Node_8006            JUNCTION     0.00     0.00     0.00     0  00:00        0.00
  Node_19461947        JUNCTION     0.00     0.00     0.00     0  00:00        0.00
  HW_CGG2001           JUNCTION     0.00     0.00     2.97     0  00:00        0.00
  Node_1005            JUNCTION     0.00     0.00     5.00     0  00:00        0.00
  Node_19481944        JUNCTION     0.00     0.00     5.00     0  00:00        0.00
  Node_1002            JUNCTION     0.00     0.00     5.00     0  00:00        0.00
  Node_1944377         JUNCTION     0.00     0.00     5.00     0  00:00        0.00
  HW_CG2003            JUNCTION     0.00     0.00     5.00     0  00:00        0.00
  Node_8005            JUNCTION     0.00     0.00     0.00     0  00:00        0.00
  Node_19531951        JUNCTION     0.00     0.00     0.00     0  00:00        0.00
  Node_8003            JUNCTION     0.00     0.00     0.00     0  00:00        0.00
  Node_19551954        JUNCTION     0.00     0.00     0.00     0  00:00        0.00
  Node_8004            JUNCTION     0.00     0.00     0.00     0  00:00        0.00
  Node_19601959        JUNCTION     0.00     0.00     0.00     0  00:00        0.00
  HW_CG004             JUNCTION     0.00     0.00     5.00     0  00:00        0.00
  Node_19591956        JUNCTION     0.00     0.00     5.00     0  00:00        0.00
  Node_8007            JUNCTION     0.00     0.00     0.00     0  00:00        0.00
  Node_19701971        JUNCTION     0.00     0.00     0.00     0  00:00        0.00
  HW_CG015             JUNCTION     0.00     0.00     5.00     0  00:00        0.00
  Node_20312168        JUNCTION     0.00     0.00     5.00     0  00:00        0.00
  Node_8017            JUNCTION     0.00     0.00     0.00     0  00:00        0.00
  Node_20292090        JUNCTION     0.00     0.00     0.00     0  00:00        0.00
  HW_CG017             JUNCTION     0.00     0.00     5.00     0  00:00        0.00
  Node_20902030        JUNCTION     0.00     0.00     5.00     0  00:00        0.00
  Node_1016            JUNCTION     0.00     0.00     5.00     0  00:00        0.00
  Node_20282072        JUNCTION     0.00     0.00     2.03     0  00:00        0.00
  Node_1017            JUNCTION     0.00     0.00     5.00     0  00:00        0.00
  Node_20302072        JUNCTION     0.00     0.00     2.07     0  00:00        0.00
  HW_CG016             JUNCTION     0.00     0.00     5.00     0  00:00        0.00
  Node_20262028        JUNCTION     0.00     0.00     5.00     0  00:00        0.00
  HW_CGG2016           JUNCTION     0.00     0.00     2.03     0  00:00        0.00
  Node_8015            JUNCTION     0.00     0.00     0.00     0  00:00        0.00
  Node_20962031        JUNCTION     0.00     0.00     0.00     0  00:00        0.00
  Node_1015            JUNCTION     0.00     0.00    -0.78     0  00:00        0.00
  Node_19761975        JUNCTION     0.00     0.00    -3.09     0  00:00        0.00
  HW_CGG2015           JUNCTION     0.00     0.00    -3.16     0  00:00        0.00
  Node_8009            JUNCTION     0.00     0.00     0.00     0  00:00        0.00
  Node_19741973        JUNCTION     0.00     0.00     0.00     0  00:00        0.00
  Node_8014            JUNCTION     0.00     0.00     0.00     0  00:00        0.00
  Node_21021985        JUNCTION     0.00     0.00     0.00     0  00:00        0.00
  Node_2010            JUNCTION     0.00     0.00    -4.80     0  00:00        0.00
  Node_19881987        JUNCTION     0.00     0.00    -5.12     0  00:00        0.00
  Node_8011            JUNCTION     0.00     0.00     0.00     0  00:00        0.00
  Node_19871986        JUNCTION     0.00     0.00     0.00     0  00:00        0.00
  Node_8019            JUNCTION     0.00     0.00     0.00     0  00:00        0.00
  Node_20092007        JUNCTION     0.00     0.00     0.00     0  00:00        0.00
  Node_8018            JUNCTION     0.00     0.00     0.00     0  00:00        0.00
  Node_20052004        JUNCTION     0.00     0.00     0.00     0  00:00        0.00
  Node_21591998        JUNCTION     0.00     0.00     5.00     0  00:00        0.00
  Node_8022            JUNCTION     0.00     0.00     0.00     0  00:00        0.00
  Node_20662067        JUNCTION     0.00     0.00     0.00     0  00:00        0.00
  Node_1022            JUNCTION     0.00     0.00     3.04     0  00:00        0.00
  Node_20682110        JUNCTION     0.00     0.00     2.00     0  00:00        0.00
  Node_8021            JUNCTION     0.00     0.00     0.00     0  00:00        0.00
  Node_21102070        JUNCTION     0.00     0.00     0.00     0  00:00        0.00
  Node_8023            JUNCTION     0.00     0.00     0.00     0  00:00        0.00
  Node_20032002        JUNCTION     0.00     0.00     0.00     0  00:00        0.00
  HW_CGG2018           JUNCTION     0.00     0.00    -2.07     0  00:00        0.00
  Node_8020            JUNCTION     0.00     0.00     0.00     0  00:00        0.00
  Node_21142176        JUNCTION     0.00     0.00     0.00     0  00:00        0.00
  Node_8025            JUNCTION     0.00     0.00     0.00     0  00:00        0.00
  Node_20112178        JUNCTION     0.00     0.00     0.00     0  00:00        0.00
  Node_1033            JUNCTION     0.00     0.00    -2.31     0  00:00        0.00
  Node_21452041        JUNCTION     0.00     0.00    -3.55     0  00:00        0.00
  Node_8029            JUNCTION     0.00     0.00     0.00     0  00:00        0.00
  Node_20532060        JUNCTION     0.00     0.00     0.00     0  00:00        0.00
  Node_8027            JUNCTION     0.00     0.00     0.00     0  00:00        0.00
  Node_20242023        JUNCTION     0.00     0.00     0.00     0  00:00        0.00
  HW_CGG013            JUNCTION     0.00     0.00     5.00     0  00:00        0.00
  Node_19801977        JUNCTION     0.00     0.00     1.92     0  00:00        0.00
  HW_CGG2011           JUNCTION     0.00     0.00     1.57     0  00:00        0.00
  HW_CG014             JUNCTION     0.00     0.00     5.00     0  00:00        0.00
  Node_19851984        JUNCTION     0.00     0.00     5.00     0  00:00        0.00
  HW_CGG014            JUNCTION     0.00     0.00     1.61     0  00:00        0.00
  Node_19841982        JUNCTION     0.00     0.00    -0.40     0  00:00        0.00
  HW_CG013             JUNCTION     0.00     0.00     5.00     0  00:00        0.00
  Node_19811980        JUNCTION     0.00     0.00     5.00     0  00:00        0.00
  HW_CG012             JUNCTION     0.00     0.00     5.00     0  00:00        0.00
  Node_19941989        JUNCTION     0.00     0.00     5.00     0  00:00        0.00
  HW_CGG012            JUNCTION     0.00     0.00     2.18     0  00:00        0.00
  Node_19891988        JUNCTION     0.00     0.00    -3.80     0  00:00        0.00
  HW_CG011             JUNCTION     0.00     0.00     5.00     0  00:00        0.00
  Node_19861978        JUNCTION     0.00     0.00     5.00     0  00:00        0.00
  HW_CG009             JUNCTION     0.00     0.00     5.00     0  00:00        0.00
  Node_19731972        JUNCTION     0.00     0.00     5.00     0  00:00        0.00
  HW_CG007             JUNCTION     0.00     0.00     5.00     0  00:00        0.00
  Node_19711968        JUNCTION     0.00     0.00     5.00     0  00:00        0.00
  Node_1010            JUNCTION     0.00     0.00    -3.36     0  00:00        0.00
  Node_19901988        JUNCTION     0.00     0.00    -4.74     0  00:00        0.00
  HW_CG010             JUNCTION     0.00     0.00     5.00     0  00:00        0.00
  Node_19911990        JUNCTION     0.00     0.00     5.00     0  00:00        0.00
  Node_1019            JUNCTION     0.00     0.00     5.00     0  00:00        0.00
  Node_20062005        JUNCTION     0.00     0.00     4.33     0  00:00        0.00
  HW_CG026             JUNCTION     0.00     0.00     5.00     0  00:00        0.00
  Node_20202015        JUNCTION     0.00     0.00     5.00     0  00:00        0.00
  HW_CGG2024           JUNCTION     0.00     0.00    -2.03     0  00:00        0.00
  HW_CG023             JUNCTION     0.00     0.00     5.00     0  00:00        0.00
  Node_20022001        JUNCTION     0.00     0.00     5.00     0  00:00        0.00
  Node_1023            JUNCTION     0.00     0.00     4.40     0  00:00        0.00
  Node_20012000        JUNCTION     0.00     0.00     1.05     0  00:00        0.00
  Node_20001997        JUNCTION     0.00     0.00    -2.07     0  00:00        0.00
  Node_1020            JUNCTION     0.00     0.00     5.00     0  00:00        0.00
  Node_21751972        JUNCTION     0.00     0.00     5.00     0  00:00        0.00
  Node_1009            JUNCTION     0.00     0.00     5.00     0  00:00        0.00
  Node_21491968        JUNCTION     0.00     0.00     5.00     0  00:00        0.00
  Node_20352142        JUNCTION     0.00     0.00     5.00     0  00:00        0.00
  HW_CG2033            JUNCTION     0.00     0.00     5.00     0  00:00        0.00
  HW_CGG2033           JUNCTION     0.00     0.00    -2.21     0  00:00        0.00
  Node_3001            JUNCTION     0.00     0.00    -1.04     0  00:00        0.00
  Node_21472077        JUNCTION     0.00     0.00    -1.45     0  00:00        0.00
  HW_CG2009            JUNCTION     0.00     0.00     5.00     0  00:00        0.00
  Node_2008            JUNCTION     0.00     0.00     5.00     0  00:00        0.00
  Node_19611950        JUNCTION     0.00     0.00     5.00     0  00:00        0.00
  Node_1026            JUNCTION     0.00     0.00     1.72     0  00:00        0.00
  Node_20152153        JUNCTION     0.00     0.00    -0.94     0  00:00        0.00
  HW_CGG2026           JUNCTION     0.00     0.00    -0.94     0  00:00        0.00
  HW_CG021             JUNCTION     0.00     0.00     5.00     0  00:00        0.00
  Node_20702157        JUNCTION     0.00     0.00     5.00     0  00:00        0.00
  HW_CG018             JUNCTION     0.00     0.00     5.00     0  00:00        0.00
  Node_20042159        JUNCTION     0.00     0.00     5.00     0  00:00        0.00
  HW_CG031             JUNCTION     0.00     0.00     5.00     0  00:00        0.00
  Node_20482161        JUNCTION     0.00     0.00     5.00     0  00:00        0.00
  HW_CG2029            JUNCTION     0.00     0.00     5.00     0  00:00        0.00
  Node_3029            JUNCTION     0.00     0.00     5.00     0  00:00        0.00
  Node_21802177        JUNCTION     0.00     0.00     5.00     0  00:00        0.00
  HW_CG029             JUNCTION     0.00     0.00     5.00     0  00:00        0.00
  Node_20602165        JUNCTION     0.00     0.00     5.00     0  00:00        0.00
  Node_21681976        JUNCTION     0.00     0.00     5.00     0  00:00        0.00
  Node_3008            JUNCTION     0.00     0.00     5.00     0  00:00        0.00
  Node_21561961        JUNCTION     0.00     0.00     5.00     0  00:00        0.00
  HW_CG020             JUNCTION     0.00     0.00     5.00     0  00:00        0.00
  Node_21762175        JUNCTION     0.00     0.00     5.00     0  00:00        0.00
  HW_CG025             JUNCTION     0.00     0.00     5.00     0  00:00        0.00
  Node_21782177        JUNCTION     0.00     0.00     5.00     0  00:00        0.00
  HW_CG027             JUNCTION     0.00     0.00     5.00     0  00:00        0.00
  Node_20232179        JUNCTION     0.00     0.00     5.00     0  00:00        0.00
  Node_1027            JUNCTION     0.00     0.00     5.00     0  00:00        0.00
  Node_21792180        JUNCTION     0.00     0.00     5.00     0  00:00        0.00
  Node_24992500        JUNCTION     0.00     0.00     0.00     0  00:00        0.00
  HW_MS006             JUNCTION     0.00     0.00     5.00     0  00:00        0.00
  Node_25002502        JUNCTION     0.00     0.00     5.00     0  00:00        0.00
  Node_25042505        JUNCTION     0.00     0.00     0.00     0  00:00        0.00
  Node_25802507        JUNCTION     0.00     0.00     5.00     0  00:00        0.00
  Node_25092510        JUNCTION     0.00     0.00     0.00     0  00:00        0.00
  HW_MS005             JUNCTION     0.00     0.00     5.00     0  00:00        0.00
  Node_25102512        JUNCTION     0.00     0.00     5.00     0  00:00        0.00
  Node_1004            JUNCTION     0.00     0.00     5.00     0  00:00        0.00
  Node_25122514        JUNCTION     0.00     0.00     5.00     0  00:00        0.00
  Node_25162517        JUNCTION     0.00     0.00     0.00     0  00:00        0.00
  HW_MS004             JUNCTION     0.00     0.00     5.00     0  00:00        0.00
  Node_25172512        JUNCTION     0.00     0.00     5.00     0  00:00        0.00
  Node_25202521        JUNCTION     0.00     0.00     0.00     0  00:00        0.00
  Node_25782523        JUNCTION     0.00     0.00     5.00     0  00:00        0.00
  Node_25252526        JUNCTION     0.00     0.00     0.00     0  00:00        0.00
  HW_MS002             JUNCTION     0.00     0.00     5.00     0  00:00        0.00
  Node_25262572        JUNCTION     0.00     0.00     5.00     0  00:00        0.00
  Node_25282530        JUNCTION     0.00     0.00     0.00     0  00:00        0.00
  HW_MS1               JUNCTION     0.00     0.00     5.00     0  00:00        0.00
  Node_25762532        JUNCTION     0.00     0.00     5.00     0  00:00        0.00
  Node_25342535        JUNCTION     0.00     0.00     0.00     0  00:00        0.00
  Node_25372538        JUNCTION     0.00     0.00     0.00     0  00:00        0.00
  HW_MS008             JUNCTION     0.00     0.00     5.00     0  00:00        0.00
  Node_25382541        JUNCTION     0.00     0.00     5.00     0  00:00        0.00
  HW_MSG009            JUNCTION     0.00     0.00     5.00     0  00:00        0.00
  Node_25412534        JUNCTION     0.00     0.00     3.30     0  00:00        0.00
  HW_MS009             JUNCTION     0.00     0.00     5.00     0  00:00        0.00
  Node_25352544        JUNCTION     0.00     0.00     5.00     0  00:00        0.00
  Node_25442543        JUNCTION     0.00     0.00     5.00     0  00:00        0.00
  Node_88              JUNCTION     0.00     0.00     4.75     0  00:00        0.00
  Node_25232543        JUNCTION     0.00     0.00     2.68     0  00:00        0.00
  Node_25432548        JUNCTION     0.00     0.00    -6.07     0  00:00        0.00
  Node_57              JUNCTION     0.00     0.00    -6.07     0  00:00        0.00
  Node_25482550        JUNCTION     0.00     0.00    -8.40     0  00:00        0.00
  HW_MSG045            JUNCTION     0.00     0.00    -8.40     0  00:00        0.00
  Node_25502572        JUNCTION     0.00     0.00    -9.76     0  00:00        0.00
  Node_25532554        JUNCTION     0.00     0.00     0.00     0  00:00        0.00
  HW_MS010             JUNCTION     0.00     0.00     5.00     0  00:00        0.00
  Node_25542532        JUNCTION     0.00     0.00     5.00     0  00:00        0.00
  Node_25322557        JUNCTION     0.00     0.00     5.00     0  00:00        0.00
  Node_25592570        JUNCTION     0.00     0.00     0.00     0  00:00        0.00
  Node_71              JUNCTION     0.00     0.00     5.00     0  00:00        0.00
  Node_25022504        JUNCTION     0.00     0.00     0.20     0  00:00        0.00
  HW_MSG813A           JUNCTION     0.00     0.00     5.00     0  00:00        0.00
  Node_514             JUNCTION     0.00     0.00    -0.47     0  00:00        0.00
  Node_25142563        JUNCTION     0.00     0.00    -2.73     0  00:00        0.00
  HW_MSG501            JUNCTION     0.00     0.00    -2.73     0  00:00        0.00
  HW_MSG585            JUNCTION     0.00     0.00    -5.79     0  00:00        0.00
  HW_MS011             JUNCTION     0.00     0.00     5.00     0  00:00        0.00
  Node_25702557        JUNCTION     0.00     0.00     5.00     0  00:00        0.00
  HW_MSG001            JUNCTION     0.00     0.00    -9.76     0  00:00        0.00
  Node_25722528        JUNCTION     0.00     0.00    -9.86     0  00:00        0.00
  HW_MS2011            JUNCTION     0.00     0.00     5.00     0  00:00        0.00
  HW_MS001             JUNCTION     0.00     0.00     5.00     0  00:00        0.00
  Node_25302576        JUNCTION     0.00     0.00     5.00     0  00:00        0.00
  HW_MS003             JUNCTION     0.00     0.00     5.00     0  00:00        0.00
  Node_25212578        JUNCTION     0.00     0.00     5.00     0  00:00        0.00
  HW_MS007             JUNCTION     0.00     0.00     5.00     0  00:00        0.00
  Node_25052580        JUNCTION     0.00     0.00     5.00     0  00:00        0.00
  Node_26022603        JUNCTION     0.00     0.00     0.00     0  00:00        0.00
  HW_WM007             JUNCTION     0.00     0.00     5.00     0  00:00        0.00
  Node_26032605        JUNCTION     0.00     0.00     5.00     0  00:00        0.00
  Node_26052607        JUNCTION     0.00     0.00     5.00     0  00:00        0.00
  Node_26092624        JUNCTION     0.00     0.00     0.00     0  00:00        0.00
  Node_26112612        JUNCTION     0.00     0.00     0.00     0  00:00        0.00
  HW_WM004             JUNCTION     0.00     0.00     5.00     0  00:00        0.00
  Node_26122614        JUNCTION     0.00     0.00     5.00     0  00:00        0.00
  Node_26162617        JUNCTION     0.00     0.00     0.00     0  00:00        0.00
  HW_WM2               JUNCTION     0.00     0.00     5.00     0  00:00        0.00
  Node_26172614        JUNCTION     0.00     0.00     5.00     0  00:00        0.00
  HW_WM2002            JUNCTION     0.00     0.00     5.00     0  00:00        0.00
  HW_WM2001            JUNCTION     0.00     0.00     5.00     0  00:00        0.00
  HW_WM001             JUNCTION     0.00     0.00     5.00     0  00:00        0.00
  Node_26242605        JUNCTION     0.00     0.00     5.00     0  00:00        0.00
  Node_26142626        JUNCTION     0.00     0.00     5.00     0  00:00        0.00
  Node_3011            JUNCTION     0.00     0.00     5.00     0  00:00        0.00
  Node_2574675         JUNCTION     0.00     0.00     5.00     0  00:00        0.00
  Node_26222639        JUNCTION     0.00     0.00     5.00     0  00:00        0.00
  Node_3002            JUNCTION     0.00     0.00     5.00     0  00:00        0.00
  Node_26202622        JUNCTION     0.00     0.00     5.00     0  00:00        0.00
  Node_86              JUNCTION     0.00     0.00     5.00     0  00:00        0.00
  Node_2652630         JUNCTION     0.00     0.00     5.00     0  00:00        0.00
  Node_2456            JUNCTION     0.00     0.00     0.00     0  00:00        0.00
  Node_26542655        JUNCTION     0.00     0.00     0.00     0  00:00        0.00
  Node_2457            JUNCTION     0.00     0.00     5.00     0  00:00        0.00
  Node_26552652        JUNCTION     0.00     0.00     5.00     0  00:00        0.00
  HW_8008.4D           JUNCTION     0.00     0.00    -3.10     0  00:00        0.00
  Node_2658429         JUNCTION     0.00     0.00    -3.10     0  00:00        0.00
  HW_8001.3D           JUNCTION     0.00     0.00    -2.39     0  00:00        0.00
  Node_2661429         JUNCTION     0.00     0.00    -2.39     0  00:00        0.00
  HW_8001.6D           JUNCTION     0.00     0.00    -2.37     0  00:00        0.00
  Node_2662429         JUNCTION     0.00     0.00    -2.37     0  00:00        0.00
  HW_8001.5D           JUNCTION     0.00     0.00    -3.59     0  00:00        0.00
  Node_2663429         JUNCTION     0.00     0.00    -3.59     0  00:00        0.00
  HW_8002.2D           JUNCTION     0.00     0.00    -1.50     0  00:00        0.00
  Node_2673862         JUNCTION     0.00     0.00    -1.50     0  00:00        0.00
  HW_8002.4D           JUNCTION     0.00     0.00    -1.50     0  00:00        0.00
  Node_2679862         JUNCTION     0.00     0.00    -1.50     0  00:00        0.00
  Node_8187            JUNCTION     0.00     0.00    -2.00     0  00:00        0.00
  Node_26822683        JUNCTION     0.00     0.00     5.00     0  00:00        0.00
  Node_187             JUNCTION     0.00     0.00     5.00     0  00:00        0.00
  Node_26832684        JUNCTION     0.00     0.00     5.00     0  00:00        0.00
  Node_26842691        JUNCTION     0.00     0.00     5.00     0  00:00        0.00
  Node_2691727         JUNCTION     0.00     0.00     5.00     0  00:00        0.00
  Node_27882695        JUNCTION     0.00     0.00     5.00     0  00:00        0.00
  Node_2695724         JUNCTION     0.00     0.00     5.00     0  00:00        0.00
  Node_26992697        JUNCTION     0.00     0.00     5.00     0  00:00        0.00
  Node_27042702        JUNCTION     0.00     0.00     5.00     0  00:00        0.00
  HW_2176              JUNCTION     0.00     0.00     5.00     0  00:00        0.00
  Node_3176            JUNCTION     0.00     0.00     5.00     0  00:00        0.00
  Node_27062708        JUNCTION     0.00     0.00     5.00     0  00:00        0.00
  Node_112             JUNCTION     0.00     0.00     5.00     0  00:00        0.00
  Node_2708728         JUNCTION     0.00     0.00     5.00     0  00:00        0.00
  Node_27162708        JUNCTION     0.00     0.00     5.00     0  00:00        0.00
  Node_2716659         JUNCTION     0.00     0.00     5.00     0  00:00        0.00
  Node_1062            JUNCTION     0.00     0.00     5.00     0  00:00        0.00
  Node_27242725        JUNCTION     0.00     0.00     5.00     0  00:00        0.00
  Node_2044            JUNCTION     0.00     0.00     5.00     0  00:00        0.00
  Node_27292813        JUNCTION     0.00     0.00     5.00     0  00:00        0.00
  Node_1044            JUNCTION     0.00     0.00     5.00     0  00:00        0.00
  Node_27252729        JUNCTION     0.00     0.00     5.00     0  00:00        0.00
  Node_56              JUNCTION     0.00     0.00     5.00     0  00:00        0.00
  Node_2764731         JUNCTION     0.00     0.00     5.00     0  00:00        0.00
  Node_156             JUNCTION     0.00     0.00     5.00     0  00:00        0.00
  Node_2764385         JUNCTION     0.00     0.00     0.00     0  00:00        0.00
  Node_2769278         JUNCTION     0.00     0.00     5.00     0  00:00        0.00
  Node_2769583         JUNCTION     0.00     0.00     5.00     0  00:00        0.00
  Node_8177            JUNCTION     0.00     0.00     0.00     0  00:00        0.00
  Node_27782779        JUNCTION     0.00     0.00     0.00     0  00:00        0.00
  Node_26392695        JUNCTION     0.00     0.00     5.00     0  00:00        0.00
  Node_27882682        JUNCTION     0.00     0.00     5.00     0  00:00        0.00
  Node_2796657         JUNCTION     0.00     0.00     5.00     0  00:00        0.00
  Node_1190            JUNCTION     0.00     0.00     5.00     0  00:00        0.00
  Node_27962706        JUNCTION     0.00     0.00     5.00     0  00:00        0.00
  Node_13032           JUNCTION     0.00     0.00   -10.19     0  00:00        0.00
  Node_28012800        JUNCTION     0.00     0.00   -10.46     0  00:00        0.00
  Node_13042           JUNCTION     0.00     0.00   -10.09     0  00:00        0.00
  Node_28022801        JUNCTION     0.00     0.00   -10.19     0  00:00        0.00
  Node_28032802        JUNCTION     0.00     0.00   -10.09     0  00:00        0.00
  Node_13111           JUNCTION     0.00     0.00    -9.63     0  00:00        0.00
  Node_28042803        JUNCTION     0.00     0.00    -9.84     0  00:00        0.00
  Node_13011           JUNCTION     0.00     0.00    -8.94     0  00:00        0.00
  Node_28052804        JUNCTION     0.00     0.00    -9.63     0  00:00        0.00
  Node_12011           JUNCTION     0.00     0.00    -8.92     0  00:00        0.00
  Node_28062805        JUNCTION     0.00     0.00    -8.94     0  00:00        0.00
  Node_12039           JUNCTION     0.00     0.00    -8.65     0  00:00        0.00
  Node_28072806        JUNCTION     0.00     0.00    -8.92     0  00:00        0.00
  Node_12038           JUNCTION     0.00     0.00    -8.48     0  00:00        0.00
  Node_28082807        JUNCTION     0.00     0.00    -8.65     0  00:00        0.00
  Node_12069           JUNCTION     0.00     0.00    -8.38     0  00:00        0.00
  Node_28092808        JUNCTION     0.00     0.00    -8.48     0  00:00        0.00
  Node_12063           JUNCTION     0.00     0.00    -8.06     0  00:00        0.00
  Node_28102809        JUNCTION     0.00     0.00    -8.38     0  00:00        0.00
  Node_12096           JUNCTION     0.00     0.00    -8.05     0  00:00        0.00
  Node_28112810        JUNCTION     0.00     0.00    -8.06     0  00:00        0.00
  Node_12178           JUNCTION     0.00     0.00    -7.79     0  00:00        0.00
  Node_28122811        JUNCTION     0.00     0.00    -8.05     0  00:00        0.00
  Node_12268           JUNCTION     0.00     0.00    -6.59     0  00:00        0.00
  Node_28132812        JUNCTION     0.00     0.00    -7.79     0  00:00        0.00
  Node_12048           JUNCTION     0.00     0.00    -6.20     0  00:00        0.00
  Node_28142813        JUNCTION     0.00     0.00    -6.59     0  00:00        0.00
  Node_11148           JUNCTION     0.00     0.00    -5.27     0  00:00        0.00
  Node_28152814        JUNCTION     0.00     0.00    -6.20     0  00:00        0.00
  Node_11149           JUNCTION     0.00     0.00    -4.94     0  00:00        0.00
  Node_28162815        JUNCTION     0.00     0.00    -5.27     0  00:00        0.00
  Node_11153           JUNCTION     0.00     0.00    -3.70     0  00:00        0.00
  Node_28172816        JUNCTION     0.00     0.00    -4.94     0  00:00        0.00
  Node_10004           JUNCTION     0.00     0.00    -1.40     0  00:00        0.00
  Node_28182817        JUNCTION     0.00     0.00    -3.70     0  00:00        0.00
  Node_10001           JUNCTION     0.00     0.00    -1.25     0  00:00        0.00
  Node_28192818        JUNCTION     0.00     0.00    -1.40     0  00:00        0.00
  Node_10210           JUNCTION     0.00     0.00    -0.99     0  00:00        0.00
  Node_28202819        JUNCTION     0.00     0.00    -1.25     0  00:00        0.00
  Node_10032           JUNCTION     0.00     0.00    -0.12     0  00:00        0.00
  Node_28212820        JUNCTION     0.00     0.00    -0.99     0  00:00        0.00
  Node_10033           JUNCTION     0.00     0.00     0.25     0  00:00        0.00
  Node_28222821        JUNCTION     0.00     0.00    -0.12     0  00:00        0.00
  Node_10066           JUNCTION     0.00     0.00     0.87     0  00:00        0.00
  Node_28232822        JUNCTION     0.00     0.00     0.25     0  00:00        0.00
  Node_10069           JUNCTION     0.00     0.00     0.98     0  00:00        0.00
  Node_28242823        JUNCTION     0.00     0.00     0.87     0  00:00        0.00
  Node_10074           JUNCTION     0.00     0.00     1.14     0  00:00        0.00
  Node_28252824        JUNCTION     0.00     0.00     0.98     0  00:00        0.00
  Node_9002            JUNCTION     0.00     0.00     2.25     0  00:00        0.00
  Node_28262825        JUNCTION     0.00     0.00     1.14     0  00:00        0.00
  Node_9106            JUNCTION     0.00     0.00     1.48     0  00:00        0.00
  Node_28272826        JUNCTION     0.00     0.00     2.25     0  00:00        0.00
  Node_1006            JUNCTION     0.00     0.00     1.93     0  00:00        0.00
  Node_28282827        JUNCTION     0.00     0.00     1.48     0  00:00        0.00
  Node_1051            JUNCTION     0.00     0.00     5.00     0  00:00        0.00
  Node_28582724        JUNCTION     0.00     0.00     5.00     0  00:00        0.00
  J2146                OUTFALL      0.00     0.00     7.00     0  00:00        0.00
  F14277               STORAGE      0.28     0.29    10.67     0  07:54        0.29
  E14441               STORAGE      4.72     4.85    10.68     0  07:49        4.85
  E14462               STORAGE      4.97     5.10    10.68     0  07:50        5.10
  E14458               STORAGE      5.63     5.76    10.69     0  07:51        5.76
  F14238               STORAGE      1.11     1.16     8.85     0  01:10        1.16
  F14239               STORAGE      1.60     1.64     9.64     0  00:17        1.63
  F14244               STORAGE      0.00     0.00     8.98     0  00:00        0.00
  F14246               STORAGE      0.00     0.00    11.16     0  00:00        0.00
  F14269               STORAGE      0.42     0.44     9.44     0  07:56        0.44
  F14295               STORAGE      0.31     0.33     8.87     0  07:57        0.33
  F14304               STORAGE      1.36     1.45     8.45     0  05:33        1.45
  F14308               STORAGE      3.02     3.15     8.45     0  05:09        3.15
  F14309               STORAGE      2.69     2.81     8.44     0  05:17        2.81
  F14310(F)            STORAGE      0.26     0.28     8.44     0  05:29        0.28
  F14313               STORAGE      0.66     0.77     7.48     0  23:59        0.77
  F14318               STORAGE      1.75     2.08     7.47     0  23:58        2.08
  F14321               STORAGE      2.64     3.08     7.47     0  23:58        3.08
  F14341               STORAGE      0.00     0.00    10.49     0  00:00        0.00
  F14379               STORAGE      0.00     0.00    11.00     0  00:00        0.00
  F14386               STORAGE      0.00     0.00    12.80     0  00:00        0.00
  F14378(F)            STORAGE      0.00     0.00    10.00     0  00:00        0.00
  J186                 STORAGE      0.00     0.00     6.33     0  00:00        0.00
  S186                 STORAGE      0.00     0.00    10.00     0  00:00        0.00
  H12280               STORAGE      0.00     0.00     6.71     0  00:00        0.00
  H12345               STORAGE      0.00     0.00     7.00     0  00:00        0.00
  J76                  STORAGE      0.00     0.00     1.40     0  00:00        0.00
  S76                  STORAGE      0.00     0.00     8.60     0  00:00        0.00
  G11198               STORAGE      0.00     0.00    10.60     0  00:00        0.00
  G11203               STORAGE      0.00     0.00    10.00     0  00:00        0.00
  G11232               STORAGE      0.00     0.00    12.05     0  00:00        0.00
  G11235               STORAGE      0.00     0.00    10.60     0  00:00        0.00
  G11238               STORAGE      0.00     0.00    11.35     0  00:00        0.00
  G11239               STORAGE      0.00     0.00    10.80     0  00:00        0.00
  G12074               STORAGE      0.00     0.00     9.10     0  00:00        0.00
  G12089               STORAGE      0.00     0.00     8.50     0  00:00        0.00
  G12173               STORAGE      0.00     0.00     7.00     0  00:00        0.00
  G13019               STORAGE      0.00     0.00     6.00     0  00:00        0.00
  H12081               STORAGE      0.00     0.00     8.75     0  00:00        0.00
  H12083               STORAGE      0.00     0.00     8.46     0  00:00        0.00
  S72                  STORAGE      0.00     0.00    10.00     0  00:00        0.00
  J85                  STORAGE      0.00     0.00     4.26     0  00:00        0.00
  S85                  STORAGE      0.00     0.00    10.00     0  00:00        0.00
  G13010               STORAGE      0.00     0.00     4.76     0  00:00        0.00
  G13053               STORAGE      0.00     0.00     3.45     0  00:00        0.00
  G13083               STORAGE      0.00     0.00     6.65     0  00:00        0.00
  G13098               STORAGE      0.00     0.00     4.68     0  00:00        0.00
  G13115               STORAGE      0.00     0.00     6.80     0  00:00        0.00
  H13146               STORAGE      0.00     0.00     7.20     0  00:00        0.00
  H13157               STORAGE      0.00     0.00     5.00     0  00:00        0.00
  H13183               STORAGE      0.00     0.00     4.60     0  00:00        0.00
  G14SP1U              STORAGE      0.00     0.00     5.09     0  00:00        0.00
  H13186(F)            STORAGE      0.00     0.00     3.90     0  00:00        0.00
  G13085(F)            STORAGE      0.00     0.00     7.00     0  00:00        0.00
  G13068(F)            STORAGE      0.00     0.00     3.50     0  00:00        0.00
  G14024               STORAGE      0.00     0.00     4.00     0  00:00        0.00
  F14010               STORAGE      0.00     0.00     4.50     0  00:00        0.00
  G13119(F)            STORAGE      0.00     0.00     6.00     0  00:00        0.00
  G13127               STORAGE      0.00     0.00     6.30     0  00:00        0.00
  G13126               STORAGE      0.00     0.00     5.40     0  00:00        0.00
  G13124               STORAGE      0.00     0.00     6.00     0  00:00        0.00
  G13121               STORAGE      0.00     0.00     6.00     0  00:00        0.00
  J54                  STORAGE      0.00     0.00     6.10     0  00:00        0.00
  S54                  STORAGE      0.00     0.00    10.00     0  00:00        0.00
  J45                  STORAGE      0.00     0.00     2.00     0  00:00        0.00
  S45                  STORAGE      0.00     0.00     4.80     0  00:00        0.00
  J75                  STORAGE      0.00     0.00     8.01     0  00:00        0.00
  S75                  STORAGE      0.00     0.00    10.00     0  00:00        0.00
  G13093               STORAGE      0.00     0.00    10.00     0  00:00        0.00
  F13851               STORAGE      0.00     0.00     7.50     0  00:00        0.00
  F13856               STORAGE      0.00     0.00    11.00     0  00:00        0.00
  J2007                STORAGE      0.00     0.00    11.14     0  00:00        0.00
  S7                   STORAGE      0.00     0.00    10.00     0  00:00        0.00
  F14012(F)            STORAGE      0.00     0.00     7.00     0  00:00        0.00
  J15172               STORAGE      0.00     0.00     9.12     0  00:00        0.00
  J16183               STORAGE      0.00     0.00     9.79     0  00:00        0.00
  J16273               STORAGE      0.00     0.00    14.43     0  00:00        0.00
  F14004               STORAGE      0.00     0.00    10.00     0  00:00        0.00
  F14075               STORAGE      0.00     0.00     4.40     0  00:00        0.00
  F14106               STORAGE      0.00     0.00     3.69     0  00:00        0.00
  F14107               STORAGE      0.00     0.00     3.65     0  00:00        0.00
  F14112               STORAGE      0.00     0.00     5.70     0  00:00        0.00
  F14116               STORAGE      0.00     0.00     5.86     0  00:00        0.00
  F14118               STORAGE      0.00     0.00     4.56     0  00:00        0.00
  F14145               STORAGE      0.00     0.00     5.04     0  00:00        0.00
  F14153               STORAGE      0.00     0.00     4.77     0  00:00        0.00
  F15031               STORAGE      0.00     0.00    11.47     0  00:00        0.00
  F15034               STORAGE      0.00     0.00    11.99     0  00:00        0.00
  F15076               STORAGE      0.00     0.00    10.00     0  00:00        0.00
  F15077               STORAGE      0.00     0.00    10.00     0  00:00        0.00
  F15078               STORAGE      0.00     0.00    12.84     0  00:00        0.00
  F15130               STORAGE      0.00     0.00    11.06     0  00:00        0.00
  F15376               STORAGE      0.00     0.00    15.56     0  00:00        0.00
  F15752               STORAGE      0.00     0.00     7.23     0  00:00        0.00
  F15812               STORAGE      0.00     0.00     6.41     0  00:00        0.00
  F15837               STORAGE      0.00     0.00     4.59     0  00:00        0.00
  F16614               STORAGE      0.00     0.00    10.00     0  00:00        0.00
  G15081               STORAGE      0.00     0.00    12.30     0  00:00        0.00
  G15082               STORAGE      0.00     0.00    12.46     0  00:00        0.00
  G15187               STORAGE      0.00     0.00    11.22     0  00:00        0.00
  G15257               STORAGE      0.00     0.00    10.18     0  00:00        0.00
  G15284               STORAGE      0.00     0.00    12.11     0  00:00        0.00
  G15435               STORAGE      0.00     0.00    11.21     0  00:00        0.00
  G15443               STORAGE      0.00     0.00    10.03     0  00:00        0.00
  G15351               STORAGE      0.00     0.00    10.93     0  00:00        0.00
  G16087               STORAGE      0.00     0.00    13.23     0  00:00        0.00
  G16464               STORAGE      0.00     0.00    13.59     0  00:00        0.00
  G16514               STORAGE      0.00     0.00    10.39     0  00:00        0.00
  G16520               STORAGE      0.00     0.00    10.18     0  00:00        0.00
  G16528               STORAGE      0.00     0.00    12.00     0  00:00        0.00
  H15431               STORAGE      0.00     0.00    12.49     0  00:00        0.00
  H15557               STORAGE      0.00     0.00    10.94     0  00:00        0.00
  H15558               STORAGE      0.00     0.00    11.87     0  00:00        0.00
  H15559               STORAGE      0.00     0.00    10.85     0  00:00        0.00
  H15563               STORAGE      0.00     0.00    15.77     0  00:00        0.00
  H15568               STORAGE      0.00     0.00    13.50     0  00:00        0.00
  H16001               STORAGE      0.00     0.00     8.22     0  00:00        0.00
  H16281               STORAGE      0.00     0.00    10.80     0  00:00        0.00
  H16288               STORAGE      0.00     0.00    11.77     0  00:00        0.00
  H16306               STORAGE      0.00     0.00    12.09     0  00:00        0.00
  H16308               STORAGE      0.00     0.00    11.85     0  00:00        0.00
  H16394               STORAGE      0.00     0.00    15.20     0  00:00        0.00
  H16396               STORAGE      0.00     0.00    13.47     0  00:00        0.00
  F14078(F)            STORAGE      0.00     0.00     5.00     0  00:00        0.00
  G15261               STORAGE      0.00     0.00    10.00     0  00:00        0.00
  G15334(F)            STORAGE      0.00     0.00    10.00     0  00:00        0.00
  G15186               STORAGE      0.00     0.00    10.00     0  00:00        0.00
  G15185(F)            STORAGE      0.00     0.00    10.00     0  00:00        0.00
  G15184(F)            STORAGE      0.00     0.00    10.00     0  00:00        0.00
  G16518(F)            STORAGE      0.00     0.00    10.00     0  00:00        0.00
  G16467(F)            STORAGE      0.00     0.00    15.00     0  00:00        0.00
  F15817(F)            STORAGE      0.00     0.00    10.00     0  00:00        0.00
  F15834(F)            STORAGE      0.00     0.00    10.00     0  00:00        0.00
  S16                  STORAGE      0.00     0.00    10.00     0  00:00        0.00
  J66                  STORAGE      0.00     0.00     2.03     0  00:00        0.00
  S66                  STORAGE      0.00     0.00    10.00     0  00:00        0.00
  J1009.1              STORAGE      0.00     0.00    15.00     0  00:00        0.00
  S9                   STORAGE      0.00     0.00     7.60     0  00:00        0.00
  S152                 STORAGE      0.00     0.00    10.00     0  00:00        0.00
  J68                  STORAGE      0.00     0.00     7.96     0  00:00        0.00
  S68                  STORAGE      0.00     0.00    10.00     0  00:00        0.00
  J67                  STORAGE      0.00     0.00     4.03     0  00:00        0.00
  S67                  STORAGE      0.00     0.00    10.00     0  00:00        0.00
  H16415               STORAGE      0.00     0.00    10.00     0  00:00        0.00
  S65                  STORAGE      0.00     0.00    10.00     0  00:00        0.00
  J64                  STORAGE      0.00     0.00    -3.97     0  00:00        0.00
  S64                  STORAGE      0.00     0.00    10.00     0  00:00        0.00
  J59                  STORAGE      0.00     0.00    10.00     0  00:00        0.00
  S59                  STORAGE      0.00     0.00    10.00     0  00:00        0.00
  S50                  STORAGE      0.00     0.00    10.00     0  00:00        0.00
  J2004                STORAGE      0.00     0.00    10.00     0  00:00        0.00
  S4                   STORAGE      0.00     0.00    10.00     0  00:00        0.00
  J61                  STORAGE      0.00     0.00     2.15     0  00:00        0.00
  S61                  STORAGE      0.00     0.00    10.00     0  00:00        0.00
  J156                 STORAGE      0.00     0.00     6.50     0  00:00        0.00
  S156                 STORAGE      0.00     0.00    10.00     0  00:00        0.00
  J2008                STORAGE      0.00     0.00     7.67     0  00:00        0.00
  S8                   STORAGE      0.00     0.00    10.00     0  00:00        0.00
  H16428               STORAGE      0.00     0.00    10.00     0  00:00        0.00
  H16426               STORAGE      0.00     0.00    10.00     0  00:00        0.00
  H16417               STORAGE      0.00     0.00    10.00     0  00:00        0.00
  H16506               STORAGE      0.00     0.00    15.00     0  00:00        0.00
  G16470               STORAGE      0.00     0.00    13.00     0  00:00        0.00
  J17073               STORAGE      3.66     3.91    17.91     0  10:32        3.91
  J17085               STORAGE      6.18     6.48    17.91     0  10:32        6.48
  J17140               STORAGE      6.20     6.50    17.92     0  10:31        6.50
  J17150               STORAGE      5.71     6.01    17.92     0  10:30        6.01
  J17239               STORAGE      6.22     6.52    17.92     0  10:29        6.52
  K16003               STORAGE      0.37     0.42    12.62     0  10:44        0.42
  K16034               STORAGE      0.30     0.33    17.86     0  10:35        0.33
  K17035               STORAGE      1.21     1.33    17.91     0  10:34        1.33
  K17071               STORAGE      1.95     2.12    17.91     0  10:33        2.12
  S11                  STORAGE      0.00     0.00    10.00     0  00:00        0.00
  J32                  STORAGE      0.00     0.00     2.36     0  00:00        0.00
  S32                  STORAGE      0.00     0.00    10.00     0  00:00        0.00
  J33                  STORAGE      0.00     0.00    -0.54     0  00:00        0.00
  S33                  STORAGE      0.00     0.00    10.00     0  00:00        0.00
  J34                  STORAGE      0.00     0.00     1.56     0  00:00        0.00
  S34                  STORAGE      0.00     0.00    10.00     0  00:00        0.00
  H15263               STORAGE      0.00     0.00    10.00     0  00:00        0.00
  S137                 STORAGE      0.00     0.00    10.00     0  00:00        0.00
  J137                 STORAGE      0.00     0.00     6.33     0  00:00        0.00
  J136                 STORAGE      0.00     0.00     6.66     0  00:00        0.00
  S136                 STORAGE      0.00     0.00    10.00     0  00:00        0.00
  S146                 STORAGE      0.00     0.00    10.00     0  00:00        0.00
  J146                 STORAGE      0.00     0.00     6.41     0  00:00        0.00
  S135                 STORAGE      0.00     0.00     4.80     0  00:00        0.00
  J135                 STORAGE      0.00     0.00     6.33     0  00:00        0.00
  S138                 STORAGE      0.00     0.00     4.40     0  00:00        0.00
  J138                 STORAGE      0.00     0.00     6.33     0  00:00        0.00
  S134                 STORAGE      0.00     0.00    10.00     0  00:00        0.00
  J134                 STORAGE      0.00     0.00     6.33     0  00:00        0.00
  S131                 STORAGE      0.00     0.00     3.70     0  00:00        0.00
  J131                 STORAGE      0.00     0.00     6.33     0  00:00        0.00
  S130                 STORAGE      0.00     0.00     8.10     0  00:00        0.00
  J130                 STORAGE      0.00     0.00     6.66     0  00:00        0.00
  S132                 STORAGE      0.00     0.00     5.00     0  00:00        0.00
  J132                 STORAGE      0.00     0.00     3.33     0  00:00        0.00
  J133                 STORAGE      0.00     0.00     6.33     0  00:00        0.00
  S122                 STORAGE      0.00     0.00     5.90     0  00:00        0.00
  J122                 STORAGE      4.52     5.09    20.09     0  18:36        5.09
  S60                  STORAGE      0.00     0.00    10.00     0  00:00        0.00
  J60                  STORAGE      0.00     0.00     6.50     0  00:00        0.00
  S133                 STORAGE      0.00     0.00    10.00     0  00:00        0.00
  J1001                STORAGE      0.00     0.00    13.00     0  00:00        0.00
  J3001                STORAGE      0.00     0.00    13.00     0  00:00        0.00
  J2170                STORAGE      0.00     0.00    14.00     0  00:00        0.00
  J1.4                 STORAGE      7.86    10.00    11.00     0  12:44       10.00
  J1                   STORAGE      0.00     0.00    13.00     0  00:00        0.00
  S001                 STORAGE      0.00     0.00     7.07     0  00:00        0.00
  F14001               STORAGE      3.30     3.81     7.45     0  23:59        3.81
  F14002               STORAGE      0.00     0.00     3.65     0  00:00        0.00
  F14003.1-F           STORAGE      0.00     0.00     3.91     0  00:00        0.00
  F14003.2             STORAGE      3.48     4.01     7.45     0  23:59        4.01
  F14008               STORAGE      0.00     0.00     8.50     0  00:00        0.00
  F14158               STORAGE      2.87     3.35     7.46     0  23:59        3.35
  F14JB1               STORAGE      2.06     2.45     7.45     0  23:59        2.45
  F14JB2               STORAGE      0.00     0.00     3.64     0  00:00        0.00
  F14160(F)            STORAGE      2.98     3.46     7.46     0  23:59        3.46
  F14280(F)            STORAGE      0.00     0.00     4.00     0  00:00        0.00
  S2-U/S               STORAGE      0.00     0.00     3.00     0  00:00        0.00
  S2-D/S               STORAGE      3.57     4.45     7.45     0  23:58        4.45
  J1.7                 STORAGE      7.86    10.00    11.61     0  12:44       10.00
  J1.2                 STORAGE      7.86    10.00    11.63     0  12:44       10.00
  J1.1                 STORAGE      7.86    10.00    10.41     0  12:44       10.00
  G001                 STORAGE      0.35     0.45     7.45     0  23:58        0.45
  E09004               STORAGE      0.00     0.00     7.46     0  00:00        0.00
  E10001.3             STORAGE      2.81     2.86    12.86     0  02:10        2.86
  E10006               STORAGE      0.00     0.00    17.03     0  00:00        0.00
  E10031               STORAGE      0.00     0.00    16.96     0  00:00        0.00
  E10032.2             STORAGE      0.00     0.00    15.94     0  00:00        0.00
  E10034.2             STORAGE      0.00     0.00    14.72     0  00:00        0.00
  E10035               STORAGE      0.00     0.00    14.60     0  00:00        0.00
  E10042               STORAGE      0.00     0.00    19.14     0  00:00        0.00
  E10051               STORAGE      3.53     3.56    13.56     0  00:51        3.56
  E10057.2             STORAGE      4.10     4.11    15.54     0  00:53        4.11
  E10145               STORAGE      3.20     3.25    13.25     0  00:58        3.25
  E11011               STORAGE      0.00     0.00    10.00     0  00:00        0.00
  E12184               STORAGE      0.00     0.00    12.90     0  00:00        0.00
  E12186               STORAGE      0.00     0.00    13.50     0  00:00        0.00
  E13003(F)            STORAGE      0.00     0.00     4.12     0  00:00        0.00
  E13010               STORAGE      0.00     0.00     9.60     0  00:00        0.00
  E14480               STORAGE      0.00     0.00     9.80     0  00:00        0.00
  S2-1                 STORAGE      0.00     0.00     9.30     0  00:00        0.00
  F10002               STORAGE      0.44     0.45    10.45     0  16:15        0.45
  F10004               STORAGE      0.55     0.56    10.56     0  16:14        0.56
  F10079               STORAGE      0.96     0.97    10.97     0  15:23        0.97
  F10103               STORAGE      0.00     0.00    11.60     0  00:00        0.00
  F10124               STORAGE      0.00     0.00    11.36     0  00:00        0.00
  F10127               STORAGE      0.00     0.00    12.11     0  00:00        0.00
  F10136               STORAGE      0.00     0.00    12.00     0  00:00        0.00
  F10137               STORAGE      0.00     0.00    13.95     0  00:00        0.00
  F12037               STORAGE      0.00     0.00    11.00     0  00:00        0.00
  F12322               STORAGE      0.00     0.00    14.20     0  00:00        0.00
  F12502               STORAGE      0.00     0.00    13.48     0  00:00        0.00
  F12545               STORAGE      0.00     0.00    14.74     0  00:00        0.00
  F12563               STORAGE      0.00     0.00    16.81     0  00:00        0.00
  F12565               STORAGE      0.00     0.00    17.03     0  00:00        0.00
  F12587               STORAGE      0.00     0.00    11.36     0  00:00        0.00
  F13092               STORAGE      0.00     0.00     7.80     0  00:00        0.00
  F13243               STORAGE      0.11     0.12    10.72     0  08:38        0.12
  F13247               STORAGE      0.71     0.71    15.71     0  00:45        0.71
  F13266               STORAGE      0.00     0.00    13.80     0  00:00        0.00
  S2-8                 STORAGE      0.00     0.00    14.60     0  00:00        0.00
  F13303               STORAGE      0.00     0.00    12.10     0  00:00        0.00
  F13354               STORAGE      0.00     0.00    12.11     0  00:00        0.00
  F13383               STORAGE      0.00     0.00    11.20     0  00:00        0.00
  F13392               STORAGE      0.00     0.00    12.00     0  00:00        0.00
  S2-5                 STORAGE      0.00     0.00    15.29     0  00:00        0.00
  S2-3                 STORAGE      0.00     0.00     9.40     0  00:00        0.00
  E14081               STORAGE      0.00     0.00     8.60     0  00:00        0.00
  E09005               STORAGE      0.00     0.00    10.00     0  00:00        0.00
  PE10045(F)           STORAGE      0.00     0.00    10.00     0  00:00        0.00
  E10162               STORAGE      0.00     0.00    10.00     0  00:00        0.00
  E10002(F)            STORAGE      0.00     0.00    15.00     0  00:00        0.00
  E10005(F)            STORAGE      0.00     0.00    10.00     0  00:00        0.00
  S2-24                STORAGE      0.00     0.00    10.00     0  00:00        0.00
  E12182(F)            STORAGE      0.00     0.00    10.00     0  00:00        0.00
  E12099(F)            STORAGE      0.00     0.00    10.00     0  00:00        0.00
  E13001(F)            STORAGE      0.00     0.00     5.00     0  00:00        0.00
  J42                  STORAGE      0.00     0.00     2.32     0  00:00        0.00
  S42                  STORAGE      0.00     0.00    10.00     0  00:00        0.00
  J58                  STORAGE      1.32     2.82     6.32     1  00:00        2.82
  S58                  STORAGE      0.00     0.00    10.00     0  00:00        0.00
  J57                  STORAGE      0.00     0.00     4.33     0  00:00        0.00
  S57                  STORAGE      0.00     0.00    10.00     0  00:00        0.00
  S2                   STORAGE      0.00     0.00     5.00     0  00:00        0.00
  J37                  STORAGE      0.00     0.00     6.73     0  00:00        0.00
  S37                  STORAGE      0.00     0.00    11.40     0  00:00        0.00
  J38                  STORAGE      0.00     0.00     6.55     0  00:00        0.00
  S38                  STORAGE      0.00     0.00    11.50     0  00:00        0.00
  J84                  STORAGE      0.00     0.00     3.45     0  00:00        0.00
  S84                  STORAGE      0.00     0.00    10.00     0  00:00        0.00
  J48                  STORAGE      0.00     0.00    10.82     0  00:00        0.00
  S48                  STORAGE      0.00     0.00    15.20     0  00:00        0.00
  J21                  STORAGE      0.00     0.00     6.33     0  00:00        0.00
  S21                  STORAGE      0.00     0.00    10.00     0  00:00        0.00
  S5                   STORAGE      0.00     0.00    10.00     0  01:03        0.00
  S52                  STORAGE      0.00     0.00    10.00     0  00:00        0.00
  J44a                 STORAGE      0.00     0.00    12.00     0  00:00        0.00
  S44                  STORAGE      0.00     0.00    10.00     0  00:00        0.00
  J51                  STORAGE      0.00     0.00    10.00     0  00:00        0.00
  S51                  STORAGE      0.00     0.00     7.20     0  00:00        0.00
  J46                  STORAGE      0.00     0.00     6.33     0  00:00        0.00
  S46                  STORAGE      0.00     0.00     4.20     0  00:00        0.00
  J49                  STORAGE      0.00     0.00    15.00     0  00:00        0.00
  S49                  STORAGE      0.00     0.00     5.60     0  00:00        0.00
  J47                  STORAGE      0.00     0.00     4.41     0  00:00        0.00
  S47                  STORAGE      0.00     0.00     7.60     0  00:00        0.00
  J35                  STORAGE      0.00     0.00     6.33     0  00:00        0.00
  S35                  STORAGE      0.00     0.00     5.80     0  00:00        0.00
  J29                  STORAGE      0.00     0.00     6.50     0  00:00        0.00
  S29                  STORAGE      0.00     0.00    10.00     0  00:00        0.00
  S62                  STORAGE      0.00     0.00     9.30     0  00:00        0.00
  S41                  STORAGE      0.00     0.00     9.92     0  00:00        0.00
  J141                 STORAGE      1.53     1.61     3.75     0  00:02        1.53
  S141                 STORAGE      0.00     0.00    10.00     0  00:00        0.00
  E09117               STORAGE      0.00     0.00    10.00     0  00:00        0.00
  E09099               STORAGE      0.00     0.00    10.00     0  00:00        0.00
  E09242               STORAGE      0.00     0.00    10.00     0  00:00        0.00
  E09245               STORAGE      0.00     0.00    10.00     0  00:00        0.00
  E09036               STORAGE      0.00     0.00    10.00     0  00:00        0.00
  E10089               STORAGE      0.00     0.00    10.00     0  00:00        0.00
  G11260               STORAGE      0.00     0.00    15.00     0  00:00        0.00
  J41                  STORAGE      0.00     0.00     7.69     0  00:00        0.00
  S6                   STORAGE      0.00     0.00    12.00     0  00:00        0.00
  D13025               STORAGE      0.00     0.00    10.00     0  00:00        0.00
  F09020               STORAGE      0.00     0.00    11.00     0  00:00        0.00
  JEQ048               STORAGE      0.00     0.00    10.00     0  00:00        0.00
  JEQ006               STORAGE      0.00     0.00    10.00     0  00:00        0.00
  J2001                STORAGE      0.00     0.00    52.00     0  00:00        0.00
  S2-33                STORAGE      0.00     0.00    10.00     0  00:00        0.00
  S2-20                STORAGE      0.00     0.00    10.00     0  00:00        0.00
  S2-25                STORAGE      0.00     0.00    11.55     0  00:00        0.00
  S2-19                STORAGE      0.00     0.00    10.00     0  00:00        0.00
  S2-23                STORAGE      0.00     0.00    10.00     0  00:00        0.00
  S2-22                STORAGE      0.00     0.00    10.00     0  00:00        0.00
  S2-21                STORAGE      0.00     0.00    10.00     0  00:00        0.00
  S2-18                STORAGE      0.00     0.00    10.00     0  00:00        0.00
  S2-17                STORAGE      0.00     0.00    10.00     0  00:00        0.00
  S2-16                STORAGE      0.00     0.00    10.00     0  00:00        0.00
  S2-15                STORAGE      0.00     0.00    15.00     0  00:00        0.00
  S2-12                STORAGE      0.00     0.00    15.00     0  00:00        0.00
  S2-13                STORAGE      0.00     0.00     5.00     0  00:00        0.00
  S2-10                STORAGE      0.00     0.00     5.00     0  00:00        0.00
  S2-11                STORAGE      0.82     1.32     6.32     1  00:00        1.32
  S2-9                 STORAGE      0.68     0.72    10.72     0  08:06        0.72
  S2-6                 STORAGE      0.00     0.00    10.00     0  00:00        0.00
  S2-2                 STORAGE      0.00     0.00    10.00     0  00:00        0.00
  S2-4                 STORAGE      0.00     0.00     5.00     0  00:00        0.00
  F09204               STORAGE      0.94     0.97    10.97     0  14:22        0.97
  S2-14                STORAGE      0.00     0.00    10.00     0  00:00        0.00
  H13189               STORAGE      0.00     0.00     5.40     0  00:00        0.00
  J86                  STORAGE      0.00     0.00    15.00     0  00:00        0.00
  S86                  STORAGE      0.00     0.00    10.00     0  00:00        0.00
  J103                 STORAGE      0.00     0.00     6.41     0  00:00        0.00
  S103                 STORAGE      0.00     0.00    10.00     0  00:00        0.00
  S104                 STORAGE      0.00     0.00    10.00     0  00:00        0.00
  J18                  STORAGE      6.36     6.54    13.21     0  02:36        6.53
  S18                  STORAGE      0.00     0.00    10.00     0  00:00        0.00
  S115                 STORAGE      0.00     0.00    10.00     0  00:00        0.00
  J1017                STORAGE      0.00     0.00     7.67     0  00:00        0.00
  S17                  STORAGE      0.00     0.00    14.90     0  00:00        0.00
  J107                 STORAGE      0.00     0.00     6.66     0  00:00        0.00
  S107                 STORAGE      0.00     0.00    15.00     0  00:00        0.00
  J191                 STORAGE      0.00     0.00     6.50     0  00:00        0.00
  S191                 STORAGE      0.00     0.00     7.70     0  00:00        0.00
  J104                 STORAGE      0.00     0.00     6.41     0  00:00        0.00
  S101                 STORAGE      0.00     0.00    10.00     0  00:00        0.00
  J13001               STORAGE      0.63     0.63     6.53     0  02:35        0.63
  J13009               STORAGE      0.00     0.00    10.20     0  00:00        0.00
  J13022               STORAGE      0.74     0.74     6.54     0  02:34        0.74
  J13029               STORAGE      0.52     0.62     7.02     0  00:12        0.61
  J13194               STORAGE      0.00     0.00     6.00     0  00:00        0.00
  J14125               STORAGE      0.00     0.00    10.50     0  00:00        0.00
  J14295               STORAGE      0.00     0.00    10.88     0  00:00        0.00
  J14345               STORAGE      0.00     0.00    11.41     0  00:00        0.00
  K13021               STORAGE      0.00     0.00     5.60     0  00:00        0.00
  K13028               STORAGE      0.00     0.00     5.50     0  00:00        0.00
  K13031               STORAGE      0.00     0.00     4.50     0  00:00        0.00
  K14002               STORAGE      0.00     0.00     8.60     0  00:00        0.00
  K14005               STORAGE      0.00     0.00     8.70     0  00:00        0.00
  K14018               STORAGE      0.00     0.00     5.60     0  00:00        0.00
  S176                 STORAGE      0.00     0.00     6.10     0  00:00        0.00
  J5100                STORAGE      0.00     0.00    15.00     0  00:00        0.00
  S106                 STORAGE      0.00     0.00    10.00     0  00:00        0.00
  J106                 STORAGE      6.84     7.07    13.67     0  07:11        7.06
  J2190                STORAGE      0.00     0.00    15.00     0  00:00        0.00
  S112                 STORAGE      0.00     0.00     7.10     0  00:00        0.00
  J2112                STORAGE      0.00     0.00    15.00     0  00:00        0.00
  J74                  STORAGE      0.00     0.00     6.50     0  00:00        0.00
  S74                  STORAGE      0.00     0.00     4.80     0  00:00        0.00
  J79                  STORAGE      0.00     0.00     6.50     0  00:00        0.00
  S79                  STORAGE      0.00     0.00     4.30     0  00:00        0.00
  J1117                STORAGE      0.00     0.00     9.50     0  00:00        0.00
  S117                 STORAGE      0.00     0.00     6.30     0  00:00        0.00
  J102                 STORAGE      0.00     0.00     6.33     0  00:00        0.00
  S102                 STORAGE      0.00     0.00    10.00     0  00:00        0.00
  S167                 STORAGE      0.00     0.00    10.00     0  00:00        0.00
  J167                 STORAGE      0.00     0.00     6.33     0  00:00        0.00
  J2074                STORAGE      0.00     0.00     7.00     0  00:00        0.00
  J13153               STORAGE      0.00     0.00    10.00     0  00:00        0.00
  J13134               STORAGE      0.00     0.00    10.00     0  00:00        0.00
  J101                 STORAGE      6.69     6.84    13.34     0  00:09        6.70
  F14013               STORAGE      0.00     0.00     7.30     0  00:00        0.00
  G14291               STORAGE      0.00     0.00     4.63     0  00:00        0.00
  G14295               STORAGE      0.00     0.00     4.46     0  00:00        0.00
  G14400               STORAGE      0.00     0.00     7.64     0  00:00        0.00
  G14426               STORAGE      0.00     0.00     7.30     0  00:00        0.00
  G14427               STORAGE      0.00     0.00     7.47     0  00:00        0.00
  G14429               STORAGE      0.00     0.00     5.59     0  00:00        0.00
  G14440               STORAGE      0.00     0.00     6.50     0  00:00        0.00
  G14447(F)            STORAGE      0.00     0.00     8.47     0  00:00        0.00
  G14453(F)            STORAGE      0.00     0.00     9.70     0  00:00        0.00
  G14461               STORAGE      0.00     0.00    10.73     0  00:00        0.00
  G14551               STORAGE      0.00     0.00     5.27     0  00:00        0.00
  G14557               STORAGE      0.00     0.00     6.72     0  00:00        0.00
  H14800               STORAGE      0.00     0.00     9.25     0  00:00        0.00
  F14011(F)            STORAGE      0.00     0.00     7.00     0  00:00        0.00
  G14318(F)            STORAGE      0.00     0.00    10.00     0  00:00        0.00
  G14415(F)            STORAGE      0.00     0.00    10.00     0  00:00        0.00
  G14493(F)            STORAGE      0.00     0.00     5.00     0  00:00        0.00
  J1078                STORAGE      0.00     0.00     9.50     0  00:00        0.00
  S78                  STORAGE      0.00     0.00     4.80     0  00:00        0.00
  J69                  STORAGE      0.00     0.00     5.00     0  00:00        0.00
  S69                  STORAGE      0.00     0.00    10.00     0  00:00        0.00
  J1010                STORAGE      0.00     0.00     9.50     0  00:00        0.00
  S10                  STORAGE      0.00     0.00     6.10     0  00:00        0.00
  H14022               STORAGE      0.00     0.00    10.00     0  00:00        0.00
  S71                  STORAGE      0.00     0.00    10.00     0  00:00        0.00
  J20                  STORAGE      0.00     0.00     6.33     0  00:00        0.00
  S20                  STORAGE      0.00     0.00    10.00     0  00:00        0.00
  J63                  STORAGE      0.00     0.00    10.00     0  00:00        0.00
  S63                  STORAGE      0.00     0.00    10.00     0  00:00        0.00
  S55                  STORAGE      0.00     0.00    10.00     0  00:00        0.00
  H13012               STORAGE      0.00     0.00    10.00     0  00:00        0.00
  H13009               STORAGE      0.00     0.00    10.00     0  00:00        0.00
  J2020                STORAGE      0.00     0.00     9.50     0  00:00        0.00
  H14784               STORAGE      0.00     0.00    10.00     0  00:00        0.00
  H14789               STORAGE      0.00     0.00    10.00     0  00:00        0.00
  H14795               STORAGE      0.00     0.00    10.00     0  00:00        0.00
  J78                  STORAGE      0.00     0.00     6.50     0  00:00        0.00
  S100                 STORAGE      0.00     0.00    10.00     0  00:00        0.00
  J100                 STORAGE      9.96    10.00    16.33     0  00:58       10.00
  S171                 STORAGE      0.00     0.00     9.00     0  00:00        0.00
  J1171-60             STORAGE      0.00     0.00    15.00     0  00:00        0.00
  S56                  STORAGE      0.00     0.00    10.00     0  00:00        0.00
  J56                  STORAGE      0.00     0.00     6.83     0  00:00        0.00
  J82                  STORAGE      0.00     0.00     3.58     0  00:00        0.00
  S82                  STORAGE      0.00     0.00     6.00     0  00:00        0.00
  J83                  STORAGE      0.00     0.00    -2.32     0  00:00        0.00
  S83                  STORAGE      0.00     0.00     5.00     0  00:00        0.00
  S81                  STORAGE      0.00     0.00     4.60     0  00:00        0.00
  S80                  STORAGE      0.00     0.00     6.00     0  00:00        0.00
  J70                  STORAGE      0.00     0.00     4.33     0  00:00        0.00
  S70                  STORAGE      0.00     0.00     9.30     0  00:00        0.00
  J81                  STORAGE      0.00     0.00     1.00     0  00:00        0.00
  J13023               STORAGE      0.00     0.00    10.00     0  00:00        0.00
  J13052               STORAGE      0.00     0.00    10.00     0  00:00        0.00
  J13025               STORAGE      0.00     0.00    10.00     0  00:00        0.00
  J13034               STORAGE      0.00     0.00    10.00     0  00:00        0.00
  J13029.1             STORAGE      0.00     0.00    10.00     0  00:00        0.00
  J13027               STORAGE      0.00     0.00    10.00     0  00:00        0.00
  J13024               STORAGE      0.00     0.00    10.00     0  00:00        0.00
  J13033               STORAGE      0.00     0.00    10.00     0  00:00        0.00
  J80                  STORAGE      0.00     0.00     3.36     0  00:00        0.00
  J77                  STORAGE      0.00     0.00     1.74     0  00:00        0.00
  S77                  STORAGE      0.00     0.00     2.10     0  00:00        0.00
  J1170                STORAGE      6.06     6.31    16.81     1  00:00        6.31
  S170                 STORAGE      0.00     0.00    10.00     0  00:00        0.00
  M-29                 STORAGE      0.00     0.00    15.00     0  00:00        0.00
  J14025               STORAGE      0.00     0.00    10.00     0  00:00        0.00
  M19002               STORAGE      0.00     0.00    11.78     0  00:00        0.00
  M19137               STORAGE      0.03     0.16    10.83     1  00:00        0.16
  M19138               STORAGE      0.74     1.02    10.83     1  00:00        1.02
  M19140               STORAGE      0.56     0.83    10.83     1  00:00        0.83
  M18162               STORAGE      0.57     0.83    10.83     1  00:00        0.83
  M18184               STORAGE      1.89     2.11    12.11     0  08:17        2.11
  M18192               STORAGE      4.81     5.07    15.07     0  07:18        5.07
  S181                 STORAGE      0.00     0.00    11.00     0  00:00        0.00
  J181                 STORAGE      7.55     9.36    15.69     1  00:00        9.36
  M18173               STORAGE      0.58     0.83    10.83     1  00:00        0.83
  S179                 STORAGE      0.00     0.00    10.00     0  00:00        0.00
  J180                 STORAGE      0.00     0.00     6.33     0  00:00        0.00
  M19063               STORAGE      0.00     0.00    10.00     0  00:00        0.00
  S180                 STORAGE      0.00     0.00    10.00     0  00:00        0.00
  J179                 STORAGE      0.00     0.00     6.33     0  00:00        0.00
  M19004               STORAGE      0.00     0.00    10.00     0  00:00        0.00
  M19046               STORAGE      0.00     0.00    10.00     0  00:00        0.00
  M19001               STORAGE      0.00     0.00    12.00     0  00:00        0.00
  M19039               STORAGE      0.00     0.00    10.00     0  00:00        0.00
  S582                 STORAGE      0.00     0.00    12.90     0  00:00        0.00
  J582                 STORAGE      9.63    10.00    16.50     0  03:55       10.00
  MH18166              STORAGE      0.57     0.83    10.83     1  00:00        0.83
  M18178               STORAGE      4.67     4.71    14.71     0  01:35        4.71
  F13406               STORAGE      1.52     1.52    16.32     0  06:27        1.52
  F13405               STORAGE      1.50     1.51    16.31     0  06:27        1.51
  S1-50                STORAGE      0.00     0.00    15.00     0  00:00        0.00
  S1-48                STORAGE      0.00     0.00    10.00     0  00:00        0.00
  S1-47                STORAGE      0.00     0.00    11.00     0  00:00        0.00
  S1-38                STORAGE      0.00     0.00    11.00     0  00:00        0.00
  S1-46                STORAGE      0.00     0.00    11.00     0  00:00        0.00
  S1-45                STORAGE      0.00     0.00    10.00     0  00:00        0.00
  S1-44                STORAGE      0.00     0.00    10.00     0  00:00        0.00
  S1-42                STORAGE      0.00     0.00    10.00     0  00:00        0.00
  S1-41                STORAGE      0.00     0.00    10.00     0  00:00        0.00
  S1-40                STORAGE      0.00     0.00    15.00     0  00:00        0.00
  S1-39                STORAGE      0.00     0.00    10.00     0  00:00        0.00
  S1-37                STORAGE      0.00     0.00    11.00     0  00:00        0.00
  S1-36                STORAGE      0.00     0.00     5.00     0  00:00        0.00
  S1-35                STORAGE      0.00     0.00    10.00     0  00:00        0.00
  S1-34                STORAGE      0.00     0.00     5.00     0  00:00        0.00
  S1-33                STORAGE      0.00     0.00     6.00     0  00:00        0.00
  S1-32                STORAGE      0.00     0.00    10.00     0  00:00        0.00
  S1-31                STORAGE      0.00     0.00    10.00     0  00:00        0.00
  S1-29                STORAGE      0.00     0.00    10.00     0  00:00        0.00
  S1-30                STORAGE      0.00     0.00    10.00     0  00:00        0.00
  S1-28                STORAGE      0.00     0.00    10.00     0  00:00        0.00
  S1-27                STORAGE      0.00     0.00     5.00     0  00:00        0.00
  S1-24                STORAGE      0.00     0.00     6.00     0  00:00        0.00
  S1-26                STORAGE      0.00     0.00     5.00     0  00:00        0.00
  S1-23                STORAGE      0.00     0.00     5.00     0  00:00        0.00
  S1-21                STORAGE      0.00     0.00     5.00     0  00:00        0.00
  S1-20                STORAGE      0.00     0.00     5.00     0  00:00        0.00
  S1-16                STORAGE      0.00     0.00     5.00     0  00:00        0.00
  S1-10                STORAGE      0.00     0.00     7.00     0  00:00        0.00
  S1-8                 STORAGE      0.00     0.00     7.00     0  00:00        0.00
  S1-3                 STORAGE      0.00     0.00     7.00     0  00:00        0.00
  S1-2                 STORAGE      0.00     0.00     9.00     0  00:00        0.00
  S1-1                 STORAGE      0.00     0.00    12.00     0  00:00        0.00
  S1-4                 STORAGE      0.36     0.46     7.46     0  23:58        0.46
  F14071               STORAGE      0.00     0.00    10.00     0  00:00        0.00
  S1-49                STORAGE      0.00     0.00    10.00     0  00:00        0.00
  S1-7                 STORAGE      0.00     0.00     4.00     0  00:00        0.00
  S1-F2                STORAGE      0.00     0.00     4.00     0  00:00        0.00
  J65                  STORAGE      0.00     0.00     6.33     0  00:00        0.00
  J112                 STORAGE      0.00     0.00    15.00     0  00:00        0.00
  J170                 STORAGE      9.87    10.00    16.33     0  08:15       10.00
  J171                 STORAGE      0.00     0.00    15.00     0  00:00        0.00
  J176                 STORAGE      0.00     0.00    15.00     0  00:00        0.00
  J152                 STORAGE      0.00     0.00     7.16     0  00:00        0.00
  J190                 STORAGE      7.00     7.07    22.07     0  00:07        7.01
  V2                   STORAGE      0.00     0.00    13.00     0  00:00        0.00
  J5001                STORAGE      0.00     0.00    14.50     0  00:00        0.00
  N-INLET              STORAGE      0.00     0.00    30.00     0  00:00        0.00
  N-OUT                STORAGE      0.00     0.00    30.00     0  00:00        0.00
  S-INLET              STORAGE      0.00     0.00    30.00     0  00:00        0.00
  S-OUT                STORAGE      0.00     0.00    30.00     0  00:00        0.00
  S190                 STORAGE      0.00     0.00    10.00     0  00:00        0.00
  J13675               STORAGE      0.00     0.00    10.00     0  00:00        0.00
  J71                  STORAGE      0.00     0.00     6.41     0  00:00        0.00
  J115                 STORAGE      0.00     0.00     7.83     0  00:00        0.00
  V1                   STORAGE      0.00     0.00    13.00     0  00:00        0.00
  S200                 STORAGE      0.00     0.00    10.40     0  00:00        0.00
  J200                 STORAGE      0.00     0.00     6.33     0  00:00        0.00
  L14034               STORAGE      0.00     0.00    10.00     0  00:00        0.00
  J1002                STORAGE      0.00     0.00    13.00     0  00:00        0.00
  J2                   STORAGE      0.00     0.00    13.00     0  00:00        0.00
  J2.5                 STORAGE      0.00     0.00     2.50     0  00:00        0.00
  J2.3                 STORAGE      0.00     0.00     2.50     0  00:00        0.00
  J2.1                 STORAGE      0.00     0.00     2.50     0  00:00        0.00
  J55                  STORAGE      0.00     0.00    15.00     0  00:00        0.00
  G14320               STORAGE      0.00     0.00    14.73     0  00:00        0.00
  J50                  STORAGE      0.00     0.00     6.67     0  00:00        0.00
  J17352               STORAGE      0.00     0.00    12.22     0  00:00        0.00
  J1009                STORAGE      0.00     0.00    11.80     0  00:00        0.00
  J117                 STORAGE      9.94    10.00    18.00     0  00:24       10.00
  J267                 STORAGE      0.00     0.00    10.00     0  00:00        0.00
  S53                  STORAGE      0.00     0.00    10.00     0  00:00        0.00
  J53                  STORAGE      0.00     0.00     6.50     0  00:00        0.00
  JPVT53               STORAGE      0.00     0.00    15.00     0  00:00        0.00
  J253                 STORAGE      0.00     0.00    15.00     0  00:00        0.00
  J17                  STORAGE      0.00     0.00     6.33     0  00:00        0.00
  J52                  STORAGE      0.00     0.00     6.33     0  00:00        0.00
  J44                  STORAGE      0.00     0.00     6.50     0  00:00        0.00
  J4                   STORAGE      0.00     0.00     7.50     0  00:00        0.00
  J5                   STORAGE      9.76    10.00    13.27     0  01:48       10.00
  J6                   STORAGE      0.00     0.00     9.71     0  00:00        0.00
  J7                   STORAGE      0.00     0.00     4.91     0  00:00        0.00
  J8                   STORAGE      0.00     0.00     6.67     0  00:00        0.00
  J9                   STORAGE      0.00     0.00    11.00     0  00:00        0.00
  J10                  STORAGE      0.00     0.00     6.50     0  00:00        0.00
  J11                  STORAGE      9.03    10.00    19.00     0  05:51       10.00
  J16                  STORAGE      0.00     0.00    10.26     0  00:00        0.00
  J1018                STORAGE      5.60     5.71    13.21     0  02:38        5.70
  J1085                STORAGE      0.00     0.00    15.00     0  00:00        0.00
  J1029                STORAGE      0.00     0.00    10.00     0  00:00        0.00
  J1032                STORAGE      0.00     0.00    10.00     0  00:00        0.00
  J1033                STORAGE      0.00     0.00    10.00     0  00:00        0.00
  J1034                STORAGE      0.00     0.00    10.00     0  00:00        0.00
  J1035                STORAGE      0.00     0.00     6.67     0  00:00        0.00
  J1037                STORAGE      0.00     0.00    10.00     0  00:00        0.00
  J1038                STORAGE      0.00     0.00    10.00     0  00:00        0.00
  J1041                STORAGE      0.00     0.00    12.00     0  00:00        0.00
  J1042                STORAGE      0.00     0.00    11.14     0  00:00        0.00
  J1045                STORAGE      0.00     0.00    10.00     0  00:00        0.00
  J1046                STORAGE      0.00     0.00     6.50     0  00:00        0.00
  J1047                STORAGE      0.00     0.00    10.00     0  00:00        0.00
  J1054                STORAGE      0.00     0.00     6.10     0  00:00        0.00
  J1060                STORAGE      0.00     0.00     6.50     0  00:00        0.00
  J1061                STORAGE      0.00     0.00    10.00     0  00:00        0.00
  J62                  STORAGE      9.84    10.00    17.33     0  01:06       10.00
  J1063                STORAGE      0.00     0.00    10.00     0  00:00        0.00
  J1064                STORAGE      0.00     0.00    15.00     0  00:00        0.00
  J1066                STORAGE      0.00     0.00    10.00     0  00:00        0.00
  1541                 STORAGE      0.00     0.00     8.80     0  00:00        0.00
  J1072                STORAGE      0.00     0.00    10.67     0  00:00        0.00
  J1075                STORAGE      0.00     0.00     8.03     0  00:00        0.00
  J1076                STORAGE      0.00     0.00    10.00     0  00:00        0.00
  J1077                STORAGE      0.00     0.00     5.00     0  00:00        0.00
  J1080                STORAGE      0.00     0.00    10.00     0  00:00        0.00
  J1081                STORAGE      0.00     0.00    10.00     0  00:00        0.00
  J1082                STORAGE      0.00     0.00    10.00     0  00:00        0.00
  J1083                STORAGE      0.00     0.00    10.00     0  00:00        0.00
  J1084                STORAGE      0.00     0.00     7.00     0  00:00        0.00
  J1101                STORAGE      6.20     6.30    13.30     0  00:09        6.20
  J1104                STORAGE      0.00     0.00     8.00     0  00:00        0.00
  J1130                STORAGE      0.00     0.00     6.67     0  00:00        0.00
  J1132                STORAGE      0.00     0.00    15.00     0  00:00        0.00
  J1133                STORAGE      0.00     0.00     6.67     0  00:00        0.00
  J1134                STORAGE      0.00     0.00     6.67     0  00:00        0.00
  J1135                STORAGE      0.00     0.00     6.67     0  00:00        0.00
  J1136                STORAGE      0.00     0.00     7.00     0  00:00        0.00
  J1137                STORAGE      0.00     0.00     6.50     0  00:00        0.00
  J1138                STORAGE      0.00     0.00     6.50     0  00:00        0.00
  J152a                STORAGE      0.00     0.00     9.50     0  00:00        0.00
  1642                 STORAGE      0.00     0.00    10.00     0  00:00        0.00
  J1191                STORAGE      0.00     0.00     7.00     0  00:00        0.00
  J1200                STORAGE      0.00     0.00    15.00     0  00:00        0.00
  J14460               STORAGE     10.00    10.00    21.36     0  00:02       10.00
  temp1                STORAGE      0.00     0.00     5.70     0  00:00        0.00
  S164                 STORAGE      0.00     0.00    11.80     0  00:00        0.00
  1702                 STORAGE      0.00     0.00    10.00     0  00:00        0.00
  J15151               STORAGE      0.00     0.00    10.00     0  00:00        0.00
  J1167                STORAGE      0.00     0.00     9.00     0  00:00        0.00
  J1146                STORAGE      0.00     0.00     6.41     0  00:00        0.00
  CGS001               STORAGE      0.00     0.00    18.74     0  00:00        0.00
  CGJ001               STORAGE      0.00     0.00    15.00     0  00:00        0.00
  CGMH1001             STORAGE      0.00     0.00    10.00     0  00:00        0.00
  CGMH2001             STORAGE      0.00     0.00    10.00     0  00:00        0.00
  CGJ002               STORAGE      0.00     0.00    15.00     0  00:00        0.00
  CGJ1002              STORAGE      0.00     0.00    15.00     0  00:00        0.00
  CGS006               STORAGE      0.00     0.00    15.00     0  00:00        0.00
  CGJ006               STORAGE      0.00     0.00    15.00     0  00:00        0.00
  CGJ1005              STORAGE      0.00     0.00    15.00     0  00:00        0.00
  CGJ2003              STORAGE      0.00     0.00    15.00     0  00:00        0.00
  CGJ005               STORAGE      0.00     0.00    15.00     0  00:00        0.00
  CGS005               STORAGE      0.00     0.00    13.97     0  00:00        0.00
  CGJ003               STORAGE      0.00     0.00    15.00     0  00:00        0.00
  CGS003               STORAGE      0.00     0.00    11.37     0  00:00        0.00
  CGJ1003              STORAGE      0.00     0.00    15.00     0  00:00        0.00
  CGJ004               STORAGE      0.00     0.00    15.00     0  00:00        0.00
  CGS004               STORAGE      0.00     0.00     9.25     0  00:00        0.00
  CGJ2008              STORAGE     10.00    10.00    25.00     0  00:04       10.00
  CGJ1008              STORAGE      0.00     0.00    15.00     0  00:00        0.00
  CGS008               STORAGE      0.00     0.00    16.13     0  00:00        0.00
  CGJ008               STORAGE      0.00     0.00    15.00     0  00:00        0.00
  CGJ1007              STORAGE      0.00     0.00    15.00     0  00:00        0.00
  CGS007               STORAGE      0.00     0.00    11.81     0  00:00        0.00
  CGJ007               STORAGE      0.00     0.00    15.00     0  00:00        0.00
  CGJ1009              STORAGE      0.00     0.00    15.00     0  00:00        0.00
  CGJ009               STORAGE      0.00     0.00    15.00     0  00:00        0.00
  CGS009               STORAGE      0.00     0.00     7.10     0  00:00        0.00
  CGMH2015             STORAGE      0.00     0.00    10.00     0  00:00        0.00
  CGMH1015             STORAGE      0.00     0.00    10.00     0  00:00        0.00
  CGMH2011             STORAGE      0.00     0.00    10.00     0  00:00        0.00
  CGMH1011             STORAGE      0.00     0.00    10.00     0  00:00        0.00
  CGMH1013             STORAGE      0.00     0.00    10.00     0  00:00        0.00
  CGJ013               STORAGE      0.00     0.00    15.00     0  00:00        0.00
  CGS013               STORAGE      0.00     0.00    10.75     0  00:00        0.00
  CGMH1014             STORAGE      0.00     0.00    10.00     0  00:00        0.00
  CGJ014               STORAGE      0.00     0.00    15.00     0  00:00        0.00
  CGJ011               STORAGE      0.00     0.00    15.00     0  00:00        0.00
  CGS011               STORAGE      0.00     0.00     8.76     0  00:00        0.00
  CGMH2010             STORAGE      0.00     0.00    10.00     0  00:00        0.00
  CGMH1012             STORAGE      0.00     0.00    10.00     0  00:00        0.00
  CGMH1010             STORAGE      0.00     0.00    10.00     0  00:00        0.00
  CGJ010               STORAGE      0.00     0.00    15.00     0  00:00        0.00
  CGS010               STORAGE      0.00     0.00     8.48     0  00:00        0.00
  CGJ012               STORAGE      0.00     0.00    15.00     0  00:00        0.00
  CGS012               STORAGE      0.00     0.00     9.94     0  00:00        0.00
  CGMH2018             STORAGE      0.00     0.00    10.00     0  00:00        0.00
  CGMH1018             STORAGE      0.00     0.00    10.00     0  00:00        0.00
  CGMH1021             STORAGE      0.00     0.00    10.00     0  00:00        0.00
  CGMH1023             STORAGE      0.00     0.00    10.00     0  00:00        0.00
  CGJ023               STORAGE      0.00     0.00    15.00     0  00:00        0.00
  CGS023               STORAGE      0.00     0.00     7.04     0  00:00        0.00
  CGJ018               STORAGE      0.00     0.00    15.00     0  00:00        0.00
  CGS018               STORAGE      0.00     0.00     6.31     0  00:00        0.00
  CGMH1019             STORAGE      0.00     0.00    10.00     0  00:00        0.00
  CGJ019               STORAGE      0.00     0.00    15.00     0  00:00        0.00
  CGS019               STORAGE      0.00     0.00     6.78     0  00:00        0.00
  CGS025               STORAGE      0.00     0.00     7.58     0  00:00        0.00
  CGMH2024             STORAGE      0.00     0.00    10.00     0  00:00        0.00
  CGMH1024             STORAGE      0.00     0.00    10.00     0  00:00        0.00
  CGMH1026             STORAGE      0.00     0.00    10.00     0  00:00        0.00
  CGJ024               STORAGE      0.00     0.00    15.00     0  00:00        0.00
  CGS024               STORAGE      0.00     0.00     6.56     0  00:00        0.00
  CGJ026               STORAGE      0.00     0.00    15.00     0  00:00        0.00
  CGS026               STORAGE      0.00     0.00     7.31     0  00:00        0.00
  CGJ027               STORAGE      0.00     0.00    15.00     0  00:00        0.00
  CGS027               STORAGE      0.00     0.00     7.67     0  00:00        0.00
  CGS016               STORAGE      0.00     0.00     6.62     0  00:00        0.00
  CGJ016               STORAGE      0.00     0.00    15.00     0  00:00        0.00
  CGMH1016             STORAGE      0.00     0.00    10.00     0  00:00        0.00
  CGS017               STORAGE      0.00     0.00     5.91     0  00:00        0.00
  CGMH1017             STORAGE      0.00     0.00    10.00     0  00:00        0.00
  CGJ015               STORAGE      0.00     0.00    15.00     0  00:00        0.00
  CGS034               STORAGE      0.00     0.00     7.91     0  00:00        0.00
  CGJ034               STORAGE      0.00     0.00    15.00     0  00:00        0.00
  CGJ1033              STORAGE      0.00     0.00    15.00     0  00:00        0.00
  CGS033               STORAGE      0.00     0.00     8.24     0  00:00        0.00
  CGJ033               STORAGE      0.00     0.00    15.00     0  00:00        0.00
  CGMH2031             STORAGE      0.00     0.00    10.00     0  00:00        0.00
  CGS036               STORAGE      0.00     0.00     7.51     0  00:00        0.00
  CGJ036               STORAGE      0.00     0.00    15.00     0  00:00        0.00
  CGMH1036             STORAGE      0.00     0.00    10.00     0  00:00        0.00
  CGS031               STORAGE      0.00     0.00     7.96     0  00:00        0.00
  CGJ031               STORAGE      0.00     0.00    15.00     0  00:00        0.00
  CGMH1031             STORAGE      0.00     0.00    10.00     0  00:00        0.00
  CGMH2030             STORAGE      0.00     0.00    10.00     0  00:00        0.00
  CGS029               STORAGE      0.00     0.00     7.10     0  00:00        0.00
  CGS030               STORAGE      0.00     0.00     8.29     0  00:00        0.00
  CGJ030               STORAGE      0.00     0.00    15.00     0  00:00        0.00
  CGMH1030             STORAGE      0.00     0.00    10.00     0  00:00        0.00
  CGJ029               STORAGE      0.00     0.00    15.00     0  00:00        0.00
  CGS028               STORAGE      0.00     0.00     7.03     0  00:00        0.00
  CGJ028               STORAGE      0.00     0.00    15.00     0  00:00        0.00
  CGS022               STORAGE      0.00     0.00     6.69     0  00:00        0.00
  CGJ022               STORAGE      0.00     0.00    15.00     0  00:00        0.00
  CGMH1022             STORAGE      0.00     0.00    10.00     0  00:00        0.00
  CGJ021               STORAGE      0.00     0.00    15.00     0  00:00        0.00
  CGMH2016             STORAGE      0.00     0.00    10.00     0  00:00        0.00
  CGS002               STORAGE      0.00     0.00     8.04     0  00:00        0.00
  CGJ017               STORAGE      0.00     0.00    15.00     0  00:00        0.00
  CGS015               STORAGE      0.00     0.00     6.62     0  00:00        0.00
  CGS014               STORAGE      0.00     0.00    14.96     0  00:00        0.00
  CGS021               STORAGE      0.00     0.00     7.52     0  00:00        0.00
  CGS020               STORAGE      0.00     0.00     7.28     0  00:00        0.00
  CGMH3033             STORAGE      0.00     0.00    10.00     0  00:00        0.00
  CGJ2033              STORAGE      0.00     0.00    15.00     0  00:00        0.00
  CGMH4033             STORAGE      0.00     0.00    10.00     0  00:00        0.00
  CGMH3001             STORAGE      0.00     0.00    10.00     0  00:00        0.00
  CGJ2009              STORAGE      0.00     0.00    15.00     0  00:00        0.00
  CGMH2026             STORAGE      0.00     0.00    10.00     0  00:00        0.00
  CGJ3008              STORAGE      0.00     0.00    15.00     0  00:00        0.00
  CGJ1015              STORAGE      0.00     0.00    15.00     0  00:00        0.00
  CGJ1020              STORAGE      0.00     0.00    15.00     0  00:00        0.00
  CGJ1025              STORAGE      0.00     0.00    15.00     0  00:00        0.00
  CGJ3029              STORAGE      0.00     0.00    15.00     0  00:00        0.00
  MSS006               STORAGE      0.00     0.00     9.20     0  00:00        0.00
  MSJ006               STORAGE      0.00     0.00    15.00     0  00:00        0.00
  MSMH071              STORAGE      0.00     0.00    10.00     0  00:00        0.00
  MSS007               STORAGE      0.00     0.00     8.95     0  00:00        0.00
  MSJ007               STORAGE      0.00     0.00    15.00     0  00:00        0.00
  MSMH813A             STORAGE      0.00     0.00    10.00     0  00:00        0.00
  MSS005               STORAGE      0.00     0.00     8.32     0  00:00        0.00
  MSJ005               STORAGE      0.00     0.00    15.00     0  00:00        0.00
  MSJ1004              STORAGE      0.00     0.00    15.00     0  00:00        0.00
  MSMH514              STORAGE      0.00     0.00    10.00     0  00:00        0.00
  MSS004               STORAGE      0.00     0.00     8.04     0  00:00        0.00
  MSJ004               STORAGE      0.00     0.00    15.00     0  00:00        0.00
  MSS003               STORAGE      0.00     0.00    10.84     0  00:00        0.00
  MSJ003               STORAGE      0.00     0.00    15.00     0  00:00        0.00
  MSMH088              STORAGE      0.00     0.00    10.00     0  00:00        0.00
  MSS002               STORAGE      0.00     0.00     8.68     0  00:00        0.00
  MSJ002               STORAGE      0.00     0.00    15.00     0  00:00        0.00
  MSS001               STORAGE      0.00     0.00     7.72     0  00:00        0.00
  MSJ001               STORAGE      0.00     0.00    15.00     0  00:00        0.00
  MSJ2001              STORAGE      0.00     0.00    15.00     0  00:00        0.00
  MSS009               STORAGE      0.00     0.00     9.61     0  00:00        0.00
  MSJ009               STORAGE      0.00     0.00    15.00     0  00:00        0.00
  MSS008               STORAGE      0.00     0.00    10.83     0  00:00        0.00
  MSJ008               STORAGE      0.00     0.00    15.00     0  00:00        0.00
  MSMH009              STORAGE      0.00     0.00    10.00     0  00:00        0.00
  MSMH084              STORAGE      0.00     0.00    10.00     0  00:00        0.00
  MSJ1009              STORAGE      0.00     0.00    15.00     0  00:00        0.00
  MSMH057              STORAGE      0.00     0.00    10.00     0  00:00        0.00
  MSMH045              STORAGE      0.00     0.00    10.00     0  00:00        0.00
  MSS010               STORAGE      0.00     0.00     7.92     0  00:00        0.00
  MSJ010               STORAGE      0.00     0.00    15.00     0  00:00        0.00
  MSJ1011              STORAGE      0.00     0.00    15.00     0  00:00        0.00
  MSS011               STORAGE      0.00     0.00     7.99     0  00:00        0.00
  MSMH501              STORAGE      0.00     0.00    10.00     0  00:00        0.00
  MSMH585              STORAGE      0.00     0.00    10.00     0  00:00        0.00
  MSJ011               STORAGE      0.00     0.00    15.00     0  00:00        0.00
  MSMH001              STORAGE      0.00     0.00    10.00     0  00:00        0.00
  WMS003               STORAGE      0.00     0.00    11.89     0  00:00        0.00
  WMJ003               STORAGE      0.00     0.00    15.00     0  00:00        0.00
  WMJ1001              STORAGE      0.00     0.00    15.00     0  00:00        0.00
  WMJ2001              STORAGE      0.00     0.00    15.00     0  00:00        0.00
  WMS001               STORAGE      0.00     0.00    10.28     0  00:00        0.00
  WMS004               STORAGE      0.00     0.00    13.90     0  00:00        0.00
  WMJ004               STORAGE      0.00     0.00    15.00     0  00:00        0.00
  WMJ1002              STORAGE      0.00     0.00    15.00     0  00:00        0.00
  WMS002               STORAGE      0.00     0.00    10.54     0  00:00        0.00
  WMJ2                 STORAGE      0.00     0.00    15.00     0  00:00        0.00
  WMJ3002              STORAGE      0.00     0.00   200.00     0  00:00        0.00
  J1.8                 STORAGE      7.93    10.00    11.00     0  12:10       10.00
  J1.3                 STORAGE      7.93    10.00    11.61     0  12:10       10.00
  J1.6                 STORAGE      7.93    10.00    11.63     0  12:10       10.00
  J1.5                 STORAGE      7.93    10.00    10.41     0  12:10       10.00
  J2.2                 STORAGE      0.00     0.00     2.50     0  00:00        0.00
  J2.4                 STORAGE      0.00     0.00     2.50     0  00:00        0.00
  S187                 STORAGE      0.00     0.00    10.00     0  00:00        0.00
  J3056                STORAGE      0.00     0.00    15.00     0  00:00        0.00
  S177                 STORAGE      0.00     0.00    11.80     0  00:00        0.00
  J177                 STORAGE      0.00     0.00     7.00     0  00:00        0.00
  
  
  *******************
  Node Inflow Summary
  *******************
  
  -------------------------------------------------------------------------------------------------
                                  Maximum  Maximum                  Lateral       Total        Flow
                                  Lateral    Total  Time of Max      Inflow      Inflow     Balance
                                   Inflow   Inflow   Occurrence      Volume      Volume       Error
  Node                 Type           CFS      CFS  days hr:min    10^6 gal    10^6 gal     Percent
  -------------------------------------------------------------------------------------------------
  J10050               JUNCTION      0.00     0.00     0  00:00           0           0       0.000 gal
  J2016                JUNCTION      0.00     0.00     0  00:00           0           0       0.000 gal
  J1152                JUNCTION      0.00     0.00     0  00:00           0           0       0.000 gal
  J2011                JUNCTION      0.00     0.00     0  00:00           0           0       0.000 gal
  J2137                JUNCTION      0.00     0.00     0  00:00           0           0       0.000 gal
  J2136                JUNCTION      0.00     0.00     0  00:00           0           0       0.000 gal
  J2135                JUNCTION      0.00     0.00     0  00:00           0           0       0.000 gal
  J2134                JUNCTION      0.00     0.00     0  00:00           0           0       0.000 gal
  J3134                JUNCTION      0.00     0.00     0  00:00           0           0       0.000 gal
  J2130                JUNCTION      0.00     0.00     0  00:00           0           0       0.000 gal
  J3130                JUNCTION      0.00     0.00     0  00:00           0           0       0.000 gal
  J4130                JUNCTION      0.00     0.01     0  16:40           0     0.00292      33.274
  J3133                JUNCTION      0.00     0.00     0  13:03           0     8.9e-05      89.001 gal
  J2133                JUNCTION      0.00     0.00     0  00:00           0           0       0.000 gal
  J2122-P              JUNCTION      0.04     0.04     0  10:21      0.0259      0.0259      17.870
  J2060                JUNCTION      0.00     0.03     0  23:50           0      0.0185    1192.949
  M-21                 JUNCTION      0.03     0.03     0  00:00      0.0187      0.0187       4.312
  J3060                JUNCTION      0.00     0.00     0  00:00           0           0       0.000 gal
  PVTs                 JUNCTION      0.06     0.08     1  00:00      0.0388        0.05      29.537
  J2103                JUNCTION      0.00     0.00     0  00:00           0           0       0.000 gal
  J2104                JUNCTION      0.00     0.00     0  00:00           0           0       0.000 gal
  J3086                JUNCTION      0.00     0.00     0  00:00           0           0       0.000 gal
  J2086                JUNCTION      0.00     0.00     0  00:00           0           0       0.000 gal
  PVT-N                JUNCTION      0.00     0.00     0  00:00           0           0       0.000 gal
  J2191                JUNCTION      0.00     0.00     0  00:00           0           0       0.000 gal
  J3107                JUNCTION      0.00     0.00     0  00:00           0           0       0.000 gal
  J2017                JUNCTION      0.00     0.00     0  00:00           0           0       0.000 gal
  J4086                JUNCTION      0.00     0.00     0  00:00           0           0       0.000 gal
  J2106                JUNCTION      0.00     0.08     0  02:22           0      0.0418      23.512
  J4106                JUNCTION      0.00     0.04     0  01:59           0      0.0222   22196.517 gal
  J3106-P              JUNCTION      0.10     0.10     0  00:00      0.0646      0.0646       1.947
  J4074                JUNCTION      0.00     0.00     0  00:00           0           0       0.000 gal
  J4102                JUNCTION      0.00     0.00     0  00:00           0           0       0.000 gal
  J2102                JUNCTION      0.00     0.00     0  00:00           0           0       0.000 gal
  J2101                JUNCTION      0.00     0.00     0  00:00           0           0       0.000 gal
  J3102                JUNCTION      0.00     0.00     0  00:00           0           0       0.000 gal
  J4100                JUNCTION      0.00     0.00     0  00:00           0           0       0.000 gal
  J3187-54             JUNCTION      0.00     0.00     0  00:00           0           0       0.000 gal
  J4112                JUNCTION      0.00     0.00     0  00:00           0           0       0.000 gal
  J2056                JUNCTION      0.00     0.00     0  00:00           0           0       0.000 gal
  M-50                 JUNCTION      0.03     0.06     0  02:37      0.0226      0.0235       3.526
  M-8                  JUNCTION      0.62     0.93     0  00:09       0.401       0.402       0.221
  M-53                 JUNCTION      0.24     0.24     0  00:00       0.155       0.155       1.503
  M-1                  JUNCTION      0.00     0.00     0  00:00           0           0       0.000 gal
  J2181-P              JUNCTION      0.02     0.02     0  00:00      0.0129      0.0129       5.791
  J1582-P              JUNCTION      0.02     0.02     0  00:00      0.0129      0.0129       4.325
  J2156                JUNCTION      0.00     0.00     0  00:00           0           0       0.000 gal
  J4133                JUNCTION      0.00     0.00     0  00:00           0           0       0.000 gal
  M14-AC2              JUNCTION      0.00     0.00     0  00:00           0           0       0.000 gal
  M14-AC1              JUNCTION      0.00     0.00     0  00:00           0           0       0.000 gal
  J153                 JUNCTION      0.00     0.00     0  00:00           0           0       0.000 gal
  J2049                JUNCTION      0.00     0.00     0  00:00           0           0       0.000 gal
  J1049                JUNCTION      0.00     0.00     0  00:00           0           0       0.000 gal
  J1052                JUNCTION      0.00     0.00     0  00:00           0           0       0.000 gal
  J3074                JUNCTION      0.00     0.00     0  00:00           0           0       0.000 gal
  J1021                JUNCTION      0.00     0.00     0  00:00           0           0       0.000 gal
  J1048                JUNCTION      0.00     0.00     0  00:00           0           0       0.000 gal
  J1059                JUNCTION      0.00     0.00     0  00:00           0           0       0.000 gal
  J1065                JUNCTION      0.00     0.00     0  00:00           0           0       0.000 gal
  J1067                JUNCTION      0.00     0.00     0  00:00           0           0       0.000 gal
  J1069                JUNCTION      0.00     0.00     0  00:00           0           0       0.000 gal
  J1070                JUNCTION      0.00     0.00     0  00:00           0           0       0.000 gal
  J10078               JUNCTION      0.00     0.00     0  00:00           0           0       0.000 gal
  J1079                JUNCTION      0.00     0.00     0  00:00           0           0       0.000 gal
  J1179                JUNCTION      0.00     0.00     0  00:00           0           0       0.000 gal
  J1180                JUNCTION      0.00     0.00     0  00:00           0           0       0.000 gal
  J164                 JUNCTION      0.00     0.00     0  00:00           0           0       0.000 gal
  J2164                JUNCTION      0.00     0.00     0  00:00           0           0       0.000 gal
  J1141                JUNCTION      0.00     0.48     0  00:02           0       0.258       0.000
  CGJ1021              JUNCTION      0.00     0.00     0  00:00           0           0       0.000 gal
  CGJ1018              JUNCTION      0.00     0.00     0  00:00           0           0       0.000 gal
  CGJ1031              JUNCTION      0.00     0.00     0  00:00           0           0       0.000 gal
  CGJ2029              JUNCTION      0.00     0.00     0  00:00           0           0       0.000 gal
  GJ1029               JUNCTION      0.00     0.00     0  00:00           0           0       0.000 gal
  CGJ020               JUNCTION      0.00     0.00     0  00:00           0           0       0.000 gal
  CGJ025               JUNCTION      0.00     0.00     0  00:00           0           0       0.000 gal
  CGJ1027              JUNCTION      0.00     0.00     0  00:00           0           0       0.000 gal
  MSJ3011              JUNCTION      0.00     0.00     0  00:00           0           0       0.000 gal
  MSJ1001              JUNCTION      0.00     0.00     0  00:00           0           0       0.000 gal
  MSJ1003              JUNCTION      0.00     0.00     0  00:00           0           0       0.000 gal
  MSJ1007              JUNCTION      0.00     0.00     0  00:00           0           0       0.000 gal
  WMJ3001              JUNCTION      0.00     0.00     0  00:00           0           0       0.000 gal
  WMJ001               JUNCTION      0.00     0.00     0  00:00           0           0       0.000 gal
  WMJ2002              JUNCTION      0.00     0.00     0  00:00           0           0       0.000 gal
  WMJ4001              JUNCTION      0.06     0.06     0  00:00      0.0407      0.0407       0.000
  J1086                JUNCTION      0.00     0.00     0  00:00           0           0       0.000 gal
  S940                 JUNCTION      0.00     0.00     0  00:00           0           0       0.000 gal
  J940                 JUNCTION      0.00     0.00     0  00:00           0           0       0.000 gal
  J187                 JUNCTION      0.00     0.00     0  00:00           0           0       0.000 gal
  J1187                JUNCTION      0.00     0.00     0  00:00           0           0       0.000 gal
  J2187-60             JUNCTION      0.00     0.00     0  00:00           0           0       0.000 gal
  J2187-54             JUNCTION      0.00     0.00     0  00:00           0           0       0.000 gal
  J1171-54             JUNCTION      0.00     0.00     0  00:00           0           0       0.000 gal
  J1171                JUNCTION      0.00     0.00     0  00:00           0           0       0.000 gal
  J2176                JUNCTION      0.00     0.00     0  00:00           0           0       0.000 gal
  J1176                JUNCTION      0.00     0.00     0  00:00           0           0       0.000 gal
  J3176                JUNCTION      0.00     0.00     0  00:00           0           0       0.000 gal
  J3112                JUNCTION      0.00     0.00     0  00:00           0           0       0.000 gal
  J1112                JUNCTION      0.00     0.00     0  00:00           0           0       0.000 gal
  J1062                JUNCTION      0.00     0.00     0  00:00           0           0       0.000 gal
  J1044                JUNCTION      0.00     0.00     0  00:00           0           0       0.000 gal
  J2044                JUNCTION      0.00     0.00     0  00:00           0           0       0.000 gal
  J1056                JUNCTION      0.00     0.00     0  00:00           0           0       0.000 gal
  187-54               JUNCTION      0.00     0.00     0  00:00           0           0       0.000 gal
  J4190                JUNCTION      0.00     1.43     0  00:07           0       0.644       0.000
  P002                 JUNCTION      0.00     0.00     0  00:00           0           0       0.000 gal
  E13032(F)            JUNCTION      0.00     0.00     0  00:00           0           0       0.000 gal
  E13042               JUNCTION      0.00     0.00     0  00:00           0           0       0.000 gal
  E13051               JUNCTION      0.00     0.00     0  00:00           0           0       0.000 gal
  E13111(F)            JUNCTION      0.00     0.10     0  08:38           0      0.0571       0.000
  E13011-E             JUNCTION      0.00     0.00     0  00:00           0           0       0.000 gal
  E12011-C             JUNCTION      0.00     0.00     0  00:00           0           0       0.000 gal
  E12039               JUNCTION      0.00     0.00     0  00:00           0           0       0.000 gal
  E12038               JUNCTION      0.00     0.00     0  00:00           0           0       0.000 gal
  E12069               JUNCTION      0.00     0.00     0  00:00           0           0       0.000 gal
  E12063               JUNCTION      0.00     0.00     0  00:00           0           0       0.000 gal
  E12096               JUNCTION      0.00     0.00     0  00:00           0           0       0.000 gal
  E12178               JUNCTION      0.00     0.00     0  00:00           0           0       0.000 gal
  E12268               JUNCTION      0.00     0.00     0  00:00           0           0       0.000 gal
  E12048               JUNCTION      0.00     0.00     0  00:00           0           0       0.000 gal
  E11147               JUNCTION      0.00     0.00     0  00:00           0           0       0.000 gal
  E11149(F)            JUNCTION      0.00     0.00     0  00:00           0           0       0.000 gal
  E11153(F)            JUNCTION      0.00     0.00     0  00:00           0           0       0.000 gal
  E10004               JUNCTION      0.00     0.00     0  00:00           0           0       0.000 gal
  E10001.2             JUNCTION      0.00     0.00     0  00:00           0           0       0.000 gal
  E10210(F)            JUNCTION      0.00     0.00     0  00:00           0           0       0.000 gal
  E10032.1             JUNCTION      0.00     0.00     0  00:00           0           0       0.000 gal
  E10033               JUNCTION      0.00     0.00     0  00:00           0           0       0.000 gal
  E10066               JUNCTION      0.00     0.00     0  00:00           0           0       0.000 gal
  E10069               JUNCTION      0.00     0.00     0  00:00           0           0       0.000 gal
  E10074               JUNCTION      0.00     0.00     0  00:00           0           0       0.000 gal
  E09102(F)            JUNCTION      0.00     0.00     0  00:00           0           0       0.000 gal
  E09106               JUNCTION      0.02     0.02     0  00:00      0.0129      0.0129       0.000
  J1006                JUNCTION      0.00     0.00     0  00:00           0           0       0.000 gal
  J1051                JUNCTION      0.00     0.00     0  00:00           0           0       0.000 gal
  Node_186             JUNCTION      0.00     0.00     0  00:00           0           0       0.000 gal
  Node_1842202         JUNCTION      0.00     0.00     0  00:00           0           0       0.000 gal
  Node_76              JUNCTION      0.00     0.00     0  00:00           0           0       0.000 gal
  Node_1755225         JUNCTION      0.00     0.00     0  00:00           0           0       0.000 gal
  Node_1072            JUNCTION      0.00     0.00     0  00:00           0           0       0.000 gal
  Node_17491674        JUNCTION      0.00     0.00     0  00:00           0           0       0.000 gal
  Node_85              JUNCTION      0.00     0.00     0  00:00           0           0       0.000 gal
  Node_1674233         JUNCTION      0.00     0.00     0  00:00           0           0       0.000 gal
  Node_54              JUNCTION      0.00     0.00     0  00:00           0           0       0.000 gal
  Node_1712259         JUNCTION      0.00     0.00     0  00:00           0           0       0.000 gal
  Node_1075            JUNCTION      0.00     0.00     0  00:00           0           0       0.000 gal
  Node_1753269         JUNCTION      0.00     0.00     0  00:00           0           0       0.000 gal
  HW_G45               JUNCTION      0.00     0.00     0  00:00           0           0       0.000 gal
  Node_1698255         JUNCTION      0.00     0.00     0  00:00           0           0       0.000 gal
  Node_15151           JUNCTION      0.00     0.00     0  00:00           0           0       0.000 gal
  Node_1910275         JUNCTION      0.00     0.00     0  00:00           0           0       0.000 gal
  Node_66              JUNCTION      0.00     0.00     0  00:00           0           0       0.000 gal
  Node_1737363         JUNCTION      0.00     0.00     0  00:00           0           0       0.000 gal
  Node_68              JUNCTION      0.00     0.00     0  00:00           0           0       0.000 gal
  Node_1741323         JUNCTION      0.00     0.00     0  00:00           0           0       0.000 gal
  HW_267               JUNCTION      0.00     0.00     0  00:00           0           0       0.000 gal
  Node_64              JUNCTION      0.00     0.00     0  00:00           0           0       0.000 gal
  Node_1733366         JUNCTION      0.00     0.00     0  00:00           0           0       0.000 gal
  HW_2016              JUNCTION      0.00     0.00     0  00:00           0           0       0.000 gal
  Node_1668316         JUNCTION      0.00     0.00     0  00:00           0           0       0.000 gal
  Node_61              JUNCTION      0.00     0.00     0  00:00           0           0       0.000 gal
  Node_1727330         JUNCTION      0.00     0.00     0  00:00           0           0       0.000 gal
  Node_17352           JUNCTION      0.00     0.00     0  00:00           0           0       0.000 gal
  Node_1584372         JUNCTION      0.00     0.00     0  00:00           0           0       0.000 gal
  HW_G32               JUNCTION      0.00     0.00     0  00:00           0           0       0.000 gal
  Node_16821684        JUNCTION      0.00     0.00     0  00:00           0           0       0.000 gal
  HW_G34               JUNCTION      0.00     0.00     0  00:00           0           0       0.000 gal
  Node_16861684        JUNCTION      0.00     0.00     0  00:00           0           0       0.000 gal
  HW_33                JUNCTION      0.00     0.00     0  00:00           0           0       0.000 gal
  Node_1684385         JUNCTION      0.00     0.00     0  00:00           0           0       0.000 gal
  Node_137             JUNCTION      0.00     0.00     0  00:00           0           0       0.000 gal
  Node_1811388         JUNCTION      0.00     0.00     0  00:00           0           0       0.000 gal
  1136-12"             JUNCTION      0.00     0.00     0  00:00           0           0       0.000 gal
  Node_1809390         JUNCTION      0.00     0.00     0  00:00           0           0       0.000 gal
  2146-b               JUNCTION      0.00     0.00     0  00:00           0           0       0.000 gal
  Node_146             JUNCTION      0.00     0.00     0  00:00           0           0       0.000 gal
  Node_1914391         JUNCTION      0.00     0.00     0  00:00           0           0       0.000 gal
  Node_135             JUNCTION      0.00     0.00     0  00:00           0           0       0.000 gal
  Node_1807392         JUNCTION      0.00     0.00     0  00:00           0           0       0.000 gal
  1138-b               JUNCTION      0.00     0.00     0  00:00           0           0       0.000 gal
  Node_1813390         JUNCTION      0.00     0.00     0  00:00           0           0       0.000 gal
  2135-b               JUNCTION      0.00     0.00     0  00:00           0           0       0.000 gal
  Node_134             JUNCTION      0.00     0.00     0  00:00           0           0       0.000 gal
  Node_1805400         JUNCTION      0.00     0.00     0  00:00           0           0       0.000 gal
  2134-24"             JUNCTION      0.00     0.00     0  00:00           0           0       0.000 gal
  2130-12"             JUNCTION      0.00     0.00     0  00:00           0           0       0.000 gal
  Node_132             JUNCTION      0.00     0.00     0  00:00           0           0       0.000 gal
  Node_1801406         JUNCTION      0.00     0.00     0  00:00           0           0       0.000 gal
  3134-24"             JUNCTION      0.00     0.00     0  00:00           0           0       0.000 gal
  Node_130             JUNCTION      0.00     0.00     0  00:00           0           0       0.000 gal
  Node_1797411         JUNCTION      0.00     0.00     0  00:00           0           0       0.000 gal
  Node_133             JUNCTION      0.00     0.00     0  00:00           0           0       0.000 gal
  Node_1803403         JUNCTION      0.00     0.00     0  00:00           0           0       0.000 gal
  3130-24"             JUNCTION      0.00     0.01     0  13:03           0      0.0021     296.125
  Node_60              JUNCTION      0.00     0.00     0  00:00           0           0       0.000 gal
  Node_1725421         JUNCTION      0.00     0.00     0  00:00           0           0       0.000 gal
  2133-12"             JUNCTION      0.00     0.00     0  00:00           0           0       0.000 gal
  s-b                  JUNCTION      0.00     0.00     0  00:00           0           0       0.000 gal
  s-c                  JUNCTION      0.00     0.00     0  00:00           0           0       0.000 gal
  HW_29                JUNCTION      0.00     0.00     0  00:00           0           0       0.000 gal
  Node_1680569         JUNCTION      0.00     0.00     0  00:00           0           0       0.000 gal
  HW_1035              JUNCTION      0.00     0.00     0  00:00           0           0       0.000 gal
  Node_1688571         JUNCTION      0.00     0.00     0  00:00           0           0       0.000 gal
  HW_1046              JUNCTION      0.00     0.00     0  00:00           0           0       0.000 gal
  Node_1700574         JUNCTION      0.00     0.00     0  00:00           0           0       0.000 gal
  Node_62              JUNCTION      0.00     0.00     0  00:00           0           0       0.000 gal
  Node_17292724        JUNCTION      0.00     0.00     0  00:00           0           0       0.000 gal
  HW_005               JUNCTION      0.00     0.00     0  00:00           0           0       0.000 gal
  Node_16522819        JUNCTION      0.00     0.00     0  00:00           0           0       0.000 gal
  HW_1048              JUNCTION      0.00     0.00     0  00:00           0           0       0.000 gal
  Node_1704488         JUNCTION      0.00     0.00     0  00:00           0           0       0.000 gal
  HW_37                JUNCTION      0.00     0.00     0  00:00           0           0       0.000 gal
  Node_1690576         JUNCTION      0.00     0.00     0  00:00           0           0       0.000 gal
  HW_38                JUNCTION      0.00     0.00     0  00:00           0           0       0.000 gal
  Node_1692576         JUNCTION      0.00     0.00     0  00:00           0           0       0.000 gal
  Node_84              JUNCTION      0.00     0.00     0  00:00           0           0       0.000 gal
  Node_1771581         JUNCTION      0.00     0.00     0  00:00           0           0       0.000 gal
  Node_141             JUNCTION      0.00     0.00     0  00:00           0           0       0.000 gal
  Node_1917509         JUNCTION      0.00     0.00     0  00:00           0           0       0.000 gal
  HW_41                JUNCTION      0.00     0.00     0  00:00           0           0       0.000 gal
  Node_1694580         JUNCTION      0.00     0.00     0  00:00           0           0       0.000 gal
  HW_047_2             JUNCTION      0.00     0.00     0  00:00           0           0       0.000 gal
  Node_1702570         JUNCTION      0.00     0.00     0  00:00           0           0       0.000 gal
  HW_42                JUNCTION      0.00     0.00     0  00:00           0           0       0.000 gal
  Node_1696497         JUNCTION      0.00     0.00     0  00:00           0           0       0.000 gal
  Node_8002            JUNCTION      0.00     0.00     0  00:00           0           0       0.000 gal
  Node_2800534         JUNCTION      0.00     0.00     0  00:00           0           0       0.000 gal
  Node_104             JUNCTION      0.00     0.00     0  00:00           0           0       0.000 gal
  Node_1783628         JUNCTION      0.00     0.00     0  00:00           0           0       0.000 gal
  Node_2164            JUNCTION      0.00     0.00     0  00:00           0           0       0.000 gal
  Node_18721672        JUNCTION      0.00     0.00     0  00:00           0           0       0.000 gal
  HW_1018              JUNCTION      0.00     0.00     0  00:00           0           0       0.000 gal
  Node_1672630         JUNCTION      0.00     0.00     0  00:00           0           0       0.000 gal
  Node_191             JUNCTION      0.00     0.00     0  00:00           0           0       0.000 gal
  Node_1846633         JUNCTION      0.00     0.00     0  00:00           0           0       0.000 gal
  Node_14460           JUNCTION      0.00     0.00     0  00:00           0           0       0.000 gal
  Node_1856645         JUNCTION      0.00     0.00     0  00:00           0           0       0.000 gal
  Node_13051           JUNCTION      0.00     0.00     0  00:00           0           0       0.000 gal
  Node_1863648         JUNCTION      0.00     0.00     0  00:00           0           0       0.000 gal
  Node_167             JUNCTION      0.00     0.00     0  00:00           0           0       0.000 gal
  Node_1912670         JUNCTION      0.00     0.00     0  00:00           0           0       0.000 gal
  Node_79              JUNCTION      0.00     0.00     0  00:00           0           0       0.000 gal
  Node_1761679         JUNCTION      0.00     0.00     0  00:00           0           0       0.000 gal
  Node_101             JUNCTION      0.00     0.00     0  00:00           0           0       0.000 gal
  Node_1777676         JUNCTION      0.00     0.00     0  00:00           0           0       0.000 gal
  Node_78              JUNCTION      0.00     0.00     0  00:00           0           0       0.000 gal
  Node_1759850         JUNCTION      0.00     0.00     0  00:00           0           0       0.000 gal
  Node_69              JUNCTION      0.00     0.00     0  00:00           0           0       0.000 gal
  Node_1743713         JUNCTION      0.00     0.00     0  00:00           0           0       0.000 gal
  Node_114             JUNCTION      0.00     0.00     0  00:00           0           0       0.000 gal
  Node_1731716         JUNCTION      0.00     0.00     0  00:00           0           0       0.000 gal
  Node_2697723         JUNCTION      0.00     0.00     0  00:00           0           0       0.000 gal
  Node_4001            JUNCTION      0.00     0.00     0  00:00           0           0       0.000 gal
  Node_26392691        JUNCTION      0.00     0.00     0  00:00           0           0       0.000 gal
  Node_81              JUNCTION      0.00     0.00     0  00:00           0           0       0.000 gal
  Node_1765743         JUNCTION      0.00     0.00     0  00:00           0           0       0.000 gal
  Node_83              JUNCTION      0.00     0.00     0  00:00           0           0       0.000 gal
  Node_1769744         JUNCTION      0.00     0.00     0  00:00           0           0       0.000 gal
  Node_82              JUNCTION      0.00     0.00     0  00:00           0           0       0.000 gal
  Node_1767745         JUNCTION      0.00     0.00     0  00:00           0           0       0.000 gal
  Node_70              JUNCTION      0.00     0.00     0  00:00           0           0       0.000 gal
  Node_1745746         JUNCTION      0.00     0.00     0  00:00           0           0       0.000 gal
  Node_80              JUNCTION      0.00     0.00     0  00:00           0           0       0.000 gal
  Node_1763749         JUNCTION      0.00     0.00     0  00:00           0           0       0.000 gal
  Node_77              JUNCTION      0.00     0.00     0  00:00           0           0       0.000 gal
  Node_1757608         JUNCTION      0.00     0.00     0  00:00           0           0       0.000 gal
  Node_177             JUNCTION      0.00     0.00     0  00:00           0           0       0.000 gal
  Node_27792156        JUNCTION      0.00     0.00     0  00:00           0           0       0.000 gal
  Node_180             JUNCTION      0.00     0.00     0  00:00           0           0       0.000 gal
  Node_1838780         JUNCTION      0.00     0.00     0  00:00           0           0       0.000 gal
  Node_179             JUNCTION      0.00     0.00     0  00:00           0           0       0.000 gal
  Node_1836779         JUNCTION      0.00     0.00     0  00:00           0           0       0.000 gal
  HW_009.1             JUNCTION      0.00     0.00     0  00:00           0           0       0.000 gal
  Node_1662340         JUNCTION      0.00     0.00     0  00:00           0           0       0.000 gal
  HW_10                JUNCTION      0.00     0.00     0  00:00           0           0       0.000 gal
  Node_1664704         JUNCTION      0.00     0.00     0  00:00           0           0       0.000 gal
  Node_65              JUNCTION      0.00     0.00     0  00:00           0           0       0.000 gal
  Node_1735348         JUNCTION      0.00     0.00     0  00:00           0           0       0.000 gal
  Node_2699727         JUNCTION      0.00     0.00     0  00:00           0           0       0.000 gal
  Node_2704654         JUNCTION      0.00     0.00     0  00:00           0           0       0.000 gal
  Node_200             JUNCTION      0.00     0.00     0  00:00           0           0       0.000 gal
  Node_1848860         JUNCTION      0.00     0.00     0  00:00           0           0       0.000 gal
  HW_50                JUNCTION      0.00     0.00     0  00:00           0           0       0.000 gal
  Node_1580326         JUNCTION      0.00     0.00     0  00:00           0           0       0.000 gal
  Node_152             JUNCTION      0.00     0.00     0  00:00           0           0       0.000 gal
  Node_18191590        JUNCTION      0.00     0.00     0  00:00           0           0       0.000 gal
  HW_009               JUNCTION      0.00     0.00     0  00:00           0           0       0.000 gal
  Node_16621590        JUNCTION      0.00     0.00     0  00:00           0           0       0.000 gal
  HW_1009              JUNCTION      0.00     0.00     0  00:00           0           0       0.000 gal
  Node_1590307         JUNCTION      0.00     0.00     0  00:00           0           0       0.000 gal
  Node_100             JUNCTION      0.00     0.00     0  00:00           0           0       0.000 gal
  Node_1594723         JUNCTION      0.00     0.00     0  00:00           0           0       0.000 gal
  HW_011               JUNCTION      0.00     0.00     0  00:00           0           0       0.000 gal
  Node_1666377         JUNCTION      0.00     0.00     0  00:00           0           0       0.000 gal
  HW_117               JUNCTION      0.00     0.00     0  00:00           0           0       0.000 gal
  Node_1600664         JUNCTION      0.00     0.00     0  00:00           0           0       0.000 gal
  Node_1067            JUNCTION      0.00     0.00     0  00:00           0           0       0.000 gal
  Node_17391605        JUNCTION      0.00     0.00     0  00:00           0           0       0.000 gal
  Node_8053            JUNCTION      0.00     0.00     0  00:00           0           0    -100.000
  Node_16071608        JUNCTION      0.00    10.00     0  00:00           0        6.46       0.000
  Node_53              JUNCTION      0.00     0.00     0  00:00           0           0       0.000 gal
  Node_16081610        JUNCTION      0.00     0.00     0  00:00           0           0       0.000 gal
  Node_16141610        JUNCTION      0.00     0.00     0  00:00           0           0       0.000 gal
  Node_153             JUNCTION      0.00     0.00     0  00:00           0           0       0.000 gal
  Node_16101616        JUNCTION      0.00     0.00     0  00:00           0           0       0.000 gal
  Node_1418            JUNCTION      0.00     0.00     0  00:00           0           0       0.000 gal
  Node_16161584        JUNCTION      0.00     0.00     0  00:00           0           0       0.000 gal
  Node_1049            JUNCTION      0.00     0.00     0  00:00           0           0       0.000 gal
  Node_16211620        JUNCTION      0.00     0.00     0  00:00           0           0       0.000 gal
  Node_2049            JUNCTION      0.00     0.00     0  00:00           0           0       0.000 gal
  Node_16202858        JUNCTION      0.00     0.00     0  00:00           0           0       0.000 gal
  HW_17                JUNCTION      0.00     0.00     0  00:00           0           0       0.000 gal
  Node_1624618         JUNCTION      0.00     0.00     0  00:00           0           0       0.000 gal
  Node_52              JUNCTION      0.00     0.00     0  00:00           0           0       0.000 gal
  Node_16261629        JUNCTION      0.00     0.00     0  00:00           0           0       0.000 gal
  Node_1052            JUNCTION      0.00     0.00     0  00:00           0           0       0.000 gal
  Node_16292725        JUNCTION      0.00     0.00     0  00:00           0           0       0.000 gal
  HW_44_2              JUNCTION      0.00     0.00     0  00:00           0           0       0.000 gal
  Node_16382725        JUNCTION      0.00     0.00     0  00:00           0           0       0.000 gal
  Node_74              JUNCTION      0.00     0.00     0  00:00           0           0       0.000 gal
  Node_1647673         JUNCTION      0.00     0.00     0  00:00           0           0       0.000 gal
  HW_004               JUNCTION      0.00     0.00     0  00:00           0           0       0.000 gal
  Node_1650355         JUNCTION      0.00     0.00     0  00:00           0           0       0.000 gal
  HW_006               JUNCTION      0.00     0.00     0  00:00           0           0       0.000 gal
  Node_16552828        JUNCTION      0.00     0.00     0  00:00           0           0       0.000 gal
  HW_007               JUNCTION      0.00     0.00     0  00:00           0           0       0.000 gal
  Node_1657272         JUNCTION      0.00     0.00     0  00:00           0           0       0.000 gal
  HW_008               JUNCTION      0.00     0.00     0  00:00           0           0       0.000 gal
  Node_1660361         JUNCTION      0.00     0.00     0  00:00           0           0       0.000 gal
  HW_016               JUNCTION      0.00     0.00     0  00:00           0           0       0.000 gal
  Node_1668336         JUNCTION      0.00     0.00     0  00:00           0           0       0.000 gal
  Node_8164            JUNCTION      0.00     0.00     0  00:00           0           0    -100.000
  Node_18741870        JUNCTION      0.00    10.00     0  00:00           0        6.46       0.000
  Node_164             JUNCTION      0.00     0.00     0  00:00           0           0       0.000 gal
  Node_18701872        JUNCTION      0.00     0.00     0  00:00           0           0       0.000 gal
  Node_1697            JUNCTION      0.00     0.00     0  00:00           0           0       0.000 gal
  Node_15951594        JUNCTION      0.00     0.00     0  00:00           0           0       0.000 gal
  Node_8001            JUNCTION      0.00     0.00     0  00:00           0           0    -100.000
  Node_19361937        JUNCTION      0.00    10.00     0  00:00           0        6.46       0.000
  HW_CG001             JUNCTION      0.00     0.00     0  00:00           0           0       0.000 gal
  Node_19371939        JUNCTION      0.00     0.00     0  00:00           0           0       0.000 gal
  Node_1001            JUNCTION      0.00     0.00     0  00:00           0           0       0.000 gal
  Node_19391941        JUNCTION      0.00     0.00     0  00:00           0           0       0.000 gal
  HW_CG002             JUNCTION      0.00     0.00     0  00:00           0           0       0.000 gal
  Node_19431944        JUNCTION      0.00     0.00     0  00:00           0           0       0.000 gal
  HW_CG006             JUNCTION      0.00     0.00     0  00:00           0           0       0.000 gal
  Node_19471948        JUNCTION      0.00     0.00     0  00:00           0           0       0.000 gal
  HW_CG005             JUNCTION      0.00     0.00     0  00:00           0           0       0.000 gal
  Node_19511948        JUNCTION      0.00     0.00     0  00:00           0           0       0.000 gal
  HW_CG003             JUNCTION      0.00     0.00     0  00:00           0           0       0.000 gal
  Node_19541956        JUNCTION      0.00     0.00     0  00:00           0           0       0.000 gal
  Node_1003            JUNCTION      0.00     0.00     0  00:00           0           0       0.000 gal
  Node_19561950        JUNCTION      0.00     0.00     0  00:00           0           0       0.000 gal
  Node_1008            JUNCTION      0.00     0.00     0  00:00           0           0       0.000 gal
  Node_19621961        JUNCTION      0.00     0.00     0  00:00           0           0       0.000 gal
  Node_8008            JUNCTION      0.00     0.00     0  00:00           0           0    -100.000
  Node_19641965        JUNCTION      0.00    10.00     0  00:00           0        6.46       0.000
  HW_CG008             JUNCTION      0.00     0.00     0  00:00           0           0       0.000 gal
  Node_19651962        JUNCTION      0.00     0.00     0  00:00           0           0       0.000 gal
  Node_1007            JUNCTION      0.00     0.00     0  00:00           0           0       0.000 gal
  Node_19681962        JUNCTION      0.00     0.00     0  00:00           0           0       0.000 gal
  Node_1011            JUNCTION      0.00     0.00     0  00:00           0           0       0.000 gal
  Node_19781977        JUNCTION      0.00     0.00     0  00:00           0           0       0.000 gal
  Node_8013            JUNCTION      0.00     0.00     0  00:00           0           0    -100.000
  Node_19821981        JUNCTION      0.00    10.00     0  00:00           0        6.46       0.000
  Node_8010            JUNCTION      0.00     0.00     0  00:00           0           0    -100.000
  Node_19921991        JUNCTION      0.00    10.00     0  00:00           0        6.46       0.000
  Node_8012            JUNCTION      0.00     0.00     0  00:00           0           0    -100.000
  Node_19951994        JUNCTION      0.00    10.00     0  00:00           0        6.46       0.000
  Node_1018            JUNCTION      0.00     0.00     0  00:00           0           0       0.000 gal
  Node_19981997        JUNCTION      0.00     0.00     0  00:00           0           0       0.000 gal
  HW_CG019             JUNCTION      0.00     0.00     0  00:00           0           0       0.000 gal
  Node_20072006        JUNCTION      0.00     0.00     0  00:00           0           0       0.000 gal
  Node_1025            JUNCTION      0.00     0.00     0  00:00           0           0       0.000 gal
  Node_21772175        JUNCTION      0.00     0.00     0  00:00           0           0       0.000 gal
  Node_1024            JUNCTION      0.00     0.00     0  00:00           0           0       0.000 gal
  Node_20132012        JUNCTION      0.00     0.00     0  00:00           0           0       0.000 gal
  HW_CG024             JUNCTION      0.00     0.00     0  00:00           0           0       0.000 gal
  Node_20162013        JUNCTION      0.00     0.00     0  00:00           0           0       0.000 gal
  Node_8024            JUNCTION      0.00     0.00     0  00:00           0           0    -100.000
  Node_20182016        JUNCTION      0.00    10.00     0  00:00           0        6.46       0.000
  Node_8026            JUNCTION      0.00     0.00     0  00:00           0           0    -100.000
  Node_20212020        JUNCTION      0.00    10.00     0  00:00           0        6.46       0.000
  Node_8016            JUNCTION      0.00     0.00     0  00:00           0           0    -100.000
  Node_20252026        JUNCTION      0.00    10.00     0  00:00           0        6.46       0.000
  Node_8034            JUNCTION      0.00     0.00     0  00:00           0           0    -100.000
  Node_20322033        JUNCTION      0.00    10.00     0  00:00           0        6.46       0.000
  HW_CG034             JUNCTION      0.00     0.00     0  00:00           0           0       0.000 gal
  Node_20332035        JUNCTION      0.00     0.00     0  00:00           0           0       0.000 gal
  Node_8033            JUNCTION      0.00     0.00     0  00:00           0           0    -100.000
  Node_20372038        JUNCTION      0.00    10.00     0  00:00           0        6.46       0.000
  HW_CG033             JUNCTION      0.00     0.00     0  00:00           0           0       0.000 gal
  Node_20382035        JUNCTION      0.00     0.00     0  00:00           0           0       0.000 gal
  Node_8036            JUNCTION      0.00     0.00     0  00:00           0           0    -100.000
  Node_20422043        JUNCTION      0.00    10.00     0  00:00           0        6.46       0.000
  HW_CG036             JUNCTION      0.00     0.00     0  00:00           0           0       0.000 gal
  Node_20432045        JUNCTION      0.00     0.00     0  00:00           0           0       0.000 gal
  Node_8031            JUNCTION      0.00     0.00     0  00:00           0           0    -100.000
  Node_20472048        JUNCTION      0.00    10.00     0  00:00           0        6.46       0.000
  Node_1031            JUNCTION      0.00     0.00     0  00:00           0           0       0.000 gal
  Node_21612050        JUNCTION      0.00     0.00     0  00:00           0           0       0.000 gal
  HW_CGG2030           JUNCTION      0.00     0.00     0  00:00           0           0       0.000 gal
  Node_8030            JUNCTION      0.00     0.00     0  00:00           0           0    -100.000
  Node_20552056        JUNCTION      0.00    10.00     0  00:00           0        6.46       0.000
  HW_CG030             JUNCTION      0.00     0.00     0  00:00           0           0       0.000 gal
  Node_20562058        JUNCTION      0.00     0.00     0  00:00           0           0       0.000 gal
  Node_1029            JUNCTION      0.00     0.00     0  00:00           0           0       0.000 gal
  Node_21652163        JUNCTION      0.00     0.00     0  00:00           0           0       0.000 gal
  Node_8028            JUNCTION      0.00     0.00     0  00:00           0           0    -100.000
  Node_20622063        JUNCTION      0.00    10.00     0  00:00           0        6.46       0.000
  HW_CG028             JUNCTION      0.00     0.00     0  00:00           0           0       0.000 gal
  Node_20632179        JUNCTION      0.00     0.00     0  00:00           0           0       0.000 gal
  HW_CG022             JUNCTION      0.00     0.00     0  00:00           0           0       0.000 gal
  Node_20672068        JUNCTION      0.00     0.00     0  00:00           0           0       0.000 gal
  Node_1021            JUNCTION      0.00     0.00     0  00:00           0           0       0.000 gal
  Node_21572000        JUNCTION      0.00     0.00     0  00:00           0           0       0.000 gal
  Node_1036            JUNCTION      0.00     0.00     0  00:00           0           0       0.000 gal
  Node_20452047        JUNCTION      0.00     0.00     0  00:00           0           0       0.000 gal
  Node_20502041        JUNCTION      0.00     0.00     0  00:00           0           0       0.000 gal
  Node_1030            JUNCTION      0.00     0.00     0  00:00           0           0       0.000 gal
  Node_20582052        JUNCTION      0.00     0.00     0  00:00           0           0       0.000 gal
  HW_CGG2031           JUNCTION      0.00     0.00     0  00:00           0           0       0.000 gal
  Node_20771943        JUNCTION      0.00     0.00     0  00:00           0           0       0.000 gal
  Node_8006            JUNCTION      0.00     0.00     0  00:00           0           0    -100.000
  Node_19461947        JUNCTION      0.00     0.00     0  00:00           0           0       0.000 gal
  HW_CGG2001           JUNCTION      0.00     0.00     0  00:00           0           0       0.000 gal
  Node_1005            JUNCTION      0.00     0.00     0  00:00           0           0       0.000 gal
  Node_19481944        JUNCTION      0.00     0.00     0  00:00           0           0       0.000 gal
  Node_1002            JUNCTION      0.00     0.00     0  00:00           0           0       0.000 gal
  Node_1944377         JUNCTION      0.00     0.00     0  00:00           0           0       0.000 gal
  HW_CG2003            JUNCTION      0.00     0.00     0  00:00           0           0       0.000 gal
  Node_8005            JUNCTION      0.00     0.00     0  00:00           0           0    -100.000
  Node_19531951        JUNCTION      0.00    10.00     0  00:00           0        6.46       0.000
  Node_8003            JUNCTION      0.00     0.00     0  00:00           0           0    -100.000
  Node_19551954        JUNCTION      0.00    10.00     0  00:00           0        6.46       0.000
  Node_8004            JUNCTION      0.00     0.00     0  00:00           0           0    -100.000
  Node_19601959        JUNCTION      0.00     0.00     0  00:00           0           0       0.000 gal
  HW_CG004             JUNCTION      0.00     0.00     0  00:00           0           0       0.000 gal
  Node_19591956        JUNCTION      0.00     0.00     0  00:00           0           0       0.000 gal
  Node_8007            JUNCTION      0.00     0.00     0  00:00           0           0    -100.000
  Node_19701971        JUNCTION      0.00    10.00     0  00:00           0        6.46       0.000
  HW_CG015             JUNCTION      0.00     0.00     0  00:00           0           0       0.000 gal
  Node_20312168        JUNCTION      0.00     0.00     0  00:00           0           0       0.000 gal
  Node_8017            JUNCTION      0.00     0.00     0  00:00           0           0    -100.000
  Node_20292090        JUNCTION      0.00    10.00     0  00:00           0        6.46       0.000
  HW_CG017             JUNCTION      0.00     0.00     0  00:00           0           0       0.000 gal
  Node_20902030        JUNCTION      0.00     0.00     0  00:00           0           0       0.000 gal
  Node_1016            JUNCTION      0.00     0.00     0  00:00           0           0       0.000 gal
  Node_20282072        JUNCTION      0.00     0.00     0  00:00           0           0       0.000 gal
  Node_1017            JUNCTION      0.00     0.00     0  00:00           0           0       0.000 gal
  Node_20302072        JUNCTION      0.00     0.00     0  00:00           0           0       0.000 gal
  HW_CG016             JUNCTION      0.00     0.00     0  00:00           0           0       0.000 gal
  Node_20262028        JUNCTION      0.00     0.00     0  00:00           0           0       0.000 gal
  HW_CGG2016           JUNCTION      0.00     0.00     0  00:00           0           0       0.000 gal
  Node_8015            JUNCTION      0.00     0.00     0  00:00           0           0    -100.000
  Node_20962031        JUNCTION      0.00    10.00     0  00:00           0        6.46       0.000
  Node_1015            JUNCTION      0.00     0.00     0  00:00           0           0       0.000 gal
  Node_19761975        JUNCTION      0.00     0.00     0  00:00           0           0       0.000 gal
  HW_CGG2015           JUNCTION      0.00     0.00     0  00:00           0           0       0.000 gal
  Node_8009            JUNCTION      0.00     0.00     0  00:00           0           0    -100.000
  Node_19741973        JUNCTION      0.00    10.00     0  00:00           0        6.46       0.000
  Node_8014            JUNCTION      0.00     0.00     0  00:00           0           0       0.000 gal
  Node_21021985        JUNCTION      0.00     0.00     0  00:00           0           0       0.000 gal
  Node_2010            JUNCTION      0.00     0.00     0  00:00           0           0       0.000 gal
  Node_19881987        JUNCTION      0.00     0.00     0  00:00           0           0       0.000 gal
  Node_8011            JUNCTION      0.00     0.00     0  00:00           0           0    -100.000
  Node_19871986        JUNCTION      0.00    10.00     0  00:00           0        6.46       0.000
  Node_8019            JUNCTION      0.00     0.00     0  00:00           0           0    -100.000
  Node_20092007        JUNCTION      0.00    10.00     0  00:00           0        6.46       0.000
  Node_8018            JUNCTION      0.00     0.00     0  00:00           0           0    -100.000
  Node_20052004        JUNCTION      0.00    10.00     0  00:00           0        6.46       0.000
  Node_21591998        JUNCTION      0.00     0.00     0  00:00           0           0       0.000 gal
  Node_8022            JUNCTION      0.00     0.00     0  00:00           0           0    -100.000
  Node_20662067        JUNCTION      0.00    10.00     0  00:00           0        6.46       0.000
  Node_1022            JUNCTION      0.00     0.00     0  00:00           0           0       0.000 gal
  Node_20682110        JUNCTION      0.00     0.00     0  00:00           0           0       0.000 gal
  Node_8021            JUNCTION      0.00     0.00     0  00:00           0           0    -100.000
  Node_21102070        JUNCTION      0.00    10.00     0  00:00           0        6.46       0.000
  Node_8023            JUNCTION      0.00     0.00     0  00:00           0           0    -100.000
  Node_20032002        JUNCTION      0.00    10.00     0  00:00           0        6.46       0.000
  HW_CGG2018           JUNCTION      0.00     0.00     0  00:00           0           0       0.000 gal
  Node_8020            JUNCTION      0.00     0.00     0  00:00           0           0    -100.000
  Node_21142176        JUNCTION      0.00    10.00     0  00:00           0        6.46       0.000
  Node_8025            JUNCTION      0.00     0.00     0  00:00           0           0    -100.000
  Node_20112178        JUNCTION      0.00    10.00     0  00:00           0        6.46       0.000
  Node_1033            JUNCTION      0.00     0.00     0  00:00           0           0       0.000 gal
  Node_21452041        JUNCTION      0.00     0.00     0  00:00           0           0       0.000 gal
  Node_8029            JUNCTION      0.00     0.00     0  00:00           0           0    -100.000
  Node_20532060        JUNCTION      0.00    10.00     0  00:00           0        6.46       0.000
  Node_8027            JUNCTION      0.00     0.00     0  00:00           0           0    -100.000
  Node_20242023        JUNCTION      0.00    10.00     0  00:00           0        6.46       0.000
  HW_CGG013            JUNCTION      0.00     0.00     0  00:00           0           0       0.000 gal
  Node_19801977        JUNCTION      0.00     0.00     0  00:00           0           0       0.000 gal
  HW_CGG2011           JUNCTION      0.00     0.00     0  00:00           0           0       0.000 gal
  HW_CG014             JUNCTION      0.00     0.00     0  00:00           0           0       0.000 gal
  Node_19851984        JUNCTION      0.00     0.00     0  00:00           0           0       0.000 gal
  HW_CGG014            JUNCTION      0.00     0.00     0  00:00           0           0       0.000 gal
  Node_19841982        JUNCTION      0.00     0.00     0  00:00           0           0       0.000 gal
  HW_CG013             JUNCTION      0.00     0.00     0  00:00           0           0       0.000 gal
  Node_19811980        JUNCTION      0.00     0.00     0  00:00           0           0       0.000 gal
  HW_CG012             JUNCTION      0.00     0.00     0  00:00           0           0       0.000 gal
  Node_19941989        JUNCTION      0.00     0.00     0  00:00           0           0       0.000 gal
  HW_CGG012            JUNCTION      0.00     0.00     0  00:00           0           0       0.000 gal
  Node_19891988        JUNCTION      0.00     0.00     0  00:00           0           0       0.000 gal
  HW_CG011             JUNCTION      0.00     0.00     0  00:00           0           0       0.000 gal
  Node_19861978        JUNCTION      0.00     0.00     0  00:00           0           0       0.000 gal
  HW_CG009             JUNCTION      0.00     0.00     0  00:00           0           0       0.000 gal
  Node_19731972        JUNCTION      0.00     0.00     0  00:00           0           0       0.000 gal
  HW_CG007             JUNCTION      0.00     0.00     0  00:00           0           0       0.000 gal
  Node_19711968        JUNCTION      0.00     0.00     0  00:00           0           0       0.000 gal
  Node_1010            JUNCTION      0.00     0.00     0  00:00           0           0       0.000 gal
  Node_19901988        JUNCTION      0.00     0.00     0  00:00           0           0       0.000 gal
  HW_CG010             JUNCTION      0.00     0.00     0  00:00           0           0       0.000 gal
  Node_19911990        JUNCTION      0.00     0.00     0  00:00           0           0       0.000 gal
  Node_1019            JUNCTION      0.00     0.00     0  00:00           0           0       0.000 gal
  Node_20062005        JUNCTION      0.00     0.00     0  00:00           0           0       0.000 gal
  HW_CG026             JUNCTION      0.00     0.00     0  00:00           0           0       0.000 gal
  Node_20202015        JUNCTION      0.00     0.00     0  00:00           0           0       0.000 gal
  HW_CGG2024           JUNCTION      0.00     0.00     0  00:00           0           0       0.000 gal
  HW_CG023             JUNCTION      0.00     0.00     0  00:00           0           0       0.000 gal
  Node_20022001        JUNCTION      0.00     0.00     0  00:00           0           0       0.000 gal
  Node_1023            JUNCTION      0.00     0.00     0  00:00           0           0       0.000 gal
  Node_20012000        JUNCTION      0.00     0.00     0  00:00           0           0       0.000 gal
  Node_20001997        JUNCTION      0.00     0.00     0  00:00           0           0       0.000 gal
  Node_1020            JUNCTION      0.00     0.00     0  00:00           0           0       0.000 gal
  Node_21751972        JUNCTION      0.00     0.00     0  00:00           0           0       0.000 gal
  Node_1009            JUNCTION      0.00     0.00     0  00:00           0           0       0.000 gal
  Node_21491968        JUNCTION      0.00     0.00     0  00:00           0           0       0.000 gal
  Node_20352142        JUNCTION      0.00     0.00     0  00:00           0           0       0.000 gal
  HW_CG2033            JUNCTION      0.00     0.00     0  00:00           0           0       0.000 gal
  HW_CGG2033           JUNCTION      0.00     0.00     0  00:00           0           0       0.000 gal
  Node_3001            JUNCTION      0.00     0.00     0  00:00           0           0       0.000 gal
  Node_21472077        JUNCTION      0.00     0.00     0  00:00           0           0       0.000 gal
  HW_CG2009            JUNCTION      0.00     0.00     0  00:00           0           0       0.000 gal
  Node_2008            JUNCTION      0.00     0.00     0  00:00           0           0       0.000 gal
  Node_19611950        JUNCTION      0.00     0.00     0  00:00           0           0       0.000 gal
  Node_1026            JUNCTION      0.00     0.00     0  00:00           0           0       0.000 gal
  Node_20152153        JUNCTION      0.00     0.00     0  00:00           0           0       0.000 gal
  HW_CGG2026           JUNCTION      0.00     0.00     0  00:00           0           0       0.000 gal
  HW_CG021             JUNCTION      0.00     0.00     0  00:00           0           0       0.000 gal
  Node_20702157        JUNCTION      0.00     0.00     0  00:00           0           0       0.000 gal
  HW_CG018             JUNCTION      0.00     0.00     0  00:00           0           0       0.000 gal
  Node_20042159        JUNCTION      0.00     0.00     0  00:00           0           0       0.000 gal
  HW_CG031             JUNCTION      0.00     0.00     0  00:00           0           0       0.000 gal
  Node_20482161        JUNCTION      0.00     0.00     0  00:00           0           0       0.000 gal
  HW_CG2029            JUNCTION      0.00     0.00     0  00:00           0           0       0.000 gal
  Node_3029            JUNCTION      0.00     0.00     0  00:00           0           0       0.000 gal
  Node_21802177        JUNCTION      0.00     0.00     0  00:00           0           0       0.000 gal
  HW_CG029             JUNCTION      0.00     0.00     0  00:00           0           0       0.000 gal
  Node_20602165        JUNCTION      0.00     0.00     0  00:00           0           0       0.000 gal
  Node_21681976        JUNCTION      0.00     0.00     0  00:00           0           0       0.000 gal
  Node_3008            JUNCTION      0.00     0.00     0  00:00           0           0       0.000 gal
  Node_21561961        JUNCTION      0.00     0.00     0  00:00           0           0       0.000 gal
  HW_CG020             JUNCTION      0.00     0.00     0  00:00           0           0       0.000 gal
  Node_21762175        JUNCTION      0.00     0.00     0  00:00           0           0       0.000 gal
  HW_CG025             JUNCTION      0.00     0.00     0  00:00           0           0       0.000 gal
  Node_21782177        JUNCTION      0.00     0.00     0  00:00           0           0       0.000 gal
  HW_CG027             JUNCTION      0.00     0.00     0  00:00           0           0       0.000 gal
  Node_20232179        JUNCTION      0.00     0.00     0  00:00           0           0       0.000 gal
  Node_1027            JUNCTION      0.00     0.00     0  00:00           0           0       0.000 gal
  Node_21792180        JUNCTION      0.00     0.00     0  00:00           0           0       0.000 gal
  Node_24992500        JUNCTION      0.00    10.00     0  00:00           0        6.46       0.000
  HW_MS006             JUNCTION      0.00     0.00     0  00:00           0           0       0.000 gal
  Node_25002502        JUNCTION      0.00     0.00     0  00:00           0           0       0.000 gal
  Node_25042505        JUNCTION      0.00    10.00     0  00:00           0        6.46       0.000
  Node_25802507        JUNCTION      0.00     0.00     0  00:00           0           0       0.000 gal
  Node_25092510        JUNCTION      0.00    10.00     0  00:00           0        6.46       0.000
  HW_MS005             JUNCTION      0.00     0.00     0  00:00           0           0       0.000 gal
  Node_25102512        JUNCTION      0.00     0.00     0  00:00           0           0       0.000 gal
  Node_1004            JUNCTION      0.00     0.00     0  00:00           0           0       0.000 gal
  Node_25122514        JUNCTION      0.00     0.00     0  00:00           0           0       0.000 gal
  Node_25162517        JUNCTION      0.00    10.00     0  00:00           0        6.46       0.000
  HW_MS004             JUNCTION      0.00     0.00     0  00:00           0           0       0.000 gal
  Node_25172512        JUNCTION      0.00     0.00     0  00:00           0           0       0.000 gal
  Node_25202521        JUNCTION      0.00    10.00     0  00:00           0        6.46       0.000
  Node_25782523        JUNCTION      0.00     0.00     0  00:00           0           0       0.000 gal
  Node_25252526        JUNCTION      0.00     0.00     0  00:00           0           0       0.000 gal
  HW_MS002             JUNCTION      0.00     0.00     0  00:00           0           0       0.000 gal
  Node_25262572        JUNCTION      0.00     0.00     0  00:00           0           0       0.000 gal
  Node_25282530        JUNCTION      0.00    10.00     0  00:00           0        6.46       0.000
  HW_MS1               JUNCTION      0.00     0.00     0  00:00           0           0       0.000 gal
  Node_25762532        JUNCTION      0.00     0.00     0  00:00           0           0       0.000 gal
  Node_25342535        JUNCTION      0.00    10.00     0  00:00           0        6.46       0.000
  Node_25372538        JUNCTION      0.00     0.00     0  00:00           0           0       0.000 gal
  HW_MS008             JUNCTION      0.00     0.00     0  00:00           0           0       0.000 gal
  Node_25382541        JUNCTION      0.00     0.00     0  00:00           0           0       0.000 gal
  HW_MSG009            JUNCTION      0.00     0.00     0  00:00           0           0       0.000 gal
  Node_25412534        JUNCTION      0.00     0.00     0  00:00           0           0       0.000 gal
  HW_MS009             JUNCTION      0.00     0.00     0  00:00           0           0       0.000 gal
  Node_25352544        JUNCTION      0.00     0.00     0  00:00           0           0       0.000 gal
  Node_25442543        JUNCTION      0.00     0.00     0  00:00           0           0       0.000 gal
  Node_88              JUNCTION      0.00     0.00     0  00:00           0           0       0.000 gal
  Node_25232543        JUNCTION      0.00     0.00     0  00:00           0           0       0.000 gal
  Node_25432548        JUNCTION      0.00     0.00     0  00:00           0           0       0.000 gal
  Node_57              JUNCTION      0.00     0.00     0  00:00           0           0       0.000 gal
  Node_25482550        JUNCTION      0.00     0.00     0  00:00           0           0       0.000 gal
  HW_MSG045            JUNCTION      0.00     0.00     0  00:00           0           0       0.000 gal
  Node_25502572        JUNCTION      0.00     0.00     0  00:00           0           0       0.000 gal
  Node_25532554        JUNCTION      0.00    10.00     0  00:00           0        6.46       0.000
  HW_MS010             JUNCTION      0.00     0.00     0  00:00           0           0       0.000 gal
  Node_25542532        JUNCTION      0.00     0.00     0  00:00           0           0       0.000 gal
  Node_25322557        JUNCTION      0.00     0.00     0  00:00           0           0       0.000 gal
  Node_25592570        JUNCTION      0.00    10.00     0  00:00           0        6.46       0.000
  Node_71              JUNCTION      0.00     0.00     0  00:00           0           0       0.000 gal
  Node_25022504        JUNCTION      0.00     0.00     0  00:00           0           0       0.000 gal
  HW_MSG813A           JUNCTION      0.00     0.00     0  00:00           0           0       0.000 gal
  Node_514             JUNCTION      0.00     0.00     0  00:00           0           0       0.000 gal
  Node_25142563        JUNCTION      0.00     0.00     0  00:00           0           0       0.000 gal
  HW_MSG501            JUNCTION      0.00     0.00     0  00:00           0           0       0.000 gal
  HW_MSG585            JUNCTION      0.00     0.00     0  00:00           0           0       0.000 gal
  HW_MS011             JUNCTION      0.00     0.00     0  00:00           0           0       0.000 gal
  Node_25702557        JUNCTION      0.00     0.00     0  00:00           0           0       0.000 gal
  HW_MSG001            JUNCTION      0.00     0.00     0  00:00           0           0       0.000 gal
  Node_25722528        JUNCTION      0.00     0.00     0  00:00           0           0       0.000 gal
  HW_MS2011            JUNCTION      0.00     0.00     0  00:00           0           0       0.000 gal
  HW_MS001             JUNCTION      0.00     0.00     0  00:00           0           0       0.000 gal
  Node_25302576        JUNCTION      0.00     0.00     0  00:00           0           0       0.000 gal
  HW_MS003             JUNCTION      0.00     0.00     0  00:00           0           0       0.000 gal
  Node_25212578        JUNCTION      0.00     0.00     0  00:00           0           0       0.000 gal
  HW_MS007             JUNCTION      0.00     0.00     0  00:00           0           0       0.000 gal
  Node_25052580        JUNCTION      0.00     0.00     0  00:00           0           0       0.000 gal
  Node_26022603        JUNCTION      0.00    10.00     0  00:00           0        6.46       0.000
  HW_WM007             JUNCTION      0.00     0.00     0  00:00           0           0       0.000 gal
  Node_26032605        JUNCTION      0.00     0.00     0  00:00           0           0       0.000 gal
  Node_26052607        JUNCTION      0.00     0.00     0  00:00           0           0       0.000 gal
  Node_26092624        JUNCTION      0.00    10.00     0  00:00           0        6.46       0.000
  Node_26112612        JUNCTION      0.00    10.00     0  00:00           0        6.46       0.000
  HW_WM004             JUNCTION      0.00     0.00     0  00:00           0           0       0.000 gal
  Node_26122614        JUNCTION      0.00     0.00     0  00:00           0           0       0.000 gal
  Node_26162617        JUNCTION      0.00     0.00     0  00:00           0           0       0.000 gal
  HW_WM2               JUNCTION      0.00     0.00     0  00:00           0           0       0.000 gal
  Node_26172614        JUNCTION      0.00     0.00     0  00:00           0           0       0.000 gal
  HW_WM2002            JUNCTION      0.00     0.00     0  00:00           0           0       0.000 gal
  HW_WM2001            JUNCTION      0.00     0.00     0  00:00           0           0       0.000 gal
  HW_WM001             JUNCTION      0.00     0.00     0  00:00           0           0       0.000 gal
  Node_26242605        JUNCTION      0.00     0.00     0  00:00           0           0       0.000 gal
  Node_26142626        JUNCTION      0.00     0.00     0  00:00           0           0       0.000 gal
  Node_3011            JUNCTION      0.00     0.00     0  00:00           0           0       0.000 gal
  Node_2574675         JUNCTION      0.00     0.00     0  00:00           0           0       0.000 gal
  Node_26222639        JUNCTION      0.00     0.00     0  00:00           0           0       0.000 gal
  Node_3002            JUNCTION      0.00     0.00     0  00:00           0           0       0.000 gal
  Node_26202622        JUNCTION      0.00     0.00     0  00:00           0           0       0.000 gal
  Node_86              JUNCTION      0.00     0.00     0  00:00           0           0       0.000 gal
  Node_2652630         JUNCTION      0.00     0.00     0  00:00           0           0       0.000 gal
  Node_2456            JUNCTION      0.00     0.00     0  00:00           0           0    -100.000
  Node_26542655        JUNCTION      0.00    10.00     0  00:00           0        6.46       0.000
  Node_2457            JUNCTION      0.00     0.00     0  00:00           0           0       0.000 gal
  Node_26552652        JUNCTION      0.00     0.00     0  00:00           0           0       0.000 gal
  HW_8008.4D           JUNCTION      0.00     0.00     0  00:00           0           0       0.000 gal
  Node_2658429         JUNCTION      0.00     0.00     0  00:00           0           0       0.000 gal
  HW_8001.3D           JUNCTION      0.00     0.00     0  00:00           0           0       0.000 gal
  Node_2661429         JUNCTION      0.00     0.00     0  00:00           0           0       0.000 gal
  HW_8001.6D           JUNCTION      0.00     0.00     0  00:00           0           0       0.000 gal
  Node_2662429         JUNCTION      0.00     0.00     0  00:00           0           0       0.000 gal
  HW_8001.5D           JUNCTION      0.00     0.00     0  00:00           0           0       0.000 gal
  Node_2663429         JUNCTION      0.00     0.00     0  00:00           0           0       0.000 gal
  HW_8002.2D           JUNCTION      0.00     0.00     0  00:00           0           0       0.000 gal
  Node_2673862         JUNCTION      0.00     0.00     0  00:00           0           0       0.000 gal
  HW_8002.4D           JUNCTION      0.00     0.00     0  00:00           0           0       0.000 gal
  Node_2679862         JUNCTION      0.00     0.00     0  00:00           0           0       0.000 gal
  Node_8187            JUNCTION      0.00     0.00     0  00:00           0           0       0.000 gal
  Node_26822683        JUNCTION      0.00     0.00     0  00:00           0           0       0.000 gal
  Node_187             JUNCTION      0.00     0.00     0  00:00           0           0       0.000 gal
  Node_26832684        JUNCTION      0.00     0.00     0  00:00           0           0       0.000 gal
  Node_26842691        JUNCTION      0.00     0.00     0  00:00           0           0       0.000 gal
  Node_2691727         JUNCTION      0.00     0.00     0  00:00           0           0       0.000 gal
  Node_27882695        JUNCTION      0.00     0.00     0  00:00           0           0       0.000 gal
  Node_2695724         JUNCTION      0.00     0.00     0  00:00           0           0       0.000 gal
  Node_26992697        JUNCTION      0.00     0.00     0  00:00           0           0       0.000 gal
  Node_27042702        JUNCTION      0.00     0.00     0  00:00           0           0       0.000 gal
  HW_2176              JUNCTION      0.00     0.00     0  00:00           0           0       0.000 gal
  Node_3176            JUNCTION      0.00     0.00     0  00:00           0           0       0.000 gal
  Node_27062708        JUNCTION      0.00     0.00     0  00:00           0           0       0.000 gal
  Node_112             JUNCTION      0.00     0.00     0  00:00           0           0       0.000 gal
  Node_2708728         JUNCTION      0.00     0.00     0  00:00           0           0       0.000 gal
  Node_27162708        JUNCTION      0.00     0.00     0  00:00           0           0       0.000 gal
  Node_2716659         JUNCTION      0.00     0.00     0  00:00           0           0       0.000 gal
  Node_1062            JUNCTION      0.00     0.00     0  00:00           0           0       0.000 gal
  Node_27242725        JUNCTION      0.00     0.00     0  00:00           0           0       0.000 gal
  Node_2044            JUNCTION      0.00     0.00     0  00:00           0           0       0.000 gal
  Node_27292813        JUNCTION      0.00     0.00     0  00:00           0           0       0.000 gal
  Node_1044            JUNCTION      0.00     0.00     0  00:00           0           0       0.000 gal
  Node_27252729        JUNCTION      0.00     0.00     0  00:00           0           0       0.000 gal
  Node_56              JUNCTION      0.00     0.00     0  00:00           0           0       0.000 gal
  Node_2764731         JUNCTION      0.00     0.00     0  00:00           0           0       0.000 gal
  Node_156             JUNCTION      0.00     0.00     0  00:00           0           0       0.000 gal
  Node_2764385         JUNCTION      0.00     0.00     0  00:00           0           0       0.000 gal
  Node_2769278         JUNCTION      0.00     0.00     0  00:00           0           0       0.000 gal
  Node_2769583         JUNCTION      0.00     0.00     0  00:00           0           0       0.000 gal
  Node_8177            JUNCTION      0.00     0.00     0  00:00           0           0    -100.000
  Node_27782779        JUNCTION      0.00    10.00     0  00:00           0        6.46       0.000
  Node_26392695        JUNCTION      0.00     0.00     0  00:00           0           0       0.000 gal
  Node_27882682        JUNCTION      0.00     0.00     0  00:00           0           0       0.000 gal
  Node_2796657         JUNCTION      0.00     0.00     0  00:00           0           0       0.000 gal
  Node_1190            JUNCTION      0.00     0.00     0  00:00           0           0       0.000 gal
  Node_27962706        JUNCTION      0.00     0.00     0  00:00           0           0       0.000 gal
  Node_13032           JUNCTION      0.00     0.00     0  00:00           0           0       0.000 gal
  Node_28012800        JUNCTION      0.00     0.00     0  00:00           0           0       0.000 gal
  Node_13042           JUNCTION      0.00     0.00     0  00:00           0           0       0.000 gal
  Node_28022801        JUNCTION      0.00     0.00     0  00:00           0           0       0.000 gal
  Node_28032802        JUNCTION      0.00     0.00     0  00:00           0           0       0.000 gal
  Node_13111           JUNCTION      0.00     0.00     0  00:00           0           0       0.000 gal
  Node_28042803        JUNCTION      0.00     0.00     0  00:00           0           0       0.000 gal
  Node_13011           JUNCTION      0.00     0.00     0  00:00           0           0       0.000 gal
  Node_28052804        JUNCTION      0.00     0.00     0  00:00           0           0       0.000 gal
  Node_12011           JUNCTION      0.00     0.00     0  00:00           0           0       0.000 gal
  Node_28062805        JUNCTION      0.00     0.00     0  00:00           0           0       0.000 gal
  Node_12039           JUNCTION      0.00     0.00     0  00:00           0           0       0.000 gal
  Node_28072806        JUNCTION      0.00     0.00     0  00:00           0           0       0.000 gal
  Node_12038           JUNCTION      0.00     0.00     0  00:00           0           0       0.000 gal
  Node_28082807        JUNCTION      0.00     0.00     0  00:00           0           0       0.000 gal
  Node_12069           JUNCTION      0.00     0.00     0  00:00           0           0       0.000 gal
  Node_28092808        JUNCTION      0.00     0.00     0  00:00           0           0       0.000 gal
  Node_12063           JUNCTION      0.00     0.00     0  00:00           0           0       0.000 gal
  Node_28102809        JUNCTION      0.00     0.00     0  00:00           0           0       0.000 gal
  Node_12096           JUNCTION      0.00     0.00     0  00:00           0           0       0.000 gal
  Node_28112810        JUNCTION      0.00     0.00     0  00:00           0           0       0.000 gal
  Node_12178           JUNCTION      0.00     0.00     0  00:00           0           0       0.000 gal
  Node_28122811        JUNCTION      0.00     0.00     0  00:00           0           0       0.000 gal
  Node_12268           JUNCTION      0.00     0.00     0  00:00           0           0       0.000 gal
  Node_28132812        JUNCTION      0.00     0.00     0  00:00           0           0       0.000 gal
  Node_12048           JUNCTION      0.00     0.00     0  00:00           0           0       0.000 gal
  Node_28142813        JUNCTION      0.00     0.00     0  00:00           0           0       0.000 gal
  Node_11148           JUNCTION      0.00     0.00     0  00:00           0           0       0.000 gal
  Node_28152814        JUNCTION      0.00     0.00     0  00:00           0           0       0.000 gal
  Node_11149           JUNCTION      0.00     0.00     0  00:00           0           0       0.000 gal
  Node_28162815        JUNCTION      0.00     0.00     0  00:00           0           0       0.000 gal
  Node_11153           JUNCTION      0.00     0.00     0  00:00           0           0       0.000 gal
  Node_28172816        JUNCTION      0.00     0.00     0  00:00           0           0       0.000 gal
  Node_10004           JUNCTION      0.00     0.00     0  00:00           0           0       0.000 gal
  Node_28182817        JUNCTION      0.00     0.00     0  00:00           0           0       0.000 gal
  Node_10001           JUNCTION      0.00     0.00     0  00:00           0           0       0.000 gal
  Node_28192818        JUNCTION      0.00     0.00     0  00:00           0           0       0.000 gal
  Node_10210           JUNCTION      0.00     0.00     0  00:00           0           0       0.000 gal
  Node_28202819        JUNCTION      0.00     0.00     0  00:00           0           0       0.000 gal
  Node_10032           JUNCTION      0.00     0.00     0  00:00           0           0       0.000 gal
  Node_28212820        JUNCTION      0.00     0.00     0  00:00           0           0       0.000 gal
  Node_10033           JUNCTION      0.00     0.00     0  00:00           0           0       0.000 gal
  Node_28222821        JUNCTION      0.00     0.00     0  00:00           0           0       0.000 gal
  Node_10066           JUNCTION      0.00     0.00     0  00:00           0           0       0.000 gal
  Node_28232822        JUNCTION      0.00     0.00     0  00:00           0           0       0.000 gal
  Node_10069           JUNCTION      0.00     0.00     0  00:00           0           0       0.000 gal
  Node_28242823        JUNCTION      0.00     0.00     0  00:00           0           0       0.000 gal
  Node_10074           JUNCTION      0.00     0.00     0  00:00           0           0       0.000 gal
  Node_28252824        JUNCTION      0.00     0.00     0  00:00           0           0       0.000 gal
  Node_9002            JUNCTION      0.00     0.00     0  00:00           0           0       0.000 gal
  Node_28262825        JUNCTION      0.00     0.00     0  00:00           0           0       0.000 gal
  Node_9106            JUNCTION      0.00     0.00     0  00:00           0           0       0.000 gal
  Node_28272826        JUNCTION      0.00     0.00     0  00:00           0           0       0.000 gal
  Node_1006            JUNCTION      0.00     0.00     0  00:00           0           0       0.000 gal
  Node_28282827        JUNCTION      0.00     0.00     0  00:00           0           0       0.000 gal
  Node_1051            JUNCTION      0.00     0.00     0  00:00           0           0       0.000 gal
  Node_28582724        JUNCTION      0.00     0.00     0  00:00           0           0       0.000 gal
  J2146                OUTFALL       0.00     0.00     0  00:00           0           0       0.000 gal
  F14277               STORAGE       0.00     0.75     0  13:07           0       0.425       0.613
  E14441               STORAGE       0.00     0.75     0  07:52           0       0.468       9.953
  E14462               STORAGE       0.00     0.75     0  07:52           0       0.479       2.245
  E14458               STORAGE       0.75     0.75     0  00:00       0.485       0.485       1.166
  F14238               STORAGE       0.00     0.28     0  00:24           0       0.161       0.642
  F14239               STORAGE       0.25     0.25     0  00:00       0.162       0.162       0.507
  F14244               STORAGE       0.00     0.00     0  00:00           0           0       0.000 gal
  F14246               STORAGE       0.00     0.00     0  00:00           0           0       0.000 gal
  F14269               STORAGE       0.00     0.75     0  07:54           0       0.422       0.419
  F14295               STORAGE       0.00     0.75     0  11:41           0        0.42       0.384
  F14304               STORAGE       0.00     1.00     0  07:57           0       0.578       2.972
  F14308               STORAGE       0.00     1.01     0  04:55           0       0.561       2.830
  F14309               STORAGE       0.00     1.01     0  04:57           0       0.546       2.945
  F14310(F)            STORAGE       0.00     1.00     0  05:13           0        0.53       0.138
  F14313               STORAGE       0.00     1.00     0  05:30           0       0.529       0.984
  F14318               STORAGE       0.00     1.05     0  08:02           0       0.524       6.235
  F14321               STORAGE       0.00     1.08     0  04:47           0       0.493      19.130
  F14341               STORAGE       0.00     0.00     0  00:00           0           0       0.000 gal
  F14379               STORAGE       0.00     0.00     0  00:00           0           0       0.000 gal
  F14386               STORAGE       0.00     0.00     0  00:00           0           0       0.000 gal
  F14378(F)            STORAGE       0.00     0.00     0  00:00           0           0       0.000 gal
  J186                 STORAGE       0.00     0.00     0  00:00           0           0       0.000 gal
  S186                 STORAGE       0.00     0.00     0  00:00           0           0       0.000 gal
  H12280               STORAGE       0.00     0.00     0  00:00           0           0       0.000 gal
  H12345               STORAGE       0.00     0.00     0  00:00           0           0       0.000 gal
  J76                  STORAGE       0.00     0.00     0  00:00           0           0       0.000 gal
  S76                  STORAGE       0.00     0.00     0  00:00           0           0       0.000 gal
  G11198               STORAGE       0.00     0.00     0  00:00           0           0       0.000 gal
  G11203               STORAGE       0.00     0.00     0  00:00           0           0       0.000 gal
  G11232               STORAGE       0.00     0.00     0  00:00           0           0       0.000 gal
  G11235               STORAGE       0.00     0.00     0  00:00           0           0       0.000 gal
  G11238               STORAGE       0.00     0.00     0  00:00           0           0       0.000 gal
  G11239               STORAGE       0.00     0.00     0  00:00           0           0       0.000 gal
  G12074               STORAGE       0.00     0.00     0  00:00           0           0       0.000 gal
  G12089               STORAGE       0.00     0.00     0  00:00           0           0       0.000 gal
  G12173               STORAGE       0.00     0.00     0  00:00           0           0       0.000 gal
  G13019               STORAGE       0.00     0.00     0  00:00           0           0       0.000 gal
  H12081               STORAGE       0.00     0.00     0  00:00           0           0       0.000 gal
  H12083               STORAGE       0.00     0.00     0  00:00           0           0       0.000 gal
  S72                  STORAGE       0.00     0.00     0  00:00           0           0       0.000 gal
  J85                  STORAGE       0.00     0.00     0  00:00           0           0       0.000 gal
  S85                  STORAGE       0.00     0.00     0  00:00           0           0       0.000 gal
  G13010               STORAGE       0.00     0.00     0  00:00           0           0       0.000 gal
  G13053               STORAGE       0.00     0.00     0  00:00           0           0       0.000 gal
  G13083               STORAGE       0.00     0.00     0  00:00           0           0       0.000 gal
  G13098               STORAGE       0.00     0.00     0  00:00           0           0       0.000 gal
  G13115               STORAGE       0.00     0.00     0  00:00           0           0       0.000 gal
  H13146               STORAGE       0.00     0.00     0  00:00           0           0       0.000 gal
  H13157               STORAGE       0.00     0.00     0  00:00           0           0       0.000 gal
  H13183               STORAGE       0.00     0.00     0  00:00           0           0       0.000 gal
  G14SP1U              STORAGE       0.00     0.00     0  00:00           0           0       0.000 gal
  H13186(F)            STORAGE       0.00     0.00     0  00:00           0           0       0.000 gal
  G13085(F)            STORAGE       0.00     0.00     0  00:00           0           0       0.000 gal
  G13068(F)            STORAGE       0.00     0.00     0  00:00           0           0       0.000 gal
  G14024               STORAGE       0.00     0.00     0  00:00           0           0       0.000 gal
  F14010               STORAGE       0.00     0.00     0  00:00           0           0       0.000 gal
  G13119(F)            STORAGE       0.00     0.00     0  00:00           0           0       0.000 gal
  G13127               STORAGE       0.00     0.00     0  00:00           0           0       0.000 gal
  G13126               STORAGE       0.00     0.00     0  00:00           0           0       0.000 gal
  G13124               STORAGE       0.00     0.00     0  00:00           0           0       0.000 gal
  G13121               STORAGE       0.00     0.00     0  00:00           0           0       0.000 gal
  J54                  STORAGE       0.00     0.00     0  00:00           0           0       0.000 gal
  S54                  STORAGE       0.00     0.00     0  00:00           0           0       0.000 gal
  J45                  STORAGE       0.00     0.00     0  00:00           0           0       0.000 gal
  S45                  STORAGE       0.00     0.00     0  00:00           0           0       0.000 gal
  J75                  STORAGE       0.00     0.00     0  00:00           0           0       0.000 gal
  S75                  STORAGE       0.00     0.00     0  00:00           0           0       0.000 gal
  G13093               STORAGE       0.00     0.00     0  00:00           0           0       0.000 gal
  F13851               STORAGE       0.00     0.00     0  00:00           0           0       0.000 gal
  F13856               STORAGE       0.00     0.00     0  00:00           0           0       0.000 gal
  J2007                STORAGE       0.00     0.00     0  00:00           0           0       0.000 gal
  S7                   STORAGE       0.00     0.00     0  00:00           0           0       0.000 gal
  F14012(F)            STORAGE       0.00     0.00     0  00:00           0           0       0.000 gal
  J15172               STORAGE       0.00     0.00     0  00:00           0           0       0.000 gal
  J16183               STORAGE       0.00     0.00     0  00:00           0           0       0.000 gal
  J16273               STORAGE       0.00     0.00     0  00:00           0           0       0.000 gal
  F14004               STORAGE       0.00     0.00     0  00:00           0           0       0.000 gal
  F14075               STORAGE       0.00     0.00     0  00:00           0           0       0.000 gal
  F14106               STORAGE       0.00     0.00     0  00:00           0           0       0.000 gal
  F14107               STORAGE       0.00     0.00     0  00:00           0           0       0.000 gal
  F14112               STORAGE       0.00     0.00     0  00:00           0           0       0.000 gal
  F14116               STORAGE       0.00     0.00     0  00:00           0           0       0.000 gal
  F14118               STORAGE       0.00     0.00     0  00:00           0           0       0.000 gal
  F14145               STORAGE       0.00     0.00     0  00:00           0           0       0.000 gal
  F14153               STORAGE       0.00     0.00     0  00:00           0           0       0.000 gal
  F15031               STORAGE       0.00     0.00     0  00:00           0           0       0.000 gal
  F15034               STORAGE       0.00     0.00     0  00:00           0           0       0.000 gal
  F15076               STORAGE       0.00     0.00     0  00:00           0           0       0.000 gal
  F15077               STORAGE       0.00     0.00     0  00:00           0           0       0.000 gal
  F15078               STORAGE       0.00     0.00     0  00:00           0           0       0.000 gal
  F15130               STORAGE       0.00     0.00     0  00:00           0           0       0.000 gal
  F15376               STORAGE       0.00     0.00     0  00:00           0           0       0.000 gal
  F15752               STORAGE       0.00     0.00     0  00:00           0           0       0.000 gal
  F15812               STORAGE       0.00     0.00     0  00:00           0           0       0.000 gal
  F15837               STORAGE       0.00     0.00     0  00:00           0           0       0.000 gal
  F16614               STORAGE       0.00     0.00     0  00:00           0           0       0.000 gal
  G15081               STORAGE       0.00     0.00     0  00:00           0           0       0.000 gal
  G15082               STORAGE       0.00     0.00     0  00:00           0           0       0.000 gal
  G15187               STORAGE       0.00     0.00     0  00:00           0           0       0.000 gal
  G15257               STORAGE       0.00     0.00     0  00:00           0           0       0.000 gal
  G15284               STORAGE       0.00     0.00     0  00:00           0           0       0.000 gal
  G15435               STORAGE       0.00     0.00     0  00:00           0           0       0.000 gal
  G15443               STORAGE       0.00     0.00     0  00:00           0           0       0.000 gal
  G15351               STORAGE       0.00     0.00     0  00:00           0           0       0.000 gal
  G16087               STORAGE       0.00     0.00     0  00:00           0           0       0.000 gal
  G16464               STORAGE       0.00     0.00     0  00:00           0           0       0.000 gal
  G16514               STORAGE       0.00     0.00     0  00:00           0           0       0.000 gal
  G16520               STORAGE       0.00     0.00     0  00:00           0           0       0.000 gal
  G16528               STORAGE       0.00     0.00     0  00:00           0           0       0.000 gal
  H15431               STORAGE       0.00     0.00     0  00:00           0           0       0.000 gal
  H15557               STORAGE       0.00     0.00     0  00:00           0           0       0.000 gal
  H15558               STORAGE       0.00     0.00     0  00:00           0           0       0.000 gal
  H15559               STORAGE       0.00     0.00     0  00:00           0           0       0.000 gal
  H15563               STORAGE       0.00     0.00     0  00:00           0           0       0.000 gal
  H15568               STORAGE       0.00     0.00     0  00:00           0           0       0.000 gal
  H16001               STORAGE       0.00     0.00     0  00:00           0           0       0.000 gal
  H16281               STORAGE       0.00     0.00     0  00:00           0           0       0.000 gal
  H16288               STORAGE       0.00     0.00     0  00:00           0           0       0.000 gal
  H16306               STORAGE       0.00     0.00     0  00:00           0           0       0.000 gal
  H16308               STORAGE       0.00     0.00     0  00:00           0           0       0.000 gal
  H16394               STORAGE       0.00     0.00     0  00:00           0           0       0.000 gal
  H16396               STORAGE       0.00     0.00     0  00:00           0           0       0.000 gal
  F14078(F)            STORAGE       0.00     0.00     0  00:00           0           0       0.000 gal
  G15261               STORAGE       0.00     0.00     0  00:00           0           0       0.000 gal
  G15334(F)            STORAGE       0.00     0.00     0  00:00           0           0       0.000 gal
  G15186               STORAGE       0.00     0.00     0  00:00           0           0       0.000 gal
  G15185(F)            STORAGE       0.00     0.00     0  00:00           0           0       0.000 gal
  G15184(F)            STORAGE       0.00     0.00     0  00:00           0           0       0.000 gal
  G16518(F)            STORAGE       0.00     0.00     0  00:00           0           0       0.000 gal
  G16467(F)            STORAGE       0.00     0.00     0  00:00           0           0       0.000 gal
  F15817(F)            STORAGE       0.00     0.00     0  00:00           0           0       0.000 gal
  F15834(F)            STORAGE       0.00     0.00     0  00:00           0           0       0.000 gal
  S16                  STORAGE       0.00     0.00     0  00:00           0           0       0.000 gal
  J66                  STORAGE       0.00     0.00     0  00:00           0           0       0.000 gal
  S66                  STORAGE       0.00     0.00     0  00:00           0           0       0.000 gal
  J1009.1              STORAGE       0.00     0.00     0  00:00           0           0       0.000 gal
  S9                   STORAGE       0.00     0.00     0  00:00           0           0       0.000 gal
  S152                 STORAGE       0.00     0.00     0  00:00           0           0       0.000 gal
  J68                  STORAGE       0.00     0.00     0  00:00           0           0       0.000 gal
  S68                  STORAGE       0.00     0.00     0  00:00           0           0       0.000 gal
  J67                  STORAGE       0.00     0.00     0  00:00           0           0       0.000 gal
  S67                  STORAGE       0.00     0.00     0  00:00           0           0       0.000 gal
  H16415               STORAGE       0.00     0.00     0  00:00           0           0       0.000 gal
  S65                  STORAGE       0.00     0.00     0  00:00           0           0       0.000 gal
  J64                  STORAGE       0.00     0.00     0  00:00           0           0       0.000 gal
  S64                  STORAGE       0.00     0.00     0  00:00           0           0       0.000 gal
  J59                  STORAGE       0.00     0.00     0  00:00           0           0       0.000 gal
  S59                  STORAGE       0.00     0.00     0  00:00           0           0       0.000 gal
  S50                  STORAGE       0.00     0.00     0  00:00           0           0       0.000 gal
  J2004                STORAGE       0.00     0.00     0  00:00           0           0       0.000 gal
  S4                   STORAGE       0.00     0.00     0  00:00           0           0       0.000 gal
  J61                  STORAGE       0.00     0.00     0  00:00           0           0       0.000 gal
  S61                  STORAGE       0.00     0.00     0  00:00           0           0       0.000 gal
  J156                 STORAGE       0.00     0.00     0  00:00           0           0       0.000 gal
  S156                 STORAGE       0.00     0.00     0  00:00           0           0       0.000 gal
  J2008                STORAGE       0.00     0.00     0  00:00           0           0       0.000 gal
  S8                   STORAGE       0.00     0.00     0  00:00           0           0       0.000 gal
  H16428               STORAGE       0.00     0.00     0  00:00           0           0       0.000 gal
  H16426               STORAGE       0.00     0.00     0  00:00           0           0       0.000 gal
  H16417               STORAGE       0.00     0.00     0  00:00           0           0       0.000 gal
  H16506               STORAGE       0.00     0.00     0  00:00           0           0       0.000 gal
  G16470               STORAGE       0.00     0.00     0  00:00           0           0       0.000 gal
  J17073               STORAGE       0.00     1.00     0  10:32           0       0.537       5.883
  J17085               STORAGE       0.00     1.00     0  10:31           0       0.581       8.127
  J17140               STORAGE       0.00     1.00     0  10:31           0       0.606       4.169
  J17150               STORAGE       1.00     1.05     0  00:32       0.646       0.646       3.828
  J17239               STORAGE       0.00     0.52     0  00:09           0       0.016    2234.154
  K16003               STORAGE       0.00     1.00     0  10:35           0       0.488       0.847
  K16034               STORAGE       0.00     1.00     0  10:34           0       0.491       0.544
  K17035               STORAGE       0.00     1.00     0  10:33           0       0.497       1.127
  K17071               STORAGE       0.00     1.00     0  10:33           0       0.507       1.956
  S11                  STORAGE       0.00     1.00     0  10:45           0       0.484       0.000
  J32                  STORAGE       0.00     0.00     0  00:00           0           0       0.000 gal
  S32                  STORAGE       0.00     0.00     0  00:00           0           0       0.000 gal
  J33                  STORAGE       0.00     0.00     0  00:00           0           0       0.000 gal
  S33                  STORAGE       0.00     0.00     0  00:00           0           0       0.000 gal
  J34                  STORAGE       0.00     0.00     0  00:00           0           0       0.000 gal
  S34                  STORAGE       0.00     0.00     0  00:00           0           0       0.000 gal
  H15263               STORAGE       0.00     0.00     0  00:00           0           0       0.000 gal
  S137                 STORAGE       0.00     0.00     0  00:00           0           0       0.000 gal
  J137                 STORAGE       0.00     0.00     0  00:00           0           0       0.000 gal
  J136                 STORAGE       0.00     0.00     0  00:00           0           0       0.000 gal
  S136                 STORAGE       0.00     0.00     0  00:00           0           0       0.000 gal
  S146                 STORAGE       0.00     0.00     0  00:00           0           0       0.000 gal
  J146                 STORAGE       0.00     0.00     0  00:00           0           0       0.000 gal
  S135                 STORAGE       0.00     0.00     0  00:00           0           0       0.000 gal
  J135                 STORAGE       0.00     0.00     0  00:00           0           0       0.000 gal
  S138                 STORAGE       0.00     0.00     0  00:00           0           0       0.000 gal
  J138                 STORAGE       0.00     0.00     0  00:00           0           0       0.000 gal
  S134                 STORAGE       0.00     0.00     0  00:00           0           0       0.000 gal
  J134                 STORAGE       0.00     0.00     0  00:00           0           0       0.000 gal
  S131                 STORAGE       0.00     0.00     0  00:00           0           0       0.000 gal
  J131                 STORAGE       0.00     0.00     0  00:00           0           0       0.000 gal
  S130                 STORAGE       0.00     0.00     0  00:00           0           0       0.000 gal
  J130                 STORAGE       0.00     0.00     0  00:00           0           0       0.000 gal
  S132                 STORAGE       0.00     0.00     0  00:00           0           0       0.000 gal
  J132                 STORAGE       0.00     0.00     0  00:00           0           0       0.000 gal
  J133                 STORAGE       0.00     0.00     0  00:00           0           0       0.000 gal
  S122                 STORAGE       0.00     0.00     0  00:00           0           0       0.000 gal
  J122                 STORAGE       0.00     0.00     0  10:08           0    0.000497      28.741
  S60                  STORAGE       0.00     0.00     0  00:00           0           0       0.000 gal
  J60                  STORAGE       0.00     0.00     0  00:00           0           0       0.000 gal
  S133                 STORAGE       0.00     0.00     0  00:00           0           0       0.000 gal
  J1001                STORAGE       0.00     0.00     0  00:00           0           0       0.000 gal
  J3001                STORAGE       0.00     0.00     0  00:00           0           0       0.000 gal
  J2170                STORAGE       0.00     0.00     0  00:00           0           0       0.000 gal
  J1.4                 STORAGE       0.00     1.00     0  23:58           0       0.306       2.171
  J1                   STORAGE       0.00     0.00     0  00:00           0           0       0.000 gal
  S001                 STORAGE       0.00     1.00     0  23:58           0       0.306     -87.500
  F14001               STORAGE       0.00     1.00     0  23:58           0       0.323       1.955
  F14002               STORAGE       0.00     0.00     0  00:00           0           0       0.000 gal
  F14003.1-F           STORAGE       0.00     0.00     0  00:00           0           0       0.000 gal
  F14003.2             STORAGE       0.00     1.00     0  23:59           0       0.316       0.345
  F14008               STORAGE       0.00     0.00     0  00:00           0           0       0.000 gal
  F14158               STORAGE       0.00     1.00     0  23:59           0       0.334       2.317
  F14JB1               STORAGE       0.00     1.00     0  23:59           0       0.315       0.905
  F14JB2               STORAGE       0.00     0.00     0  00:00           0           0       0.000 gal
  F14160(F)            STORAGE       0.00     1.08     0  05:51           0       0.414      23.729
  F14280(F)            STORAGE       0.00     0.00     0  00:00           0           0       0.000 gal
  S2-U/S               STORAGE       0.00     0.00     0  00:00           0           0       0.000 gal
  S2-D/S               STORAGE       0.00     0.72     0  11:47           0     0.00478     678.622
  J1.7                 STORAGE       0.00     1.00     0  23:58           0       0.306       2.171
  J1.2                 STORAGE       0.00     1.00     0  23:58           0       0.306       2.171
  J1.1                 STORAGE       0.00     1.00     0  23:58           0       0.306       2.171
  G001                 STORAGE       0.00     1.00     0  23:58           0       0.312       0.242
  E09004               STORAGE       0.00     0.00     0  00:00           0           0       0.000 gal
  E10001.3             STORAGE       0.00     0.05     0  01:09           0      0.0312       0.229
  E10006               STORAGE       0.00     0.00     0  00:00           0           0       0.000 gal
  E10031               STORAGE       0.00     0.00     0  00:00           0           0       0.000 gal
  E10032.2             STORAGE       0.00     0.00     0  00:00           0           0       0.000 gal
  E10034.2             STORAGE       0.00     0.00     0  00:00           0           0       0.000 gal
  E10035               STORAGE       0.00     0.00     0  00:00           0           0       0.000 gal
  E10042               STORAGE       0.00     0.00     0  00:00           0           0       0.000 gal
  E10051               STORAGE       0.00     0.05     0  00:53           0      0.0319       0.151
  E10057.2             STORAGE       0.05     0.05     0  00:00      0.0323      0.0323       0.128
  E10145               STORAGE       0.00     0.05     0  00:54           0      0.0315       0.154
  E11011               STORAGE       0.00     0.00     0  00:00           0           0       0.000 gal
  E12184               STORAGE       0.00     0.00     0  00:00           0           0       0.000 gal
  E12186               STORAGE       0.00     0.00     0  00:00           0           0       0.000 gal
  E13003(F)            STORAGE       0.00     0.00     0  00:00           0           0       0.000 gal
  E13010               STORAGE       0.00     0.00     0  00:00           0           0       0.000 gal
  E14480               STORAGE       0.00     0.00     0  00:00           0           0       0.000 gal
  S2-1                 STORAGE       0.00     0.00     0  00:00           0           0       0.000 gal
  F10002               STORAGE       0.00     1.00     0  16:13           0       0.583       0.173
  F10004               STORAGE       0.00     1.00     0  15:24           0       0.594       1.774
  F10079               STORAGE       1.00     1.00     0  11:44       0.646       0.646       4.898
  F10103               STORAGE       0.00     0.00     0  00:00           0           0       0.000 gal
  F10124               STORAGE       0.00     0.00     0  00:00           0           0       0.000 gal
  F10127               STORAGE       0.00     0.00     0  00:00           0           0       0.000 gal
  F10136               STORAGE       0.00     0.00     0  00:00           0           0       0.000 gal
  F10137               STORAGE       0.00     0.00     0  00:00           0           0       0.000 gal
  F12037               STORAGE       0.00     0.00     0  00:00           0           0       0.000 gal
  F12322               STORAGE       0.00     0.00     0  00:00           0           0       0.000 gal
  F12502               STORAGE       0.00     0.00     0  00:00           0           0       0.000 gal
  F12545               STORAGE       0.00     0.00     0  00:00           0           0       0.000 gal
  F12563               STORAGE       0.00     0.00     0  00:00           0           0       0.000 gal
  F12565               STORAGE       0.00     0.00     0  00:00           0           0       0.000 gal
  F12587               STORAGE       0.00     0.00     0  00:00           0           0       0.000 gal
  F13092               STORAGE       0.00     0.00     0  00:00           0           0       0.000 gal
  F13243               STORAGE       0.00     0.11     0  05:34           0      0.0636       1.293
  F13247               STORAGE       0.00     0.10     0  00:39           0      0.0639       0.535
  F13266               STORAGE       0.00     0.00     0  00:00           0           0       0.000 gal
  S2-8                 STORAGE       0.00     0.00     0  00:00           0           0       0.000 gal
  F13303               STORAGE       0.00     0.00     0  00:00           0           0       0.000 gal
  F13354               STORAGE       0.00     0.00     0  00:00           0           0       0.000 gal
  F13383               STORAGE       0.00     0.00     0  00:00           0           0       0.000 gal
  F13392               STORAGE       0.00     0.00     0  00:00           0           0       0.000 gal
  S2-5                 STORAGE       0.00     0.00     0  00:00           0           0       0.000 gal
  S2-3                 STORAGE       0.00     0.00     0  00:00           0           0       0.000 gal
  E14081               STORAGE       0.00     0.00     0  00:00           0           0       0.000 gal
  E09005               STORAGE       0.00     0.00     0  00:00           0           0       0.000 gal
  PE10045(F)           STORAGE       0.00     0.00     0  00:00           0           0       0.000 gal
  E10162               STORAGE       0.00     0.00     0  00:00           0           0       0.000 gal
  E10002(F)            STORAGE       0.00     0.00     0  00:00           0           0       0.000 gal
  E10005(F)            STORAGE       0.00     0.00     0  00:00           0           0       0.000 gal
  S2-24                STORAGE       0.00     0.00     0  00:00           0           0       0.000 gal
  E12182(F)            STORAGE       0.00     0.00     0  00:00           0           0       0.000 gal
  E12099(F)            STORAGE       0.00     0.00     0  00:00           0           0       0.000 gal
  E13001(F)            STORAGE       0.00     0.00     0  00:00           0           0       0.000 gal
  J42                  STORAGE       0.00     0.00     0  00:00           0           0       0.000 gal
  S42                  STORAGE       0.00     0.00     0  00:00           0           0       0.000 gal
  J58                  STORAGE       0.00     0.07     0  20:10           0      0.0081    3742.246
  S58                  STORAGE       0.00     0.00     0  00:00           0           0       0.000 gal
  J57                  STORAGE       0.00     0.00     0  00:00           0           0       0.000 gal
  S57                  STORAGE       0.00     0.00     0  00:00           0           0       0.000 gal
  S2                   STORAGE       0.00     0.00     0  00:00           0           0       0.000 gal
  J37                  STORAGE       0.00     0.00     0  00:00           0           0       0.000 gal
  S37                  STORAGE       0.00     0.00     0  00:00           0           0       0.000 gal
  J38                  STORAGE       0.00     0.00     0  00:00           0           0       0.000 gal
  S38                  STORAGE       0.00     0.00     0  00:00           0           0       0.000 gal
  J84                  STORAGE       0.00     0.00     0  00:00           0           0       0.000 gal
  S84                  STORAGE       0.00     0.00     0  00:00           0           0       0.000 gal
  J48                  STORAGE       0.00     0.00     0  00:00           0           0       0.000 gal
  S48                  STORAGE       0.00     0.00     0  00:00           0           0       0.000 gal
  J21                  STORAGE       0.00     0.00     0  00:00           0           0       0.000 gal
  S21                  STORAGE       0.00     0.00     0  00:00           0           0       0.000 gal
  S5                   STORAGE       0.00     0.05     0  12:58           0      0.0308      -0.000
  S52                  STORAGE       0.00     0.00     0  00:00           0           0       0.000 gal
  J44a                 STORAGE       0.00     0.00     0  00:00           0           0       0.000 gal
  S44                  STORAGE       0.00     0.00     0  00:00           0           0       0.000 gal
  J51                  STORAGE       0.00     0.00     0  00:00           0           0       0.000 gal
  S51                  STORAGE       0.00     0.00     0  00:00           0           0       0.000 gal
  J46                  STORAGE       0.00     0.00     0  00:00           0           0       0.000 gal
  S46                  STORAGE       0.00     0.00     0  00:00           0           0       0.000 gal
  J49                  STORAGE       0.00     0.00     0  00:00           0           0       0.000 gal
  S49                  STORAGE       0.00     0.00     0  00:00           0           0       0.000 gal
  J47                  STORAGE       0.00     0.00     0  00:00           0           0       0.000 gal
  S47                  STORAGE       0.00     0.00     0  00:00           0           0       0.000 gal
  J35                  STORAGE       0.00     0.00     0  00:00           0           0       0.000 gal
  S35                  STORAGE       0.00     0.00     0  00:00           0           0       0.000 gal
  J29                  STORAGE       0.00     0.00     0  00:00           0           0       0.000 gal
  S29                  STORAGE       0.00     0.00     0  00:00           0           0       0.000 gal
  S62                  STORAGE       0.00     1.00     0  16:15           0       0.582       0.000
  S41                  STORAGE       0.00     0.00     0  00:00           0           0       0.000 gal
  J141                 STORAGE       0.00     0.40     0  00:00           0       0.259       0.053
  S141                 STORAGE       0.40     0.40     0  00:00       0.259       0.259       0.000
  E09117               STORAGE       0.00     0.00     0  00:00           0           0       0.000 gal
  E09099               STORAGE       0.00     0.00     0  00:00           0           0       0.000 gal
  E09242               STORAGE       0.00     0.00     0  00:00           0           0       0.000 gal
  E09245               STORAGE       0.00     0.00     0  00:00           0           0       0.000 gal
  E09036               STORAGE       0.00     0.00     0  00:00           0           0       0.000 gal
  E10089               STORAGE       0.00     0.00     0  00:00           0           0       0.000 gal
  G11260               STORAGE       0.00     0.00     0  00:00           0           0       0.000 gal
  J41                  STORAGE       0.00     0.00     0  00:00           0           0       0.000 gal
  S6                   STORAGE       0.00     0.00     0  00:00           0           0       0.000 gal
  D13025               STORAGE       0.00     0.00     0  00:00           0           0       0.000 gal
  F09020               STORAGE       0.00     0.00     0  00:00           0           0       0.000 gal
  JEQ048               STORAGE       0.00     0.00     0  00:00           0           0       0.000 gal
  JEQ006               STORAGE       0.00     0.00     0  00:00           0           0       0.000 gal
  J2001                STORAGE       0.00     0.00     0  00:00           0           0       0.000 gal
  S2-33                STORAGE       0.00     0.00     0  00:00           0           0       0.000 gal
  S2-20                STORAGE       0.00     0.00     0  00:00           0           0       0.000 gal
  S2-25                STORAGE       0.00     0.00     0  00:00           0           0       0.000 gal
  S2-19                STORAGE       0.00     0.00     0  00:00           0           0       0.000 gal
  S2-23                STORAGE       0.00     0.00     0  00:00           0           0       0.000 gal
  S2-22                STORAGE       0.00     0.00     0  00:00           0           0       0.000 gal
  S2-21                STORAGE       0.00     0.00     0  00:00           0           0       0.000 gal
  S2-18                STORAGE       0.00     0.00     0  00:00           0           0       0.000 gal
  S2-17                STORAGE       0.00     0.00     0  00:00           0           0       0.000 gal
  S2-16                STORAGE       0.00     0.00     0  00:00           0           0       0.000 gal
  S2-15                STORAGE       0.00     0.00     0  00:00           0           0       0.000 gal
  S2-12                STORAGE       0.00     0.00     0  00:00           0           0       0.000 gal
  S2-13                STORAGE       0.00     0.00     0  00:00           0           0       0.000 gal
  S2-10                STORAGE       0.00     0.00     0  00:00           0           0       0.000 gal
  S2-11                STORAGE       0.00     0.05     0  08:09           0      0.0102       2.671
  S2-9                 STORAGE       0.00     0.04     0  01:16           0     0.00565       3.405
  S2-6                 STORAGE       0.00     0.00     0  00:00           0           0       0.000 gal
  S2-2                 STORAGE       0.00     0.00     0  00:00           0           0       0.000 gal
  S2-4                 STORAGE       0.00     0.00     0  00:00           0           0       0.000 gal
  F09204               STORAGE       0.00     0.38     0  01:46           0      0.0224   23801.650
  S2-14                STORAGE       0.00     0.00     0  00:00           0           0       0.000 gal
  H13189               STORAGE       0.00     0.00     0  00:00           0           0       0.000 gal
  J86                  STORAGE       0.00     0.00     0  00:00           0           0       0.000 gal
  S86                  STORAGE       0.00     0.00     0  00:00           0           0       0.000 gal
  J103                 STORAGE       0.00     0.00     0  00:00           0           0       0.000 gal
  S103                 STORAGE       0.00     0.00     0  00:00           0           0       0.000 gal
  S104                 STORAGE       0.00     0.00     0  00:00           0           0       0.000 gal
  J18                  STORAGE       0.00     0.03     0  01:39           0     0.00108      39.777
  S18                  STORAGE       0.00     0.00     0  00:00           0           0       0.000 gal
  S115                 STORAGE       0.00     0.00     0  00:00           0           0       0.000 gal
  J1017                STORAGE       0.00     0.00     0  00:00           0           0       0.000 gal
  S17                  STORAGE       0.00     0.00     0  00:00           0           0       0.000 gal
  J107                 STORAGE       0.00     0.00     0  00:00           0           0       0.000 gal
  S107                 STORAGE       0.00     0.00     0  00:00           0           0       0.000 gal
  J191                 STORAGE       0.00     0.00     0  00:00           0           0       0.000 gal
  S191                 STORAGE       0.00     0.00     0  00:00           0           0       0.000 gal
  J104                 STORAGE       0.00     0.00     0  00:00           0           0       0.000 gal
  S101                 STORAGE       0.00     0.00     0  00:00           0           0       0.000 gal
  J13001               STORAGE       0.00     0.70     0  02:35           0       0.446       0.295
  J13009               STORAGE       0.00     0.00     0  00:00           0           0       0.000 gal
  J13022               STORAGE       0.00     0.84     0  00:18           0       0.451       0.967
  J13029               STORAGE       0.70     0.70     0  00:00       0.452       0.452       0.347
  J13194               STORAGE       0.00     0.00     0  00:00           0           0       0.000 gal
  J14125               STORAGE       0.00     0.00     0  00:00           0           0       0.000 gal
  J14295               STORAGE       0.00     0.00     0  00:00           0           0       0.000 gal
  J14345               STORAGE       0.00     0.00     0  00:00           0           0       0.000 gal
  K13021               STORAGE       0.00     0.00     0  00:00           0           0       0.000 gal
  K13028               STORAGE       0.00     0.00     0  00:00           0           0       0.000 gal
  K13031               STORAGE       0.00     0.00     0  00:00           0           0       0.000 gal
  K14002               STORAGE       0.00     0.00     0  00:00           0           0       0.000 gal
  K14005               STORAGE       0.00     0.00     0  00:00           0           0       0.000 gal
  K14018               STORAGE       0.00     0.00     0  00:00           0           0       0.000 gal
  S176                 STORAGE       0.00     0.00     0  00:00           0           0       0.000 gal
  J5100                STORAGE       0.00     0.00     0  00:00           0           0       0.000 gal
  S106                 STORAGE       0.00     0.00     0  00:00           0           0       0.000 gal
  J106                 STORAGE       0.00     0.09     0  01:25           0     0.00449     311.865
  J2190                STORAGE       0.00     0.00     0  00:00           0           0       0.000 gal
  S112                 STORAGE       0.00     0.00     0  00:00           0           0       0.000 gal
  J2112                STORAGE       0.00     0.00     0  00:00           0           0       0.000 gal
  J74                  STORAGE       0.00     0.00     0  00:00           0           0       0.000 gal
  S74                  STORAGE       0.00     0.00     0  00:00           0           0       0.000 gal
  J79                  STORAGE       0.00     0.00     0  00:00           0           0       0.000 gal
  S79                  STORAGE       0.00     0.00     0  00:00           0           0       0.000 gal
  J1117                STORAGE       0.00     0.00     0  00:00           0           0       0.000 gal
  S117                 STORAGE       0.00     0.70     0  02:40           0       0.445       0.000
  J102                 STORAGE       0.00     0.00     0  00:00           0           0       0.000 gal
  S102                 STORAGE       0.00     0.00     0  00:00           0           0       0.000 gal
  S167                 STORAGE       0.00     0.00     0  00:00           0           0       0.000 gal
  J167                 STORAGE       0.00     0.00     0  00:00           0           0       0.000 gal
  J2074                STORAGE       0.00     0.00     0  00:00           0           0       0.000 gal
  J13153               STORAGE       0.00     0.00     0  00:00           0           0       0.000 gal
  J13134               STORAGE       0.00     0.00     0  00:00           0           0       0.000 gal
  J101                 STORAGE       0.00     0.62     0  00:06           0      0.0012      15.430
  F14013               STORAGE       0.00     0.00     0  00:00           0           0       0.000 gal
  G14291               STORAGE       0.00     0.00     0  00:00           0           0       0.000 gal
  G14295               STORAGE       0.00     0.00     0  00:00           0           0       0.000 gal
  G14400               STORAGE       0.00     0.00     0  00:00           0           0       0.000 gal
  G14426               STORAGE       0.00     0.00     0  00:00           0           0       0.000 gal
  G14427               STORAGE       0.00     0.00     0  00:00           0           0       0.000 gal
  G14429               STORAGE       0.00     0.00     0  00:00           0           0       0.000 gal
  G14440               STORAGE       0.00     0.00     0  00:00           0           0       0.000 gal
  G14447(F)            STORAGE       0.00     0.00     0  00:00           0           0       0.000 gal
  G14453(F)            STORAGE       0.00     0.00     0  00:00           0           0       0.000 gal
  G14461               STORAGE       0.00     0.00     0  00:00           0           0       0.000 gal
  G14551               STORAGE       0.00     0.00     0  00:00           0           0       0.000 gal
  G14557               STORAGE       0.00     0.00     0  00:00           0           0       0.000 gal
  H14800               STORAGE       0.00     0.00     0  00:00           0           0       0.000 gal
  F14011(F)            STORAGE       0.00     0.00     0  00:00           0           0       0.000 gal
  G14318(F)            STORAGE       0.00     0.00     0  00:00           0           0       0.000 gal
  G14415(F)            STORAGE       0.00     0.00     0  00:00           0           0       0.000 gal
  G14493(F)            STORAGE       0.00     0.00     0  00:00           0           0       0.000 gal
  J1078                STORAGE       0.00     0.00     0  00:00           0           0       0.000 gal
  S78                  STORAGE       0.00     0.00     0  00:00           0           0       0.000 gal
  J69                  STORAGE       0.00     0.00     0  00:00           0           0       0.000 gal
  S69                  STORAGE       0.00     0.00     0  00:00           0           0       0.000 gal
  J1010                STORAGE       0.00     0.00     0  00:00           0           0       0.000 gal
  S10                  STORAGE       0.00     0.00     0  00:00           0           0       0.000 gal
  H14022               STORAGE       0.00     0.00     0  00:00           0           0       0.000 gal
  S71                  STORAGE       0.00     0.00     0  00:00           0           0       0.000 gal
  J20                  STORAGE       0.00     0.00     0  00:00           0           0       0.000 gal
  S20                  STORAGE       0.00     0.00     0  00:00           0           0       0.000 gal
  J63                  STORAGE       0.00     0.00     0  00:00           0           0       0.000 gal
  S63                  STORAGE       0.00     0.00     0  00:00           0           0       0.000 gal
  S55                  STORAGE       0.00     0.00     0  00:00           0           0       0.000 gal
  H13012               STORAGE       0.00     0.00     0  00:00           0           0       0.000 gal
  H13009               STORAGE       0.00     0.00     0  00:00           0           0       0.000 gal
  J2020                STORAGE       0.00     0.00     0  00:00           0           0       0.000 gal
  H14784               STORAGE       0.00     0.00     0  00:00           0           0       0.000 gal
  H14789               STORAGE       0.00     0.00     0  00:00           0           0       0.000 gal
  H14795               STORAGE       0.00     0.00     0  00:00           0           0       0.000 gal
  J78                  STORAGE       0.00     0.00     0  00:00           0           0       0.000 gal
  S100                 STORAGE       0.50     0.50     0  00:00       0.323       0.323       0.000
  J100                 STORAGE       0.00     0.50     0  00:00           0       0.323       4.008
  S171                 STORAGE       0.00     0.00     0  00:00           0           0       0.000 gal
  J1171-60             STORAGE       0.00     0.00     0  00:00           0           0       0.000 gal
  S56                  STORAGE       0.00     0.00     0  00:00           0           0       0.000 gal
  J56                  STORAGE       0.00     0.00     0  00:00           0           0       0.000 gal
  J82                  STORAGE       0.00     0.00     0  00:00           0           0       0.000 gal
  S82                  STORAGE       0.00     0.00     0  00:00           0           0       0.000 gal
  J83                  STORAGE       0.00     0.00     0  00:00           0           0       0.000 gal
  S83                  STORAGE       0.00     0.00     0  00:00           0           0       0.000 gal
  S81                  STORAGE       0.00     0.00     0  00:00           0           0       0.000 gal
  S80                  STORAGE       0.00     0.00     0  00:00           0           0       0.000 gal
  J70                  STORAGE       0.00     0.00     0  00:00           0           0       0.000 gal
  S70                  STORAGE       0.00     0.00     0  00:00           0           0       0.000 gal
  J81                  STORAGE       0.00     0.00     0  00:00           0           0       0.000 gal
  J13023               STORAGE       0.00     0.00     0  00:00           0           0       0.000 gal
  J13052               STORAGE       0.00     0.00     0  00:00           0           0       0.000 gal
  J13025               STORAGE       0.00     0.00     0  00:00           0           0       0.000 gal
  J13034               STORAGE       0.00     0.00     0  00:00           0           0       0.000 gal
  J13029.1             STORAGE       0.00     0.00     0  00:00           0           0       0.000 gal
  J13027               STORAGE       0.00     0.00     0  00:00           0           0       0.000 gal
  J13024               STORAGE       0.00     0.00     0  00:00           0           0       0.000 gal
  J13033               STORAGE       0.00     0.00     0  00:00           0           0       0.000 gal
  J80                  STORAGE       0.00     0.00     0  00:00           0           0       0.000 gal
  J77                  STORAGE       0.00     0.00     0  00:00           0           0       0.000 gal
  S77                  STORAGE       0.00     0.00     0  00:00           0           0       0.000 gal
  J1170                STORAGE       0.00     0.26     0  00:42           0       0.153     177.942
  S170                 STORAGE       0.00     0.00     0  00:00           0           0       0.000 gal
  M-29                 STORAGE       0.00     0.00     0  00:00           0           0       0.000 gal
  J14025               STORAGE       0.00     0.00     0  00:00           0           0       0.000 gal
  M19002               STORAGE       0.00     0.00     0  00:00           0           0       0.000 gal
  M19137               STORAGE       0.00     0.00     0  23:47           0    0.000259    1656.373
  M19138               STORAGE       0.00     0.01     0  03:59           0     0.00173     388.775
  M19140               STORAGE       0.00     0.02     0  04:33           0     0.00407     124.903
  M18162               STORAGE       0.00     0.02     0  04:28           0     0.00992     112.410
  M18184               STORAGE       0.00     0.01     0  07:55           0      0.0036       1.823
  M18192               STORAGE       0.00     0.01     0  05:44           0     0.00427       4.937
  S181                 STORAGE       0.00     0.00     0  00:00           0           0       0.000 gal
  J181                 STORAGE       0.00     0.01     0  04:59           0     0.00794    1034.957
  M18173               STORAGE       0.00     0.03     0  08:17           0      0.0156      56.420
  S179                 STORAGE       0.00     0.00     0  00:00           0           0       0.000 gal
  J180                 STORAGE       0.00     0.00     0  00:00           0           0       0.000 gal
  M19063               STORAGE       0.00     0.00     0  00:00           0           0       0.000 gal
  S180                 STORAGE       0.00     0.00     0  00:00           0           0       0.000 gal
  J179                 STORAGE       0.00     0.00     0  00:00           0           0       0.000 gal
  M19004               STORAGE       0.00     0.00     0  00:00           0           0       0.000 gal
  M19046               STORAGE       0.00     0.00     0  00:00           0           0       0.000 gal
  M19001               STORAGE       0.00     0.00     0  00:00           0           0       0.000 gal
  M19039               STORAGE       0.00     0.00     0  00:00           0           0       0.000 gal
  S582                 STORAGE       0.00     0.00     0  00:00           0           0       0.000 gal
  J582                 STORAGE       0.00     0.02     0  01:57           0      0.0113       6.508
  MH18166              STORAGE       0.00     0.00     0  03:01           0     0.00166    1310.308
  M18178               STORAGE       0.02     0.02     0  00:00      0.0129      0.0129       1.839
  F13406               STORAGE       0.10     0.10     0  00:00      0.0646      0.0646       0.017
  F13405               STORAGE       0.00     0.10     0  00:04           0      0.0645       0.656
  S1-50                STORAGE       0.00     0.00     0  00:00           0           0       0.000 gal
  S1-48                STORAGE       0.00     0.00     0  00:00           0           0       0.000 gal
  S1-47                STORAGE       0.00     0.00     0  00:00           0           0       0.000 gal
  S1-38                STORAGE       0.00     0.00     0  00:00           0           0       0.000 gal
  S1-46                STORAGE       0.00     0.00     0  00:00           0           0       0.000 gal
  S1-45                STORAGE       0.00     0.00     0  00:00           0           0       0.000 gal
  S1-44                STORAGE       0.00     0.00     0  00:00           0           0       0.000 gal
  S1-42                STORAGE       0.00     0.00     0  00:00           0           0       0.000 gal
  S1-41                STORAGE       0.00     0.00     0  00:00           0           0       0.000 gal
  S1-40                STORAGE       0.00     0.00     0  00:00           0           0       0.000 gal
  S1-39                STORAGE       0.00     0.00     0  00:00           0           0       0.000 gal
  S1-37                STORAGE       0.00     0.00     0  00:00           0           0       0.000 gal
  S1-36                STORAGE       0.00     0.00     0  00:00           0           0       0.000 gal
  S1-35                STORAGE       0.00     0.00     0  00:00           0           0       0.000 gal
  S1-34                STORAGE       0.00     0.00     0  00:00           0           0       0.000 gal
  S1-33                STORAGE       0.00     0.00     0  00:00           0           0       0.000 gal
  S1-32                STORAGE       0.00     0.00     0  00:00           0           0       0.000 gal
  S1-31                STORAGE       0.00     0.00     0  00:00           0           0       0.000 gal
  S1-29                STORAGE       0.00     0.00     0  00:00           0           0       0.000 gal
  S1-30                STORAGE       0.00     0.00     0  00:00           0           0       0.000 gal
  S1-28                STORAGE       0.00     0.00     0  00:00           0           0       0.000 gal
  S1-27                STORAGE       0.00     0.00     0  00:00           0           0       0.000 gal
  S1-24                STORAGE       0.00     0.00     0  00:00           0           0       0.000 gal
  S1-26                STORAGE       0.00     0.00     0  00:00           0           0       0.000 gal
  S1-23                STORAGE       0.00     0.00     0  00:00           0           0       0.000 gal
  S1-21                STORAGE       0.00     0.00     0  00:00           0           0       0.000 gal
  S1-20                STORAGE       0.00     0.00     0  00:00           0           0       0.000 gal
  S1-16                STORAGE       0.00     0.00     0  00:00           0           0       0.000 gal
  S1-10                STORAGE       0.00     0.00     0  00:00           0           0       0.000 gal
  S1-8                 STORAGE       0.00     0.00     0  00:00           0           0       0.000 gal
  S1-3                 STORAGE       0.00     0.00     0  00:00           0           0       0.000 gal
  S1-2                 STORAGE       0.00     0.00     0  00:00           0           0       0.000 gal
  S1-1                 STORAGE       0.00     0.00     0  00:00           0           0       0.000 gal
  S1-4                 STORAGE       0.00     0.25     0  11:51           0     0.00363       4.273
  F14071               STORAGE       0.00     0.00     0  00:00           0           0       0.000 gal
  S1-49                STORAGE       0.00     0.00     0  00:00           0           0       0.000 gal
  S1-7                 STORAGE       0.00     0.00     0  00:00           0           0       0.000 gal
  S1-F2                STORAGE       0.00     0.00     0  00:00           0           0       0.000 gal
  J65                  STORAGE       0.00     0.00     0  00:00           0           0       0.000 gal
  J112                 STORAGE       0.00     0.00     0  00:00           0           0       0.000 gal
  J170                 STORAGE       0.00     0.17     1  00:00           0      0.0545       0.541
  J171                 STORAGE       0.00     0.00     0  00:00           0           0       0.000 gal
  J176                 STORAGE       0.00     0.00     0  00:00           0           0       0.000 gal
  J152                 STORAGE       0.00     0.00     0  00:00           0           0       0.000 gal
  J190                 STORAGE       0.00     1.00     0  00:00           0       0.646       0.204
  V2                   STORAGE       0.00     0.00     0  00:00           0           0       0.000 gal
  J5001                STORAGE       0.00     0.00     0  00:00           0           0       0.000 gal
  N-INLET              STORAGE       0.00     0.00     0  00:00           0           0       0.000 gal
  N-OUT                STORAGE       0.00     0.00     0  00:00           0           0       0.000 gal
  S-INLET              STORAGE       0.00     0.00     0  00:00           0           0       0.000 gal
  S-OUT                STORAGE       0.00     0.00     0  00:00           0           0       0.000 gal
  S190                 STORAGE       1.00     1.00     0  00:00       0.646       0.646       0.000
  J13675               STORAGE       0.00     0.00     0  00:00           0           0       0.000 gal
  J71                  STORAGE       0.00     0.00     0  00:00           0           0       0.000 gal
  J115                 STORAGE       0.00     0.00     0  00:00           0           0       0.000 gal
  V1                   STORAGE       0.00     0.00     0  00:00           0           0       0.000 gal
  S200                 STORAGE       0.00     0.00     0  00:00           0           0       0.000 gal
  J200                 STORAGE       0.00     0.00     0  00:00           0           0       0.000 gal
  L14034               STORAGE       0.00     0.00     0  00:00           0           0       0.000 gal
  J1002                STORAGE       0.00     0.00     0  00:00           0           0       0.000 gal
  J2                   STORAGE       0.00     0.00     0  00:00           0           0       0.000 gal
  J2.5                 STORAGE       0.00     0.00     0  00:00           0           0       0.000 gal
  J2.3                 STORAGE       0.00     0.00     0  00:00           0           0       0.000 gal
  J2.1                 STORAGE       0.00     0.00     0  00:00           0           0       0.000 gal
  J55                  STORAGE       0.00     0.00     0  00:00           0           0       0.000 gal
  G14320               STORAGE       0.00     0.00     0  00:00           0           0       0.000 gal
  J50                  STORAGE       0.00     0.00     0  00:00           0           0       0.000 gal
  J17352               STORAGE       0.00     0.00     0  00:00           0           0       0.000 gal
  J1009                STORAGE       0.00     0.00     0  00:00           0           0       0.000 gal
  J117                 STORAGE       0.00     0.70     0  02:40           0       0.445       0.045
  J267                 STORAGE       0.00     0.00     0  00:00           0           0       0.000 gal
  S53                  STORAGE       0.00     0.00     0  00:00           0           0       0.000 gal
  J53                  STORAGE       0.00     0.00     0  00:00           0           0       0.000 gal
  JPVT53               STORAGE       0.00     0.00     0  00:00           0           0       0.000 gal
  J253                 STORAGE       0.00     0.00     0  00:00           0           0       0.000 gal
  J17                  STORAGE       0.00     0.00     0  00:00           0           0       0.000 gal
  J52                  STORAGE       0.00     0.00     0  00:00           0           0       0.000 gal
  J44                  STORAGE       0.00     0.00     0  00:00           0           0       0.000 gal
  J4                   STORAGE       0.00     0.00     0  00:00           0           0       0.000 gal
  J5                   STORAGE       0.00     0.05     0  12:58           0      0.0308       0.627
  J6                   STORAGE       0.00     0.00     0  00:00           0           0       0.000 gal
  J7                   STORAGE       0.00     0.00     0  00:00           0           0       0.000 gal
  J8                   STORAGE       0.00     0.00     0  00:00           0           0       0.000 gal
  J9                   STORAGE       0.00     0.00     0  00:00           0           0       0.000 gal
  J10                  STORAGE       0.00     0.00     0  00:00           0           0       0.000 gal
  J11                  STORAGE       0.00     1.00     0  10:45           0       0.484       0.041
  J16                  STORAGE       0.00     0.00     0  00:00           0           0       0.000 gal
  J1018                STORAGE       0.00     0.04     0  01:52           0     0.00292      16.933
  J1085                STORAGE       0.00     0.00     0  00:00           0           0       0.000 gal
  J1029                STORAGE       0.00     0.00     0  00:00           0           0       0.000 gal
  J1032                STORAGE       0.00     0.00     0  00:00           0           0       0.000 gal
  J1033                STORAGE       0.00     0.00     0  00:00           0           0       0.000 gal
  J1034                STORAGE       0.00     0.00     0  00:00           0           0       0.000 gal
  J1035                STORAGE       0.00     0.00     0  00:00           0           0       0.000 gal
  J1037                STORAGE       0.00     0.00     0  00:00           0           0       0.000 gal
  J1038                STORAGE       0.00     0.00     0  00:00           0           0       0.000 gal
  J1041                STORAGE       0.00     0.00     0  00:00           0           0       0.000 gal
  J1042                STORAGE       0.00     0.00     0  00:00           0           0       0.000 gal
  J1045                STORAGE       0.00     0.00     0  00:00           0           0       0.000 gal
  J1046                STORAGE       0.00     0.00     0  00:00           0           0       0.000 gal
  J1047                STORAGE       0.00     0.00     0  00:00           0           0       0.000 gal
  J1054                STORAGE       0.00     0.00     0  00:00           0           0       0.000 gal
  J1060                STORAGE       0.00     0.00     0  00:00           0           0       0.000 gal
  J1061                STORAGE       0.00     0.00     0  00:00           0           0       0.000 gal
  J62                  STORAGE       0.00     1.00     0  16:15           0       0.582       0.035
  J1063                STORAGE       0.00     0.00     0  00:00           0           0       0.000 gal
  J1064                STORAGE       0.00     0.00     0  00:00           0           0       0.000 gal
  J1066                STORAGE       0.00     0.00     0  00:00           0           0       0.000 gal
  1541                 STORAGE       0.00     0.00     0  00:00           0           0       0.000 gal
  J1072                STORAGE       0.00     0.00     0  00:00           0           0       0.000 gal
  J1075                STORAGE       0.00     0.00     0  00:00           0           0       0.000 gal
  J1076                STORAGE       0.00     0.00     0  00:00           0           0       0.000 gal
  J1077                STORAGE       0.00     0.00     0  00:00           0           0       0.000 gal
  J1080                STORAGE       0.00     0.00     0  00:00           0           0       0.000 gal
  J1081                STORAGE       0.00     0.00     0  00:00           0           0       0.000 gal
  J1082                STORAGE       0.00     0.00     0  00:00           0           0       0.000 gal
  J1083                STORAGE       0.00     0.00     0  00:00           0           0       0.000 gal
  J1084                STORAGE       0.00     0.00     0  00:00           0           0       0.000 gal
  J1101                STORAGE       0.00     0.68     0  00:07           0     0.00327      15.465
  J1104                STORAGE       0.00     0.00     0  00:00           0           0       0.000 gal
  J1130                STORAGE       0.00     0.00     0  00:00           0           0       0.000 gal
  J1132                STORAGE       0.00     0.00     0  00:00           0           0       0.000 gal
  J1133                STORAGE       0.00     0.00     0  00:00           0           0       0.000 gal
  J1134                STORAGE       0.00     0.00     0  00:00           0           0       0.000 gal
  J1135                STORAGE       0.00     0.00     0  00:00           0           0       0.000 gal
  J1136                STORAGE       0.00     0.00     0  00:00           0           0       0.000 gal
  J1137                STORAGE       0.00     0.00     0  00:00           0           0       0.000 gal
  J1138                STORAGE       0.00     0.00     0  00:00           0           0       0.000 gal
  J152a                STORAGE       0.00     0.00     0  00:00           0           0       0.000 gal
  1642                 STORAGE       0.00     0.00     0  00:00           0           0       0.000 gal
  J1191                STORAGE       0.00     0.00     0  00:00           0           0       0.000 gal
  J1200                STORAGE       0.00     0.00     0  00:00           0           0       0.000 gal
  J14460               STORAGE       1.00     1.00     0  00:00       0.646       0.646      -0.004
  temp1                STORAGE       0.00     0.00     0  00:00           0           0       0.000 gal
  S164                 STORAGE       0.00     0.00     0  00:00           0           0       0.000 gal
  1702                 STORAGE       0.00     0.00     0  00:00           0           0       0.000 gal
  J15151               STORAGE       0.00     0.00     0  00:00           0           0       0.000 gal
  J1167                STORAGE       0.00     0.00     0  00:00           0           0       0.000 gal
  J1146                STORAGE       0.00     0.00     0  00:00           0           0       0.000 gal
  CGS001               STORAGE       0.00     0.00     0  00:00           0           0       0.000 gal
  CGJ001               STORAGE       0.00     0.00     0  00:00           0           0       0.000 gal
  CGMH1001             STORAGE       0.00     0.00     0  00:00           0           0       0.000 gal
  CGMH2001             STORAGE       0.00     0.00     0  00:00           0           0       0.000 gal
  CGJ002               STORAGE       0.00     0.00     0  00:00           0           0       0.000 gal
  CGJ1002              STORAGE       0.00     0.00     0  00:00           0           0       0.000 gal
  CGS006               STORAGE       0.00     0.00     0  00:00           0           0       0.000 gal
  CGJ006               STORAGE       0.00     0.00     0  00:00           0           0       0.000 gal
  CGJ1005              STORAGE       0.00     0.00     0  00:00           0           0       0.000 gal
  CGJ2003              STORAGE       0.00     0.00     0  00:00           0           0       0.000 gal
  CGJ005               STORAGE       0.00     0.00     0  00:00           0           0       0.000 gal
  CGS005               STORAGE       0.00     0.00     0  00:00           0           0       0.000 gal
  CGJ003               STORAGE       0.00     0.00     0  00:00           0           0       0.000 gal
  CGS003               STORAGE       0.00     0.00     0  00:00           0           0       0.000 gal
  CGJ1003              STORAGE       0.00     0.00     0  00:00           0           0       0.000 gal
  CGJ004               STORAGE       0.00     0.00     0  00:00           0           0       0.000 gal
  CGS004               STORAGE       0.00     0.00     0  00:00           0           0       0.000 gal
  CGJ2008              STORAGE       0.50     0.50     0  00:00       0.323       0.323       0.290
  CGJ1008              STORAGE       0.00     0.00     0  00:00           0           0       0.000 gal
  CGS008               STORAGE       0.00     0.00     0  00:00           0           0       0.000 gal
  CGJ008               STORAGE       0.00     0.00     0  00:00           0           0       0.000 gal
  CGJ1007              STORAGE       0.00     0.00     0  00:00           0           0       0.000 gal
  CGS007               STORAGE       0.00     0.00     0  00:00           0           0       0.000 gal
  CGJ007               STORAGE       0.00     0.00     0  00:00           0           0       0.000 gal
  CGJ1009              STORAGE       0.00     0.00     0  00:00           0           0       0.000 gal
  CGJ009               STORAGE       0.00     0.00     0  00:00           0           0       0.000 gal
  CGS009               STORAGE       0.00     0.00     0  00:00           0           0       0.000 gal
  CGMH2015             STORAGE       0.00     0.00     0  00:00           0           0       0.000 gal
  CGMH1015             STORAGE       0.00     0.00     0  00:00           0           0       0.000 gal
  CGMH2011             STORAGE       0.00     0.00     0  00:00           0           0       0.000 gal
  CGMH1011             STORAGE       0.00     0.00     0  00:00           0           0       0.000 gal
  CGMH1013             STORAGE       0.00     0.00     0  00:00           0           0       0.000 gal
  CGJ013               STORAGE       0.00     0.00     0  00:00           0           0       0.000 gal
  CGS013               STORAGE       0.00     0.00     0  00:00           0           0       0.000 gal
  CGMH1014             STORAGE       0.00     0.00     0  00:00           0           0       0.000 gal
  CGJ014               STORAGE       0.00     0.00     0  00:00           0           0       0.000 gal
  CGJ011               STORAGE       0.00     0.00     0  00:00           0           0       0.000 gal
  CGS011               STORAGE       0.00     0.00     0  00:00           0           0       0.000 gal
  CGMH2010             STORAGE       0.00     0.00     0  00:00           0           0       0.000 gal
  CGMH1012             STORAGE       0.00     0.00     0  00:00           0           0       0.000 gal
  CGMH1010             STORAGE       0.00     0.00     0  00:00           0           0       0.000 gal
  CGJ010               STORAGE       0.00     0.00     0  00:00           0           0       0.000 gal
  CGS010               STORAGE       0.00     0.00     0  00:00           0           0       0.000 gal
  CGJ012               STORAGE       0.00     0.00     0  00:00           0           0       0.000 gal
  CGS012               STORAGE       0.00     0.00     0  00:00           0           0       0.000 gal
  CGMH2018             STORAGE       0.00     0.00     0  00:00           0           0       0.000 gal
  CGMH1018             STORAGE       0.00     0.00     0  00:00           0           0       0.000 gal
  CGMH1021             STORAGE       0.00     0.00     0  00:00           0           0       0.000 gal
  CGMH1023             STORAGE       0.00     0.00     0  00:00           0           0       0.000 gal
  CGJ023               STORAGE       0.00     0.00     0  00:00           0           0       0.000 gal
  CGS023               STORAGE       0.00     0.00     0  00:00           0           0       0.000 gal
  CGJ018               STORAGE       0.00     0.00     0  00:00           0           0       0.000 gal
  CGS018               STORAGE       0.00     0.00     0  00:00           0           0       0.000 gal
  CGMH1019             STORAGE       0.00     0.00     0  00:00           0           0       0.000 gal
  CGJ019               STORAGE       0.00     0.00     0  00:00           0           0       0.000 gal
  CGS019               STORAGE       0.00     0.00     0  00:00           0           0       0.000 gal
  CGS025               STORAGE       0.00     0.00     0  00:00           0           0       0.000 gal
  CGMH2024             STORAGE       0.00     0.00     0  00:00           0           0       0.000 gal
  CGMH1024             STORAGE       0.00     0.00     0  00:00           0           0       0.000 gal
  CGMH1026             STORAGE       0.00     0.00     0  00:00           0           0       0.000 gal
  CGJ024               STORAGE       0.00     0.00     0  00:00           0           0       0.000 gal
  CGS024               STORAGE       0.00     0.00     0  00:00           0           0       0.000 gal
  CGJ026               STORAGE       0.00     0.00     0  00:00           0           0       0.000 gal
  CGS026               STORAGE       0.00     0.00     0  00:00           0           0       0.000 gal
  CGJ027               STORAGE       0.00     0.00     0  00:00           0           0       0.000 gal
  CGS027               STORAGE       0.00     0.00     0  00:00           0           0       0.000 gal
  CGS016               STORAGE       0.00     0.00     0  00:00           0           0       0.000 gal
  CGJ016               STORAGE       0.00     0.00     0  00:00           0           0       0.000 gal
  CGMH1016             STORAGE       0.00     0.00     0  00:00           0           0       0.000 gal
  CGS017               STORAGE       0.00     0.00     0  00:00           0           0       0.000 gal
  CGMH1017             STORAGE       0.00     0.00     0  00:00           0           0       0.000 gal
  CGJ015               STORAGE       0.00     0.00     0  00:00           0           0       0.000 gal
  CGS034               STORAGE       0.00     0.00     0  00:00           0           0       0.000 gal
  CGJ034               STORAGE       0.00     0.00     0  00:00           0           0       0.000 gal
  CGJ1033              STORAGE       0.00     0.00     0  00:00           0           0       0.000 gal
  CGS033               STORAGE       0.00     0.00     0  00:00           0           0       0.000 gal
  CGJ033               STORAGE       0.00     0.00     0  00:00           0           0       0.000 gal
  CGMH2031             STORAGE       0.00     0.00     0  00:00           0           0       0.000 gal
  CGS036               STORAGE       0.00     0.00     0  00:00           0           0       0.000 gal
  CGJ036               STORAGE       0.00     0.00     0  00:00           0           0       0.000 gal
  CGMH1036             STORAGE       0.00     0.00     0  00:00           0           0       0.000 gal
  CGS031               STORAGE       0.00     0.00     0  00:00           0           0       0.000 gal
  CGJ031               STORAGE       0.00     0.00     0  00:00           0           0       0.000 gal
  CGMH1031             STORAGE       0.00     0.00     0  00:00           0           0       0.000 gal
  CGMH2030             STORAGE       0.00     0.00     0  00:00           0           0       0.000 gal
  CGS029               STORAGE       0.00     0.00     0  00:00           0           0       0.000 gal
  CGS030               STORAGE       0.00     0.00     0  00:00           0           0       0.000 gal
  CGJ030               STORAGE       0.00     0.00     0  00:00           0           0       0.000 gal
  CGMH1030             STORAGE       0.00     0.00     0  00:00           0           0       0.000 gal
  CGJ029               STORAGE       0.00     0.00     0  00:00           0           0       0.000 gal
  CGS028               STORAGE       0.00     0.00     0  00:00           0           0       0.000 gal
  CGJ028               STORAGE       0.00     0.00     0  00:00           0           0       0.000 gal
  CGS022               STORAGE       0.00     0.00     0  00:00           0           0       0.000 gal
  CGJ022               STORAGE       0.00     0.00     0  00:00           0           0       0.000 gal
  CGMH1022             STORAGE       0.00     0.00     0  00:00           0           0       0.000 gal
  CGJ021               STORAGE       0.00     0.00     0  00:00           0           0       0.000 gal
  CGMH2016             STORAGE       0.00     0.00     0  00:00           0           0       0.000 gal
  CGS002               STORAGE       0.00     0.00     0  00:00           0           0       0.000 gal
  CGJ017               STORAGE       0.00     0.00     0  00:00           0           0       0.000 gal
  CGS015               STORAGE       0.00     0.00     0  00:00           0           0       0.000 gal
  CGS014               STORAGE       0.00     0.00     0  00:00           0           0       0.000 gal
  CGS021               STORAGE       0.00     0.00     0  00:00           0           0       0.000 gal
  CGS020               STORAGE       0.00     0.00     0  00:00           0           0       0.000 gal
  CGMH3033             STORAGE       0.00     0.00     0  00:00           0           0       0.000 gal
  CGJ2033              STORAGE       0.00     0.00     0  00:00           0           0       0.000 gal
  CGMH4033             STORAGE       0.00     0.00     0  00:00           0           0       0.000 gal
  CGMH3001             STORAGE       0.00     0.00     0  00:00           0           0       0.000 gal
  CGJ2009              STORAGE       0.00     0.00     0  00:00           0           0       0.000 gal
  CGMH2026             STORAGE       0.00     0.00     0  00:00           0           0       0.000 gal
  CGJ3008              STORAGE       0.00     0.00     0  00:00           0           0       0.000 gal
  CGJ1015              STORAGE       0.00     0.00     0  00:00           0           0       0.000 gal
  CGJ1020              STORAGE       0.00     0.00     0  00:00           0           0       0.000 gal
  CGJ1025              STORAGE       0.00     0.00     0  00:00           0           0       0.000 gal
  CGJ3029              STORAGE       0.00     0.00     0  00:00           0           0       0.000 gal
  MSS006               STORAGE       0.00     0.00     0  00:00           0           0       0.000 gal
  MSJ006               STORAGE       0.00     0.00     0  00:00           0           0       0.000 gal
  MSMH071              STORAGE       0.00     0.00     0  00:00           0           0       0.000 gal
  MSS007               STORAGE       0.00     0.00     0  00:00           0           0       0.000 gal
  MSJ007               STORAGE       0.00     0.00     0  00:00           0           0       0.000 gal
  MSMH813A             STORAGE       0.00     0.00     0  00:00           0           0       0.000 gal
  MSS005               STORAGE       0.00     0.00     0  00:00           0           0       0.000 gal
  MSJ005               STORAGE       0.00     0.00     0  00:00           0           0       0.000 gal
  MSJ1004              STORAGE       0.00     0.00     0  00:00           0           0       0.000 gal
  MSMH514              STORAGE       0.00     0.00     0  00:00           0           0       0.000 gal
  MSS004               STORAGE       0.00     0.00     0  00:00           0           0       0.000 gal
  MSJ004               STORAGE       0.00     0.00     0  00:00           0           0       0.000 gal
  MSS003               STORAGE       0.00     0.00     0  00:00           0           0       0.000 gal
  MSJ003               STORAGE       0.00     0.00     0  00:00           0           0       0.000 gal
  MSMH088              STORAGE       0.00     0.00     0  00:00           0           0       0.000 gal
  MSS002               STORAGE       0.00     0.00     0  00:00           0           0       0.000 gal
  MSJ002               STORAGE       0.00     0.00     0  00:00           0           0       0.000 gal
  MSS001               STORAGE       0.00     0.00     0  00:00           0           0       0.000 gal
  MSJ001               STORAGE       0.00     0.00     0  00:00           0           0       0.000 gal
  MSJ2001              STORAGE       0.00     0.00     0  00:00           0           0       0.000 gal
  MSS009               STORAGE       0.00     0.00     0  00:00           0           0       0.000 gal
  MSJ009               STORAGE       0.00     0.00     0  00:00           0           0       0.000 gal
  MSS008               STORAGE       0.00     0.00     0  00:00           0           0       0.000 gal
  MSJ008               STORAGE       0.00     0.00     0  00:00           0           0       0.000 gal
  MSMH009              STORAGE       0.00     0.00     0  00:00           0           0       0.000 gal
  MSMH084              STORAGE       0.00     0.00     0  00:00           0           0       0.000 gal
  MSJ1009              STORAGE       0.00     0.00     0  00:00           0           0       0.000 gal
  MSMH057              STORAGE       0.00     0.00     0  00:00           0           0       0.000 gal
  MSMH045              STORAGE       0.00     0.00     0  00:00           0           0       0.000 gal
  MSS010               STORAGE       0.00     0.00     0  00:00           0           0       0.000 gal
  MSJ010               STORAGE       0.00     0.00     0  00:00           0           0       0.000 gal
  MSJ1011              STORAGE       0.00     0.00     0  00:00           0           0       0.000 gal
  MSS011               STORAGE       0.00     0.00     0  00:00           0           0       0.000 gal
  MSMH501              STORAGE       0.00     0.00     0  00:00           0           0       0.000 gal
  MSMH585              STORAGE       0.00     0.00     0  00:00           0           0       0.000 gal
  MSJ011               STORAGE       0.00     0.00     0  00:00           0           0       0.000 gal
  MSMH001              STORAGE       0.00     0.00     0  00:00           0           0       0.000 gal
  WMS003               STORAGE       0.00     0.00     0  00:00           0           0       0.000 gal
  WMJ003               STORAGE       0.00     0.00     0  00:00           0           0       0.000 gal
  WMJ1001              STORAGE       0.00     0.00     0  00:00           0           0       0.000 gal
  WMJ2001              STORAGE       0.00     0.00     0  00:00           0           0       0.000 gal
  WMS001               STORAGE       0.00     0.00     0  00:00           0           0       0.000 gal
  WMS004               STORAGE       0.00     0.00     0  00:00           0           0       0.000 gal
  WMJ004               STORAGE       0.00     0.00     0  00:00           0           0       0.000 gal
  WMJ1002              STORAGE       0.00     0.00     0  00:00           0           0       0.000 gal
  WMS002               STORAGE       0.00     0.00     0  00:00           0           0       0.000 gal
  WMJ2                 STORAGE       0.00     0.00     0  00:00           0           0       0.000 gal
  WMJ3002              STORAGE       0.00     0.00     0  00:00           0           0       0.000 gal
  J1.8                 STORAGE       0.00     1.00     0  23:58           0       0.306       0.066
  J1.3                 STORAGE       0.00     1.00     0  23:58           0       0.306       0.066
  J1.6                 STORAGE       0.00     1.00     0  23:58           0       0.306       0.066
  J1.5                 STORAGE       0.00     1.00     0  23:58           0       0.306       0.066
  J2.2                 STORAGE       0.00     0.00     0  00:00           0           0       0.000 gal
  J2.4                 STORAGE       0.00     0.00     0  00:00           0           0       0.000 gal
  S187                 STORAGE       0.00     0.00     0  00:00           0           0       0.000 gal
  J3056                STORAGE       0.00     0.00     0  00:00           0           0       0.000 gal
  S177                 STORAGE       0.00     0.00     0  00:00           0           0       0.000 gal
  J177                 STORAGE       0.00     0.00     0  00:00           0           0       0.000 gal
  
  
  **********************
  Node Surcharge Summary
  **********************
  
  Surcharging occurs when water rises above the top of the highest conduit.
  ---------------------------------------------------------------------
                                               Max. Height   Min. Depth
                                   Hours       Above Crown    Below Rim
  Node                 Type      Surcharged           Feet         Feet
  ---------------------------------------------------------------------
  J2016                JUNCTION       24.00          0.000        0.000
  J2060                JUNCTION        1.55          0.000        0.000
  M-21                 JUNCTION       23.01          0.000        0.000
  PVTs                 JUNCTION       17.95          0.000        0.000
  J2106                JUNCTION       16.84          0.000        0.000
  M-50                 JUNCTION       21.40          0.000        0.000
  M-8                  JUNCTION       23.85          0.000        0.000
  M14-AC2              JUNCTION       24.00          0.000        0.000
  J153                 JUNCTION       24.00          0.000        0.000
  J2049                JUNCTION       24.00          0.000        0.000
  J1052                JUNCTION       24.00          0.000        0.000
  J164                 JUNCTION       24.00          0.000        0.000
  J2164                JUNCTION       24.00          0.000        0.000
  J1141                JUNCTION       23.96          0.000        0.000
  CGJ1021              JUNCTION       24.00          0.000        0.000
  CGJ1018              JUNCTION       24.00          0.000        0.000
  CGJ1031              JUNCTION       24.00          0.000        0.000
  CGJ2029              JUNCTION       24.00          0.000        0.000
  GJ1029               JUNCTION       24.00          0.000        0.000
  CGJ025               JUNCTION       24.00          0.000        0.000
  CGJ1027              JUNCTION       24.00          0.000        0.000
  MSJ3011              JUNCTION       24.00          0.000        0.000
  MSJ1001              JUNCTION       24.00          0.000        0.000
  MSJ1003              JUNCTION       24.00          0.000        0.000
  MSJ1007              JUNCTION       24.00          0.000        0.000
  WMJ3001              JUNCTION       24.00          0.000        0.000
  WMJ001               JUNCTION       24.00          0.000        0.000
  WMJ2002              JUNCTION       24.00          0.000        0.000
  WMJ4001              JUNCTION       24.00          0.000        0.000
  S940                 JUNCTION       24.00          0.000        0.000
  J940                 JUNCTION       24.00          0.000        0.000
  J187                 JUNCTION       24.00          0.000        0.000
  J1187                JUNCTION       24.00          0.000        0.000
  J2187-60             JUNCTION       24.00          0.000        0.000
  J2187-54             JUNCTION       24.00          0.000        0.000
  J3176                JUNCTION       24.00          0.000        0.000
  J3112                JUNCTION       24.00          0.000        0.000
  J1062                JUNCTION       24.00          0.000        0.000
  J1044                JUNCTION       24.00          0.000        0.000
  J2044                JUNCTION       24.00          0.000        0.000
  187-54               JUNCTION       24.00          0.000        0.000
  J4190                JUNCTION       23.88          0.000        0.000
  E13032(F)            JUNCTION       24.00          0.000        0.000
  E13042               JUNCTION       24.00          0.000        0.000
  E12039               JUNCTION       24.00          0.000        0.000
  E12038               JUNCTION       24.00          0.000        0.000
  E12063               JUNCTION       24.00          0.000        0.000
  E12048               JUNCTION       24.00          0.000        0.000
  E11149(F)            JUNCTION       24.00          0.000        0.000
  E10210(F)            JUNCTION       24.00          0.000        0.000
  E10032.1             JUNCTION       24.00          0.000        0.000
  E10069               JUNCTION       24.00          0.000        0.000
  E10074               JUNCTION       24.00          0.000        0.000
  E09102(F)            JUNCTION       24.00          0.000        0.000
  J1006                JUNCTION       24.00          0.000        0.000
  3130-24"             JUNCTION        3.58          0.000        0.000
  Node_8053            JUNCTION       24.00          0.000        0.000
  Node_16071608        JUNCTION       24.00          0.000        0.000
  Node_8164            JUNCTION       24.00          0.000        0.000
  Node_18741870        JUNCTION       24.00          0.000        0.000
  Node_8001            JUNCTION       24.00          0.000        0.000
  Node_19361937        JUNCTION       24.00          0.000        0.000
  Node_8008            JUNCTION       24.00          0.000        0.000
  Node_19641965        JUNCTION       24.00          0.000        0.000
  Node_8013            JUNCTION       24.00          0.000        0.000
  Node_19821981        JUNCTION       24.00          0.000        0.000
  Node_8010            JUNCTION       24.00          0.000        0.000
  Node_19921991        JUNCTION       24.00          0.000        0.000
  Node_8012            JUNCTION       24.00          0.000        0.000
  Node_19951994        JUNCTION       24.00          0.000        0.000
  Node_8024            JUNCTION       24.00          0.000        0.000
  Node_20182016        JUNCTION       24.00          0.000        0.000
  Node_8026            JUNCTION       24.00          0.000        0.000
  Node_20212020        JUNCTION       24.00          0.000        0.000
  Node_8016            JUNCTION       24.00          0.000        0.000
  Node_20252026        JUNCTION       24.00          0.000        0.000
  Node_8034            JUNCTION       24.00          0.000        0.000
  Node_20322033        JUNCTION       24.00          0.000        0.000
  Node_8033            JUNCTION       24.00          0.000        0.000
  Node_20372038        JUNCTION       24.00          0.000        0.000
  Node_8036            JUNCTION       24.00          0.000        0.000
  Node_20422043        JUNCTION       24.00          0.000        0.000
  Node_8031            JUNCTION       24.00          0.000        0.000
  Node_20472048        JUNCTION       24.00          0.000        0.000
  Node_8030            JUNCTION       24.00          0.000        0.000
  Node_20552056        JUNCTION       24.00          0.000        0.000
  Node_8028            JUNCTION       24.00          0.000        0.000
  Node_20622063        JUNCTION       24.00          0.000        0.000
  Node_20771943        JUNCTION       24.00          0.000        0.000
  Node_8006            JUNCTION       24.00          0.000        0.000
  Node_19461947        JUNCTION       24.00          0.000        0.000
  Node_8005            JUNCTION       24.00          0.000        0.000
  Node_19531951        JUNCTION       24.00          0.000        0.000
  Node_8003            JUNCTION       24.00          0.000        0.000
  Node_19551954        JUNCTION       24.00          0.000        0.000
  Node_8004            JUNCTION       24.00          0.000        0.000
  Node_19601959        JUNCTION       24.00          0.000        0.000
  Node_8007            JUNCTION       24.00          0.000        0.000
  Node_19701971        JUNCTION       24.00          0.000        0.000
  Node_8017            JUNCTION       24.00          0.000        0.000
  Node_20292090        JUNCTION       24.00          0.000        0.000
  Node_8015            JUNCTION       24.00          0.000        0.000
  Node_20962031        JUNCTION       24.00          0.000        0.000
  Node_8009            JUNCTION       24.00          0.000        0.000
  Node_19741973        JUNCTION       24.00          0.000        0.000
  Node_8014            JUNCTION       24.00          0.000        0.000
  Node_21021985        JUNCTION       24.00          0.000        0.000
  Node_8011            JUNCTION       24.00          0.000        0.000
  Node_19871986        JUNCTION       24.00          0.000        0.000
  Node_8019            JUNCTION       24.00          0.000        0.000
  Node_20092007        JUNCTION       24.00          0.000        0.000
  Node_8018            JUNCTION       24.00          0.000        0.000
  Node_20052004        JUNCTION       24.00          0.000        0.000
  Node_8022            JUNCTION       24.00          0.000        0.000
  Node_20662067        JUNCTION       24.00          0.000        0.000
  Node_8021            JUNCTION       24.00          0.000        0.000
  Node_21102070        JUNCTION       24.00          0.000        0.000
  Node_8023            JUNCTION       24.00          0.000        0.000
  Node_20032002        JUNCTION       24.00          0.000        0.000
  Node_8020            JUNCTION       24.00          0.000        0.000
  Node_21142176        JUNCTION       24.00          0.000        0.000
  Node_8025            JUNCTION       24.00          0.000        0.000
  Node_20112178        JUNCTION       24.00          0.000        0.000
  Node_8029            JUNCTION       24.00          0.000        0.000
  Node_20532060        JUNCTION       24.00          0.000        0.000
  Node_8027            JUNCTION       24.00          0.000        0.000
  Node_20242023        JUNCTION       24.00          0.000        0.000
  Node_24992500        JUNCTION       24.00          0.000        0.000
  Node_25042505        JUNCTION       24.00          0.000        0.000
  Node_25092510        JUNCTION       24.00          0.000        0.000
  Node_25162517        JUNCTION       24.00          0.000        0.000
  Node_25202521        JUNCTION       24.00          0.000        0.000
  Node_25252526        JUNCTION       24.00          0.000        0.000
  Node_25282530        JUNCTION       24.00          0.000        0.000
  Node_25342535        JUNCTION       24.00          0.000        0.000
  Node_25372538        JUNCTION       24.00          0.000        0.000
  Node_25532554        JUNCTION       24.00          0.000        0.000
  Node_25592570        JUNCTION       24.00          0.000        0.000
  Node_26022603        JUNCTION       24.00          0.000        0.000
  Node_26092624        JUNCTION       24.00          0.000        0.000
  Node_26112612        JUNCTION       24.00          0.000        0.000
  Node_26162617        JUNCTION       24.00          0.000        0.000
  Node_2456            JUNCTION       24.00          0.000        0.000
  Node_26542655        JUNCTION       24.00          0.000        0.000
  Node_8187            JUNCTION       24.00          0.000        0.000
  Node_26822683        JUNCTION       24.00          0.000        0.000
  Node_8177            JUNCTION       24.00          0.000        0.000
  Node_27782779        JUNCTION       24.00          0.000        0.000
  
  
  *********************
  Node Flooding Summary
  *********************
  
  Flooding refers to all water that overflows a node, whether it ponds or not.
  --------------------------------------------------------------------------
                                                             Total   Maximum
                                 Maximum   Time of Max       Flood    Ponded
                        Hours       Rate    Occurrence      Volume     Depth
  Node                 Flooded       CFS   days hr:min    10^6 gal      Feet
  --------------------------------------------------------------------------
  J2060                   1.55      0.03      0  23:50       0.001     0.000
  M-21                   23.01      0.03      0  01:06       0.018     0.000
  PVTs                   17.95      0.08      1  00:00       0.039     0.000
  J2106                  16.84      0.08      0  07:12       0.029     0.000
  M-50                   21.40      0.06      0  02:37       0.020     0.000
  M-8                    23.85      0.93      0  00:09       0.398     0.000
  J1141                  23.96      0.48      0  00:02       0.258     0.000
  WMJ4001                24.00      0.06      0  00:00       0.041     0.000
  J4190                  23.88      1.41      0  00:07       0.643     0.000
  3130-24"                3.58      0.01      0  20:25       0.001     0.000
  Node_16071608          24.00     10.00      0  00:03       6.463     0.000
  Node_18741870          24.00     10.00      0  00:03       6.463     0.000
  Node_19361937          24.00     10.00      0  00:03       6.463     0.000
  Node_19641965          24.00     10.00      0  00:03       6.463     0.000
  Node_19821981          24.00     10.00      0  00:03       6.463     0.000
  Node_19921991          24.00     10.00      0  00:03       6.463     0.000
  Node_19951994          24.00     10.00      0  00:03       6.463     0.000
  Node_20182016          24.00     10.00      0  00:03       6.463     0.000
  Node_20212020          24.00     10.00      0  00:03       6.463     0.000
  Node_20252026          24.00     10.00      0  00:03       6.463     0.000
  Node_20322033          24.00     10.00      0  00:03       6.463     0.000
  Node_20372038          24.00     10.00      0  00:03       6.463     0.000
  Node_20422043          24.00     10.00      0  00:03       6.463     0.000
  Node_20472048          24.00     10.00      0  00:03       6.463     0.000
  Node_20552056          24.00     10.00      0  00:03       6.463     0.000
  Node_20622063          24.00     10.00      0  00:03       6.463     0.000
  Node_19531951          24.00     10.00      0  00:03       6.463     0.000
  Node_19551954          24.00     10.00      0  00:03       6.463     0.000
  Node_19701971          24.00     10.00      0  00:03       6.463     0.000
  Node_20292090          24.00     10.00      0  00:03       6.463     0.000
  Node_20962031          24.00     10.00      0  00:03       6.463     0.000
  Node_19741973          24.00     10.00      0  00:03       6.463     0.000
  Node_19871986          24.00     10.00      0  00:03       6.463     0.000
  Node_20092007          24.00     10.00      0  00:03       6.463     0.000
  Node_20052004          24.00     10.00      0  00:03       6.463     0.000
  Node_20662067          24.00     10.00      0  00:03       6.463     0.000
  Node_21102070          24.00     10.00      0  00:03       6.463     0.000
  Node_20032002          24.00     10.00      0  00:03       6.463     0.000
  Node_21142176          24.00     10.00      0  00:03       6.463     0.000
  Node_20112178          24.00     10.00      0  00:03       6.463     0.000
  Node_20532060          24.00     10.00      0  00:03       6.463     0.000
  Node_20242023          24.00     10.00      0  00:03       6.463     0.000
  Node_24992500          24.00     10.00      0  00:03       6.463     0.000
  Node_25042505          24.00     10.00      0  00:03       6.463     0.000
  Node_25092510          24.00     10.00      0  00:03       6.463     0.000
  Node_25162517          24.00     10.00      0  00:03       6.463     0.000
  Node_25202521          24.00     10.00      0  00:03       6.463     0.000
  Node_25282530          24.00     10.00      0  00:03       6.463     0.000
  Node_25342535          24.00     10.00      0  00:03       6.463     0.000
  Node_25532554          24.00     10.00      0  00:03       6.463     0.000
  Node_25592570          24.00     10.00      0  00:03       6.463     0.000
  Node_26022603          24.00     10.00      0  00:03       6.463     0.000
  Node_26092624          24.00     10.00      0  00:03       6.463     0.000
  Node_26112612          24.00     10.00      0  00:03       6.463     0.000
  Node_26542655          24.00     10.00      0  00:03       6.463     0.000
  Node_27782779          24.00     10.00      0  00:03       6.463     0.000
  J1.4                   11.26      1.00      0  23:58       0.299     0.000
  J1.7                   11.26      1.00      0  23:58       0.299     0.000
  J1.2                   11.26      1.00      0  23:58       0.299     0.000
  J1.1                   11.26      1.00      0  23:58       0.299     0.000
  J100                   23.02      0.50      0  00:58       0.310     0.000
  J582                   20.07      0.02      0  03:55       0.010     0.000
  J170                   15.73      0.17      1  00:00       0.053     0.000
  J117                   23.59      0.70      0  02:40       0.444     0.000
  J5                     22.19      0.05      0  11:43       0.030     0.000
  J11                    18.14      1.00      0  10:45       0.483     0.000
  J62                    22.89      1.00      0  16:15       0.581     0.000
  J14460                 23.97      1.00      0  00:02       0.645     0.000
  CGJ2008                23.93      0.50      0  00:04       0.322     0.000
  J1.8                   11.83      1.00      0  23:58       0.305     0.000
  J1.3                   11.83      1.00      0  23:58       0.305     0.000
  J1.6                   11.83      1.00      0  23:58       0.305     0.000
  J1.5                   11.83      1.00      0  23:58       0.305     0.000
  
  
  **********************
  Storage Volume Summary
  **********************
  
  ------------------------------------------------------------------------------------------------
                         Average    Avg   Evap  Exfil     Maximum    Max    Time of Max    Maximum
                          Volume   Pcnt   Pcnt   Pcnt      Volume   Pcnt     Occurrence    Outflow
  Storage Unit          1000 ft³   Full   Loss   Loss    1000 ft³   Full    days hr:min        CFS
  ------------------------------------------------------------------------------------------------
  F14277                   0.004    2.8    0.0    0.0       0.004    2.9       0  07:54       0.75
  E14441                   0.059   47.2    0.0    0.0       0.061   48.5       0  07:49       0.75
  E14462                   0.063   49.7    0.0    0.0       0.064   51.0       0  07:50       0.75
  E14458                   0.071   56.3    0.0    0.0       0.072   57.6       0  07:51       0.75
  F14238                   0.014   11.1    0.0    0.0       0.015   11.6       0  01:10       0.34
  F14239                   0.020   16.0    0.0    0.0       0.021   16.4       0  00:17       0.28
  F14244                   0.000    0.0    0.0    0.0       0.000    0.0       0  00:00       0.00
  F14246                   0.000    0.0    0.0    0.0       0.000    0.0       0  00:00       0.00
  F14269                   0.005    4.2    0.0    0.0       0.006    4.4       0  07:56       0.75
  F14295                   0.004    3.1    0.0    0.0       0.004    3.3       0  07:57       0.75
  F14304                   0.017   13.6    0.0    0.0       0.018   14.5       0  05:33       1.01
  F14308                   0.038   30.2    0.0    0.0       0.040   31.5       0  05:09       1.01
  F14309                   0.034   26.9    0.0    0.0       0.035   28.1       0  05:17       1.00
  F14310(F)                0.003    2.6    0.0    0.0       0.003    2.8       0  05:29       1.00
  F14313                   0.008    6.6    0.0    0.0       0.010    7.7       0  23:59       1.05
  F14318                   0.022   17.5    0.0    0.0       0.026   20.8       0  23:58       1.08
  F14321                   0.033   26.4    0.0    0.0       0.039   30.8       0  23:58       1.08
  F14341                   0.000    0.0    0.0    0.0       0.000    0.0       0  00:00       0.00
  F14379                   0.000    0.0    0.0    0.0       0.000    0.0       0  00:00       0.00
  F14386                   0.000    0.0    0.0    0.0       0.000    0.0       0  00:00       0.00
  F14378(F)                0.000    0.0    0.0    0.0       0.000    0.0       0  00:00       0.00
  J186                     0.000    0.0    0.0    0.0       0.000    0.0       0  00:00       0.00
  S186                     0.000    0.0    0.0    0.0       0.000    0.0       0  00:00       0.00
  H12280                   0.000    0.0    0.0    0.0       0.000    0.0       0  00:00       0.00
  H12345                   0.000    0.0    0.0    0.0       0.000    0.0       0  00:00       0.00
  J76                      0.000    0.0    0.0    0.0       0.000    0.0       0  00:00       0.00
  S76                      0.000    0.0    0.0    0.0       0.000    0.0       0  00:00       0.00
  G11198                   0.000    0.0    0.0    0.0       0.000    0.0       0  00:00       0.00
  G11203                   0.000    0.0    0.0    0.0       0.000    0.0       0  00:00       0.00
  G11232                   0.000    0.0    0.0    0.0       0.000    0.0       0  00:00       0.00
  G11235                   0.000    0.0    0.0    0.0       0.000    0.0       0  00:00       0.00
  G11238                   0.000    0.0    0.0    0.0       0.000    0.0       0  00:00       0.00
  G11239                   0.000    0.0    0.0    0.0       0.000    0.0       0  00:00       0.00
  G12074                   0.000    0.0    0.0    0.0       0.000    0.0       0  00:00       0.00
  G12089                   0.000    0.0    0.0    0.0       0.000    0.0       0  00:00       0.00
  G12173                   0.000    0.0    0.0    0.0       0.000    0.0       0  00:00       0.00
  G13019                   0.000    0.0    0.0    0.0       0.000    0.0       0  00:00       0.00
  H12081                   0.000    0.0    0.0    0.0       0.000    0.0       0  00:00       0.00
  H12083                   0.000    0.0    0.0    0.0       0.000    0.0       0  00:00       0.00
  S72                      0.000    0.0    0.0    0.0       0.000    0.0       0  00:00       0.00
  J85                      0.000    0.0    0.0    0.0       0.000    0.0       0  00:00       0.00
  S85                      0.000    0.0    0.0    0.0       0.000    0.0       0  00:00       0.00
  G13010                   0.000    0.0    0.0    0.0       0.000    0.0       0  00:00       0.00
  G13053                   0.000    0.0    0.0    0.0       0.000    0.0       0  00:00       0.00
  G13083                   0.000    0.0    0.0    0.0       0.000    0.0       0  00:00       0.00
  G13098                   0.000    0.0    0.0    0.0       0.000    0.0       0  00:00       0.00
  G13115                   0.000    0.0    0.0    0.0       0.000    0.0       0  00:00       0.00
  H13146                   0.000    0.0    0.0    0.0       0.000    0.0       0  00:00       0.00
  H13157                   0.000    0.0    0.0    0.0       0.000    0.0       0  00:00       0.00
  H13183                   0.000    0.0    0.0    0.0       0.000    0.0       0  00:00       0.00
  G14SP1U                  0.000    0.0    0.0    0.0       0.000    0.0       0  00:00       0.00
  H13186(F)                0.000    0.0    0.0    0.0       0.000    0.0       0  00:00       0.00
  G13085(F)                0.000    0.0    0.0    0.0       0.000    0.0       0  00:00       0.00
  G13068(F)                0.000    0.0    0.0    0.0       0.000    0.0       0  00:00       0.00
  G14024                   0.000    0.0    0.0    0.0       0.000    0.0       0  00:00       0.00
  F14010                   0.000    0.0    0.0    0.0       0.000    0.0       0  00:00       0.00
  G13119(F)                0.000    0.0    0.0    0.0       0.000    0.0       0  00:00       0.00
  G13127                   0.000    0.0    0.0    0.0       0.000    0.0       0  00:00       0.00
  G13126                   0.000    0.0    0.0    0.0       0.000    0.0       0  00:00       0.00
  G13124                   0.000    0.0    0.0    0.0       0.000    0.0       0  00:00       0.00
  G13121                   0.000    0.0    0.0    0.0       0.000    0.0       0  00:00       0.00
  J54                      0.000    0.0    0.0    0.0       0.000    0.0       0  00:00       0.00
  S54                      0.000    0.0    0.0    0.0       0.000    0.0       0  00:00       0.00
  J45                      0.000    0.0    0.0    0.0       0.000    0.0       0  00:00       0.00
  S45                      0.000    0.0    0.0    0.0       0.000    0.0       0  00:00       0.00
  J75                      0.000    0.0    0.0    0.0       0.000    0.0       0  00:00       0.00
  S75                      0.000    0.0    0.0    0.0       0.000    0.0       0  00:00       0.00
  G13093                   0.000    0.0    0.0    0.0       0.000    0.0       0  00:00       0.00
  F13851                   0.000    0.0    0.0    0.0       0.000    0.0       0  00:00       0.00
  F13856                   0.000    0.0    0.0    0.0       0.000    0.0       0  00:00       0.00
  J2007                    0.000    0.0    0.0    0.0       0.000    0.0       0  00:00       0.00
  S7                       0.000    0.0    0.0    0.0       0.000    0.0       0  00:00       0.00
  F14012(F)                0.000    0.0    0.0    0.0       0.000    0.0       0  00:00       0.00
  J15172                   0.000    0.0    0.0    0.0       0.000    0.0       0  00:00       0.00
  J16183                   0.000    0.0    0.0    0.0       0.000    0.0       0  00:00       0.00
  J16273                   0.000    0.0    0.0    0.0       0.000    0.0       0  00:00       0.00
  F14004                   0.000    0.0    0.0    0.0       0.000    0.0       0  00:00       0.00
  F14075                   0.000    0.0    0.0    0.0       0.000    0.0       0  00:00       0.00
  F14106                   0.000    0.0    0.0    0.0       0.000    0.0       0  00:00       0.00
  F14107                   0.000    0.0    0.0    0.0       0.000    0.0       0  00:00       0.00
  F14112                   0.000    0.0    0.0    0.0       0.000    0.0       0  00:00       0.00
  F14116                   0.000    0.0    0.0    0.0       0.000    0.0       0  00:00       0.00
  F14118                   0.000    0.0    0.0    0.0       0.000    0.0       0  00:00       0.00
  F14145                   0.000    0.0    0.0    0.0       0.000    0.0       0  00:00       0.00
  F14153                   0.000    0.0    0.0    0.0       0.000    0.0       0  00:00       0.00
  F15031                   0.000    0.0    0.0    0.0       0.000    0.0       0  00:00       0.00
  F15034                   0.000    0.0    0.0    0.0       0.000    0.0       0  00:00       0.00
  F15076                   0.000    0.0    0.0    0.0       0.000    0.0       0  00:00       0.00
  F15077                   0.000    0.0    0.0    0.0       0.000    0.0       0  00:00       0.00
  F15078                   0.000    0.0    0.0    0.0       0.000    0.0       0  00:00       0.00
  F15130                   0.000    0.0    0.0    0.0       0.000    0.0       0  00:00       0.00
  F15376                   0.000    0.0    0.0    0.0       0.000    0.0       0  00:00       0.00
  F15752                   0.000    0.0    0.0    0.0       0.000    0.0       0  00:00       0.00
  F15812                   0.000    0.0    0.0    0.0       0.000    0.0       0  00:00       0.00
  F15837                   0.000    0.0    0.0    0.0       0.000    0.0       0  00:00       0.00
  F16614                   0.000    0.0    0.0    0.0       0.000    0.0       0  00:00       0.00
  G15081                   0.000    0.0    0.0    0.0       0.000    0.0       0  00:00       0.00
  G15082                   0.000    0.0    0.0    0.0       0.000    0.0       0  00:00       0.00
  G15187                   0.000    0.0    0.0    0.0       0.000    0.0       0  00:00       0.00
  G15257                   0.000    0.0    0.0    0.0       0.000    0.0       0  00:00       0.00
  G15284                   0.000    0.0    0.0    0.0       0.000    0.0       0  00:00       0.00
  G15435                   0.000    0.0    0.0    0.0       0.000    0.0       0  00:00       0.00
  G15443                   0.000    0.0    0.0    0.0       0.000    0.0       0  00:00       0.00
  G15351                   0.000    0.0    0.0    0.0       0.000    0.0       0  00:00       0.00
  G16087                   0.000    0.0    0.0    0.0       0.000    0.0       0  00:00       0.00
  G16464                   0.000    0.0    0.0    0.0       0.000    0.0       0  00:00       0.00
  G16514                   0.000    0.0    0.0    0.0       0.000    0.0       0  00:00       0.00
  G16520                   0.000    0.0    0.0    0.0       0.000    0.0       0  00:00       0.00
  G16528                   0.000    0.0    0.0    0.0       0.000    0.0       0  00:00       0.00
  H15431                   0.000    0.0    0.0    0.0       0.000    0.0       0  00:00       0.00
  H15557                   0.000    0.0    0.0    0.0       0.000    0.0       0  00:00       0.00
  H15558                   0.000    0.0    0.0    0.0       0.000    0.0       0  00:00       0.00
  H15559                   0.000    0.0    0.0    0.0       0.000    0.0       0  00:00       0.00
  H15563                   0.000    0.0    0.0    0.0       0.000    0.0       0  00:00       0.00
  H15568                   0.000    0.0    0.0    0.0       0.000    0.0       0  00:00       0.00
  H16001                   0.000    0.0    0.0    0.0       0.000    0.0       0  00:00       0.00
  H16281                   0.000    0.0    0.0    0.0       0.000    0.0       0  00:00       0.00
  H16288                   0.000    0.0    0.0    0.0       0.000    0.0       0  00:00       0.00
  H16306                   0.000    0.0    0.0    0.0       0.000    0.0       0  00:00       0.00
  H16308                   0.000    0.0    0.0    0.0       0.000    0.0       0  00:00       0.00
  H16394                   0.000    0.0    0.0    0.0       0.000    0.0       0  00:00       0.00
  H16396                   0.000    0.0    0.0    0.0       0.000    0.0       0  00:00       0.00
  F14078(F)                0.000    0.0    0.0    0.0       0.000    0.0       0  00:00       0.00
  G15261                   0.000    0.0    0.0    0.0       0.000    0.0       0  00:00       0.00
  G15334(F)                0.000    0.0    0.0    0.0       0.000    0.0       0  00:00       0.00
  G15186                   0.000    0.0    0.0    0.0       0.000    0.0       0  00:00       0.00
  G15185(F)                0.000    0.0    0.0    0.0       0.000    0.0       0  00:00       0.00
  G15184(F)                0.000    0.0    0.0    0.0       0.000    0.0       0  00:00       0.00
  G16518(F)                0.000    0.0    0.0    0.0       0.000    0.0       0  00:00       0.00
  G16467(F)                0.000    0.0    0.0    0.0       0.000    0.0       0  00:00       0.00
  F15817(F)                0.000    0.0    0.0    0.0       0.000    0.0       0  00:00       0.00
  F15834(F)                0.000    0.0    0.0    0.0       0.000    0.0       0  00:00       0.00
  S16                      0.000    0.0    0.0    0.0       0.000    0.0       0  00:00       0.00
  J66                      0.000    0.0    0.0    0.0       0.000    0.0       0  00:00       0.00
  S66                      0.000    0.0    0.0    0.0       0.000    0.0       0  00:00       0.00
  J1009.1                  0.000    0.0    0.0    0.0       0.000    0.0       0  00:00       0.00
  S9                       0.000    0.0    0.0    0.0       0.000    0.0       0  00:00       0.00
  S152                     0.000    0.0    0.0    0.0       0.000    0.0       0  00:00       0.00
  J68                      0.000    0.0    0.0    0.0       0.000    0.0       0  00:00       0.00
  S68                      0.000    0.0    0.0    0.0       0.000    0.0       0  00:00       0.00
  J67                      0.000    0.0    0.0    0.0       0.000    0.0       0  00:00       0.00
  S67                      0.000    0.0    0.0    0.0       0.000    0.0       0  00:00       0.00
  H16415                   0.000    0.0    0.0    0.0       0.000    0.0       0  00:00       0.00
  S65                      0.000    0.0    0.0    0.0       0.000    0.0       0  00:00       0.00
  J64                      0.000    0.0    0.0    0.0       0.000    0.0       0  00:00       0.00
  S64                      0.000    0.0    0.0    0.0       0.000    0.0       0  00:00       0.00
  J59                      0.000    0.0    0.0    0.0       0.000    0.0       0  00:00       0.00
  S59                      0.000    0.0    0.0    0.0       0.000    0.0       0  00:00       0.00
  S50                      0.000    0.0    0.0    0.0       0.000    0.0       0  00:00       0.00
  J2004                    0.000    0.0    0.0    0.0       0.000    0.0       0  00:00       0.00
  S4                       0.000    0.0    0.0    0.0       0.000    0.0       0  00:00       0.00
  J61                      0.000    0.0    0.0    0.0       0.000    0.0       0  00:00       0.00
  S61                      0.000    0.0    0.0    0.0       0.000    0.0       0  00:00       0.00
  J156                     0.000    0.0    0.0    0.0       0.000    0.0       0  00:00       0.00
  S156                     0.000    0.0    0.0    0.0       0.000    0.0       0  00:00       0.00
  J2008                    0.000    0.0    0.0    0.0       0.000    0.0       0  00:00       0.00
  S8                       0.000    0.0    0.0    0.0       0.000    0.0       0  00:00       0.00
  H16428                   0.000    0.0    0.0    0.0       0.000    0.0       0  00:00       0.00
  H16426                   0.000    0.0    0.0    0.0       0.000    0.0       0  00:00       0.00
  H16417                   0.000    0.0    0.0    0.0       0.000    0.0       0  00:00       0.00
  H16506                   0.000    0.0    0.0    0.0       0.000    0.0       0  00:00       0.00
  G16470                   0.000    0.0    0.0    0.0       0.000    0.0       0  00:00       0.00
  J17073                   0.046   36.6    0.0    0.0       0.049   39.1       0  10:32       1.00
  J17085                   0.078   61.8    0.0    0.0       0.082   64.8       0  10:32       1.00
  J17140                   0.078   62.0    0.0    0.0       0.082   65.0       0  10:31       1.00
  J17150                   0.072   57.1    0.0    0.0       0.076   60.1       0  10:30       1.21
  J17239                   0.078   62.2    0.0    0.0       0.082   65.2       0  10:29       0.05
  K16003                   0.005    3.7    0.0    0.0       0.005    4.2       0  10:44       1.00
  K16034                   0.004    3.0    0.0    0.0       0.004    3.3       0  10:35       1.00
  K17035                   0.015   12.1    0.0    0.0       0.017   13.3       0  10:34       1.00
  K17071                   0.025   19.5    0.0    0.0       0.027   21.2       0  10:33       1.00
  S11                      0.000    0.0    0.0    0.0       0.000    0.0       0  00:00       1.00
  J32                      0.000    0.0    0.0    0.0       0.000    0.0       0  00:00       0.00
  S32                      0.000    0.0    0.0    0.0       0.000    0.0       0  00:00       0.00
  J33                      0.000    0.0    0.0    0.0       0.000    0.0       0  00:00       0.00
  S33                      0.000    0.0    0.0    0.0       0.000    0.0       0  00:00       0.00
  J34                      0.000    0.0    0.0    0.0       0.000    0.0       0  00:00       0.00
  S34                      0.000    0.0    0.0    0.0       0.000    0.0       0  00:00       0.00
  H15263                   0.000    0.0    0.0    0.0       0.000    0.0       0  00:00       0.00
  S137                     0.000    0.0    0.0    0.0       0.000    0.0       0  00:00       0.00
  J137                     0.000    0.0    0.0    0.0       0.000    0.0       0  00:00       0.00
  J136                     0.000    0.0    0.0    0.0       0.000    0.0       0  00:00       0.00
  S136                     0.000    0.0    0.0    0.0       0.000    0.0       0  00:00       0.00
  S146                     0.000    0.0    0.0    0.0       0.000    0.0       0  00:00       0.00
  J146                     0.000    0.0    0.0    0.0       0.000    0.0       0  00:00       0.00
  S135                     0.000    0.0    0.0    0.0       0.000    0.0       0  00:00       0.00
  J135                     0.000    0.0    0.0    0.0       0.000    0.0       0  00:00       0.00
  S138                     0.000    0.0    0.0    0.0       0.000    0.0       0  00:00       0.00
  J138                     0.000    0.0    0.0    0.0       0.000    0.0       0  00:00       0.00
  S134                     0.000    0.0    0.0    0.0       0.000    0.0       0  00:00       0.00
  J134                     0.000    0.0    0.0    0.0       0.000    0.0       0  00:00       0.00
  S131                     0.000    0.0    0.0    0.0       0.000    0.0       0  00:00       0.00
  J131                     0.000    0.0    0.0    0.0       0.000    0.0       0  00:00       0.00
  S130                     0.000    0.0    0.0    0.0       0.000    0.0       0  00:00       0.00
  J130                     0.000    0.0    0.0    0.0       0.000    0.0       0  00:00       0.00
  S132                     0.000    0.0    0.0    0.0       0.000    0.0       0  00:00       0.00
  J132                     0.000    0.0    0.0    0.0       0.000    0.0       0  00:00       0.00
  J133                     0.000    0.0    0.0    0.0       0.000    0.0       0  00:00       0.00
  S122                     0.000    0.0    0.0    0.0       0.000    0.0       0  00:00       0.00
  J122                     0.045   45.2    0.0    0.0       0.051   50.9       0  18:36       0.00
  S60                      0.000    0.0    0.0    0.0       0.000    0.0       0  00:00       0.00
  J60                      0.000    0.0    0.0    0.0       0.000    0.0       0  00:00       0.00
  S133                     0.000    0.0    0.0    0.0       0.000    0.0       0  00:00       0.00
  J1001                    0.000    0.0    0.0    0.0       0.000    0.0       0  00:00       0.00
  J3001                    0.000    0.0    0.0    0.0       0.000    0.0       0  00:00       0.00
  J2170                    0.000    0.0    0.0    0.0       0.000    0.0       0  00:00       0.00
  J1.4                     0.079   78.6    0.0    0.0       0.100  100.0       0  12:44       0.00
  J1                       0.000    0.0    0.0    0.0       0.000    0.0       0  00:00       0.00
  S001                     0.000    0.0    0.0    0.0       0.000    0.0       0  00:00       8.00
  F14001                   0.041   33.0    0.0    0.0       0.048   38.1       0  23:59       1.00
  F14002                   0.000    0.0    0.0    0.0       0.000    0.0       0  00:00       0.00
  F14003.1-F               0.000    0.0    0.0    0.0       0.000    0.0       0  00:00       0.00
  F14003.2                 0.044   34.8    0.0    0.0       0.050   40.1       0  23:59       1.00
  F14008                   0.000    0.0    0.0    0.0       0.000    0.0       0  00:00       0.00
  F14158                   0.036   28.7    0.0    0.0       0.042   33.5       0  23:59       1.00
  F14JB1                   0.026   20.6    0.0    0.0       0.031   24.5       0  23:59       1.00
  F14JB2                   0.000    0.0    0.0    0.0       0.000    0.0       0  00:00       0.00
  F14160(F)                0.037   29.8    0.0    0.0       0.043   34.6       0  23:59       1.00
  F14280(F)                0.000    0.0    0.0    0.0       0.000    0.0       0  00:00       0.00
  S2-U/S                   0.000    0.0    0.0    0.0       0.000    0.0       0  00:00       0.00
  S2-D/S                   0.045   35.7    0.0    0.0       0.056   44.5       0  23:58       0.21
  J1.7                     0.079   78.6    0.0    0.0       0.100  100.0       0  12:44       0.00
  J1.2                     0.079   78.6    0.0    0.0       0.100  100.0       0  12:44       0.00
  J1.1                     0.079   78.6    0.0    0.0       0.100  100.0       0  12:44       0.00
  G001                     0.004    3.5    0.0    0.0       0.006    4.5       0  23:58       1.00
  E09004                   0.000    0.0    0.0    0.0       0.000    0.0       0  00:00       0.00
  E10001.3                 0.035   28.1    0.0    0.0       0.036   28.6       0  02:10       0.05
  E10006                   0.000    0.0    0.0    0.0       0.000    0.0       0  00:00       0.00
  E10031                   0.000    0.0    0.0    0.0       0.000    0.0       0  00:00       0.00
  E10032.2                 0.000    0.0    0.0    0.0       0.000    0.0       0  00:00       0.00
  E10034.2                 0.000    0.0    0.0    0.0       0.000    0.0       0  00:00       0.00
  E10035                   0.000    0.0    0.0    0.0       0.000    0.0       0  00:00       0.00
  E10042                   0.000    0.0    0.0    0.0       0.000    0.0       0  00:00       0.00
  E10051                   0.044   35.3    0.0    0.0       0.045   35.6       0  00:51       0.05
  E10057.2                 0.052   41.0    0.0    0.0       0.052   41.1       0  00:53       0.05
  E10145                   0.040   32.0    0.0    0.0       0.041   32.5       0  00:58       0.05
  E11011                   0.000    0.0    0.0    0.0       0.000    0.0       0  00:00       0.00
  E12184                   0.000    0.0    0.0    0.0       0.000    0.0       0  00:00       0.00
  E12186                   0.000    0.0    0.0    0.0       0.000    0.0       0  00:00       0.00
  E13003(F)                0.000    0.0    0.0    0.0       0.000    0.0       0  00:00       0.00
  E13010                   0.000    0.0    0.0    0.0       0.000    0.0       0  00:00       0.00
  E14480                   0.000    0.0    0.0    0.0       0.000    0.0       0  00:00       0.00
  S2-1                     0.000    0.0    0.0    0.0       0.000    0.0       0  00:00       0.00
  F10002                   0.006    4.4    0.0    0.0       0.006    4.5       0  16:15       1.00
  F10004                   0.007    5.5    0.0    0.0       0.007    5.6       0  16:14       1.00
  F10079                   0.012    9.6    0.0    0.0       0.012    9.7       0  15:23       1.00
  F10103                   0.000    0.0    0.0    0.0       0.000    0.0       0  00:00       0.00
  F10124                   0.000    0.0    0.0    0.0       0.000    0.0       0  00:00       0.00
  F10127                   0.000    0.0    0.0    0.0       0.000    0.0       0  00:00       0.00
  F10136                   0.000    0.0    0.0    0.0       0.000    0.0       0  00:00       0.00
  F10137                   0.000    0.0    0.0    0.0       0.000    0.0       0  00:00       0.00
  F12037                   0.000    0.0    0.0    0.0       0.000    0.0       0  00:00       0.00
  F12322                   0.000    0.0    0.0    0.0       0.000    0.0       0  00:00       0.00
  F12502                   0.000    0.0    0.0    0.0       0.000    0.0       0  00:00       0.00
  F12545                   0.000    0.0    0.0    0.0       0.000    0.0       0  00:00       0.00
  F12563                   0.000    0.0    0.0    0.0       0.000    0.0       0  00:00       0.00
  F12565                   0.000    0.0    0.0    0.0       0.000    0.0       0  00:00       0.00
  F12587                   0.000    0.0    0.0    0.0       0.000    0.0       0  00:00       0.00
  F13092                   0.000    0.0    0.0    0.0       0.000    0.0       0  00:00       0.00
  F13243                   0.001    1.1    0.0    0.0       0.001    1.2       0  08:38       0.11
  F13247                   0.009    7.1    0.0    0.0       0.009    7.1       0  00:45       0.10
  F13266                   0.000    0.0    0.0    0.0       0.000    0.0       0  00:00       0.00
  S2-8                     0.000    0.0    0.0    0.0       0.000    0.0       0  00:00       0.00
  F13303                   0.000    0.0    0.0    0.0       0.000    0.0       0  00:00       0.00
  F13354                   0.000    0.0    0.0    0.0       0.000    0.0       0  00:00       0.00
  F13383                   0.000    0.0    0.0    0.0       0.000    0.0       0  00:00       0.00
  F13392                   0.000    0.0    0.0    0.0       0.000    0.0       0  00:00       0.00
  S2-5                     0.000    0.0    0.0    0.0       0.000    0.0       0  00:00       0.00
  S2-3                     0.000    0.0    0.0    0.0       0.000    0.0       0  00:00       0.00
  E14081                   0.000    0.0    0.0    0.0       0.000    0.0       0  00:00       0.00
  E09005                   0.000    0.0    0.0    0.0       0.000    0.0       0  00:00       0.00
  PE10045(F)               0.000    0.0    0.0    0.0       0.000    0.0       0  00:00       0.00
  E10162                   0.000    0.0    0.0    0.0       0.000    0.0       0  00:00       0.00
  E10002(F)                0.000    0.0    0.0    0.0       0.000    0.0       0  00:00       0.00
  E10005(F)                0.000    0.0    0.0    0.0       0.000    0.0       0  00:00       0.00
  S2-24                    0.000    0.0    0.0    0.0       0.000    0.0       0  00:00       0.00
  E12182(F)                0.000    0.0    0.0    0.0       0.000    0.0       0  00:00       0.00
  E12099(F)                0.000    0.0    0.0    0.0       0.000    0.0       0  00:00       0.00
  E13001(F)                0.000    0.0    0.0    0.0       0.000    0.0       0  00:00       0.00
  J42                      0.000    0.0    0.0    0.0       0.000    0.0       0  00:00       0.00
  S42                      0.000    0.0    0.0    0.0       0.000    0.0       0  00:00       0.00
  J58                      0.013   13.2    0.0    0.0       0.028   28.2       1  00:00       0.00
  S58                      0.000    0.0    0.0    0.0       0.000    0.0       0  00:00       0.00
  J57                      0.000    0.0    0.0    0.0       0.000    0.0       0  00:00       0.00
  S57                      0.000    0.0    0.0    0.0       0.000    0.0       0  00:00       0.00
  S2                       0.000    0.0    0.0    0.0       0.000    0.0       0  00:00       0.00
  J37                      0.000    0.0    0.0    0.0       0.000    0.0       0  00:00       0.00
  S37                      0.000    0.0    0.0    0.0       0.000    0.0       0  00:00       0.00
  J38                      0.000    0.0    0.0    0.0       0.000    0.0       0  00:00       0.00
  S38                      0.000    0.0    0.0    0.0       0.000    0.0       0  00:00       0.00
  J84                      0.000    0.0    0.0    0.0       0.000    0.0       0  00:00       0.00
  S84                      0.000    0.0    0.0    0.0       0.000    0.0       0  00:00       0.00
  J48                      0.000    0.0    0.0    0.0       0.000    0.0       0  00:00       0.00
  S48                      0.000    0.0    0.0    0.0       0.000    0.0       0  00:00       0.00
  J21                      0.000    0.0    0.0    0.0       0.000    0.0       0  00:00       0.00
  S21                      0.000    0.0    0.0    0.0       0.000    0.0       0  00:00       0.00
  S5                       0.000    0.0    0.0    0.0       0.000    0.0       0  01:03       0.05
  S52                      0.000    0.0    0.0    0.0       0.000    0.0       0  00:00       0.00
  J44a                     0.000    0.0    0.0    0.0       0.000    0.0       0  00:00       0.00
  S44                      0.000    0.0    0.0    0.0       0.000    0.0       0  00:00       0.00
  J51                      0.000    0.0    0.0    0.0       0.000    0.0       0  00:00       0.00
  S51                      0.000    0.0    0.0    0.0       0.000    0.0       0  00:00       0.00
  J46                      0.000    0.0    0.0    0.0       0.000    0.0       0  00:00       0.00
  S46                      0.000    0.0    0.0    0.0       0.000    0.0       0  00:00       0.00
  J49                      0.000    0.0    0.0    0.0       0.000    0.0       0  00:00       0.00
  S49                      0.000    0.0    0.0    0.0       0.000    0.0       0  00:00       0.00
  J47                      0.000    0.0    0.0    0.0       0.000    0.0       0  00:00       0.00
  S47                      0.000    0.0    0.0    0.0       0.000    0.0       0  00:00       0.00
  J35                      0.000    0.0    0.0    0.0       0.000    0.0       0  00:00       0.00
  S35                      0.000    0.0    0.0    0.0       0.000    0.0       0  00:00       0.00
  J29                      0.000    0.0    0.0    0.0       0.000    0.0       0  00:00       0.00
  S29                      0.000    0.0    0.0    0.0       0.000    0.0       0  00:00       0.00
  S62                      0.000    0.0    0.0    0.0       0.000    0.0       0  00:00       1.00
  S41                      0.000    0.0    0.0    0.0       0.000    0.0       0  00:00       0.00
  J141                     0.015   15.3    0.0    0.0       0.016   16.1       0  00:02       0.48
  S141                     0.000    0.0    0.0    0.0       0.000    0.0       0  00:00       0.40
  E09117                   0.000    0.0    0.0    0.0       0.000    0.0       0  00:00       0.00
  E09099                   0.000    0.0    0.0    0.0       0.000    0.0       0  00:00       0.00
  E09242                   0.000    0.0    0.0    0.0       0.000    0.0       0  00:00       0.00
  E09245                   0.000    0.0    0.0    0.0       0.000    0.0       0  00:00       0.00
  E09036                   0.000    0.0    0.0    0.0       0.000    0.0       0  00:00       0.00
  E10089                   0.000    0.0    0.0    0.0       0.000    0.0       0  00:00       0.00
  G11260                   0.000    0.0    0.0    0.0       0.000    0.0       0  00:00       0.00
  J41                      0.000    0.0    0.0    0.0       0.000    0.0       0  00:00       0.00
  S6                       0.000    0.0    0.0    0.0       0.000    0.0       0  00:00       0.00
  D13025                   0.000    0.0    0.0    0.0       0.000    0.0       0  00:00       0.00
  F09020                   0.000    0.0    0.0    0.0       0.000    0.0       0  00:00       0.00
  JEQ048                   0.000    0.0    0.0    0.0       0.000    0.0       0  00:00       0.00
  JEQ006                   0.000    0.0    0.0    0.0       0.000    0.0       0  00:00       0.00
  J2001                    0.000    0.0    0.0    0.0       0.000    0.0       0  00:00       0.00
  S2-33                    0.000    0.0    0.0    0.0       0.000    0.0       0  00:00       0.00
  S2-20                    0.000    0.0    0.0    0.0       0.000    0.0       0  00:00       0.00
  S2-25                    0.000    0.0    0.0    0.0       0.000    0.0       0  00:00       0.00
  S2-19                    0.000    0.0    0.0    0.0       0.000    0.0       0  00:00       0.00
  S2-23                    0.000    0.0    0.0    0.0       0.000    0.0       0  00:00       0.00
  S2-22                    0.000    0.0    0.0    0.0       0.000    0.0       0  00:00       0.00
  S2-21                    0.000    0.0    0.0    0.0       0.000    0.0       0  00:00       0.00
  S2-18                    0.000    0.0    0.0    0.0       0.000    0.0       0  00:00       0.00
  S2-17                    0.000    0.0    0.0    0.0       0.000    0.0       0  00:00       0.00
  S2-16                    0.000    0.0    0.0    0.0       0.000    0.0       0  00:00       0.00
  S2-15                    0.000    0.0    0.0    0.0       0.000    0.0       0  00:00       0.00
  S2-12                    0.000    0.0    0.0    0.0       0.000    0.0       0  00:00       0.00
  S2-13                    0.000    0.0    0.0    0.0       0.000    0.0       0  00:00       0.00
  S2-10                    0.000    0.0    0.0    0.0       0.000    0.0       0  00:00       0.00
  S2-11                    0.818    8.2    0.0    0.0       1.322   13.2       1  00:00       0.00
  S2-9                     0.680    6.8    0.0    0.0       0.717    7.2       0  08:06       0.01
  S2-6                     0.000    0.0    0.0    0.0       0.000    0.0       0  00:00       0.00
  S2-2                     0.000    0.0    0.0    0.0       0.000    0.0       0  00:00       0.00
  S2-4                     0.000    0.0    0.0    0.0       0.000    0.0       0  00:00       0.00
  F09204                   0.012    9.4    0.0    0.0       0.012    9.7       0  14:22       0.00
  S2-14                    0.000    0.0    0.0    0.0       0.000    0.0       0  00:00       0.00
  H13189                   0.000    0.0    0.0    0.0       0.000    0.0       0  00:00       0.00
  J86                      0.000    0.0    0.0    0.0       0.000    0.0       0  00:00       0.00
  S86                      0.000    0.0    0.0    0.0       0.000    0.0       0  00:00       0.00
  J103                     0.000    0.0    0.0    0.0       0.000    0.0       0  00:00       0.00
  S103                     0.000    0.0    0.0    0.0       0.000    0.0       0  00:00       0.00
  S104                     0.000    0.0    0.0    0.0       0.000    0.0       0  00:00       0.00
  J18                      0.064   63.6    0.0    0.0       0.065   65.4       0  02:36       0.01
  S18                      0.000    0.0    0.0    0.0       0.000    0.0       0  00:00       0.00
  S115                     0.000    0.0    0.0    0.0       0.000    0.0       0  00:00       0.00
  J1017                    0.000    0.0    0.0    0.0       0.000    0.0       0  00:00       0.00
  S17                      0.000    0.0    0.0    0.0       0.000    0.0       0  00:00       0.00
  J107                     0.000    0.0    0.0    0.0       0.000    0.0       0  00:00       0.00
  S107                     0.000    0.0    0.0    0.0       0.000    0.0       0  00:00       0.00
  J191                     0.000    0.0    0.0    0.0       0.000    0.0       0  00:00       0.00
  S191                     0.000    0.0    0.0    0.0       0.000    0.0       0  00:00       0.00
  J104                     0.000    0.0    0.0    0.0       0.000    0.0       0  00:00       0.00
  S101                     0.000    0.0    0.0    0.0       0.000    0.0       0  00:00       0.00
  J13001                   0.008    6.3    0.0    0.0       0.008    6.3       0  02:35       0.70
  J13009                   0.000    0.0    0.0    0.0       0.000    0.0       0  00:00       0.00
  J13022                   0.009    7.4    0.0    0.0       0.009    7.4       0  02:34       0.70
  J13029                   0.007    5.2    0.0    0.0       0.008    6.2       0  00:12       0.84
  J13194                   0.000    0.0    0.0    0.0       0.000    0.0       0  00:00       0.00
  J14125                   0.000    0.0    0.0    0.0       0.000    0.0       0  00:00       0.00
  J14295                   0.000    0.0    0.0    0.0       0.000    0.0       0  00:00       0.00
  J14345                   0.000    0.0    0.0    0.0       0.000    0.0       0  00:00       0.00
  K13021                   0.000    0.0    0.0    0.0       0.000    0.0       0  00:00       0.00
  K13028                   0.000    0.0    0.0    0.0       0.000    0.0       0  00:00       0.00
  K13031                   0.000    0.0    0.0    0.0       0.000    0.0       0  00:00       0.00
  K14002                   0.000    0.0    0.0    0.0       0.000    0.0       0  00:00       0.00
  K14005                   0.000    0.0    0.0    0.0       0.000    0.0       0  00:00       0.00
  K14018                   0.000    0.0    0.0    0.0       0.000    0.0       0  00:00       0.00
  S176                     0.000    0.0    0.0    0.0       0.000    0.0       0  00:00       0.00
  J5100                    0.000    0.0    0.0    0.0       0.000    0.0       0  00:00       0.00
  S106                     0.000    0.0    0.0    0.0       0.000    0.0       0  00:00       0.00
  J106                     0.068   68.4    0.0    0.0       0.071   70.7       0  07:11       0.02
  J2190                    0.000    0.0    0.0    0.0       0.000    0.0       0  00:00       0.00
  S112                     0.000    0.0    0.0    0.0       0.000    0.0       0  00:00       0.00
  J2112                    0.000    0.0    0.0    0.0       0.000    0.0       0  00:00       0.00
  J74                      0.000    0.0    0.0    0.0       0.000    0.0       0  00:00       0.00
  S74                      0.000    0.0    0.0    0.0       0.000    0.0       0  00:00       0.00
  J79                      0.000    0.0    0.0    0.0       0.000    0.0       0  00:00       0.00
  S79                      0.000    0.0    0.0    0.0       0.000    0.0       0  00:00       0.00
  J1117                    0.000    0.0    0.0    0.0       0.000    0.0       0  00:00       0.00
  S117                     0.000    0.0    0.0    0.0       0.000    0.0       0  00:00       0.70
  J102                     0.000    0.0    0.0    0.0       0.000    0.0       0  00:00       0.00
  S102                     0.000    0.0    0.0    0.0       0.000    0.0       0  00:00       0.00
  S167                     0.000    0.0    0.0    0.0       0.000    0.0       0  00:00       0.00
  J167                     0.000    0.0    0.0    0.0       0.000    0.0       0  00:00       0.00
  J2074                    0.000    0.0    0.0    0.0       0.000    0.0       0  00:00       0.00
  J13153                   0.000    0.0    0.0    0.0       0.000    0.0       0  00:00       0.00
  J13134                   0.000    0.0    0.0    0.0       0.000    0.0       0  00:00       0.00
  J101                     0.067   66.9    0.0    0.0       0.068   68.4       0  00:09       0.14
  F14013                   0.000    0.0    0.0    0.0       0.000    0.0       0  00:00       0.00
  G14291                   0.000    0.0    0.0    0.0       0.000    0.0       0  00:00       0.00
  G14295                   0.000    0.0    0.0    0.0       0.000    0.0       0  00:00       0.00
  G14400                   0.000    0.0    0.0    0.0       0.000    0.0       0  00:00       0.00
  G14426                   0.000    0.0    0.0    0.0       0.000    0.0       0  00:00       0.00
  G14427                   0.000    0.0    0.0    0.0       0.000    0.0       0  00:00       0.00
  G14429                   0.000    0.0    0.0    0.0       0.000    0.0       0  00:00       0.00
  G14440                   0.000    0.0    0.0    0.0       0.000    0.0       0  00:00       0.00
  G14447(F)                0.000    0.0    0.0    0.0       0.000    0.0       0  00:00       0.00
  G14453(F)                0.000    0.0    0.0    0.0       0.000    0.0       0  00:00       0.00
  G14461                   0.000    0.0    0.0    0.0       0.000    0.0       0  00:00       0.00
  G14551                   0.000    0.0    0.0    0.0       0.000    0.0       0  00:00       0.00
  G14557                   0.000    0.0    0.0    0.0       0.000    0.0       0  00:00       0.00
  H14800                   0.000    0.0    0.0    0.0       0.000    0.0       0  00:00       0.00
  F14011(F)                0.000    0.0    0.0    0.0       0.000    0.0       0  00:00       0.00
  G14318(F)                0.000    0.0    0.0    0.0       0.000    0.0       0  00:00       0.00
  G14415(F)                0.000    0.0    0.0    0.0       0.000    0.0       0  00:00       0.00
  G14493(F)                0.000    0.0    0.0    0.0       0.000    0.0       0  00:00       0.00
  J1078                    0.000    0.0    0.0    0.0       0.000    0.0       0  00:00       0.00
  S78                      0.000    0.0    0.0    0.0       0.000    0.0       0  00:00       0.00
  J69                      0.000    0.0    0.0    0.0       0.000    0.0       0  00:00       0.00
  S69                      0.000    0.0    0.0    0.0       0.000    0.0       0  00:00       0.00
  J1010                    0.000    0.0    0.0    0.0       0.000    0.0       0  00:00       0.00
  S10                      0.000    0.0    0.0    0.0       0.000    0.0       0  00:00       0.00
  H14022                   0.000    0.0    0.0    0.0       0.000    0.0       0  00:00       0.00
  S71                      0.000    0.0    0.0    0.0       0.000    0.0       0  00:00       0.00
  J20                      0.000    0.0    0.0    0.0       0.000    0.0       0  00:00       0.00
  S20                      0.000    0.0    0.0    0.0       0.000    0.0       0  00:00       0.00
  J63                      0.000    0.0    0.0    0.0       0.000    0.0       0  00:00       0.00
  S63                      0.000    0.0    0.0    0.0       0.000    0.0       0  00:00       0.00
  S55                      0.000    0.0    0.0    0.0       0.000    0.0       0  00:00       0.00
  H13012                   0.000    0.0    0.0    0.0       0.000    0.0       0  00:00       0.00
  H13009                   0.000    0.0    0.0    0.0       0.000    0.0       0  00:00       0.00
  J2020                    0.000    0.0    0.0    0.0       0.000    0.0       0  00:00       0.00
  H14784                   0.000    0.0    0.0    0.0       0.000    0.0       0  00:00       0.00
  H14789                   0.000    0.0    0.0    0.0       0.000    0.0       0  00:00       0.00
  H14795                   0.000    0.0    0.0    0.0       0.000    0.0       0  00:00       0.00
  J78                      0.000    0.0    0.0    0.0       0.000    0.0       0  00:00       0.00
  S100                     0.000    0.0    0.0    0.0       0.000    0.0       0  00:00       0.50
  J100                     0.100   99.6    0.0    0.0       0.100  100.0       0  00:58       0.00
  S171                     0.000    0.0    0.0    0.0       0.000    0.0       0  00:00       0.00
  J1171-60                 0.000    0.0    0.0    0.0       0.000    0.0       0  00:00       0.00
  S56                      0.000    0.0    0.0    0.0       0.000    0.0       0  00:00       0.00
  J56                      0.000    0.0    0.0    0.0       0.000    0.0       0  00:00       0.00
  J82                      0.000    0.0    0.0    0.0       0.000    0.0       0  00:00       0.00
  S82                      0.000    0.0    0.0    0.0       0.000    0.0       0  00:00       0.00
  J83                      0.000    0.0    0.0    0.0       0.000    0.0       0  00:00       0.00
  S83                      0.000    0.0    0.0    0.0       0.000    0.0       0  00:00       0.00
  S81                      0.000    0.0    0.0    0.0       0.000    0.0       0  00:00       0.00
  S80                      0.000    0.0    0.0    0.0       0.000    0.0       0  00:00       0.00
  J70                      0.000    0.0    0.0    0.0       0.000    0.0       0  00:00       0.00
  S70                      0.000    0.0    0.0    0.0       0.000    0.0       0  00:00       0.00
  J81                      0.000    0.0    0.0    0.0       0.000    0.0       0  00:00       0.00
  J13023                   0.000    0.0    0.0    0.0       0.000    0.0       0  00:00       0.00
  J13052                   0.000    0.0    0.0    0.0       0.000    0.0       0  00:00       0.00
  J13025                   0.000    0.0    0.0    0.0       0.000    0.0       0  00:00       0.00
  J13034                   0.000    0.0    0.0    0.0       0.000    0.0       0  00:00       0.00
  J13029.1                 0.000    0.0    0.0    0.0       0.000    0.0       0  00:00       0.00
  J13027                   0.000    0.0    0.0    0.0       0.000    0.0       0  00:00       0.00
  J13024                   0.000    0.0    0.0    0.0       0.000    0.0       0  00:00       0.00
  J13033                   0.000    0.0    0.0    0.0       0.000    0.0       0  00:00       0.00
  J80                      0.000    0.0    0.0    0.0       0.000    0.0       0  00:00       0.00
  J77                      0.000    0.0    0.0    0.0       0.000    0.0       0  00:00       0.00
  S77                      0.000    0.0    0.0    0.0       0.000    0.0       0  00:00       0.00
  J1170                    0.061   60.6    0.0    0.0       0.063   63.1       1  00:00       0.17
  S170                     0.000    0.0    0.0    0.0       0.000    0.0       0  00:00       0.00
  M-29                     0.000    0.0    0.0    0.0       0.000    0.0       0  00:00       0.00
  J14025                   0.000    0.0    0.0    0.0       0.000    0.0       0  00:00       0.00
  M19002                   0.000    0.0    0.0    0.0       0.000    0.0       0  00:00       0.00
  M19137                   0.000    0.3    0.0    0.0       0.002    1.6       1  00:00       0.00
  M19138                   0.009    7.4    0.0    0.0       0.013   10.2       1  00:00       0.00
  M19140                   0.007    5.6    0.0    0.0       0.010    8.3       1  00:00       0.01
  M18162                   0.007    5.7    0.0    0.0       0.010    8.3       1  00:00       0.02
  M18184                   0.024   18.9    0.0    0.0       0.026   21.1       0  08:17       0.01
  M18192                   0.060   48.1    0.0    0.0       0.064   50.7       0  07:18       0.01
  S181                     0.000    0.0    0.0    0.0       0.000    0.0       0  00:00       0.00
  J181                     0.076   75.5    0.0    0.0       0.094   93.6       1  00:00       0.00
  M18173                   0.007    5.8    0.0    0.0       0.010    8.3       1  00:00       0.02
  S179                     0.000    0.0    0.0    0.0       0.000    0.0       0  00:00       0.00
  J180                     0.000    0.0    0.0    0.0       0.000    0.0       0  00:00       0.00
  M19063                   0.000    0.0    0.0    0.0       0.000    0.0       0  00:00       0.00
  S180                     0.000    0.0    0.0    0.0       0.000    0.0       0  00:00       0.00
  J179                     0.000    0.0    0.0    0.0       0.000    0.0       0  00:00       0.00
  M19004                   0.000    0.0    0.0    0.0       0.000    0.0       0  00:00       0.00
  M19046                   0.000    0.0    0.0    0.0       0.000    0.0       0  00:00       0.00
  M19001                   0.000    0.0    0.0    0.0       0.000    0.0       0  00:00       0.00
  M19039                   0.000    0.0    0.0    0.0       0.000    0.0       0  00:00       0.00
  S582                     0.000    0.0    0.0    0.0       0.000    0.0       0  00:00       0.00
  J582                     0.096   96.3    0.0    0.0       0.100  100.0       0  03:55       0.00
  MH18166                  0.007    5.7    0.0    0.0       0.010    8.3       1  00:00       0.00
  M18178                   0.059   46.7    0.0    0.0       0.059   47.1       0  01:35       0.02
  F13406                   0.019   15.2    0.0    0.0       0.019   15.2       0  06:27       0.10
  F13405                   0.019   15.0    0.0    0.0       0.019   15.1       0  06:27       0.10
  S1-50                    0.000    0.0    0.0    0.0       0.000    0.0       0  00:00       0.00
  S1-48                    0.000    0.0    0.0    0.0       0.000    0.0       0  00:00       0.00
  S1-47                    0.000    0.0    0.0    0.0       0.000    0.0       0  00:00       0.00
  S1-38                    0.000    0.0    0.0    0.0       0.000    0.0       0  00:00       0.00
  S1-46                    0.000    0.0    0.0    0.0       0.000    0.0       0  00:00       0.00
  S1-45                    0.000    0.0    0.0    0.0       0.000    0.0       0  00:00       0.00
  S1-44                    0.000    0.0    0.0    0.0       0.000    0.0       0  00:00       0.00
  S1-42                    0.000    0.0    0.0    0.0       0.000    0.0       0  00:00       0.00
  S1-41                    0.000    0.0    0.0    0.0       0.000    0.0       0  00:00       0.00
  S1-40                    0.000    0.0    0.0    0.0       0.000    0.0       0  00:00       0.00
  S1-39                    0.000    0.0    0.0    0.0       0.000    0.0       0  00:00       0.00
  S1-37                    0.000    0.0    0.0    0.0       0.000    0.0       0  00:00       0.00
  S1-36                    0.000    0.0    0.0    0.0       0.000    0.0       0  00:00       0.00
  S1-35                    0.000    0.0    0.0    0.0       0.000    0.0       0  00:00       0.00
  S1-34                    0.000    0.0    0.0    0.0       0.000    0.0       0  00:00       0.00
  S1-33                    0.000    0.0    0.0    0.0       0.000    0.0       0  00:00       0.00
  S1-32                    0.000    0.0    0.0    0.0       0.000    0.0       0  00:00       0.00
  S1-31                    0.000    0.0    0.0    0.0       0.000    0.0       0  00:00       0.00
  S1-29                    0.000    0.0    0.0    0.0       0.000    0.0       0  00:00       0.00
  S1-30                    0.000    0.0    0.0    0.0       0.000    0.0       0  00:00       0.00
  S1-28                    0.000    0.0    0.0    0.0       0.000    0.0       0  00:00       0.00
  S1-27                    0.000    0.0    0.0    0.0       0.000    0.0       0  00:00       0.00
  S1-24                    0.000    0.0    0.0    0.0       0.000    0.0       0  00:00       0.00
  S1-26                    0.000    0.0    0.0    0.0       0.000    0.0       0  00:00       0.00
  S1-23                    0.000    0.0    0.0    0.0       0.000    0.0       0  00:00       0.00
  S1-21                    0.000    0.0    0.0    0.0       0.000    0.0       0  00:00       0.00
  S1-20                    0.000    0.0    0.0    0.0       0.000    0.0       0  00:00       0.00
  S1-16                    0.000    0.0    0.0    0.0       0.000    0.0       0  00:00       0.00
  S1-10                    0.000    0.0    0.0    0.0       0.000    0.0       0  00:00       0.00
  S1-8                     0.000    0.0    0.0    0.0       0.000    0.0       0  00:00       0.00
  S1-3                     0.000    0.0    0.0    0.0       0.000    0.0       0  00:00       0.00
  S1-2                     0.000    0.0    0.0    0.0       0.000    0.0       0  00:00       0.00
  S1-1                     0.000    0.0    0.0    0.0       0.000    0.0       0  00:00       0.00
  S1-4                     0.362    3.6    0.0    0.0       0.459    4.6       0  23:58       0.07
  F14071                   0.000    0.0    0.0    0.0       0.000    0.0       0  00:00       0.00
  S1-49                    0.000    0.0    0.0    0.0       0.000    0.0       0  00:00       0.00
  S1-7                     0.000    0.0    0.0    0.0       0.000    0.0       0  00:00       0.00
  S1-F2                    0.000    0.0    0.0    0.0       0.000    0.0       0  00:00       0.00
  J65                      0.000    0.0    0.0    0.0       0.000    0.0       0  00:00       0.00
  J112                     0.000    0.0    0.0    0.0       0.000    0.0       0  00:00       0.00
  J170                     0.099   98.7    0.0    0.0       0.100  100.0       0  08:15       0.02
  J171                     0.000    0.0    0.0    0.0       0.000    0.0       0  00:00       0.00
  J176                     0.000    0.0    0.0    0.0       0.000    0.0       0  00:00       0.00
  J152                     0.000    0.0    0.0    0.0       0.000    0.0       0  00:00       0.00
  J190                     0.070   70.0    0.0    0.0       0.071   70.7       0  00:07       1.43
  V2                       0.000    0.0    0.0    0.0       0.000    0.0       0  00:00       0.00
  J5001                    0.000    0.0    0.0    0.0       0.000    0.0       0  00:00       0.00
  N-INLET                  0.000    0.0    0.0    0.0       0.000    0.0       0  00:00       0.00
  N-OUT                    0.000    0.0    0.0    0.0       0.000    0.0       0  00:00       0.00
  S-INLET                  0.000    0.0    0.0    0.0       0.000    0.0       0  00:00       0.00
  S-OUT                    0.000    0.0    0.0    0.0       0.000    0.0       0  00:00       0.00
  S190                     0.000    0.0    0.0    0.0       0.000    0.0       0  00:00       1.00
  J13675                   0.000    0.0    0.0    0.0       0.000    0.0       0  00:00       0.00
  J71                      0.000    0.0    0.0    0.0       0.000    0.0       0  00:00       0.00
  J115                     0.000    0.0    0.0    0.0       0.000    0.0       0  00:00       0.00
  V1                       0.000    0.0    0.0    0.0       0.000    0.0       0  00:00       0.00
  S200                     0.000    0.0    0.0    0.0       0.000    0.0       0  00:00       0.00
  J200                     0.000    0.0    0.0    0.0       0.000    0.0       0  00:00       0.00
  L14034                   0.000    0.0    0.0    0.0       0.000    0.0       0  00:00       0.00
  J1002                    0.000    0.0    0.0    0.0       0.000    0.0       0  00:00       0.00
  J2                       0.000    0.0    0.0    0.0       0.000    0.0       0  00:00       0.00
  J2.5                     0.000    0.0    0.0    0.0       0.000    0.0       0  00:00       0.00
  J2.3                     0.000    0.0    0.0    0.0       0.000    0.0       0  00:00       0.00
  J2.1                     0.000    0.0    0.0    0.0       0.000    0.0       0  00:00       0.00
  J55                      0.000    0.0    0.0    0.0       0.000    0.0       0  00:00       0.00
  G14320                   0.000    0.0    0.0    0.0       0.000    0.0       0  00:00       0.00
  J50                      0.000    0.0    0.0    0.0       0.000    0.0       0  00:00       0.00
  J17352                   0.000    0.0    0.0    0.0       0.000    0.0       0  00:00       0.00
  J1009                    0.000    0.0    0.0    0.0       0.000    0.0       0  00:00       0.00
  J117                     0.099   99.4    0.0    0.0       0.100  100.0       0  00:24       0.00
  J267                     0.000    0.0    0.0    0.0       0.000    0.0       0  00:00       0.00
  S53                      0.000    0.0    0.0    0.0       0.000    0.0       0  00:00       0.00
  J53                      0.000    0.0    0.0    0.0       0.000    0.0       0  00:00       0.00
  JPVT53                   0.000    0.0    0.0    0.0       0.000    0.0       0  00:00       0.00
  J253                     0.000    0.0    0.0    0.0       0.000    0.0       0  00:00       0.00
  J17                      0.000    0.0    0.0    0.0       0.000    0.0       0  00:00       0.00
  J52                      0.000    0.0    0.0    0.0       0.000    0.0       0  00:00       0.00
  J44                      0.000    0.0    0.0    0.0       0.000    0.0       0  00:00       0.00
  J4                       0.000    0.0    0.0    0.0       0.000    0.0       0  00:00       0.00
  J5                       0.098   97.6    0.0    0.0       0.100  100.0       0  01:48       0.00
  J6                       0.000    0.0    0.0    0.0       0.000    0.0       0  00:00       0.00
  J7                       0.000    0.0    0.0    0.0       0.000    0.0       0  00:00       0.00
  J8                       0.000    0.0    0.0    0.0       0.000    0.0       0  00:00       0.00
  J9                       0.000    0.0    0.0    0.0       0.000    0.0       0  00:00       0.00
  J10                      0.000    0.0    0.0    0.0       0.000    0.0       0  00:00       0.00
  J11                      0.090   90.3    0.0    0.0       0.100  100.0       0  05:51       0.00
  J16                      0.000    0.0    0.0    0.0       0.000    0.0       0  00:00       0.00
  J1018                    0.056   56.0    0.0    0.0       0.057   57.1       0  02:38       0.03
  J1085                    0.000    0.0    0.0    0.0       0.000    0.0       0  00:00       0.00
  J1029                    0.000    0.0    0.0    0.0       0.000    0.0       0  00:00       0.00
  J1032                    0.000    0.0    0.0    0.0       0.000    0.0       0  00:00       0.00
  J1033                    0.000    0.0    0.0    0.0       0.000    0.0       0  00:00       0.00
  J1034                    0.000    0.0    0.0    0.0       0.000    0.0       0  00:00       0.00
  J1035                    0.000    0.0    0.0    0.0       0.000    0.0       0  00:00       0.00
  J1037                    0.000    0.0    0.0    0.0       0.000    0.0       0  00:00       0.00
  J1038                    0.000    0.0    0.0    0.0       0.000    0.0       0  00:00       0.00
  J1041                    0.000    0.0    0.0    0.0       0.000    0.0       0  00:00       0.00
  J1042                    0.000    0.0    0.0    0.0       0.000    0.0       0  00:00       0.00
  J1045                    0.000    0.0    0.0    0.0       0.000    0.0       0  00:00       0.00
  J1046                    0.000    0.0    0.0    0.0       0.000    0.0       0  00:00       0.00
  J1047                    0.000    0.0    0.0    0.0       0.000    0.0       0  00:00       0.00
  J1054                    0.000    0.0    0.0    0.0       0.000    0.0       0  00:00       0.00
  J1060                    0.000    0.0    0.0    0.0       0.000    0.0       0  00:00       0.00
  J1061                    0.000    0.0    0.0    0.0       0.000    0.0       0  00:00       0.00
  J62                      0.098   98.4    0.0    0.0       0.100  100.0       0  01:06       0.00
  J1063                    0.000    0.0    0.0    0.0       0.000    0.0       0  00:00       0.00
  J1064                    0.000    0.0    0.0    0.0       0.000    0.0       0  00:00       0.00
  J1066                    0.000    0.0    0.0    0.0       0.000    0.0       0  00:00       0.00
  1541                     0.000    0.0    0.0    0.0       0.000    0.0       0  00:00       0.00
  J1072                    0.000    0.0    0.0    0.0       0.000    0.0       0  00:00       0.00
  J1075                    0.000    0.0    0.0    0.0       0.000    0.0       0  00:00       0.00
  J1076                    0.000    0.0    0.0    0.0       0.000    0.0       0  00:00       0.00
  J1077                    0.000    0.0    0.0    0.0       0.000    0.0       0  00:00       0.00
  J1080                    0.000    0.0    0.0    0.0       0.000    0.0       0  00:00       0.00
  J1081                    0.000    0.0    0.0    0.0       0.000    0.0       0  00:00       0.00
  J1082                    0.000    0.0    0.0    0.0       0.000    0.0       0  00:00       0.00
  J1083                    0.000    0.0    0.0    0.0       0.000    0.0       0  00:00       0.00
  J1084                    0.000    0.0    0.0    0.0       0.000    0.0       0  00:00       0.00
  J1101                    0.062   62.0    0.0    0.0       0.063   63.0       0  00:09       0.62
  J1104                    0.000    0.0    0.0    0.0       0.000    0.0       0  00:00       0.00
  J1130                    0.000    0.0    0.0    0.0       0.000    0.0       0  00:00       0.00
  J1132                    0.000    0.0    0.0    0.0       0.000    0.0       0  00:00       0.00
  J1133                    0.000    0.0    0.0    0.0       0.000    0.0       0  00:00       0.00
  J1134                    0.000    0.0    0.0    0.0       0.000    0.0       0  00:00       0.00
  J1135                    0.000    0.0    0.0    0.0       0.000    0.0       0  00:00       0.00
  J1136                    0.000    0.0    0.0    0.0       0.000    0.0       0  00:00       0.00
  J1137                    0.000    0.0    0.0    0.0       0.000    0.0       0  00:00       0.00
  J1138                    0.000    0.0    0.0    0.0       0.000    0.0       0  00:00       0.00
  J152a                    0.000    0.0    0.0    0.0       0.000    0.0       0  00:00       0.00
  1642                     0.000    0.0    0.0    0.0       0.000    0.0       0  00:00       0.00
  J1191                    0.000    0.0    0.0    0.0       0.000    0.0       0  00:00       0.00
  J1200                    0.000    0.0    0.0    0.0       0.000    0.0       0  00:00       0.00
  J14460                   0.126  100.0    0.0    0.0       0.126  100.0       0  00:02       0.00
  temp1                    0.000    0.0    0.0    0.0       0.000    0.0       0  00:00       0.00
  S164                     0.000    0.0    0.0    0.0       0.000    0.0       0  00:00       0.00
  1702                     0.000    0.0    0.0    0.0       0.000    0.0       0  00:00       0.00
  J15151                   0.000    0.0    0.0    0.0       0.000    0.0       0  00:00       0.00
  J1167                    0.000    0.0    0.0    0.0       0.000    0.0       0  00:00       0.00
  J1146                    0.000    0.0    0.0    0.0       0.000    0.0       0  00:00       0.00
  CGS001                   0.000    0.0    0.0    0.0       0.000    0.0       0  00:00       0.00
  CGJ001                   0.000    0.0    0.0    0.0       0.000    0.0       0  00:00       0.00
  CGMH1001                 0.000    0.0    0.0    0.0       0.000    0.0       0  00:00       0.00
  CGMH2001                 0.000    0.0    0.0    0.0       0.000    0.0       0  00:00       0.00
  CGJ002                   0.000    0.0    0.0    0.0       0.000    0.0       0  00:00       0.00
  CGJ1002                  0.000    0.0    0.0    0.0       0.000    0.0       0  00:00       0.00
  CGS006                   0.000    0.0    0.0    0.0       0.000    0.0       0  00:00       0.00
  CGJ006                   0.000    0.0    0.0    0.0       0.000    0.0       0  00:00       0.00
  CGJ1005                  0.000    0.0    0.0    0.0       0.000    0.0       0  00:00       0.00
  CGJ2003                  0.000    0.0    0.0    0.0       0.000    0.0       0  00:00       0.00
  CGJ005                   0.000    0.0    0.0    0.0       0.000    0.0       0  00:00       0.00
  CGS005                   0.000    0.0    0.0    0.0       0.000    0.0       0  00:00       0.00
  CGJ003                   0.000    0.0    0.0    0.0       0.000    0.0       0  00:00       0.00
  CGS003                   0.000    0.0    0.0    0.0       0.000    0.0       0  00:00       0.00
  CGJ1003                  0.000    0.0    0.0    0.0       0.000    0.0       0  00:00       0.00
  CGJ004                   0.000    0.0    0.0    0.0       0.000    0.0       0  00:00       0.00
  CGS004                   0.000    0.0    0.0    0.0       0.000    0.0       0  00:00       0.00
  CGJ2008                  0.001  100.0    0.0    0.0       0.001  100.0       0  00:04       0.00
  CGJ1008                  0.000    0.0    0.0    0.0       0.000    0.0       0  00:00       0.00
  CGS008                   0.000    0.0    0.0    0.0       0.000    0.0       0  00:00       0.00
  CGJ008                   0.000    0.0    0.0    0.0       0.000    0.0       0  00:00       0.00
  CGJ1007                  0.000    0.0    0.0    0.0       0.000    0.0       0  00:00       0.00
  CGS007                   0.000    0.0    0.0    0.0       0.000    0.0       0  00:00       0.00
  CGJ007                   0.000    0.0    0.0    0.0       0.000    0.0       0  00:00       0.00
  CGJ1009                  0.000    0.0    0.0    0.0       0.000    0.0       0  00:00       0.00
  CGJ009                   0.000    0.0    0.0    0.0       0.000    0.0       0  00:00       0.00
  CGS009                   0.000    0.0    0.0    0.0       0.000    0.0       0  00:00       0.00
  CGMH2015                 0.000    0.0    0.0    0.0       0.000    0.0       0  00:00       0.00
  CGMH1015                 0.000    0.0    0.0    0.0       0.000    0.0       0  00:00       0.00
  CGMH2011                 0.000    0.0    0.0    0.0       0.000    0.0       0  00:00       0.00
  CGMH1011                 0.000    0.0    0.0    0.0       0.000    0.0       0  00:00       0.00
  CGMH1013                 0.000    0.0    0.0    0.0       0.000    0.0       0  00:00       0.00
  CGJ013                   0.000    0.0    0.0    0.0       0.000    0.0       0  00:00       0.00
  CGS013                   0.000    0.0    0.0    0.0       0.000    0.0       0  00:00       0.00
  CGMH1014                 0.000    0.0    0.0    0.0       0.000    0.0       0  00:00       0.00
  CGJ014                   0.000    0.0    0.0    0.0       0.000    0.0       0  00:00       0.00
  CGJ011                   0.000    0.0    0.0    0.0       0.000    0.0       0  00:00       0.00
  CGS011                   0.000    0.0    0.0    0.0       0.000    0.0       0  00:00       0.00
  CGMH2010                 0.000    0.0    0.0    0.0       0.000    0.0       0  00:00       0.00
  CGMH1012                 0.000    0.0    0.0    0.0       0.000    0.0       0  00:00       0.00
  CGMH1010                 0.000    0.0    0.0    0.0       0.000    0.0       0  00:00       0.00
  CGJ010                   0.000    0.0    0.0    0.0       0.000    0.0       0  00:00       0.00
  CGS010                   0.000    0.0    0.0    0.0       0.000    0.0       0  00:00       0.00
  CGJ012                   0.000    0.0    0.0    0.0       0.000    0.0       0  00:00       0.00
  CGS012                   0.000    0.0    0.0    0.0       0.000    0.0       0  00:00       0.00
  CGMH2018                 0.000    0.0    0.0    0.0       0.000    0.0       0  00:00       0.00
  CGMH1018                 0.000    0.0    0.0    0.0       0.000    0.0       0  00:00       0.00
  CGMH1021                 0.000    0.0    0.0    0.0       0.000    0.0       0  00:00       0.00
  CGMH1023                 0.000    0.0    0.0    0.0       0.000    0.0       0  00:00       0.00
  CGJ023                   0.000    0.0    0.0    0.0       0.000    0.0       0  00:00       0.00
  CGS023                   0.000    0.0    0.0    0.0       0.000    0.0       0  00:00       0.00
  CGJ018                   0.000    0.0    0.0    0.0       0.000    0.0       0  00:00       0.00
  CGS018                   0.000    0.0    0.0    0.0       0.000    0.0       0  00:00       0.00
  CGMH1019                 0.000    0.0    0.0    0.0       0.000    0.0       0  00:00       0.00
  CGJ019                   0.000    0.0    0.0    0.0       0.000    0.0       0  00:00       0.00
  CGS019                   0.000    0.0    0.0    0.0       0.000    0.0       0  00:00       0.00
  CGS025                   0.000    0.0    0.0    0.0       0.000    0.0       0  00:00       0.00
  CGMH2024                 0.000    0.0    0.0    0.0       0.000    0.0       0  00:00       0.00
  CGMH1024                 0.000    0.0    0.0    0.0       0.000    0.0       0  00:00       0.00
  CGMH1026                 0.000    0.0    0.0    0.0       0.000    0.0       0  00:00       0.00
  CGJ024                   0.000    0.0    0.0    0.0       0.000    0.0       0  00:00       0.00
  CGS024                   0.000    0.0    0.0    0.0       0.000    0.0       0  00:00       0.00
  CGJ026                   0.000    0.0    0.0    0.0       0.000    0.0       0  00:00       0.00
  CGS026                   0.000    0.0    0.0    0.0       0.000    0.0       0  00:00       0.00
  CGJ027                   0.000    0.0    0.0    0.0       0.000    0.0       0  00:00       0.00
  CGS027                   0.000    0.0    0.0    0.0       0.000    0.0       0  00:00       0.00
  CGS016                   0.000    0.0    0.0    0.0       0.000    0.0       0  00:00       0.00
  CGJ016                   0.000    0.0    0.0    0.0       0.000    0.0       0  00:00       0.00
  CGMH1016                 0.000    0.0    0.0    0.0       0.000    0.0       0  00:00       0.00
  CGS017                   0.000    0.0    0.0    0.0       0.000    0.0       0  00:00       0.00
  CGMH1017                 0.000    0.0    0.0    0.0       0.000    0.0       0  00:00       0.00
  CGJ015                   0.000    0.0    0.0    0.0       0.000    0.0       0  00:00       0.00
  CGS034                   0.000    0.0    0.0    0.0       0.000    0.0       0  00:00       0.00
  CGJ034                   0.000    0.0    0.0    0.0       0.000    0.0       0  00:00       0.00
  CGJ1033                  0.000    0.0    0.0    0.0       0.000    0.0       0  00:00       0.00
  CGS033                   0.000    0.0    0.0    0.0       0.000    0.0       0  00:00       0.00
  CGJ033                   0.000    0.0    0.0    0.0       0.000    0.0       0  00:00       0.00
  CGMH2031                 0.000    0.0    0.0    0.0       0.000    0.0       0  00:00       0.00
  CGS036                   0.000    0.0    0.0    0.0       0.000    0.0       0  00:00       0.00
  CGJ036                   0.000    0.0    0.0    0.0       0.000    0.0       0  00:00       0.00
  CGMH1036                 0.000    0.0    0.0    0.0       0.000    0.0       0  00:00       0.00
  CGS031                   0.000    0.0    0.0    0.0       0.000    0.0       0  00:00       0.00
  CGJ031                   0.000    0.0    0.0    0.0       0.000    0.0       0  00:00       0.00
  CGMH1031                 0.000    0.0    0.0    0.0       0.000    0.0       0  00:00       0.00
  CGMH2030                 0.000    0.0    0.0    0.0       0.000    0.0       0  00:00       0.00
  CGS029                   0.000    0.0    0.0    0.0       0.000    0.0       0  00:00       0.00
  CGS030                   0.000    0.0    0.0    0.0       0.000    0.0       0  00:00       0.00
  CGJ030                   0.000    0.0    0.0    0.0       0.000    0.0       0  00:00       0.00
  CGMH1030                 0.000    0.0    0.0    0.0       0.000    0.0       0  00:00       0.00
  CGJ029                   0.000    0.0    0.0    0.0       0.000    0.0       0  00:00       0.00
  CGS028                   0.000    0.0    0.0    0.0       0.000    0.0       0  00:00       0.00
  CGJ028                   0.000    0.0    0.0    0.0       0.000    0.0       0  00:00       0.00
  CGS022                   0.000    0.0    0.0    0.0       0.000    0.0       0  00:00       0.00
  CGJ022                   0.000    0.0    0.0    0.0       0.000    0.0       0  00:00       0.00
  CGMH1022                 0.000    0.0    0.0    0.0       0.000    0.0       0  00:00       0.00
  CGJ021                   0.000    0.0    0.0    0.0       0.000    0.0       0  00:00       0.00
  CGMH2016                 0.000    0.0    0.0    0.0       0.000    0.0       0  00:00       0.00
  CGS002                   0.000    0.0    0.0    0.0       0.000    0.0       0  00:00       0.00
  CGJ017                   0.000    0.0    0.0    0.0       0.000    0.0       0  00:00       0.00
  CGS015                   0.000    0.0    0.0    0.0       0.000    0.0       0  00:00       0.00
  CGS014                   0.000    0.0    0.0    0.0       0.000    0.0       0  00:00       0.00
  CGS021                   0.000    0.0    0.0    0.0       0.000    0.0       0  00:00       0.00
  CGS020                   0.000    0.0    0.0    0.0       0.000    0.0       0  00:00       0.00
  CGMH3033                 0.000    0.0    0.0    0.0       0.000    0.0       0  00:00       0.00
  CGJ2033                  0.000    0.0    0.0    0.0       0.000    0.0       0  00:00       0.00
  CGMH4033                 0.000    0.0    0.0    0.0       0.000    0.0       0  00:00       0.00
  CGMH3001                 0.000    0.0    0.0    0.0       0.000    0.0       0  00:00       0.00
  CGJ2009                  0.000    0.0    0.0    0.0       0.000    0.0       0  00:00       0.00
  CGMH2026                 0.000    0.0    0.0    0.0       0.000    0.0       0  00:00       0.00
  CGJ3008                  0.000    0.0    0.0    0.0       0.000    0.0       0  00:00       0.00
  CGJ1015                  0.000    0.0    0.0    0.0       0.000    0.0       0  00:00       0.00
  CGJ1020                  0.000    0.0    0.0    0.0       0.000    0.0       0  00:00       0.00
  CGJ1025                  0.000    0.0    0.0    0.0       0.000    0.0       0  00:00       0.00
  CGJ3029                  0.000    0.0    0.0    0.0       0.000    0.0       0  00:00       0.00
  MSS006                   0.000    0.0    0.0    0.0       0.000    0.0       0  00:00       0.00
  MSJ006                   0.000    0.0    0.0    0.0       0.000    0.0       0  00:00       0.00
  MSMH071                  0.000    0.0    0.0    0.0       0.000    0.0       0  00:00       0.00
  MSS007                   0.000    0.0    0.0    0.0       0.000    0.0       0  00:00       0.00
  MSJ007                   0.000    0.0    0.0    0.0       0.000    0.0       0  00:00       0.00
  MSMH813A                 0.000    0.0    0.0    0.0       0.000    0.0       0  00:00       0.00
  MSS005                   0.000    0.0    0.0    0.0       0.000    0.0       0  00:00       0.00
  MSJ005                   0.000    0.0    0.0    0.0       0.000    0.0       0  00:00       0.00
  MSJ1004                  0.000    0.0    0.0    0.0       0.000    0.0       0  00:00       0.00
  MSMH514                  0.000    0.0    0.0    0.0       0.000    0.0       0  00:00       0.00
  MSS004                   0.000    0.0    0.0    0.0       0.000    0.0       0  00:00       0.00
  MSJ004                   0.000    0.0    0.0    0.0       0.000    0.0       0  00:00       0.00
  MSS003                   0.000    0.0    0.0    0.0       0.000    0.0       0  00:00       0.00
  MSJ003                   0.000    0.0    0.0    0.0       0.000    0.0       0  00:00       0.00
  MSMH088                  0.000    0.0    0.0    0.0       0.000    0.0       0  00:00       0.00
  MSS002                   0.000    0.0    0.0    0.0       0.000    0.0       0  00:00       0.00
  MSJ002                   0.000    0.0    0.0    0.0       0.000    0.0       0  00:00       0.00
  MSS001                   0.000    0.0    0.0    0.0       0.000    0.0       0  00:00       0.00
  MSJ001                   0.000    0.0    0.0    0.0       0.000    0.0       0  00:00       0.00
  MSJ2001                  0.000    0.0    0.0    0.0       0.000    0.0       0  00:00       0.00
  MSS009                   0.000    0.0    0.0    0.0       0.000    0.0       0  00:00       0.00
  MSJ009                   0.000    0.0    0.0    0.0       0.000    0.0       0  00:00       0.00
  MSS008                   0.000    0.0    0.0    0.0       0.000    0.0       0  00:00       0.00
  MSJ008                   0.000    0.0    0.0    0.0       0.000    0.0       0  00:00       0.00
  MSMH009                  0.000    0.0    0.0    0.0       0.000    0.0       0  00:00       0.00
  MSMH084                  0.000    0.0    0.0    0.0       0.000    0.0       0  00:00       0.00
  MSJ1009                  0.000    0.0    0.0    0.0       0.000    0.0       0  00:00       0.00
  MSMH057                  0.000    0.0    0.0    0.0       0.000    0.0       0  00:00       0.00
  MSMH045                  0.000    0.0    0.0    0.0       0.000    0.0       0  00:00       0.00
  MSS010                   0.000    0.0    0.0    0.0       0.000    0.0       0  00:00       0.00
  MSJ010                   0.000    0.0    0.0    0.0       0.000    0.0       0  00:00       0.00
  MSJ1011                  0.000    0.0    0.0    0.0       0.000    0.0       0  00:00       0.00
  MSS011                   0.000    0.0    0.0    0.0       0.000    0.0       0  00:00       0.00
  MSMH501                  0.000    0.0    0.0    0.0       0.000    0.0       0  00:00       0.00
  MSMH585                  0.000    0.0    0.0    0.0       0.000    0.0       0  00:00       0.00
  MSJ011                   0.000    0.0    0.0    0.0       0.000    0.0       0  00:00       0.00
  MSMH001                  0.000    0.0    0.0    0.0       0.000    0.0       0  00:00       0.00
  WMS003                   0.000    0.0    0.0    0.0       0.000    0.0       0  00:00       0.00
  WMJ003                   0.000    0.0    0.0    0.0       0.000    0.0       0  00:00       0.00
  WMJ1001                  0.000    0.0    0.0    0.0       0.000    0.0       0  00:00       0.00
  WMJ2001                  0.000    0.0    0.0    0.0       0.000    0.0       0  00:00       0.00
  WMS001                   0.000    0.0    0.0    0.0       0.000    0.0       0  00:00       0.00
  WMS004                   0.000    0.0    0.0    0.0       0.000    0.0       0  00:00       0.00
  WMJ004                   0.000    0.0    0.0    0.0       0.000    0.0       0  00:00       0.00
  WMJ1002                  0.000    0.0    0.0    0.0       0.000    0.0       0  00:00       0.00
  WMS002                   0.000    0.0    0.0    0.0       0.000    0.0       0  00:00       0.00
  WMJ2                     0.000    0.0    0.0    0.0       0.000    0.0       0  00:00       0.00
  WMJ3002                  0.000    0.0    0.0    0.0       0.000    0.0       0  00:00       0.00
  J1.8                     0.079   79.3    0.0    0.0       0.100  100.0       0  12:10       0.00
  J1.3                     0.079   79.3    0.0    0.0       0.100  100.0       0  12:10       0.00
  J1.6                     0.079   79.3    0.0    0.0       0.100  100.0       0  12:10       0.00
  J1.5                     0.079   79.3    0.0    0.0       0.100  100.0       0  12:10       0.00
  J2.2                     0.000    0.0    0.0    0.0       0.000    0.0       0  00:00       0.00
  J2.4                     0.000    0.0    0.0    0.0       0.000    0.0       0  00:00       0.00
  S187                     0.000    0.0    0.0    0.0       0.000    0.0       0  00:00       0.00
  J3056                    0.000    0.0    0.0    0.0       0.000    0.0       0  00:00       0.00
  S177                     0.000    0.0    0.0    0.0       0.000    0.0       0  00:00       0.00
  J177                     0.000    0.0    0.0    0.0       0.000    0.0       0  00:00       0.00
  
  
  ***********************
  Outfall Loading Summary
  ***********************
  
  -----------------------------------------------------------
                         Flow       Avg       Max       Total
                         Freq      Flow      Flow      Volume
  Outfall Node           Pcnt       CFS       CFS    10^6 gal
  -----------------------------------------------------------
  J2146                  0.00      0.00      0.00       0.000
  -----------------------------------------------------------
  System                 0.00      0.00      0.00       0.000
  
  
  ********************
  Link Flow Summary
  ********************
  
  -----------------------------------------------------------------------------
                                 Maximum  Time of Max   Maximum    Max/    Max/
                                  |Flow|   Occurrence   |Veloc|    Full    Full
  Link                 Type          CFS  days hr:min    ft/sec    Flow   Depth
  -----------------------------------------------------------------------------
  PF14238              CONDUIT      0.34     0  03:16      1.34    0.04    0.42
  PF14239              CONDUIT      0.28     0  00:24      1.20    0.04    0.13
  PF14244              CONDUIT      0.00     0  00:00      0.00    0.00    0.00
  PF14246              CONDUIT      0.00     0  00:00      0.00    0.00    0.50
  PF14269              CONDUIT      0.75     0  11:41      1.42    0.04    0.13
  PF14295              CONDUIT      0.75     0  07:57      1.58    0.02    0.30
  PF14304              CONDUIT      1.01     0  04:55      1.21    0.02    0.74
  PF14308              CONDUIT      1.01     0  04:57      0.32    0.06    0.97
  PF14309              CONDUIT      1.00     0  05:13      0.27    0.02    0.52
  PF14310              CONDUIT      1.00     0  05:30      2.22    0.02    0.17
  PF14313              CONDUIT      1.05     0  08:02      1.68    0.05    0.47
  PF14318              CONDUIT      1.08     0  04:47      2.15    0.04    0.85
  PF14321              CONDUIT      1.08     0  05:51      0.85    0.15    1.00
  PF14341              CONDUIT      0.00     0  00:00      0.00    0.00    0.07
  PF14379              CONDUIT      0.00     0  00:00      0.00    0.00    0.00
  PF14386              CONDUIT      0.00     0  00:00      0.00    0.00    0.00
  PE14441              CONDUIT      0.75     0  13:07      0.19    0.02    0.55
  PE14462              CONDUIT      0.75     0  07:52      0.99    0.12    1.00
  PE14458              CONDUIT      0.75     0  07:52      1.10    0.20    1.00
  PF14277              CONDUIT      0.75     0  07:54      1.65    0.02    0.12
  PF14378              CONDUIT      0.00     0  00:00      0.00    0.00    0.00
  G186                 CONDUIT      0.00     0  00:00      0.00    0.00    0.00
  PH12280              CONDUIT      0.00     0  00:00      0.00    0.00    0.00
  PH12345              CONDUIT      0.00     0  00:00      0.00    0.00    0.00
  G76                  CONDUIT      0.00     0  00:00      0.00    0.00    0.00
  PG11198              CONDUIT      0.00     0  00:00      0.00    0.00    0.00
  PG11203              CONDUIT      0.00     0  00:00      0.00    0.00    0.00
  PG11232              CONDUIT      0.00     0  00:00      0.00    0.00    0.00
  PG11235              CONDUIT      0.00     0  00:00      0.00    0.00    0.00
  PG11238              CONDUIT      0.00     0  00:00      0.00    0.00    0.00
  PG11239              CONDUIT      0.00     0  00:00      0.00    0.00    0.00
  PG12074              CONDUIT      0.00     0  00:00      0.00    0.00    0.00
  PG12089              CONDUIT      0.00     0  00:00      0.00    0.00    0.00
  PG12173              CONDUIT      0.00     0  00:00      0.00    0.00    0.00
  PH12081              CONDUIT      0.00     0  00:00      0.00    0.00    0.00
  PH12083              CONDUIT      0.00     0  00:00      0.00    0.00    0.00
  1072                 CONDUIT      0.00     0  00:00      0.00    0.00    0.00
  G85                  CONDUIT      0.00     0  00:00      0.00    0.00    0.00
  PG13010              CONDUIT      0.00     0  00:00      0.00    0.00    0.00
  PG13053              CONDUIT      0.00     0  00:00      0.00    0.00    0.00
  PG13083              CONDUIT      0.00     0  00:00      0.00    0.00    0.00
  PG13098              CONDUIT      0.00     0  00:00      0.00    0.00    0.00
  PG13115              CONDUIT      0.00     0  00:00      0.00    0.00    0.00
  PG13120              CONDUIT      0.00     0  00:00      0.00    0.00    0.00
  PH13146              CONDUIT      0.00     0  00:00      0.00    0.00    0.00
  PH13157              CONDUIT      0.00     0  00:00      0.00    0.00    0.00
  PH13183              CONDUIT      0.00     0  00:00      0.00    0.00    0.00
  PH13186              CONDUIT      0.00     0  00:00      0.00    0.00    0.00
  PG13085              CONDUIT      0.00     0  00:00      0.00    0.00    0.00
  PG13068              CONDUIT      0.00     0  00:00      0.00    0.00    0.00
  PG14SPU1             CONDUIT      0.00     0  00:00      0.00    0.00    0.00
  PG14024              CONDUIT      0.00     0  00:00      0.00    0.00    0.00
  PF14012(F)           CONDUIT      0.00     0  00:00      0.00    0.00    0.00
  G54                  CONDUIT      0.00     0  00:00      0.00    0.00    0.00
  PG13127              CONDUIT      0.00     0  00:00      0.00    0.00    0.00
  PG13126              CONDUIT      0.00     0  00:00      0.00    0.00    0.00
  PG13124              CONDUIT      0.00     0  00:00      0.00    0.00    0.00
  PG13121              CONDUIT      0.00     0  00:00      0.00    0.00    0.00
  PG13019              CONDUIT      0.00     0  00:00      0.00    0.00    0.00
  1075                 CONDUIT      0.00     0  00:00      0.00    0.00    0.00
  PG13093              CONDUIT      0.00     0  00:00      0.00    0.00    0.00
  G45                  CONDUIT      0.00     0  00:00      0.00    0.00    0.00
  PF13856              CONDUIT      0.00     0  00:00      0.00    0.00    0.00
  G7                   CONDUIT      0.00     0  00:00      0.00    0.00    0.00
  PF13851              CONDUIT      0.00     0  00:00      0.00    0.00    0.00
  PJ15151              CONDUIT      0.00     0  00:00      0.00    0.00    0.00
  PJ15172              CONDUIT      0.00     0  00:00      0.00    0.00    0.00
  PJ16183              CONDUIT      0.00     0  00:00      0.00    0.00    0.00
  PJ216273             CONDUIT      0.00     0  00:00      0.00    0.00    0.00
  PF14004              CONDUIT      0.00     0  00:00      0.00    0.00    0.00
  PF14071              CONDUIT      0.00     0  00:00      0.00    0.00    0.00
  PF14106              CONDUIT      0.00     0  00:00      0.00    0.00    0.00
  PF14107              CONDUIT      0.00     0  00:00      0.00    0.00    0.00
  PF14112              CONDUIT      0.00     0  00:00      0.00    0.00    0.00
  PF14116              CONDUIT      0.00     0  00:00      0.00    0.00    0.00
  PF14118              CONDUIT      0.00     0  00:00      0.00    0.00    0.00
  PF14145              CONDUIT      0.00     0  00:00      0.00    0.00    0.00
  PF15031              CONDUIT      0.00     0  00:00      0.00    0.00    0.00
  PF15034              CONDUIT      0.00     0  00:00      0.00    0.00    0.00
  PF15076              CONDUIT      0.00     0  00:00      0.00    0.00    0.00
  PF15077              CONDUIT      0.00     0  00:00      0.00    0.00    0.00
  PF15078              CONDUIT      0.00     0  00:00      0.00    0.00    0.00
  PF15130              CONDUIT      0.00     0  00:00      0.00    0.00    0.00
  PF15376              CONDUIT      0.00     0  00:00      0.00    0.00    0.00
  PF15817              CONDUIT      0.00     0  00:00      0.00    0.00    0.00
  PF15812              CONDUIT      0.00     0  00:00      0.00    0.00    0.00
  PF15837              CONDUIT      0.00     0  00:00      0.00    0.00    0.00
  PF16614              CONDUIT      0.00     0  00:00      0.00    0.00    0.00
  PG15081              CONDUIT      0.00     0  00:00      0.00    0.00    0.00
  PG15082              CONDUIT      0.00     0  00:00      0.00    0.00    0.00
  PG15187              CONDUIT      0.00     0  00:00      0.00    0.00    0.00
  PG15257              CONDUIT      0.00     0  00:00      0.00    0.00    0.00
  PG15284              CONDUIT      0.00     0  00:00      0.00    0.00    0.00
  PG15435              CONDUIT      0.00     0  00:00      0.00    0.00    0.00
  PG15443              CONDUIT      0.00     0  00:00      0.00    0.00    0.00
  PG15351              CONDUIT      0.00     0  00:00      0.00    0.00    0.00
  PG16087              CONDUIT      0.00     0  00:00      0.00    0.00    0.00
  PG16470              CONDUIT      0.00     0  00:00      0.00    0.00    0.00
  PG16514              CONDUIT      0.00     0  00:00      0.00    0.00    0.00
  PG16520.1            CONDUIT      0.00     0  00:00      0.00    0.00    0.00
  PG16520.2            CONDUIT      0.00     0  00:00      0.00    0.00    0.00
  PG16528              CONDUIT      0.00     0  00:00      0.00    0.00    0.00
  PH15431              CONDUIT      0.00     0  00:00      0.00    0.00    0.00
  PH15557              CONDUIT      0.00     0  00:00      0.00    0.00    0.00
  PH15558              CONDUIT      0.00     0  00:00      0.00    0.00    0.00
  PH15559              CONDUIT      0.00     0  00:00      0.00    0.00    0.00
  PH15563              CONDUIT      0.00     0  00:00      0.00    0.00    0.00
  PH15568              CONDUIT      0.00     0  00:00      0.00    0.00    0.00
  PH16001              CONDUIT      0.00     0  00:00      0.00    0.00    0.00
  PH16281              CONDUIT      0.00     0  00:00      0.00    0.00    0.00
  PH16426              CONDUIT      0.00     0  00:00      0.00    0.00    0.00
  PH16306              CONDUIT      0.00     0  00:00      0.00    0.00    0.00
  PH16308              CONDUIT      0.00     0  00:00      0.00    0.00    0.00
  PH16394              CONDUIT      0.00     0  00:00      0.00    0.00    0.00
  PH16396              CONDUIT      0.00     0  00:00      0.00    0.00    0.00
  PF14153              CONDUIT      0.00     0  00:00      0.00    0.00    0.00
  PF14078              CONDUIT      0.00     0  00:00      0.00    0.00    0.00
  PG15261              CONDUIT      0.00     0  00:00      0.00    0.00    0.00
  10050                CONDUIT      0.00     0  00:00      0.00    0.00    0.00
  PG15334              CONDUIT      0.00     0  00:00      0.00    0.00    0.00
  PG15186              CONDUIT      0.00     0  00:00      0.00    0.00    0.00
  G15185               CONDUIT      0.00     0  00:00      0.00    0.00    0.00
  G15184               CONDUIT      0.00     0  00:00      0.00    0.00    0.00
  G16518               CONDUIT      0.00     0  00:00      0.00    0.00    0.00
  G16464               CONDUIT      0.00     0  00:00      0.00    0.00    0.00
  F15752               CONDUIT      0.00     0  00:00      0.00    0.00    0.00
  F15834               CONDUIT      0.00     0  00:00      0.00    0.00    0.00
  2156                 CONDUIT      0.00     0  00:00      0.00    0.00    0.00
  1152                 CONDUIT      0.00     0  00:00      0.00    0.00    0.00
  1009.1               CONDUIT      0.00     0  00:00      0.00    0.00    0.00
  66                   CONDUIT      0.00     0  00:00      0.00    0.00    0.00
  H16428               CONDUIT      0.00     0  00:00      0.00    0.00    0.00
  H16288               CONDUIT      0.00     0  00:00      0.00    0.00    0.00
  68                   CONDUIT      0.00     0  00:00      0.00    0.00    0.00
  267                  CONDUIT      0.00     0  00:00      0.00    0.00    0.00
  H16415               CONDUIT      0.00     0  00:00      0.00    0.00    0.00
  H16417               CONDUIT      0.00     0  00:00      0.00    0.00    0.00
  64                   CONDUIT      0.00     0  00:00      0.00    0.00    0.00
  G16467               CONDUIT      0.00     0  00:00      0.00    0.00    0.00
  H16506               CONDUIT      0.00     0  00:00      0.00    0.00    0.00
  2016                 CONDUIT      0.00     0  00:00      0.00    0.00    0.00
  61                   CONDUIT      0.00     0  00:00      0.00    0.00    0.00
  4                    CONDUIT      0.00     0  00:00      0.00    0.00    0.00
  2008                 CONDUIT      0.00     0  00:00      0.00    0.00    0.00
  J17073               CONDUIT      1.00     0  10:33      0.16    0.02    0.85
  J17352               CONDUIT      0.00     0  00:00      0.00    0.00    0.00
  K16003               CONDUIT      1.00     0  10:45      4.65    0.03    0.07
  K17035               CONDUIT      1.00     0  10:34      0.63    0.03    0.28
  K17071               CONDUIT      1.00     0  10:33      0.24    0.02    0.58
  J17085               CONDUIT      1.00     0  10:32      0.14    0.03    1.00
  J17140               CONDUIT      1.00     0  10:31      1.02    0.52    1.00
  J17150               CONDUIT      1.00     0  10:31      1.80    0.10    1.00
  J17239               CONDUIT      0.52     0  00:09      1.22    0.08    1.00
  K16034               CONDUIT      1.00     0  10:35      2.08    0.03    0.12
  2011                 CONDUIT      0.00     0  00:00      0.00    0.00    0.00
  G32                  CONDUIT      0.00     0  00:00      0.00    0.00    0.00
  G34                  CONDUIT      0.00     0  00:00      0.00    0.00    0.00
  33                   CONDUIT      0.00     0  00:00      0.00    0.00    0.00
  H15263               CONDUIT      0.00     0  00:00      0.00    0.00    0.00
  1137                 CONDUIT      0.00     0  00:00      0.00    0.00    0.00
  2137                 CONDUIT      0.00     0  00:00      0.00    0.00    0.00
  1136-8"              CONDUIT      0.00     0  00:00      0.00    0.00    0.00
  2136                 CONDUIT      0.00     0  00:00      0.00    0.00    0.00
  2146-a               CONDUIT      0.00     0  00:00      0.00    0.00    0.00
  1146                 CONDUIT      0.00     0  00:00      0.00    0.00    0.00
  1135                 CONDUIT      0.00     0  00:00      0.00    0.00    0.00
  1138-a               CONDUIT      0.00     0  00:00      0.00    0.00    0.00
  2135-a               CONDUIT      0.00     0  00:00      0.00    0.00    0.00
  1134                 CONDUIT      0.00     0  00:00      0.00    0.00    0.00
  2134-12"             CONDUIT      0.00     0  00:00      0.00    0.00    0.00
  131                  CONDUIT      0.00     0  00:00      0.00    0.00    0.00
  2130-8"              CONDUIT      0.00     0  00:00      0.00    0.00    0.00
  132                  CONDUIT      0.00     0  00:00      0.00    0.00    0.00
  3134-12"             CONDUIT      0.00     0  00:00      0.00    0.00    0.00
  1130                 CONDUIT      0.00     0  00:00      0.00    0.00    0.00
  1133                 CONDUIT      0.00     0  00:00      0.00    0.00    0.00
  3130-12"             CONDUIT      0.01     0  13:03      0.94    0.00    0.51
  5130                 CONDUIT      0.00     0  13:03      0.09    0.00    0.02
  4130                 CONDUIT      0.01     0  16:40      0.31    0.01    0.06
  1122                 CONDUIT      0.00     0  10:08      0.23    0.23    0.18
  3133                 CONDUIT      0.00     0  00:00      0.00    0.00    0.00
  1060                 CONDUIT      0.00     0  00:00      0.00    0.00    0.00
  2122                 CONDUIT      0.03     0  23:50      0.88    0.02    0.54
  2060                 CONDUIT      0.00     0  00:00      0.00    0.00    0.50
  2133-24"             CONDUIT      0.00     0  00:00      0.00    0.00    0.00
  PM-21                CONDUIT      0.00     0  00:00      0.00    0.00    0.50
  8001D                CONDUIT      0.00     0  00:00      0.00    0.00    0.00
  1001                 CONDUIT      0.00     0  00:00      0.00    0.00    0.00
  2001                 CONDUIT      0.00     0  00:00      0.00    0.00    0.00
  3060                 CONDUIT      0.00     0  00:00      0.00    0.00    0.00
  CDP-N                CONDUIT      0.00     0  00:00      0.00    0.00    0.00
  CDP-S1               CONDUIT      0.00     0  00:00      0.00    0.00    0.00
  8001.4D              CONDUIT      0.00     0  00:00      0.00    0.00    0.50
  F14001               CONDUIT      1.00     0  23:59      0.41    0.02    1.00
  F14010               CONDUIT      0.00     0  00:00      0.00    0.00    0.00
  F14JB1               CONDUIT      1.00     0  23:59      0.24    0.00    0.32
  F14008               CONDUIT      0.00     0  00:00      0.00    0.00    0.25
  F14158               CONDUIT      1.00     0  23:58      1.12    0.11    1.00
  F14003.2             CONDUIT      1.00     0  23:59      0.15    0.00    0.91
  F1403.1              CONDUIT      0.00     0  00:00      0.00    0.00    0.00
  F14002               CONDUIT      0.00     0  00:00      0.00    0.00    0.00
  F14160               CONDUIT      1.00     0  23:59      0.92    0.04    1.00
  F14280               CONDUIT      0.00     0  00:00      0.00    0.00    0.00
  s-a                  CONDUIT      0.00     0  00:00      0.00    0.00    0.00
  F14JB2               CONDUIT      0.00     0  00:00      0.00    0.00    0.00
  -S2                  CONDUIT      0.72     0  11:47      1.19    0.00    0.38
  8007.3D              CONDUIT      0.00     0  00:00      0.00    0.00    0.50
  8001.2D              CONDUIT      0.00     0  00:00      0.00    0.00    0.50
  8001.1D              CONDUIT      0.00     0  00:00      0.00    0.00    0.50
  G001                 CONDUIT      1.00     0  23:58      2.78    0.01    0.03
  E09004               CONDUIT      0.00     0  00:00      0.00    0.00    0.00
  E10001.3             CONDUIT      0.05     0  12:58      1.06    0.00    0.04
  E10006               CONDUIT      0.00     0  00:00      0.00    0.00    0.00
  E10031               CONDUIT      0.00     0  00:00      0.00    0.00    0.00
  E10032.2             CONDUIT      0.00     0  00:00      0.00    0.00    0.00
  E10034.2             CONDUIT      0.00     0  00:00      0.00    0.00    0.00
  E10035               CONDUIT      0.00     0  00:00      0.00    0.00    0.00
  E10042               CONDUIT      0.00     0  00:00      0.00    0.00    0.00
  E10051               CONDUIT      0.05     0  00:54      1.06    0.00    0.05
  E10057.2             CONDUIT      0.05     0  00:53      1.48    0.00    0.04
  E10145               CONDUIT      0.05     0  01:09      1.06    0.00    0.05
  E12184               CONDUIT      0.00     0  00:00      0.00    0.00    0.00
  E12186               CONDUIT      0.00     0  00:00      0.00    0.00    0.00
  PE13003              CONDUIT      0.00     0  00:00      0.00    0.00    0.00
  E13010               CONDUIT      0.00     0  00:00      0.00    0.00    0.00
  -1                   CONDUIT      0.00     0  00:00      0.00    0.00    0.00
  E14480               CONDUIT      0.00     0  00:00      0.00    0.00    0.00
  F10004               CONDUIT      1.00     0  16:13      1.40    0.84    0.20
  F10079               CONDUIT      1.00     0  15:24      0.78    4.09    0.31
  F10103               CONDUIT      0.00     0  00:00      0.00    0.00    0.00
  F10124               CONDUIT      0.00     0  00:00      0.00    0.00    0.00
  F10127               CONDUIT      0.00     0  00:00      0.00    0.00    0.00
  F10136               CONDUIT      0.00     0  00:00      0.00    0.00    0.00
  F10137.1             CONDUIT      0.00     0  00:00      0.00    0.00    0.00
  F10137.2             CONDUIT      0.00     0  00:00      0.00    0.00    0.00
  F10227               CONDUIT      0.00     0  00:00      0.00    0.00    0.00
  F12037               CONDUIT      0.00     0  00:00      0.00    0.00    0.00
  F12322               CONDUIT      0.00     0  00:00      0.00    0.00    0.00
  F12502               CONDUIT      0.00     0  00:00      0.00    0.00    0.00
  F12545               CONDUIT      0.00     0  00:00      0.00    0.00    0.00
  F12563               CONDUIT      0.00     0  00:00      0.00    0.00    0.00
  F12565               CONDUIT      0.00     0  00:00      0.00    0.00    0.00
  F12587               CONDUIT      0.00     0  00:00      0.00    0.00    0.00
  F13092               CONDUIT      0.00     0  00:00      0.00    0.00    0.00
  PF13243              CONDUIT      0.10     0  08:38      1.19    0.01    0.53
  F13247               CONDUIT      0.10     0  05:36      1.79    0.01    0.06
  F13266               CONDUIT      0.00     0  00:00      0.00    0.00    0.03
  -8                   CONDUIT      0.00     0  00:00      0.00    0.00    0.00
  F13303               CONDUIT      0.00     0  00:00      0.00    0.00    0.00
  F13354               CONDUIT      0.00     0  00:00      0.00    0.00    0.00
  F13383               CONDUIT      0.00     0  00:00      0.00    0.00    0.00
  F13392               CONDUIT      0.00     0  00:00      0.00    0.00    0.00
  -5                   CONDUIT      0.00     0  00:00      0.00    0.00    0.00
  -3                   CONDUIT      0.00     0  00:00      0.00    0.00    0.00
  E14081               CONDUIT      0.00     0  00:00      0.00    0.00    0.00
  F10002               CONDUIT      1.00     0  16:15      4.48    0.06    0.09
  E09005               CONDUIT      0.00     0  00:00      0.00    0.00    0.00
  PE10045              CONDUIT      0.00     0  00:00      0.00    0.00    0.00
  PE10002              CONDUIT      0.00     0  00:00      0.00    0.00    0.00
  E10162               CONDUIT      0.00     0  00:00      0.00    0.00    0.00
  PE10005              CONDUIT      0.00     0  00:00      0.00    0.00    0.00
  2-24                 CONDUIT      0.00     0  00:00      0.00    0.00    0.00
  PE12182              CONDUIT      0.00     0  00:00      0.00    0.00    0.00
  PE12099              CONDUIT      0.00     0  00:00      0.00    0.00    0.00
  PE13001              CONDUIT      0.00     0  00:00      0.00    0.00    0.00
  PPVTs                CONDUIT      0.02     1  00:00      0.12    0.06    0.58
  29                   CONDUIT      0.00     0  00:00      0.00    0.00    0.00
  EO9099               CONDUIT      0.00     0  00:00      0.00    0.00    0.00
  E09117               CONDUIT      0.00     0  00:00      0.00    0.00    0.00
  1035                 CONDUIT      0.00     0  00:00      0.00    0.00    0.00
  E09242               CONDUIT      0.00     0  00:00      0.00    0.00    0.00
  E09245               CONDUIT      0.00     0  00:00      0.00    0.00    0.00
  1046                 CONDUIT      0.00     0  00:00      0.00    0.00    0.00
  E09036               CONDUIT      0.00     0  00:00      0.00    0.00    0.00
  44                   CONDUIT      0.00     0  00:00      0.00    0.00    0.00
  62                   CONDUIT      0.00     0  00:00      0.00    0.00    0.00
  PE10089              CONDUIT      0.00     0  00:00      0.00    0.00    0.00
  005                  CONDUIT      0.00     0  00:00      0.00    0.00    0.00
  1048                 CONDUIT      0.00     0  00:00      0.00    0.00    0.00
  37                   CONDUIT      0.00     0  00:00      0.00    0.00    0.00
  G1160                CONDUIT      0.00     0  00:00      0.00    0.00    0.00
  38                   CONDUIT      0.00     0  00:00      0.00    0.00    0.00
  84                   CONDUIT      0.00     0  00:00      0.00    0.00    0.00
  1058                 CONDUIT      0.07     0  20:10      0.32    0.39    0.83
  1141                 CONDUIT      0.00     0  00:00      0.00    0.00    0.00
  41                   CONDUIT      0.00     0  00:00      0.00    0.00    0.00
  047_2                CONDUIT      0.00     0  00:00      0.00    0.00    0.00
  1021                 CONDUIT      0.00     0  00:00      0.00    0.00    0.00
  PE11011              CONDUIT      0.00     0  00:00      0.00    0.00    0.00
  1057                 CONDUIT      0.00     0  00:00      0.00    0.00    0.00
  D13025               CONDUIT      0.00     0  00:00      0.00    0.00    0.00
  42                   CONDUIT      0.00     0  00:00      0.00    0.00    0.00
  F09204               CONDUIT      0.38     0  01:46      0.60    6.41    0.65
  Q048                 CONDUIT      0.00     0  00:00      0.00    0.00    0.00
  Q006                 CONDUIT      0.00     0  00:00      0.00    0.00    0.00
  G002                 CONDUIT      0.00     0  00:00      0.00    0.00    0.00
  002                  CONDUIT      0.00     0  00:00      0.00    0.00    0.00
  2-33                 CONDUIT      0.00     0  00:00      0.00    0.00    0.00
  -20                  CONDUIT      0.00     0  00:00      0.00    0.00    0.00
  -25                  CONDUIT      0.00     0  00:00      0.00    0.00    0.00
  -19                  CONDUIT      0.00     0  00:00      0.00    0.00    0.00
  -23                  CONDUIT      0.00     0  00:00      0.00    0.00    0.00
  2-22                 CONDUIT      0.00     0  00:00      0.00    0.00    0.00
  -21                  CONDUIT      0.00     0  00:00      0.00    0.00    0.00
  2-18                 CONDUIT      0.00     0  00:00      0.00    0.00    0.00
  2-17                 CONDUIT      0.00     0  00:00      0.00    0.00    0.00
  2-16                 CONDUIT      0.00     0  00:00      0.00    0.00    0.00
  -15                  CONDUIT      0.00     0  00:00      0.00    0.00    0.00
  -12                  CONDUIT      0.00     0  00:00      0.00    0.00    0.00
  2-13                 CONDUIT      0.00     0  00:00      0.00    0.00    0.00
  2-10                 CONDUIT      0.00     0  00:00      0.00    0.00    0.00
  2-11                 CONDUIT      0.05     0  08:09      0.17    0.02    1.00
  -9                   CONDUIT      0.04     0  01:16      1.97    0.03    0.50
  -6                   CONDUIT      0.00     0  00:00      0.00    0.00    0.00
  -2                   CONDUIT      0.00     0  00:00      0.00    0.00    0.00
  2-4                  CONDUIT      0.00     0  00:00      0.00    0.00    0.00
  F09020               CONDUIT      0.00     0  00:00      0.00    0.00    0.49
  2-14                 CONDUIT      0.00     0  00:00      0.00    0.00    0.00
  115_2                CONDUIT      0.00     0  00:00      0.00    0.00    0.00
  2103                 CONDUIT      0.00     0  00:00      0.00    0.00    0.00
  1104                 CONDUIT      0.00     0  00:00      0.00    0.00    0.00
  103_2                CONDUIT      0.00     0  00:00      0.00    0.00    0.00
  1017                 CONDUIT      0.00     0  00:00      0.00    0.00    0.00
  2104                 CONDUIT      0.00     0  00:00      0.00    0.00    0.00
  3086                 CONDUIT      0.00     0  00:00      0.00    0.00    0.00
  86                   CONDUIT      0.00     0  00:00      0.00    0.00    0.00
  2086                 CONDUIT      0.00     0  00:00      0.00    0.00    0.00
  2164                 CONDUIT      0.00     0  00:00      0.00    0.00    0.00
  1018                 CONDUIT      0.00     0  00:00      0.00    0.00    0.00
  1191                 CONDUIT      0.00     0  00:00      0.00    0.00    0.00
  2191                 CONDUIT      0.00     0  00:00      0.00    0.00    0.00
  107_2                CONDUIT      0.00     0  00:00      0.00    0.00    0.00
  P-PVT-N              CONDUIT      0.00     0  00:00      0.00    0.00    0.00
  3107                 CONDUIT      0.00     0  00:00      0.00    0.00    0.00
  2017                 CONDUIT      0.00     0  00:00      0.00    0.00    0.00
  3086.1               CONDUIT      0.00     0  00:00      0.00    0.00    0.00
  4086                 CONDUIT      0.00     0  00:00      0.00    0.00    0.00
  J13001               CONDUIT      0.70     0  02:40      1.63    0.01    0.09
  J13194               CONDUIT      0.00     0  00:00      0.00    0.00    0.00
  J14125               CONDUIT      0.00     0  00:00      0.00    0.00    0.00
  J14460               CONDUIT      0.00     0  00:00      0.00    0.00    0.00
  K13021               CONDUIT      0.00     0  00:00      0.00    0.00    0.00
  K13028               CONDUIT      0.00     0  00:00      0.00    0.00    0.00
  K14002               CONDUIT      0.00     0  00:00      0.00    0.00    0.00
  J13022               CONDUIT      0.70     0  02:35      0.76    0.03    0.23
  K14005               CONDUIT      0.00     0  00:00      0.00    0.00    0.00
  K14018               CONDUIT      0.00     0  00:00      0.00    0.00    0.00
  K13051               CONDUIT      0.00     0  00:00      0.00    0.00    0.00
  K13031               CONDUIT      0.00     0  00:00      0.00    0.00    0.00
  J13009               CONDUIT      0.00     0  00:00      0.00    0.00    0.13
  J13029               CONDUIT      0.84     0  00:18      1.35    0.25    0.38
  J14295               CONDUIT      0.00     0  00:00      0.00    0.00    0.00
  J14345               CONDUIT      0.00     0  00:00      0.00    0.00    0.00
  5100                 CONDUIT      0.00     0  00:00      0.00    0.00    0.07
  106_2                CONDUIT      0.09     0  01:25      0.85    0.08    1.00
  2106                 CONDUIT      0.07     0  01:32      1.62    0.01    0.53
  3106                 CONDUIT      0.04     0  01:59      0.92    0.01    0.27
  4074                 CONDUIT      0.00     0  00:00      0.00    0.00    0.00
  4102                 CONDUIT      0.00     0  00:00      0.00    0.00    0.00
  102_2                CONDUIT      0.00     0  00:00      0.00    0.00    0.00
  2101                 CONDUIT      0.00     0  00:00      0.00    0.00    0.00
  74                   CONDUIT      0.00     0  00:00      0.00    0.00    0.00
  1167                 CONDUIT      0.00     0  00:00      0.00    0.00    0.00
  4106                 CONDUIT      0.00     0  00:00      0.00    0.00    0.07
  2190                 CONDUIT      0.00     0  00:00      0.00    0.00    0.00
  2112                 CONDUIT      0.00     0  00:00      0.00    0.00    0.00
  3117                 CONDUIT      0.00     0  00:00      0.00    0.00    0.00
  2102                 CONDUIT      0.00     0  00:00      0.00    0.00    0.00
  3102                 CONDUIT      0.00     0  00:00      0.00    0.00    0.00
  1079                 CONDUIT      0.00     0  00:00      0.00    0.00    0.00
  J1313                CONDUIT      0.00     0  00:00      0.00    0.00    0.00
  J13143               CONDUIT      0.00     0  00:00      0.00    0.00    0.22
  1101                 CONDUIT      0.00     0  00:00      0.00    0.00    0.00
  F14013               CONDUIT      0.00     0  00:00      0.00    0.00    0.00
  G14291               CONDUIT      0.00     0  00:00      0.00    0.00    0.00
  G14295               CONDUIT      0.00     0  00:00      0.00    0.00    0.00
  G14322               CONDUIT      0.00     0  00:00      0.00    0.00    0.00
  G14400               CONDUIT      0.00     0  00:00      0.00    0.00    0.00
  G14426               CONDUIT      0.00     0  00:00      0.00    0.00    0.00
  G14427               CONDUIT      0.00     0  00:00      0.00    0.00    0.00
  G14429               CONDUIT      0.00     0  00:00      0.00    0.00    0.00
  G14440               CONDUIT      0.00     0  00:00      0.00    0.00    0.00
  G14447               CONDUIT      0.00     0  00:00      0.00    0.00    0.00
  G14453               CONDUIT      0.00     0  00:00      0.00    0.00    0.00
  G14461               CONDUIT      0.00     0  00:00      0.00    0.00    0.00
  G14551               CONDUIT      0.00     0  00:00      0.00    0.00    0.00
  G14557               CONDUIT      0.00     0  00:00      0.00    0.00    0.00
  H14800               CONDUIT      0.00     0  00:00      0.00    0.00    0.00
  F14011               CONDUIT      0.00     0  00:00      0.00    0.00    0.00
  14417                CONDUIT      0.00     0  00:00      0.00    0.00    0.00
  G14493(F)            CONDUIT      0.00     0  00:00      0.00    0.00    0.00
  10078                CONDUIT      0.00     0  00:00      0.00    0.00    0.00
  1078                 CONDUIT      0.00     0  00:00      0.00    0.00    0.00
  1010                 CONDUIT      0.00     0  00:00      0.00    0.00    0.00
  1069                 CONDUIT      0.00     0  00:00      0.00    0.00    0.00
  H13012               CONDUIT      0.00     0  00:00      0.00    0.00    0.00
  H13009               CONDUIT      0.00     0  00:00      0.00    0.00    0.00
  H14022               CONDUIT      0.00     0  00:00      0.00    0.00    0.00
  2020                 CONDUIT      0.00     0  00:00      0.00    0.00    0.00
  1020                 CONDUIT      0.00     0  00:00      0.00    0.00    0.00
  114                  CONDUIT      0.00     0  00:00      0.00    0.00    0.00
  H14784               CONDUIT      0.00     0  00:00      0.00    0.00    0.00
  H14789               CONDUIT      0.00     0  00:00      0.00    0.00    0.00
  H14795               CONDUIT      0.00     0  00:00      0.00    0.00    0.00
  100_2                CONDUIT      0.00     0  00:00      0.00    0.00    0.50
  1171-54              CONDUIT      0.00     0  00:00      0.00    0.00    0.00
  4100                 CONDUIT      0.00     0  00:00      0.00    0.00    0.00
  WM4001               CONDUIT      0.00     0  00:00      0.00    0.00    0.00
  1171-60              CONDUIT      0.00     0  00:00      0.00    0.00    0.00
  4112a                CONDUIT      0.00     0  00:00      0.00    0.00    0.00
  56                   CONDUIT      0.00     0  00:00      0.00    0.00    0.00
  4112                 CONDUIT      0.00     0  00:00      0.00    0.00    0.00
  2056                 CONDUIT      0.00     0  00:00      0.00    0.00    0.00
  PM-50                CONDUIT      0.04     0  01:52      0.26    0.02    0.85
  PM-8                 CONDUIT      0.63     0  00:04      2.36    0.36    1.00
  81                   CONDUIT      0.00     0  00:00      0.00    0.00    0.00
  J13023               CONDUIT      0.00     0  00:00      0.00    0.00    0.00
  83                   CONDUIT      0.00     0  00:00      0.00    0.00    0.00
  82                   CONDUIT      0.00     0  00:00      0.00    0.00    0.00
  J13025               CONDUIT      0.00     0  00:00      0.00    0.00    0.00
  1070                 CONDUIT      0.00     0  00:00      0.00    0.00    0.00
  J13034               CONDUIT      0.00     0  00:00      0.00    0.00    0.00
  J13029.1             CONDUIT      0.00     0  00:00      0.00    0.00    0.00
  J13027               CONDUIT      0.00     0  00:00      0.00    0.00    0.00
  80                   CONDUIT      0.00     0  00:00      0.00    0.00    0.00
  J13024               CONDUIT      0.00     0  00:00      0.00    0.00    0.00
  J13033               CONDUIT      0.00     0  00:00      0.00    0.00    0.00
  077_2                CONDUIT      0.00     0  00:00      0.00    0.00    0.00
  J13052               CONDUIT      0.00     0  00:00      0.00    0.00    0.00
  1170                 CONDUIT      0.00     0  00:00      0.00    0.00    0.15
  PM-53                CONDUIT      0.24     0  00:43      0.58    0.00    0.37
  PM-29                CONDUIT      0.00     0  00:00      0.00    0.00    0.00
  PM-1                 CONDUIT      0.00     0  00:00      0.00    0.00    0.00
  H13189               CONDUIT      0.00     0  00:00      0.00    0.00    0.00
  J14025               CONDUIT      0.00     0  00:00      0.00    0.00    0.00
  PM19001              CONDUIT      0.00     0  00:00      0.00    0.00    0.00
  M19002               CONDUIT      0.00     0  00:00      0.00    0.00    0.00
  M19137               CONDUIT      0.00     0  00:00      0.00    0.00    0.04
  M19138               CONDUIT      0.00     0  23:47      0.00    0.00    0.34
  177                  CONDUIT      0.00     0  00:00      0.00    0.00    0.00
  M19140               CONDUIT      0.01     0  03:59      0.23    0.00    0.61
  M8162                CONDUIT      0.02     0  04:33      0.24    0.24    0.66
  M18184               CONDUIT      0.01     0  08:17      0.15    0.00    0.37
  M18192               CONDUIT      0.01     0  07:55      0.52    0.01    0.07
  2181                 CONDUIT      0.01     0  05:44      0.63    0.03    0.12
  181_2                CONDUIT      0.01     0  04:59      1.13    0.03    0.56
  M18173               CONDUIT      0.02     0  03:26      0.32    0.04    0.76
  MH18166              CONDUIT      0.00     0  03:01      0.08    0.03    0.66
  1180                 CONDUIT      0.00     0  00:00      0.00    0.00    0.00
  M19063               CONDUIT      0.00     0  00:00      0.00    0.00    0.00
  1179                 CONDUIT      0.00     0  00:00      0.00    0.00    0.00
  M19004               CONDUIT      0.00     0  00:00      0.00    0.00    0.00
  M19046               CONDUIT      0.00     0  00:00      0.00    0.00    0.00
  M19039               CONDUIT      0.00     0  00:00      0.00    0.00    0.00
  582_2                CONDUIT      0.02     0  01:57      2.86    0.01    0.54
  1582                 CONDUIT      0.00     0  01:57      0.50    0.02    0.09
  M18178               CONDUIT      0.02     0  01:37      0.78    0.01    0.38
  8066                 CONDUIT      0.00     0  00:00      0.00    0.00    0.00
  F13406               CONDUIT      0.10     0  00:04      1.33    0.02    0.10
  F13405               CONDUIT      0.10     0  00:39      0.94    0.02    0.09
  -50                  CONDUIT      0.00     0  00:00      0.00    0.00    0.00
  -48                  CONDUIT      0.00     0  00:00      0.00    0.00    0.00
  -47                  CONDUIT      0.00     0  00:00      0.00    0.00    0.00
  -38                  CONDUIT      0.00     0  00:00      0.00    0.00    0.00
  -46                  CONDUIT      0.00     0  00:00      0.00    0.00    0.00
  -45                  CONDUIT      0.00     0  00:00      0.00    0.00    0.00
  -44                  CONDUIT      0.00     0  00:00      0.00    0.00    0.00
  -42                  CONDUIT      0.00     0  00:00      0.00    0.00    0.00
  -41                  CONDUIT      0.00     0  00:00      0.00    0.00    0.00
  -40                  CONDUIT      0.00     0  00:00      0.00    0.00    0.00
  -39                  CONDUIT      0.00     0  00:00      0.00    0.00    0.00
  -37                  CONDUIT      0.00     0  00:00      0.00    0.00    0.00
  -36                  CONDUIT      0.00     0  00:00      0.00    0.00    0.00
  -35                  CONDUIT      0.00     0  00:00      0.00    0.00    0.00
  -34                  CONDUIT      0.00     0  00:00      0.00    0.00    0.00
  -33                  CONDUIT      0.00     0  00:00      0.00    0.00    0.00
  -32                  CONDUIT      0.00     0  00:00      0.00    0.00    0.00
  -31                  CONDUIT      0.00     0  00:00      0.00    0.00    0.00
  -29                  CONDUIT      0.00     0  00:00      0.00    0.00    0.00
  -30                  CONDUIT      0.00     0  00:00      0.00    0.00    0.00
  -28                  CONDUIT      0.00     0  00:00      0.00    0.00    0.00
  -27                  CONDUIT      0.00     0  00:00      0.00    0.00    0.00
  -24                  CONDUIT      0.00     0  00:00      0.00    0.00    0.00
  -26                  CONDUIT      0.00     0  00:00      0.00    0.00    0.00
  -23_2                CONDUIT      0.00     0  00:00      0.00    0.00    0.00
  -21_2                CONDUIT      0.00     0  00:00      0.00    0.00    0.00
  -20_2                CONDUIT      0.00     0  00:00      0.00    0.00    0.00
  -16                  CONDUIT      0.00     0  00:00      0.00    0.00    0.00
  -10                  CONDUIT      0.00     0  00:00      0.00    0.00    0.00
  -8_2                 CONDUIT      0.00     0  00:00      0.00    0.00    0.00
  -3_2                 CONDUIT      0.00     0  00:00      0.00    0.00    0.00
  -2_2                 CONDUIT      0.00     0  00:00      0.00    0.00    0.00
  -1_2                 CONDUIT      0.00     0  00:00      0.00    0.00    0.00
  -4                   CONDUIT      0.25     0  11:51      0.54    0.04    0.73
  F14075               CONDUIT      0.00     0  00:00      0.00    0.00    0.00
  -49                  CONDUIT      0.00     0  00:00      0.00    0.00    0.00
  -7                   CONDUIT      0.00     0  00:00      0.00    0.00    0.00
  -F2                  CONDUIT      0.00     0  00:00      0.00    0.00    0.00
  009.1                CONDUIT      0.00     0  00:00      0.00    0.00    0.00
  10                   CONDUIT      0.00     0  00:00      0.00    0.00    0.00
  1065                 CONDUIT      0.00     0  00:00      0.00    0.00    0.00
  112_2                CONDUIT      0.00     0  00:00      0.00    0.00    0.00
  171-60               CONDUIT      0.00     0  00:00      0.00    0.00    0.00
  1176-54              CONDUIT      0.00     0  00:00      0.00    0.00    0.00
  3001                 CONDUIT      0.00     0  00:00      0.00    0.00    0.00
  P-V2                 CONDUIT      0.00     0  00:00      0.00    0.00    0.00
  5001                 CONDUIT      0.00     0  00:00      0.00    0.00    0.00
  N-GRIT               CONDUIT      0.00     0  00:00      0.00    0.00    0.00
  S-GRIT               CONDUIT      0.00     0  00:00      0.00    0.00    0.00
  J13675               CONDUIT      0.00     0  00:00      0.00    0.00    0.00
  1071                 CONDUIT      0.00     0  00:00      0.00    0.00    0.00
  156_2                CONDUIT      0.00     0  00:00      0.00    0.00    0.00
  P-V1                 CONDUIT      0.00     0  00:00      0.00    0.00    0.00
  L14034               CONDUIT      0.00     0  00:00      0.00    0.00    0.00
  200_2                CONDUIT      0.00     0  00:00      0.00    0.00    0.00
  8002D                CONDUIT      0.00     0  00:00      0.00    0.00    0.00
  8002.5D              CONDUIT      0.00     0  00:00      0.00    0.00    0.00
  8002.3D              CONDUIT      0.00     0  00:00      0.00    0.00    0.00
  8002.1D              CONDUIT      0.00     0  00:00      0.00    0.00    0.00
  CDP-S2               CONDUIT      0.00     0  00:00      0.00    0.00    0.00
  55                   CONDUIT      0.00     0  00:00      0.00    0.00    0.00
  G14320               CONDUIT      0.00     0  00:00      0.00    0.00    0.00
  50                   CONDUIT      0.00     0  00:00      0.00    0.00    0.00
  1059                 CONDUIT      0.00     0  00:00      0.00    0.00    0.00
  152_2                CONDUIT      0.00     0  00:00      0.00    0.00    0.00
  009                  CONDUIT      0.00     0  00:00      0.00    0.00    0.00
  1009                 CONDUIT      0.00     0  00:00      0.00    0.00    0.00
  3100                 CONDUIT      0.00     0  00:00      0.00    0.00    0.00
  011                  CONDUIT      0.00     0  00:00      0.00    0.00    0.00
  117                  CONDUIT      0.00     0  00:00      0.00    0.00    0.00
  51                   CONDUIT      0.00     0  00:00      0.00    0.00    0.00
  1067                 CONDUIT      0.00     0  00:00      0.00    0.00    0.00
  53                   CONDUIT      0.00     0  00:00      0.00    0.00    0.00
  PVT53                CONDUIT      0.00     0  00:00      0.00    0.00    0.00
  153                  CONDUIT      0.00     0  00:00      0.00    0.00    0.00
  1418                 CONDUIT      0.00     0  00:00      0.00    0.00    0.00
  1049                 CONDUIT      0.00     0  00:00      0.00    0.00    0.00
  2049                 CONDUIT      0.00     0  00:00      0.00    0.00    0.00
  17                   CONDUIT      0.00     0  00:00      0.00    0.00    0.00
  52                   CONDUIT      0.00     0  00:00      0.00    0.00    0.00
  1052                 CONDUIT      0.00     0  00:00      0.00    0.00    0.00
  44_2                 CONDUIT      0.00     0  00:00      0.00    0.00    0.00
  3074                 CONDUIT      0.00     0  00:00      0.00    0.00    0.00
  2074                 CONDUIT      0.00     0  00:00      0.00    0.00    0.00
  004                  CONDUIT      0.00     0  00:00      0.00    0.00    0.00
  006                  CONDUIT      0.00     0  00:00      0.00    0.00    0.00
  007                  CONDUIT      0.00     0  00:00      0.00    0.00    0.00
  008                  CONDUIT      0.00     0  00:00      0.00    0.00    0.00
  016                  CONDUIT      0.00     0  00:00      0.00    0.00    0.00
  18                   CONDUIT      0.03     0  01:39      1.83    0.01    0.85
  85                   CONDUIT      0.00     0  00:00      0.00    0.00    0.00
  021_2                CONDUIT      0.00     0  00:00      0.00    0.00    0.00
  029_2                CONDUIT      0.00     0  00:00      0.00    0.00    0.00
  032_2                CONDUIT      0.00     0  00:00      0.00    0.00    0.00
  1033                 CONDUIT      0.00     0  00:00      0.00    0.00    0.00
  034_2                CONDUIT      0.00     0  00:00      0.00    0.00    0.00
  035_2                CONDUIT      0.00     0  00:00      0.00    0.00    0.00
  037_2                CONDUIT      0.00     0  00:00      0.00    0.00    0.00
  038_2                CONDUIT      0.00     0  00:00      0.00    0.00    0.00
  041_2                CONDUIT      0.00     0  00:00      0.00    0.00    0.00
  042_2                CONDUIT      0.00     0  00:00      0.00    0.00    0.00
  045                  CONDUIT      0.00     0  00:00      0.00    0.00    0.00
  046_2                CONDUIT      0.00     0  00:00      0.00    0.00    0.00
  047_3                CONDUIT      0.00     0  00:00      0.00    0.00    0.00
  048                  CONDUIT      0.00     0  00:00      0.00    0.00    0.00
  054                  CONDUIT      0.00     0  00:00      0.00    0.00    0.00
  059_2                CONDUIT      0.00     0  00:00      0.00    0.00    0.00
  060                  CONDUIT      0.00     0  00:00      0.00    0.00    0.00
  061_2                CONDUIT      0.00     0  00:00      0.00    0.00    0.00
  063_2                CONDUIT      0.00     0  00:00      0.00    0.00    0.00
  064_2                CONDUIT      0.00     0  00:00      0.00    0.00    0.00
  065_2                CONDUIT      0.00     0  00:00      0.00    0.00    0.00
  066                  CONDUIT      0.00     0  00:00      0.00    0.00    0.00
  067                  CONDUIT      0.00     0  00:00      0.00    0.00    0.00
  068_2                CONDUIT      0.00     0  00:00      0.00    0.00    0.00
  069_2                CONDUIT      0.00     0  00:00      0.00    0.00    0.00
  070_2                CONDUIT      0.00     0  00:00      0.00    0.00    0.00
  075                  CONDUIT      0.00     0  00:00      0.00    0.00    0.00
  076                  CONDUIT      0.00     0  00:00      0.00    0.00    0.00
  077_3                CONDUIT      0.00     0  00:00      0.00    0.00    0.00
  078_2                CONDUIT      0.00     0  00:00      0.00    0.00    0.00
  079_2                CONDUIT      0.00     0  00:00      0.00    0.00    0.00
  080_2                CONDUIT      0.00     0  00:00      0.00    0.00    0.00
  081_2                CONDUIT      0.00     0  00:00      0.00    0.00    0.00
  082_2                CONDUIT      0.00     0  00:00      0.00    0.00    0.00
  083_2                CONDUIT      0.00     0  00:00      0.00    0.00    0.00
  084_2                CONDUIT      0.00     0  00:00      0.00    0.00    0.00
  101_2                CONDUIT      0.62     0  00:06      3.60    1.02    1.00
  104_2                CONDUIT      0.00     0  00:00      0.00    0.00    0.00
  130                  CONDUIT      0.00     0  00:00      0.00    0.00    0.00
  132_2                CONDUIT      0.00     0  00:00      0.00    0.00    0.00
  133                  CONDUIT      0.00     0  00:00      0.00    0.00    0.00
  134                  CONDUIT      0.00     0  00:00      0.00    0.00    0.00
  135                  CONDUIT      0.00     0  00:00      0.00    0.00    0.00
  136                  CONDUIT      0.00     0  00:00      0.00    0.00    0.00
  137                  CONDUIT      0.00     0  00:00      0.00    0.00    0.00
  138                  CONDUIT      0.00     0  00:00      0.00    0.00    0.00
  152a                 CONDUIT      0.00     0  00:00      0.00    0.00    0.00
  170_2                CONDUIT      0.17     1  00:00      4.54    0.34    1.00
  179_2                CONDUIT      0.00     0  00:00      0.00    0.00    0.00
  180_2                CONDUIT      0.00     0  00:00      0.00    0.00    0.00
  186                  CONDUIT      0.00     0  00:00      0.00    0.00    0.00
  191_2                CONDUIT      0.00     0  00:00      0.00    0.00    0.00
  200_3                CONDUIT      0.00     0  00:00      0.00    0.00    0.00
  164                  CONDUIT      0.00     0  00:00      0.00    0.00    0.00
  canal                CONDUIT      0.00     0  00:00      0.00    0.00    0.00
  1703                 CONDUIT      0.00     0  00:00      0.00    0.00    0.00
  167_2                CONDUIT      0.00     0  00:00      0.00    0.00    0.00
  146                  CONDUIT      0.00     0  00:00      0.00    0.00    0.00
  141_2                CONDUIT      0.48     0  00:02      1.87    8.09    1.00
  CG001                CONDUIT      0.00     0  00:00      0.00    0.00    0.00
  CGG1001              CONDUIT      0.00     0  00:00      0.00    0.00    0.00
  CG002                CONDUIT      0.00     0  00:00      0.00    0.00    0.00
  CG006                CONDUIT      0.00     0  00:00      0.00    0.00    0.00
  CG005                CONDUIT      0.00     0  00:00      0.00    0.00    0.00
  CG003                CONDUIT      0.00     0  00:00      0.00    0.00    0.00
  CG1003               CONDUIT      0.00     0  00:00      0.00    0.00    0.00
  CG1008               CONDUIT      0.00     0  00:00      0.00    0.00    0.00
  CG008                CONDUIT      0.00     0  00:00      0.00    0.00    0.00
  CG1007               CONDUIT      0.00     0  00:00      0.00    0.00    0.00
  CGG1011              CONDUIT      0.00     0  00:00      0.00    0.00    0.00
  CGG1018              CONDUIT      0.00     0  00:00      0.00    0.00    0.00
  CG019                CONDUIT      0.00     0  00:00      0.00    0.00    0.00
  CG1025               CONDUIT      0.00     0  00:00      0.00    0.00    0.00
  CGG1024              CONDUIT      0.00     0  00:00      0.00    0.00    0.00
  CG024                CONDUIT      0.00     0  00:00      0.00    0.00    0.00
  CG034                CONDUIT      0.00     0  00:00      0.00    0.00    0.00
  CG033                CONDUIT      0.00     0  00:00      0.00    0.00    0.00
  CG036                CONDUIT      0.00     0  00:00      0.00    0.00    0.00
  CG1031               CONDUIT      0.00     0  00:00      0.00    0.00    0.00
  CGG2030              CONDUIT      0.00     0  00:00      0.00    0.00    0.00
  CG030                CONDUIT      0.00     0  00:00      0.00    0.00    0.00
  CG1029               CONDUIT      0.00     0  00:00      0.00    0.00    0.00
  CG028                CONDUIT      0.00     0  00:00      0.00    0.00    0.00
  CG022                CONDUIT      0.00     0  00:00      0.00    0.00    0.00
  CG1021               CONDUIT      0.00     0  00:00      0.00    0.00    0.00
  CGG1036              CONDUIT      0.00     0  00:00      0.00    0.00    0.00
  CGG1031              CONDUIT      0.00     0  00:00      0.00    0.00    0.00
  CGG1030              CONDUIT      0.00     0  00:00      0.00    0.00    0.00
  CGG2031              CONDUIT      0.00     0  00:00      0.00    0.00    0.00
  CGG2001              CONDUIT      0.00     0  00:00      0.00    0.00    0.00
  CG1005               CONDUIT      0.00     0  00:00      0.00    0.00    0.00
  CG1002               CONDUIT      0.00     0  00:00      0.00    0.00    0.00
  CG2003               CONDUIT      0.00     0  00:00      0.00    0.00    0.00
  CG004                CONDUIT      0.00     0  00:00      0.00    0.00    0.00
  CG015                CONDUIT      0.00     0  00:00      0.00    0.00    0.00
  CG017                CONDUIT      0.00     0  00:00      0.00    0.00    0.00
  CGG1016              CONDUIT      0.00     0  00:00      0.00    0.00    0.00
  CGG1017              CONDUIT      0.00     0  00:00      0.00    0.00    0.00
  CG016                CONDUIT      0.00     0  00:00      0.00    0.00    0.00
  CGG2016              CONDUIT      0.00     0  00:00      0.00    0.00    0.00
  CGG1015              CONDUIT      0.00     0  00:00      0.00    0.00    0.00
  CGG2015              CONDUIT      0.00     0  00:00      0.00    0.00    0.00
  CGG2010              CONDUIT      0.00     0  00:00      0.00    0.00    0.00
  CG1018               CONDUIT      0.00     0  00:00      0.00    0.00    0.00
  CGG1022              CONDUIT      0.00     0  00:00      0.00    0.00    0.00
  CGG2018              CONDUIT      0.00     0  00:00      0.00    0.00    0.00
  CGG1033              CONDUIT      0.00     0  00:00      0.00    0.00    0.00
  CGG013               CONDUIT      0.00     0  00:00      0.00    0.00    0.00
  CGG2011              CONDUIT      0.00     0  00:00      0.00    0.00    0.00
  CG014                CONDUIT      0.00     0  00:00      0.00    0.00    0.00
  CGG014               CONDUIT      0.00     0  00:00      0.00    0.00    0.00
  CG013                CONDUIT      0.00     0  00:00      0.00    0.00    0.00
  CG012                CONDUIT      0.00     0  00:00      0.00    0.00    0.00
  CGG012               CONDUIT      0.00     0  00:00      0.00    0.00    0.00
  CG011                CONDUIT      0.00     0  00:00      0.00    0.00    0.00
  CG009                CONDUIT      0.00     0  00:00      0.00    0.00    0.00
  CG007                CONDUIT      0.00     0  00:00      0.00    0.00    0.00
  CGG1010              CONDUIT      0.00     0  00:00      0.00    0.00    0.00
  CG010                CONDUIT      0.00     0  00:00      0.00    0.00    0.00
  CGG1019              CONDUIT      0.00     0  00:00      0.00    0.00    0.00
  CG026                CONDUIT      0.00     0  00:00      0.00    0.00    0.00
  CGG2024              CONDUIT      0.00     0  00:00      0.00    0.00    0.00
  CG023                CONDUIT      0.00     0  00:00      0.00    0.00    0.00
  CGG1023              CONDUIT      0.00     0  00:00      0.00    0.00    0.00
  CGG1021              CONDUIT      0.00     0  00:00      0.00    0.00    0.00
  CG1020               CONDUIT      0.00     0  00:00      0.00    0.00    0.00
  CG1009               CONDUIT      0.00     0  00:00      0.00    0.00    0.00
  CG1033               CONDUIT      0.00     0  00:00      0.00    0.00    0.00
  CG2033               CONDUIT      0.00     0  00:00      0.00    0.00    0.00
  CGG2033              CONDUIT      0.00     0  00:00      0.00    0.00    0.00
  CGG3001              CONDUIT      0.00     0  00:00      0.00    0.00    0.00
  CG2009               CONDUIT      0.00     0  00:00      0.00    0.00    0.00
  CG2008               CONDUIT      0.00     0  00:00      0.00    0.00    0.00
  CGG1026              CONDUIT      0.00     0  00:00      0.00    0.00    0.00
  CGG2026              CONDUIT      0.00     0  00:00      0.00    0.00    0.00
  CG021                CONDUIT      0.00     0  00:00      0.00    0.00    0.00
  CG018                CONDUIT      0.00     0  00:00      0.00    0.00    0.00
  CG031                CONDUIT      0.00     0  00:00      0.00    0.00    0.00
  CG2029               CONDUIT      0.00     0  00:00      0.00    0.00    0.00
  CG3029               CONDUIT      0.00     0  00:00      0.00    0.00    0.00
  CG029                CONDUIT      0.00     0  00:00      0.00    0.00    0.00
  CG1015               CONDUIT      0.00     0  00:00      0.00    0.00    0.00
  CG3008               CONDUIT      0.00     0  00:00      0.00    0.00    0.00
  CG020                CONDUIT      0.00     0  00:00      0.00    0.00    0.00
  CG025                CONDUIT      0.00     0  00:00      0.00    0.00    0.00
  CG027                CONDUIT      0.00     0  00:00      0.00    0.00    0.00
  CG1027               CONDUIT      0.00     0  00:00      0.00    0.00    0.00
  MS006                CONDUIT      0.00     0  00:00      0.00    0.00    0.00
  MS1007               CONDUIT      0.00     0  00:00      0.00    0.00    0.00
  MS005                CONDUIT      0.00     0  00:00      0.00    0.00    0.00
  MS1004               CONDUIT      0.00     0  00:00      0.00    0.00    0.00
  MS004                CONDUIT      0.00     0  00:00      0.00    0.00    0.00
  MS1003               CONDUIT      0.00     0  00:00      0.00    0.00    0.00
  MS002                CONDUIT      0.00     0  00:00      0.00    0.00    0.00
  MS1                  CONDUIT      0.00     0  00:00      0.00    0.00    0.00
  MS008                CONDUIT      0.00     0  00:00      0.00    0.00    0.00
  MSG009               CONDUIT      0.00     0  00:00      0.00    0.00    0.00
  MS009                CONDUIT      0.00     0  00:00      0.00    0.00    0.00
  MS1009               CONDUIT      0.00     0  00:00      0.00    0.00    0.00
  MSG088               CONDUIT      0.00     0  00:00      0.00    0.00    0.00
  MSG084               CONDUIT      0.00     0  00:00      0.00    0.00    0.00
  MSG057               CONDUIT      0.00     0  00:00      0.00    0.00    0.00
  MSG045               CONDUIT      0.00     0  00:00      0.00    0.00    0.00
  MS010                CONDUIT      0.00     0  00:00      0.00    0.00    0.00
  MS1010               CONDUIT      0.00     0  00:00      0.00    0.00    0.00
  MSG071               CONDUIT      0.00     0  00:00      0.00    0.00    0.00
  MSG813A              CONDUIT      0.00     0  00:00      0.00    0.00    0.00
  MSG514               CONDUIT      0.00     0  00:00      0.00    0.00    0.00
  MSG501               CONDUIT      0.00     0  00:00      0.00    0.00    0.00
  MSG585               CONDUIT      0.00     0  00:00      0.00    0.00    0.00
  MS011                CONDUIT      0.00     0  00:00      0.00    0.00    0.00
  MSG001               CONDUIT      0.00     0  00:00      0.00    0.00    0.00
  MS2011               CONDUIT      0.00     0  00:00      0.00    0.00    0.00
  MS001                CONDUIT      0.00     0  00:00      0.00    0.00    0.00
  MS003                CONDUIT      0.00     0  00:00      0.00    0.00    0.00
  MS007                CONDUIT      0.00     0  00:00      0.00    0.00    0.00
  WM007                CONDUIT      0.00     0  00:00      0.00    0.00    0.00
  WM1001               CONDUIT      0.00     0  00:00      0.00    0.00    0.00
  WM004                CONDUIT      0.00     0  00:00      0.00    0.00    0.00
  WM2                  CONDUIT      0.00     0  00:00      0.00    0.00    0.00
  WM2002               CONDUIT      0.00     0  00:00      0.00    0.00    0.00
  WM2001               CONDUIT      0.00     0  00:00      0.00    0.00    0.00
  WM001                CONDUIT      0.00     0  00:00      0.00    0.00    0.00
  WM1002               CONDUIT      0.00     0  00:00      0.00    0.00    0.00
  MS3011               CONDUIT      0.00     0  00:00      0.00    0.00    0.00
  WM3001               CONDUIT      0.00     0  00:00      0.00    0.00    0.00
  WM3002               CONDUIT      0.00     0  00:00      0.00    0.00    0.00
  1086                 CONDUIT      0.00     0  00:00      0.00    0.00    0.00
  940                  CONDUIT      0.00     0  00:00      0.00    0.00    0.00
  8008.4D              CONDUIT      0.00     0  00:00      0.00    0.00    0.00
  8001.3D              CONDUIT      0.00     0  00:00      0.00    0.00    0.00
  8001.6D              CONDUIT      0.00     0  00:00      0.00    0.00    0.00
  8001.5D              CONDUIT      0.00     0  00:00      0.00    0.00    0.00
  8002.2D              CONDUIT      0.00     0  00:00      0.00    0.00    0.00
  8002.4D              CONDUIT      0.00     0  00:00      0.00    0.00    0.00
  187                  CONDUIT      0.00     0  00:00      0.00    0.00    0.00
  1187-60              CONDUIT      0.00     0  00:00      0.00    0.00    0.00
  2187-60              CONDUIT      0.00     0  00:00      0.00    0.00    0.00
  1187-54              CONDUIT      0.00     0  00:00      0.00    0.00    0.00
  2187-54              CONDUIT      0.00     0  00:00      0.00    0.00    0.00
  3187-54              CONDUIT      0.00     0  00:00      0.00    0.00    0.00
  171-54               CONDUIT      0.00     0  00:00      0.00    0.00    0.00
  171_2                CONDUIT      0.00     0  00:00      0.00    0.00    0.00
  1176-60              CONDUIT      0.00     0  00:00      0.00    0.00    0.00
  176_2                CONDUIT      0.00     0  00:00      0.00    0.00    0.00
  2176                 CONDUIT      0.00     0  00:00      0.00    0.00    0.00
  3176                 CONDUIT      0.00     0  00:00      0.00    0.00    0.00
  3112                 CONDUIT      0.00     0  00:00      0.00    0.00    0.00
  1112-60              CONDUIT      0.00     0  00:00      0.00    0.00    0.00
  1112                 CONDUIT      0.00     0  00:00      0.00    0.00    0.00
  49                   CONDUIT      0.00     0  00:00      0.00    0.00    0.00
  1062                 CONDUIT      0.00     0  00:00      0.00    0.00    0.00
  2044                 CONDUIT      0.00     0  00:00      0.00    0.00    0.00
  1044                 CONDUIT      0.00     0  00:00      0.00    0.00    0.00
  1056                 CONDUIT      0.00     0  00:00      0.00    0.00    0.00
  156_3                CONDUIT      0.00     0  00:00      0.00    0.00    0.00
  3056-G               CONDUIT      0.00     0  00:00      0.00    0.00    0.00
  3056-84              CONDUIT      0.00     0  00:00      0.00    0.00    0.00
  152.1                CONDUIT      0.00     0  00:00      0.00    0.00    0.00
  WM-54                CONDUIT      0.00     0  00:00      0.00    0.00    0.00
  187-54suc            CONDUIT      0.00     0  00:00      0.00    0.00    0.00
  1190-54              CONDUIT      0.00     0  00:00      0.00    0.00    0.00
  190_2                CONDUIT      1.43     0  00:07      1.90    1.84    1.00
  1190                 CONDUIT      0.00     0  00:00      0.00    0.00    0.00
  PE13032              CONDUIT      0.00     0  00:00      0.00    0.00    0.00
  PE13042              CONDUIT      0.00     0  00:00      0.00    0.00    0.00
  PE13051              CONDUIT      0.00     0  00:00      0.00    0.00    0.00
  PE13111              CONDUIT      0.00     0  00:00      0.00    0.00    0.00
  PE13011-E            CONDUIT      0.00     0  00:00      0.00    0.00    0.00
  PE12011-C            CONDUIT      0.00     0  00:00      0.00    0.00    0.00
  PE12039              CONDUIT      0.00     0  00:00      0.00    0.00    0.00
  PE12038              CONDUIT      0.00     0  00:00      0.00    0.00    0.00
  PE12069              CONDUIT      0.00     0  00:00      0.00    0.00    0.00
  PE12063              CONDUIT      0.00     0  00:00      0.00    0.00    0.00
  PE12096              CONDUIT      0.00     0  00:00      0.00    0.00    0.00
  PE12178              CONDUIT      0.00     0  00:00      0.00    0.00    0.00
  PE12268              CONDUIT      0.00     0  00:00      0.00    0.00    0.00
  PE12048              CONDUIT      0.00     0  00:00      0.00    0.00    0.00
  PE11148              CONDUIT      0.00     0  00:00      0.00    0.00    0.00
  PE11149              CONDUIT      0.00     0  00:00      0.00    0.00    0.00
  PE11153              CONDUIT      0.00     0  00:00      0.00    0.00    0.00
  PE10004              CONDUIT      0.00     0  00:00      0.00    0.00    0.00
  PE10001.2            CONDUIT      0.00     0  00:00      0.00    0.00    0.00
  PE10210              CONDUIT      0.00     0  00:00      0.00    0.00    0.00
  PE10032.1            CONDUIT      0.00     0  00:00      0.00    0.00    0.00
  PE10033              CONDUIT      0.00     0  00:00      0.00    0.00    0.00
  PE10066              CONDUIT      0.00     0  00:00      0.00    0.00    0.00
  PE10069              CONDUIT      0.00     0  00:00      0.00    0.00    0.00
  PE10074              CONDUIT      0.00     0  00:00      0.00    0.00    0.00
  PE09002              CONDUIT      0.00     0  00:00      0.00    0.00    0.00
  PE09106              CONDUIT      0.00     0  00:00      0.00    0.00    0.00
  G1006                CONDUIT      0.00     0  00:00      0.00    0.00    0.00
  1051                 CONDUIT      0.00     0  00:00      0.00    0.00    0.00
  8186                 PUMP         0.00     0  00:00              0.00
  8076                 PUMP         0.00     0  00:00              0.00
  8072                 PUMP         0.00     0  00:00              0.00
  8085                 PUMP         0.00     0  00:00              0.00
  8054                 PUMP         0.00     0  00:00              0.00
  8045                 PUMP         0.00     0  00:00              0.00
  8075                 PUMP         0.00     0  00:00              0.00
  8007                 PUMP         0.00     0  00:00              0.00
  8016                 PUMP         0.00     0  00:00              0.00
  8009                 PUMP         0.00     0  00:00              0.00
  152                  PUMP         0.00     0  00:00              0.00
  068                  PUMP         0.00     0  00:00              0.00
  8067                 PUMP         0.00     0  00:00              0.00
  065                  PUMP         0.00     0  00:00              0.00
  064                  PUMP         0.00     0  00:00              0.00
  059                  PUMP         0.00     0  00:00              0.00
  8004                 PUMP         0.00     0  00:00              0.00
  061                  PUMP         0.00     0  00:00              0.00
  156                  PUMP         0.00     0  00:00              0.00
  8008                 PUMP         0.00     0  00:00              0.00
  8011                 PUMP         1.00     0  10:45              0.10
  032                  PUMP         0.00     0  00:00              0.00
  033                  PUMP         0.00     0  00:00              0.00
  034                  PUMP         0.00     0  00:00              0.00
  8050                 PUMP         0.00     0  00:00              0.00
  8137                 PUMP         0.00     0  00:00              0.00
  8136                 PUMP         0.00     0  00:00              0.00
  8146                 PUMP         0.00     0  00:00              0.00
  8135                 PUMP         0.00     0  00:00              0.00
  8138                 PUMP         0.00     0  00:00              0.00
  8134                 PUMP         0.00     0  00:00              0.00
  8131                 PUMP         0.00     0  00:00              0.00
  8130                 PUMP         0.00     0  00:00              0.00
  8132                 PUMP         0.00     0  00:00              0.00
  8122                 PUMP         0.00     0  00:00              0.00
  8060                 PUMP         0.00     0  00:00              0.00
  8133                 PUMP         0.00     0  00:00              0.00
  001.1                PUMP         1.00     0  23:58              0.10
  001.2                PUMP         1.00     0  23:58              0.10
  001.7                PUMP         1.00     0  23:58              0.10
  001.4                PUMP         1.00     0  23:58              0.10
  042                  PUMP         0.00     0  00:00              0.00
  058                  PUMP         0.00     0  00:00              0.00
  057                  PUMP         0.00     0  00:00              0.00
  037                  PUMP         0.00     0  00:00              0.00
  038                  PUMP         0.00     0  00:00              0.00
  084                  PUMP         0.00     0  00:00              0.00
  021                  PUMP         0.00     0  00:00              0.00
  8005                 PUMP         0.05     0  12:58              0.00
  8052                 PUMP         0.00     0  00:00              0.00
  8044                 PUMP         0.00     0  00:00              0.00
  051                  PUMP         0.00     0  00:00              0.00
  046                  PUMP         0.00     0  00:00              0.00
  049                  PUMP         0.00     0  00:00              0.00
  047                  PUMP         0.00     0  00:00              0.00
  035                  PUMP         0.00     0  00:00              0.00
  029                  PUMP         0.00     0  00:00              0.00
  8062                 PUMP         1.00     0  16:15              0.10
  041                  PUMP         0.00     0  00:00              0.00
  141                  PUMP         0.40     0  00:00              0.04
  8006                 PUMP         0.00     0  00:00              0.00
  002.1                PUMP         0.00     0  00:00              0.00
  103                  PUMP         0.00     0  00:00              0.00
  104                  PUMP         0.00     0  00:00              0.00
  018                  PUMP         0.00     0  00:00              0.00
  115                  PUMP         0.00     0  00:00              0.00
  8017                 PUMP         0.00     0  00:00              0.00
  107                  PUMP         0.00     0  00:00              0.00
  191                  PUMP         0.00     0  00:00              0.00
  101                  PUMP         0.00     0  00:00              0.00
  176                  PUMP         0.00     0  00:00              0.00
  106                  PUMP         0.00     0  00:00              0.00
  112                  PUMP         0.00     0  00:00              0.00
  074                  PUMP         0.00     0  00:00              0.00
  079                  PUMP         0.00     0  00:00              0.00
  8117                 PUMP         0.70     0  02:40              0.07
  102                  PUMP         0.00     0  00:00              0.00
  167                  PUMP         0.00     0  00:00              0.00
  078                  PUMP         0.00     0  00:00              0.00
  069                  PUMP         0.00     0  00:00              0.00
  8010                 PUMP         0.00     0  00:00              0.00
  071                  PUMP         0.00     0  00:00              0.00
  020                  PUMP         0.00     0  00:00              0.00
  063                  PUMP         0.00     0  00:00              0.00
  055                  PUMP         0.00     0  00:00              0.00
  100                  PUMP         0.50     0  00:00              0.05
  171                  PUMP         0.00     0  00:00              0.00
  056                  PUMP         0.00     0  00:00              0.00
  082                  PUMP         0.00     0  00:00              0.00
  083                  PUMP         0.00     0  00:00              0.00
  081                  PUMP         0.00     0  00:00              0.00
  070                  PUMP         0.00     0  00:00              0.00
  077                  PUMP         0.00     0  00:00              0.00
  170                  PUMP         0.00     0  00:00              0.00
  181                  PUMP         0.00     0  00:00              0.00
  179                  PUMP         0.00     0  00:00              0.00
  582                  PUMP         0.00     0  00:00              0.00
  180                  PUMP         0.00     0  00:00              0.00
  080                  PUMP         0.00     0  00:00              0.00
  086                  PUMP         0.00     0  00:00              0.00
  200                  PUMP         0.00     0  00:00              0.00
  002.2                PUMP         0.00     0  00:00              0.00
  002.5                PUMP         0.00     0  00:00              0.00
  8048                 PUMP         0.00     0  00:00              0.00
  8053                 PUMP        10.00     0  00:00              1.00
  8164                 PUMP        10.00     0  00:00              1.00
  CG8001               PUMP        10.00     0  00:00              1.00
  CG8008               PUMP        10.00     0  00:00              1.00
  CG8013               PUMP        10.00     0  00:00              1.00
  CG8010               PUMP        10.00     0  00:00              1.00
  CG8012               PUMP        10.00     0  00:00              1.00
  CG8024               PUMP        10.00     0  00:00              1.00
  CG8026               PUMP        10.00     0  00:00              1.00
  CG8016               PUMP        10.00     0  00:00              1.00
  CG8034               PUMP        10.00     0  00:00              1.00
  CG8033               PUMP        10.00     0  00:00              1.00
  CG8032               PUMP        10.00     0  00:00              1.00
  CG8031               PUMP        10.00     0  00:00              1.00
  CG8030               PUMP        10.00     0  00:00              1.00
  CG8028               PUMP        10.00     0  00:00              1.00
  CG8002               PUMP         0.00     0  00:00              0.00
  CG8006               PUMP         0.00     0  00:00              0.00
  CG8005               PUMP        10.00     0  00:00              1.00
  CG8003               PUMP        10.00     0  00:00              1.00
  CG8004               PUMP         0.00     0  00:00              0.00
  CG8007               PUMP        10.00     0  00:00              1.00
  CG8017               PUMP        10.00     0  00:00              1.00
  CG8015               PUMP        10.00     0  00:00              1.00
  CG8009               PUMP        10.00     0  00:00              1.00
  CG8014               PUMP         0.00     0  00:00              0.00
  CG8011               PUMP        10.00     0  00:00              1.00
  CG8019               PUMP        10.00     0  00:00              1.00
  CG8018               PUMP        10.00     0  00:00              1.00
  CG8022               PUMP        10.00     0  00:00              1.00
  CG8021               PUMP        10.00     0  00:00              1.00
  CG8023               PUMP        10.00     0  00:00              1.00
  CG8020               PUMP        10.00     0  00:00              1.00
  CG8025               PUMP        10.00     0  00:00              1.00
  CGG8029              PUMP        10.00     0  00:00              1.00
  CG8027               PUMP        10.00     0  00:00              1.00
  MS8006               PUMP        10.00     0  00:00              1.00
  MS8007               PUMP        10.00     0  00:00              1.00
  MS8005               PUMP        10.00     0  00:00              1.00
  MS8004               PUMP        10.00     0  00:00              1.00
  MS8003               PUMP        10.00     0  00:00              1.00
  MS8002               PUMP         0.00     0  00:00              0.00
  MS8001               PUMP        10.00     0  00:00              1.00
  MS8009               PUMP        10.00     0  00:00              1.00
  MS8008               PUMP         0.00     0  00:00              0.00
  MS8010               PUMP        10.00     0  00:00              1.00
  MS8011               PUMP        10.00     0  00:00              1.00
  WM8003               PUMP        10.00     0  00:00              1.00
  WM8001               PUMP        10.00     0  00:00              1.00
  WM8004               PUMP        10.00     0  00:00              1.00
  WM8002               PUMP         0.00     0  00:00              0.00
  2456                 PUMP        10.00     0  00:00              1.00
  8001.5               PUMP         1.00     0  23:58              0.10
  8001.6               PUMP         1.00     0  23:58              0.10
  8001.3               PUMP         1.00     0  23:58              0.10
  8001.8               PUMP         1.00     0  23:58              0.10
  8002.1               PUMP         0.00     0  00:00              0.00
  8002.4               PUMP         0.00     0  00:00              0.00
  8187                 PUMP         0.00     0  00:00              0.00
  8177                 PUMP        10.00     0  00:00              1.00
  190                  PUMP         1.00     0  00:00              0.10
  
  
  ***************************
  Flow Classification Summary
  ***************************
  
  -------------------------------------------------------------------------------------
                      Adjusted    ---------- Fraction of Time in Flow Class ---------- 
                       /Actual         Up    Down  Sub   Sup   Up    Down  Norm  Inlet 
  Conduit               Length    Dry  Dry   Dry   Crit  Crit  Crit  Crit  Ltd   Ctrl  
  -------------------------------------------------------------------------------------
  PF14238                 1.00   0.00  0.00  0.00  1.00  0.00  0.00  0.00  0.86  0.00
  PF14239                 1.00   0.00  0.00  0.00  0.99  0.00  0.00  0.01  0.13  0.00
  PF14244                 1.00   1.00  0.00  0.00  0.00  0.00  0.00  0.00  0.00  0.00
  PF14246                 1.00   0.17  0.83  0.00  0.00  0.00  0.00  0.00  0.00  0.00
  PF14269                 1.00   0.12  0.00  0.00  0.88  0.00  0.00  0.00  0.00  0.00
  PF14295                 1.00   0.00  0.12  0.00  0.88  0.00  0.00  0.00  0.88  0.00
  PF14304                 1.00   0.00  0.00  0.00  1.00  0.00  0.00  0.00  0.11  0.00
  PF14308                 1.00   0.01  0.02  0.00  0.98  0.00  0.00  0.00  0.00  0.00
  PF14309                 1.00   0.02  0.15  0.00  0.83  0.00  0.00  0.00  0.00  0.00
  PF14310                 1.00   0.17  0.00  0.00  0.82  0.01  0.00  0.00  0.82  0.00
  PF14313                 1.00   0.17  0.00  0.00  0.83  0.00  0.00  0.00  0.15  0.00
  PF14318                 1.00   0.17  0.00  0.00  0.82  0.01  0.00  0.00  0.13  0.00
  PF14321                 1.00   0.17  0.00  0.00  0.83  0.00  0.00  0.00  0.00  0.00
  PF14341                 1.00   0.00  1.00  0.00  0.00  0.00  0.00  0.00  0.00  0.00
  PF14379                 1.00   1.00  0.00  0.00  0.00  0.00  0.00  0.00  0.00  0.00
  PF14386                 1.00   1.00  0.00  0.00  0.00  0.00  0.00  0.00  0.00  0.00
  PE14441                 1.00   0.00  0.11  0.00  0.88  0.00  0.00  0.00  0.00  0.00
  PE14462                 1.00   0.00  0.00  0.00  1.00  0.00  0.00  0.00  0.00  0.00
  PE14458                 1.00   0.00  0.00  0.00  1.00  0.00  0.00  0.00  0.00  0.00
  PF14277                 1.00   0.12  0.00  0.00  0.88  0.00  0.00  0.00  0.87  0.00
  PF14378                 1.00   1.00  0.00  0.00  0.00  0.00  0.00  0.00  0.00  0.00
  G186                    1.00   1.00  0.00  0.00  0.00  0.00  0.00  0.00  0.00  0.00
  PH12280                 1.00   1.00  0.00  0.00  0.00  0.00  0.00  0.00  0.00  0.00
  PH12345                 1.00   1.00  0.00  0.00  0.00  0.00  0.00  0.00  0.00  0.00
  G76                     1.00   1.00  0.00  0.00  0.00  0.00  0.00  0.00  0.00  0.00
  PG11198                 1.00   1.00  0.00  0.00  0.00  0.00  0.00  0.00  0.00  0.00
  PG11203                 1.00   1.00  0.00  0.00  0.00  0.00  0.00  0.00  0.00  0.00
  PG11232                 1.00   1.00  0.00  0.00  0.00  0.00  0.00  0.00  0.00  0.00
  PG11235                 1.00   1.00  0.00  0.00  0.00  0.00  0.00  0.00  0.00  0.00
  PG11238                 1.00   1.00  0.00  0.00  0.00  0.00  0.00  0.00  0.00  0.00
  PG11239                 1.00   1.00  0.00  0.00  0.00  0.00  0.00  0.00  0.00  0.00
  PG12074                 1.00   1.00  0.00  0.00  0.00  0.00  0.00  0.00  0.00  0.00
  PG12089                 1.00   1.00  0.00  0.00  0.00  0.00  0.00  0.00  0.00  0.00
  PG12173                 1.00   1.00  0.00  0.00  0.00  0.00  0.00  0.00  0.00  0.00
  PH12081                 1.00   1.00  0.00  0.00  0.00  0.00  0.00  0.00  0.00  0.00
  PH12083                 1.00   1.00  0.00  0.00  0.00  0.00  0.00  0.00  0.00  0.00
  1072                    1.00   1.00  0.00  0.00  0.00  0.00  0.00  0.00  0.00  0.00
  G85                     1.00   1.00  0.00  0.00  0.00  0.00  0.00  0.00  0.00  0.00
  PG13010                 1.00   1.00  0.00  0.00  0.00  0.00  0.00  0.00  0.00  0.00
  PG13053                 1.00   1.00  0.00  0.00  0.00  0.00  0.00  0.00  0.00  0.00
  PG13083                 1.00   1.00  0.00  0.00  0.00  0.00  0.00  0.00  0.00  0.00
  PG13098                 1.00   1.00  0.00  0.00  0.00  0.00  0.00  0.00  0.00  0.00
  PG13115                 1.00   1.00  0.00  0.00  0.00  0.00  0.00  0.00  0.00  0.00
  PG13120                 1.00   1.00  0.00  0.00  0.00  0.00  0.00  0.00  0.00  0.00
  PH13146                 1.00   1.00  0.00  0.00  0.00  0.00  0.00  0.00  0.00  0.00
  PH13157                 1.00   1.00  0.00  0.00  0.00  0.00  0.00  0.00  0.00  0.00
  PH13183                 1.00   1.00  0.00  0.00  0.00  0.00  0.00  0.00  0.00  0.00
  PH13186                 1.00   1.00  0.00  0.00  0.00  0.00  0.00  0.00  0.00  0.00
  PG13085                 1.00   1.00  0.00  0.00  0.00  0.00  0.00  0.00  0.00  0.00
  PG13068                 1.00   1.00  0.00  0.00  0.00  0.00  0.00  0.00  0.00  0.00
  PG14SPU1                1.00   1.00  0.00  0.00  0.00  0.00  0.00  0.00  0.00  0.00
  PG14024                 1.00   1.00  0.00  0.00  0.00  0.00  0.00  0.00  0.00  0.00
  PF14012(F)              1.00   1.00  0.00  0.00  0.00  0.00  0.00  0.00  0.00  0.00
  G54                     1.00   1.00  0.00  0.00  0.00  0.00  0.00  0.00  0.00  0.00
  PG13127                 1.00   1.00  0.00  0.00  0.00  0.00  0.00  0.00  0.00  0.00
  PG13126                 1.00   1.00  0.00  0.00  0.00  0.00  0.00  0.00  0.00  0.00
  PG13124                 1.00   1.00  0.00  0.00  0.00  0.00  0.00  0.00  0.00  0.00
  PG13121                 1.00   1.00  0.00  0.00  0.00  0.00  0.00  0.00  0.00  0.00
  PG13019                 1.00   1.00  0.00  0.00  0.00  0.00  0.00  0.00  0.00  0.00
  1075                    1.00   1.00  0.00  0.00  0.00  0.00  0.00  0.00  0.00  0.00
  PG13093                 1.00   1.00  0.00  0.00  0.00  0.00  0.00  0.00  0.00  0.00
  G45                     1.00   1.00  0.00  0.00  0.00  0.00  0.00  0.00  0.00  0.00
  PF13856                 1.00   1.00  0.00  0.00  0.00  0.00  0.00  0.00  0.00  0.00
  G7                      1.00   1.00  0.00  0.00  0.00  0.00  0.00  0.00  0.00  0.00
  PF13851                 1.00   1.00  0.00  0.00  0.00  0.00  0.00  0.00  0.00  0.00
  PJ15151                 1.00   1.00  0.00  0.00  0.00  0.00  0.00  0.00  0.00  0.00
  PJ15172                 1.00   1.00  0.00  0.00  0.00  0.00  0.00  0.00  0.00  0.00
  PJ16183                 1.00   1.00  0.00  0.00  0.00  0.00  0.00  0.00  0.00  0.00
  PJ216273                1.00   1.00  0.00  0.00  0.00  0.00  0.00  0.00  0.00  0.00
  PF14004                 1.00   1.00  0.00  0.00  0.00  0.00  0.00  0.00  0.00  0.00
  PF14071                 1.00   1.00  0.00  0.00  0.00  0.00  0.00  0.00  0.00  0.00
  PF14106                 1.00   1.00  0.00  0.00  0.00  0.00  0.00  0.00  0.00  0.00
  PF14107                 1.00   1.00  0.00  0.00  0.00  0.00  0.00  0.00  0.00  0.00
  PF14112                 1.00   1.00  0.00  0.00  0.00  0.00  0.00  0.00  0.00  0.00
  PF14116                 1.00   1.00  0.00  0.00  0.00  0.00  0.00  0.00  0.00  0.00
  PF14118                 1.00   1.00  0.00  0.00  0.00  0.00  0.00  0.00  0.00  0.00
  PF14145                 1.00   1.00  0.00  0.00  0.00  0.00  0.00  0.00  0.00  0.00
  PF15031                 1.00   1.00  0.00  0.00  0.00  0.00  0.00  0.00  0.00  0.00
  PF15034                 1.00   1.00  0.00  0.00  0.00  0.00  0.00  0.00  0.00  0.00
  PF15076                 1.00   1.00  0.00  0.00  0.00  0.00  0.00  0.00  0.00  0.00
  PF15077                 1.00   1.00  0.00  0.00  0.00  0.00  0.00  0.00  0.00  0.00
  PF15078                 1.00   1.00  0.00  0.00  0.00  0.00  0.00  0.00  0.00  0.00
  PF15130                 1.00   1.00  0.00  0.00  0.00  0.00  0.00  0.00  0.00  0.00
  PF15376                 1.00   1.00  0.00  0.00  0.00  0.00  0.00  0.00  0.00  0.00
  PF15817                 1.00   1.00  0.00  0.00  0.00  0.00  0.00  0.00  0.00  0.00
  PF15812                 1.00   1.00  0.00  0.00  0.00  0.00  0.00  0.00  0.00  0.00
  PF15837                 1.00   1.00  0.00  0.00  0.00  0.00  0.00  0.00  0.00  0.00
  PF16614                 1.00   1.00  0.00  0.00  0.00  0.00  0.00  0.00  0.00  0.00
  PG15081                 1.00   1.00  0.00  0.00  0.00  0.00  0.00  0.00  0.00  0.00
  PG15082                 1.00   1.00  0.00  0.00  0.00  0.00  0.00  0.00  0.00  0.00
  PG15187                 1.00   1.00  0.00  0.00  0.00  0.00  0.00  0.00  0.00  0.00
  PG15257                 1.00   1.00  0.00  0.00  0.00  0.00  0.00  0.00  0.00  0.00
  PG15284                 1.00   1.00  0.00  0.00  0.00  0.00  0.00  0.00  0.00  0.00
  PG15435                 1.00   1.00  0.00  0.00  0.00  0.00  0.00  0.00  0.00  0.00
  PG15443                 1.00   1.00  0.00  0.00  0.00  0.00  0.00  0.00  0.00  0.00
  PG15351                 1.00   1.00  0.00  0.00  0.00  0.00  0.00  0.00  0.00  0.00
  PG16087                 1.00   1.00  0.00  0.00  0.00  0.00  0.00  0.00  0.00  0.00
  PG16470                 1.00   1.00  0.00  0.00  0.00  0.00  0.00  0.00  0.00  0.00
  PG16514                 1.00   1.00  0.00  0.00  0.00  0.00  0.00  0.00  0.00  0.00
  PG16520.1               1.00   1.00  0.00  0.00  0.00  0.00  0.00  0.00  0.00  0.00
  PG16520.2               1.00   1.00  0.00  0.00  0.00  0.00  0.00  0.00  0.00  0.00
  PG16528                 1.00   1.00  0.00  0.00  0.00  0.00  0.00  0.00  0.00  0.00
  PH15431                 1.00   1.00  0.00  0.00  0.00  0.00  0.00  0.00  0.00  0.00
  PH15557                 1.00   1.00  0.00  0.00  0.00  0.00  0.00  0.00  0.00  0.00
  PH15558                 1.00   1.00  0.00  0.00  0.00  0.00  0.00  0.00  0.00  0.00
  PH15559                 1.00   1.00  0.00  0.00  0.00  0.00  0.00  0.00  0.00  0.00
  PH15563                 1.00   1.00  0.00  0.00  0.00  0.00  0.00  0.00  0.00  0.00
  PH15568                 1.00   1.00  0.00  0.00  0.00  0.00  0.00  0.00  0.00  0.00
  PH16001                 1.00   1.00  0.00  0.00  0.00  0.00  0.00  0.00  0.00  0.00
  PH16281                 1.00   1.00  0.00  0.00  0.00  0.00  0.00  0.00  0.00  0.00
  PH16426                 1.00   1.00  0.00  0.00  0.00  0.00  0.00  0.00  0.00  0.00
  PH16306                 1.00   1.00  0.00  0.00  0.00  0.00  0.00  0.00  0.00  0.00
  PH16308                 1.00   1.00  0.00  0.00  0.00  0.00  0.00  0.00  0.00  0.00
  PH16394                 1.00   1.00  0.00  0.00  0.00  0.00  0.00  0.00  0.00  0.00
  PH16396                 1.00   1.00  0.00  0.00  0.00  0.00  0.00  0.00  0.00  0.00
  PF14153                 1.00   1.00  0.00  0.00  0.00  0.00  0.00  0.00  0.00  0.00
  PF14078                 1.00   1.00  0.00  0.00  0.00  0.00  0.00  0.00  0.00  0.00
  PG15261                 1.00   1.00  0.00  0.00  0.00  0.00  0.00  0.00  0.00  0.00
  10050                   1.00   1.00  0.00  0.00  0.00  0.00  0.00  0.00  0.00  0.00
  PG15334                 1.00   1.00  0.00  0.00  0.00  0.00  0.00  0.00  0.00  0.00
  PG15186                 1.00   1.00  0.00  0.00  0.00  0.00  0.00  0.00  0.00  0.00
  G15185                  1.00   1.00  0.00  0.00  0.00  0.00  0.00  0.00  0.00  0.00
  G15184                  1.00   1.00  0.00  0.00  0.00  0.00  0.00  0.00  0.00  0.00
  G16518                  1.00   1.00  0.00  0.00  0.00  0.00  0.00  0.00  0.00  0.00
  G16464                  1.00   1.00  0.00  0.00  0.00  0.00  0.00  0.00  0.00  0.00
  F15752                  1.00   1.00  0.00  0.00  0.00  0.00  0.00  0.00  0.00  0.00
  F15834                  1.00   1.00  0.00  0.00  0.00  0.00  0.00  0.00  0.00  0.00
  2156                    1.00   1.00  0.00  0.00  0.00  0.00  0.00  0.00  0.00  0.00
  1152                    1.00   1.00  0.00  0.00  0.00  0.00  0.00  0.00  0.00  0.00
  1009.1                  1.00   1.00  0.00  0.00  0.00  0.00  0.00  0.00  0.00  0.00
  66                      1.00   1.00  0.00  0.00  0.00  0.00  0.00  0.00  0.00  0.00
  H16428                  1.00   1.00  0.00  0.00  0.00  0.00  0.00  0.00  0.00  0.00
  H16288                  1.00   1.00  0.00  0.00  0.00  0.00  0.00  0.00  0.00  0.00
  68                      1.00   1.00  0.00  0.00  0.00  0.00  0.00  0.00  0.00  0.00
  267                     1.00   1.00  0.00  0.00  0.00  0.00  0.00  0.00  0.00  0.00
  H16415                  1.00   1.00  0.00  0.00  0.00  0.00  0.00  0.00  0.00  0.00
  H16417                  1.00   1.00  0.00  0.00  0.00  0.00  0.00  0.00  0.00  0.00
  64                      1.00   1.00  0.00  0.00  0.00  0.00  0.00  0.00  0.00  0.00
  G16467                  1.00   1.00  0.00  0.00  0.00  0.00  0.00  0.00  0.00  0.00
  H16506                  1.00   1.00  0.00  0.00  0.00  0.00  0.00  0.00  0.00  0.00
  2016                    1.00   1.00  0.00  0.00  0.00  0.00  0.00  0.00  0.00  0.00
  61                      1.00   1.00  0.00  0.00  0.00  0.00  0.00  0.00  0.00  0.00
  4                       1.00   1.00  0.00  0.00  0.00  0.00  0.00  0.00  0.00  0.00
  2008                    1.00   1.00  0.00  0.00  0.00  0.00  0.00  0.00  0.00  0.00
  J17073                  1.00   0.09  0.06  0.00  0.85  0.00  0.00  0.00  0.00  0.00
  J17352                  1.00   1.00  0.00  0.00  0.00  0.00  0.00  0.00  0.00  0.00
  K16003                  1.00   0.22  0.00  0.00  0.01  0.77  0.00  0.00  0.00  0.00
  K17035                  1.00   0.18  0.04  0.00  0.78  0.00  0.00  0.00  0.00  0.00
  K17071                  1.00   0.15  0.03  0.00  0.82  0.00  0.00  0.00  0.00  0.00
  J17085                  1.00   0.00  0.09  0.00  0.91  0.00  0.00  0.00  0.00  0.00
  J17140                  1.00   0.00  0.00  0.00  1.00  0.00  0.00  0.00  0.00  0.00
  J17150                  1.00   0.00  0.00  0.00  1.00  0.00  0.00  0.00  0.02  0.00
  J17239                  1.00   0.00  0.00  0.00  1.00  0.00  0.00  0.00  0.01  0.00
  K16034                  1.00   0.22  0.00  0.00  0.76  0.01  0.00  0.00  0.75  0.00
  2011                    1.00   1.00  0.00  0.00  0.00  0.00  0.00  0.00  0.00  0.00
  G32                     1.00   1.00  0.00  0.00  0.00  0.00  0.00  0.00  0.00  0.00
  G34                     1.00   1.00  0.00  0.00  0.00  0.00  0.00  0.00  0.00  0.00
  33                      1.00   1.00  0.00  0.00  0.00  0.00  0.00  0.00  0.00  0.00
  H15263                  1.00   1.00  0.00  0.00  0.00  0.00  0.00  0.00  0.00  0.00
  1137                    1.00   1.00  0.00  0.00  0.00  0.00  0.00  0.00  0.00  0.00
  2137                    1.00   1.00  0.00  0.00  0.00  0.00  0.00  0.00  0.00  0.00
  1136-8"                 1.00   1.00  0.00  0.00  0.00  0.00  0.00  0.00  0.00  0.00
  2136                    1.00   1.00  0.00  0.00  0.00  0.00  0.00  0.00  0.00  0.00
  2146-a                  1.00   1.00  0.00  0.00  0.00  0.00  0.00  0.00  0.00  0.00
  1146                    1.00   1.00  0.00  0.00  0.00  0.00  0.00  0.00  0.00  0.00
  1135                    1.00   1.00  0.00  0.00  0.00  0.00  0.00  0.00  0.00  0.00
  1138-a                  1.00   1.00  0.00  0.00  0.00  0.00  0.00  0.00  0.00  0.00
  2135-a                  1.00   1.00  0.00  0.00  0.00  0.00  0.00  0.00  0.00  0.00
  1134                    1.00   1.00  0.00  0.00  0.00  0.00  0.00  0.00  0.00  0.00
  2134-12"                1.00   1.00  0.00  0.00  0.00  0.00  0.00  0.00  0.00  0.00
  131                     1.00   1.00  0.00  0.00  0.00  0.00  0.00  0.00  0.00  0.00
  2130-8"                 1.00   1.00  0.00  0.00  0.00  0.00  0.00  0.00  0.00  0.00
  132                     1.00   1.00  0.00  0.00  0.00  0.00  0.00  0.00  0.00  0.00
  3134-12"                1.00   1.00  0.00  0.00  0.00  0.00  0.00  0.00  0.00  0.00
  1130                    1.00   1.00  0.00  0.00  0.00  0.00  0.00  0.00  0.00  0.00
  1133                    1.00   1.00  0.00  0.00  0.00  0.00  0.00  0.00  0.00  0.00
  3130-12"                1.00   0.31  0.00  0.00  0.46  0.00  0.00  0.23  0.46  0.00
  5130                    1.00   0.31  0.00  0.00  0.00  0.00  0.00  0.69  0.00  0.00
  4130                    1.00   0.02  0.00  0.00  0.68  0.00  0.00  0.30  0.00  0.00
  1122                    1.00   0.02  0.00  0.00  0.58  0.00  0.40  0.00  0.00  0.00
  3133                    1.00   1.00  0.00  0.00  0.00  0.00  0.00  0.00  0.00  0.00
  1060                    1.00   1.00  0.00  0.00  0.00  0.00  0.00  0.00  0.00  0.00
  2122                    1.00   0.02  0.00  0.00  0.86  0.00  0.00  0.12  0.84  0.00
  2060                    1.00   0.13  0.87  0.00  0.00  0.00  0.00  0.00  0.00  0.00
  2133-24"                1.00   1.00  0.00  0.00  0.00  0.00  0.00  0.00  0.00  0.00
  PM-21                   1.00   0.03  0.97  0.00  0.00  0.00  0.00  0.00  0.00  0.00
  8001D                   1.00   1.00  0.00  0.00  0.00  0.00  0.00  0.00  0.00  0.00
  1001                    1.00   1.00  0.00  0.00  0.00  0.00  0.00  0.00  0.00  0.00
  2001                    1.00   1.00  0.00  0.00  0.00  0.00  0.00  0.00  0.00  0.00
  3060                    1.00   1.00  0.00  0.00  0.00  0.00  0.00  0.00  0.00  0.00
  CDP-N                   1.00   1.00  0.00  0.00  0.00  0.00  0.00  0.00  0.00  0.00
  CDP-S1                  1.00   1.00  0.00  0.00  0.00  0.00  0.00  0.00  0.00  0.00
  8001.4D                 1.00   0.48  0.52  0.00  0.00  0.00  0.00  0.00  0.00  0.00
  F14001                  1.00   0.21  0.00  0.00  0.79  0.00  0.00  0.00  0.01  0.00
  F14010                  1.00   1.00  0.00  0.00  0.00  0.00  0.00  0.00  0.00  0.00
  F14JB1                  1.00   0.26  0.22  0.00  0.53  0.00  0.00  0.00  0.00  0.00
  F14008                  1.00   0.26  0.74  0.00  0.00  0.00  0.00  0.00  0.00  0.00
  F14158                  1.00   0.21  0.00  0.00  0.79  0.00  0.00  0.00  0.01  0.00
  F14003.2                1.00   0.21  0.05  0.00  0.74  0.00  0.00  0.00  0.00  0.00
  F1403.1                 1.00   1.00  0.00  0.00  0.00  0.00  0.00  0.00  0.00  0.00
  F14002                  1.00   1.00  0.00  0.00  0.00  0.00  0.00  0.00  0.00  0.00
  F14160                  1.00   0.18  0.03  0.00  0.79  0.00  0.00  0.00  0.00  0.00
  F14280                  1.00   1.00  0.00  0.00  0.00  0.00  0.00  0.00  0.00  0.00
  s-a                     1.00   1.00  0.00  0.00  0.00  0.00  0.00  0.00  0.00  0.00
  F14JB2                  1.00   1.00  0.00  0.00  0.00  0.00  0.00  0.00  0.00  0.00
  -S2                     1.00   0.47  0.00  0.00  0.53  0.00  0.00  0.00  0.02  0.00
  8007.3D                 1.00   0.48  0.52  0.00  0.00  0.00  0.00  0.00  0.00  0.00
  8001.2D                 1.00   0.48  0.52  0.00  0.00  0.00  0.00  0.00  0.00  0.00
  8001.1D                 1.00   0.48  0.52  0.00  0.00  0.00  0.00  0.00  0.00  0.00
  G001                    1.00   0.47  0.01  0.00  0.04  0.48  0.00  0.00  0.00  0.00
  E09004                  1.00   1.00  0.00  0.00  0.00  0.00  0.00  0.00  0.00  0.00
  E10001.3                1.00   0.04  0.00  0.00  0.00  0.00  0.00  0.96  0.00  0.00
  E10006                  1.00   1.00  0.00  0.00  0.00  0.00  0.00  0.00  0.00  0.00
  E10031                  1.00   1.00  0.00  0.00  0.00  0.00  0.00  0.00  0.00  0.00
  E10032.2                1.00   1.00  0.00  0.00  0.00  0.00  0.00  0.00  0.00  0.00
  E10034.2                1.00   1.00  0.00  0.00  0.00  0.00  0.00  0.00  0.00  0.00
  E10035                  1.00   1.00  0.00  0.00  0.00  0.00  0.00  0.00  0.00  0.00
  E10042                  1.00   1.00  0.00  0.00  0.00  0.00  0.00  0.00  0.00  0.00
  E10051                  1.00   0.02  0.00  0.00  0.96  0.00  0.00  0.01  0.01  0.00
  E10057.2                1.00   0.01  0.00  0.00  0.97  0.00  0.00  0.01  0.98  0.00
  E10145                  1.00   0.03  0.00  0.00  0.95  0.00  0.00  0.01  0.95  0.00
  E12184                  1.00   1.00  0.00  0.00  0.00  0.00  0.00  0.00  0.00  0.00
  E12186                  1.00   1.00  0.00  0.00  0.00  0.00  0.00  0.00  0.00  0.00
  PE13003                 1.00   1.00  0.00  0.00  0.00  0.00  0.00  0.00  0.00  0.00
  E13010                  1.00   1.00  0.00  0.00  0.00  0.00  0.00  0.00  0.00  0.00
  -1                      1.00   1.00  0.00  0.00  0.00  0.00  0.00  0.00  0.00  0.00
  E14480                  1.00   1.00  0.00  0.00  0.00  0.00  0.00  0.00  0.00  0.00
  F10004                  1.00   0.00  0.00  0.00  1.00  0.00  0.00  0.00  0.00  0.00
  F10079                  1.00   0.00  0.00  0.00  1.00  0.00  0.00  0.00  0.00  0.00
  F10103                  1.00   1.00  0.00  0.00  0.00  0.00  0.00  0.00  0.00  0.00
  F10124                  1.00   1.00  0.00  0.00  0.00  0.00  0.00  0.00  0.00  0.00
  F10127                  1.00   1.00  0.00  0.00  0.00  0.00  0.00  0.00  0.00  0.00
  F10136                  1.00   1.00  0.00  0.00  0.00  0.00  0.00  0.00  0.00  0.00
  F10137.1                1.00   1.00  0.00  0.00  0.00  0.00  0.00  0.00  0.00  0.00
  F10137.2                1.00   1.00  0.00  0.00  0.00  0.00  0.00  0.00  0.00  0.00
  F10227                  1.00   1.00  0.00  0.00  0.00  0.00  0.00  0.00  0.00  0.00
  F12037                  1.00   1.00  0.00  0.00  0.00  0.00  0.00  0.00  0.00  0.00
  F12322                  1.00   1.00  0.00  0.00  0.00  0.00  0.00  0.00  0.00  0.00
  F12502                  1.00   1.00  0.00  0.00  0.00  0.00  0.00  0.00  0.00  0.00
  F12545                  1.00   1.00  0.00  0.00  0.00  0.00  0.00  0.00  0.00  0.00
  F12563                  1.00   1.00  0.00  0.00  0.00  0.00  0.00  0.00  0.00  0.00
  F12565                  1.00   1.00  0.00  0.00  0.00  0.00  0.00  0.00  0.00  0.00
  F12587                  1.00   1.00  0.00  0.00  0.00  0.00  0.00  0.00  0.00  0.00
  F13092                  1.00   1.00  0.00  0.00  0.00  0.00  0.00  0.00  0.00  0.00
  PF13243                 1.00   0.01  0.00  0.00  0.98  0.01  0.00  0.00  0.96  0.00
  F13247                  1.00   0.01  0.00  0.00  0.76  0.23  0.00  0.00  0.76  0.00
  F13266                  1.00   0.01  0.99  0.00  0.00  0.00  0.00  0.00  0.00  0.00
  -8                      1.00   1.00  0.00  0.00  0.00  0.00  0.00  0.00  0.00  0.00
  F13303                  1.00   1.00  0.00  0.00  0.00  0.00  0.00  0.00  0.00  0.00
  F13354                  1.00   1.00  0.00  0.00  0.00  0.00  0.00  0.00  0.00  0.00
  F13383                  1.00   1.00  0.00  0.00  0.00  0.00  0.00  0.00  0.00  0.00
  F13392                  1.00   1.00  0.00  0.00  0.00  0.00  0.00  0.00  0.00  0.00
  -5                      1.00   1.00  0.00  0.00  0.00  0.00  0.00  0.00  0.00  0.00
  -3                      1.00   1.00  0.00  0.00  0.00  0.00  0.00  0.00  0.00  0.00
  E14081                  1.00   1.00  0.00  0.00  0.00  0.00  0.00  0.00  0.00  0.00
  F10002                  1.00   0.01  0.00  0.00  0.03  0.97  0.00  0.00  0.00  0.00
  E09005                  1.00   1.00  0.00  0.00  0.00  0.00  0.00  0.00  0.00  0.00
  PE10045                 1.00   1.00  0.00  0.00  0.00  0.00  0.00  0.00  0.00  0.00
  PE10002                 1.00   1.00  0.00  0.00  0.00  0.00  0.00  0.00  0.00  0.00
  E10162                  1.00   1.00  0.00  0.00  0.00  0.00  0.00  0.00  0.00  0.00
  PE10005                 1.00   1.00  0.00  0.00  0.00  0.00  0.00  0.00  0.00  0.00
  2-24                    1.00   1.00  0.00  0.00  0.00  0.00  0.00  0.00  0.00  0.00
  PE12182                 1.00   1.00  0.00  0.00  0.00  0.00  0.00  0.00  0.00  0.00
  PE12099                 1.00   1.00  0.00  0.00  0.00  0.00  0.00  0.00  0.00  0.00
  PE13001                 1.00   1.00  0.00  0.00  0.00  0.00  0.00  0.00  0.00  0.00
  PPVTs                   1.00   0.01  0.01  0.00  0.98  0.00  0.00  0.00  0.98  0.00
  29                      1.00   1.00  0.00  0.00  0.00  0.00  0.00  0.00  0.00  0.00
  EO9099                  1.00   1.00  0.00  0.00  0.00  0.00  0.00  0.00  0.00  0.00
  E09117                  1.00   1.00  0.00  0.00  0.00  0.00  0.00  0.00  0.00  0.00
  1035                    1.00   1.00  0.00  0.00  0.00  0.00  0.00  0.00  0.00  0.00
  E09242                  1.00   1.00  0.00  0.00  0.00  0.00  0.00  0.00  0.00  0.00
  E09245                  1.00   1.00  0.00  0.00  0.00  0.00  0.00  0.00  0.00  0.00
  1046                    1.00   1.00  0.00  0.00  0.00  0.00  0.00  0.00  0.00  0.00
  E09036                  1.00   1.00  0.00  0.00  0.00  0.00  0.00  0.00  0.00  0.00
  44                      1.00   1.00  0.00  0.00  0.00  0.00  0.00  0.00  0.00  0.00
  62                      1.00   1.00  0.00  0.00  0.00  0.00  0.00  0.00  0.00  0.00
  PE10089                 1.00   1.00  0.00  0.00  0.00  0.00  0.00  0.00  0.00  0.00
  005                     1.00   1.00  0.00  0.00  0.00  0.00  0.00  0.00  0.00  0.00
  1048                    1.00   1.00  0.00  0.00  0.00  0.00  0.00  0.00  0.00  0.00
  37                      1.00   1.00  0.00  0.00  0.00  0.00  0.00  0.00  0.00  0.00
  G1160                   1.00   1.00  0.00  0.00  0.00  0.00  0.00  0.00  0.00  0.00
  38                      1.00   1.00  0.00  0.00  0.00  0.00  0.00  0.00  0.00  0.00
  84                      1.00   1.00  0.00  0.00  0.00  0.00  0.00  0.00  0.00  0.00
  1058                    1.00   0.60  0.00  0.00  0.30  0.00  0.00  0.10  0.04  0.00
  1141                    1.00   1.00  0.00  0.00  0.00  0.00  0.00  0.00  0.00  0.00
  41                      1.00   1.00  0.00  0.00  0.00  0.00  0.00  0.00  0.00  0.00
  047_2                   1.00   1.00  0.00  0.00  0.00  0.00  0.00  0.00  0.00  0.00
  1021                    1.00   1.00  0.00  0.00  0.00  0.00  0.00  0.00  0.00  0.00
  PE11011                 1.00   1.00  0.00  0.00  0.00  0.00  0.00  0.00  0.00  0.00
  1057                    1.00   1.00  0.00  0.00  0.00  0.00  0.00  0.00  0.00  0.00
  D13025                  1.00   1.00  0.00  0.00  0.00  0.00  0.00  0.00  0.00  0.00
  42                      1.00   1.00  0.00  0.00  0.00  0.00  0.00  0.00  0.00  0.00
  F09204                  1.00   0.00  0.00  0.00  1.00  0.00  0.00  0.00  0.00  0.00
  Q048                    1.00   1.00  0.00  0.00  0.00  0.00  0.00  0.00  0.00  0.00
  Q006                    1.00   1.00  0.00  0.00  0.00  0.00  0.00  0.00  0.00  0.00
  G002                    1.00   1.00  0.00  0.00  0.00  0.00  0.00  0.00  0.00  0.00
  002                     1.00   1.00  0.00  0.00  0.00  0.00  0.00  0.00  0.00  0.00
  2-33                    1.00   1.00  0.00  0.00  0.00  0.00  0.00  0.00  0.00  0.00
  -20                     1.00   1.00  0.00  0.00  0.00  0.00  0.00  0.00  0.00  0.00
  -25                     1.00   1.00  0.00  0.00  0.00  0.00  0.00  0.00  0.00  0.00
  -19                     1.00   1.00  0.00  0.00  0.00  0.00  0.00  0.00  0.00  0.00
  -23                     1.00   1.00  0.00  0.00  0.00  0.00  0.00  0.00  0.00  0.00
  2-22                    1.00   1.00  0.00  0.00  0.00  0.00  0.00  0.00  0.00  0.00
  -21                     1.00   1.00  0.00  0.00  0.00  0.00  0.00  0.00  0.00  0.00
  2-18                    1.00   1.00  0.00  0.00  0.00  0.00  0.00  0.00  0.00  0.00
  2-17                    1.00   1.00  0.00  0.00  0.00  0.00  0.00  0.00  0.00  0.00
  2-16                    1.00   1.00  0.00  0.00  0.00  0.00  0.00  0.00  0.00  0.00
  -15                     1.00   1.00  0.00  0.00  0.00  0.00  0.00  0.00  0.00  0.00
  -12                     1.00   1.00  0.00  0.00  0.00  0.00  0.00  0.00  0.00  0.00
  2-13                    1.00   1.00  0.00  0.00  0.00  0.00  0.00  0.00  0.00  0.00
  2-10                    1.00   1.00  0.00  0.00  0.00  0.00  0.00  0.00  0.00  0.00
  2-11                    1.00   0.01  0.33  0.00  0.66  0.00  0.00  0.00  0.00  0.00
  -9                      1.00   0.01  0.00  0.00  0.95  0.04  0.00  0.00  0.17  0.00
  -6                      1.00   1.00  0.00  0.00  0.00  0.00  0.00  0.00  0.00  0.00
  -2                      1.00   1.00  0.00  0.00  0.00  0.00  0.00  0.00  0.00  0.00
  2-4                     1.00   1.00  0.00  0.00  0.00  0.00  0.00  0.00  0.00  0.00
  F09020                  1.00   0.00  1.00  0.00  0.00  0.00  0.00  0.00  0.00  0.00
  2-14                    1.00   1.00  0.00  0.00  0.00  0.00  0.00  0.00  0.00  0.00
  115_2                   1.00   1.00  0.00  0.00  0.00  0.00  0.00  0.00  0.00  0.00
  2103                    1.00   1.00  0.00  0.00  0.00  0.00  0.00  0.00  0.00  0.00
  1104                    1.00   1.00  0.00  0.00  0.00  0.00  0.00  0.00  0.00  0.00
  103_2                   1.00   1.00  0.00  0.00  0.00  0.00  0.00  0.00  0.00  0.00
  1017                    1.00   1.00  0.00  0.00  0.00  0.00  0.00  0.00  0.00  0.00
  2104                    1.00   1.00  0.00  0.00  0.00  0.00  0.00  0.00  0.00  0.00
  3086                    1.00   1.00  0.00  0.00  0.00  0.00  0.00  0.00  0.00  0.00
  86                      1.00   1.00  0.00  0.00  0.00  0.00  0.00  0.00  0.00  0.00
  2086                    1.00   1.00  0.00  0.00  0.00  0.00  0.00  0.00  0.00  0.00
  2164                    1.00   1.00  0.00  0.00  0.00  0.00  0.00  0.00  0.00  0.00
  1018                    1.00   1.00  0.00  0.00  0.00  0.00  0.00  0.00  0.00  0.00
  1191                    1.00   1.00  0.00  0.00  0.00  0.00  0.00  0.00  0.00  0.00
  2191                    1.00   1.00  0.00  0.00  0.00  0.00  0.00  0.00  0.00  0.00
  107_2                   1.00   1.00  0.00  0.00  0.00  0.00  0.00  0.00  0.00  0.00
  P-PVT-N                 1.00   1.00  0.00  0.00  0.00  0.00  0.00  0.00  0.00  0.00
  3107                    1.00   1.00  0.00  0.00  0.00  0.00  0.00  0.00  0.00  0.00
  2017                    1.00   1.00  0.00  0.00  0.00  0.00  0.00  0.00  0.00  0.00
  3086.1                  1.00   1.00  0.00  0.00  0.00  0.00  0.00  0.00  0.00  0.00
  4086                    1.00   1.00  0.00  0.00  0.00  0.00  0.00  0.00  0.00  0.00
  J13001                  1.00   0.00  0.01  0.00  0.99  0.00  0.00  0.00  0.00  0.00
  J13194                  1.00   1.00  0.00  0.00  0.00  0.00  0.00  0.00  0.00  0.00
  J14125                  1.00   1.00  0.00  0.00  0.00  0.00  0.00  0.00  0.00  0.00
  J14460                  1.00   1.00  0.00  0.00  0.00  0.00  0.00  0.00  0.00  0.00
  K13021                  1.00   1.00  0.00  0.00  0.00  0.00  0.00  0.00  0.00  0.00
  K13028                  1.00   1.00  0.00  0.00  0.00  0.00  0.00  0.00  0.00  0.00
  K14002                  1.00   1.00  0.00  0.00  0.00  0.00  0.00  0.00  0.00  0.00
  J13022                  1.00   0.00  0.00  0.00  1.00  0.00  0.00  0.00  0.00  0.00
  K14005                  1.00   1.00  0.00  0.00  0.00  0.00  0.00  0.00  0.00  0.00
  K14018                  1.00   1.00  0.00  0.00  0.00  0.00  0.00  0.00  0.00  0.00
  K13051                  1.00   1.00  0.00  0.00  0.00  0.00  0.00  0.00  0.00  0.00
  K13031                  1.00   1.00  0.00  0.00  0.00  0.00  0.00  0.00  0.00  0.00
  J13009                  1.00   0.00  1.00  0.00  0.00  0.00  0.00  0.00  0.00  0.00
  J13029                  1.00   0.00  0.00  0.00  1.00  0.00  0.00  0.00  0.99  0.00
  J14295                  1.00   1.00  0.00  0.00  0.00  0.00  0.00  0.00  0.00  0.00
  J14345                  1.00   1.00  0.00  0.00  0.00  0.00  0.00  0.00  0.00  0.00
  5100                    1.00   0.04  0.96  0.00  0.00  0.00  0.00  0.00  0.00  0.00
  106_2                   1.00   0.03  0.00  0.00  0.94  0.00  0.00  0.03  0.04  0.00
  2106                    1.00   0.01  0.00  0.00  0.97  0.00  0.00  0.02  0.97  0.00
  3106                    1.00   0.01  0.00  0.00  0.94  0.00  0.00  0.06  0.92  0.00
  4074                    1.00   1.00  0.00  0.00  0.00  0.00  0.00  0.00  0.00  0.00
  4102                    1.00   1.00  0.00  0.00  0.00  0.00  0.00  0.00  0.00  0.00
  102_2                   1.00   1.00  0.00  0.00  0.00  0.00  0.00  0.00  0.00  0.00
  2101                    1.00   1.00  0.00  0.00  0.00  0.00  0.00  0.00  0.00  0.00
  74                      1.00   1.00  0.00  0.00  0.00  0.00  0.00  0.00  0.00  0.00
  1167                    1.00   1.00  0.00  0.00  0.00  0.00  0.00  0.00  0.00  0.00
  4106                    1.00   0.04  0.96  0.00  0.00  0.00  0.00  0.00  0.00  0.00
  2190                    1.00   1.00  0.00  0.00  0.00  0.00  0.00  0.00  0.00  0.00
  2112                    1.00   1.00  0.00  0.00  0.00  0.00  0.00  0.00  0.00  0.00
  3117                    1.00   1.00  0.00  0.00  0.00  0.00  0.00  0.00  0.00  0.00
  2102                    1.00   1.00  0.00  0.00  0.00  0.00  0.00  0.00  0.00  0.00
  3102                    1.00   1.00  0.00  0.00  0.00  0.00  0.00  0.00  0.00  0.00
  1079                    1.00   1.00  0.00  0.00  0.00  0.00  0.00  0.00  0.00  0.00
  J1313                   1.00   1.00  0.00  0.00  0.00  0.00  0.00  0.00  0.00  0.00
  J13143                  1.00   0.00  1.00  0.00  0.00  0.00  0.00  0.00  0.00  0.00
  1101                    1.00   1.00  0.00  0.00  0.00  0.00  0.00  0.00  0.00  0.00
  F14013                  1.00   1.00  0.00  0.00  0.00  0.00  0.00  0.00  0.00  0.00
  G14291                  1.00   1.00  0.00  0.00  0.00  0.00  0.00  0.00  0.00  0.00
  G14295                  1.00   1.00  0.00  0.00  0.00  0.00  0.00  0.00  0.00  0.00
  G14322                  1.00   1.00  0.00  0.00  0.00  0.00  0.00  0.00  0.00  0.00
  G14400                  1.00   1.00  0.00  0.00  0.00  0.00  0.00  0.00  0.00  0.00
  G14426                  1.00   1.00  0.00  0.00  0.00  0.00  0.00  0.00  0.00  0.00
  G14427                  1.00   1.00  0.00  0.00  0.00  0.00  0.00  0.00  0.00  0.00
  G14429                  1.00   1.00  0.00  0.00  0.00  0.00  0.00  0.00  0.00  0.00
  G14440                  1.00   1.00  0.00  0.00  0.00  0.00  0.00  0.00  0.00  0.00
  G14447                  1.00   1.00  0.00  0.00  0.00  0.00  0.00  0.00  0.00  0.00
  G14453                  1.00   1.00  0.00  0.00  0.00  0.00  0.00  0.00  0.00  0.00
  G14461                  1.00   1.00  0.00  0.00  0.00  0.00  0.00  0.00  0.00  0.00
  G14551                  1.00   1.00  0.00  0.00  0.00  0.00  0.00  0.00  0.00  0.00
  G14557                  1.00   1.00  0.00  0.00  0.00  0.00  0.00  0.00  0.00  0.00
  H14800                  1.00   1.00  0.00  0.00  0.00  0.00  0.00  0.00  0.00  0.00
  F14011                  1.00   1.00  0.00  0.00  0.00  0.00  0.00  0.00  0.00  0.00
  14417                   1.00   1.00  0.00  0.00  0.00  0.00  0.00  0.00  0.00  0.00
  G14493(F)               1.00   1.00  0.00  0.00  0.00  0.00  0.00  0.00  0.00  0.00
  10078                   1.00   1.00  0.00  0.00  0.00  0.00  0.00  0.00  0.00  0.00
  1078                    1.00   1.00  0.00  0.00  0.00  0.00  0.00  0.00  0.00  0.00
  1010                    1.00   1.00  0.00  0.00  0.00  0.00  0.00  0.00  0.00  0.00
  1069                    1.00   1.00  0.00  0.00  0.00  0.00  0.00  0.00  0.00  0.00
  H13012                  1.00   1.00  0.00  0.00  0.00  0.00  0.00  0.00  0.00  0.00
  H13009                  1.00   1.00  0.00  0.00  0.00  0.00  0.00  0.00  0.00  0.00
  H14022                  1.00   1.00  0.00  0.00  0.00  0.00  0.00  0.00  0.00  0.00
  2020                    1.00   1.00  0.00  0.00  0.00  0.00  0.00  0.00  0.00  0.00
  1020                    1.00   1.00  0.00  0.00  0.00  0.00  0.00  0.00  0.00  0.00
  114                     1.00   1.00  0.00  0.00  0.00  0.00  0.00  0.00  0.00  0.00
  H14784                  1.00   1.00  0.00  0.00  0.00  0.00  0.00  0.00  0.00  0.00
  H14789                  1.00   1.00  0.00  0.00  0.00  0.00  0.00  0.00  0.00  0.00
  H14795                  1.00   1.00  0.00  0.00  0.00  0.00  0.00  0.00  0.00  0.00
  100_2                   1.00   0.00  1.00  0.00  0.00  0.00  0.00  0.00  0.00  0.00
  1171-54                 1.00   1.00  0.00  0.00  0.00  0.00  0.00  0.00  0.00  0.00
  4100                    1.00   1.00  0.00  0.00  0.00  0.00  0.00  0.00  0.00  0.00
  WM4001                  1.00   1.00  0.00  0.00  0.00  0.00  0.00  0.00  0.00  0.00
  1171-60                 1.00   1.00  0.00  0.00  0.00  0.00  0.00  0.00  0.00  0.00
  4112a                   1.00   1.00  0.00  0.00  0.00  0.00  0.00  0.00  0.00  0.00
  56                      1.00   1.00  0.00  0.00  0.00  0.00  0.00  0.00  0.00  0.00
  4112                    1.00   1.00  0.00  0.00  0.00  0.00  0.00  0.00  0.00  0.00
  2056                    1.00   1.00  0.00  0.00  0.00  0.00  0.00  0.00  0.00  0.00
  PM-50                   1.00   0.02  0.00  0.00  0.92  0.00  0.05  0.00  0.00  0.00
  PM-8                    1.00   0.00  0.00  0.00  1.00  0.00  0.00  0.00  0.00  0.00
  81                      1.00   1.00  0.00  0.00  0.00  0.00  0.00  0.00  0.00  0.00
  J13023                  1.00   1.00  0.00  0.00  0.00  0.00  0.00  0.00  0.00  0.00
  83                      1.00   1.00  0.00  0.00  0.00  0.00  0.00  0.00  0.00  0.00
  82                      1.00   1.00  0.00  0.00  0.00  0.00  0.00  0.00  0.00  0.00
  J13025                  1.00   1.00  0.00  0.00  0.00  0.00  0.00  0.00  0.00  0.00
  1070                    1.00   1.00  0.00  0.00  0.00  0.00  0.00  0.00  0.00  0.00
  J13034                  1.00   1.00  0.00  0.00  0.00  0.00  0.00  0.00  0.00  0.00
  J13029.1                1.00   1.00  0.00  0.00  0.00  0.00  0.00  0.00  0.00  0.00
  J13027                  1.00   1.00  0.00  0.00  0.00  0.00  0.00  0.00  0.00  0.00
  80                      1.00   1.00  0.00  0.00  0.00  0.00  0.00  0.00  0.00  0.00
  J13024                  1.00   1.00  0.00  0.00  0.00  0.00  0.00  0.00  0.00  0.00
  J13033                  1.00   1.00  0.00  0.00  0.00  0.00  0.00  0.00  0.00  0.00
  077_2                   1.00   1.00  0.00  0.00  0.00  0.00  0.00  0.00  0.00  0.00
  J13052                  1.00   1.00  0.00  0.00  0.00  0.00  0.00  0.00  0.00  0.00
  1170                    1.00   0.01  0.99  0.00  0.00  0.00  0.00  0.00  0.00  0.00
  PM-53                   1.00   0.00  0.00  0.00  0.97  0.00  0.03  0.00  0.00  0.00
  PM-29                   1.00   1.00  0.00  0.00  0.00  0.00  0.00  0.00  0.00  0.00
  PM-1                    1.00   1.00  0.00  0.00  0.00  0.00  0.00  0.00  0.00  0.00
  H13189                  1.00   1.00  0.00  0.00  0.00  0.00  0.00  0.00  0.00  0.00
  J14025                  1.00   1.00  0.00  0.00  0.00  0.00  0.00  0.00  0.00  0.00
  PM19001                 1.00   1.00  0.00  0.00  0.00  0.00  0.00  0.00  0.00  0.00
  M19002                  1.00   1.00  0.00  0.00  0.00  0.00  0.00  0.00  0.00  0.00
  M19137                  1.00   0.78  0.22  0.00  0.00  0.00  0.00  0.00  0.00  0.00
  M19138                  1.00   0.08  0.70  0.00  0.22  0.00  0.00  0.00  0.00  0.00
  177                     1.00   1.00  0.00  0.00  0.00  0.00  0.00  0.00  0.00  0.00
  M19140                  1.00   0.06  0.00  0.00  0.94  0.00  0.00  0.00  0.08  0.00
  M8162                   1.00   0.04  0.00  0.00  0.96  0.00  0.00  0.00  0.00  0.00
  M18184                  1.00   0.05  0.24  0.00  0.72  0.00  0.00  0.00  0.72  0.00
  M18192                  1.00   0.19  0.00  0.00  0.71  0.00  0.00  0.11  0.00  0.00
  2181                    1.00   0.04  0.00  0.00  0.79  0.00  0.00  0.17  0.76  0.00
  181_2                   1.00   0.04  0.00  0.00  0.89  0.00  0.00  0.07  0.89  0.00
  M18173                  1.00   0.04  0.00  0.00  0.95  0.00  0.00  0.00  0.11  0.00
  MH18166                 1.00   0.04  0.00  0.00  0.96  0.00  0.00  0.00  0.00  0.00
  1180                    1.00   1.00  0.00  0.00  0.00  0.00  0.00  0.00  0.00  0.00
  M19063                  1.00   1.00  0.00  0.00  0.00  0.00  0.00  0.00  0.00  0.00
  1179                    1.00   1.00  0.00  0.00  0.00  0.00  0.00  0.00  0.00  0.00
  M19004                  1.00   1.00  0.00  0.00  0.00  0.00  0.00  0.00  0.00  0.00
  M19046                  1.00   1.00  0.00  0.00  0.00  0.00  0.00  0.00  0.00  0.00
  M19039                  1.00   1.00  0.00  0.00  0.00  0.00  0.00  0.00  0.00  0.00
  582_2                   1.00   0.04  0.00  0.00  0.92  0.00  0.00  0.05  0.92  0.00
  1582                    1.00   0.04  0.00  0.00  0.00  0.00  0.00  0.96  0.00  0.00
  M18178                  1.00   0.03  0.00  0.00  0.95  0.00  0.00  0.02  0.93  0.00
  8066                    1.00   1.00  0.00  0.00  0.00  0.00  0.00  0.00  0.00  0.00
  F13406                  1.00   0.00  0.00  0.00  0.99  0.00  0.00  0.01  0.00  0.00
  F13405                  1.00   0.00  0.00  0.00  0.98  0.00  0.00  0.02  0.00  0.00
  -50                     1.00   1.00  0.00  0.00  0.00  0.00  0.00  0.00  0.00  0.00
  -48                     1.00   1.00  0.00  0.00  0.00  0.00  0.00  0.00  0.00  0.00
  -47                     1.00   1.00  0.00  0.00  0.00  0.00  0.00  0.00  0.00  0.00
  -38                     1.00   1.00  0.00  0.00  0.00  0.00  0.00  0.00  0.00  0.00
  -46                     1.00   1.00  0.00  0.00  0.00  0.00  0.00  0.00  0.00  0.00
  -45                     1.00   1.00  0.00  0.00  0.00  0.00  0.00  0.00  0.00  0.00
  -44                     1.00   1.00  0.00  0.00  0.00  0.00  0.00  0.00  0.00  0.00
  -42                     1.00   1.00  0.00  0.00  0.00  0.00  0.00  0.00  0.00  0.00
  -41                     1.00   1.00  0.00  0.00  0.00  0.00  0.00  0.00  0.00  0.00
  -40                     1.00   1.00  0.00  0.00  0.00  0.00  0.00  0.00  0.00  0.00
  -39                     1.00   1.00  0.00  0.00  0.00  0.00  0.00  0.00  0.00  0.00
  -37                     1.00   1.00  0.00  0.00  0.00  0.00  0.00  0.00  0.00  0.00
  -36                     1.00   1.00  0.00  0.00  0.00  0.00  0.00  0.00  0.00  0.00
  -35                     1.00   1.00  0.00  0.00  0.00  0.00  0.00  0.00  0.00  0.00
  -34                     1.00   1.00  0.00  0.00  0.00  0.00  0.00  0.00  0.00  0.00
  -33                     1.00   1.00  0.00  0.00  0.00  0.00  0.00  0.00  0.00  0.00
  -32                     1.00   1.00  0.00  0.00  0.00  0.00  0.00  0.00  0.00  0.00
  -31                     1.00   1.00  0.00  0.00  0.00  0.00  0.00  0.00  0.00  0.00
  -29                     1.00   1.00  0.00  0.00  0.00  0.00  0.00  0.00  0.00  0.00
  -30                     1.00   1.00  0.00  0.00  0.00  0.00  0.00  0.00  0.00  0.00
  -28                     1.00   1.00  0.00  0.00  0.00  0.00  0.00  0.00  0.00  0.00
  -27                     1.00   1.00  0.00  0.00  0.00  0.00  0.00  0.00  0.00  0.00
  -24                     1.00   1.00  0.00  0.00  0.00  0.00  0.00  0.00  0.00  0.00
  -26                     1.00   1.00  0.00  0.00  0.00  0.00  0.00  0.00  0.00  0.00
  -23_2                   1.00   1.00  0.00  0.00  0.00  0.00  0.00  0.00  0.00  0.00
  -21_2                   1.00   1.00  0.00  0.00  0.00  0.00  0.00  0.00  0.00  0.00
  -20_2                   1.00   1.00  0.00  0.00  0.00  0.00  0.00  0.00  0.00  0.00
  -16                     1.00   1.00  0.00  0.00  0.00  0.00  0.00  0.00  0.00  0.00
  -10                     1.00   1.00  0.00  0.00  0.00  0.00  0.00  0.00  0.00  0.00
  -8_2                    1.00   1.00  0.00  0.00  0.00  0.00  0.00  0.00  0.00  0.00
  -3_2                    1.00   1.00  0.00  0.00  0.00  0.00  0.00  0.00  0.00  0.00
  -2_2                    1.00   1.00  0.00  0.00  0.00  0.00  0.00  0.00  0.00  0.00
  -1_2                    1.00   1.00  0.00  0.00  0.00  0.00  0.00  0.00  0.00  0.00
  -4                      1.00   0.21  0.26  0.00  0.53  0.00  0.00  0.00  0.00  0.00
  F14075                  1.00   1.00  0.00  0.00  0.00  0.00  0.00  0.00  0.00  0.00
  -49                     1.00   1.00  0.00  0.00  0.00  0.00  0.00  0.00  0.00  0.00
  -7                      1.00   1.00  0.00  0.00  0.00  0.00  0.00  0.00  0.00  0.00
  -F2                     1.00   1.00  0.00  0.00  0.00  0.00  0.00  0.00  0.00  0.00
  009.1                   1.00   1.00  0.00  0.00  0.00  0.00  0.00  0.00  0.00  0.00
  10                      1.00   1.00  0.00  0.00  0.00  0.00  0.00  0.00  0.00  0.00
  1065                    1.00   1.00  0.00  0.00  0.00  0.00  0.00  0.00  0.00  0.00
  112_2                   1.00   1.00  0.00  0.00  0.00  0.00  0.00  0.00  0.00  0.00
  171-60                  1.00   1.00  0.00  0.00  0.00  0.00  0.00  0.00  0.00  0.00
  1176-54                 1.00   1.00  0.00  0.00  0.00  0.00  0.00  0.00  0.00  0.00
  3001                    1.00   1.00  0.00  0.00  0.00  0.00  0.00  0.00  0.00  0.00
  P-V2                    1.00   1.00  0.00  0.00  0.00  0.00  0.00  0.00  0.00  0.00
  5001                    1.00   1.00  0.00  0.00  0.00  0.00  0.00  0.00  0.00  0.00
  N-GRIT                  1.00   1.00  0.00  0.00  0.00  0.00  0.00  0.00  0.00  0.00
  S-GRIT                  1.00   1.00  0.00  0.00  0.00  0.00  0.00  0.00  0.00  0.00
  J13675                  1.00   1.00  0.00  0.00  0.00  0.00  0.00  0.00  0.00  0.00
  1071                    1.00   1.00  0.00  0.00  0.00  0.00  0.00  0.00  0.00  0.00
  156_2                   1.00   1.00  0.00  0.00  0.00  0.00  0.00  0.00  0.00  0.00
  P-V1                    1.00   1.00  0.00  0.00  0.00  0.00  0.00  0.00  0.00  0.00
  L14034                  1.00   1.00  0.00  0.00  0.00  0.00  0.00  0.00  0.00  0.00
  200_2                   1.00   1.00  0.00  0.00  0.00  0.00  0.00  0.00  0.00  0.00
  8002D                   1.00   1.00  0.00  0.00  0.00  0.00  0.00  0.00  0.00  0.00
  8002.5D                 1.00   1.00  0.00  0.00  0.00  0.00  0.00  0.00  0.00  0.00
  8002.3D                 1.00   1.00  0.00  0.00  0.00  0.00  0.00  0.00  0.00  0.00
  8002.1D                 1.00   1.00  0.00  0.00  0.00  0.00  0.00  0.00  0.00  0.00
  CDP-S2                  1.00   1.00  0.00  0.00  0.00  0.00  0.00  0.00  0.00  0.00
  55                      1.00   1.00  0.00  0.00  0.00  0.00  0.00  0.00  0.00  0.00
  G14320                  1.00   1.00  0.00  0.00  0.00  0.00  0.00  0.00  0.00  0.00
  50                      1.00   1.00  0.00  0.00  0.00  0.00  0.00  0.00  0.00  0.00
  1059                    1.00   1.00  0.00  0.00  0.00  0.00  0.00  0.00  0.00  0.00
  152_2                   1.00   1.00  0.00  0.00  0.00  0.00  0.00  0.00  0.00  0.00
  009                     1.00   1.00  0.00  0.00  0.00  0.00  0.00  0.00  0.00  0.00
  1009                    1.00   1.00  0.00  0.00  0.00  0.00  0.00  0.00  0.00  0.00
  3100                    1.00   1.00  0.00  0.00  0.00  0.00  0.00  0.00  0.00  0.00
  011                     1.00   1.00  0.00  0.00  0.00  0.00  0.00  0.00  0.00  0.00
  117                     1.00   1.00  0.00  0.00  0.00  0.00  0.00  0.00  0.00  0.00
  51                      1.00   1.00  0.00  0.00  0.00  0.00  0.00  0.00  0.00  0.00
  1067                    1.00   1.00  0.00  0.00  0.00  0.00  0.00  0.00  0.00  0.00
  53                      1.00   1.00  0.00  0.00  0.00  0.00  0.00  0.00  0.00  0.00
  PVT53                   1.00   1.00  0.00  0.00  0.00  0.00  0.00  0.00  0.00  0.00
  153                     1.00   1.00  0.00  0.00  0.00  0.00  0.00  0.00  0.00  0.00
  1418                    1.00   1.00  0.00  0.00  0.00  0.00  0.00  0.00  0.00  0.00
  1049                    1.00   1.00  0.00  0.00  0.00  0.00  0.00  0.00  0.00  0.00
  2049                    1.00   1.00  0.00  0.00  0.00  0.00  0.00  0.00  0.00  0.00
  17                      1.00   1.00  0.00  0.00  0.00  0.00  0.00  0.00  0.00  0.00
  52                      1.00   1.00  0.00  0.00  0.00  0.00  0.00  0.00  0.00  0.00
  1052                    1.00   1.00  0.00  0.00  0.00  0.00  0.00  0.00  0.00  0.00
  44_2                    1.00   1.00  0.00  0.00  0.00  0.00  0.00  0.00  0.00  0.00
  3074                    1.00   1.00  0.00  0.00  0.00  0.00  0.00  0.00  0.00  0.00
  2074                    1.00   1.00  0.00  0.00  0.00  0.00  0.00  0.00  0.00  0.00
  004                     1.00   1.00  0.00  0.00  0.00  0.00  0.00  0.00  0.00  0.00
  006                     1.00   1.00  0.00  0.00  0.00  0.00  0.00  0.00  0.00  0.00
  007                     1.00   1.00  0.00  0.00  0.00  0.00  0.00  0.00  0.00  0.00
  008                     1.00   1.00  0.00  0.00  0.00  0.00  0.00  0.00  0.00  0.00
  016                     1.00   1.00  0.00  0.00  0.00  0.00  0.00  0.00  0.00  0.00
  18                      1.00   0.05  0.00  0.00  0.93  0.00  0.00  0.02  0.01  0.00
  85                      1.00   1.00  0.00  0.00  0.00  0.00  0.00  0.00  0.00  0.00
  021_2                   1.00   1.00  0.00  0.00  0.00  0.00  0.00  0.00  0.00  0.00
  029_2                   1.00   1.00  0.00  0.00  0.00  0.00  0.00  0.00  0.00  0.00
  032_2                   1.00   1.00  0.00  0.00  0.00  0.00  0.00  0.00  0.00  0.00
  1033                    1.00   1.00  0.00  0.00  0.00  0.00  0.00  0.00  0.00  0.00
  034_2                   1.00   1.00  0.00  0.00  0.00  0.00  0.00  0.00  0.00  0.00
  035_2                   1.00   1.00  0.00  0.00  0.00  0.00  0.00  0.00  0.00  0.00
  037_2                   1.00   1.00  0.00  0.00  0.00  0.00  0.00  0.00  0.00  0.00
  038_2                   1.00   1.00  0.00  0.00  0.00  0.00  0.00  0.00  0.00  0.00
  041_2                   1.00   1.00  0.00  0.00  0.00  0.00  0.00  0.00  0.00  0.00
  042_2                   1.00   1.00  0.00  0.00  0.00  0.00  0.00  0.00  0.00  0.00
  045                     1.00   1.00  0.00  0.00  0.00  0.00  0.00  0.00  0.00  0.00
  046_2                   1.00   1.00  0.00  0.00  0.00  0.00  0.00  0.00  0.00  0.00
  047_3                   1.00   1.00  0.00  0.00  0.00  0.00  0.00  0.00  0.00  0.00
  048                     1.00   1.00  0.00  0.00  0.00  0.00  0.00  0.00  0.00  0.00
  054                     1.00   1.00  0.00  0.00  0.00  0.00  0.00  0.00  0.00  0.00
  059_2                   1.00   1.00  0.00  0.00  0.00  0.00  0.00  0.00  0.00  0.00
  060                     1.00   1.00  0.00  0.00  0.00  0.00  0.00  0.00  0.00  0.00
  061_2                   1.00   1.00  0.00  0.00  0.00  0.00  0.00  0.00  0.00  0.00
  063_2                   1.00   1.00  0.00  0.00  0.00  0.00  0.00  0.00  0.00  0.00
  064_2                   1.00   1.00  0.00  0.00  0.00  0.00  0.00  0.00  0.00  0.00
  065_2                   1.00   1.00  0.00  0.00  0.00  0.00  0.00  0.00  0.00  0.00
  066                     1.00   1.00  0.00  0.00  0.00  0.00  0.00  0.00  0.00  0.00
  067                     1.00   1.00  0.00  0.00  0.00  0.00  0.00  0.00  0.00  0.00
  068_2                   1.00   1.00  0.00  0.00  0.00  0.00  0.00  0.00  0.00  0.00
  069_2                   1.00   1.00  0.00  0.00  0.00  0.00  0.00  0.00  0.00  0.00
  070_2                   1.00   1.00  0.00  0.00  0.00  0.00  0.00  0.00  0.00  0.00
  075                     1.00   1.00  0.00  0.00  0.00  0.00  0.00  0.00  0.00  0.00
  076                     1.00   1.00  0.00  0.00  0.00  0.00  0.00  0.00  0.00  0.00
  077_3                   1.00   1.00  0.00  0.00  0.00  0.00  0.00  0.00  0.00  0.00
  078_2                   1.00   1.00  0.00  0.00  0.00  0.00  0.00  0.00  0.00  0.00
  079_2                   1.00   1.00  0.00  0.00  0.00  0.00  0.00  0.00  0.00  0.00
  080_2                   1.00   1.00  0.00  0.00  0.00  0.00  0.00  0.00  0.00  0.00
  081_2                   1.00   1.00  0.00  0.00  0.00  0.00  0.00  0.00  0.00  0.00
  082_2                   1.00   1.00  0.00  0.00  0.00  0.00  0.00  0.00  0.00  0.00
  083_2                   1.00   1.00  0.00  0.00  0.00  0.00  0.00  0.00  0.00  0.00
  084_2                   1.00   1.00  0.00  0.00  0.00  0.00  0.00  0.00  0.00  0.00
  101_2                   1.00   0.00  0.00  0.00  1.00  0.00  0.00  0.00  0.00  0.00
  104_2                   1.00   1.00  0.00  0.00  0.00  0.00  0.00  0.00  0.00  0.00
  130                     1.00   1.00  0.00  0.00  0.00  0.00  0.00  0.00  0.00  0.00
  132_2                   1.00   1.00  0.00  0.00  0.00  0.00  0.00  0.00  0.00  0.00
  133                     1.00   1.00  0.00  0.00  0.00  0.00  0.00  0.00  0.00  0.00
  134                     1.00   1.00  0.00  0.00  0.00  0.00  0.00  0.00  0.00  0.00
  135                     1.00   1.00  0.00  0.00  0.00  0.00  0.00  0.00  0.00  0.00
  136                     1.00   1.00  0.00  0.00  0.00  0.00  0.00  0.00  0.00  0.00
  137                     1.00   1.00  0.00  0.00  0.00  0.00  0.00  0.00  0.00  0.00
  138                     1.00   1.00  0.00  0.00  0.00  0.00  0.00  0.00  0.00  0.00
  152a                    1.00   1.00  0.00  0.00  0.00  0.00  0.00  0.00  0.00  0.00
  170_2                   1.00   0.01  0.00  0.00  0.98  0.00  0.00  0.01  0.01  0.00
  179_2                   1.00   1.00  0.00  0.00  0.00  0.00  0.00  0.00  0.00  0.00
  180_2                   1.00   1.00  0.00  0.00  0.00  0.00  0.00  0.00  0.00  0.00
  186                     1.00   1.00  0.00  0.00  0.00  0.00  0.00  0.00  0.00  0.00
  191_2                   1.00   1.00  0.00  0.00  0.00  0.00  0.00  0.00  0.00  0.00
  200_3                   1.00   1.00  0.00  0.00  0.00  0.00  0.00  0.00  0.00  0.00
  164                     1.00   1.00  0.00  0.00  0.00  0.00  0.00  0.00  0.00  0.00
  canal                   1.00   1.00  0.00  0.00  0.00  0.00  0.00  0.00  0.00  0.00
  1703                    1.00   1.00  0.00  0.00  0.00  0.00  0.00  0.00  0.00  0.00
  167_2                   1.00   1.00  0.00  0.00  0.00  0.00  0.00  0.00  0.00  0.00
  146                     1.00   1.00  0.00  0.00  0.00  0.00  0.00  0.00  0.00  0.00
  141_2                   1.00   0.00  0.00  0.00  1.00  0.00  0.00  0.00  0.00  0.00
  CG001                   1.00   1.00  0.00  0.00  0.00  0.00  0.00  0.00  0.00  0.00
  CGG1001                 1.00   1.00  0.00  0.00  0.00  0.00  0.00  0.00  0.00  0.00
  CG002                   1.00   1.00  0.00  0.00  0.00  0.00  0.00  0.00  0.00  0.00
  CG006                   1.00   1.00  0.00  0.00  0.00  0.00  0.00  0.00  0.00  0.00
  CG005                   1.00   1.00  0.00  0.00  0.00  0.00  0.00  0.00  0.00  0.00
  CG003                   1.00   1.00  0.00  0.00  0.00  0.00  0.00  0.00  0.00  0.00
  CG1003                  1.00   1.00  0.00  0.00  0.00  0.00  0.00  0.00  0.00  0.00
  CG1008                  1.00   1.00  0.00  0.00  0.00  0.00  0.00  0.00  0.00  0.00
  CG008                   1.00   1.00  0.00  0.00  0.00  0.00  0.00  0.00  0.00  0.00
  CG1007                  1.00   1.00  0.00  0.00  0.00  0.00  0.00  0.00  0.00  0.00
  CGG1011                 1.00   1.00  0.00  0.00  0.00  0.00  0.00  0.00  0.00  0.00
  CGG1018                 1.00   1.00  0.00  0.00  0.00  0.00  0.00  0.00  0.00  0.00
  CG019                   1.00   1.00  0.00  0.00  0.00  0.00  0.00  0.00  0.00  0.00
  CG1025                  1.00   1.00  0.00  0.00  0.00  0.00  0.00  0.00  0.00  0.00
  CGG1024                 1.00   1.00  0.00  0.00  0.00  0.00  0.00  0.00  0.00  0.00
  CG024                   1.00   1.00  0.00  0.00  0.00  0.00  0.00  0.00  0.00  0.00
  CG034                   1.00   1.00  0.00  0.00  0.00  0.00  0.00  0.00  0.00  0.00
  CG033                   1.00   1.00  0.00  0.00  0.00  0.00  0.00  0.00  0.00  0.00
  CG036                   1.00   1.00  0.00  0.00  0.00  0.00  0.00  0.00  0.00  0.00
  CG1031                  1.00   1.00  0.00  0.00  0.00  0.00  0.00  0.00  0.00  0.00
  CGG2030                 1.00   1.00  0.00  0.00  0.00  0.00  0.00  0.00  0.00  0.00
  CG030                   1.00   1.00  0.00  0.00  0.00  0.00  0.00  0.00  0.00  0.00
  CG1029                  1.00   1.00  0.00  0.00  0.00  0.00  0.00  0.00  0.00  0.00
  CG028                   1.00   1.00  0.00  0.00  0.00  0.00  0.00  0.00  0.00  0.00
  CG022                   1.00   1.00  0.00  0.00  0.00  0.00  0.00  0.00  0.00  0.00
  CG1021                  1.00   1.00  0.00  0.00  0.00  0.00  0.00  0.00  0.00  0.00
  CGG1036                 1.00   1.00  0.00  0.00  0.00  0.00  0.00  0.00  0.00  0.00
  CGG1031                 1.00   1.00  0.00  0.00  0.00  0.00  0.00  0.00  0.00  0.00
  CGG1030                 1.00   1.00  0.00  0.00  0.00  0.00  0.00  0.00  0.00  0.00
  CGG2031                 1.00   1.00  0.00  0.00  0.00  0.00  0.00  0.00  0.00  0.00
  CGG2001                 1.00   1.00  0.00  0.00  0.00  0.00  0.00  0.00  0.00  0.00
  CG1005                  1.00   1.00  0.00  0.00  0.00  0.00  0.00  0.00  0.00  0.00
  CG1002                  1.00   1.00  0.00  0.00  0.00  0.00  0.00  0.00  0.00  0.00
  CG2003                  1.00   1.00  0.00  0.00  0.00  0.00  0.00  0.00  0.00  0.00
  CG004                   1.00   1.00  0.00  0.00  0.00  0.00  0.00  0.00  0.00  0.00
  CG015                   1.00   1.00  0.00  0.00  0.00  0.00  0.00  0.00  0.00  0.00
  CG017                   1.00   1.00  0.00  0.00  0.00  0.00  0.00  0.00  0.00  0.00
  CGG1016                 1.00   1.00  0.00  0.00  0.00  0.00  0.00  0.00  0.00  0.00
  CGG1017                 1.00   1.00  0.00  0.00  0.00  0.00  0.00  0.00  0.00  0.00
  CG016                   1.00   1.00  0.00  0.00  0.00  0.00  0.00  0.00  0.00  0.00
  CGG2016                 1.00   1.00  0.00  0.00  0.00  0.00  0.00  0.00  0.00  0.00
  CGG1015                 1.00   1.00  0.00  0.00  0.00  0.00  0.00  0.00  0.00  0.00
  CGG2015                 1.00   1.00  0.00  0.00  0.00  0.00  0.00  0.00  0.00  0.00
  CGG2010                 1.00   1.00  0.00  0.00  0.00  0.00  0.00  0.00  0.00  0.00
  CG1018                  1.00   1.00  0.00  0.00  0.00  0.00  0.00  0.00  0.00  0.00
  CGG1022                 1.00   1.00  0.00  0.00  0.00  0.00  0.00  0.00  0.00  0.00
  CGG2018                 1.00   1.00  0.00  0.00  0.00  0.00  0.00  0.00  0.00  0.00
  CGG1033                 1.00   1.00  0.00  0.00  0.00  0.00  0.00  0.00  0.00  0.00
  CGG013                  1.00   1.00  0.00  0.00  0.00  0.00  0.00  0.00  0.00  0.00
  CGG2011                 1.00   1.00  0.00  0.00  0.00  0.00  0.00  0.00  0.00  0.00
  CG014                   1.00   1.00  0.00  0.00  0.00  0.00  0.00  0.00  0.00  0.00
  CGG014                  1.00   1.00  0.00  0.00  0.00  0.00  0.00  0.00  0.00  0.00
  CG013                   1.00   1.00  0.00  0.00  0.00  0.00  0.00  0.00  0.00  0.00
  CG012                   1.00   1.00  0.00  0.00  0.00  0.00  0.00  0.00  0.00  0.00
  CGG012                  1.00   1.00  0.00  0.00  0.00  0.00  0.00  0.00  0.00  0.00
  CG011                   1.00   1.00  0.00  0.00  0.00  0.00  0.00  0.00  0.00  0.00
  CG009                   1.00   1.00  0.00  0.00  0.00  0.00  0.00  0.00  0.00  0.00
  CG007                   1.00   1.00  0.00  0.00  0.00  0.00  0.00  0.00  0.00  0.00
  CGG1010                 1.00   1.00  0.00  0.00  0.00  0.00  0.00  0.00  0.00  0.00
  CG010                   1.00   1.00  0.00  0.00  0.00  0.00  0.00  0.00  0.00  0.00
  CGG1019                 1.00   1.00  0.00  0.00  0.00  0.00  0.00  0.00  0.00  0.00
  CG026                   1.00   1.00  0.00  0.00  0.00  0.00  0.00  0.00  0.00  0.00
  CGG2024                 1.00   1.00  0.00  0.00  0.00  0.00  0.00  0.00  0.00  0.00
  CG023                   1.00   1.00  0.00  0.00  0.00  0.00  0.00  0.00  0.00  0.00
  CGG1023                 1.00   1.00  0.00  0.00  0.00  0.00  0.00  0.00  0.00  0.00
  CGG1021                 1.00   1.00  0.00  0.00  0.00  0.00  0.00  0.00  0.00  0.00
  CG1020                  1.00   1.00  0.00  0.00  0.00  0.00  0.00  0.00  0.00  0.00
  CG1009                  1.00   1.00  0.00  0.00  0.00  0.00  0.00  0.00  0.00  0.00
  CG1033                  1.00   1.00  0.00  0.00  0.00  0.00  0.00  0.00  0.00  0.00
  CG2033                  1.00   1.00  0.00  0.00  0.00  0.00  0.00  0.00  0.00  0.00
  CGG2033                 1.00   1.00  0.00  0.00  0.00  0.00  0.00  0.00  0.00  0.00
  CGG3001                 1.00   1.00  0.00  0.00  0.00  0.00  0.00  0.00  0.00  0.00
  CG2009                  1.00   1.00  0.00  0.00  0.00  0.00  0.00  0.00  0.00  0.00
  CG2008                  1.00   1.00  0.00  0.00  0.00  0.00  0.00  0.00  0.00  0.00
  CGG1026                 1.00   1.00  0.00  0.00  0.00  0.00  0.00  0.00  0.00  0.00
  CGG2026                 1.00   1.00  0.00  0.00  0.00  0.00  0.00  0.00  0.00  0.00
  CG021                   1.00   1.00  0.00  0.00  0.00  0.00  0.00  0.00  0.00  0.00
  CG018                   1.00   1.00  0.00  0.00  0.00  0.00  0.00  0.00  0.00  0.00
  CG031                   1.00   1.00  0.00  0.00  0.00  0.00  0.00  0.00  0.00  0.00
  CG2029                  1.00   1.00  0.00  0.00  0.00  0.00  0.00  0.00  0.00  0.00
  CG3029                  1.00   1.00  0.00  0.00  0.00  0.00  0.00  0.00  0.00  0.00
  CG029                   1.00   1.00  0.00  0.00  0.00  0.00  0.00  0.00  0.00  0.00
  CG1015                  1.00   1.00  0.00  0.00  0.00  0.00  0.00  0.00  0.00  0.00
  CG3008                  1.00   1.00  0.00  0.00  0.00  0.00  0.00  0.00  0.00  0.00
  CG020                   1.00   1.00  0.00  0.00  0.00  0.00  0.00  0.00  0.00  0.00
  CG025                   1.00   1.00  0.00  0.00  0.00  0.00  0.00  0.00  0.00  0.00
  CG027                   1.00   1.00  0.00  0.00  0.00  0.00  0.00  0.00  0.00  0.00
  CG1027                  1.00   1.00  0.00  0.00  0.00  0.00  0.00  0.00  0.00  0.00
  MS006                   1.00   1.00  0.00  0.00  0.00  0.00  0.00  0.00  0.00  0.00
  MS1007                  1.00   1.00  0.00  0.00  0.00  0.00  0.00  0.00  0.00  0.00
  MS005                   1.00   1.00  0.00  0.00  0.00  0.00  0.00  0.00  0.00  0.00
  MS1004                  1.00   1.00  0.00  0.00  0.00  0.00  0.00  0.00  0.00  0.00
  MS004                   1.00   1.00  0.00  0.00  0.00  0.00  0.00  0.00  0.00  0.00
  MS1003                  1.00   1.00  0.00  0.00  0.00  0.00  0.00  0.00  0.00  0.00
  MS002                   1.00   1.00  0.00  0.00  0.00  0.00  0.00  0.00  0.00  0.00
  MS1                     1.00   1.00  0.00  0.00  0.00  0.00  0.00  0.00  0.00  0.00
  MS008                   1.00   1.00  0.00  0.00  0.00  0.00  0.00  0.00  0.00  0.00
  MSG009                  1.00   1.00  0.00  0.00  0.00  0.00  0.00  0.00  0.00  0.00
  MS009                   1.00   1.00  0.00  0.00  0.00  0.00  0.00  0.00  0.00  0.00
  MS1009                  1.00   1.00  0.00  0.00  0.00  0.00  0.00  0.00  0.00  0.00
  MSG088                  1.00   1.00  0.00  0.00  0.00  0.00  0.00  0.00  0.00  0.00
  MSG084                  1.00   1.00  0.00  0.00  0.00  0.00  0.00  0.00  0.00  0.00
  MSG057                  1.00   1.00  0.00  0.00  0.00  0.00  0.00  0.00  0.00  0.00
  MSG045                  1.00   1.00  0.00  0.00  0.00  0.00  0.00  0.00  0.00  0.00
  MS010                   1.00   1.00  0.00  0.00  0.00  0.00  0.00  0.00  0.00  0.00
  MS1010                  1.00   1.00  0.00  0.00  0.00  0.00  0.00  0.00  0.00  0.00
  MSG071                  1.00   1.00  0.00  0.00  0.00  0.00  0.00  0.00  0.00  0.00
  MSG813A                 1.00   1.00  0.00  0.00  0.00  0.00  0.00  0.00  0.00  0.00
  MSG514                  1.00   1.00  0.00  0.00  0.00  0.00  0.00  0.00  0.00  0.00
  MSG501                  1.00   1.00  0.00  0.00  0.00  0.00  0.00  0.00  0.00  0.00
  MSG585                  1.00   1.00  0.00  0.00  0.00  0.00  0.00  0.00  0.00  0.00
  MS011                   1.00   1.00  0.00  0.00  0.00  0.00  0.00  0.00  0.00  0.00
  MSG001                  1.00   1.00  0.00  0.00  0.00  0.00  0.00  0.00  0.00  0.00
  MS2011                  1.00   1.00  0.00  0.00  0.00  0.00  0.00  0.00  0.00  0.00
  MS001                   1.00   1.00  0.00  0.00  0.00  0.00  0.00  0.00  0.00  0.00
  MS003                   1.00   1.00  0.00  0.00  0.00  0.00  0.00  0.00  0.00  0.00
  MS007                   1.00   1.00  0.00  0.00  0.00  0.00  0.00  0.00  0.00  0.00
  WM007                   1.00   1.00  0.00  0.00  0.00  0.00  0.00  0.00  0.00  0.00
  WM1001                  1.00   1.00  0.00  0.00  0.00  0.00  0.00  0.00  0.00  0.00
  WM004                   1.00   1.00  0.00  0.00  0.00  0.00  0.00  0.00  0.00  0.00
  WM2                     1.00   1.00  0.00  0.00  0.00  0.00  0.00  0.00  0.00  0.00
  WM2002                  1.00   1.00  0.00  0.00  0.00  0.00  0.00  0.00  0.00  0.00
  WM2001                  1.00   1.00  0.00  0.00  0.00  0.00  0.00  0.00  0.00  0.00
  WM001                   1.00   1.00  0.00  0.00  0.00  0.00  0.00  0.00  0.00  0.00
  WM1002                  1.00   1.00  0.00  0.00  0.00  0.00  0.00  0.00  0.00  0.00
  MS3011                  1.00   1.00  0.00  0.00  0.00  0.00  0.00  0.00  0.00  0.00
  WM3001                  1.00   1.00  0.00  0.00  0.00  0.00  0.00  0.00  0.00  0.00
  WM3002                  1.00   1.00  0.00  0.00  0.00  0.00  0.00  0.00  0.00  0.00
  1086                    1.00   1.00  0.00  0.00  0.00  0.00  0.00  0.00  0.00  0.00
  940                     1.00   1.00  0.00  0.00  0.00  0.00  0.00  0.00  0.00  0.00
  8008.4D                 1.00   1.00  0.00  0.00  0.00  0.00  0.00  0.00  0.00  0.00
  8001.3D                 1.00   1.00  0.00  0.00  0.00  0.00  0.00  0.00  0.00  0.00
  8001.6D                 1.00   1.00  0.00  0.00  0.00  0.00  0.00  0.00  0.00  0.00
  8001.5D                 1.00   1.00  0.00  0.00  0.00  0.00  0.00  0.00  0.00  0.00
  8002.2D                 1.00   1.00  0.00  0.00  0.00  0.00  0.00  0.00  0.00  0.00
  8002.4D                 1.00   1.00  0.00  0.00  0.00  0.00  0.00  0.00  0.00  0.00
  187                     1.00   1.00  0.00  0.00  0.00  0.00  0.00  0.00  0.00  0.00
  1187-60                 1.00   1.00  0.00  0.00  0.00  0.00  0.00  0.00  0.00  0.00
  2187-60                 1.00   1.00  0.00  0.00  0.00  0.00  0.00  0.00  0.00  0.00
  1187-54                 1.00   1.00  0.00  0.00  0.00  0.00  0.00  0.00  0.00  0.00
  2187-54                 1.00   1.00  0.00  0.00  0.00  0.00  0.00  0.00  0.00  0.00
  3187-54                 1.00   1.00  0.00  0.00  0.00  0.00  0.00  0.00  0.00  0.00
  171-54                  1.00   1.00  0.00  0.00  0.00  0.00  0.00  0.00  0.00  0.00
  171_2                   1.00   1.00  0.00  0.00  0.00  0.00  0.00  0.00  0.00  0.00
  1176-60                 1.00   1.00  0.00  0.00  0.00  0.00  0.00  0.00  0.00  0.00
  176_2                   1.00   1.00  0.00  0.00  0.00  0.00  0.00  0.00  0.00  0.00
  2176                    1.00   1.00  0.00  0.00  0.00  0.00  0.00  0.00  0.00  0.00
  3176                    1.00   1.00  0.00  0.00  0.00  0.00  0.00  0.00  0.00  0.00
  3112                    1.00   1.00  0.00  0.00  0.00  0.00  0.00  0.00  0.00  0.00
  1112-60                 1.00   1.00  0.00  0.00  0.00  0.00  0.00  0.00  0.00  0.00
  1112                    1.00   1.00  0.00  0.00  0.00  0.00  0.00  0.00  0.00  0.00
  49                      1.00   1.00  0.00  0.00  0.00  0.00  0.00  0.00  0.00  0.00
  1062                    1.00   1.00  0.00  0.00  0.00  0.00  0.00  0.00  0.00  0.00
  2044                    1.00   1.00  0.00  0.00  0.00  0.00  0.00  0.00  0.00  0.00
  1044                    1.00   1.00  0.00  0.00  0.00  0.00  0.00  0.00  0.00  0.00
  1056                    1.00   1.00  0.00  0.00  0.00  0.00  0.00  0.00  0.00  0.00
  156_3                   1.00   1.00  0.00  0.00  0.00  0.00  0.00  0.00  0.00  0.00
  3056-G                  1.00   1.00  0.00  0.00  0.00  0.00  0.00  0.00  0.00  0.00
  3056-84                 1.00   1.00  0.00  0.00  0.00  0.00  0.00  0.00  0.00  0.00
  152.1                   1.00   1.00  0.00  0.00  0.00  0.00  0.00  0.00  0.00  0.00
  WM-54                   1.00   1.00  0.00  0.00  0.00  0.00  0.00  0.00  0.00  0.00
  187-54suc               1.00   1.00  0.00  0.00  0.00  0.00  0.00  0.00  0.00  0.00
  1190-54                 1.00   1.00  0.00  0.00  0.00  0.00  0.00  0.00  0.00  0.00
  190_2                   1.00   0.00  0.00  0.00  1.00  0.00  0.00  0.00  0.00  0.00
  1190                    1.00   1.00  0.00  0.00  0.00  0.00  0.00  0.00  0.00  0.00
  PE13032                 1.00   1.00  0.00  0.00  0.00  0.00  0.00  0.00  0.00  0.00
  PE13042                 1.00   1.00  0.00  0.00  0.00  0.00  0.00  0.00  0.00  0.00
  PE13051                 1.00   1.00  0.00  0.00  0.00  0.00  0.00  0.00  0.00  0.00
  PE13111                 1.00   1.00  0.00  0.00  0.00  0.00  0.00  0.00  0.00  0.00
  PE13011-E               1.00   1.00  0.00  0.00  0.00  0.00  0.00  0.00  0.00  0.00
  PE12011-C               1.00   1.00  0.00  0.00  0.00  0.00  0.00  0.00  0.00  0.00
  PE12039                 1.00   1.00  0.00  0.00  0.00  0.00  0.00  0.00  0.00  0.00
  PE12038                 1.00   1.00  0.00  0.00  0.00  0.00  0.00  0.00  0.00  0.00
  PE12069                 1.00   1.00  0.00  0.00  0.00  0.00  0.00  0.00  0.00  0.00
  PE12063                 1.00   1.00  0.00  0.00  0.00  0.00  0.00  0.00  0.00  0.00
  PE12096                 1.00   1.00  0.00  0.00  0.00  0.00  0.00  0.00  0.00  0.00
  PE12178                 1.00   1.00  0.00  0.00  0.00  0.00  0.00  0.00  0.00  0.00
  PE12268                 1.00   1.00  0.00  0.00  0.00  0.00  0.00  0.00  0.00  0.00
  PE12048                 1.00   1.00  0.00  0.00  0.00  0.00  0.00  0.00  0.00  0.00
  PE11148                 1.00   1.00  0.00  0.00  0.00  0.00  0.00  0.00  0.00  0.00
  PE11149                 1.00   1.00  0.00  0.00  0.00  0.00  0.00  0.00  0.00  0.00
  PE11153                 1.00   1.00  0.00  0.00  0.00  0.00  0.00  0.00  0.00  0.00
  PE10004                 1.00   1.00  0.00  0.00  0.00  0.00  0.00  0.00  0.00  0.00
  PE10001.2               1.00   1.00  0.00  0.00  0.00  0.00  0.00  0.00  0.00  0.00
  PE10210                 1.00   1.00  0.00  0.00  0.00  0.00  0.00  0.00  0.00  0.00
  PE10032.1               1.00   1.00  0.00  0.00  0.00  0.00  0.00  0.00  0.00  0.00
  PE10033                 1.00   1.00  0.00  0.00  0.00  0.00  0.00  0.00  0.00  0.00
  PE10066                 1.00   1.00  0.00  0.00  0.00  0.00  0.00  0.00  0.00  0.00
  PE10069                 1.00   1.00  0.00  0.00  0.00  0.00  0.00  0.00  0.00  0.00
  PE10074                 1.00   1.00  0.00  0.00  0.00  0.00  0.00  0.00  0.00  0.00
  PE09002                 1.00   1.00  0.00  0.00  0.00  0.00  0.00  0.00  0.00  0.00
  PE09106                 1.00   1.00  0.00  0.00  0.00  0.00  0.00  0.00  0.00  0.00
  G1006                   1.00   1.00  0.00  0.00  0.00  0.00  0.00  0.00  0.00  0.00
  1051                    1.00   1.00  0.00  0.00  0.00  0.00  0.00  0.00  0.00  0.00
  
  
  *************************
  Conduit Surcharge Summary
  *************************
  
  ----------------------------------------------------------------------------
                                                           Hours        Hours 
                         --------- Hours Full --------   Above Full   Capacity
  Conduit                Both Ends  Upstream  Dnstream   Normal Flow   Limited
  ----------------------------------------------------------------------------
  PF14304                     0.01      0.01     19.77      0.01         0.01
  PF14308                     0.01      0.01     19.77      0.01         0.01
  PF14318                     0.01      0.01     11.31      0.01         0.01
  PF14321                    11.31     11.31     12.66      0.01         0.01
  PE14441                     0.01      0.01     21.19      0.01         0.01
  PE14462                    22.58     22.58     22.74      0.01         0.01
  PE14458                    22.91     22.91     23.08      0.01         0.01
  J17073                      0.01      0.01     19.16      0.01         0.01
  J17085                     19.16     19.16     21.52      0.01         0.01
  J17140                     21.91     21.91     21.91      0.01         0.01
  J17150                     21.74     21.74     22.07      0.01         0.01
  J17239                     21.92     21.92     22.30      0.01         0.01
  3130-12"                    0.01      0.01      3.58      0.01         0.01
  2122                        0.01      0.01      1.55      0.01         0.01
  F14001                     13.51     13.51     14.07      0.01         0.01
  F14158                     15.05     15.05     16.40      0.01         0.01
  F14003.2                    0.01      0.01     14.07      0.01         0.01
  F14160                     12.29     12.29     12.66      0.01         0.01
  F10079                      0.01      0.01      0.01     23.32         0.01
  PF13243                     0.01      0.01      6.39      0.01         0.01
  PPVTs                       0.01      0.01     17.95      0.01         0.01
  F09204                      0.01      0.01      0.01      3.34         0.01
  2-11                        9.00      9.00     15.91      0.01         0.01
  106_2                      17.97     17.97     21.25      0.01         0.01
  2106                        0.01      0.01     16.84      0.01         0.01
  PM-50                       0.01      0.01     21.40      0.01         0.01
  PM-8                       23.85     23.85     23.86      0.01         0.01
  181_2                       0.01      0.01     19.04      0.01         0.01
  582_2                       0.01      0.01     21.83      0.01         0.01
  -4                          0.01      0.01     12.66      0.01         0.01
  18                          0.01      0.01     22.02      0.01         0.01
  101_2                      23.88     23.88     23.89      0.02         0.01
  170_2                      21.68     21.68     23.45      0.01         0.01
  141_2                      23.96     23.96     23.96     23.99        23.96
  190_2                      23.88     23.88     23.88     23.90        19.83
  
  
  ***************
  Pumping Summary
  ***************
  
  ---------------------------------------------------------------------------------------------------------
                                                  Min       Avg       Max     Total     Power    % Time Off
                        Percent   Number of      Flow      Flow      Flow    Volume     Usage    Pump Curve
  Pump                 Utilized   Start-Ups       CFS       CFS       CFS  10^6 gal     Kw-hr    Low   High
  ---------------------------------------------------------------------------------------------------------
  8186                     0.00           0      0.00      0.00      0.00     0.000      0.00    0.0    0.0
  8076                     0.00           0      0.00      0.00      0.00     0.000      0.00    0.0    0.0
  8072                     0.00           0      0.00      0.00      0.00     0.000      0.00    0.0    0.0
  8085                     0.00           0      0.00      0.00      0.00     0.000      0.00    0.0    0.0
  8054                     0.00           0      0.00      0.00      0.00     0.000      0.00    0.0    0.0
  8045                     0.00           0      0.00      0.00      0.00     0.000      0.00    0.0    0.0
  8075                     0.00           0      0.00      0.00      0.00     0.000      0.00    0.0    0.0
  8007                     0.00           0      0.00      0.00      0.00     0.000      0.00    0.0    0.0
  8016                     0.00           0      0.00      0.00      0.00     0.000      0.00    0.0    0.0
  8009                     0.00           0      0.00      0.00      0.00     0.000      0.00    0.0    0.0
  152                      0.00           0      0.00      0.00      0.00     0.000      0.00    0.0    0.0
  068                      0.00           0      0.00      0.00      0.00     0.000      0.00    0.0    0.0
  8067                     0.00           0      0.00      0.00      0.00     0.000      0.00    0.0    0.0
  065                      0.00           0      0.00      0.00      0.00     0.000      0.00    0.0    0.0
  064                      0.00           0      0.00      0.00      0.00     0.000      0.00    0.0    0.0
  059                      0.00           0      0.00      0.00      0.00     0.000      0.00    0.0    0.0
  8004                     0.00           0      0.00      0.00      0.00     0.000      0.00    0.0    0.0
  061                      0.00           0      0.00      0.00      0.00     0.000      0.00    0.0    0.0
  156                      0.00           0      0.00      0.00      0.00     0.000      0.00    0.0    0.0
  8008                     0.00           0      0.00      0.00      0.00     0.000      0.00    0.0    0.0
  8011                    77.11           1      0.00      0.99      1.00     0.484     13.68    0.0    0.0
  032                      0.00           0      0.00      0.00      0.00     0.000      0.00    0.0    0.0
  033                      0.00           0      0.00      0.00      0.00     0.000      0.00    0.0    0.0
  034                      0.00           0      0.00      0.00      0.00     0.000      0.00    0.0    0.0
  8050                     0.00           0      0.00      0.00      0.00     0.000      0.00    0.0    0.0
  8137                     0.00           0      0.00      0.00      0.00     0.000      0.00    0.0    0.0
  8136                     0.00           0      0.00      0.00      0.00     0.000      0.00    0.0    0.0
  8146                     0.00           0      0.00      0.00      0.00     0.000      0.00    0.0    0.0
  8135                     0.00           0      0.00      0.00      0.00     0.000      0.00    0.0    0.0
  8138                     0.00           0      0.00      0.00      0.00     0.000      0.00    0.0    0.0
  8134                     0.00           0      0.00      0.00      0.00     0.000      0.00    0.0    0.0
  8131                     0.00           0      0.00      0.00      0.00     0.000      0.00    0.0    0.0
  8130                     0.00           0      0.00      0.00      0.00     0.000      0.00    0.0    0.0
  8132                     0.00           0      0.00      0.00      0.00     0.000      0.00    0.0    0.0
  8122                     0.00           0      0.00      0.00      0.00     0.000      0.00    0.0    0.0
  8060                     0.00           0      0.00      0.00      0.00     0.000      0.00    0.0    0.0
  8133                     0.00           0      0.00      0.00      0.00     0.000      0.00    0.0    0.0
  001.1                   51.87           1      0.00      0.96      1.00     0.306      3.20    0.0    0.0
  001.2                   51.87           1      0.00      0.96      1.00     0.306      4.34    0.0    0.0
  001.7                   51.87           1      0.00      0.96      1.00     0.306      4.32    0.0    0.0
  001.4                   51.87           1      0.00      0.96      1.00     0.306      3.75    0.0    0.0
  042                      0.00           0      0.00      0.00      0.00     0.000      0.00    0.0    0.0
  058                      0.00           0      0.00      0.00      0.00     0.000      0.00    0.0    0.0
  057                      0.00           0      0.00      0.00      0.00     0.000      0.00    0.0    0.0
  037                      0.00           0      0.00      0.00      0.00     0.000      0.00    0.0    0.0
  038                      0.00           0      0.00      0.00      0.00     0.000      0.00    0.0    0.0
  084                      0.00           0      0.00      0.00      0.00     0.000      0.00    0.0    0.0
  021                      0.00           0      0.00      0.00      0.00     0.000      0.00    0.0    0.0
  8005                    95.56           1      0.00      0.05      0.05     0.031      0.32    0.0    0.0
  8052                     0.00           0      0.00      0.00      0.00     0.000      0.00    0.0    0.0
  8044                     0.00           0      0.00      0.00      0.00     0.000      0.00    0.0    0.0
  051                      0.00           0      0.00      0.00      0.00     0.000      0.00    0.0    0.0
  046                      0.00           0      0.00      0.00      0.00     0.000      0.00    0.0    0.0
  049                      0.00           0      0.00      0.00      0.00     0.000      0.00    0.0    0.0
  047                      0.00           0      0.00      0.00      0.00     0.000      0.00    0.0    0.0
  035                      0.00           0      0.00      0.00      0.00     0.000      0.00    0.0    0.0
  029                      0.00           0      0.00      0.00      0.00     0.000      0.00    0.0    0.0
  8062                    97.77           1      0.00      0.97      1.00     0.582     14.67    0.0    0.0
  041                      0.00           0      0.00      0.00      0.00     0.000      0.00    0.0    0.0
  141                    100.00           1      0.00      0.40      0.40     0.259      5.15    0.0    0.0
  8006                     0.00           0      0.00      0.00      0.00     0.000      0.00    0.0    0.0
  002.1                    0.00           0      0.00      0.00      0.00     0.000      0.00    0.0    0.0
  103                      0.00           0      0.00      0.00      0.00     0.000      0.00    0.0    0.0
  104                      0.00           0      0.00      0.00      0.00     0.000      0.00    0.0    0.0
  018                      0.00           0      0.00      0.00      0.00     0.000      0.00    0.0    0.0
  115                      0.00           0      0.00      0.00      0.00     0.000      0.00    0.0    0.0
  8017                     0.00           0      0.00      0.00      0.00     0.000      0.00    0.0    0.0
  107                      0.00           0      0.00      0.00      0.00     0.000      0.00    0.0    0.0
  191                      0.00           0      0.00      0.00      0.00     0.000      0.00    0.0    0.0
  101                      0.00           0      0.00      0.00      0.00     0.000      0.00    0.0    0.0
  176                      0.00           0      0.00      0.00      0.00     0.000      0.00    0.0    0.0
  106                      0.00           0      0.00      0.00      0.00     0.000      0.00    0.0    0.0
  112                      0.00           0      0.00      0.00      0.00     0.000      0.00    0.0    0.0
  074                      0.00           0      0.00      0.00      0.00     0.000      0.00    0.0    0.0
  079                      0.00           0      0.00      0.00      0.00     0.000      0.00    0.0    0.0
  8117                    98.81           1      0.00      0.70      0.70     0.445     16.34    0.0    0.0
  102                      0.00           0      0.00      0.00      0.00     0.000      0.00    0.0    0.0
  167                      0.00           0      0.00      0.00      0.00     0.000      0.00    0.0    0.0
  078                      0.00           0      0.00      0.00      0.00     0.000      0.00    0.0    0.0
  069                      0.00           0      0.00      0.00      0.00     0.000      0.00    0.0    0.0
  8010                     0.00           0      0.00      0.00      0.00     0.000      0.00    0.0    0.0
  071                      0.00           0      0.00      0.00      0.00     0.000      0.00    0.0    0.0
  020                      0.00           0      0.00      0.00      0.00     0.000      0.00    0.0    0.0
  063                      0.00           0      0.00      0.00      0.00     0.000      0.00    0.0    0.0
  055                      0.00           0      0.00      0.00      0.00     0.000      0.00    0.0    0.0
  100                    100.00           1      0.00      0.50      0.50     0.323      6.32    0.0    0.0
  171                      0.00           0      0.00      0.00      0.00     0.000      0.00    0.0    0.0
  056                      0.00           0      0.00      0.00      0.00     0.000      0.00    0.0    0.0
  082                      0.00           0      0.00      0.00      0.00     0.000      0.00    0.0    0.0
  083                      0.00           0      0.00      0.00      0.00     0.000      0.00    0.0    0.0
  081                      0.00           0      0.00      0.00      0.00     0.000      0.00    0.0    0.0
  070                      0.00           0      0.00      0.00      0.00     0.000      0.00    0.0    0.0
  077                      0.00           0      0.00      0.00      0.00     0.000      0.00    0.0    0.0
  170                      0.00           0      0.00      0.00      0.00     0.000      0.00    0.0    0.0
  181                      0.00           0      0.00      0.00      0.00     0.000      0.00    0.0    0.0
  179                      0.00           0      0.00      0.00      0.00     0.000      0.00    0.0    0.0
  582                      0.00           0      0.00      0.00      0.00     0.000      0.00    0.0    0.0
  180                      0.00           0      0.00      0.00      0.00     0.000      0.00    0.0    0.0
  080                      0.00           0      0.00      0.00      0.00     0.000      0.00    0.0    0.0
  086                      0.00           0      0.00      0.00      0.00     0.000      0.00    0.0    0.0
  200                      0.00           0      0.00      0.00      0.00     0.000      0.00    0.0    0.0
  002.2                    0.00           0      0.00      0.00      0.00     0.000      0.00    0.0    0.0
  002.5                    0.00           0      0.00      0.00      0.00     0.000      0.00    0.0    0.0
  8048                     0.00           0      0.00      0.00      0.00     0.000      0.00    0.0    0.0
  8053                   100.00           1      0.00     10.00     10.00     6.463      0.00    0.0    0.0
  8164                   100.00           1      0.00     10.00     10.00     6.463      0.00    0.0    0.0
  CG8001                 100.00           1      0.00     10.00     10.00     6.463      0.00    0.0    0.0
  CG8008                 100.00           1      0.00     10.00     10.00     6.463      0.00    0.0    0.0
  CG8013                 100.00           1      0.00     10.00     10.00     6.463      0.00    0.0    0.0
  CG8010                 100.00           1      0.00     10.00     10.00     6.463      0.00    0.0    0.0
  CG8012                 100.00           1      0.00     10.00     10.00     6.463      0.00    0.0    0.0
  CG8024                 100.00           1      0.00     10.00     10.00     6.463      0.00    0.0    0.0
  CG8026                 100.00           1      0.00     10.00     10.00     6.463      0.00    0.0    0.0
  CG8016                 100.00           1      0.00     10.00     10.00     6.463      0.00    0.0    0.0
  CG8034                 100.00           1      0.00     10.00     10.00     6.463      0.00    0.0    0.0
  CG8033                 100.00           1      0.00     10.00     10.00     6.463      0.00    0.0    0.0
  CG8032                 100.00           1      0.00     10.00     10.00     6.463      0.00    0.0    0.0
  CG8031                 100.00           1      0.00     10.00     10.00     6.463      0.00    0.0    0.0
  CG8030                 100.00           1      0.00     10.00     10.00     6.463      0.00    0.0    0.0
  CG8028                 100.00           1      0.00     10.00     10.00     6.463      0.00    0.0    0.0
  CG8002                   0.00           0      0.00      0.00      0.00     0.000      0.00    0.0    0.0
  CG8006                   0.00           0      0.00      0.00      0.00     0.000      0.00    0.0    0.0
  CG8005                 100.00           1      0.00     10.00     10.00     6.463      0.00    0.0    0.0
  CG8003                 100.00           1      0.00     10.00     10.00     6.463      0.00    0.0    0.0
  CG8004                   0.00           0      0.00      0.00      0.00     0.000      0.00    0.0    0.0
  CG8007                 100.00           1      0.00     10.00     10.00     6.463      0.00    0.0    0.0
  CG8017                 100.00           1      0.00     10.00     10.00     6.463      0.00    0.0    0.0
  CG8015                 100.00           1      0.00     10.00     10.00     6.463      0.00    0.0    0.0
  CG8009                 100.00           1      0.00     10.00     10.00     6.463      0.00    0.0    0.0
  CG8014                   0.00           0      0.00      0.00      0.00     0.000      0.00    0.0    0.0
  CG8011                 100.00           1      0.00     10.00     10.00     6.463      0.00    0.0    0.0
  CG8019                 100.00           1      0.00     10.00     10.00     6.463      0.00    0.0    0.0
  CG8018                 100.00           1      0.00     10.00     10.00     6.463      0.00    0.0    0.0
  CG8022                 100.00           1      0.00     10.00     10.00     6.463      0.00    0.0    0.0
  CG8021                 100.00           1      0.00     10.00     10.00     6.463      0.00    0.0    0.0
  CG8023                 100.00           1      0.00     10.00     10.00     6.463      0.00    0.0    0.0
  CG8020                 100.00           1      0.00     10.00     10.00     6.463      0.00    0.0    0.0
  CG8025                 100.00           1      0.00     10.00     10.00     6.463      0.00    0.0    0.0
  CGG8029                100.00           1      0.00     10.00     10.00     6.463      0.00    0.0    0.0
  CG8027                 100.00           1      0.00     10.00     10.00     6.463      0.00    0.0    0.0
  MS8006                 100.00           1      0.00     10.00     10.00     6.463      0.00    0.0    0.0
  MS8007                 100.00           1      0.00     10.00     10.00     6.463      0.00    0.0    0.0
  MS8005                 100.00           1      0.00     10.00     10.00     6.463      0.00    0.0    0.0
  MS8004                 100.00           1      0.00     10.00     10.00     6.463      0.00    0.0    0.0
  MS8003                 100.00           1      0.00     10.00     10.00     6.463      0.00    0.0    0.0
  MS8002                   0.00           0      0.00      0.00      0.00     0.000      0.00    0.0    0.0
  MS8001                 100.00           1      0.00     10.00     10.00     6.463      0.00    0.0    0.0
  MS8009                 100.00           1      0.00     10.00     10.00     6.463      0.00    0.0    0.0
  MS8008                   0.00           0      0.00      0.00      0.00     0.000      0.00    0.0    0.0
  MS8010                 100.00           1      0.00     10.00     10.00     6.463      0.00    0.0    0.0
  MS8011                 100.00           1      0.00     10.00     10.00     6.463      0.00    0.0    0.0
  WM8003                 100.00           1      0.00     10.00     10.00     6.463      0.00    0.0    0.0
  WM8001                 100.00           1      0.00     10.00     10.00     6.463      0.00    0.0    0.0
  WM8004                 100.00           1      0.00     10.00     10.00     6.463      0.00    0.0    0.0
  WM8002                   0.00           0      0.00      0.00      0.00     0.000      0.00    0.0    0.0
  2456                   100.00           1      0.00     10.00     10.00     6.463      0.00    0.0    0.0
  8001.5                  51.87           1      0.00      0.96      1.00     0.306      3.21    0.0    0.0
  8001.6                  51.87           1      0.00      0.96      1.00     0.306      4.38    0.0    0.0
  8001.3                  51.87           1      0.00      0.96      1.00     0.306      4.36    0.0    0.0
  8001.8                  51.87           1      0.00      0.96      1.00     0.306      3.77    0.0    0.0
  8002.1                   0.00           0      0.00      0.00      0.00     0.000      0.00    0.0    0.0
  8002.4                   0.00           0      0.00      0.00      0.00     0.000      0.00    0.0    0.0
  8187                     0.00           0      0.00      0.00      0.00     0.000      0.00    0.0    0.0
  8177                   100.00           1      0.00     10.00     10.00     6.463      0.00    0.0    0.0
  190                    100.00           1      0.00      1.00      1.00     0.646     24.36    0.0    0.0
  

  Analysis begun on:  Wed Jul 22 11:53:05 2026
  Analysis ended on:  Wed Jul 22 11:53:22 2026
  Total elapsed time: 00:00:17