
  EPA STORM WATER MANAGEMENT MODEL - VERSION 5.2 (Build 5.2.4)
  ------------------------------------------------------------

  Dry Weather 
  WARNING 08: elevation drop exceeds length for Conduit 1389-387
  WARNING 08: elevation drop exceeds length for Conduit 24586-585
  WARNING 08: elevation drop exceeds length for Conduit 49372-373
  WARNING 08: elevation drop exceeds length for Conduit 49569-567
  WARNING 08: elevation drop exceeds length for Conduit 20662-661
  WARNING 08: elevation drop exceeds length for Conduit 49414-378
  WARNING 08: elevation drop exceeds length for Conduit 21735-902
  WARNING 08: elevation drop exceeds length for Conduit 24581-735
  WARNING 08: elevation drop exceeds length for Conduit 73605-606
  WARNING 08: elevation drop exceeds length for Conduit 73584-585
  WARNING 08: elevation drop exceeds length for Conduit 73613-612
  WARNING 08: elevation drop exceeds length for Conduit 73601-600
  WARNING 08: elevation drop exceeds length for Conduit 01674-675
  WARNING 08: elevation drop exceeds length for Conduit 73113AA-73
  WARNING 08: elevation drop exceeds length for Conduit 18318W-731
  WARNING 08: elevation drop exceeds length for Conduit 73112AA-73
  
  ****************
  Analysis Options
  ****************
  Flow Units ............... CFS
  Process Models:
    Rainfall/Runoff ........ NO
    RDII ................... NO
    Snowmelt ............... NO
    Groundwater ............ NO
    Flow Routing ........... YES
    Ponding Allowed ........ NO
    Water Quality .......... NO
  Flow Routing Method ...... DYNWAVE
  Surcharge Method ......... EXTRAN
  Starting Date ............ 01/01/2001 00:00:00
  Ending Date .............. 01/02/2001 00:00:00
  Antecedent Dry Days ...... 0.0
  Report Time Step ......... 00:15:00
  Routing Time Step ........ 15.00 sec
  Variable Time Step ....... YES
  Maximum Trials ........... 8
  Number of Threads ........ 1
  Head Tolerance ........... 0.005000 ft
  
  
  **************************        Volume        Volume
  Flow Routing Continuity        acre-feet      10^6 gal
  **************************     ---------     ---------
  Dry Weather Inflow .......         0.000         0.000
  Wet Weather Inflow .......         0.000         0.000
  Groundwater Inflow .......         0.000         0.000
  RDII Inflow ..............         0.000         0.000
  External Inflow ..........      1265.405       412.351
  External Outflow .........         0.324         0.105
  Flooding Loss ............      1082.705       352.816
  Evaporation Loss .........         0.000         0.000
  Exfiltration Loss ........         0.000         0.000
  Initial Stored Volume ....         0.000         0.000
  Final Stored Volume ......         4.754         1.549
  Continuity Error (%) .....        14.037
  
  
  *************************
  Highest Continuity Errors
  *************************
  Node 48676 (99.56%)
  Node 18858 (53.80%)
  Node 49098 (26.41%)
  Node 18490 (22.88%)
  Node 29064 (22.43%)
  
  
  ***************************
  Time-Step Critical Elements
  ***************************
  Link 8823-3BD (84.23%)
  Link 73113AA-73 (15.48%)
  
  
  ********************************
  Highest Flow Instability Indexes
  ********************************
  Link 4567-726 (32)
  Link 8811-810 (2)
  
  
  *********************************
  Most Frequent Nonconverging Nodes
  *********************************
  Node 18823BD (0.22%)
  Node 66202T (0.00%)
  Node 49224 (0.00%)
  Node 18317 (0.00%)
  Node 27134 (0.00%)
  
  
  *************************
  Routing Time Step Summary
  *************************
  Minimum Time Step           :     0.19 sec
  Average Time Step           :     0.54 sec
  Maximum Time Step           :    15.00 sec
  % of Time in Steady State   :     0.00
  Average Iterations per Step :     2.03
  % of Steps Not Converging   :     0.22
  Time Step Frequencies       :
     15.000 -  7.597 sec      :     0.24 %
      7.597 -  3.848 sec      :     0.00 %
      3.848 -  1.949 sec      :     0.00 %
      1.949 -  0.987 sec      :     0.00 %
      0.987 -  0.500 sec      :    99.76 %
  
  
  ******************
  Node Depth Summary
  ******************
  
  ---------------------------------------------------------------------------------
                                 Average  Maximum  Maximum  Time of Max    Reported
                                   Depth    Depth      HGL   Occurrence   Max Depth
  Node                 Type         Feet     Feet     Feet  days hr:min        Feet
  ---------------------------------------------------------------------------------
  18889                JUNCTION   508.02   508.81  1025.79     0  01:51      508.81
  18907                JUNCTION   505.68   506.45  1020.23     0  01:47      506.45
  18908                JUNCTION   484.31   505.42  1020.17     0  03:17      505.42
  47949                JUNCTION   507.98   508.77  1025.87     0  01:48      508.77
  18888                JUNCTION   494.36   508.21  1026.03     0  03:53      508.21
  18909                JUNCTION   505.48   506.25  1020.83     0  01:47      506.25
  18904                JUNCTION   502.97   503.72  1017.98     0  03:39      503.72
  18890                JUNCTION   509.37   510.18  1030.02     0  01:53      510.18
  18886                JUNCTION   474.77   504.11  1018.39     0  03:18      504.11
  18891                JUNCTION   510.76   511.57  1030.73     0  02:03      511.57
  18910                JUNCTION   506.98   507.77  1023.02     0  02:44      507.77
  18900                JUNCTION   502.33   503.09  1013.65     0  02:39      503.09
  18892                JUNCTION   483.69   508.79  1025.40     0  14:36      508.79
  18884                JUNCTION   477.12   501.03  1011.79     0  03:38      501.03
  18878                JUNCTION   501.96   502.70  1012.91     0  03:07      502.70
  18883                JUNCTION   500.12   500.84  1010.35     0  01:45      500.84
  18882                JUNCTION   486.70   500.77  1007.87     0  02:40      500.77
  18896                JUNCTION   487.91   504.53  1018.23     0  03:41      504.53
  48705                JUNCTION   660.04   664.04  1331.73     0  03:30      664.04
  49058CO              JUNCTION   528.90   529.91  1062.15     0  02:04      529.91
  18881                JUNCTION   484.00   500.76  1007.94     0  03:02      500.73
  71594BS              JUNCTION   468.67   504.61  1087.75     0  04:14      504.61
  71594                JUNCTION   541.38   578.70  1158.73     0  04:09      578.70
  71594AS              JUNCTION   576.60   578.38  1161.51     0  02:01      578.36
  02249                JUNCTION   655.80   659.66  1327.97     0  02:57      659.66
  49071                JUNCTION   524.22   525.17  1056.67     0  01:51      525.17
  47957                JUNCTION   502.58   503.33  1009.99     0  02:13      503.33
  18552                JUNCTION   499.64   500.37  1008.07     0  02:25      500.37
  49066                JUNCTION   503.79   531.62  1067.51     0  07:50      531.62
  47963                JUNCTION   468.95   496.30  1002.01     0  04:35      496.30
  72043                JUNCTION   507.77   525.90  1058.16     0  05:33      525.90
  18899                JUNCTION   461.32   499.82  1009.39     0  03:45      499.82
  47956                JUNCTION   500.20   500.93  1007.19     0  01:54      500.93
  49068                JUNCTION   439.25   484.59  1018.16     0  07:50      484.59
  02246                JUNCTION   595.49   650.34  1306.97     0  04:40      650.34
  18912                JUNCTION   506.42   507.20  1020.73     0  01:52      507.20
  02238                JUNCTION   654.12   657.93  1324.49     0  02:46      657.93
  32596                JUNCTION     0.00     0.00   538.00     0  00:00        0.00
  02247                JUNCTION   647.70   651.30  1305.93     0  02:16      651.30
  49074                JUNCTION   486.96   523.57  1052.01     0  03:48      523.57
  18550                JUNCTION   483.64   498.23  1001.79     0  02:47      498.23
  18551                JUNCTION   498.02   498.74  1002.81     0  02:49      498.74
  18870                JUNCTION   434.67   495.27   999.03     0  04:52      495.27
  22034                JUNCTION   496.02   512.99  1033.32     0  03:53      512.99
  26798                JUNCTION   575.01   576.74  1155.81     0  02:01      576.74
  26797                JUNCTION   487.28   575.18  1155.82     0  06:41      575.17
  67757                JUNCTION   520.25   521.16  1049.90     0  02:41      521.16
  47970                JUNCTION   482.60   497.51  1000.04     0  02:47      497.51
  18558                JUNCTION   499.28   500.04  1005.49     0  02:45      500.04
  02245                JUNCTION   594.90   649.09  1308.85     0  05:09      649.09
  18559                JUNCTION   495.57   496.27   998.87     0  02:24      496.27
  18538                JUNCTION   495.52   496.22   999.77     0  01:58      496.22
  18560                JUNCTION   487.86   497.58   999.05     0  03:57      497.58
  46275                JUNCTION   651.59   655.31  1316.24     0  03:46      655.31
  18519                JUNCTION   496.22   496.92  1000.17     0  01:54      496.92
  18868                JUNCTION   464.09   487.24   988.32     0  04:55      487.24
  48703                JUNCTION   642.83   646.28  1298.20     0  02:21      646.28
  48702                JUNCTION   610.15   646.01  1295.35     0  03:24      646.01
  22033                JUNCTION   516.77   517.65  1041.80     0  04:00      517.65
  22019                JUNCTION   527.26   528.25  1062.83     0  01:50      528.25
  72058BH              JUNCTION   539.56   566.08  1133.37     0  07:08      566.08
  02240                JUNCTION   652.79   656.55  1317.70     0  03:19      656.55
  18825                JUNCTION   497.05   497.76  1003.06     0  02:51      497.76
  49079                JUNCTION   521.38   522.30  1054.13     0  03:53      522.30
  18814                JUNCTION   478.76   502.55  1012.33     0  03:41      502.55
  49112                JUNCTION   510.70   557.36  1120.05     0  03:52      557.36
  47955                JUNCTION   497.16   497.87   998.07     0  01:47      497.87
  18866                JUNCTION   469.04   493.42   993.56     0  03:37      493.39
  22018                JUNCTION   508.60   529.67  1064.91     0  03:41      529.67
  18867                JUNCTION   428.00   493.12   992.87     0  06:16      493.12
  49082                JUNCTION   535.56   536.65  1081.91     0  02:38      536.65
  48701                JUNCTION   642.97   646.41  1297.41     0  02:25      646.41
  18834                JUNCTION   495.67   496.37   998.07     0  01:51      496.37
  02447                JUNCTION   571.90   573.57  1152.47     0  02:00      573.57
  02446                JUNCTION   414.05   572.46  1152.66     0  10:57      572.46
  18568                JUNCTION   493.66   494.35   993.03     0  01:59      494.35
  18567                JUNCTION   494.66   495.35   994.03     0  01:55      495.35
  46273                JUNCTION     0.00     0.00   658.58     0  00:00        0.00
  18823                JUNCTION   482.18   498.60  1006.54     0  03:45      498.60
  22036                JUNCTION   514.74   515.59  1037.51     0  01:55      515.59
  22014                JUNCTION   492.30   519.64  1046.61     0  03:43      519.64
  18864                JUNCTION     0.00     0.00   498.84     0  00:00        0.00
  46269                JUNCTION     0.00     0.00   661.46     0  00:00        0.00
  49086                JUNCTION   537.54   538.66  1086.90     0  02:47      538.66
  22012                JUNCTION   496.23   526.84  1064.23     0  03:47      526.84
  49112T               JUNCTION   535.65   558.47  1121.22     0  03:01      558.47
  47972                JUNCTION   451.62   492.11   991.59     0  05:37      492.11
  46274                JUNCTION   650.60   654.29  1310.91     0  02:17      654.29
  02231                JUNCTION   607.85   646.67  1299.67     0  03:33      646.67
  48695                JUNCTION   594.45   644.27  1294.87     0  04:11      644.27
  48699                JUNCTION   644.87   648.38  1302.38     0  04:18      648.38
  21827                JUNCTION   565.19   566.74  1140.14     0  02:23      566.74
  02485                JUNCTION   572.46   574.14  1153.88     0  02:36      574.14
  18836                JUNCTION   475.76   497.96  1001.32     0  03:14      497.96
  02224                JUNCTION     0.00     0.00   657.98     0  00:00        0.00
  46270                JUNCTION   649.62   653.28  1310.89     0  02:17      653.28
  18830                JUNCTION   450.07   463.74   978.74     0  04:00      463.74
  18556                JUNCTION   439.67   462.42   962.07     0  04:13      462.42
  18557                JUNCTION     0.00     0.00   500.00     0  00:00        0.00
  02448                JUNCTION   569.42   571.05  1148.63     0  04:43      571.05
  48692                JUNCTION     0.00     0.00   648.97     0  00:00        0.00
  47986                JUNCTION   454.92   494.78  1000.04     0  03:44      494.78
  22024                JUNCTION   487.77   514.11  1035.53     0  03:42      514.11
  02230                JUNCTION   473.63   509.99  1161.96     0  05:37      509.99
  18862                JUNCTION   440.76   491.72   990.16     1  00:00      491.72
  18863                JUNCTION   435.93   485.48   983.55     1  00:00      485.48
  48690                JUNCTION   591.95   643.37  1294.23     0  05:31      643.37
  18831                JUNCTION   508.33   509.12  1024.66     0  02:02      509.12
  49108                JUNCTION   515.77   548.57  1103.78     0  04:46      548.57
  18571                JUNCTION   492.13   492.81   990.95     0  01:51      492.81
  48689                JUNCTION   643.02   646.47  1298.62     0  02:20      646.47
  22017                JUNCTION   528.04   529.04  1067.41     0  01:55      529.04
  18541                JUNCTION   452.52   494.04   993.41     0  04:05      494.04
  22026                JUNCTION   495.71   511.75  1030.83     0  02:49      511.75
  22037                JUNCTION   512.20   513.03  1032.39     0  01:52      513.03
  02511                JUNCTION     0.00     0.00   581.94     0  00:00        0.00
  32560                JUNCTION   449.93   471.49  1100.01     0  03:07      471.49
  22009                JUNCTION   508.88   529.92  1069.42     0  03:47      529.92
  02229                JUNCTION   579.96   645.74  1300.82     0  07:33      645.74
  18816                JUNCTION   506.24   507.02  1018.37     0  02:07      507.02
  32559                JUNCTION   624.72   627.63  1259.98     0  02:18      627.63
  47973                JUNCTION   475.36   490.50   987.70     0  17:16      490.50
  47973BD              JUNCTION   489.57   490.23   984.91     0  06:46      490.23
  47974                JUNCTION   475.52   490.56   987.70     0  17:16      490.56
  02225                JUNCTION   646.28   649.83  1302.99     0  02:17      649.83
  18838                JUNCTION   499.48   500.20  1005.73     0  01:59      500.20
  18521                JUNCTION   473.68   493.55   994.76     0  07:22      493.55
  02221                JUNCTION     0.00     0.00   649.57     0  00:00        0.00
  02478                JUNCTION   491.53   525.19  1102.79     0  04:06      525.19
  02479                JUNCTION   540.11   568.12  1144.78     0  03:30      568.12
  22022                JUNCTION   516.55   517.43  1043.41     0  02:22      517.43
  21850                JUNCTION   496.38   524.36  1056.21     0  04:17      524.36
  02226                JUNCTION   645.39   648.91  1303.15     0  02:21      648.91
  22016                JUNCTION   530.03   531.05  1070.43     0  01:52      531.05
  02481                JUNCTION   530.89   563.34  1133.01     0  03:32      563.34
  18821                JUNCTION   502.59   503.34  1012.01     0  01:53      503.34
  45738                JUNCTION   562.45   563.95  1135.52     0  02:02      563.95
  32561                JUNCTION   624.22   627.12  1259.94     0  02:20      627.12
  49111                JUNCTION   565.11   566.66  1138.91     0  02:51      566.66
  02487                JUNCTION   543.10   567.28  1140.95     0  04:43      567.28
  18534                JUNCTION   465.12   491.42   991.09     0  03:45      491.42
  49159                JUNCTION   482.02   504.66  1018.65     0  03:07      504.66
  18832                JUNCTION   505.49   506.26  1021.85     0  01:55      506.26
  18522                JUNCTION   490.61   491.28   989.89     0  02:09      491.28
  47959                JUNCTION   475.99   494.31   994.18     0  04:21      494.31
  18542                JUNCTION   492.92   493.60   992.53     0  02:15      493.60
  02510                JUNCTION   574.80   576.53  1158.60     0  03:10      576.53
  02480                JUNCTION   567.31   568.90  1144.13     0  01:59      568.90
  02517                JUNCTION   574.24   575.96  1157.55     0  02:38      575.96
  18574                JUNCTION   464.80   489.74   986.65     0  03:16      489.74
  18564                JUNCTION   467.98   490.72   987.77     0  03:15      490.72
  72050                JUNCTION   552.27   553.61  1112.80     0  02:31      553.61
  46229                JUNCTION   650.29   653.97  1313.18     0  05:48      653.97
  21823                JUNCTION   562.75   564.26  1133.85     0  02:01      564.26
  02493                JUNCTION   567.79   569.39  1144.11     0  02:05      569.39
  18809                JUNCTION   485.11   507.63  1018.42     0  05:17      507.63
  18817                JUNCTION   468.31   505.14  1017.53     0  04:08      505.14
  18533                JUNCTION   491.18   491.85   990.03     0  01:56      491.85
  22039                JUNCTION   514.24   515.09  1036.51     0  02:03      515.09
  71305                JUNCTION     0.00     0.00   647.30     0  00:00        0.00
  18839                JUNCTION   498.60   499.32  1003.97     0  01:55      499.32
  18595                JUNCTION   448.59   490.27   985.68     0  03:45      490.27
  22006                JUNCTION   479.39   519.13  1043.12     0  03:51      519.13
  22021                JUNCTION   506.34   528.54  1055.00     0  06:30      528.54
  22047                JUNCTION   508.67   509.47  1026.47     0  03:16      509.47
  48653                JUNCTION   473.75   507.23  1126.08     0  04:08      507.23
  02453                JUNCTION   546.68   565.35  1134.99     0  03:53      565.35
  02452                JUNCTION   563.26   564.78  1134.89     0  02:40      564.78
  71319                JUNCTION     0.00     0.00   634.42     0  00:00        0.00
  49089                JUNCTION   544.73   545.95  1096.23     0  01:57      545.95
  18820                JUNCTION   496.58   512.35  1021.45     0  23:28      512.35
  18810                JUNCTION   473.63   496.28  1005.02     0  15:22      496.27
  32573                JUNCTION   464.27   485.72  1116.79     0  02:58      485.72
  32572                JUNCTION   627.63   630.62  1265.05     0  02:31      630.62
  18811                JUNCTION   461.41   497.24  1005.04     0  11:44      497.24
  49110                JUNCTION     0.00     0.00   552.33     0  00:00        0.00
  18859                JUNCTION   495.31   525.76  1028.23     1  00:00      525.76
  02483                JUNCTION   509.99   557.79  1121.91     0  03:49      557.79
  02494                JUNCTION   570.13   571.77  1149.10     0  03:01      571.77
  49101                JUNCTION   559.70   561.16  1128.65     0  02:49      561.16
  18850                JUNCTION   493.48   494.16   992.65     0  01:45      494.16
  18851                JUNCTION   478.28   492.98   991.29     0  02:55      492.98
  18583                JUNCTION   491.42   492.09   988.51     0  01:53      492.09
  02474                JUNCTION   561.49   562.98  1131.66     0  02:13      562.98
  49091                JUNCTION   499.22   544.24  1094.98     0  07:34      544.24
  47960                JUNCTION   473.02   491.56   986.68     0  06:21      491.56
  02508                JUNCTION   550.13   574.21  1152.75     0  03:02      574.21
  48652                JUNCTION     0.00     0.00   602.38     0  00:00        0.00
  48654                JUNCTION     0.00     0.00   613.15     0  00:00        0.00
  32583                JUNCTION   618.26   621.00  1246.80     0  02:17      621.00
  48676                JUNCTION   588.11   640.30  1293.90     0  05:07      640.24
  02218                JUNCTION   532.98   631.92  1271.55     0  06:00      631.92
  32589                JUNCTION   624.85   627.77  1259.34     0  02:19      627.77
  02520                JUNCTION   484.11   509.90  1093.19     0  03:34      509.90
  02521                JUNCTION     0.00     0.00   581.15     0  00:00        0.00
  22040                JUNCTION     0.00     0.00   519.50     0  00:00        0.00
  18594                JUNCTION   489.89   490.55   985.43     0  01:44      490.55
  73001                JUNCTION   594.09   628.85  1265.99     0  06:28      628.85
  18844                JUNCTION   471.35   495.37   997.53     0  12:36      495.37
  02507                JUNCTION   573.13   574.83  1156.34     0  02:02      574.83
  18843                JUNCTION   471.41   495.65   997.70     0  12:55      495.65
  48616                JUNCTION   515.04   630.34  1274.09     0  06:12      630.34
  18531                JUNCTION   472.03   489.31   984.95     0  03:05      489.31
  32579                JUNCTION   609.94   612.46  1230.71     0  02:17      612.46
  02489                JUNCTION   565.06   566.61  1137.55     0  02:07      566.61
  47978                JUNCTION   532.94   560.07  1060.10     0  16:10      560.07
  49100                JUNCTION   541.15   563.51  1129.19     0  03:53      563.51
  02473                JUNCTION   532.33   561.42  1128.37     0  03:16      561.42
  18576                JUNCTION   452.04   488.31   982.79     0  03:34      488.31
  18819                JUNCTION   472.50   497.70  1006.88     0  08:56      497.70
  18818                JUNCTION     0.00     0.00   509.74     0  00:00        0.00
  21822                JUNCTION   553.53   554.90  1116.13     0  03:06      554.90
  02506                JUNCTION   577.01   578.79  1163.23     0  02:55      578.79
  18852                JUNCTION   493.78   494.46   994.25     0  01:51      494.46
  32585                JUNCTION   609.55   612.06  1231.96     0  02:09      612.06
  02472                JUNCTION   444.90   490.14  1053.76     0  04:06      490.14
  18846                JUNCTION   449.22   493.78   995.58     0  15:05      493.78
  18858                JUNCTION   355.60   493.20   996.48     0  18:05      493.20
  02522                JUNCTION   533.90   570.54  1146.78     0  04:12      570.54
  32580                JUNCTION   562.69   591.41  1188.54     0  03:13      591.41
  46222                JUNCTION   459.11   497.23  1157.57     0  05:48      497.23
  18845                JUNCTION   467.77   494.09   995.63     0  12:55      494.09
  02523                JUNCTION   489.42   521.31  1091.12     0  04:12      521.31
  18588                JUNCTION   451.14   487.43   981.03     0  03:57      487.43
  49088                JUNCTION     0.00     0.00   532.97     0  00:00        0.00
  48655                JUNCTION   463.75   495.42  1113.75     0  05:37      495.42
  22004                JUNCTION   456.14   508.93  1023.92     0  04:37      508.93
  49099                JUNCTION   528.06   555.09  1115.79     0  03:06      555.09
  18589                JUNCTION   486.94   487.59   980.51     0  01:53      487.59
  48637                JUNCTION   454.69   500.29  1092.23     0  04:08      500.29
  18586                JUNCTION   488.13   488.78   981.89     0  01:45      488.78
  72012                JUNCTION   482.14   505.72  1041.43     0  03:44      505.72
  01657                JUNCTION   646.29   649.85  1307.32     0  02:35      649.85
  02462                JUNCTION   519.10   552.67  1109.26     0  06:02      552.67
  48661                JUNCTION   455.97   487.15  1078.64     0  03:54      487.15
  72052                JUNCTION     0.00     0.00   549.74     0  00:00        0.00
  48635                JUNCTION   479.37   508.89  1106.58     1  00:00      508.89
  48662                JUNCTION   545.53   587.10  1177.95     0  04:19      587.10
  72075                JUNCTION   475.16   488.83   982.94     0  02:41      488.83
  18848                JUNCTION   469.40   491.88   991.25     0  15:06      491.88
  78932                JUNCTION   495.28   495.97   996.47     0  02:07      495.97
  18849                JUNCTION   455.72   488.49   987.05     0  12:19      488.49
  18847                JUNCTION   467.59   492.97   992.15     0  15:43      492.97
  02460                JUNCTION   469.54   555.20  1117.99     0  10:57      555.20
  22043                JUNCTION   395.12   499.63  1007.26     0  08:52      499.63
  22044                JUNCTION   373.82   499.33  1007.27     0  08:53      499.33
  21849                JUNCTION   458.50   526.80  1059.93     0  05:14      526.80
  48638                JUNCTION     0.00     0.00   587.58     0  00:00        0.00
  01656                JUNCTION   608.89   645.40  1299.05     0  03:58      645.40
  01658                JUNCTION   645.18   648.70  1303.86     0  02:59      648.70
  71320                JUNCTION     0.00     0.00   617.22     0  00:00        0.00
  32569                JUNCTION   548.64   600.28  1206.71     0  06:31      600.28
  48679                JUNCTION   540.39   639.29  1283.89     0  06:03      639.29
  48632                JUNCTION   554.16   604.06  1215.26     0  06:31      604.06
  48663                JUNCTION   541.38   581.46  1166.50     0  04:20      581.46
  49095                JUNCTION   519.11   548.61  1103.53     0  03:20      548.61
  66153                JUNCTION   423.77   541.70  1091.17     0  07:59      541.70
  22050                JUNCTION   453.03   513.27  1031.83     0  05:03      513.27
  48656                JUNCTION   610.39   612.92  1234.46     0  02:22      612.92
  18877                JUNCTION   491.72   492.39   989.11     0  02:02      492.39
  48665                JUNCTION   602.64   604.99  1213.79     0  02:09      604.99
  21839                JUNCTION   526.47   527.44  1060.51     0  02:13      527.44
  02217                JUNCTION   642.30   645.73  1297.79     0  02:17      645.73
  21835                JUNCTION   510.90   541.79  1090.14     0  08:00      541.79
  02524                JUNCTION   574.68   576.40  1157.44     0  02:18      576.40
  48667                JUNCTION   618.14   620.87  1251.57     0  02:13      620.87
  72011                JUNCTION   529.80   530.81  1069.31     0  01:54      530.81
  21848                JUNCTION   499.45   527.57  1063.10     0  10:56      527.57
  18806                JUNCTION   466.13   488.14   986.31     0  12:20      488.14
  18853                JUNCTION   493.71   494.39   995.34     0  02:07      494.39
  48639                JUNCTION   498.23   578.11  1160.83     0  05:19      578.11
  18807                JUNCTION   462.06   491.04   989.79     0  15:44      491.04
  18229                JUNCTION   492.59   493.27   993.13     0  02:13      493.27
  18527                JUNCTION   463.12   486.55   978.27     0  03:20      486.55
  18582                JUNCTION   466.87   487.49   982.31     0  03:13      487.49
  21821                JUNCTION   486.21   547.44  1100.58     0  05:09      547.44
  48657                JUNCTION   615.57   618.23  1242.23     0  02:20      618.23
  02215                JUNCTION   592.30   644.00  1296.39     0  03:57      643.95
  46219                JUNCTION   646.96   650.54  1309.68     0  02:48      650.54
  21833                JUNCTION   508.84   539.13  1083.59     0  07:53      539.13
  02463                JUNCTION   520.12   557.09  1123.70     0  05:37      557.09
  02214                JUNCTION   563.95   643.92  1295.23     0  05:11      643.92
  18585                JUNCTION   487.55   488.19   981.91     0  02:40      488.19
  49096                JUNCTION   551.52   552.84  1112.35     0  02:05      552.84
  72010                JUNCTION   529.39   530.40  1070.40     0  02:03      530.40
  21847                JUNCTION   499.06   527.30  1063.27     0  10:56      527.30
  72073                JUNCTION   431.97   500.60  1009.85     0  05:11      500.60
  22002                JUNCTION   478.96   500.57  1008.76     0  06:19      500.57
  02464                JUNCTION     0.00     0.00   565.29     0  00:00        0.00
  02469                JUNCTION   479.03   548.57  1104.47     0  04:56      548.57
  02525                JUNCTION     0.00     0.00   580.26     0  00:00        0.00
  02468                JUNCTION   503.35   547.99  1104.54     0  04:57      547.99
  49098                JUNCTION   372.93   503.30  1055.44     0  10:00      503.30
  48640                JUNCTION   535.89   575.77  1156.07     0  05:15      575.77
  47979                JUNCTION   493.92   494.61   995.55     0  01:49      494.61
  18841                JUNCTION   499.90   500.63  1006.67     0  04:12      500.63
  21846                JUNCTION   498.55   527.16  1062.91     0  10:56      527.16
  02496                JUNCTION   537.72   562.86  1132.35     0  03:44      562.86
  21840                JUNCTION   489.31   516.48  1043.63     0  04:15      516.48
  22051                JUNCTION   508.42   509.22  1026.02     0  02:28      509.22
  22001                JUNCTION   501.50   502.24  1011.02     0  01:53      502.24
  66152                JUNCTION   543.00   544.20  1093.99     0  02:11      544.20
  72051                JUNCTION   539.63   540.78  1089.29     0  02:57      540.78
  18231                JUNCTION   488.90   489.62   985.60     0  03:12      489.62
  21836                JUNCTION   541.20   542.37  1089.38     0  02:02      542.37
  28922                JUNCTION   531.48   532.52  1072.64     0  02:13      532.52
  48642                JUNCTION   607.23   609.68  1225.18     0  02:10      609.68
  02466                JUNCTION   535.02   556.27  1118.07     0  03:02      556.27
  02465                JUNCTION   558.95   560.39  1125.46     0  02:04      560.39
  21831                JUNCTION   503.48   532.62  1071.57     0  03:48      532.62
  18802                JUNCTION   467.10   489.26   986.29     0  15:44      489.26
  18579                JUNCTION   434.51   485.22   977.61     0  04:21      485.22
  18801                JUNCTION   445.34   486.98   984.51     0  17:14      486.98
  26836                JUNCTION   515.43   546.94  1100.39     0  05:09      546.94
  18592                JUNCTION   456.84   481.75   972.18     0  05:34      481.75
  02467                JUNCTION   555.30   556.68  1122.02     0  02:00      556.68
  21837                JUNCTION   541.45   542.62  1090.00     0  02:11      542.62
  18581                JUNCTION   466.04   487.71   981.35     0  03:26      487.71
  26838                JUNCTION   548.06   549.32  1104.32     0  01:57      549.32
  18856                JUNCTION   497.44   498.15  1002.63     0  01:56      498.15
  18230                JUNCTION   490.00   490.66   989.65     0  01:55      490.66
  45735                JUNCTION   553.62   554.98  1112.61     0  02:55      554.98
  18549                JUNCTION   459.54   485.50   976.17     0  03:38      485.50
  18854                JUNCTION   492.52   493.20   992.73     0  01:47      493.20
  49160                JUNCTION   488.26   502.81  1012.81     0  02:42      502.81
  49097                JUNCTION   554.07   555.43  1115.55     0  02:37      555.43
  48217                JUNCTION   594.60   648.00  1301.59     0  05:10      648.00
  21832                JUNCTION   534.70   535.78  1077.18     0  02:03      535.78
  18504                JUNCTION   461.01   482.34   972.61     0  03:18      482.34
  89075                JUNCTION   540.25   541.41  1088.58     0  03:08      541.41
  73114                JUNCTION   492.61   493.29   991.07     0  02:17      493.29
  22055                JUNCTION   502.67   503.42  1014.17     0  01:53      503.42
  21829                JUNCTION   501.67   530.09  1067.77     0  04:08      530.09
  18516                JUNCTION   488.99   489.69   984.78     0  02:47      489.69
  48648                JUNCTION   615.37   618.03  1241.84     0  02:22      618.03
  72076                JUNCTION   501.59   502.33  1010.19     0  03:39      502.33
  21828                JUNCTION   531.03   532.07  1068.63     0  01:52      532.07
  21842BH              JUNCTION   518.02   518.91  1042.15     0  01:49      518.91
  49219                JUNCTION   487.09   487.73   981.05     0  01:59      487.73
  48644                JUNCTION   527.55   569.50  1144.22     0  05:28      569.50
  18481                JUNCTION   457.86   481.77   971.79     0  05:34      481.77
  89074                JUNCTION   530.35   545.92  1080.42     0  03:08      545.87
  89076                JUNCTION   536.87   538.00  1080.33     0  03:03      538.00
  18505                JUNCTION   461.60   485.70   975.67     0  04:24      485.70
  48645                JUNCTION   530.87   568.65  1142.41     0  05:28      568.65
  02498                JUNCTION   565.31   566.86  1137.05     0  01:58      566.86
  49161                JUNCTION   528.32   529.32  1062.34     0  02:35      529.32
  24703                JUNCTION   638.43   641.74  1292.11     0  03:04      641.74
  02499                JUNCTION     0.00     0.00   571.12     0  00:00        0.00
  20635                JUNCTION   520.36   521.27  1047.21     0  02:04      521.27
  01659                JUNCTION   472.40   612.88  1273.43     0  08:57      612.88
  02501                JUNCTION   522.09   558.50  1122.75     0  04:13      558.50
  18452                JUNCTION   474.34   498.11  1000.45     0  03:24      498.11
  48671                JUNCTION   599.01   629.56  1264.45     0  03:17      629.56
  02529                JUNCTION     0.00     0.00   557.13     0  00:00        0.00
  65813                JUNCTION   500.59   501.32  1008.97     0  01:53      501.32
  18480                JUNCTION   485.99   486.63   977.59     0  01:46      486.63
  18506                JUNCTION   463.23   484.23   975.53     0  03:19      484.23
  49164                JUNCTION   503.04   533.13  1061.14     0  09:16      533.13
  18437                JUNCTION   457.67   473.98   963.81     0  11:01      473.98
  73659                JUNCTION   559.68   561.14  1133.89     0  07:03      561.14
  20631                JUNCTION   475.49   502.48  1011.62     0  04:08      502.48
  27208T               JUNCTION   488.67   515.07  1034.62     0  04:06      515.07
  73626                JUNCTION   621.95   624.79  1254.36     0  02:16      624.79
  20639                JUNCTION   511.34   512.16  1031.08     0  01:53      512.16
  18417                JUNCTION   488.27   509.98  1009.79     0  14:44      509.98
  49163                JUNCTION   508.34   528.79  1062.91     0  05:34      528.79
  18509                JUNCTION   487.68   488.33   981.99     0  01:46      488.33
  18508                JUNCTION   464.91   487.33   979.86     0  03:16      487.33
  18447                JUNCTION   488.69   489.34   985.01     0  01:45      489.34
  26479                JUNCTION   497.92   523.23  1055.37     0  06:21      523.23
  73665                JUNCTION   577.39   579.17  1163.17     0  02:03      579.17
  49513                JUNCTION   456.99   510.14  1026.74     0  06:43      510.14
  67748                JUNCTION   499.61   525.07  1058.20     0  06:10      525.07
  73657                JUNCTION   527.97   563.00  1130.50     0  04:42      563.00
  29065                JUNCTION   599.10   654.13  1315.91     0  05:00      654.13
  71762                JUNCTION   471.82   499.68  1003.91     0  04:36      499.68
  66231                JUNCTION   533.88   534.96  1076.75     0  01:54      534.96
  29064                JUNCTION   465.34   606.58  1267.64     0  09:02      606.58
  26659T               JUNCTION   455.11   496.12   999.77     0  04:00      496.12
  73624                JUNCTION   585.32   611.50  1228.40     0  05:28      611.50
  49316                JUNCTION   469.33   509.89  1024.11     0  03:34      509.89
  18457                JUNCTION   432.76   487.22   980.19     0  06:45      487.22
  18456                JUNCTION   470.32   487.93   980.19     0  15:07      487.93
  26655                JUNCTION   475.31   493.33   996.42     0  04:26      493.33
  24655                JUNCTION   614.32   616.95  1241.65     0  02:27      616.95
  18371                JUNCTION   491.07   491.74   990.81     0  02:32      491.74
  26477                JUNCTION   485.03   529.72  1066.84     0  06:09      529.72
  26475                JUNCTION   505.16   531.15  1068.55     0  06:09      531.15
  20638                JUNCTION   471.82   495.59   998.51     0  03:42      495.59
  45026                JUNCTION     0.00     0.00   663.78     0  00:00        0.00
  71759BS              JUNCTION   497.10   497.81   999.95     0  02:38      497.81
  71759                JUNCTION   495.68   512.26  1012.84     0  14:44      512.26
  20782                JUNCTION   454.47   535.19  1082.12     0  06:04      535.19
  18449                JUNCTION   493.43   494.11   995.94     0  01:49      494.11
  71061                JUNCTION   490.32   510.62  1025.57     0  02:48      510.62
  20640                JUNCTION   457.14   493.96   995.25     0  04:00      493.96
  73629                JUNCTION   593.14   627.18  1261.93     0  03:34      627.18
  18436                JUNCTION   460.00   483.21   974.38     0  04:50      483.21
  71757BH              JUNCTION   480.64   500.29   991.12     0  06:34      500.29
  27134                JUNCTION   490.31   502.05  1011.81     0  03:17      502.05
  20293                JUNCTION   512.57   513.41  1033.57     0  01:52      513.41
  66230                JUNCTION   522.53   523.46  1052.66     0  01:57      523.46
  71759AS              JUNCTION   493.61   515.60  1018.18     0  14:44      515.60
  20651                JUNCTION   516.05   537.00  1079.59     0  02:52      537.00
  20655                JUNCTION   482.18   507.96  1023.66     0  03:46      507.96
  18448                JUNCTION   478.03   487.97   983.27     0  02:22      487.97
  66232                JUNCTION   485.07   508.52  1023.61     0  06:43      508.52
  18479                JUNCTION   484.36   484.99   976.31     0  01:58      484.99
  66160                JUNCTION   494.54   495.23   995.79     0  01:45      495.23
  71756                JUNCTION   480.92   494.04   990.52     0  06:08      494.04
  26657T               JUNCTION   474.58   496.87  1000.23     0  04:22      496.87
  24066                JUNCTION   490.78   491.45   993.50     0  02:09      491.45
  26657                JUNCTION   474.79   496.06  1000.54     0  03:33      496.04
  24702                JUNCTION   636.75   640.01  1284.71     0  02:40      640.01
  20294                JUNCTION   502.09   502.83  1014.33     0  02:00      502.83
  18483                JUNCTION   459.20   480.80   969.82     0  05:34      480.80
  24698                JUNCTION   243.85   501.57  1141.47     1  00:00      501.57
  18500                JUNCTION   470.29   491.61   979.32     0  04:26      491.61
  24591                JUNCTION   616.36   619.05  1243.85     0  02:21      619.05
  66229                JUNCTION   492.96   517.14  1036.88     0  06:36      517.14
  20290                JUNCTION   448.46   495.84   999.01     0  04:22      495.84
  20648                JUNCTION   522.20   523.13  1052.94     0  01:55      523.13
  24691                JUNCTION   644.22   647.70  1300.05     0  03:04      647.70
  20786                JUNCTION   548.52   549.79  1103.91     0  01:56      549.79
  26653                JUNCTION   464.46   493.01   990.52     0  03:19      493.01
  18502                JUNCTION   462.01   482.54   971.41     0  03:10      482.54
  71764                JUNCTION   492.75   493.43   992.43     0  03:09      493.43
  20288                JUNCTION   454.35   496.24  1000.81     0  03:56      496.24
  20785                JUNCTION   522.45   548.13  1102.96     0  03:19      548.13
  71751                JUNCTION   486.15   486.79   983.08     0  02:01      486.79
  49517                JUNCTION   465.51   512.89  1034.48     0  06:41      512.89
  20642                JUNCTION   491.51   492.18   991.94     0  01:44      492.18
  20649                JUNCTION   494.53   517.56  1044.69     0  03:03      517.56
  18425T               JUNCTION   458.07   485.76   975.85     0  03:15      485.76
  20783                JUNCTION   569.73   571.36  1147.41     0  02:36      571.36
  27201                JUNCTION   521.60   522.52  1050.81     0  01:56      522.52
  20643                JUNCTION   468.36   490.01   990.51     0  03:27      490.00
  18435                JUNCTION   454.60   481.84   974.23     0  04:50      481.84
  29067                JUNCTION   654.02   657.82  1324.20     0  02:54      657.82
  25675                JUNCTION   469.92   503.32  1013.50     0  04:09      503.32
  66206T               JUNCTION   463.55   504.32  1010.65     0  04:11      504.32
  49520                JUNCTION   474.38   514.21  1036.95     0  06:41      514.21
  20286                JUNCTION   479.11   497.48  1000.29     0  02:45      497.48
  18485BH              JUNCTION   481.07   481.69   967.55     0  01:41      481.69
  18498                JUNCTION   483.08   483.71   973.75     0  01:49      483.71
  25422                JUNCTION   479.59   504.82  1017.36     0  04:07      504.82
  66202T               JUNCTION   473.82   499.37  1001.24     0  03:33      499.37
  46908                JUNCTION   471.15   485.87   980.32     0  03:16      485.87
  29056                JUNCTION     0.00     0.00   670.83     0  00:00        0.00
  18515                JUNCTION   456.57   484.18   979.69     0  03:11      484.18
  18476                JUNCTION   434.56   479.71   969.17     0  04:07      479.71
  24652                JUNCTION   568.27   595.40  1199.40     0  04:47      595.40
  25418                JUNCTION   471.39   508.51  1018.47     0  04:02      508.51
  24701                JUNCTION   627.67   630.67  1266.67     0  02:13      630.67
  49327                JUNCTION   547.52   567.52  1126.84     0  07:03      567.52
  18441                JUNCTION     0.00     0.00   491.71     0  00:00        0.00
  66203                JUNCTION   477.65   498.52  1005.95     0  04:17      498.52
  21356                JUNCTION   502.42   638.76  1283.15     0  07:40      638.76
  20289                JUNCTION   485.80   508.07  1013.68     0  07:06      508.07
  29057                JUNCTION     0.00     0.00   668.09     0  00:00        0.00
  20283                JUNCTION   505.53   506.30  1019.29     0  02:01      506.30
  24593                JUNCTION   583.79   609.41  1224.11     0  06:23      609.41
  51745                JUNCTION   486.09   486.73   980.79     0  01:42      486.73
  18445                JUNCTION   482.20   505.93   998.93     1  00:00      505.93
  25417                JUNCTION   466.18   509.13  1023.59     0  04:08      509.13
  73562                JUNCTION   558.32   602.62  1227.91     0  04:26      602.62
  18454                JUNCTION   464.24   482.55   975.46     0  12:21      482.55
  18453                JUNCTION   454.28   483.26   975.48     0  12:21      483.26
  20780                JUNCTION   527.68   552.65  1109.86     0  03:33      552.65
  29058                JUNCTION     0.00     0.00   666.97     0  00:00        0.00
  24596                JUNCTION   554.80   596.68  1200.88     0  04:47      596.68
  20280                JUNCTION   510.20   524.14  1031.07     0  04:34      524.14
  49326                JUNCTION   537.52   565.53  1123.30     0  07:03      565.53
  24700                JUNCTION   418.56   476.88  1113.91     0  06:36      476.88
  49323                JUNCTION   516.47   551.26  1107.02     0  03:47      551.26
  49324                JUNCTION   446.72   481.81  1035.20     0  03:47      481.80
  18451                JUNCTION   491.11   491.78   988.89     0  01:47      491.78
  71768                JUNCTION   468.75   482.81   979.67     0  02:54      482.81
  71770                JUNCTION   488.76   489.41   986.15     0  01:43      489.41
  21362                JUNCTION   641.17   644.56  1293.77     0  02:43      644.56
  24594                JUNCTION   546.76   590.86  1207.20     0  06:23      590.86
  21357                JUNCTION     0.00     0.00   646.76     0  00:00        0.00
  49416                JUNCTION   646.04   656.88  1321.38     0  05:51      656.88
  45032                JUNCTION   600.93   650.69  1321.39     0  05:29      650.68
  18434                JUNCTION   424.40   481.22   969.55     0  05:49      481.22
  18475                JUNCTION   420.69   479.11   968.20     0  05:19      479.11
  18413                JUNCTION   488.97   489.63   984.59     0  01:48      489.63
  24598                JUNCTION   601.31   603.62  1217.98     0  02:15      603.62
  47989                JUNCTION   431.95   518.49  1044.30     0  06:41      518.49
  18427                JUNCTION   418.55   481.90   973.28     0  05:00      481.81
  18428                JUNCTION   454.88   481.56   972.16     0  12:21      481.56
  20279                JUNCTION   514.60   515.45  1036.61     0  04:34      515.45
  18429                JUNCTION   448.52   480.49   971.91     0  12:21      480.49
  18430                JUNCTION   437.39   481.00   971.84     0  23:31      481.00
  71032                JUNCTION   454.17   528.80  1062.64     0  06:41      528.80
  18431T               JUNCTION   444.20   481.55   965.85     0  03:27      481.55
  26651                JUNCTION   445.27   486.00   982.34     0  03:54      486.00
  18432BD              JUNCTION   386.64   481.84   967.68     0  06:45      481.84
  18432                JUNCTION   397.07   480.27   968.87     0  06:03      480.25
  49325                JUNCTION   536.57   570.82  1145.22     0  07:02      570.82
  18431                JUNCTION   411.83   478.97   968.61     0  04:54      478.97
  51746                JUNCTION   484.15   484.78   974.20     0  01:49      484.78
  49222T               JUNCTION   461.59   481.99   969.31     0  03:15      481.99
  18433                JUNCTION     0.00     0.00   489.57     0  00:00        0.00
  24595                JUNCTION   583.03   615.76  1238.16     0  03:21      615.76
  24600                JUNCTION   565.82   597.43  1202.58     0  03:22      597.43
  49528                JUNCTION   482.89   519.42  1043.58     0  03:20      519.42
  71765                JUNCTION   462.86   486.72   983.77     0  03:53      486.72
  20263                JUNCTION   524.51   525.46  1057.44     0  02:48      525.46
  20442                JUNCTION   516.48   537.79  1081.95     0  10:48      537.79
  26246                JUNCTION   547.18   548.43  1103.64     0  02:00      548.43
  71775                JUNCTION   489.22   489.88   984.09     0  01:47      489.88
  71776                JUNCTION   478.68   488.47   981.27     0  02:21      488.47
  20282                JUNCTION   511.62   512.46  1031.25     0  03:06      512.46
  21353                JUNCTION   582.57   631.59  1270.61     0  08:07      631.59
  71056                JUNCTION   502.06   532.07  1071.78     0  03:42      532.07
  71783                JUNCTION   489.89   490.58   985.59     0  02:20      490.58
  73537                JUNCTION   644.86   648.37  1304.39     0  02:18      648.37
  73532                JUNCTION   610.89   647.75  1301.83     0  03:28      647.75
  26258                JUNCTION   506.62   536.44  1079.21     0  03:32      536.44
  49222                JUNCTION   444.24   480.47   967.16     0  03:48      480.47
  71037                JUNCTION   481.44   533.46  1076.46     0  04:39      533.46
  71055                JUNCTION   494.13   523.79  1050.80     0  03:53      523.79
  49524                JUNCTION   521.03   560.68  1126.09     0  04:28      560.68
  47995                JUNCTION   464.72   532.09  1070.44     0  05:50      532.09
  73531                JUNCTION   613.36   650.78  1308.98     0  04:07      650.78
  20262                JUNCTION   525.69   526.66  1058.92     0  03:20      526.66
  21365                JUNCTION   633.16   636.31  1276.95     0  02:13      636.31
  18474                JUNCTION   457.38   470.52   960.30     0  02:33      470.51
  18473                JUNCTION   459.30   483.86   972.52     0  14:44      483.86
  UA0012P              JUNCTION   419.65   479.23   969.79     0  04:33      479.23
  18386                JUNCTION   491.15   505.75  1001.19     0  03:52      505.75
  18405                JUNCTION   473.05   495.41   989.60     0  04:31      495.41
  71774                JUNCTION   488.27   488.93   983.34     0  02:03      488.93
  73561                JUNCTION   527.04   565.66  1135.87     0  04:29      565.66
  21354                JUNCTION   631.02   634.11  1273.85     0  02:19      634.11
  78851                JUNCTION   574.92   576.66  1156.06     0  02:05      576.66
  20602                JUNCTION   547.87   549.14  1103.04     0  02:13      549.14
  26644                JUNCTION   442.02   478.48   971.48     0  04:11      478.48
  26643                JUNCTION   425.28   478.16   970.79     0  04:12      478.15
  18406                JUNCTION   465.82   488.16   981.57     0  03:14      488.16
  26645                JUNCTION   432.32   480.33   973.70     0  04:03      480.33
  26244                JUNCTION   550.01   551.31  1109.41     0  02:01      551.31
  20267                JUNCTION   502.10   519.20  1044.64     0  03:13      519.20
  26642                JUNCTION   415.93   478.03   966.65     0  04:59      478.03
  71058                JUNCTION   523.33   543.43  1095.60     0  02:55      543.43
  49530                JUNCTION   493.92   523.08  1050.16     0  02:59      523.08
  26241                JUNCTION   513.08   529.74  1065.90     0  03:20      529.68
  21364                JUNCTION   584.01   635.02  1277.69     0  04:58      635.02
  49265                JUNCTION   438.92   485.96   978.91     0  04:43      485.96
  71040                JUNCTION   528.84   562.48  1132.60     0  03:32      562.48
  26650T               JUNCTION   461.75   484.75   978.65     0  04:44      484.75
  20296                JUNCTION   531.46   532.87  1065.34     0  04:07      532.87
  26647                JUNCTION   443.97   483.60   973.95     0  03:55      483.60
  73650                JUNCTION   551.74   582.00  1202.43     0  03:28      582.00
  26238                JUNCTION   557.01   558.42  1131.59     0  02:12      558.42
  24565                JUNCTION   492.71   620.04  1245.41     0  07:31      620.04
  26648                JUNCTION   453.02   482.24   974.69     0  04:47      482.24
  18471                JUNCTION   417.47   477.96   966.40     0  14:43      477.96
  66161                JUNCTION   490.13   538.97  1083.07     0  06:05      538.97
  20603                JUNCTION   546.28   547.52  1099.65     0  02:24      547.52
  26640T               JUNCTION   457.17   477.40   959.08     0  04:54      477.40
  49531                JUNCTION   546.26   547.50  1098.70     0  01:55      547.50
  26249                JUNCTION   560.02   561.49  1131.71     0  02:07      561.49
  71740                JUNCTION   463.99   486.96   981.30     0  04:42      486.96
  20610                JUNCTION   529.27   552.70  1111.09     0  03:14      552.70
  26649                JUNCTION   470.80   485.80   976.16     0  04:47      485.80
  73529                JUNCTION   649.77   653.44  1312.41     0  03:37      653.44
  49264                JUNCTION   468.16   491.03   990.79     0  04:01      491.03
  20297                JUNCTION   499.40   525.15  1058.63     0  03:18      525.15
  73648                JUNCTION   566.57   610.72  1227.22     0  04:24      610.72
  73634                JUNCTION   624.13   627.02  1259.77     0  02:26      627.02
  21351                JUNCTION   527.62   625.02  1256.30     0  07:45      625.02
  20278                JUNCTION   519.67   520.60  1046.63     0  02:16      520.60
  18470                JUNCTION   480.82   481.43   968.19     0  01:41      481.43
  73644                JUNCTION   601.44   603.75  1213.27     0  02:26      603.75
  20441                JUNCTION   473.26   536.47  1078.27     0  05:04      536.47
  26237                JUNCTION   563.97   565.50  1137.79     0  02:12      565.50
  20696                JUNCTION   536.93   575.32  1159.42     0  04:19      575.32
  73533                JUNCTION   646.06   649.61  1303.55     0  02:23      649.61
  66226                JUNCTION   555.73   557.12  1118.99     0  02:13      557.12
  26240                JUNCTION   528.26   529.28  1066.89     0  03:20      529.28
  73649                JUNCTION   608.87   611.36  1228.26     0  02:08      611.36
  20440                JUNCTION   535.68   536.77  1077.87     0  01:52      536.77
  26227                JUNCTION   517.27   547.85  1104.03     0  03:26      547.85
  20746                JUNCTION   579.91   581.74  1167.81     0  02:03      581.74
  18385                JUNCTION   486.30   486.94   983.46     0  02:16      486.94
  73530                JUNCTION   650.01   653.69  1311.91     0  03:35      653.69
  49245T               JUNCTION   420.20   476.94   958.00     0  14:44      476.94
  20697                JUNCTION   575.61   577.36  1158.05     0  02:01      577.36
  71780                JUNCTION   488.39   489.04   983.41     0  01:44      489.04
  71738                JUNCTION   473.28   487.58   981.61     0  04:24      487.58
  21368                JUNCTION   627.68   630.68  1265.69     0  02:12      630.68
  18469                JUNCTION   481.45   482.07   969.47     0  01:53      482.07
  18342                JUNCTION   484.27   484.90   974.13     0  01:45      484.90
  73647                JUNCTION   545.40   586.80  1182.30     0  04:29      586.80
  26228                JUNCTION   524.67   554.36  1115.35     0  04:05      554.36
  18407                JUNCTION   491.77   492.49   990.38     0  04:22      492.49
  18382                JUNCTION   472.23   485.09   975.51     0  02:40      485.09
  26252                JUNCTION   563.46   564.98  1135.64     0  02:05      564.98
  20540                JUNCTION   549.69   550.98  1107.64     0  02:19      550.98
  71077                JUNCTION   554.15   555.51  1116.77     0  02:01      555.51
  63809                JUNCTION   482.75   483.38   974.44     0  01:55      483.38
  73554                JUNCTION   579.09   610.18  1224.04     0  04:25      610.18
  71777                JUNCTION   487.98   488.63   982.59     0  01:44      488.63
  49525                JUNCTION   558.35   559.78  1125.28     0  02:15      559.78
  21377                JUNCTION   587.73   643.18  1288.40     0  04:24      643.18
  21719                JUNCTION   565.41   610.90  1229.13     0  06:46      610.90
  73538                JUNCTION   594.49   643.54  1292.67     0  03:57      643.53
  73640                JUNCTION   623.31   626.18  1257.14     0  02:21      626.18
  21367                JUNCTION   496.78   629.44  1268.68     0  08:17      629.44
  20606                JUNCTION   486.23   537.03  1081.55     0  04:26      537.03
  26243                JUNCTION   544.35   545.56  1096.84     0  02:34      545.56
  18414                JUNCTION   501.95   502.69  1012.07     0  02:02      502.69
  20698                JUNCTION   551.03   580.16  1167.01     0  03:47      580.16
  18398                JUNCTION   483.80   484.43   973.19     0  02:42      484.43
  26230                JUNCTION   538.37   560.50  1129.59     0  04:04      560.50
  71043                JUNCTION   589.51   591.55  1188.89     0  02:13      591.55
  66223                JUNCTION     0.00     0.00   504.19     0  00:00        0.00
  71069                JUNCTION   604.29   606.67  1219.07     0  02:31      606.67
  21380                JUNCTION   647.32   650.91  1307.41     0  03:10      650.91
  18381                JUNCTION   485.56   486.20   977.73     0  01:45      486.20
  49287                JUNCTION   538.86   540.00  1084.55     0  02:05      540.00
  20336                JUNCTION   518.97   538.66  1081.65     0  03:00      538.66
  20695                JUNCTION   588.06   590.07  1185.84     0  02:20      590.07
  20605                JUNCTION   513.28   540.99  1087.31     0  03:13      540.99
  49244T               JUNCTION   454.40   475.58   955.18     0  14:44      475.58
  26254                JUNCTION   560.66   562.13  1130.59     0  01:58      562.13
  26251                JUNCTION   563.72   565.25  1136.19     0  02:05      565.25
  18397                JUNCTION   470.64   483.84   972.01     0  02:41      483.84
  18177                JUNCTION   461.27   491.45   991.62     0  04:15      491.45
  26235                JUNCTION   507.97   528.15  1065.48     0  04:03      528.15
  18380                JUNCTION   485.18   485.81   976.95     0  01:43      485.81
  26219                JUNCTION   506.73   537.83  1081.99     0  03:37      537.83
  21373                JUNCTION   587.07   637.99  1280.31     0  04:23      637.99
  20444                JUNCTION   523.62   549.53  1104.48     0  06:05      549.53
  71046                JUNCTION   564.32   591.81  1191.26     0  03:28      591.81
  20614                JUNCTION   522.12   542.34  1092.01     0  03:02      542.34
  49224                JUNCTION   425.75   476.35   956.87     0  04:18      476.35
  20745                JUNCTION   580.96   582.82  1172.28     0  02:11      582.82
  49405                JUNCTION   610.02   612.54  1230.73     0  02:33      612.54
  20694                JUNCTION   587.69   589.69  1184.08     0  02:17      589.69
  71050                JUNCTION   601.81   604.13  1213.96     0  02:31      604.13
  26231                JUNCTION   526.43   561.04  1132.81     0  04:04      561.04
  66223T               JUNCTION   472.45   495.65   995.30     0  03:30      495.65
  18331                JUNCTION   483.58   484.21   973.75     0  01:42      484.21
  73637                JUNCTION   610.06   612.58  1229.91     0  02:15      612.58
  73636                JUNCTION   574.46   604.51  1213.75     0  03:16      604.51
  49526                JUNCTION   515.37   544.71  1094.67     0  04:11      544.71
  21348                JUNCTION   577.50   627.90  1261.13     0  08:10      627.90
  18196                JUNCTION   463.03   495.59  1002.80     0  05:03      495.59
  18379                JUNCTION   468.78   484.82   975.97     0  03:06      484.82
  20716                JUNCTION   562.59   564.10  1132.93     0  02:14      564.10
  21722                JUNCTION   620.47   623.26  1252.26     0  02:20      623.26
  18388                JUNCTION   484.32   484.95   975.40     0  02:04      484.95
  20617                JUNCTION   551.74   553.06  1110.80     0  02:13      553.06
  49543                JUNCTION   457.02   539.12  1084.55     0  05:50      539.12
  49303                JUNCTION   512.03   542.67  1091.67     0  03:32      542.67
  20313                JUNCTION   528.45   529.46  1065.53     0  02:29      529.46
  21721                JUNCTION   618.50   621.24  1246.20     0  02:23      621.24
  26253                JUNCTION   565.39   566.95  1139.58     0  02:06      566.95
  73639                JUNCTION   543.93   595.13  1193.59     0  03:46      595.13
  71047                JUNCTION   592.64   594.74  1196.14     0  02:13      594.74
  49226BT              JUNCTION   444.41   475.23   953.66     0  04:55      475.19
  21341                JUNCTION   613.81   616.43  1237.60     0  02:29      616.43
  73664                JUNCTION   484.85   485.48   974.29     0  01:45      485.48
  20765                JUNCTION   577.15   606.95  1220.45     0  03:43      606.95
  18605                JUNCTION   454.64   482.91   972.15     0  03:40      482.91
  18467                JUNCTION   450.67   474.95   959.61     0  03:53      474.95
  20352                JUNCTION   503.85   504.61  1015.96     0  01:52      504.61
  26218                JUNCTION   554.05   555.41  1115.56     0  02:04      555.41
  20618                JUNCTION   549.72   551.01  1107.59     0  02:10      551.01
  26639                JUNCTION   381.77   472.52   957.94     0  11:15      472.52
  32101                JUNCTION   472.65   495.99  1002.41     0  03:34      495.99
  20338                JUNCTION   533.12   534.18  1073.95     0  02:10      534.18
  18389                JUNCTION   463.72   483.06   972.45     0  03:09      483.06
  20272                JUNCTION   499.39   518.64  1026.64     1  00:00      518.64
  20350                JUNCTION   534.29   535.37  1076.25     0  02:18      535.37
  21371                JUNCTION   584.81   634.37  1274.07     0  04:26      634.37
  20702                JUNCTION   515.37   535.40  1086.34     0  03:47      535.40
  18378                JUNCTION   485.58   486.22   977.77     0  01:45      486.22
  49226AT              JUNCTION   429.17   475.63   953.51     0  04:13      475.63
  20737                JUNCTION   562.86   564.37  1134.50     0  02:06      564.37
  21347                JUNCTION   626.64   629.61  1263.55     0  02:19      629.61
  20273                JUNCTION   464.79   498.96  1006.92     0  03:34      498.96
  49343                JUNCTION   547.33   588.88  1185.82     0  03:56      588.88
  20310                JUNCTION   504.14   521.36  1047.96     0  02:51      521.36
  18329                JUNCTION   462.01   482.45   973.56     0  05:50      482.45
  21311                JUNCTION   618.61   621.35  1247.44     0  02:25      621.35
  20619                JUNCTION   459.08   483.90  1038.78     0  03:40      483.90
  26255                JUNCTION   560.19   561.66  1129.07     0  02:23      561.66
  20693                JUNCTION   447.92   466.53  1050.94     0  02:53      466.53
  49546                JUNCTION   469.85   540.91  1088.07     0  05:04      540.91
  21372                JUNCTION   632.27   635.41  1275.27     0  02:30      635.41
  20718                JUNCTION   525.84   546.57  1097.84     0  02:59      546.57
  21375                JUNCTION   636.47   639.75  1283.94     0  03:13      639.75
  21345                JUNCTION   625.52   628.46  1261.66     0  02:46      628.46
  24558                JUNCTION   609.81   612.32  1232.25     0  03:22      612.32
  18603                JUNCTION   462.41   483.74   974.99     0  03:39      483.74
  66162                JUNCTION   526.33   552.46  1106.74     0  03:41      552.46
  20302                JUNCTION   483.19   507.92  1021.42     0  03:31      507.92
  20762                JUNCTION   534.94   589.16  1185.91     0  04:05      589.16
  20344                JUNCTION   530.45   531.48  1067.29     0  01:51      531.48
  20767                JUNCTION   609.59   612.10  1229.89     0  02:20      612.10
  20340                JUNCTION   505.37   530.46  1067.42     0  03:54      530.46
  49277                JUNCTION   502.62   503.36  1011.34     0  02:04      503.36
  21382                JUNCTION   639.29   642.63  1288.59     0  02:22      642.63
  18330                JUNCTION   485.25   485.89   978.24     0  02:00      485.89
  18328                JUNCTION   432.26   483.32   972.94     0  04:51      483.32
  18194                JUNCTION   470.05   504.80  1018.27     0  05:02      504.80
  49288                JUNCTION   548.11   549.38  1103.38     0  02:24      549.38
  25392                JUNCTION   540.71   541.87  1088.07     0  02:08      541.87
  20720                JUNCTION   549.02   550.30  1107.30     0  02:04      550.30
  20742                JUNCTION   582.59   584.48  1174.66     0  02:42      584.48
  18602                JUNCTION   272.28   484.06   974.92     0  20:11      484.06
  24568                JUNCTION   627.36   630.35  1265.31     0  04:52      630.35
  20303                JUNCTION   451.27   506.15  1018.54     0  08:26      506.15
  20723                JUNCTION   565.03   566.58  1137.88     0  02:12      566.58
  20309                JUNCTION   474.67   515.62  1038.56     0  03:52      515.62
  49345                JUNCTION   612.68   615.27  1236.25     0  02:16      615.27
  20348                JUNCTION   515.21   533.52  1072.37     0  02:51      533.52
  20735                JUNCTION   527.69   548.85  1104.68     0  04:10      548.85
  18391                JUNCTION   439.30   477.54   961.41     0  03:45      477.54
  20349                JUNCTION   536.24   537.34  1080.32     0  02:05      537.34
  49281                JUNCTION   420.51   502.99  1015.50     0  08:26      502.99
  21315                JUNCTION   604.04   606.41  1219.46     0  02:21      606.41
  20354                JUNCTION   507.54   508.33  1021.99     0  01:52      508.33
  49238                JUNCTION   488.10   488.75   987.14     0  02:31      488.75
  20741                JUNCTION   584.69   586.62  1178.01     0  02:08      586.62
  71030                JUNCTION   519.43   540.01  1085.02     0  02:54      540.01
  49278                JUNCTION   510.00   510.81  1024.95     0  01:47      510.81
  73556                JUNCTION   629.21   632.25  1269.83     0  02:13      632.25
  20739                JUNCTION   522.31   558.98  1124.42     0  06:34      558.98
  18465T               JUNCTION   307.93   471.19   947.08     0  14:40      471.19
  20760                JUNCTION   511.54   545.86  1096.05     0  04:48      545.86
  21314                JUNCTION   572.56   602.06  1211.79     0  03:21      602.06
  21723                JUNCTION   624.13   627.02  1259.74     0  02:28      627.02
  20681                JUNCTION   602.22   604.55  1216.87     0  02:11      604.55
  18494                JUNCTION   475.07   487.42   980.34     0  03:08      487.42
  24567                JUNCTION   581.70   630.08  1264.07     0  04:48      630.08
  25391AS              JUNCTION   539.21   540.35  1085.03     0  01:53      540.35
  25391                JUNCTION   507.46   540.36  1085.44     0  08:06      540.36
  25410                JUNCTION   524.26   525.22  1056.02     0  02:15      525.22
  20721                JUNCTION   531.92   553.73  1113.97     0  03:19      553.73
  18495                JUNCTION   487.82   488.47   983.63     0  01:42      488.47
  20692                JUNCTION   587.87   589.87  1186.46     0  02:15      589.87
  18601                JUNCTION   485.08   485.71   974.75     0  01:42      485.71
  20705                JUNCTION   567.70   569.29  1144.31     0  02:29      569.29
  18606                JUNCTION   485.25   485.89   978.11     0  02:03      485.89
  24556                JUNCTION   580.84   610.93  1227.39     0  03:34      610.93
  21396                JUNCTION   630.46   633.53  1272.78     0  02:37      633.53
  49558                JUNCTION   535.37   572.94  1151.44     0  06:25      572.94
  49280                JUNCTION     0.00     0.00   519.28     0  00:00        0.00
  20307                JUNCTION   509.36   510.16  1026.85     0  03:39      510.16
  18200                JUNCTION   500.36   501.09  1007.51     0  01:52      501.09
  71035                JUNCTION   483.85   548.16  1101.79     0  04:33      548.16
  73553                JUNCTION   640.63   644.00  1293.52     0  02:35      644.00
  25409                JUNCTION   525.74   526.71  1059.99     0  01:58      526.71
  21383                JUNCTION   569.72   630.75  1270.00     0  04:58      630.75
  20687                JUNCTION   585.68   587.63  1181.92     0  02:11      587.63
  18326                JUNCTION   459.68   480.52   966.73     0  05:46      480.52
  25391BS              JUNCTION   540.22   541.37  1087.07     0  01:55      541.37
  18182                JUNCTION   497.79   498.50  1002.33     0  01:59      498.50
  18376                JUNCTION   463.66   484.47   975.27     0  03:28      484.47
  18488                JUNCTION   482.90   483.53   973.39     0  02:48      483.53
  49235                JUNCTION   487.81   488.46   982.25     0  01:46      488.46
  49553                JUNCTION   562.07   563.56  1131.85     0  02:07      563.56
  20314                JUNCTION   519.89   520.81  1048.09     0  02:21      520.81
  20315                JUNCTION   492.04   518.89  1044.94     0  03:51      518.89
  21317                JUNCTION   547.90   586.90  1178.39     0  04:21      586.90
  20680                JUNCTION   557.02   594.90  1197.13     0  03:35      594.90
  18607                JUNCTION   486.62   487.26   979.85     0  01:44      487.26
  20757                JUNCTION   580.14   581.97  1171.74     0  02:10      581.97
  21386                JUNCTION   607.12   642.58  1290.77     0  03:30      642.58
  49560                JUNCTION   486.54   577.61  1160.92     0  06:15      577.61
  21329                JUNCTION   615.28   617.94  1242.64     0  02:13      617.94
  18377                JUNCTION   484.37   485.00   978.59     0  01:51      485.00
  18489                JUNCTION   470.89   483.19   972.71     0  02:37      483.19
  20346                JUNCTION   485.63   529.05  1064.43     0  03:57      529.05
  25408                JUNCTION   495.27   522.64  1053.93     0  04:07      522.64
  20316                JUNCTION   520.32   521.23  1048.03     0  02:47      521.23
  21327                JUNCTION   610.43   612.96  1231.61     0  02:13      612.96
  20733                JUNCTION   555.97   557.36  1120.43     0  02:09      557.36
  20728                JUNCTION   570.89   572.55  1151.85     0  02:21      572.55
  21387                JUNCTION   642.18   645.61  1296.95     0  02:16      645.61
  20686                JUNCTION   546.04   585.11  1175.94     0  04:15      585.11
  49356                JUNCTION   539.01   575.16  1161.56     0  04:46      575.16
  21328                JUNCTION   579.15   609.06  1224.82     0  03:16      609.06
  18322                JUNCTION   483.37   484.00   973.58     0  02:03      484.00
  18490                JUNCTION   407.09   481.67   972.17     0  07:52      481.67
  20731                JUNCTION   545.51   546.74  1104.23     0  02:09      546.74
  49357                JUNCTION   577.84   579.63  1167.96     0  02:07      579.63
  73552                JUNCTION   566.24   613.34  1234.85     0  04:24      613.34
  71750                JUNCTION   483.73   484.36   974.05     0  01:43      484.36
  20305                JUNCTION   436.36   509.05  1028.76     0  06:19      509.05
  25407                JUNCTION   460.75   523.86  1053.05     0  04:42      523.86
  21726                JUNCTION   528.63   615.29  1239.80     0  05:09      615.24
  18174T               JUNCTION     0.00     0.00   500.91     0  00:00        0.00
  49230                JUNCTION     0.00     0.00   494.65     0  00:00        0.00
  18184                JUNCTION     0.00     0.00   507.48     0  00:00        0.00
  21725                JUNCTION   570.22   617.07  1239.75     0  05:08      617.07
  21392                JUNCTION   526.36   620.06  1246.42     0  05:36      620.06
  71782                JUNCTION     0.00     0.00   495.40     0  00:00        0.00
  20732                JUNCTION     0.00     0.00   559.10     0  00:00        0.00
  21389                JUNCTION     0.00     0.00   653.63     0  00:00        0.00
  21390                JUNCTION     0.00     0.00   651.58     0  00:00        0.00
  71081                JUNCTION     0.00     0.00   491.32     0  00:00        0.00
  18374                JUNCTION   455.39   486.09   978.51     0  04:16      486.09
  21330                JUNCTION   544.20   602.26  1210.50     0  04:16      602.26
  49282                JUNCTION     0.00     0.00   518.51     0  00:00        0.00
  18185                JUNCTION     0.00     0.00   506.81     0  00:00        0.00
  20755                JUNCTION     0.00     0.00   602.54     0  00:00        0.00
  49561                JUNCTION     0.00     0.00   590.20     0  00:00        0.00
  20320                JUNCTION     0.00     0.00   528.90     0  00:00        0.00
  20685                JUNCTION     0.00     0.00   596.94     0  00:00        0.00
  18163                JUNCTION     0.00     0.00   500.38     0  00:00        0.00
  49404                JUNCTION     0.00     0.00   657.62     0  00:00        0.00
  20750                JUNCTION     0.00     0.00   572.70     0  00:00        0.00
  20749                JUNCTION     0.00     0.00   578.40     0  00:00        0.00
  20333                JUNCTION   427.62   532.15  1071.63     0  07:59      532.15
  49346                JUNCTION     0.00     0.00   560.96     0  00:00        0.00
  21331                JUNCTION     0.00     0.00   612.75     0  00:00        0.00
  49347                JUNCTION   498.72   559.04  1123.71     0  04:14      559.04
  18317                JUNCTION   423.38   474.40   954.55     0  04:26      474.40
  26224                JUNCTION     0.00     0.00   518.47     0  00:00        0.00
  20332                JUNCTION     0.00     0.00   539.16     0  00:00        0.00
  24585                JUNCTION     0.00     0.00   620.32     0  00:00        0.00
  24586                JUNCTION     0.00     0.00   620.84     0  00:00        0.00
  20754                JUNCTION     0.00     0.00   602.18     0  00:00        0.00
  20358                JUNCTION     0.00     0.00   515.73     0  00:00        0.00
  24590                JUNCTION     0.00     0.00   625.10     0  00:00        0.00
  49232                JUNCTION     0.00     0.00   493.11     0  00:00        0.00
  20671                JUNCTION     0.00     0.00   605.64     0  00:00        0.00
  25405                JUNCTION     0.00     0.00   537.50     0  00:00        0.00
  21398                JUNCTION     0.00     0.00   646.73     0  00:00        0.00
  24570                JUNCTION     0.00     0.00   655.76     0  00:00        0.00
  18311                JUNCTION     0.00     0.00   489.28     0  00:00        0.00
  46898                JUNCTION     0.00     0.00   512.19     0  00:00        0.00
  18372                JUNCTION     0.00     0.00   492.38     0  00:00        0.00
  20427                JUNCTION   485.83   512.87  1031.65     0  03:40      512.87
  20322                JUNCTION     0.00     0.00   531.22     0  00:00        0.00
  20323                JUNCTION     0.00     0.00   534.34     0  00:00        0.00
  18316                JUNCTION     0.00     0.00   481.54     0  00:00        0.00
  20768                JUNCTION     0.00     0.00   567.99     0  00:00        0.00
  18318                JUNCTION     0.00     0.00   483.25     0  00:00        0.00
  20684                JUNCTION     0.00     0.00   599.39     0  00:00        0.00
  20318                JUNCTION     0.00     0.00   524.97     0  00:00        0.00
  49407                JUNCTION     0.00     0.00   637.57     0  00:00        0.00
  73570                JUNCTION     0.00     0.00   625.35     0  00:00        0.00
  20331                JUNCTION     0.00     0.00   539.38     0  00:00        0.00
  21043                JUNCTION     0.00     0.00   539.43     0  00:00        0.00
  18492                JUNCTION     0.00     0.00   491.94     0  00:00        0.00
  49595                JUNCTION     0.00     0.00   575.23     0  00:00        0.00
  49395                JUNCTION     0.00     0.00   656.96     0  00:00        0.00
  48897T               JUNCTION   231.24   471.43   945.11     0  16:57      471.43
  49374                JUNCTION     0.00     0.00   629.11     0  00:00        0.00
  20675                JUNCTION     0.00     0.00   609.69     0  00:00        0.00
  21399                JUNCTION     0.00     0.00   648.59     0  00:00        0.00
  24589                JUNCTION     0.00     0.00   626.50     0  00:00        0.00
  49233                JUNCTION     0.00     0.00   495.08     0  00:00        0.00
  49234                JUNCTION     0.00     0.00   493.33     0  00:00        0.00
  20683                JUNCTION     0.00     0.00   596.40     0  00:00        0.00
  49373                JUNCTION     0.00     0.00   632.10     0  00:00        0.00
  18318W               JUNCTION     0.00     0.00   483.40     0  00:00        0.00
  73112BA              JUNCTION     0.00     0.00   475.32     0  00:00        0.00
  73113BA              JUNCTION     0.00     0.00   482.67     0  00:00        0.00
  49372                JUNCTION     0.00     0.00   633.75     0  00:00        0.00
  73113AA              JUNCTION     0.00     0.00   473.33     0  00:00        0.00
  20769                JUNCTION     0.00     0.00   564.00     0  00:00        0.00
  73113T               JUNCTION     0.00     0.00   473.30     0  00:00        0.00
  73112AA              JUNCTION     0.00     0.00   473.31     0  00:00        0.00
  18305                JUNCTION     0.00     0.00   481.24     0  00:00        0.00
  18306                JUNCTION     0.00     0.00   483.33     0  00:00        0.00
  49569                JUNCTION     0.00     0.00   611.08     0  00:00        0.00
  73112T               JUNCTION     0.00     0.00   473.30     0  00:00        0.00
  18401                JUNCTION     0.00     0.00   511.27     0  00:00        0.00
  20674                JUNCTION     0.00     0.00   611.40     0  00:00        0.00
  26221                JUNCTION   487.34   487.99   999.66     0  01:51      487.99
  18168                JUNCTION     0.00     0.00   504.66     0  00:00        0.00
  73571                JUNCTION     0.00     0.00   625.28     0  00:00        0.00
  49567                JUNCTION     0.00     0.00   609.53     0  00:00        0.00
  24569                JUNCTION     0.00     0.00   657.64     0  00:00        0.00
  18134                JUNCTION     0.00     0.00   481.20     0  00:00        0.00
  20426                JUNCTION     0.00     0.00   521.76     0  00:00        0.00
  18307                JUNCTION     0.00     0.00   482.24     0  00:00        0.00
  26222                JUNCTION     0.00     0.00   512.42     0  00:00        0.00
  20330                JUNCTION     0.00     0.00   537.01     0  00:00        0.00
  21703                JUNCTION     0.00     0.00   643.39     0  00:00        0.00
  18188                JUNCTION     0.00     0.00   511.91     0  00:00        0.00
  20325                JUNCTION     0.00     0.00   526.20     0  00:00        0.00
  25404BH              JUNCTION     0.00     0.00   538.12     0  00:00        0.00
  49568                JUNCTION     0.00     0.00   608.38     0  00:00        0.00
  20364                JUNCTION     0.00     0.00   517.72     0  00:00        0.00
  18138                JUNCTION     0.00     0.00   488.21     0  00:00        0.00
  73577                JUNCTION     0.00     0.00   621.99     0  00:00        0.00
  21337                JUNCTION     0.00     0.00   634.55     0  00:00        0.00
  21336                JUNCTION     0.00     0.00   632.66     0  00:00        0.00
  21711                JUNCTION     0.00     0.00   653.07     0  00:00        0.00
  21706                JUNCTION     0.00     0.00   646.20     0  00:00        0.00
  20326                JUNCTION     0.00     0.00   528.41     0  00:00        0.00
  18314                JUNCTION     0.00     0.00   493.06     0  00:00        0.00
  18132                JUNCTION     0.00     0.00   489.83     0  00:00        0.00
  31154                JUNCTION     0.00     0.00   601.49     0  00:00        0.00
  71733                JUNCTION     0.00     0.00   493.95     0  00:00        0.00
  21710                JUNCTION     0.00     0.00   652.08     0  00:00        0.00
  24659                JUNCTION     0.00     0.00   623.80     0  00:00        0.00
  49247                JUNCTION     0.00     0.00   507.62     0  00:00        0.00
  49570                JUNCTION     0.00     0.00   614.27     0  00:00        0.00
  18133                JUNCTION     0.00     0.00   487.89     0  00:00        0.00
  49607                JUNCTION     0.00     0.00   606.52     0  00:00        0.00
  26262                JUNCTION     0.00     0.00   607.25     0  00:00        0.00
  21731                JUNCTION     0.00     0.00   627.50     0  00:00        0.00
  49375                JUNCTION     0.00     0.00   655.33     0  00:00        0.00
  24658                JUNCTION     0.00     0.00   627.00     0  00:00        0.00
  20361                JUNCTION     0.00     0.00   512.40     0  00:00        0.00
  21707                JUNCTION     0.00     0.00   637.48     0  00:00        0.00
  18302                JUNCTION     0.00     0.00   476.39     0  00:00        0.00
  20328                JUNCTION     0.00     0.00   535.01     0  00:00        0.00
  21708                JUNCTION     0.00     0.00   644.59     0  00:00        0.00
  32452                JUNCTION     0.00     0.00   574.38     0  00:00        0.00
  73594                JUNCTION     0.00     0.00   605.91     0  00:00        0.00
  49256                JUNCTION     0.00     0.00   493.54     0  00:00        0.00
  20327                JUNCTION     0.00     0.00   533.86     0  00:00        0.00
  49596                JUNCTION     0.00     0.00   574.96     0  00:00        0.00
  24663                JUNCTION     0.00     0.00   622.00     0  00:00        0.00
  49365                JUNCTION     0.00     0.00   572.63     0  00:00        0.00
  24582                JUNCTION     0.00     0.00   622.67     0  00:00        0.00
  21734                JUNCTION     0.00     0.00   635.75     0  00:00        0.00
  20365                JUNCTION     0.00     0.00   522.30     0  00:00        0.00
  20667                JUNCTION     0.00     0.00   612.68     0  00:00        0.00
  48895T               JUNCTION     0.00     0.00   471.76     0  00:00        0.00
  24664                JUNCTION     0.00     0.00   616.77     0  00:00        0.00
  65753                JUNCTION     0.00     0.00   494.74     0  00:00        0.00
  71731                JUNCTION     0.00     0.00   495.61     0  00:00        0.00
  21712                JUNCTION     0.00     0.00   651.07     0  00:00        0.00
  20677                JUNCTION     0.00     0.00   616.92     0  00:00        0.00
  71031                JUNCTION     0.00     0.00   598.02     0  00:00        0.00
  49367                JUNCTION     0.00     0.00   585.00     0  00:00        0.00
  48894                JUNCTION     0.00     0.00   478.44     0  00:00        0.00
  18309                JUNCTION     0.00     0.00   487.99     0  00:00        0.00
  20375                JUNCTION     0.00     0.00   528.48     0  00:00        0.00
  24666                JUNCTION     0.00     0.00   614.29     0  00:00        0.00
  73543                JUNCTION     0.00     0.00   586.00     0  00:00        0.00
  20661                JUNCTION     0.00     0.00   610.58     0  00:00        0.00
  71732                JUNCTION     0.00     0.00   494.05     0  00:00        0.00
  20424                JUNCTION     0.00     0.00   528.00     0  00:00        0.00
  20662                JUNCTION     0.00     0.00   609.78     0  00:00        0.00
  49605                JUNCTION     0.00     0.00   586.73     0  00:00        0.00
  49601                JUNCTION     0.00     0.00   570.61     0  00:00        0.00
  49615                JUNCTION     0.00     0.00   606.59     0  00:00        0.00
  49368                JUNCTION     0.00     0.00   593.90     0  00:00        0.00
  20367                JUNCTION     0.00     0.00   514.04     0  00:00        0.00
  20376                JUNCTION     0.00     0.00   527.12     0  00:00        0.00
  49409                JUNCTION     0.00     0.00   642.09     0  00:00        0.00
  49370                JUNCTION     0.00     0.00   595.33     0  00:00        0.00
  49378                JUNCTION     0.00     0.00   658.06     0  00:00        0.00
  32030                JUNCTION     0.00     0.00   600.11     0  00:00        0.00
  21713                JUNCTION     0.00     0.00   652.52     0  00:00        0.00
  84902                JUNCTION     0.00     0.00   615.25     0  00:00        0.00
  20359                JUNCTION     0.00     0.00   515.90     0  00:00        0.00
  49414                JUNCTION     0.00     0.00   658.37     0  00:00        0.00
  21735                JUNCTION     0.00     0.00   620.47     0  00:00        0.00
  24668                JUNCTION     0.00     0.00   608.25     0  00:00        0.00
  65751                JUNCTION     0.00     0.00   514.24     0  00:00        0.00
  24581                JUNCTION     0.00     0.00   619.74     0  00:00        0.00
  20374                JUNCTION     0.00     0.00   519.30     0  00:00        0.00
  24571                JUNCTION     0.00     0.00   641.20     0  00:00        0.00
  20657                JUNCTION     0.00     0.00   602.68     0  00:00        0.00
  32454                JUNCTION     0.00     0.00   586.33     0  00:00        0.00
  20665                JUNCTION     0.00     0.00   618.19     0  00:00        0.00
  20377                JUNCTION     0.00     0.00   524.63     0  00:00        0.00
  18296                JUNCTION     0.00     0.00   476.39     0  00:00        0.00
  24669                JUNCTION     0.00     0.00   604.50     0  00:00        0.00
  18300                JUNCTION     0.00     0.00   484.74     0  00:00        0.00
  73606                JUNCTION     0.00     0.00   613.11     0  00:00        0.00
  73605                JUNCTION     0.00     0.00   615.00     0  00:00        0.00
  73607                JUNCTION     0.00     0.00   615.77     0  00:00        0.00
  21715                JUNCTION     0.00     0.00   653.80     0  00:00        0.00
  67751                JUNCTION     0.00     0.00   606.47     0  00:00        0.00
  20423BH              JUNCTION     0.00     0.00   529.15     0  00:00        0.00
  49408                JUNCTION     0.00     0.00   644.63     0  00:00        0.00
  48893                JUNCTION     0.00     0.00   491.83     0  00:00        0.00
  24572                JUNCTION     0.00     0.00   633.00     0  00:00        0.00
  20397                JUNCTION     0.00     0.00   515.30     0  00:00        0.00
  49602                JUNCTION     0.00     0.00   580.11     0  00:00        0.00
  73616                JUNCTION     0.00     0.00   614.97     0  00:00        0.00
  20372                JUNCTION     0.00     0.00   518.74     0  00:00        0.00
  79432                JUNCTION     0.00     0.00   627.37     0  00:00        0.00
  79433                JUNCTION     0.00     0.00   624.60     0  00:00        0.00
  73580                JUNCTION     0.00     0.00   613.50     0  00:00        0.00
  18297T               JUNCTION     0.00     0.00   474.00     0  00:00        0.00
  18297AG              JUNCTION     0.00     0.00   475.88     0  00:00        0.00
  18156                JUNCTION     0.00     0.00   512.17     0  00:00        0.00
  20368                JUNCTION     0.00     0.00   516.09     0  00:00        0.00
  48892                JUNCTION     0.00     0.00   490.38     0  00:00        0.00
  49622                JUNCTION     0.00     0.00   612.38     0  00:00        0.00
  49620                JUNCTION     0.00     0.00   605.00     0  00:00        0.00
  49619                JUNCTION     0.00     0.00   597.96     0  00:00        0.00
  18164                JUNCTION     0.00     0.00   513.95     0  00:00        0.00
  71736                JUNCTION     0.00     0.00   511.52     0  00:00        0.00
  26261                JUNCTION     0.00     0.00   604.43     0  00:00        0.00
  73609                JUNCTION     0.00     0.00   629.50     0  00:00        0.00
  26259                JUNCTION     0.00     0.00   613.01     0  00:00        0.00
  66254                JUNCTION     0.00     0.00   621.08     0  00:00        0.00
  71734                JUNCTION     0.00     0.00   511.08     0  00:00        0.00
  71735                JUNCTION     0.00     0.00   511.18     0  00:00        0.00
  73610                JUNCTION     0.00     0.00   632.16     0  00:00        0.00
  20395                JUNCTION     0.00     0.00   516.57     0  00:00        0.00
  49630                JUNCTION     0.00     0.00   614.60     0  00:00        0.00
  18299                JUNCTION     0.00     0.00   477.17     0  00:00        0.00
  20385                JUNCTION     0.00     0.00   525.32     0  00:00        0.00
  24575                JUNCTION     0.00     0.00   638.55     0  00:00        0.00
  73582                JUNCTION     0.00     0.00   620.90     0  00:00        0.00
  49251                JUNCTION     0.00     0.00   506.31     0  00:00        0.00
  49253                JUNCTION     0.00     0.00   506.91     0  00:00        0.00
  73619                JUNCTION     0.00     0.00   642.00     0  00:00        0.00
  24576                JUNCTION     0.00     0.00   638.40     0  00:00        0.00
  18298                JUNCTION     0.00     0.00   475.54     0  00:00        0.00
  73641                JUNCTION     0.00     0.00   659.20     0  00:00        0.00
  73549                JUNCTION     0.00     0.00   654.30     0  00:00        0.00
  79434                JUNCTION     0.00     0.00   631.20     0  00:00        0.00
  49252                JUNCTION     0.00     0.00   507.40     0  00:00        0.00
  66195                JUNCTION     0.00     0.00   520.67     0  00:00        0.00
  49259                JUNCTION     0.00     0.00   513.62     0  00:00        0.00
  20380                JUNCTION     0.00     0.00   528.52     0  00:00        0.00
  18298T               JUNCTION     0.00     0.00   469.03     0  00:00        0.00
  73545                JUNCTION     0.00     0.00   650.15     0  00:00        0.00
  73583                JUNCTION     0.00     0.00   635.25     0  00:00        0.00
  73110                JUNCTION     0.00     0.00   476.70     0  00:00        0.00
  73585                JUNCTION     0.00     0.00   628.00     0  00:00        0.00
  49430                JUNCTION     0.00     0.00   510.38     0  00:00        0.00
  51835                JUNCTION     0.00     0.00   622.76     0  00:00        0.00
  73584                JUNCTION     0.00     0.00   630.40     0  00:00        0.00
  51834                JUNCTION     0.00     0.00   623.56     0  00:00        0.00
  18079                JUNCTION     0.00     0.00   508.01     0  00:00        0.00
  65757                JUNCTION     0.00     0.00   644.10     0  00:00        0.00
  49629                JUNCTION     0.00     0.00   622.85     0  00:00        0.00
  73586                JUNCTION     0.00     0.00   635.62     0  00:00        0.00
  73598                JUNCTION     0.00     0.00   647.00     0  00:00        0.00
  73588                JUNCTION     0.00     0.00   639.00     0  00:00        0.00
  51838                JUNCTION     0.00     0.00   613.42     0  00:00        0.00
  73612                JUNCTION     0.00     0.00   634.16     0  00:00        0.00
  73613                JUNCTION     0.00     0.00   632.87     0  00:00        0.00
  18064                JUNCTION     0.00     0.00   503.15     0  00:00        0.00
  18065                JUNCTION     0.00     0.00   504.07     0  00:00        0.00
  49672                JUNCTION     0.00     0.00   477.68     0  00:00        0.00
  73547                JUNCTION     0.00     0.00   654.01     0  00:00        0.00
  51880                JUNCTION     0.00     0.00   615.95     0  00:00        0.00
  73599                JUNCTION     0.00     0.00   647.61     0  00:00        0.00
  49625                JUNCTION     0.00     0.00   625.30     0  00:00        0.00
  18068                JUNCTION     0.00     0.00   503.12     0  00:00        0.00
  73615                JUNCTION     0.00     0.00   638.00     0  00:00        0.00
  51881                JUNCTION     0.00     0.00   622.16     0  00:00        0.00
  49633                JUNCTION     0.00     0.00   622.40     0  00:00        0.00
  18070                JUNCTION     0.00     0.00   493.49     0  00:00        0.00
  51879                JUNCTION     0.00     0.00   615.45     0  00:00        0.00
  49433                JUNCTION     0.00     0.00   512.31     0  00:00        0.00
  51882                JUNCTION     0.00     0.00   620.65     0  00:00        0.00
  73590                JUNCTION     0.00     0.00   640.04     0  00:00        0.00
  72561                JUNCTION     0.00     0.00   479.16     0  00:00        0.00
  69098                JUNCTION     0.00     0.00   506.69     0  00:00        0.00
  73600                JUNCTION     0.00     0.00   651.00     0  00:00        0.00
  73596                JUNCTION     0.00     0.00   647.20     0  00:00        0.00
  73591                JUNCTION     0.00     0.00   638.45     0  00:00        0.00
  73593                JUNCTION     0.00     0.00   644.70     0  00:00        0.00
  18061                JUNCTION     0.00     0.00   502.48     0  00:00        0.00
  73604                JUNCTION     0.00     0.00   654.00     0  00:00        0.00
  18080                JUNCTION     0.00     0.00   507.84     0  00:00        0.00
  73601                JUNCTION     0.00     0.00   651.45     0  00:00        0.00
  49658                JUNCTION     0.00     0.00   471.42     0  00:00        0.00
  49669                JUNCTION     0.00     0.00   492.13     0  00:00        0.00
  49422                JUNCTION     0.00     0.00   505.12     0  00:00        0.00
  49262                JUNCTION     0.00     0.00   513.91     0  00:00        0.00
  49431                JUNCTION     0.00     0.00   508.11     0  00:00        0.00
  69107                JUNCTION     0.00     0.00   513.00     0  00:00        0.00
  49492                JUNCTION     0.00     0.00   512.08     0  00:00        0.00
  18058                JUNCTION     0.00     0.00   498.91     0  00:00        0.00
  18054                JUNCTION     0.00     0.00   493.82     0  00:00        0.00
  18096                JUNCTION     0.00     0.00   514.15     0  00:00        0.00
  69106                JUNCTION     0.00     0.00   513.60     0  00:00        0.00
  18059                JUNCTION     0.00     0.00   497.62     0  00:00        0.00
  49494                JUNCTION     0.00     0.00   507.22     0  00:00        0.00
  49676                JUNCTION     0.00     0.00   485.78     0  00:00        0.00
  18097                JUNCTION     0.00     0.00   512.11     0  00:00        0.00
  49493                JUNCTION     0.00     0.00   507.99     0  00:00        0.00
  49419                JUNCTION     0.00     0.00   496.86     0  00:00        0.00
  49427                JUNCTION     0.00     0.00   504.99     0  00:00        0.00
  49678                JUNCTION     0.00     0.00   489.16     0  00:00        0.00
  18085                JUNCTION     0.00     0.00   507.06     0  00:00        0.00
  18086                JUNCTION     0.00     0.00   508.19     0  00:00        0.00
  49417                JUNCTION     0.00     0.00   497.80     0  00:00        0.00
  18099                JUNCTION     0.00     0.00   512.50     0  00:00        0.00
  45694                JUNCTION     0.00     0.00   487.56     0  00:00        0.00
  49680                JUNCTION     0.00     0.00   491.56     0  00:00        0.00
  18100                JUNCTION     0.00     0.00   514.62     0  00:00        0.00
  18088                JUNCTION     0.00     0.00   506.21     0  00:00        0.00
  18090                JUNCTION     0.00     0.00   509.11     0  00:00        0.00
  18089                JUNCTION     0.00     0.00   509.26     0  00:00        0.00
  18102                JUNCTION     0.00     0.00   511.86     0  00:00        0.00
  49436                JUNCTION     0.00     0.00   498.03     0  00:00        0.00
  18093                JUNCTION     0.00     0.00   511.55     0  00:00        0.00
  49437                JUNCTION     0.00     0.00   495.80     0  00:00        0.00
  69104                JUNCTION     0.00     0.00   510.40     0  00:00        0.00
  18092                JUNCTION     0.00     0.00   510.27     0  00:00        0.00
  49438                JUNCTION     0.00     0.00   500.99     0  00:00        0.00
  30684                JUNCTION     0.00     0.00   468.04     0  00:00        0.00
  46266                JUNCTION     0.00     0.00   665.46     0  00:00        0.00
  01654                JUNCTION     0.00     0.00   665.94     0  00:00        0.00
  46271                JUNCTION     0.00     0.00   665.33     0  00:00        0.00
  46232                JUNCTION     0.00     0.00   668.97     0  00:00        0.00
  01675                JUNCTION     0.00     0.00   678.24     0  00:00        0.00
  01674                JUNCTION     0.00     0.00   676.48     0  00:00        0.00
  46158                JUNCTION     0.00     0.00   677.41     0  00:00        0.00
  46231                JUNCTION     0.00     0.00   662.43     0  00:00        0.00
  46157                JUNCTION     0.00     0.00   667.02     0  00:00        0.00
  46161                JUNCTION     0.00     0.00   685.02     0  00:00        0.00
  46150                JUNCTION     0.00     0.00   684.30     0  00:00        0.00
  46166                JUNCTION     0.00     0.00   667.12     0  00:00        0.00
  46171                JUNCTION     0.00     0.00   685.28     0  00:00        0.00
  46226                JUNCTION     0.00     0.00   661.68     0  00:00        0.00
  46205                JUNCTION     0.00     0.00   665.03     0  00:00        0.00
  01666                JUNCTION     0.00     0.00   686.53     0  00:00        0.00
  01672                JUNCTION     0.00     0.00   679.91     0  00:00        0.00
  01673                JUNCTION     0.00     0.00   681.89     0  00:00        0.00
  29055                JUNCTION     0.00     0.00   675.24     0  00:00        0.00
  18081                JUNCTION     0.00     0.00   509.34     0  00:00        0.00
  49489                JUNCTION   599.29   601.55  1108.70     0  02:33      601.55
  49442                JUNCTION     0.00     0.00   504.60     0  00:00        0.00
  18045                JUNCTION     0.00     0.00   504.82     0  00:00        0.00
  46234                JUNCTION     0.00     0.00   660.01     0  00:00        0.00
  HGS-O1               JUNCTION     0.00     0.00   492.00     0  00:00        0.00
  HGS-O2               JUNCTION     0.00     0.00   490.00     0  00:00        0.00
  Node_48897           JUNCTION   470.02   470.80   939.48     0  03:30      470.79
  Node_10571073        JUNCTION   452.27   471.08   939.41     0  03:29      471.08
  HW_49347-346         JUNCTION   556.40   557.80  1115.47     0  01:59      557.80
  Node_9346            JUNCTION   553.91   555.27  1110.23     0  02:57      555.27
  Node_1023958         JUNCTION   515.47   549.13  1096.76     0  04:05      549.13
  HW_1725-328          JUNCTION   608.37   610.85  1221.53     0  02:17      610.85
  HW_18317-318         JUNCTION   472.81   473.40   945.55     0  01:40      473.40
  Node_18318           JUNCTION   471.05   471.63   942.88     0  03:23      471.63
  Node_10471067        JUNCTION   452.61   471.65   942.05     0  03:20      471.65
  HW_1392-552          JUNCTION   617.32   620.03  1239.39     0  02:10      620.03
  HW_8374-376          JUNCTION   485.45   486.09   971.51     0  01:42      486.09
  Node_177             JUNCTION   495.71   496.43   992.34     0  03:33      496.43
  Node_1000833         JUNCTION   467.49   492.00   983.17     0  03:35      492.00
  Node_9230            JUNCTION   485.39   486.02   971.67     0  02:29      486.02
  Node_1001884         JUNCTION   452.81   473.55   946.43     0  03:24      473.55
  Node_74              JUNCTION   497.31   498.06   995.54     0  02:53      498.06
  Node_10021000        JUNCTION   472.97   496.74   992.65     0  03:32      496.74
  HW_71782-230         JUNCTION   489.41   490.07   979.47     0  01:42      490.07
  HW_1389-387          JUNCTION   644.28   647.77  1295.40     0  02:17      647.77
  HW_21390-392         JUNCTION   643.74   647.25  1293.83     0  04:59      647.25
  HW_9282-280          JUNCTION   511.22   512.04  1023.55     0  02:44      512.04
  Node_184             JUNCTION   501.38   502.13  1002.94     0  03:42      502.13
  Node_10131002        JUNCTION   477.61   501.21  1001.75     0  03:30      501.21
  HW_9561-560          JUNCTION   583.53   585.44  1170.64     0  02:18      585.44
  HW_20320-318         JUNCTION   521.65   522.57  1044.47     0  01:50      522.57
  HW_20318-426         JUNCTION   517.76   518.64  1036.61     0  01:49      518.64
  HW_20426-427         JUNCTION   514.74   515.59  1030.35     0  01:49      515.59
  HW_8163-238          JUNCTION   491.38   492.05   983.43     0  01:45      492.05
  HW_9404-387          JUNCTION   649.15   652.79  1305.41     0  02:23      652.79
  HW_20750-768         JUNCTION   563.56   565.08  1129.78     0  02:18      565.08
  HW_20768-769         JUNCTION   559.74   561.19  1122.18     0  02:05      561.19
  HW_20749-750         JUNCTION   570.92   572.57  1144.97     0  02:01      572.57
  HW_21331-330         JUNCTION   599.70   601.97  1203.72     0  02:09      601.97
  HW_26224-222         JUNCTION   511.32   512.14  1023.61     0  01:49      512.14
  HW_26222-221         JUNCTION   504.49   505.25  1009.67     0  01:45      505.25
  Node_10811002        JUNCTION     0.00     0.00   497.48     0  00:00        0.00
  HW_20332-333         JUNCTION   532.45   533.50  1066.66     0  01:52      533.50
  HW_4585-357          JUNCTION   609.00   611.49  1222.81     0  02:12      611.49
  HW_24586-585         JUNCTION   609.44   611.95  1223.79     0  02:08      611.95
  HW_20754-683         JUNCTION   595.68   597.85  1195.03     0  02:07      597.85
  HW_20683-750         JUNCTION   588.64   590.66  1181.06     0  02:32      590.66
  HW_0358-194          JUNCTION   510.58   511.40  1022.13     0  01:57      511.40
  HW_24590-586         JUNCTION   612.67   615.26  1230.36     0  02:13      615.26
  HW_49232-492         JUNCTION   484.15   484.78   968.89     0  01:42      484.78
  HW_8492-490          JUNCTION   483.98   484.61   968.55     0  01:42      484.61
  HW_5405-407          JUNCTION   530.03   531.17  1061.67     0  08:45      531.17
  HW_21398-399         JUNCTION   636.86   640.12  1279.85     0  02:23      640.12
  HW_21399-407         JUNCTION   635.55   638.77  1277.36     0  02:22      638.77
  HW_49407-374         JUNCTION   629.86   632.91  1265.48     0  02:28      632.91
  HW_9374-726          JUNCTION   621.50   624.33  1248.44     0  02:22      624.33
  HW_24570-395         JUNCTION   648.31   651.93  1303.69     0  02:19      651.93
  HW_49395-399         JUNCTION   644.82   648.33  1296.29     0  03:00      648.33
  HW_18311-318         JUNCTION   483.32   483.95   967.23     0  01:43      483.95
  Node_10401000        JUNCTION     0.00     0.00   495.91     0  00:00        0.00
  HW_18372-374         JUNCTION   487.40   488.05   975.43     0  01:43      488.05
  HW_20322-323         JUNCTION   524.52   525.48  1050.70     0  01:58      525.48
  HW_20323-325         JUNCTION   522.72   523.66  1047.00     0  02:16      523.66
  HW_20325-318         JUNCTION   519.96   520.87  1041.07     0  01:49      520.87
  HW_18316-317         JUNCTION   474.62   475.21   949.75     0  01:39      475.21
  HW_20684-683         JUNCTION   591.97   594.06  1187.45     0  02:04      594.06
  HW_73570-585         JUNCTION   613.94   616.56  1232.91     0  02:32      616.56
  Node_20331           JUNCTION   532.72   533.78  1067.16     0  02:00      533.78
  Node_10521053        JUNCTION   503.23   532.10  1063.53     0  03:43      532.10
  HW_21043-330         JUNCTION   531.07   532.10  1063.53     0  01:52      532.10
  HW_20330-323         JUNCTION   524.33   525.29  1050.30     0  02:03      525.29
  HW_9595-731          JUNCTION   566.89   568.47  1136.70     0  02:25      568.47
  HW_20675-674         JUNCTION   601.55   603.86  1207.55     0  02:10      603.86
  HW_20674-671         JUNCTION   600.34   602.62  1205.02     0  02:15      602.62
  HW_24589-586         JUNCTION   616.02   618.70  1237.20     0  02:25      618.70
  HW_49233-234         JUNCTION   487.11   487.75   974.83     0  01:42      487.75
  HW_49234-492         JUNCTION   484.37   485.00   969.33     0  01:41      485.00
  HW_49373-331         JUNCTION   619.52   622.29  1244.39     0  02:17      622.29
  Node_73113           JUNCTION   470.29   471.06   939.37     0  03:17      471.04
  Node_10731078        JUNCTION   452.64   471.05   939.35     0  03:17      471.05
  HW_49372-373         JUNCTION   620.08   622.87  1245.62     0  02:11      622.87
  HW_18305-302         JUNCTION   475.32   475.91   951.15     0  01:41      475.91
  Node_95              JUNCTION   468.07   468.65   938.04     0  03:08      468.65
  Node_11201134        JUNCTION     0.00     0.00   467.80     0  00:00        0.00
  HW_48895T-894        JUNCTION   468.93   469.51   936.27     0  01:43      469.51
  HW_48894-299         JUNCTION   468.58   469.19   935.63     0  02:22      469.19
  HW_18299-658         JUNCTION   464.31   464.92   927.09     0  02:39      464.92
  HW_49658-684         JUNCTION   462.51   463.17   923.59     0  03:29      463.17
  HW_18306-307         JUNCTION   476.40   477.00   953.33     0  01:40      477.00
  HW_18307-302         JUNCTION   475.32   475.91   951.15     0  01:40      475.91
  HW_49569-567         JUNCTION   601.89   604.21  1208.29     0  02:07      604.21
  HW_49567-671         JUNCTION   600.48   602.77  1205.30     0  02:19      602.77
  Node_10781134        JUNCTION   449.21   469.51   936.27     0  04:01      469.51
  Node_185             JUNCTION   504.44   505.20  1010.47     0  02:57      505.20
  Node_10791013        JUNCTION     0.00     0.00   500.81     0  00:00        0.00
  HW_8168-238          JUNCTION   497.62   498.33   995.99     0  01:47      498.33
  HW_73571-594         JUNCTION   615.78   618.45  1236.73     0  02:17      618.45
  HW_73594-543         JUNCTION   595.90   598.08  1195.99     0  02:09      598.08
  HW_73543-367         JUNCTION   581.96   583.83  1166.83     0  02:02      583.83
  HW_49367-365         JUNCTION   579.40   581.22  1162.22     0  02:15      581.22
  HW_49365-346         JUNCTION   566.28   567.85  1135.48     0  02:31      567.85
  HW_24569-395         JUNCTION   645.29   648.81  1297.45     0  02:18      648.81
  Node_97              JUNCTION   470.47   471.06   944.26     0  01:38      471.06
  Node_10861057        JUNCTION     0.00     0.00   469.72     0  00:00        0.00
  HW_21703-407         JUNCTION   635.35   638.57  1276.96     0  02:21      638.57
  Node_10921013        JUNCTION   478.14   503.56  1004.37     0  04:14      503.56
  Node_25404           JUNCTION   532.62   533.70  1066.82     0  02:45      533.70
  Node_10941053        JUNCTION   502.84   532.10  1063.53     0  03:44      532.10
  HW_49568-567         JUNCTION   601.23   603.54  1206.92     0  02:09      603.54
  HW_20364-361         JUNCTION   511.57   512.39  1024.11     0  01:49      512.39
  HW_20361-222         JUNCTION   505.46   506.23  1011.63     0  01:47      506.23
  Node_134             JUNCTION   480.60   481.21   962.42     0  01:56      481.21
  Node_10971086        JUNCTION     0.00     0.00   474.48     0  00:00        0.00
  HW_73577-594         JUNCTION   614.53   617.17  1234.16     0  02:19      617.17
  HW_21337-373         JUNCTION   625.81   628.75  1257.30     0  02:30      628.75
  HW_21336-331         JUNCTION   622.07   624.91  1249.57     0  02:38      624.91
  HW_21711-710         JUNCTION   643.75   647.22  1294.29     0  02:19      647.22
  HW_21710-708         JUNCTION   639.97   643.32  1286.40     0  02:27      643.32
  HW_21708-707         JUNCTION   633.72   636.89  1273.48     0  02:30      636.89
  HW_21707-374         JUNCTION   628.89   631.92  1263.40     0  02:50      631.92
  HW_21706-708         JUNCTION   637.13   640.40  1280.60     0  02:17      640.40
  HW_20326-325         JUNCTION   520.74   521.66  1043.07     0  01:55      521.66
  HW_18314-307         JUNCTION   485.09   485.73   970.79     0  01:45      485.73
  Node_133             JUNCTION   482.70   483.33   966.16     0  02:08      483.33
  Node_11051112        JUNCTION   460.87   481.56   962.45     0  03:23      481.56
  Node_11121086        JUNCTION   454.08   473.87   947.07     0  03:21      473.87
  HW_31154-768         JUNCTION   593.64   595.76  1191.25     0  02:42      595.76
  HW_71733-256         JUNCTION   487.97   488.62   976.57     0  01:42      488.62
  HW_49256-732         JUNCTION   485.57   486.21   971.75     0  01:42      486.21
  Node_11481112        JUNCTION     0.00     0.00   480.89     0  00:00        0.00
  HW_24659-368         JUNCTION   616.34   619.02  1237.82     0  02:28      619.02
  HW_49368-543         JUNCTION   586.11   588.07  1175.97     0  02:08      588.07
  Node_168             JUNCTION   500.46   501.25  1001.87     0  03:33      501.25
  Node_11101082        JUNCTION   473.88   498.33   995.99     0  03:33      498.33
  HW_49570-661         JUNCTION   604.10   606.47  1212.74     0  02:18      606.47
  HW_20661-615         JUNCTION   601.45   603.75  1207.33     0  02:11      603.75
  HW_49615-657         JUNCTION   598.54   600.78  1201.37     0  02:09      600.78
  Node_20657           JUNCTION   594.85   597.01  1193.69     0  02:21      597.01
  Node_11711140        JUNCTION   549.94   590.69  1180.71     0  04:10      590.69
  HW_71031-605         JUNCTION   588.20   590.21  1180.23     0  02:10      590.21
  HW_49605-601         JUNCTION   580.11   581.95  1163.68     0  02:18      581.95
  HW_49601-769         JUNCTION   564.30   565.83  1131.44     0  02:21      565.83
  Node_49607           JUNCTION   599.50   601.77  1203.29     0  02:13      601.77
  Node_11131140        JUNCTION   549.73   590.69  1180.71     0  04:10      590.69
  HW_26262-615         JUNCTION   600.16   602.44  1204.69     0  02:13      602.44
  HW_21731-666         JUNCTION   617.94   620.66  1241.16     0  02:16      620.66
  HW_24666-668         JUNCTION   606.53   608.96  1217.25     0  02:08      608.96
  HW_24668-669         JUNCTION   600.14   602.42  1204.67     0  02:10      602.42
  Node_24669           JUNCTION   597.61   599.83  1199.33     0  02:20      599.83
  Node_11761160        JUNCTION   551.57   592.78  1184.89     0  04:10      592.78
  HW_32030-370         JUNCTION   590.72   592.78  1184.89     0  02:04      592.78
  HW_49370-368         JUNCTION   587.55   589.55  1178.88     0  02:07      589.55
  HW_49375-712         JUNCTION   644.03   647.51  1294.84     0  02:21      647.51
  HW_21712-710         JUNCTION   640.84   644.23  1288.30     0  02:18      644.23
  HW_24658-664         JUNCTION   616.64   619.33  1238.33     0  02:32      619.33
  Node_24664           JUNCTION   608.52   611.00  1221.77     0  02:14      611.00
  Node_11351160        JUNCTION   550.75   592.78  1184.89     0  04:12      592.78
  HW_20328-330         JUNCTION   528.68   529.68  1058.69     0  01:52      529.68
  HW_32452-769         JUNCTION   567.02   568.61  1136.99     0  02:17      568.61
  HW_20327-424         JUNCTION   526.55   527.53  1054.39     0  01:51      527.53
  HW_20424-426         JUNCTION   520.91   521.83  1042.83     0  01:52      521.83
  HW_49596-452         JUNCTION   568.03   569.63  1138.59     0  01:59      569.63
  HW_24663-664         JUNCTION   614.62   617.25  1234.25     0  02:11      617.25
  HW_24582-668         JUNCTION   614.45   617.09  1233.76     0  02:38      617.09
  HW_21734-902         JUNCTION   622.11   624.95  1249.70     0  02:23      624.95
  HW_84902-666         JUNCTION   607.92   610.39  1220.64     0  02:09      610.39
  HW_20365-367         JUNCTION   516.10   516.97  1033.27     0  01:50      516.97
  HW_20367-361         JUNCTION   506.93   507.71  1014.75     0  01:47      507.71
  HW_20667-662         JUNCTION   604.96   607.35  1214.03     0  02:08      607.35
  HW_20662-661         JUNCTION   601.57   603.89  1207.67     0  02:06      603.88
  HW_65753-731         JUNCTION   489.75   490.41   980.15     0  01:45      490.41
  HW_71731-256         JUNCTION   488.63   489.28   977.89     0  01:42      489.28
  HW_20677-674         JUNCTION   608.64   611.13  1222.05     0  02:22      611.13
  HW_18309-307         JUNCTION   480.05   480.66   960.65     0  01:43      480.66
  HW_20375-374         JUNCTION   522.22   523.15  1045.63     0  01:50      523.15
  HW_20374-372         JUNCTION   512.90   513.74  1027.04     0  02:09      513.74
  HW_20372-395         JUNCTION   511.59   512.41  1024.15     0  01:48      512.41
  HW_20395-397         JUNCTION   509.59   510.40  1019.97     0  01:48      510.40
  HW_20397-367         JUNCTION   508.34   509.13  1017.43     0  01:48      509.13
  HW_20376-377         JUNCTION   521.86   522.79  1044.91     0  01:49      522.79
  HW_20377-374         JUNCTION   519.40   520.30  1039.93     0  01:50      520.30
  HW_49409-707         JUNCTION   634.18   637.36  1274.45     0  02:26      637.36
  HW_49378-712         JUNCTION   647.63   651.23  1302.29     0  02:22      651.23
  HW_21713-409         JUNCTION   644.24   647.73  1295.25     0  02:32      647.73
  HW_20359-361         JUNCTION   509.76   510.57  1020.47     0  01:48      510.57
  HW_49414-378         JUNCTION   647.87   651.47  1302.84     0  02:16      651.47
  HW_21735-902         JUNCTION   608.10   610.58  1221.05     0  02:07      610.57
  HW_65751-221         JUNCTION   509.11   509.91  1019.15     0  02:00      509.91
  HW_24581-735         JUNCTION   608.38   610.85  1221.59     0  02:08      610.85
  HW_24571-572         JUNCTION   630.27   633.34  1266.54     0  02:14      633.34
  HW_24572-735         JUNCTION   622.33   625.17  1250.17     0  02:20      625.17
  HW_32454-452         JUNCTION   578.20   580.00  1159.33     0  02:03      580.00
  HW_20665-662         JUNCTION   610.33   612.86  1225.05     0  02:09      612.86
  Node_11751194        JUNCTION     0.00     0.00   469.00     0  00:00        0.00
  HW_18297T-298        JUNCTION   469.10   469.67   938.67     0  01:39      469.67
  HW_18298-299         JUNCTION   464.23   464.79   928.33     0  01:38      464.79
  HW_18300-302         JUNCTION   473.98   474.57   948.31     0  01:43      474.57
  HW_73606-370         JUNCTION   600.49   602.78  1204.89     0  02:06      602.78
  HW_73605-606         JUNCTION   606.69   609.12  1218.12     0  02:07      609.12
  HW_73607-606         JUNCTION   608.45   610.93  1221.70     0  02:11      610.93
  HW_21715-408         JUNCTION   645.49   649.01  1297.81     0  02:34      649.01
  HW_49408-409         JUNCTION   635.58   638.80  1277.43     0  02:18      638.80
  HW_67751-657         JUNCTION   598.43   600.67  1201.14     0  02:09      600.67
  HW_20423B-424        JUNCTION   524.03   524.98  1049.13     0  01:51      524.98
  HW_48893-892         JUNCTION   485.86   486.50   972.33     0  01:42      486.50
  HW_48892-561         JUNCTION   483.42   484.05   967.43     0  01:55      484.05
  HW_72561-672         JUNCTION   470.83   471.41   941.57     0  01:41      471.41
  Node_98              JUNCTION   468.41   468.98   937.66     0  02:04      468.98
  Node_12491229        JUNCTION   446.75   465.28   929.31     0  03:20      465.28
  HW_18298T-298        JUNCTION   464.72   465.28   929.31     0  01:38      465.28
  HW_49602-601         JUNCTION   567.70   569.30  1138.41     0  02:05      569.30
  HW_73616-580         JUNCTION   607.19   609.64  1218.61     0  02:07      609.64
  HW_73580-669         JUNCTION   604.28   606.66  1213.16     0  02:09      606.66
  HW_79432-433         JUNCTION   618.78   621.53  1242.90     0  02:13      621.53
  HW_79433-367         JUNCTION   618.10   620.83  1241.43     0  02:21      620.83
  Node_11951194        JUNCTION   452.14   470.67   940.67     0  03:17      470.67
  Node_163             JUNCTION   503.86   504.61  1008.78     0  03:35      504.61
  Node_11961018        JUNCTION   466.77   492.05   983.43     0  03:37      492.05
  HW_20368-397         JUNCTION   509.95   510.76  1020.85     0  01:47      510.76
  HW_49622-620         JUNCTION   604.16   606.54  1212.92     0  02:09      606.54
  HW_49620-619         JUNCTION   592.57   594.67  1188.67     0  02:04      594.67
  HW_49619-365         JUNCTION   585.27   587.21  1174.17     0  02:25      587.21
  Node_12021082        JUNCTION     0.00     0.00   497.66     0  00:00        0.00
  HW_71736-734         JUNCTION   505.01   505.77  1011.29     0  01:48      505.77
  Node_12081018        JUNCTION     0.00     0.00   491.38     0  00:00        0.00
  HW_26261-605         JUNCTION   595.48   597.65  1195.08     0  02:18      597.65
  HW_73609-606         JUNCTION   618.91   621.67  1243.17     0  02:15      621.67
  HW_26259-261         JUNCTION   604.88   607.27  1214.28     0  02:22      607.27
  HW_66254-657         JUNCTION   612.78   615.37  1230.45     0  02:53      615.37
  HW_71735-734         JUNCTION   504.63   505.39  1010.57     0  01:45      505.39
  HW_73610-609         JUNCTION   619.54   622.31  1244.47     0  02:12      622.31
  HW_49630-620         JUNCTION   607.31   609.76  1219.36     0  02:10      609.76
  HW_20385-395         JUNCTION   519.25   520.15  1039.47     0  01:56      520.15
  HW_24575-572         JUNCTION   627.73   630.72  1261.27     0  02:18      630.72
  HW_73582-580         JUNCTION   611.02   613.57  1226.47     0  02:09      613.57
  HW_49251-253         JUNCTION   501.24   501.98  1003.29     0  01:46      501.98
  HW_49253-234         JUNCTION   498.86   499.58   998.49     0  01:49      499.58
  HW_73619-575         JUNCTION   631.05   634.14  1268.14     0  02:14      634.14
  HW_24576-575         JUNCTION   628.54   631.56  1262.96     0  02:15      631.56
  HW_73641-378         JUNCTION   653.59   657.38  1314.58     0  02:30      657.38
  HW_73549-545         JUNCTION   644.96   648.47  1296.77     0  02:24      648.47
  HW_73545-408         JUNCTION   641.93   645.35  1290.50     0  02:26      645.35
  HW_79434-433         JUNCTION   624.49   627.39  1254.59     0  02:22      627.39
  HW_49252-253         JUNCTION   501.33   502.07  1003.47     0  01:47      502.07
  HW_66195-372         JUNCTION   515.22   516.08  1031.75     0  02:17      516.08
  HW_49259-433         JUNCTION   508.49   509.29  1017.91     0  01:49      509.29
  HW_49433-431         JUNCTION   502.24   502.98  1005.29     0  01:46      502.98
  HW_49431-427         JUNCTION   500.21   500.94  1001.05     0  01:48      500.94
  HW_49427-438         JUNCTION   495.29   495.99   990.98     0  01:54      495.99
  HW_49438-437         JUNCTION   489.83   490.49   979.48     0  01:46      490.49
  HW_49437-436         JUNCTION   488.65   489.30   977.10     0  01:44      489.30
  HW_49436-680         JUNCTION   487.63   488.28   975.31     0  01:46      488.28
  HW_49680-678         JUNCTION   483.18   483.81   966.37     0  01:43      483.81
  HW_49678-676         JUNCTION   481.79   482.41   963.57     0  01:45      482.41
  HW_49676-561         JUNCTION   477.43   478.03   954.81     0  01:49      478.03
  HW_20380-377         JUNCTION   522.26   523.19  1045.71     0  01:51      523.19
  HW_73583-582         JUNCTION   623.62   626.50  1252.75     0  02:21      626.50
  Node_12321229        JUNCTION     0.00     0.00   464.03     0  00:00        0.00
  HW_73585-582         JUNCTION   619.49   622.26  1244.26     0  02:18      622.26
  Node_12341264        JUNCTION     0.00     0.00   498.85     0  00:00        0.00
  HW_69098-422         JUNCTION   498.80   499.52   998.21     0  01:45      499.52
  HW_49422-419         JUNCTION   497.24   497.95   995.07     0  01:48      497.95
  HW_49419-417         JUNCTION   490.86   491.53   982.39     0  01:43      491.53
  HW_49417-436         JUNCTION   489.97   490.63   980.43     0  01:46      490.63
  HW_51835-838         JUNCTION   615.35   618.00  1235.76     0  02:38      618.00
  HW_51838-261         JUNCTION   603.33   605.69  1211.11     0  02:35      605.69
  HW_73584-585         JUNCTION   619.74   622.51  1244.91     0  02:10      622.51
  HW_51834-882         JUNCTION   616.11   618.79  1237.35     0  02:29      618.79
  HW_51882-879         JUNCTION   612.24   614.81  1229.46     0  02:14      614.81
  HW_51879-838         JUNCTION   607.21   609.66  1219.11     0  02:18      609.66
  HW_18079-230         JUNCTION   500.94   501.68  1002.69     0  02:09      501.68
  HW_65757-669         JUNCTION   632.18   635.31  1270.41     0  02:43      635.31
  HW_49629-622         JUNCTION   615.41   618.07  1235.92     0  02:24      618.07
  HW_73586-585         JUNCTION   625.82   628.76  1257.38     0  02:14      628.76
  HW_73598-599         JUNCTION   636.13   639.37  1278.37     0  02:34      639.37
  HW_73599-757         JUNCTION   633.70   636.87  1273.48     0  02:22      636.87
  HW_73588-586         JUNCTION   630.08   633.14  1266.14     0  02:14      633.14
  HW_73612-609         JUNCTION   621.52   624.34  1248.50     0  02:20      624.34
  HW_73613-612         JUNCTION   622.15   624.99  1249.86     0  02:11      624.99
  HW_18064-419         JUNCTION   498.11   498.82   996.97     0  01:52      498.82
  HW_18065-422         JUNCTION   500.01   500.74  1000.81     0  01:45      500.74
  HW_73547-545         JUNCTION   644.66   648.16  1296.17     0  02:20      648.16
  HW_51880-879         JUNCTION   607.63   610.09  1220.04     0  02:09      610.09
  HW_49625-622         JUNCTION   616.82   619.52  1238.82     0  02:33      619.52
  HW_18068-234         JUNCTION   496.09   496.79   992.91     0  01:50      496.79
  HW_73615-612         JUNCTION   625.24   628.17  1256.17     0  02:18      628.17
  HW_51881-882         JUNCTION   612.73   615.32  1230.48     0  02:11      615.32
  HW_49633-619         JUNCTION   614.43   617.07  1233.47     0  02:12      617.07
  HW_18070-892         JUNCTION   488.51   489.16   977.65     0  01:44      489.16
  HW_73590-586         JUNCTION   627.22   630.21  1260.25     0  02:18      630.21
  HW_73600-599         JUNCTION   639.00   642.33  1284.33     0  02:29      642.33
  HW_73596-757         JUNCTION   637.20   640.47  1280.67     0  02:30      640.47
  HW_73591-590         JUNCTION   627.60   630.59  1261.04     0  02:13      630.59
  HW_73593-590         JUNCTION   633.71   636.88  1273.58     0  02:20      636.88
  HW_18061-731         JUNCTION   496.44   497.15   993.63     0  02:13      497.15
  HW_73604-600         JUNCTION   641.76   645.17  1290.17     0  02:23      645.17
  HW_18080-431         JUNCTION   501.77   502.51  1004.35     0  01:45      502.51
  HW_73601-600         JUNCTION   639.24   642.57  1285.02     0  02:15      642.57
  HW_49669-676         JUNCTION   486.16   486.80   972.93     0  01:44      486.80
  HW_49262-433         JUNCTION   508.78   509.58  1018.49     0  01:47      509.58
  Node_12781287        JUNCTION     0.00     0.00   506.11     0  00:00        0.00
  Node_99              JUNCTION   505.91   506.74  1012.85     0  03:11      506.74
  Node_12871295        JUNCTION   480.52   505.17  1009.67     0  03:33      505.17
  Node_93              JUNCTION   504.06   504.83  1009.33     0  02:14      504.83
  Node_12951304        JUNCTION   428.64   504.39  1008.11     0  08:09      504.39
  Node_102             JUNCTION   503.70   504.46  1008.01     0  04:18      504.46
  Node_13041302        JUNCTION   477.31   503.53  1006.39     0  03:43      503.53
  Node_90              JUNCTION   502.65   503.42  1006.28     0  02:22      503.42
  Node_13021300        JUNCTION   476.46   502.94  1005.05     0  03:45      502.94
  Node_86              JUNCTION   501.78   502.53  1004.64     0  02:16      502.53
  Node_13001293        JUNCTION   465.11   502.02  1003.21     0  04:42      502.02
  Node_85              JUNCTION   501.11   501.92  1003.11     0  03:30      501.86
  Node_12931292        JUNCTION   478.47   501.89  1002.95     0  03:30      501.89
  Node_12921264        JUNCTION     0.00     0.00   498.69     0  00:00        0.00
  HW_49492-494         JUNCTION   505.98   506.75  1012.83     0  01:46      506.75
  Node_12851292        JUNCTION     0.00     0.00   501.06     0  00:00        0.00
  HW_18058-732         JUNCTION   491.87   492.54   984.45     0  13:39      492.54
  HW_18054-678         JUNCTION   487.84   488.49   976.31     0  01:43      488.49
  Node_12821304        JUNCTION     0.00     0.00   503.72     0  00:00        0.00
  Node_12831287        JUNCTION     0.00     0.00   506.11     0  00:00        0.00
  HW_18059-417         JUNCTION   491.62   492.29   983.91     0  01:44      492.29
  HW_49493-494         JUNCTION   503.90   504.66  1008.65     0  01:46      504.66
  HW_45694-680         JUNCTION   482.61   483.23   965.79     0  01:41      483.23
  Node_12981295        JUNCTION     0.00     0.00   504.80     0  00:00        0.00
  Node_12991293        JUNCTION   447.59   502.03  1003.39     0  06:18      502.03
  Node_13011300        JUNCTION   242.51   473.67   975.95     1  00:00      473.67
  Node_13061304        JUNCTION   472.44   504.39  1008.11     0  04:13      504.39
  Node_13071302        JUNCTION   338.40   503.70  1006.73     0  15:37      503.70
  HW_46266-654         JUNCTION   656.81   660.70  1321.16     0  02:31      660.70
  HW_1654-269          JUNCTION   653.36   657.14  1314.08     0  02:27      657.14
  HW_46271-654         JUNCTION   653.70   657.49  1314.82     0  02:18      657.49
  HW_46232-231         JUNCTION   653.37   657.15  1314.12     0  02:27      657.15
  HW_6231-229          JUNCTION   651.87   655.60  1311.03     0  02:27      655.60
  Node_158             JUNCTION   666.47   670.69  1340.93     0  04:44      670.69
  Node_13141316        JUNCTION   612.26   670.14  1339.61     0  04:41      670.14
  Node_166             JUNCTION   665.59   669.78  1339.19     0  03:53      669.78
  Node_13161321        JUNCTION   602.02   660.95  1321.07     0  04:47      660.95
  HW_46166-205         JUNCTION   656.38   660.26  1320.38     0  02:21      660.26
  HW_6205-659          JUNCTION   656.37   660.24  1320.27     0  02:55      660.24
  HW_01674-675         JUNCTION   666.36   670.58  1341.06     0  02:20      670.58
  HW_46157-231         JUNCTION   658.32   662.26  1324.28     0  02:49      662.26
  Node_13191316        JUNCTION     0.00     0.00   669.58     0  00:00        0.00
  HW_46150-675         JUNCTION   675.97   680.53  1360.83     0  02:46      680.53
  Node_13221321        JUNCTION     0.00     0.00   660.12     0  00:00        0.00
  HW_6226-222          JUNCTION   650.22   653.90  1307.58     0  02:34      653.90
  HW_01666-205         JUNCTION   677.14   681.75  1363.28     0  02:55      681.75
  Node_1672            JUNCTION   670.89   675.27  1350.18     0  03:39      675.27
  Node_1326592         JUNCTION   597.22   655.45  1310.23     0  04:44      655.45
  Node_56              JUNCTION   661.52   665.58  1339.47     0  02:37      665.58
  Node_1327651         JUNCTION     0.00     0.00   659.83     0  00:00        0.00
  Node_1328651         JUNCTION   607.33   664.05  1327.43     0  04:39      664.05
  HW_18081-427         JUNCTION   504.41   505.17  1009.51     0  01:52      505.17
  HW_49489-438         JUNCTION   496.28   496.98   993.13     0  01:52      496.98
  HW_49442-489         JUNCTION   498.55   499.27   997.87     0  01:45      499.27
  HW_18045-489         JUNCTION   497.78   498.49   996.31     0  01:45      498.49
  HW_6234-229          JUNCTION   650.46   654.15  1308.16     0  02:18      654.15
  HW_GS-P4             JUNCTION     0.00     0.00     0.00     0  00:00        0.00
  Node_2482742         JUNCTION     0.00     0.00     0.00     0  00:00        0.00
  hgs2                 JUNCTION     0.00     0.00     0.00     0  00:00        0.00
  hgs3                 JUNCTION     0.00     0.00     0.00     0  00:00        0.00
  HW_HGS-SSO           JUNCTION   484.56   485.20   970.20     0  01:41      485.19
  Node_24832484        JUNCTION   465.20   486.00   970.00     0  03:23      486.00
  Node_10672489        JUNCTION     0.00     0.00     0.00     0  00:00        0.00
  tl2                  JUNCTION     0.00     0.00     0.00     0  00:00        0.00
  Node_24891069        JUNCTION     0.00     0.00     0.00     0  00:00        0.00
  Node_73              JUNCTION   467.84   468.51   946.18     0  01:38      468.41
  Node_10691071        JUNCTION     0.00     0.00   468.33     0  00:00        0.00
  Node_10711073        JUNCTION   431.46   469.00   937.33     0  05:07      469.00
  HW_18318W-731        JUNCTION   471.39   471.97   943.27     0  01:38      471.97
  Node_10681074        JUNCTION     0.00     0.00   470.32     0  00:00        0.00
  Node_10741078        JUNCTION   435.61   468.98   937.29     0  04:43      468.98
  18823BD              OUTFALL      0.00     0.00   503.53     0  00:00        0.00
  HGS-WW               STORAGE      0.00     0.00   492.00     0  00:00        0.00
  UA0013P              STORAGE      0.00     0.00   483.50     0  00:00        0.00
  
  
  *******************
  Node Inflow Summary
  *******************
  
  -------------------------------------------------------------------------------------------------
                                  Maximum  Maximum                  Lateral       Total        Flow
                                  Lateral    Total  Time of Max      Inflow      Inflow     Balance
                                   Inflow   Inflow   Occurrence      Volume      Volume       Error
  Node                 Type           CFS      CFS  days hr:min    10^6 gal    10^6 gal     Percent
  -------------------------------------------------------------------------------------------------
  18889                JUNCTION      1.00     1.45     0  03:56       0.646       0.904       5.792
  18907                JUNCTION      1.00     1.00     0  00:00       0.646       0.646       8.038
  18908                JUNCTION      0.00     1.22     0  03:16           0       0.545       9.705
  47949                JUNCTION      1.00     1.25     0  03:54       0.646       0.789       6.528
  18888                JUNCTION      0.00     4.21     0  02:31           0        1.79       2.972
  18909                JUNCTION      1.00     1.00     0  00:00       0.646       0.646       8.010
  18904                JUNCTION      1.00     1.00     0  00:00       0.646       0.646       8.073
  18890                JUNCTION      1.00     1.00     0  00:00       0.646       0.646       8.043
  18886                JUNCTION      0.00     3.27     0  03:18           0        1.76       2.889
  18891                JUNCTION      1.00     1.00     0  00:00       0.646       0.646       8.105
  18910                JUNCTION      1.00     1.00     0  00:00       0.646       0.646       8.154
  18900                JUNCTION      1.00     1.00     0  00:00       0.646       0.646       8.119
  18892                JUNCTION      0.00     2.42     0  03:43           0        1.31       4.232
  18884                JUNCTION      0.00     3.42     0  03:18           0        1.87       3.034
  18878                JUNCTION      1.00     1.00     0  00:00       0.646       0.646       8.096
  18883                JUNCTION      1.00     1.00     0  00:00       0.646       0.646       7.869
  18882                JUNCTION      0.00     2.13     0  03:04           0        1.26       3.995
  18896                JUNCTION      0.00     4.00     0  14:36           0        2.28       2.271
  48705                JUNCTION      1.00     1.00     0  00:00       0.646       0.646      11.070
  49058CO              JUNCTION      1.00     1.00     0  00:00       0.646       0.646       8.746
  18881                JUNCTION      0.00     2.51     0  02:48           0        1.02       5.265
  71594BS              JUNCTION      0.00     1.00     1  00:00           0       0.584       8.864
  71594                JUNCTION      0.00     1.11     0  02:01           0       0.592      10.589
  71594AS              JUNCTION      1.00     1.00     0  00:00       0.646       0.646       9.184
  02249                JUNCTION      1.00     1.00     0  00:00       0.646       0.646      10.798
  49071                JUNCTION      1.00     1.90     0  05:34       0.646        1.16       4.487
  47957                JUNCTION      1.00     1.00     0  00:00       0.646       0.646       8.387
  18552                JUNCTION      1.00     1.00     0  00:00       0.646       0.646       8.458
  49066                JUNCTION      0.00     2.00     0  02:27           0        1.17       4.703
  47963                JUNCTION      0.00     7.03     0  03:45           0        3.68       2.021
  72043                JUNCTION      0.00     3.54     0  02:40           0        1.63       3.333
  18899                JUNCTION      0.00     6.07     0  03:40           0        3.08       1.894
  47956                JUNCTION      1.00     1.00     0  00:00       0.646       0.646       8.175
  49068                JUNCTION      0.00     2.00     0  07:51           0        1.12       4.369
  02246                JUNCTION      0.00     1.43     0  05:09           0       0.808       8.332
  18912                JUNCTION      1.00     1.00     0  00:00       0.646       0.646       8.234
  02238                JUNCTION      1.00     1.00     0  00:00       0.646       0.646      10.712
  32596                JUNCTION      0.00     0.00     0  00:00           0           0       0.000 gal
  02247                JUNCTION      1.00     1.96     0  04:40       0.646        1.12       5.778
  49074                JUNCTION      0.00     1.94     0  03:43           0        1.06       5.261
  18550                JUNCTION      0.00     1.92     0  02:46           0        1.07       4.863
  18551                JUNCTION      1.00     1.00     0  00:00       0.646       0.646       7.856
  18870                JUNCTION      0.00     2.41     0  04:36           0         1.3       3.775
  22034                JUNCTION      0.00     1.95     0  03:00           0        1.13       5.057
  26798                JUNCTION      1.00     1.05     0  06:43       0.646       0.658       9.030
  26797                JUNCTION      0.00     0.78     0  06:35           0       0.368      17.701
  67757                JUNCTION      1.00     1.00     0  00:00       0.646       0.646       8.424
  47970                JUNCTION      0.00     2.02     0  02:44           0        1.15       4.445
  18558                JUNCTION      1.00     1.00     0  00:00       0.646       0.646       8.042
  02245                JUNCTION      0.00     1.00     1  00:00           0       0.584      12.051
  18559                JUNCTION      1.00     1.63     0  03:57       0.646        1.01       4.852
  18538                JUNCTION      1.00     1.00     0  00:00       0.646       0.646       8.361
  18560                JUNCTION      0.00     3.27     0  02:19           0        1.16       5.140
  46275                JUNCTION      1.00     1.00     0  00:00       0.646       0.646      10.806
  18519                JUNCTION      1.00     1.00     0  00:00       0.646       0.646       8.271
  18868                JUNCTION      0.00     3.41     1  00:00           0        1.85       2.543
  48703                JUNCTION      1.00     1.00     0  00:00       0.646       0.646      10.407
  48702                JUNCTION      0.00     2.00     0  03:24           0        1.17       5.575
  22033                JUNCTION      1.00     1.00     0  00:00       0.646       0.646       8.614
  22019                JUNCTION      1.00     2.41     0  03:41       0.646        1.44       3.574
  72058BH              JUNCTION      0.00     2.00     1  00:00           0        1.18       4.920
  02240                JUNCTION      1.00     1.00     0  00:00       0.646       0.646      10.842
  18825                JUNCTION      1.00     1.00     0  00:00       0.646       0.646       8.085
  49079                JUNCTION      1.00     1.00     0  00:00       0.646       0.646       8.380
  18814                JUNCTION      0.00     2.90     0  03:12           0        1.57       3.895
  49112                JUNCTION      0.00     2.77     0  03:51           0        1.52       3.729
  47955                JUNCTION      1.00     1.43     0  03:58       0.646       0.895       5.670
  18866                JUNCTION      0.00     0.93     0  01:51           0       0.556       9.098
  22018                JUNCTION      0.00     2.24     0  02:54           0        1.19       4.673
  18867                JUNCTION      0.00     1.07     0  03:37           0        0.51      10.286
  49082                JUNCTION      1.00     1.00     0  00:00       0.646       0.646       8.667
  48701                JUNCTION      1.00     1.00     0  00:00       0.646       0.646      10.425
  18834                JUNCTION      1.00     1.00     0  00:00       0.646       0.646       7.960
  02447                JUNCTION      1.00     1.20     0  10:57       0.646       0.723       8.084
  02446                JUNCTION      0.00     0.68     0  06:41           0       0.305      22.200
  18568                JUNCTION      1.00     1.00     0  00:00       0.646       0.646       8.406
  18567                JUNCTION      1.00     1.00     0  00:00       0.646       0.646       8.318
  46273                JUNCTION      0.00     0.00     0  00:00           0           0       0.000 gal
  18823                JUNCTION      0.00     3.91     0  03:43           0        2.25       2.187
  22036                JUNCTION      1.00     1.00     0  00:00       0.646       0.646       8.334
  22014                JUNCTION      0.00     3.42     0  03:52           0        1.92       2.719
  18864                JUNCTION      0.00     0.00     0  00:00           0           0       0.000 gal
  46269                JUNCTION      0.00     0.00     0  00:00           0           0       0.000 gal
  49086                JUNCTION      1.00     1.00     0  00:00       0.646       0.646       8.735
  22012                JUNCTION      0.00     1.43     0  03:44           0       0.829       6.463
  49112T               JUNCTION      0.00     2.00     0  02:59           0        1.18       4.747
  47972                JUNCTION      0.00     1.22     0  02:44           0       0.694       7.444
  46274                JUNCTION      1.00     1.00     0  00:00       0.646       0.646      10.549
  02231                JUNCTION      0.00     2.00     0  03:30           0        1.17       5.701
  48695                JUNCTION      0.00     1.55     0  04:10           0       0.832       8.040
  48699                JUNCTION      1.00     1.00     0  00:00       0.646       0.646      10.538
  21827                JUNCTION      1.00     1.00     0  00:00       0.646       0.646       9.095
  02485                JUNCTION      1.00     1.00     0  00:00       0.646       0.646       9.265
  18836                JUNCTION      0.00     4.67     0  03:45           0        2.67       1.974
  02224                JUNCTION      0.00     0.00     0  00:00           0           0       0.000 gal
  46270                JUNCTION      1.00     1.00     0  00:00       0.646       0.646      10.545
  18830                JUNCTION      0.00     2.00     0  04:01           0        1.19       3.797
  18556                JUNCTION      0.00     0.97     0  02:21           0       0.575       8.429
  18557                JUNCTION      0.00     0.00     0  00:00           0           0       0.000 gal
  02448                JUNCTION      1.00     1.00     0  00:00       0.646       0.646       9.593
  48692                JUNCTION      0.00     0.00     0  00:00           0           0       0.000 gal
  47986                JUNCTION      0.00     3.95     1  00:00           0        2.21       2.185
  22024                JUNCTION      0.00     2.52     0  03:43           0        1.37       3.746
  02230                JUNCTION      0.00     3.36     0  05:37           0        1.83       2.741
  18862                JUNCTION      0.00     2.00     1  00:00           0        1.06       4.554
  18863                JUNCTION      0.00     6.88     1  00:00           0        3.65       1.830
  48690                JUNCTION      0.00     1.67     0  04:30           0       0.939       7.167
  18831                JUNCTION      1.00     1.00     0  00:00       0.646       0.646       8.031
  49108                JUNCTION      0.00     2.50     0  03:52           0         1.3       5.716
  18571                JUNCTION      1.00     1.00     0  00:00       0.646       0.646       8.108
  48689                JUNCTION      1.00     1.00     0  00:00       0.646       0.646      10.404
  22017                JUNCTION      1.00     1.00     0  00:00       0.646       0.646       8.525
  18541                JUNCTION      0.00     1.60     0  04:05           0       0.825       6.053
  22026                JUNCTION      0.00     3.15     0  03:42           0        1.78       2.899
  22037                JUNCTION      1.00     1.00     0  00:00       0.646       0.646       8.131
  02511                JUNCTION      0.00     0.00     0  00:00           0           0       0.000 gal
  32560                JUNCTION      0.00     2.00     0  02:20           0        1.17       3.964
  22009                JUNCTION      0.00     1.64     0  03:47           0       0.977       5.542
  02229                JUNCTION      0.00     1.33     0  05:19           0       0.712       9.641
  18816                JUNCTION      1.00     1.00     0  00:00       0.646       0.646       8.339
  32559                JUNCTION      1.00     1.00     0  00:00       0.646       0.646      10.077
  47973                JUNCTION      0.00     5.89     0  15:45           0        3.29       1.552
  47973BD              JUNCTION      1.00     1.00     0  00:00       0.646       0.646       9.004
  47974                JUNCTION      0.00     7.89     0  13:22           0        4.43       1.954
  02225                JUNCTION      1.00     1.00     0  00:00       0.646       0.646      10.523
  18838                JUNCTION      1.00     1.00     0  00:00       0.646       0.646       8.045
  18521                JUNCTION      0.00     1.79     0  03:04           0           1       5.248
  02221                JUNCTION      0.00     0.00     0  00:00           0           0       0.000 gal
  02478                JUNCTION      0.00     1.00     0  02:09           0        0.59       9.197
  02479                JUNCTION      0.00     2.00     0  02:38           0        1.17       4.844
  22022                JUNCTION      1.00     1.00     0  00:00       0.646       0.646       8.278
  21850                JUNCTION      0.00     1.00     0  01:52           0       0.596       9.171
  02226                JUNCTION      1.00     1.00     0  00:00       0.646       0.646      10.694
  22016                JUNCTION      1.00     1.00     0  00:00       0.646       0.646       8.459
  02481                JUNCTION      0.00     2.41     0  03:31           0        1.38       4.067
  18821                JUNCTION      1.00     1.00     0  00:00       0.646       0.646       8.279
  45738                JUNCTION      1.00     1.00     0  00:00       0.646       0.646       8.954
  32561                JUNCTION      1.00     1.00     0  00:00       0.646       0.646      10.078
  49111                JUNCTION      1.00     1.00     0  00:00       0.646       0.646       9.211
  02487                JUNCTION      0.00     1.98     0  03:12           0        1.17       4.921
  18534                JUNCTION      0.00     1.95     0  03:33           0        1.11       4.559
  49159                JUNCTION      0.00     2.49     0  03:07           0        1.36       3.662
  18832                JUNCTION      1.00     1.00     0  00:00       0.646       0.646       8.094
  18522                JUNCTION      1.00     1.00     0  00:00       0.646       0.646       8.266
  47959                JUNCTION      0.00     2.00     0  02:32           0        1.19       4.190
  18542                JUNCTION      1.00     1.00     0  00:00       0.646       0.646       8.614
  02510                JUNCTION      1.00     1.00     0  00:00       0.646       0.646       9.271
  02480                JUNCTION      1.00     1.59     0  03:30       0.646       0.975       5.819
  02517                JUNCTION      1.00     1.00     0  00:00       0.646       0.646       9.313
  18574                JUNCTION      0.00     2.76     0  03:15           0        1.55       3.248
  18564                JUNCTION      0.00     1.68     0  03:15           0       0.911       5.449
  72050                JUNCTION      1.00     1.00     0  00:00       0.646       0.646       8.912
  46229                JUNCTION      1.00     1.00     0  00:00       0.646       0.646      11.320
  21823                JUNCTION      1.00     1.49     0  03:54       0.646       0.928       6.192
  02493                JUNCTION      1.00     1.00     0  00:00       0.646       0.646       9.186
  18809                JUNCTION      0.00     3.23     0  03:07           0        1.33       4.572
  18817                JUNCTION      0.00     1.30     0  04:07           0       0.615       8.516
  18533                JUNCTION      1.00     1.00     0  00:00       0.646       0.646       7.943
  22039                JUNCTION      1.00     1.00     0  00:00       0.646       0.646       8.366
  71305                JUNCTION      0.00     0.00     0  00:00           0           0       0.000 gal
  18839                JUNCTION      1.00     1.00     0  00:00       0.646       0.646       8.150
  18595                JUNCTION      0.00     4.09     0  03:45           0        2.16       2.209
  22006                JUNCTION      0.00     3.64     1  00:00           0        2.05       2.877
  22021                JUNCTION      0.00     2.00     0  02:25           0        1.18       4.816
  22047                JUNCTION      1.00     1.00     0  00:00       0.646       0.646       8.351
  48653                JUNCTION      0.00     1.00     1  00:00           0       0.588       8.869
  02453                JUNCTION      0.00     3.72     0  02:36           0        1.21       5.010
  02452                JUNCTION      1.00     1.36     0  03:54       0.646       0.851       6.670
  71319                JUNCTION      0.00     0.00     0  00:00           0           0       0.000 gal
  49089                JUNCTION      1.00     1.00     0  00:00       0.646       0.646       8.781
  18820                JUNCTION      0.00     2.00     0  04:05           0        1.19       4.955
  18810                JUNCTION      0.00     5.65     0  11:49           0        2.43       2.041
  32573                JUNCTION      0.00     2.46     0  02:51           0        1.44       0.000
  32572                JUNCTION      1.00     1.00     0  00:00       0.646       0.646      10.192
  18811                JUNCTION      0.00     8.25     0  14:56           0        3.02       2.010
  49110                JUNCTION      0.00     0.00     0  00:00           0           0       0.000 gal
  18859                JUNCTION      0.00     2.00     0  02:30           0        1.17       9.785
  02483                JUNCTION      0.00     3.63     0  03:32           0        1.97       2.791
  02494                JUNCTION      1.00     1.00     0  00:00       0.646       0.646       9.336
  49101                JUNCTION      1.00     1.47     0  03:54       0.646       0.914       6.178
  18850                JUNCTION      1.00     1.00     0  00:00       0.646       0.646       7.849
  18851                JUNCTION      0.00     1.80     0  02:53           0       0.985       5.529
  18583                JUNCTION      1.00     1.00     0  00:00       0.646       0.646       8.020
  02474                JUNCTION      1.00     1.00     0  00:00       0.646       0.646       8.985
  49091                JUNCTION      0.00     0.67     0  07:34           0       0.395      15.453
  47960                JUNCTION      0.00     2.83     0  02:48           0        1.56       3.894
  02508                JUNCTION      0.00     2.00     0  03:01           0        1.18       4.832
  48652                JUNCTION      0.00     0.00     0  00:00           0           0       0.000 gal
  48654                JUNCTION      0.00     0.00     0  00:00           0           0       0.000 gal
  32583                JUNCTION      1.00     1.00     0  00:00       0.646       0.646       9.961
  48676                JUNCTION      0.00     1.00     0  04:26           0      0.0744   22548.645
  02218                JUNCTION      0.00     1.66     0  05:32           0       0.876       7.352
  32589                JUNCTION      1.00     1.00     0  00:00       0.646       0.646      10.086
  02520                JUNCTION      0.00     2.00     0  02:19           0        1.17       4.415
  02521                JUNCTION      0.00     0.00     0  00:00           0           0       0.000 gal
  22040                JUNCTION      0.00     0.00     0  00:00           0           0       0.000 gal
  18594                JUNCTION      1.00     1.00     0  00:00       0.646       0.646       7.826
  73001                JUNCTION      0.00     7.39     0  06:12           0         3.8       1.802
  18844                JUNCTION      0.00     6.81     0  11:11           0        3.03       1.706
  02507                JUNCTION      1.00     1.00     0  00:00       0.646       0.646       9.135
  18843                JUNCTION      0.00     3.55     0  13:04           0        1.91       2.557
  48616                JUNCTION      0.00     3.73     0  06:04           0        1.87       3.346
  18531                JUNCTION      0.00     1.44     0  03:04           0       0.782       6.487
  32579                JUNCTION      1.00     1.00     0  00:00       0.646       0.646       9.819
  02489                JUNCTION      1.00     1.00     0  00:00       0.646       0.646       9.313
  47978                JUNCTION      0.00     3.00     0  04:07           0        1.64      12.914
  49100                JUNCTION      0.00     4.77     0  02:44           0        1.86       3.253
  02473                JUNCTION      0.00     2.00     0  02:33           0        1.17       4.731
  18576                JUNCTION      0.00     3.44     0  03:34           0         1.8       2.649
  18819                JUNCTION      0.00     1.69     0  08:54           0       0.883       5.702
  18818                JUNCTION      0.00     0.00     0  00:00           0           0       0.000 gal
  21822                JUNCTION      1.00     1.00     0  00:00       0.646       0.646       8.818
  02506                JUNCTION      1.00     1.00     0  00:00       0.646       0.646       9.441
  18852                JUNCTION      1.00     1.00     0  00:00       0.646       0.646       7.884
  32585                JUNCTION      1.00     1.00     0  00:00       0.646       0.646       9.779
  02472                JUNCTION      0.00     2.88     0  03:52           0         1.6       2.993
  18846                JUNCTION      0.00     6.41     0  12:36           0        3.41       1.483
  18858                JUNCTION      0.00     0.15     0  18:05           0      0.0878     116.429
  02522                JUNCTION      0.00     1.00     0  02:18           0       0.592      10.021
  32580                JUNCTION      0.00     2.04     0  03:11           0        1.18       4.969
  46222                JUNCTION      0.00     1.00     0  05:49           0       0.581       0.000
  18845                JUNCTION      0.00     1.92     0  12:55           0        1.08       4.581
  02523                JUNCTION      0.00     2.00     0  04:12           0        1.13       4.568
  18588                JUNCTION      0.00     2.72     0  03:57           0         1.4       3.581
  49088                JUNCTION      0.00     0.00     0  00:00           0           0       0.000 gal
  48655                JUNCTION      0.00     4.36     0  05:37           0        2.37       2.091
  22004                JUNCTION      0.00     4.25     0  05:04           0        2.29       2.542
  49099                JUNCTION      0.00     3.68     0  03:05           0        1.83       3.075
  18589                JUNCTION      1.00     1.00     0  00:00       0.646       0.646       8.036
  48637                JUNCTION      0.00     2.00     0  03:13           0        1.12       4.404
  18586                JUNCTION      1.00     1.00     0  00:00       0.646       0.646       7.868
  72012                JUNCTION      0.00     2.00     0  02:22           0        1.17       4.598
  01657                JUNCTION      1.00     1.00     0  00:00       0.646       0.646      10.530
  02462                JUNCTION      0.00     2.44     0  10:57           0        1.25       4.485
  48661                JUNCTION      0.00     1.00     0  02:20           0       0.588       8.459
  72052                JUNCTION      0.00     0.00     0  00:00           0           0       0.000 gal
  48635                JUNCTION      0.00    12.42     0  06:32           0         6.5       2.700
  48662                JUNCTION      0.00     1.01     0  04:11           0       0.588      10.369
  72075                JUNCTION      0.00     1.95     0  02:41           0        1.12       4.398
  18848                JUNCTION      0.00     8.06     0  15:43           0        4.35       1.075
  78932                JUNCTION      1.00     1.00     0  00:00       0.646       0.646       7.861
  18849                JUNCTION      0.00    15.94     0  14:33           0        8.65       0.708
  18847                JUNCTION      0.00     2.05     0  12:55           0        1.15       4.355
  02460                JUNCTION      0.00     1.44     1  00:00           0        0.71       7.967
  22043                JUNCTION      0.00     2.58     0  08:53           0       0.573       8.947
  22044                JUNCTION      0.00     1.16     0  08:52           0       0.298      18.328
  21849                JUNCTION      0.00     1.36     0  05:13           0       0.716       7.592
  48638                JUNCTION      0.00     0.00     0  00:00           0           0       0.000 gal
  01656                JUNCTION      0.00     2.00     1  00:00           0        1.17       5.664
  01658                JUNCTION      1.00     1.00     0  00:00       0.646       0.646      10.549
  71320                JUNCTION      0.00     0.00     0  00:00           0           0       0.000 gal
  32569                JUNCTION      0.00    10.42     0  06:31           0        5.38       1.119
  48679                JUNCTION      0.00     3.73     0  05:24           0        1.93       3.426
  48632                JUNCTION      0.00     9.88     0  06:28           0        5.13       1.197
  48663                JUNCTION      0.00     2.00     0  04:19           0        1.12       5.148
  49095                JUNCTION      0.00     3.00     0  03:20           0        1.69       3.185
  66153                JUNCTION      0.00     0.67     1  00:00           0       0.342      17.507
  22050                JUNCTION      0.00     2.50     0  04:00           0        1.28       5.041
  48656                JUNCTION      1.00     1.00     0  00:00       0.646       0.646       9.851
  18877                JUNCTION      1.00     1.00     0  00:00       0.646       0.646       8.528
  48665                JUNCTION      1.00     1.00     0  00:00       0.646       0.646       9.657
  21839                JUNCTION      1.00     1.00     0  00:00       0.646       0.646       8.406
  02217                JUNCTION      1.00     1.00     0  00:00       0.646       0.646      10.485
  21835                JUNCTION      0.00     1.67     0  07:59           0       0.886       6.118
  02524                JUNCTION      1.00     1.00     0  00:00       0.646       0.646       9.226
  48667                JUNCTION      1.00     1.00     0  00:00       0.646       0.646       9.943
  72011                JUNCTION      1.00     1.00     0  00:00       0.646       0.646       8.379
  21848                JUNCTION      0.00     1.33     0  05:14           0       0.767       7.087
  18806                JUNCTION      0.00    18.59     0  12:19           0        10.1       0.597
  18853                JUNCTION      1.00     1.00     0  00:00       0.646       0.646       7.843
  48639                JUNCTION      0.00     2.00     0  04:20           0        1.07       5.404
  18807                JUNCTION      0.00     2.04     0  15:43           0        1.15       4.215
  18229                JUNCTION      1.00     1.00     0  00:00       0.646       0.646       7.852
  18527                JUNCTION      0.00     2.07     0  03:19           0        1.14       4.329
  18582                JUNCTION      0.00     1.57     0  03:12           0        0.86       5.744
  21821                JUNCTION      0.00     1.27     0  03:20           0       0.704       7.994
  48657                JUNCTION      1.00     1.00     0  00:00       0.646       0.646       9.929
  02215                JUNCTION      0.00     2.73     0  03:57           0        1.53       4.116
  46219                JUNCTION      1.00     1.00     0  00:00       0.646       0.646      10.598
  21833                JUNCTION      0.00     2.67     0  08:00           0        1.43       3.719
  02463                JUNCTION      0.00     1.00     0  04:43           0        0.59       9.896
  02214                JUNCTION      0.00     3.73     0  05:11           0           2       3.212
  18585                JUNCTION      1.00     1.00     0  00:00       0.646       0.646       7.849
  49096                JUNCTION      1.00     1.00     0  00:00       0.646       0.646       8.783
  72010                JUNCTION      1.00     1.00     0  00:00       0.646       0.646       8.409
  21847                JUNCTION      0.00     1.09     0  03:42           0       0.596       9.170
  72073                JUNCTION      0.00     2.29     1  00:00           0        1.21       4.073
  22002                JUNCTION      0.00     3.70     0  05:20           0        2.04       2.616
  02464                JUNCTION      0.00     0.00     0  00:00           0           0       0.000 gal
  02469                JUNCTION      0.00     1.93     0  04:56           0       0.999       5.513
  02525                JUNCTION      0.00     0.00     0  00:00           0           0       0.000 gal
  02468                JUNCTION      0.00     2.00     0  03:03           0        1.13       4.773
  49098                JUNCTION      0.00     0.35     0  05:10           0       0.179      35.897
  48640                JUNCTION      0.00     3.00     0  05:19           0         1.6       3.554
  47979                JUNCTION      1.00     1.00     0  00:00       0.646       0.646       7.937
  18841                JUNCTION      1.00     1.00     0  00:00       0.646       0.646       8.183
  21846                JUNCTION      0.00     1.94     0  03:47           0       0.971       5.868
  02496                JUNCTION      0.00     1.80     1  00:00           0        1.06       5.287
  21840                JUNCTION      0.00     1.00     1  00:00           0       0.596       9.050
  22051                JUNCTION      1.00     1.00     0  00:00       0.646       0.646       8.173
  22001                JUNCTION      1.00     1.00     0  00:00       0.646       0.646       7.912
  66152                JUNCTION      1.00     1.00     0  00:00       0.646       0.646       8.671
  72051                JUNCTION      1.00     1.00     0  00:00       0.646       0.646       8.853
  18231                JUNCTION      1.00     1.00     0  00:00       0.646       0.646       7.799
  21836                JUNCTION      1.00     1.00     0  00:00       0.646       0.646       8.603
  28922                JUNCTION      1.00     1.00     0  00:00       0.646       0.646       8.486
  48642                JUNCTION      1.00     1.00     0  00:00       0.646       0.646       9.743
  02466                JUNCTION      0.00     2.00     0  02:55           0        1.19       4.637
  02465                JUNCTION      1.00     1.00     0  00:00       0.646       0.646       8.902
  21831                JUNCTION      0.00     3.04     0  07:52           0        1.64       3.239
  18802                JUNCTION      0.00     1.38     0  15:44           0       0.806       6.164
  18579                JUNCTION      0.00     2.68     0  04:21           0        1.34       3.612
  18801                JUNCTION      0.00    19.69     0  12:20           0        10.6       0.512
  26836                JUNCTION      0.00     2.18     0  04:57           0        1.23       4.431
  18592                JUNCTION      0.00     2.39     0  03:31           0        1.09       4.593
  02467                JUNCTION      1.00     1.00     0  00:00       0.646       0.646       8.826
  21837                JUNCTION      1.00     1.00     0  00:00       0.646       0.646       8.646
  18581                JUNCTION      0.00     1.93     0  03:20           0         0.9       5.606
  26838                JUNCTION      1.00     1.00     0  00:00       0.646       0.646       8.695
  18856                JUNCTION      1.00     1.00     0  00:00       0.646       0.646       8.181
  18230                JUNCTION      1.00     1.30     0  06:09       0.646       0.814       6.324
  45735                JUNCTION      1.00     1.00     0  00:00       0.646       0.646       9.088
  18549                JUNCTION      0.00     1.72     0  03:35           0       0.937       5.408
  18854                JUNCTION      1.00     1.00     0  00:00       0.646       0.646       7.916
  49160                JUNCTION      0.00     2.03     0  02:41           0        1.13       4.465
  49097                JUNCTION      1.00     1.00     0  00:00       0.646       0.646       8.977
  48217                JUNCTION      0.00     1.00     0  02:49           0       0.584      11.892
  21832                JUNCTION      1.00     1.00     0  00:00       0.646       0.646       8.499
  18504                JUNCTION      0.00     3.87     0  04:25           0        2.19       2.218
  89075                JUNCTION      1.00     1.00     0  00:00       0.646       0.646       8.560
  73114                JUNCTION      1.00     1.00     0  00:00       0.646       0.646       7.840
  22055                JUNCTION      1.00     1.00     0  00:00       0.646       0.646       7.962
  21829                JUNCTION      0.00     1.93     0  03:48           0         1.1       4.847
  18516                JUNCTION      1.00     1.00     0  00:00       0.646       0.646       7.794
  48648                JUNCTION      1.00     1.00     0  00:00       0.646       0.646       9.937
  72076                JUNCTION      1.00     1.00     0  00:00       0.646       0.646       8.092
  21828                JUNCTION      1.00     1.00     0  00:00       0.646       0.646       8.401
  21842BH              JUNCTION      1.00     1.29     0  04:15       0.646       0.807       6.506
  49219                JUNCTION      1.00     1.00     0  00:00       0.646       0.646       7.702
  48644                JUNCTION      0.00     8.00     0  05:28           0        4.36       1.262
  18481                JUNCTION      0.00     3.32     0  03:36           0        1.56       3.296
  89074                JUNCTION      0.00     4.01     0  02:26           0        1.81       4.324
  89076                JUNCTION      1.00     1.20     0  03:08       0.646        0.73       7.475
  18505                JUNCTION      0.00     3.64     0  04:20           0        1.76       3.119
  48645                JUNCTION      0.00     9.00     0  05:28           0        4.89       1.170
  02498                JUNCTION      1.00     1.00     0  00:00       0.646       0.646       8.996
  49161                JUNCTION      1.00     1.00     0  00:00       0.646       0.646       8.546
  24703                JUNCTION      1.00     1.00     0  00:00       0.646       0.646      10.705
  02499                JUNCTION      0.00     0.00     0  00:00           0           0       0.000 gal
  20635                JUNCTION      1.00     1.00     0  00:00       0.646       0.646       8.268
  01659                JUNCTION      0.00     0.51     0  05:01           0       0.267      27.579
  02501                JUNCTION      0.00     1.00     0  02:55           0       0.591       9.815
  18452                JUNCTION      0.00     3.71     0  14:45           0        2.08       2.334
  48671                JUNCTION      0.00     3.00     0  03:03           0        1.75       3.803
  02529                JUNCTION      0.00     0.00     0  00:00           0           0       0.000 gal
  65813                JUNCTION      1.00     1.00     0  00:00       0.646       0.646       8.156
  18480                JUNCTION      1.00     1.00     0  00:00       0.646       0.646       7.760
  18506                JUNCTION      0.00     2.37     0  04:25           0        1.36       3.505
  49164                JUNCTION      0.00     3.92     0  05:02           0        1.88       4.310
  18437                JUNCTION      0.00     5.06     0  03:38           0        2.83       2.034
  73659                JUNCTION      1.00     1.00     0  00:00       0.646       0.646       9.077
  20631                JUNCTION      0.00     2.92     0  04:08           0        1.64       3.013
  27208T               JUNCTION      0.00     2.74     0  03:49           0        1.51       3.447
  73626                JUNCTION      1.00     1.00     0  00:00       0.646       0.646      10.022
  20639                JUNCTION      1.00     1.00     0  00:00       0.646       0.646       8.076
  18417                JUNCTION      0.00     3.78     0  03:05           0        1.87       5.347
  49163                JUNCTION      0.00     2.00     0  02:54           0        1.19       4.498
  18509                JUNCTION      1.00     1.00     0  00:00       0.646       0.646       7.765
  18508                JUNCTION      0.00     2.84     1  00:00           0        1.63       3.075
  18447                JUNCTION      1.00     1.00     0  00:00       0.646       0.646       7.789
  26479                JUNCTION      0.00    12.48     0  06:10           0        6.88       0.833
  73665                JUNCTION      1.00     1.00     0  00:00       0.646       0.646       9.206
  49513                JUNCTION      0.00    19.64     0  06:41           0        10.3       0.540
  67748                JUNCTION      0.00     8.30     0  06:09           0        4.58       1.140
  73657                JUNCTION      0.00    10.00     0  05:28           0        5.43       1.086
  29065                JUNCTION      0.00     1.00     1  00:00           0       0.584      11.904
  71762                JUNCTION      0.00     0.85     1  00:00           0       0.508      10.243
  66231                JUNCTION      1.00     1.00     0  00:00       0.646       0.646       8.447
  29064                JUNCTION      0.00     0.49     0  05:01           0       0.254      28.917
  26659T               JUNCTION      0.00    12.43     0  04:24           0        6.87       0.874
  73624                JUNCTION      0.00     5.00     0  03:34           0        2.87       2.117
  49316                JUNCTION      0.00     5.27     0  09:16           0        2.93       1.678
  18457                JUNCTION      0.00     4.95     0  04:17           0        1.26       4.180
  18456                JUNCTION      0.00    25.12     0  04:18           0        12.9       0.678
  26655                JUNCTION      0.00    17.50     0  04:22           0         9.7       0.611
  24655                JUNCTION      1.00     1.00     0  00:00       0.646       0.646       9.941
  18371                JUNCTION      1.00     1.00     0  00:00       0.646       0.646       8.135
  26477                JUNCTION      0.00     4.50     1  00:00           0        2.45       2.102
  26475                JUNCTION      0.00     4.50     0  06:04           0         2.5       2.109
  20638                JUNCTION      0.00     3.66     0  03:50           0        1.95       2.501
  45026                JUNCTION      0.00     0.00     0  00:00           0           0       0.000 gal
  71759BS              JUNCTION      1.00     3.82     0  14:44       0.646        2.23       2.156
  71759                JUNCTION      0.00     4.00     0  14:45           0        2.33       2.421
  20782                JUNCTION      0.00     1.00     0  04:13           0       0.538      10.390
  18449                JUNCTION      1.00     1.00     0  00:00       0.646       0.646       7.767
  71061                JUNCTION      0.00     3.85     0  03:08           0        2.25       2.197
  20640                JUNCTION      0.00     2.31     0  03:41           0         1.2       4.060
  73629                JUNCTION      0.00     2.00     1  00:00           0        1.17       5.364
  18436                JUNCTION      0.00     2.89     0  04:50           0        1.68       3.082
  71757BH              JUNCTION      0.00     2.00     0  02:52           0        1.18       4.841
  27134                JUNCTION      0.00     2.96     0  02:23           0        1.21       4.997
  20293                JUNCTION      1.00     1.00     0  00:00       0.646       0.646       8.091
  66230                JUNCTION      1.00     1.00     0  00:00       0.646       0.646       8.275
  71759AS              JUNCTION      0.00     2.18     0  02:56           0        1.18       4.319
  20651                JUNCTION      0.00     3.00     0  02:15           0        1.77       2.968
  20655                JUNCTION      0.00     1.39     1  00:00           0       0.811       6.312
  18448                JUNCTION      0.00     2.82     0  02:22           0        1.64       2.950
  66232                JUNCTION      0.00    25.10     0  06:44           0        13.4       0.407
  18479                JUNCTION      1.00     1.00     0  00:00       0.646       0.646       7.795
  66160                JUNCTION      1.00     1.00     0  00:00       0.646       0.646       7.894
  71756                JUNCTION      0.00     3.98     0  02:27           0        1.33       5.337
  26657T               JUNCTION      0.00     9.50     0  03:44           0        5.32       0.991
  24066                JUNCTION      1.00     1.00     0  00:00       0.646       0.646       7.805
  26657                JUNCTION      0.00     8.50     0  03:44           0        4.78       1.012
  24702                JUNCTION      1.00     1.00     0  00:00       0.646       0.646      10.390
  20294                JUNCTION      1.00     1.00     0  00:00       0.646       0.646       7.956
  18483                JUNCTION      0.00     3.90     0  03:39           0        2.09       2.544
  24698                JUNCTION      0.00     0.08     0  02:26           0      0.0471   47144.614 gal
  18500                JUNCTION      0.00     2.00     0  02:10           0        1.18       4.329
  24591                JUNCTION      1.00     1.00     0  00:00       0.646       0.646       9.950
  66229                JUNCTION      0.00     2.00     0  02:33           0        1.18       4.470
  20290                JUNCTION      0.00     1.99     0  04:22           0        1.05       4.723
  20648                JUNCTION      1.00     1.00     0  00:00       0.646       0.646       8.265
  24691                JUNCTION      1.00     1.00     0  00:00       0.646       0.646      10.821
  20786                JUNCTION      1.00     1.00     0  00:00       0.646       0.646       8.802
  26653                JUNCTION      0.00    18.94     0  04:26           0        10.4       0.678
  18502                JUNCTION      0.00     2.94     0  04:26           0        1.69       2.794
  71764                JUNCTION      1.00     1.00     0  00:00       0.646       0.646       8.116
  20288                JUNCTION      0.00     2.04     0  03:54           0        1.13       4.379
  20785                JUNCTION      0.00     1.50     1  00:00           0        0.89       6.162
  71751                JUNCTION      1.00     1.00     0  00:00       0.646       0.646       7.683
  49517                JUNCTION      0.00    18.64     0  06:42           0        9.84       0.582
  20642                JUNCTION      1.00     1.00     0  00:00       0.646       0.646       7.725
  20649                JUNCTION      0.00     4.01     0  02:59           0        2.31       2.160
  18425T               JUNCTION      0.00     2.73     0  14:44           0        1.57       3.077
  20783                JUNCTION      1.00     1.00     0  00:00       0.646       0.646       9.233
  27201                JUNCTION      1.00     1.00     0  00:00       0.646       0.646       8.256
  20643                JUNCTION      0.00     2.90     0  03:24           0        1.23       4.196
  18435                JUNCTION      0.00     1.47     0  03:37           0       0.823       6.038
  29067                JUNCTION      1.00     1.00     0  00:00       0.646       0.646      10.740
  25675                JUNCTION      0.00    21.61     0  04:09           0        11.8       0.421
  66206T               JUNCTION      0.00    23.00     0  04:09           0        12.5       0.756
  49520                JUNCTION      0.00    18.64     0  06:41           0         9.9       0.597
  20286                JUNCTION      0.00     4.57     0  04:34           0        2.65       1.827
  18485BH              JUNCTION      1.00     2.57     0  05:34       0.646        1.51       3.125
  18498                JUNCTION      1.00     1.00     0  00:00       0.646       0.646       7.670
  25422                JUNCTION      0.00    18.01     0  04:03           0        9.93       0.557
  66202T               JUNCTION      0.00    23.74     0  04:17           0        13.1       0.520
  46908                JUNCTION      0.00     1.55     0  02:52           0       0.928       5.290
  29056                JUNCTION      0.00     0.00     0  00:00           0           0       0.000 gal
  18515                JUNCTION      0.00     3.50     1  00:00           0           2       2.392
  18476                JUNCTION      0.00     3.44     0  04:01           0        1.68       2.975
  24652                JUNCTION      0.00     4.00     0  04:48           0        2.29       2.537
  25418                JUNCTION      0.00    27.19     0  06:43           0        14.5       0.429
  24701                JUNCTION      1.00     1.00     0  00:00       0.646       0.646      10.183
  49327                JUNCTION      0.00    15.86     0  04:26           0        8.43       1.359
  18441                JUNCTION      0.00     0.00     0  00:00           0           0       0.000 gal
  66203                JUNCTION      0.00    22.74     1  00:00           0        12.5       0.400
  21356                JUNCTION      0.00     1.00     0  05:51           0       0.505      13.624
  20289                JUNCTION      0.00     2.00     0  02:59           0        1.18       4.635
  29057                JUNCTION      0.00     0.00     0  00:00           0           0       0.000 gal
  20283                JUNCTION      1.00     1.00     0  00:00       0.646       0.646       8.013
  24593                JUNCTION      0.00     3.00     0  02:52           0        1.76       3.705
  51745                JUNCTION      1.00     1.00     0  00:00       0.646       0.646       7.668
  18445                JUNCTION      0.00     2.00     0  02:16           0        1.18       6.336
  25417                JUNCTION      0.00     4.28     0  04:26           0        2.35       2.150
  73562                JUNCTION      0.00     1.00     1  00:00           0       0.588      10.715
  18454                JUNCTION      0.00    25.66     0  12:21           0        14.1       0.368
  18453                JUNCTION      0.00     3.19     0  15:07           0        1.77       2.762
  20780                JUNCTION      0.00     2.74     0  03:28           0        1.59       3.441
  29058                JUNCTION      0.00     0.00     0  00:00           0           0       0.000 gal
  24596                JUNCTION      0.00     1.00     0  04:12           0       0.589      10.609
  20280                JUNCTION      0.00     4.01     0  02:24           0        1.94       4.158
  49326                JUNCTION      0.00    20.07     0  04:41           0        11.1       0.680
  24700                JUNCTION      0.00     0.39     0  02:19           0       0.231      24.107
  49323                JUNCTION      0.00    23.00     1  00:00           0        12.7       0.437
  49324                JUNCTION      0.00    13.33     0  03:47           0        7.17       0.644
  18451                JUNCTION      1.00     1.00     0  00:00       0.646       0.646       7.778
  71768                JUNCTION      0.00     1.65     0  01:46           0       0.989       4.855
  71770                JUNCTION      1.00     1.00     0  00:00       0.646       0.646       7.734
  21362                JUNCTION      1.00     1.00     0  00:00       0.646       0.646      10.474
  24594                JUNCTION      0.00     5.00     0  06:23           0        2.81       2.042
  21357                JUNCTION      0.00     0.00     0  00:00           0           0       0.000 gal
  49416                JUNCTION      1.00     1.12     0  05:11       0.646       0.647      12.697
  45032                JUNCTION      0.00     1.06     0  04:10           0      0.0689   26516.322
  18434                JUNCTION      0.00     1.41     0  04:50           0       0.776       6.469
  18475                JUNCTION      0.00     2.99     0  04:40           0        1.57       3.176
  18413                JUNCTION      1.00     1.00     0  00:00       0.646       0.646       7.819
  24598                JUNCTION      1.00     1.00     0  00:00       0.646       0.646       9.667
  47989                JUNCTION      0.00     8.65     0  06:42           0        4.37       1.191
  18427                JUNCTION      0.00     2.02     0  12:22           0        1.08       4.381
  18428                JUNCTION      0.00    27.82     0  05:00           0        15.1       0.316
  20279                JUNCTION      1.00     1.00     0  00:00       0.646       0.646       8.124
  18429                JUNCTION      0.00    27.50     0  12:21           0          15       0.310
  18430                JUNCTION      0.00     2.18     0  23:31           0         1.2       3.920
  71032                JUNCTION      0.00     8.65     0  05:50           0        4.44       1.601
  18431T               JUNCTION      0.00    34.20     0  23:30           0        18.4       0.257
  26651                JUNCTION      0.00     5.12     0  03:53           0        2.85       1.729
  18432BD              JUNCTION      0.00     1.86     0  06:03           0       0.838       5.748
  18432                JUNCTION      0.00     1.41     0  05:50           0       0.729       6.605
  49325                JUNCTION      0.00     3.02     0  03:32           0        1.71       3.264
  18431                JUNCTION      0.00     4.87     0  04:34           0        2.52       1.818
  51746                JUNCTION      1.00     1.00     0  00:00       0.646       0.646       7.616
  49222T               JUNCTION      0.00     2.71     0  03:11           0         1.5       3.136
  18433                JUNCTION      0.00     0.00     0  00:00           0           0       0.000 gal
  24595                JUNCTION      0.00     2.00     1  00:00           0        1.17       5.212
  24600                JUNCTION      0.00     2.00     1  00:00           0        1.17       5.058
  49528                JUNCTION      0.00    10.84     0  06:41           0        5.91       0.843
  71765                JUNCTION      0.00     5.13     0  03:39           0         2.9       1.774
  20263                JUNCTION      1.00     1.00     0  00:00       0.646       0.646       8.634
  20442                JUNCTION      0.00     3.70     0  04:10           0        2.01       3.004
  26246                JUNCTION      1.00     1.00     0  00:00       0.646       0.646       8.692
  71775                JUNCTION      1.00     1.00     0  00:00       0.646       0.646       7.841
  71776                JUNCTION      0.00     2.96     0  02:20           0        1.69       2.847
  20282                JUNCTION      1.00     1.00     0  00:00       0.646       0.646       8.147
  21353                JUNCTION      0.00     2.00     0  07:40           0        1.03       6.276
  71056                JUNCTION      0.00     2.53     0  03:32           0        1.42       3.663
  71783                JUNCTION      1.00     1.00     0  00:00       0.646       0.646       7.833
  73537                JUNCTION      1.00     1.00     0  00:00       0.646       0.646      10.437
  73532                JUNCTION      0.00     3.91     0  04:07           0        2.22       2.941
  26258                JUNCTION      0.00     4.25     0  03:26           0        2.26       2.353
  49222                JUNCTION      0.00     3.31     0  03:15           0        1.81       3.137
  71037                JUNCTION      0.00     3.00     0  03:32           0        1.66       3.287
  71055                JUNCTION      0.00     3.51     0  03:43           0        1.97       2.607
  49524                JUNCTION      0.00     1.00     0  02:22           0       0.587       9.969
  47995                JUNCTION      0.00     7.72     0  05:51           0        3.99       1.326
  73531                JUNCTION      0.00     2.00     0  03:37           0        1.17       5.593
  20262                JUNCTION      1.00     1.00     0  00:00       0.646       0.646       8.900
  21365                JUNCTION      1.00     1.39     0  04:58       0.646       0.849       7.598
  18474                JUNCTION      0.00     2.49     0  02:12           0        1.48       3.084
  18473                JUNCTION      0.00     1.00     0  13:39           0       0.595       9.177
  UA0012P              JUNCTION      0.00     4.89     0  04:12           0        2.57       1.827
  18386                JUNCTION      0.00     2.01     0  03:49           0         1.2       6.631
  18405                JUNCTION      0.00     2.00     0  02:20           0        1.18       4.326
  71774                JUNCTION      1.00     1.00     0  00:00       0.646       0.646       7.714
  73561                JUNCTION      0.00     3.00     0  04:29           0        1.65       3.366
  21354                JUNCTION      1.00     1.00     0  00:00       0.646       0.646      10.191
  78851                JUNCTION      1.00     1.00     0  00:00       0.646       0.646       9.178
  20602                JUNCTION      1.00     1.00     0  00:00       0.646       0.646       8.763
  26644                JUNCTION      0.00     7.61     0  04:24           0        4.15       1.096
  26643                JUNCTION      0.00     7.61     0  04:11           0         4.1       1.128
  18406                JUNCTION      0.00     2.90     0  03:14           0        1.66       2.862
  26645                JUNCTION      0.00     5.95     0  04:00           0        2.86       1.753
  26244                JUNCTION      1.00     1.00     0  00:00       0.646       0.646       8.744
  20267                JUNCTION      0.00     2.02     0  03:12           0        1.19       4.940
  26642                JUNCTION      0.00     2.83     0  04:12           0        1.49       3.168
  71058                JUNCTION      0.00     2.00     0  02:53           0        1.19       4.498
  49530                JUNCTION      0.00    10.50     0  04:03           0        5.98       0.860
  26241                JUNCTION      0.00     5.00     0  02:57           0        2.89       1.853
  21364                JUNCTION      0.00     1.00     1  00:00           0       0.585      11.523
  49265                JUNCTION      0.00     7.49     0  04:42           0        4.08       1.227
  71040                JUNCTION      0.00     3.01     0  03:27           0        1.71       3.218
  26650T               JUNCTION      0.00     8.49     0  04:43           0        4.63       1.044
  20296                JUNCTION      1.00     2.26     0  03:28       0.646        1.35       3.979
  26647                JUNCTION      0.00    13.07     0  04:47           0        7.13       0.755
  73650                JUNCTION      0.00     2.00     1  00:00           0        1.17       4.957
  26238                JUNCTION      1.00     1.00     0  00:00       0.646       0.646       8.911
  24565                JUNCTION      0.00     2.95     0  07:40           0        1.31       4.734
  26648                JUNCTION      0.00    13.07     0  04:47           0        7.18       0.640
  18471                JUNCTION      0.00     3.92     0  14:44           0        2.07       2.252
  66161                JUNCTION      0.00     2.02     0  05:48           0        1.12       5.081
  20603                JUNCTION      1.00     1.00     0  00:00       0.646       0.646       8.777
  26640T               JUNCTION      0.00     3.79     0  04:59           0        2.04       2.488
  49531                JUNCTION      1.00     1.00     0  00:00       0.646       0.646       8.662
  26249                JUNCTION      1.00     1.00     0  00:00       0.646       0.646       8.936
  71740                JUNCTION      0.00     2.36     0  04:42           0        1.32       3.630
  20610                JUNCTION      0.00     2.00     0  02:43           0        1.18       4.658
  26649                JUNCTION      0.00    13.07     0  04:44           0        7.24       0.856
  73529                JUNCTION      1.00     1.00     0  00:00       0.646       0.646      10.630
  49264                JUNCTION      0.00     1.00     1  00:00           0       0.599       8.524
  20297                JUNCTION      0.00     3.76     0  04:07           0        2.15       2.567
  73648                JUNCTION      0.00     1.01     0  02:08           0       0.589      10.848
  73634                JUNCTION      1.00     1.00     0  00:00       0.646       0.646      10.104
  21351                JUNCTION      0.00     3.15     0  08:09           0        1.52       4.062
  20278                JUNCTION      1.00     1.00     0  00:00       0.646       0.646       8.258
  18470                JUNCTION      1.00     1.00     0  00:00       0.646       0.646       7.543
  73644                JUNCTION      1.00     1.00     0  00:00       0.646       0.646       9.722
  20441                JUNCTION      0.00     1.69     0  05:03           0       0.834       6.580
  26237                JUNCTION      1.00     1.00     0  00:00       0.646       0.646       9.026
  20696                JUNCTION      0.00     1.00     0  02:20           0        0.59      10.160
  73533                JUNCTION      1.00     1.00     0  00:00       0.646       0.646      10.583
  66226                JUNCTION      1.00     1.00     0  00:00       0.646       0.646       8.895
  26240                JUNCTION      1.00     1.00     0  00:00       0.646       0.646       8.390
  73649                JUNCTION      1.00     1.00     0  00:00       0.646       0.646       9.780
  20440                JUNCTION      1.00     1.76     0  05:04       0.646        1.03       5.160
  26227                JUNCTION      0.00     4.52     0  04:05           0        2.55       2.111
  20746                JUNCTION      1.00     1.00     0  00:00       0.646       0.646       9.336
  18385                JUNCTION      1.00     1.00     0  00:00       0.646       0.646       7.763
  73530                JUNCTION      1.00     1.00     0  00:00       0.646       0.646      10.613
  49245T               JUNCTION      0.00     7.72     0  04:54           0        4.02       1.248
  20697                JUNCTION      1.00     1.07     0  04:19       0.646       0.684       8.619
  71780                JUNCTION      1.00     1.00     0  00:00       0.646       0.646       7.759
  71738                JUNCTION      0.00     2.39     0  04:15           0        1.39       3.502
  21368                JUNCTION      1.00     1.32     0  08:17       0.646       0.783       8.216
  18469                JUNCTION      1.00     1.00     0  00:00       0.646       0.646       7.948
  18342                JUNCTION      1.00     1.00     0  00:00       0.646       0.646       7.806
  73647                JUNCTION      0.00     2.00     0  04:22           0        1.12       5.216
  26228                JUNCTION      0.00     3.52     0  04:05           0        2.01       2.671
  18407                JUNCTION      1.00     1.00     0  00:00       0.646       0.646       8.056
  18382                JUNCTION      0.00     1.92     0  02:39           0         1.1       4.467
  26252                JUNCTION      1.00     1.00     0  00:00       0.646       0.646       8.988
  20540                JUNCTION      1.00     1.00     0  00:00       0.646       0.646       8.819
  71077                JUNCTION      1.00     1.00     0  00:00       0.646       0.646       8.814
  63809                JUNCTION      1.00     1.00     0  00:00       0.646       0.646       7.619
  73554                JUNCTION      0.00     4.47     0  06:46           0         2.3       2.678
  71777                JUNCTION      1.00     1.00     0  00:00       0.646       0.646       7.721
  49525                JUNCTION      1.00     1.00     0  00:00       0.646       0.646       8.944
  21377                JUNCTION      0.00     3.14     0  03:57           0        1.35       5.223
  21719                JUNCTION      0.00     3.20     0  07:31           0        1.54       3.928
  73538                JUNCTION      0.00     2.26     0  03:28           0        1.27       5.021
  73640                JUNCTION      1.00     1.00     0  00:00       0.646       0.646      10.068
  21367                JUNCTION      0.00     0.61     0  04:58           0       0.322      22.595
  20606                JUNCTION      0.00     2.30     0  04:09           0        1.27       4.216
  26243                JUNCTION      1.00     1.00     0  00:00       0.646       0.646       8.804
  18414                JUNCTION      1.00     1.00     0  00:00       0.646       0.646       7.963
  20698                JUNCTION      0.00     1.52     0  02:11           0       0.899       6.573
  18398                JUNCTION      1.00     1.00     0  00:00       0.646       0.646       7.625
  26230                JUNCTION      0.00     2.52     0  04:04           0        1.47       3.757
  71043                JUNCTION      1.00     1.00     0  00:00       0.646       0.646       9.455
  66223                JUNCTION      0.00     0.00     0  00:00           0           0       0.000 gal
  71069                JUNCTION      1.00     1.00     0  00:00       0.646       0.646       9.793
  21380                JUNCTION      1.00     1.00     0  00:00       0.646       0.646      10.699
  18381                JUNCTION      1.00     1.00     0  00:00       0.646       0.646       7.735
  49287                JUNCTION      1.00     1.00     0  00:00       0.646       0.646       8.571
  20336                JUNCTION      0.00     2.00     0  02:58           0        1.14       4.871
  20695                JUNCTION      1.00     1.00     0  00:00       0.646       0.646       9.464
  20605                JUNCTION      0.00     2.97     0  03:00           0        1.63       3.249
  49244T               JUNCTION      0.00     8.71     0  14:44           0        4.56       1.098
  26254                JUNCTION      1.00     1.48     0  04:04       0.646       0.906       6.218
  26251                JUNCTION      1.00     1.00     0  00:00       0.646       0.646       8.990
  18397                JUNCTION      0.00     1.88     0  03:50           0        1.12       4.291
  18177                JUNCTION      0.00     0.76     0  01:59           0       0.454      11.367
  26235                JUNCTION      0.00     5.55     0  03:47           0        3.19       1.696
  18380                JUNCTION      1.00     1.00     0  00:00       0.646       0.646       7.701
  26219                JUNCTION      0.00     3.64     0  03:32           0        1.94       2.719
  21373                JUNCTION      0.00     2.48     0  04:23           0        1.33       4.808
  20444                JUNCTION      0.00     2.00     0  02:38           0        1.18       4.701
  71046                JUNCTION      0.00     2.00     0  03:09           0        1.18       5.047
  20614                JUNCTION      0.00     2.00     0  02:53           0        1.19       4.541
  49224                JUNCTION      0.00     2.55     0  04:18           0        1.32       3.549
  20745                JUNCTION      1.00     1.00     0  00:00       0.646       0.646       9.303
  49405                JUNCTION      1.00     1.00     0  00:00       0.646       0.646       9.895
  20694                JUNCTION      1.00     1.00     0  00:00       0.646       0.646       9.443
  71050                JUNCTION      1.00     1.00     0  00:00       0.646       0.646       9.751
  26231                JUNCTION      0.00     1.00     1  00:00           0       0.593       9.806
  66223T               JUNCTION      0.00     4.78     0  03:34           0        2.67       1.812
  18331                JUNCTION      1.00     1.00     0  00:00       0.646       0.646       7.629
  73637                JUNCTION      1.00     1.00     0  00:00       0.646       0.646       9.815
  73636                JUNCTION      0.00     2.00     0  03:13           0        1.18       5.088
  49526                JUNCTION      0.00     2.30     0  03:21           0        1.19       4.558
  21348                JUNCTION      0.00     1.29     0  08:08           0       0.669       9.965
  18196                JUNCTION      0.00     1.36     0  05:02           0       0.766       6.614
  18379                JUNCTION      0.00     1.48     0  03:03           0       0.801       6.469
  20716                JUNCTION      1.00     1.00     0  00:00       0.646       0.646       9.014
  21722                JUNCTION      1.00     1.00     0  00:00       0.646       0.646      10.015
  18388                JUNCTION      1.00     1.00     0  00:00       0.646       0.646       7.662
  20617                JUNCTION      1.00     1.00     0  00:00       0.646       0.646       8.823
  49543                JUNCTION      0.00     4.72     0  05:04           0        2.44       2.316
  49303                JUNCTION      0.00     3.07     0  03:32           0        1.73       3.079
  20313                JUNCTION      1.00     1.00     0  00:00       0.646       0.646       8.514
  21721                JUNCTION      1.00     1.00     0  00:00       0.646       0.646       9.993
  26253                JUNCTION      1.00     1.00     0  00:00       0.646       0.646       9.025
  73639                JUNCTION      0.00     4.58     0  04:20           0        2.46       2.359
  71047                JUNCTION      1.00     1.00     0  00:00       0.646       0.646       9.511
  49226BT              JUNCTION      0.00    10.67     0  14:44           0        5.64       0.982
  21341                JUNCTION      1.00     1.00     0  00:00       0.646       0.646       9.944
  73664                JUNCTION      1.00     1.00     0  00:00       0.646       0.646       7.773
  20765                JUNCTION      0.00     2.00     0  03:14           0        1.18       5.229
  18605                JUNCTION      0.00     2.23     0  03:40           0         1.2       3.970
  18467                JUNCTION      0.00     0.84     0  01:52           0       0.505       9.757
  20352                JUNCTION      1.00     1.00     0  00:00       0.646       0.646       7.949
  26218                JUNCTION      1.00     1.00     0  00:00       0.646       0.646       8.823
  20618                JUNCTION      1.00     1.00     0  00:00       0.646       0.646       8.774
  26639                JUNCTION      0.00     0.38     0  03:54           0       0.208      27.378
  32101                JUNCTION      0.00     3.79     0  03:34           0        2.12       2.267
  20338                JUNCTION      1.00     1.00     0  00:00       0.646       0.646       8.498
  18389                JUNCTION      0.00     1.81     0  03:07           0        1.03       4.792
  20272                JUNCTION      0.00     4.61     0  02:50           0        2.42       5.706
  20350                JUNCTION      1.00     1.00     0  00:00       0.646       0.646       8.535
  21371                JUNCTION      0.00     2.39     0  04:26           0        1.28       5.011
  20702                JUNCTION      0.00     4.52     1  00:00           0        2.61       2.022
  18378                JUNCTION      1.00     1.00     0  00:00       0.646       0.646       7.752
  49226AT              JUNCTION      0.00    10.91     0  14:48           0        5.69       0.925
  20737                JUNCTION      1.00     1.00     0  00:00       0.646       0.646       8.980
  21347                JUNCTION      1.00     1.00     0  00:00       0.646       0.646      10.235
  20273                JUNCTION      0.00     6.32     1  00:00           0        3.37       1.516
  49343                JUNCTION      0.00     3.16     0  03:46           0        1.68       3.475
  20310                JUNCTION      0.00     2.00     0  02:48           0        1.19       4.430
  18329                JUNCTION      0.00     1.02     1  00:00           0       0.614       8.324
  21311                JUNCTION      1.00     1.00     0  00:00       0.646       0.646      10.007
  20619                JUNCTION      0.00     3.00     0  03:41           0        1.72       2.770
  26255                JUNCTION      1.00     1.00     0  00:00       0.646       0.646       9.018
  20693                JUNCTION      0.00     2.00     0  02:17           0        1.18       3.860
  49546                JUNCTION      0.00     4.72     0  04:48           0        2.49       2.154
  21372                JUNCTION      1.00     1.00     0  00:00       0.646       0.646      10.233
  20718                JUNCTION      0.00     4.00     0  03:19           0        2.32       2.410
  21375                JUNCTION      1.00     1.00     0  00:00       0.646       0.646      10.423
  21345                JUNCTION      1.00     1.00     0  00:00       0.646       0.646      10.228
  24558                JUNCTION      1.00     1.00     0  00:00       0.646       0.646       9.861
  18603                JUNCTION      0.00     1.00     0  01:59           0       0.594       8.441
  66162                JUNCTION      0.00     2.00     0  02:23           0        1.18       4.670
  20302                JUNCTION      0.00     2.51     0  03:18           0        1.37       3.925
  20762                JUNCTION      0.00     3.79     0  03:35           0        2.06       2.796
  20344                JUNCTION      1.00     1.29     0  03:54       0.646       0.792       6.769
  20767                JUNCTION      1.00     1.00     0  00:00       0.646       0.646       9.828
  20340                JUNCTION      0.00     1.21     0  03:25           0       0.604       9.162
  49277                JUNCTION      1.00     1.00     0  00:00       0.646       0.646       7.976
  21382                JUNCTION      1.00     1.00     0  00:00       0.646       0.646      10.619
  18330                JUNCTION      1.00     1.00     0  00:00       0.646       0.646       7.654
  18328                JUNCTION      0.00     1.58     0  03:39           0       0.694       7.658
  18194                JUNCTION      0.00     0.67     0  01:52           0       0.402      13.569
  49288                JUNCTION      1.00     1.00     0  00:00       0.646       0.646       8.814
  25392                JUNCTION      1.00     1.00     0  00:00       0.646       0.646       8.873
  20720                JUNCTION      1.00     1.00     0  00:00       0.646       0.646       8.742
  20742                JUNCTION      1.00     1.00     0  00:00       0.646       0.646       9.479
  18602                JUNCTION      0.00     0.11     0  03:39           0      0.0566     414.385
  24568                JUNCTION      1.00     1.00     0  00:00       0.646       0.646      10.115
  20303                JUNCTION      0.00     2.30     0  05:49           0        1.18       4.569
  20723                JUNCTION      1.00     1.00     0  00:00       0.646       0.646       9.043
  20309                JUNCTION      0.00     3.01     0  03:52           0         1.6       3.269
  49345                JUNCTION      1.00     1.00     0  00:00       0.646       0.646       9.861
  20348                JUNCTION      0.00     2.01     0  02:50           0        1.19       4.502
  20735                JUNCTION      0.00     5.00     0  06:34           0        2.74       1.946
  18391                JUNCTION      0.00     2.61     0  03:44           0        1.39       3.501
  20349                JUNCTION      1.00     1.00     0  00:00       0.646       0.646       8.533
  49281                JUNCTION      0.00     2.21     0  08:27           0        1.13       4.425
  21315                JUNCTION      1.00     1.00     0  00:00       0.646       0.646       9.738
  20354                JUNCTION      1.00     1.00     0  00:00       0.646       0.646       8.290
  49238                JUNCTION      1.00     1.00     0  00:00       0.646       0.646       7.865
  20741                JUNCTION      1.00     1.00     0  00:00       0.646       0.646       9.353
  71030                JUNCTION      0.00     6.80     0  04:07           0        3.72       1.448
  49278                JUNCTION      1.00     1.00     0  00:00       0.646       0.646       8.056
  73556                JUNCTION      1.00     1.30     0  05:00       0.646       0.803       8.040
  20739                JUNCTION      0.00     3.00     0  06:25           0        1.61       3.430
  18465T               JUNCTION      0.00     0.49     0  08:33           0       0.215      28.516
  20760                JUNCTION      0.00     4.72     0  04:33           0        2.55       2.166
  21314                JUNCTION      0.00     2.00     0  03:12           0        1.18       5.082
  21723                JUNCTION      1.00     1.00     0  00:00       0.646       0.646      10.115
  20681                JUNCTION      1.00     1.00     0  00:00       0.646       0.646       9.663
  18494                JUNCTION      0.00     1.96     0  03:08           0        1.18       4.152
  24567                JUNCTION      0.00     2.57     0  04:26           0        1.36       4.844
  25391AS              JUNCTION      1.00     1.42     0  08:06       0.646       0.875       6.168
  25391                JUNCTION      0.00     0.90     0  01:55           0       0.535      10.672
  25410                JUNCTION      1.00     1.00     0  00:00       0.646       0.646       8.377
  20721                JUNCTION      0.00     2.00     0  02:57           0        1.19       4.664
  18495                JUNCTION      1.00     1.00     0  00:00       0.646       0.646       7.655
  20692                JUNCTION      1.00     1.00     0  00:00       0.646       0.646       9.436
  18601                JUNCTION      1.00     1.09     0  20:11       0.646       0.657       7.517
  20705                JUNCTION      1.00     1.00     0  00:00       0.646       0.646       9.170
  18606                JUNCTION      1.00     1.00     0  00:00       0.646       0.646       7.729
  24556                JUNCTION      0.00     2.00     0  03:14           0        1.18       5.281
  21396                JUNCTION      1.00     1.00     0  00:00       0.646       0.646      10.266
  49558                JUNCTION      0.00     2.00     0  06:15           0        1.07       5.381
  49280                JUNCTION      0.00     0.00     0  00:00           0           0       0.000 gal
  20307                JUNCTION      1.00     1.00     0  00:00       0.646       0.646       8.131
  18200                JUNCTION      1.00     1.00     0  00:00       0.646       0.646       8.242
  71035                JUNCTION      0.00     3.72     0  04:05           0        2.01       2.665
  73553                JUNCTION      1.00     1.00     0  00:00       0.646       0.646      10.412
  25409                JUNCTION      1.00     1.00     0  00:00       0.646       0.646       8.328
  21383                JUNCTION      0.00     2.18     0  04:19           0        1.12       5.768
  20687                JUNCTION      1.00     1.00     0  00:00       0.646       0.646       9.384
  18326                JUNCTION      0.00     2.04     0  04:51           0         1.1       5.072
  25391BS              JUNCTION      1.00     1.00     0  00:00       0.646       0.646       8.611
  18182                JUNCTION      1.00     1.00     0  00:00       0.646       0.646       8.465
  18376                JUNCTION      0.00     1.00     0  03:24           0         0.6       8.362
  18488                JUNCTION      1.00     1.00     0  00:00       0.646       0.646       7.583
  49235                JUNCTION      1.00     1.00     0  00:00       0.646       0.646       7.729
  49553                JUNCTION      1.00     1.00     0  00:00       0.646       0.646       8.970
  20314                JUNCTION      1.00     1.00     0  00:00       0.646       0.646       8.289
  20315                JUNCTION      0.00     1.63     0  03:47           0       0.923       5.815
  21317                JUNCTION      0.00     4.82     0  03:56           0         2.4       3.079
  20680                JUNCTION      0.00     3.00     0  03:34           0        1.71       3.501
  18607                JUNCTION      1.00     1.00     0  00:00       0.646       0.646       7.756
  20757                JUNCTION      1.00     1.00     0  00:00       0.646       0.646       9.287
  21386                JUNCTION      0.00     2.00     0  03:23           0        1.17       5.472
  49560                JUNCTION      0.00     1.00     0  06:08           0       0.536      11.300
  21329                JUNCTION      1.00     1.00     0  00:00       0.646       0.646       9.894
  18377                JUNCTION      1.00     1.00     0  00:00       0.646       0.646       7.627
  18489                JUNCTION      0.00     1.92     0  02:37           0        1.06       4.527
  20346                JUNCTION      0.00     2.18     0  03:57           0        1.18       4.467
  25408                JUNCTION      0.00     1.00     1  00:00           0       0.597       9.114
  20316                JUNCTION      1.00     1.00     0  00:00       0.646       0.646       8.453
  21327                JUNCTION      1.00     1.00     0  00:00       0.646       0.646       9.812
  20733                JUNCTION      1.00     1.00     0  00:00       0.646       0.646       8.876
  20728                JUNCTION      1.00     1.00     0  00:00       0.646       0.646       9.184
  21387                JUNCTION      1.00     1.00     0  00:00       0.646       0.646      10.373
  20686                JUNCTION      0.00     1.00     1  00:00           0       0.591      10.308
  49356                JUNCTION      0.00     4.56     0  04:22           0        2.54       2.456
  21328                JUNCTION      0.00     2.00     0  02:14           0        1.18       5.131
  18322                JUNCTION      1.00     1.00     0  00:00       0.646       0.646       7.660
  18490                JUNCTION      0.00     0.35     1  00:00           0       0.199      29.660
  20731                JUNCTION      1.00     1.00     0  00:00       0.646       0.646       8.712
  49357                JUNCTION      1.00     1.00     0  00:00       0.646       0.646       9.236
  73552                JUNCTION      0.00     3.50     0  05:09           0        1.85       3.260
  71750                JUNCTION      1.00     1.00     0  00:00       0.646       0.646       7.657
  20305                JUNCTION      0.00     0.96     0  03:52           0       0.516      10.427
  25407                JUNCTION      0.00     2.32     0  03:57           0        1.19       4.313
  21726                JUNCTION      0.00     3.32     0  05:04           0        1.33       4.696
  18174T               JUNCTION      0.00     0.00     0  00:00           0           0       0.000 gal
  49230                JUNCTION      0.00     0.00     0  00:00           0           0       0.000 gal
  18184                JUNCTION      0.00     0.00     0  00:00           0           0       0.000 gal
  21725                JUNCTION      0.00     1.00     0  05:07           0       0.587       0.000
  21392                JUNCTION      0.00     1.70     0  05:36           0       0.902       0.000
  71782                JUNCTION      0.00     0.00     0  00:00           0           0       0.000 gal
  20732                JUNCTION      0.00     0.00     0  00:00           0           0       0.000 gal
  21389                JUNCTION      0.00     0.00     0  00:00           0           0       0.000 gal
  21390                JUNCTION      0.00     0.00     0  00:00           0           0       0.000 gal
  71081                JUNCTION      0.00     0.00     0  00:00           0           0       0.000 gal
  18374                JUNCTION      0.00     0.76     0  04:16           0       0.386       0.000
  21330                JUNCTION      0.00     2.01     0  04:16           0        1.12       0.000
  49282                JUNCTION      0.00     0.00     0  00:00           0           0       0.000 gal
  18185                JUNCTION      0.00     0.00     0  00:00           0           0       0.000 gal
  20755                JUNCTION      0.00     0.00     0  00:00           0           0       0.000 gal
  49561                JUNCTION      0.00     0.00     0  00:00           0           0       0.000 gal
  20320                JUNCTION      0.00     0.00     0  00:00           0           0       0.000 gal
  20685                JUNCTION      0.00     0.00     0  00:00           0           0       0.000 gal
  18163                JUNCTION      0.00     0.00     0  00:00           0           0       0.000 gal
  49404                JUNCTION      0.00     0.00     0  00:00           0           0       0.000 gal
  20750                JUNCTION      0.00     0.00     0  00:00           0           0       0.000 gal
  20749                JUNCTION      0.00     0.00     0  00:00           0           0       0.000 gal
  20333                JUNCTION      0.00     0.47     0  04:36           0       0.255       0.000
  49346                JUNCTION      0.00     0.00     0  00:00           0           0       0.000 gal
  21331                JUNCTION      0.00     0.00     0  00:00           0           0       0.000 gal
  49347                JUNCTION      0.00     4.56     0  04:46           0        2.48       0.000
  18317                JUNCTION      0.00     2.84     0  05:48           0        1.54       0.000
  26224                JUNCTION      0.00     0.00     0  00:00           0           0       0.000 gal
  20332                JUNCTION      0.00     0.00     0  00:00           0           0       0.000 gal
  24585                JUNCTION      0.00     0.00     0  00:00           0           0       0.000 gal
  24586                JUNCTION      0.00     0.00     0  00:00           0           0       0.000 gal
  20754                JUNCTION      0.00     0.00     0  00:00           0           0       0.000 gal
  20358                JUNCTION      0.00     0.00     0  00:00           0           0       0.000 gal
  24590                JUNCTION      0.00     0.00     0  00:00           0           0       0.000 gal
  49232                JUNCTION      0.00     0.00     0  00:00           0           0       0.000 gal
  20671                JUNCTION      0.00     0.00     0  00:00           0           0       0.000 gal
  25405                JUNCTION      0.00     0.00     0  00:00           0           0       0.000 gal
  21398                JUNCTION      0.00     0.00     0  00:00           0           0       0.000 gal
  24570                JUNCTION      0.00     0.00     0  00:00           0           0       0.000 gal
  18311                JUNCTION      0.00     0.00     0  00:00           0           0       0.000 gal
  46898                JUNCTION      0.00     0.00     0  00:00           0           0       0.000 gal
  18372                JUNCTION      0.00     0.00     0  00:00           0           0       0.000 gal
  20427                JUNCTION      0.00     1.00     0  03:39           0       0.596       0.000
  20322                JUNCTION      0.00     0.00     0  00:00           0           0       0.000 gal
  20323                JUNCTION      0.00     0.00     0  00:00           0           0       0.000 gal
  18316                JUNCTION      0.00     0.00     0  00:00           0           0       0.000 gal
  20768                JUNCTION      0.00     0.00     0  00:00           0           0       0.000 gal
  18318                JUNCTION      0.00     0.00     0  00:00           0           0       0.000 gal
  20684                JUNCTION      0.00     0.00     0  00:00           0           0       0.000 gal
  20318                JUNCTION      0.00     0.00     0  00:00           0           0       0.000 gal
  49407                JUNCTION      0.00     0.00     0  00:00           0           0       0.000 gal
  73570                JUNCTION      0.00     0.00     0  00:00           0           0       0.000 gal
  20331                JUNCTION      0.00     0.00     0  00:00           0           0       0.000 gal
  21043                JUNCTION      0.00     0.00     0  00:00           0           0       0.000 gal
  18492                JUNCTION      0.00     0.00     0  00:00           0           0       0.000 gal
  49595                JUNCTION      0.00     0.00     0  00:00           0           0       0.000 gal
  49395                JUNCTION      0.00     0.00     0  00:00           0           0       0.000 gal
  48897T               JUNCTION      0.00     0.59     0  14:41           0       0.167       0.000
  49374                JUNCTION      0.00     0.00     0  00:00           0           0       0.000 gal
  20675                JUNCTION      0.00     0.00     0  00:00           0           0       0.000 gal
  21399                JUNCTION      0.00     0.00     0  00:00           0           0       0.000 gal
  24589                JUNCTION      0.00     0.00     0  00:00           0           0       0.000 gal
  49233                JUNCTION      0.00     0.00     0  00:00           0           0       0.000 gal
  49234                JUNCTION      0.00     0.00     0  00:00           0           0       0.000 gal
  20683                JUNCTION      0.00     0.00     0  00:00           0           0       0.000 gal
  49373                JUNCTION      0.00     0.00     0  00:00           0           0       0.000 gal
  18318W               JUNCTION      0.00     0.00     0  00:00           0           0       0.000 gal
  73112BA              JUNCTION      0.00     0.00     0  00:00           0           0       0.000 gal
  73113BA              JUNCTION      0.00     0.00     0  00:00           0           0       0.000 gal
  49372                JUNCTION      0.00     0.00     0  00:00           0           0       0.000 gal
  73113AA              JUNCTION      0.00     0.00     0  00:00           0           0       0.000 gal
  20769                JUNCTION      0.00     0.00     0  00:00           0           0       0.000 gal
  73113T               JUNCTION      0.00     0.00     0  00:00           0           0       0.000 gal
  73112AA              JUNCTION      0.00     0.00     0  00:00           0           0       0.000 gal
  18305                JUNCTION      0.00     0.00     0  00:00           0           0       0.000 gal
  18306                JUNCTION      0.00     0.00     0  00:00           0           0       0.000 gal
  49569                JUNCTION      0.00     0.00     0  00:00           0           0       0.000 gal
  73112T               JUNCTION      0.00     0.00     0  00:00           0           0       0.000 gal
  18401                JUNCTION      0.00     0.00     0  00:00           0           0       0.000 gal
  20674                JUNCTION      0.00     0.00     0  00:00           0           0       0.000 gal
  26221                JUNCTION      1.00     2.26     0  03:17       0.646        1.37       3.597
  18168                JUNCTION      0.00     0.00     0  00:00           0           0       0.000 gal
  73571                JUNCTION      0.00     0.00     0  00:00           0           0       0.000 gal
  49567                JUNCTION      0.00     0.00     0  00:00           0           0       0.000 gal
  24569                JUNCTION      0.00     0.00     0  00:00           0           0       0.000 gal
  18134                JUNCTION      0.00     0.00     0  00:00           0           0       0.000 gal
  20426                JUNCTION      0.00     0.00     0  00:00           0           0       0.000 gal
  18307                JUNCTION      0.00     0.00     0  00:00           0           0       0.000 gal
  26222                JUNCTION      0.00     0.00     0  00:00           0           0       0.000 gal
  20330                JUNCTION      0.00     0.00     0  00:00           0           0       0.000 gal
  21703                JUNCTION      0.00     0.00     0  00:00           0           0       0.000 gal
  18188                JUNCTION      0.00     0.00     0  00:00           0           0       0.000 gal
  20325                JUNCTION      0.00     0.00     0  00:00           0           0       0.000 gal
  25404BH              JUNCTION      0.00     0.00     0  00:00           0           0       0.000 gal
  49568                JUNCTION      0.00     0.00     0  00:00           0           0       0.000 gal
  20364                JUNCTION      0.00     0.00     0  00:00           0           0       0.000 gal
  18138                JUNCTION      0.00     0.00     0  00:00           0           0       0.000 gal
  73577                JUNCTION      0.00     0.00     0  00:00           0           0       0.000 gal
  21337                JUNCTION      0.00     0.00     0  00:00           0           0       0.000 gal
  21336                JUNCTION      0.00     0.00     0  00:00           0           0       0.000 gal
  21711                JUNCTION      0.00     0.00     0  00:00           0           0       0.000 gal
  21706                JUNCTION      0.00     0.00     0  00:00           0           0       0.000 gal
  20326                JUNCTION      0.00     0.00     0  00:00           0           0       0.000 gal
  18314                JUNCTION      0.00     0.00     0  00:00           0           0       0.000 gal
  18132                JUNCTION      0.00     0.00     0  00:00           0           0       0.000 gal
  31154                JUNCTION      0.00     0.00     0  00:00           0           0       0.000 gal
  71733                JUNCTION      0.00     0.00     0  00:00           0           0       0.000 gal
  21710                JUNCTION      0.00     0.00     0  00:00           0           0       0.000 gal
  24659                JUNCTION      0.00     0.00     0  00:00           0           0       0.000 gal
  49247                JUNCTION      0.00     0.00     0  00:00           0           0       0.000 gal
  49570                JUNCTION      0.00     0.00     0  00:00           0           0       0.000 gal
  18133                JUNCTION      0.00     0.00     0  00:00           0           0       0.000 gal
  49607                JUNCTION      0.00     0.00     0  00:00           0           0       0.000 gal
  26262                JUNCTION      0.00     0.00     0  00:00           0           0       0.000 gal
  21731                JUNCTION      0.00     0.00     0  00:00           0           0       0.000 gal
  49375                JUNCTION      0.00     0.00     0  00:00           0           0       0.000 gal
  24658                JUNCTION      0.00     0.00     0  00:00           0           0       0.000 gal
  20361                JUNCTION      0.00     0.00     0  00:00           0           0       0.000 gal
  21707                JUNCTION      0.00     0.00     0  00:00           0           0       0.000 gal
  18302                JUNCTION      0.00     0.00     0  00:00           0           0       0.000 gal
  20328                JUNCTION      0.00     0.00     0  00:00           0           0       0.000 gal
  21708                JUNCTION      0.00     0.00     0  00:00           0           0       0.000 gal
  32452                JUNCTION      0.00     0.00     0  00:00           0           0       0.000 gal
  73594                JUNCTION      0.00     0.00     0  00:00           0           0       0.000 gal
  49256                JUNCTION      0.00     0.00     0  00:00           0           0       0.000 gal
  20327                JUNCTION      0.00     0.00     0  00:00           0           0       0.000 gal
  49596                JUNCTION      0.00     0.00     0  00:00           0           0       0.000 gal
  24663                JUNCTION      0.00     0.00     0  00:00           0           0       0.000 gal
  49365                JUNCTION      0.00     0.00     0  00:00           0           0       0.000 gal
  24582                JUNCTION      0.00     0.00     0  00:00           0           0       0.000 gal
  21734                JUNCTION      0.00     0.00     0  00:00           0           0       0.000 gal
  20365                JUNCTION      0.00     0.00     0  00:00           0           0       0.000 gal
  20667                JUNCTION      0.00     0.00     0  00:00           0           0       0.000 gal
  48895T               JUNCTION      0.00     0.00     0  00:00           0           0       0.000 gal
  24664                JUNCTION      0.00     0.00     0  00:00           0           0       0.000 gal
  65753                JUNCTION      0.00     0.00     0  00:00           0           0       0.000 gal
  71731                JUNCTION      0.00     0.00     0  00:00           0           0       0.000 gal
  21712                JUNCTION      0.00     0.00     0  00:00           0           0       0.000 gal
  20677                JUNCTION      0.00     0.00     0  00:00           0           0       0.000 gal
  71031                JUNCTION      0.00     0.00     0  00:00           0           0       0.000 gal
  49367                JUNCTION      0.00     0.00     0  00:00           0           0       0.000 gal
  48894                JUNCTION      0.00     0.00     0  00:00           0           0       0.000 gal
  18309                JUNCTION      0.00     0.00     0  00:00           0           0       0.000 gal
  20375                JUNCTION      0.00     0.00     0  00:00           0           0       0.000 gal
  24666                JUNCTION      0.00     0.00     0  00:00           0           0       0.000 gal
  73543                JUNCTION      0.00     0.00     0  00:00           0           0       0.000 gal
  20661                JUNCTION      0.00     0.00     0  00:00           0           0       0.000 gal
  71732                JUNCTION      0.00     0.00     0  00:00           0           0       0.000 gal
  20424                JUNCTION      0.00     0.00     0  00:00           0           0       0.000 gal
  20662                JUNCTION      0.00     0.00     0  00:00           0           0       0.000 gal
  49605                JUNCTION      0.00     0.00     0  00:00           0           0       0.000 gal
  49601                JUNCTION      0.00     0.00     0  00:00           0           0       0.000 gal
  49615                JUNCTION      0.00     0.00     0  00:00           0           0       0.000 gal
  49368                JUNCTION      0.00     0.00     0  00:00           0           0       0.000 gal
  20367                JUNCTION      0.00     0.00     0  00:00           0           0       0.000 gal
  20376                JUNCTION      0.00     0.00     0  00:00           0           0       0.000 gal
  49409                JUNCTION      0.00     0.00     0  00:00           0           0       0.000 gal
  49370                JUNCTION      0.00     0.00     0  00:00           0           0       0.000 gal
  49378                JUNCTION      0.00     0.00     0  00:00           0           0       0.000 gal
  32030                JUNCTION      0.00     0.00     0  00:00           0           0       0.000 gal
  21713                JUNCTION      0.00     0.00     0  00:00           0           0       0.000 gal
  84902                JUNCTION      0.00     0.00     0  00:00           0           0       0.000 gal
  20359                JUNCTION      0.00     0.00     0  00:00           0           0       0.000 gal
  49414                JUNCTION      0.00     0.00     0  00:00           0           0       0.000 gal
  21735                JUNCTION      0.00     0.00     0  00:00           0           0       0.000 gal
  24668                JUNCTION      0.00     0.00     0  00:00           0           0       0.000 gal
  65751                JUNCTION      0.00     0.00     0  00:00           0           0       0.000 gal
  24581                JUNCTION      0.00     0.00     0  00:00           0           0       0.000 gal
  20374                JUNCTION      0.00     0.00     0  00:00           0           0       0.000 gal
  24571                JUNCTION      0.00     0.00     0  00:00           0           0       0.000 gal
  20657                JUNCTION      0.00     0.00     0  00:00           0           0       0.000 gal
  32454                JUNCTION      0.00     0.00     0  00:00           0           0       0.000 gal
  20665                JUNCTION      0.00     0.00     0  00:00           0           0       0.000 gal
  20377                JUNCTION      0.00     0.00     0  00:00           0           0       0.000 gal
  18296                JUNCTION      0.00     0.00     0  00:00           0           0       0.000 gal
  24669                JUNCTION      0.00     0.00     0  00:00           0           0       0.000 gal
  18300                JUNCTION      0.00     0.00     0  00:00           0           0       0.000 gal
  73606                JUNCTION      0.00     0.00     0  00:00           0           0       0.000 gal
  73605                JUNCTION      0.00     0.00     0  00:00           0           0       0.000 gal
  73607                JUNCTION      0.00     0.00     0  00:00           0           0       0.000 gal
  21715                JUNCTION      0.00     0.00     0  00:00           0           0       0.000 gal
  67751                JUNCTION      0.00     0.00     0  00:00           0           0       0.000 gal
  20423BH              JUNCTION      0.00     0.00     0  00:00           0           0       0.000 gal
  49408                JUNCTION      0.00     0.00     0  00:00           0           0       0.000 gal
  48893                JUNCTION      0.00     0.00     0  00:00           0           0       0.000 gal
  24572                JUNCTION      0.00     0.00     0  00:00           0           0       0.000 gal
  20397                JUNCTION      0.00     0.00     0  00:00           0           0       0.000 gal
  49602                JUNCTION      0.00     0.00     0  00:00           0           0       0.000 gal
  73616                JUNCTION      0.00     0.00     0  00:00           0           0       0.000 gal
  20372                JUNCTION      0.00     0.00     0  00:00           0           0       0.000 gal
  79432                JUNCTION      0.00     0.00     0  00:00           0           0       0.000 gal
  79433                JUNCTION      0.00     0.00     0  00:00           0           0       0.000 gal
  73580                JUNCTION      0.00     0.00     0  00:00           0           0       0.000 gal
  18297T               JUNCTION      0.00     0.00     0  00:00           0           0       0.000 gal
  18297AG              JUNCTION      0.00     0.00     0  00:00           0           0       0.000 gal
  18156                JUNCTION      0.00     0.00     0  00:00           0           0       0.000 gal
  20368                JUNCTION      0.00     0.00     0  00:00           0           0       0.000 gal
  48892                JUNCTION      0.00     0.00     0  00:00           0           0       0.000 gal
  49622                JUNCTION      0.00     0.00     0  00:00           0           0       0.000 gal
  49620                JUNCTION      0.00     0.00     0  00:00           0           0       0.000 gal
  49619                JUNCTION      0.00     0.00     0  00:00           0           0       0.000 gal
  18164                JUNCTION      0.00     0.00     0  00:00           0           0       0.000 gal
  71736                JUNCTION      0.00     0.00     0  00:00           0           0       0.000 gal
  26261                JUNCTION      0.00     0.00     0  00:00           0           0       0.000 gal
  73609                JUNCTION      0.00     0.00     0  00:00           0           0       0.000 gal
  26259                JUNCTION      0.00     0.00     0  00:00           0           0       0.000 gal
  66254                JUNCTION      0.00     0.00     0  00:00           0           0       0.000 gal
  71734                JUNCTION      0.00     0.00     0  00:00           0           0       0.000 gal
  71735                JUNCTION      0.00     0.00     0  00:00           0           0       0.000 gal
  73610                JUNCTION      0.00     0.00     0  00:00           0           0       0.000 gal
  20395                JUNCTION      0.00     0.00     0  00:00           0           0       0.000 gal
  49630                JUNCTION      0.00     0.00     0  00:00           0           0       0.000 gal
  18299                JUNCTION      0.00     0.00     0  00:00           0           0       0.000 gal
  20385                JUNCTION      0.00     0.00     0  00:00           0           0       0.000 gal
  24575                JUNCTION      0.00     0.00     0  00:00           0           0       0.000 gal
  73582                JUNCTION      0.00     0.00     0  00:00           0           0       0.000 gal
  49251                JUNCTION      0.00     0.00     0  00:00           0           0       0.000 gal
  49253                JUNCTION      0.00     0.00     0  00:00           0           0       0.000 gal
  73619                JUNCTION      0.00     0.00     0  00:00           0           0       0.000 gal
  24576                JUNCTION      0.00     0.00     0  00:00           0           0       0.000 gal
  18298                JUNCTION      0.00     0.00     0  00:00           0           0       0.000 gal
  73641                JUNCTION      0.00     0.00     0  00:00           0           0       0.000 gal
  73549                JUNCTION      0.00     0.00     0  00:00           0           0       0.000 gal
  79434                JUNCTION      0.00     0.00     0  00:00           0           0       0.000 gal
  49252                JUNCTION      0.00     0.00     0  00:00           0           0       0.000 gal
  66195                JUNCTION      0.00     0.00     0  00:00           0           0       0.000 gal
  49259                JUNCTION      0.00     0.00     0  00:00           0           0       0.000 gal
  20380                JUNCTION      0.00     0.00     0  00:00           0           0       0.000 gal
  18298T               JUNCTION      0.00     0.00     0  00:00           0           0       0.000 gal
  73545                JUNCTION      0.00     0.00     0  00:00           0           0       0.000 gal
  73583                JUNCTION      0.00     0.00     0  00:00           0           0       0.000 gal
  73110                JUNCTION      0.00     0.00     0  00:00           0           0       0.000 gal
  73585                JUNCTION      0.00     0.00     0  00:00           0           0       0.000 gal
  49430                JUNCTION      0.00     0.00     0  00:00           0           0       0.000 gal
  51835                JUNCTION      0.00     0.00     0  00:00           0           0       0.000 gal
  73584                JUNCTION      0.00     0.00     0  00:00           0           0       0.000 gal
  51834                JUNCTION      0.00     0.00     0  00:00           0           0       0.000 gal
  18079                JUNCTION      0.00     0.00     0  00:00           0           0       0.000 gal
  65757                JUNCTION      0.00     0.00     0  00:00           0           0       0.000 gal
  49629                JUNCTION      0.00     0.00     0  00:00           0           0       0.000 gal
  73586                JUNCTION      0.00     0.00     0  00:00           0           0       0.000 gal
  73598                JUNCTION      0.00     0.00     0  00:00           0           0       0.000 gal
  73588                JUNCTION      0.00     0.00     0  00:00           0           0       0.000 gal
  51838                JUNCTION      0.00     0.00     0  00:00           0           0       0.000 gal
  73612                JUNCTION      0.00     0.00     0  00:00           0           0       0.000 gal
  73613                JUNCTION      0.00     0.00     0  00:00           0           0       0.000 gal
  18064                JUNCTION      0.00     0.00     0  00:00           0           0       0.000 gal
  18065                JUNCTION      0.00     0.00     0  00:00           0           0       0.000 gal
  49672                JUNCTION      0.00     0.00     0  00:00           0           0       0.000 gal
  73547                JUNCTION      0.00     0.00     0  00:00           0           0       0.000 gal
  51880                JUNCTION      0.00     0.00     0  00:00           0           0       0.000 gal
  73599                JUNCTION      0.00     0.00     0  00:00           0           0       0.000 gal
  49625                JUNCTION      0.00     0.00     0  00:00           0           0       0.000 gal
  18068                JUNCTION      0.00     0.00     0  00:00           0           0       0.000 gal
  73615                JUNCTION      0.00     0.00     0  00:00           0           0       0.000 gal
  51881                JUNCTION      0.00     0.00     0  00:00           0           0       0.000 gal
  49633                JUNCTION      0.00     0.00     0  00:00           0           0       0.000 gal
  18070                JUNCTION      0.00     0.00     0  00:00           0           0       0.000 gal
  51879                JUNCTION      0.00     0.00     0  00:00           0           0       0.000 gal
  49433                JUNCTION      0.00     0.00     0  00:00           0           0       0.000 gal
  51882                JUNCTION      0.00     0.00     0  00:00           0           0       0.000 gal
  73590                JUNCTION      0.00     0.00     0  00:00           0           0       0.000 gal
  72561                JUNCTION      0.00     0.00     0  00:00           0           0       0.000 gal
  69098                JUNCTION      0.00     0.00     0  00:00           0           0       0.000 gal
  73600                JUNCTION      0.00     0.00     0  00:00           0           0       0.000 gal
  73596                JUNCTION      0.00     0.00     0  00:00           0           0       0.000 gal
  73591                JUNCTION      0.00     0.00     0  00:00           0           0       0.000 gal
  73593                JUNCTION      0.00     0.00     0  00:00           0           0       0.000 gal
  18061                JUNCTION      0.00     0.00     0  00:00           0           0       0.000 gal
  73604                JUNCTION      0.00     0.00     0  00:00           0           0       0.000 gal
  18080                JUNCTION      0.00     0.00     0  00:00           0           0       0.000 gal
  73601                JUNCTION      0.00     0.00     0  00:00           0           0       0.000 gal
  49658                JUNCTION      0.00     0.00     0  00:00           0           0       0.000 gal
  49669                JUNCTION      0.00     0.00     0  00:00           0           0       0.000 gal
  49422                JUNCTION      0.00     0.00     0  00:00           0           0       0.000 gal
  49262                JUNCTION      0.00     0.00     0  00:00           0           0       0.000 gal
  49431                JUNCTION      0.00     0.00     0  00:00           0           0       0.000 gal
  69107                JUNCTION      0.00     0.00     0  00:00           0           0       0.000 gal
  49492                JUNCTION      0.00     0.00     0  00:00           0           0       0.000 gal
  18058                JUNCTION      0.00     0.00     0  00:00           0           0       0.000 gal
  18054                JUNCTION      0.00     0.00     0  00:00           0           0       0.000 gal
  18096                JUNCTION      0.00     0.00     0  00:00           0           0       0.000 gal
  69106                JUNCTION      0.00     0.00     0  00:00           0           0       0.000 gal
  18059                JUNCTION      0.00     0.00     0  00:00           0           0       0.000 gal
  49494                JUNCTION      0.00     0.00     0  00:00           0           0       0.000 gal
  49676                JUNCTION      0.00     0.00     0  00:00           0           0       0.000 gal
  18097                JUNCTION      0.00     0.00     0  00:00           0           0       0.000 gal
  49493                JUNCTION      0.00     0.00     0  00:00           0           0       0.000 gal
  49419                JUNCTION      0.00     0.00     0  00:00           0           0       0.000 gal
  49427                JUNCTION      0.00     0.00     0  00:00           0           0       0.000 gal
  49678                JUNCTION      0.00     0.00     0  00:00           0           0       0.000 gal
  18085                JUNCTION      0.00     0.00     0  00:00           0           0       0.000 gal
  18086                JUNCTION      0.00     0.00     0  00:00           0           0       0.000 gal
  49417                JUNCTION      0.00     0.00     0  00:00           0           0       0.000 gal
  18099                JUNCTION      0.00     0.00     0  00:00           0           0       0.000 gal
  45694                JUNCTION      0.00     0.00     0  00:00           0           0       0.000 gal
  49680                JUNCTION      0.00     0.00     0  00:00           0           0       0.000 gal
  18100                JUNCTION      0.00     0.00     0  00:00           0           0       0.000 gal
  18088                JUNCTION      0.00     0.00     0  00:00           0           0       0.000 gal
  18090                JUNCTION      0.00     0.00     0  00:00           0           0       0.000 gal
  18089                JUNCTION      0.00     0.00     0  00:00           0           0       0.000 gal
  18102                JUNCTION      0.00     0.00     0  00:00           0           0       0.000 gal
  49436                JUNCTION      0.00     0.00     0  00:00           0           0       0.000 gal
  18093                JUNCTION      0.00     0.00     0  00:00           0           0       0.000 gal
  49437                JUNCTION      0.00     0.00     0  00:00           0           0       0.000 gal
  69104                JUNCTION      0.00     0.00     0  00:00           0           0       0.000 gal
  18092                JUNCTION      0.00     0.00     0  00:00           0           0       0.000 gal
  49438                JUNCTION      0.00     0.00     0  00:00           0           0       0.000 gal
  30684                JUNCTION      0.00     0.00     0  00:00           0           0       0.000 gal
  46266                JUNCTION      0.00     0.00     0  00:00           0           0       0.000 gal
  01654                JUNCTION      0.00     0.00     0  00:00           0           0       0.000 gal
  46271                JUNCTION      0.00     0.00     0  00:00           0           0       0.000 gal
  46232                JUNCTION      0.00     0.00     0  00:00           0           0       0.000 gal
  01675                JUNCTION      0.00     0.00     0  00:00           0           0       0.000 gal
  01674                JUNCTION      0.00     0.00     0  00:00           0           0       0.000 gal
  46158                JUNCTION      0.00     0.00     0  00:00           0           0       0.000 gal
  46231                JUNCTION      0.00     0.00     0  00:00           0           0       0.000 gal
  46157                JUNCTION      0.00     0.00     0  00:00           0           0       0.000 gal
  46161                JUNCTION      0.00     0.00     0  00:00           0           0       0.000 gal
  46150                JUNCTION      0.00     0.00     0  00:00           0           0       0.000 gal
  46166                JUNCTION      0.00     0.00     0  00:00           0           0       0.000 gal
  46171                JUNCTION      0.00     0.00     0  00:00           0           0       0.000 gal
  46226                JUNCTION      0.00     0.00     0  00:00           0           0       0.000 gal
  46205                JUNCTION      0.00     0.00     0  00:00           0           0       0.000 gal
  01666                JUNCTION      0.00     0.00     0  00:00           0           0       0.000 gal
  01672                JUNCTION      0.00     0.00     0  00:00           0           0       0.000 gal
  01673                JUNCTION      0.00     0.00     0  00:00           0           0       0.000 gal
  29055                JUNCTION      0.00     0.00     0  00:00           0           0       0.000 gal
  18081                JUNCTION      0.00     0.00     0  00:00           0           0       0.000 gal
  49489                JUNCTION      1.00     1.00     0  00:00       0.646       0.646       9.720
  49442                JUNCTION      0.00     0.00     0  00:00           0           0       0.000 gal
  18045                JUNCTION      0.00     0.00     0  00:00           0           0       0.000 gal
  46234                JUNCTION      0.00     0.00     0  00:00           0           0       0.000 gal
  HGS-O1               JUNCTION      0.00     0.00     0  00:00           0           0       0.000 gal
  HGS-O2               JUNCTION      0.00     0.00     0  00:00           0           0       0.000 gal
  Node_48897           JUNCTION      1.00     1.68     0  03:29       0.646       0.647       7.838
  Node_10571073        JUNCTION      0.00     1.89     0  03:30           0         0.6       0.000
  HW_49347-346         JUNCTION      1.00     1.00     0  00:00       0.646       0.646       8.841
  Node_9346            JUNCTION      1.00     1.00     0  00:00       0.646       0.646       9.088
  Node_1023958         JUNCTION      0.00     1.00     0  03:54           0       0.592       0.000
  HW_1725-328          JUNCTION      1.00     1.00     0  00:00       0.646       0.646       9.796
  HW_18317-318         JUNCTION      1.00     2.04     0  03:07       0.646        1.24       3.807
  Node_18318           JUNCTION      1.00     1.00     0  00:00       0.646       0.646       7.431
  Node_10471067        JUNCTION      0.00     0.99     0  01:53           0       0.598       0.000
  HW_1392-552          JUNCTION      1.00     1.51     0  08:57       0.646       0.856       7.371
  HW_8374-376          JUNCTION      1.00     3.75     0  11:44       0.646        2.17       2.173
  Node_177             JUNCTION      1.00     1.00     0  00:00       0.646       0.646       8.311
  Node_1000833         JUNCTION      0.00     1.06     0  03:33           0       0.597       0.000
  Node_9230            JUNCTION      1.00     1.00     0  00:00       0.646       0.646       7.812
  Node_1001884         JUNCTION      0.00     1.00     0  03:23           0       0.599       0.000
  Node_74              JUNCTION      1.00     1.00     0  00:00       0.646       0.646       8.048
  Node_10021000        JUNCTION      0.00     1.10     0  03:31           0       0.598       0.000
  HW_71782-230         JUNCTION      1.00     5.17     0  04:35       0.646        2.95       1.589
  HW_1389-387          JUNCTION      1.00     1.00     0  00:00       0.646       0.646      10.410
  HW_21390-392         JUNCTION      1.00     1.07     0  05:08       0.646       0.647      10.562
  HW_9282-280          JUNCTION      1.00     1.00     0  00:00       0.646       0.646       8.217
  Node_184             JUNCTION      1.00     1.00     0  00:00       0.646       0.646       7.936
  Node_10131002        JUNCTION      0.00     1.07     0  03:30           0       0.599       0.000
  HW_9561-560          JUNCTION      1.00     1.00     0  00:00       0.646       0.646       9.380
  HW_20320-318         JUNCTION      1.00     1.00     0  00:00       0.646       0.646       8.318
  HW_20318-426         JUNCTION      1.00     1.00     0  00:00       0.646       0.646       8.239
  HW_20426-427         JUNCTION      1.00     1.00     0  00:00       0.646       0.646       8.203
  HW_8163-238          JUNCTION      1.00     1.00     0  00:00       0.646       0.646       7.870
  HW_9404-387          JUNCTION      1.00     1.00     0  00:00       0.646       0.646      10.522
  HW_20750-768         JUNCTION      1.00     1.00     0  00:00       0.646       0.646       9.044
  HW_20768-769         JUNCTION      1.00     1.00     0  00:00       0.646       0.646       8.924
  HW_20749-750         JUNCTION      1.00     1.00     0  00:00       0.646       0.646       9.090
  HW_21331-330         JUNCTION      1.00     1.00     0  00:00       0.646       0.646       9.607
  HW_26224-222         JUNCTION      1.00     1.00     0  04:14       0.646       0.647       8.194
  HW_26222-221         JUNCTION      1.00     1.00     0  00:00       0.646       0.646       7.939
  Node_10811002        JUNCTION      0.00     0.00     0  00:00           0           0       0.000 gal
  HW_20332-333         JUNCTION      1.00     1.00     0  00:00       0.646       0.646       8.423
  HW_4585-357          JUNCTION      1.00     1.00     0  00:00       0.646       0.646       9.781
  HW_24586-585         JUNCTION      1.00     1.00     0  00:00       0.646       0.646       9.771
  HW_20754-683         JUNCTION      1.00     2.07     0  06:23       0.646        1.24       4.855
  HW_20683-750         JUNCTION      1.00     1.00     0  00:00       0.646       0.646       9.532
  HW_0358-194          JUNCTION      1.00     1.00     0  00:00       0.646       0.646       8.652
  HW_24590-586         JUNCTION      1.00     1.00     0  00:00       0.646       0.646       9.847
  HW_49232-492         JUNCTION      1.00     1.00     0  00:00       0.646       0.646       7.625
  HW_8492-490          JUNCTION      1.00     1.00     0  00:00       0.646       0.646       7.687
  HW_5405-407          JUNCTION      1.00     1.00     0  00:00       0.646       0.646       8.455
  HW_21398-399         JUNCTION      1.00     1.00     0  00:00       0.646       0.646      10.306
  HW_21399-407         JUNCTION      1.00     1.00     0  00:00       0.646       0.646      10.284
  HW_49407-374         JUNCTION      1.00     1.00     0  00:00       0.646       0.646      10.210
  HW_9374-726          JUNCTION      1.00     1.00     0  00:00       0.646       0.646      10.041
  HW_24570-395         JUNCTION      1.00     1.00     0  00:00       0.646       0.646      10.485
  HW_49395-399         JUNCTION      1.00     1.00     0  00:00       0.646       0.646      10.616
  HW_18311-318         JUNCTION      1.00     1.96     0  03:07       0.646        1.19       4.080
  Node_10401000        JUNCTION      0.00     0.00     0  00:00           0           0       0.000 gal
  HW_18372-374         JUNCTION      1.00     3.46     0  02:58       0.646        2.04       2.320
  HW_20322-323         JUNCTION      1.00     1.00     0  00:00       0.646       0.646       8.313
  HW_20323-325         JUNCTION      1.00     1.00     0  00:00       0.646       0.646       8.363
  HW_20325-318         JUNCTION      1.00     1.00     0  00:00       0.646       0.646       8.260
  HW_18316-317         JUNCTION      1.00     1.00     0  00:00       0.646       0.646       7.456
  HW_20684-683         JUNCTION      1.00     4.93     0  06:23       0.646        2.81       2.027
  HW_73570-585         JUNCTION      1.00     1.00     0  00:00       0.646       0.646       9.964
  Node_20331           JUNCTION      1.00     1.00     0  00:00       0.646       0.646       8.454
  Node_10521053        JUNCTION      0.00     1.00     0  03:43           0       0.596       0.000
  HW_21043-330         JUNCTION      1.00     1.53     0  04:06       0.646       0.935       5.698
  HW_20330-323         JUNCTION      1.00     1.00     0  00:00       0.646       0.646       8.330
  HW_9595-731          JUNCTION      1.00     1.00     0  00:00       0.646       0.646       9.137
  HW_20675-674         JUNCTION      1.00     1.00     0  00:00       0.646       0.646       9.647
  HW_20674-671         JUNCTION      1.00     1.00     0  00:00       0.646       0.646       9.646
  HW_24589-586         JUNCTION      1.00     1.00     0  00:00       0.646       0.646       9.962
  HW_49233-234         JUNCTION      1.00     2.56     0  07:50       0.646        1.48       3.218
  HW_49234-492         JUNCTION      1.00     1.00     0  00:00       0.646       0.646       7.602
  HW_49373-331         JUNCTION      1.00     1.00     0  00:00       0.646       0.646       9.983
  Node_73113           JUNCTION      1.00     1.41     0  03:17       0.646       0.646       7.372
  Node_10731078        JUNCTION      0.00     1.46     0  03:17           0       0.602       0.000
  HW_49372-373         JUNCTION      1.00     1.00     0  00:00       0.646       0.646       9.964
  HW_18305-302         JUNCTION      1.00     1.00     0  00:00       0.646       0.646       7.561
  Node_95              JUNCTION      1.00     1.00     0  00:00       0.646       0.646       7.773
  Node_11201134        JUNCTION      0.00     0.00     0  00:00           0           0       0.000 gal
  HW_48895T-894        JUNCTION      1.00     3.00     0  02:53       0.646        1.78       2.681
  HW_48894-299         JUNCTION      1.00     1.96     0  04:13       0.646        1.18       5.730
  HW_18299-658         JUNCTION      1.00     1.00     0  00:00       0.646       0.646      12.440
  HW_49658-684         JUNCTION      1.00     1.00     0  00:00       0.646       0.646      17.017
  HW_18306-307         JUNCTION      1.00     5.31     1  00:00       0.646        2.91       1.569
  HW_18307-302         JUNCTION      1.00     1.00     0  00:00       0.646       0.646       7.501
  HW_49569-567         JUNCTION      1.00     1.00     0  00:00       0.646       0.646       9.637
  HW_49567-671         JUNCTION      1.00     1.00     0  00:00       0.646       0.646       9.672
  Node_10781134        JUNCTION      0.00     1.04     0  03:22           0         0.6       0.000
  Node_185             JUNCTION      1.00     1.00     0  00:00       0.646       0.646       8.281
  Node_10791013        JUNCTION      0.00     0.00     0  00:00           0           0       0.000 gal
  HW_8168-238          JUNCTION      1.00     1.00     0  00:00       0.646       0.646       8.080
  HW_73571-594         JUNCTION      1.00     1.00     0  00:00       0.646       0.646       9.922
  HW_73594-543         JUNCTION      1.00     1.00     0  00:00       0.646       0.646       9.545
  HW_73543-367         JUNCTION      1.00     1.00     0  00:00       0.646       0.646       9.316
  HW_49367-365         JUNCTION      1.00     1.00     0  00:00       0.646       0.646       9.299
  HW_49365-346         JUNCTION      1.00     1.00     0  00:00       0.646       0.646       9.164
  HW_24569-395         JUNCTION      1.00     1.00     0  00:00       0.646       0.646      10.431
  Node_97              JUNCTION      1.00     1.00     0  00:00       0.646       0.646       7.355
  Node_10861057        JUNCTION      0.00     0.00     0  00:00           0           0       0.000 gal
  HW_21703-407         JUNCTION      1.00     1.00     0  00:00       0.646       0.646      10.274
  Node_10921013        JUNCTION      0.00     1.00     0  03:35           0       0.597       0.000
  Node_25404           JUNCTION      1.00     1.00     0  00:00       0.646       0.646       8.532
  Node_10941053        JUNCTION      0.00     1.05     0  03:44           0       0.595       0.000
  HW_49568-567         JUNCTION      1.00     1.00     0  00:00       0.646       0.646       9.634
  HW_20364-361         JUNCTION      1.00     1.00     0  00:00       0.646       0.646       8.230
  HW_20361-222         JUNCTION      1.00     2.00     0  04:14       0.646        1.18       4.248
  Node_134             JUNCTION      1.00     1.00     0  00:00       0.646       0.646       7.587
  Node_10971086        JUNCTION      0.00     0.00     0  00:00           0           0       0.000 gal
  HW_73577-594         JUNCTION      1.00     1.00     0  00:00       0.646       0.646       9.909
  HW_21337-373         JUNCTION      1.00     1.00     0  00:00       0.646       0.646      10.157
  HW_21336-331         JUNCTION      1.00     1.00     0  00:00       0.646       0.646      10.127
  HW_21711-710         JUNCTION      1.00     1.00     0  00:00       0.646       0.646      10.408
  HW_21710-708         JUNCTION      1.00     1.00     0  00:00       0.646       0.646      10.382
  HW_21708-707         JUNCTION      1.00     1.00     0  00:00       0.646       0.646      10.287
  HW_21707-374         JUNCTION      1.00     1.00     0  00:00       0.646       0.646      10.292
  HW_21706-708         JUNCTION      1.00     1.00     0  00:00       0.646       0.646      10.286
  HW_20326-325         JUNCTION      1.00     1.00     0  00:00       0.646       0.646       8.235
  HW_18314-307         JUNCTION      1.00     2.04     1  00:00       0.646        1.16       4.264
  Node_133             JUNCTION      1.00     1.00     0  00:00       0.646       0.646       7.652
  Node_11051112        JUNCTION      0.00     1.01     0  03:23           0         0.6       0.000
  Node_11121086        JUNCTION      0.00     1.00     0  03:20           0       0.601       0.000
  HW_31154-768         JUNCTION      1.00     1.00     0  00:00       0.646       0.646       9.669
  HW_71733-256         JUNCTION      1.00     1.16     0  04:55       0.646       0.728       6.773
  HW_49256-732         JUNCTION      1.00     1.00     0  00:00       0.646       0.646       7.665
  Node_11481112        JUNCTION      0.00     0.00     0  00:00           0           0       0.000 gal
  HW_24659-368         JUNCTION      1.00     1.00     0  00:00       0.646       0.646       9.984
  HW_49368-543         JUNCTION      1.00     1.00     0  00:00       0.646       0.646       9.376
  Node_168             JUNCTION      1.00     1.00     0  00:00       0.646       0.646       8.169
  Node_11101082        JUNCTION      0.00     1.06     0  03:33           0       0.597       0.000
  HW_49570-661         JUNCTION      1.00     1.00     0  00:00       0.646       0.646       9.726
  HW_20661-615         JUNCTION      1.00     1.00     0  00:00       0.646       0.646       9.649
  HW_49615-657         JUNCTION      1.00     1.00     0  00:00       0.646       0.646       9.590
  Node_20657           JUNCTION      1.00     1.00     0  00:00       0.646       0.646       9.583
  Node_11711140        JUNCTION      0.00     1.00     0  04:09           0        0.59       0.000
  HW_71031-605         JUNCTION      1.00     1.00     0  00:00       0.646       0.646       9.421
  HW_49605-601         JUNCTION      1.00     1.00     0  00:00       0.646       0.646       9.325
  HW_49601-769         JUNCTION      1.00     1.00     0  00:00       0.646       0.646       9.078
  Node_49607           JUNCTION      1.00     1.00     0  00:00       0.646       0.646       9.624
  Node_11131140        JUNCTION      0.00     1.00     0  04:10           0        0.59       0.000
  HW_26262-615         JUNCTION      1.00     1.00     0  00:00       0.646       0.646       9.638
  HW_21731-666         JUNCTION      1.00     1.00     0  00:00       0.646       0.646       9.952
  HW_24666-668         JUNCTION      1.00     2.00     0  04:26       0.646        1.18       5.146
  HW_24668-669         JUNCTION      1.00     1.00     0  00:00       0.646       0.646       9.620
  Node_24669           JUNCTION      1.00     1.00     0  00:00       0.646       0.646       9.624
  Node_11761160        JUNCTION      0.00     1.00     0  04:10           0        0.59       0.000
  HW_32030-370         JUNCTION      1.00     1.00     0  00:00       0.646       0.646       9.469
  HW_49370-368         JUNCTION      1.00     1.00     0  00:00       0.646       0.646       9.394
  HW_49375-712         JUNCTION      1.00     1.00     0  00:00       0.646       0.646      10.425
  HW_21712-710         JUNCTION      1.00     1.00     0  00:00       0.646       0.646      10.355
  HW_24658-664         JUNCTION      1.00     1.00     0  00:00       0.646       0.646      10.009
  Node_24664           JUNCTION      1.00     1.00     0  00:00       0.646       0.646       9.781
  Node_11351160        JUNCTION      0.00     1.01     0  04:12           0       0.589       0.000
  HW_20328-330         JUNCTION      1.00     1.47     0  04:06       0.646       0.898       5.948
  HW_32452-769         JUNCTION      1.00     1.00     0  00:00       0.646       0.646       9.101
  HW_20327-424         JUNCTION      1.00     1.29     0  04:12       0.646       0.801       6.648
  HW_20424-426         JUNCTION      1.00     1.00     0  00:00       0.646       0.646       8.434
  HW_49596-452         JUNCTION      1.00     1.00     0  00:00       0.646       0.646       9.049
  HW_24663-664         JUNCTION      1.00     1.00     0  00:00       0.646       0.646       9.870
  HW_24582-668         JUNCTION      1.00     1.00     0  00:00       0.646       0.646       9.988
  HW_21734-902         JUNCTION      1.00     1.00     0  00:00       0.646       0.646      10.056
  HW_84902-666         JUNCTION      1.00     1.00     0  00:00       0.646       0.646       9.751
  HW_20365-367         JUNCTION      1.00     1.00     0  04:08       0.646       0.647       8.281
  HW_20367-361         JUNCTION      1.00     1.00     0  00:00       0.646       0.646       8.040
  HW_20667-662         JUNCTION      1.00     1.00     0  00:00       0.646       0.646       9.755
  HW_20662-661         JUNCTION      1.00     1.00     0  00:00       0.646       0.646       9.629
  HW_65753-731         JUNCTION      1.00     1.00     0  00:00       0.646       0.646       7.821
  HW_71731-256         JUNCTION      1.00     4.33     0  04:43       0.646        2.37       1.982
  HW_20677-674         JUNCTION      1.00     1.00     0  00:00       0.646       0.646       9.824
  HW_18309-307         JUNCTION      1.00     2.53     1  00:00       0.646        1.45       3.291
  HW_20375-374         JUNCTION      1.00     1.00     0  00:00       0.646       0.646       8.317
  HW_20374-372         JUNCTION      1.00     1.00     0  00:00       0.646       0.646       8.166
  HW_20372-395         JUNCTION      1.00     1.98     0  03:34       0.646         1.2       4.249
  HW_20395-397         JUNCTION      1.00     1.00     0  00:00       0.646       0.646       8.117
  HW_20397-367         JUNCTION      1.00     2.00     0  04:08       0.646        1.19       4.280
  HW_20376-377         JUNCTION      1.00     1.00     0  00:00       0.646       0.646       8.257
  HW_20377-374         JUNCTION      1.00     1.00     0  00:00       0.646       0.646       8.335
  HW_49409-707         JUNCTION      1.00     1.00     0  00:00       0.646       0.646      10.278
  HW_49378-712         JUNCTION      1.00     1.00     0  00:00       0.646       0.646      10.490
  HW_21713-409         JUNCTION      1.00     1.00     0  00:00       0.646       0.646      10.483
  HW_20359-361         JUNCTION      1.00     1.00     0  00:00       0.646       0.646       8.165
  HW_49414-378         JUNCTION      1.00     1.00     0  00:00       0.646       0.646      10.467
  HW_21735-902         JUNCTION      1.00     1.00     0  00:00       0.646       0.646       9.746
  HW_65751-221         JUNCTION      1.00     1.00     0  00:00       0.646       0.646       8.642
  HW_24581-735         JUNCTION      1.00     1.00     0  00:00       0.646       0.646       9.753
  HW_24571-572         JUNCTION      1.00     1.00     0  00:00       0.646       0.646      10.156
  HW_24572-735         JUNCTION      1.00     1.00     0  00:00       0.646       0.646      10.046
  HW_32454-452         JUNCTION      1.00     1.00     0  00:00       0.646       0.646       9.342
  HW_20665-662         JUNCTION      1.00     1.00     0  00:00       0.646       0.646       9.909
  Node_11751194        JUNCTION      0.00     0.00     0  00:00           0           0       0.000 gal
  HW_18297T-298        JUNCTION      1.00     1.00     0  00:00       0.646       0.646       7.444
  HW_18298-299         JUNCTION      1.00     1.00     0  00:00       0.646       0.646       7.293
  HW_18300-302         JUNCTION      1.00     1.00     0  00:00       0.646       0.646       7.710
  HW_73606-370         JUNCTION      1.00     1.00     0  00:00       0.646       0.646       9.637
  HW_73605-606         JUNCTION      1.00     1.00     0  00:00       0.646       0.646       9.722
  HW_73607-606         JUNCTION      1.00     1.00     0  00:00       0.646       0.646       9.767
  HW_21715-408         JUNCTION      1.00     1.00     0  00:00       0.646       0.646      10.512
  HW_49408-409         JUNCTION      1.00     1.00     0  00:00       0.646       0.646      10.261
  HW_67751-657         JUNCTION      1.00     1.00     0  00:00       0.646       0.646       9.589
  HW_20423B-424        JUNCTION      1.00     2.71     0  04:12       0.646        1.57       3.284
  HW_48893-892         JUNCTION      1.00     1.03     0  03:40       0.646       0.665       7.414
  HW_48892-561         JUNCTION      1.00     1.00     0  00:00       0.646       0.646       8.197
  HW_72561-672         JUNCTION      1.00     1.00     0  00:00       0.646       0.646       7.612
  Node_98              JUNCTION      1.00     1.00     0  00:00       0.646       0.646       7.451
  Node_12491229        JUNCTION      0.00     1.00     0  03:17           0       0.601       0.000
  HW_18298T-298        JUNCTION      1.00     3.00     0  04:00       0.646         1.8       2.526
  HW_49602-601         JUNCTION      1.00     1.00     0  00:00       0.646       0.646       9.053
  HW_73616-580         JUNCTION      1.00     1.38     0  09:02       0.646       0.799       7.729
  HW_73580-669         JUNCTION      1.00     1.00     0  00:00       0.646       0.646       9.688
  HW_79432-433         JUNCTION      1.00     1.00     0  00:00       0.646       0.646       9.952
  HW_79433-367         JUNCTION      1.00     1.00     0  00:00       0.646       0.646       9.980
  Node_11951194        JUNCTION      0.00     1.07     0  03:17           0       0.602       0.000
  Node_163             JUNCTION      1.00     1.00     0  00:00       0.646       0.646       8.494
  Node_11961018        JUNCTION      0.00     1.00     0  03:35           0       0.596       0.000
  HW_20368-397         JUNCTION      1.00     1.00     0  00:00       0.646       0.646       8.066
  HW_49622-620         JUNCTION      1.00     1.00     0  00:00       0.646       0.646       9.685
  HW_49620-619         JUNCTION      1.00     1.00     0  00:00       0.646       0.646       9.477
  HW_49619-365         JUNCTION      1.00     1.00     0  00:00       0.646       0.646       9.442
  Node_12021082        JUNCTION      0.00     0.00     0  00:00           0           0       0.000 gal
  HW_71736-734         JUNCTION      1.00     1.00     0  00:00       0.646       0.646       7.950
  Node_12081018        JUNCTION      0.00     0.00     0  00:00           0           0       0.000 gal
  HW_26261-605         JUNCTION      1.00     1.00     0  00:00       0.646       0.646       9.581
  HW_73609-606         JUNCTION      1.00     1.00     0  00:00       0.646       0.646       9.964
  HW_26259-261         JUNCTION      1.00     1.00     0  00:00       0.646       0.646       9.757
  HW_66254-657         JUNCTION      1.00     1.00     0  00:00       0.646       0.646      10.041
  HW_71735-734         JUNCTION      1.00     1.00     0  00:00       0.646       0.646       7.935
  HW_73610-609         JUNCTION      1.00     1.00     0  00:00       0.646       0.646       9.962
  HW_49630-620         JUNCTION      1.00     1.00     0  00:00       0.646       0.646       9.741
  HW_20385-395         JUNCTION      1.00     2.02     0  03:34       0.646        1.22       4.470
  HW_24575-572         JUNCTION      1.00     1.00     0  00:00       0.646       0.646      10.130
  HW_73582-580         JUNCTION      1.00     1.11     0  09:02       0.646       0.691       9.177
  HW_49251-253         JUNCTION      1.00     1.00     0  00:00       0.646       0.646       7.911
  HW_49253-234         JUNCTION      1.00     1.00     0  00:00       0.646       0.646       8.246
  HW_73619-575         JUNCTION      1.00     1.00     0  00:00       0.646       0.646      10.167
  HW_24576-575         JUNCTION      1.00     1.00     0  00:00       0.646       0.646      10.131
  HW_73641-378         JUNCTION      1.00     1.00     0  00:00       0.646       0.646      10.633
  HW_73549-545         JUNCTION      1.00     1.00     0  00:00       0.646       0.646      10.453
  HW_73545-408         JUNCTION      1.00     1.00     0  00:00       0.646       0.646      10.411
  HW_79434-433         JUNCTION      1.00     1.00     0  00:00       0.646       0.646      10.091
  HW_49252-253         JUNCTION      1.00     1.00     0  00:00       0.646       0.646       7.924
  HW_66195-372         JUNCTION      1.00     1.00     0  00:00       0.646       0.646       8.237
  HW_49259-433         JUNCTION      1.00     2.59     0  03:06       0.646        1.53       3.323
  HW_49433-431         JUNCTION      1.00     1.68     0  04:08       0.646        1.01       4.965
  HW_49431-427         JUNCTION      1.00     4.42     0  05:37       0.646        2.47       2.019
  HW_49427-438         JUNCTION      1.00     9.25     1  00:00       0.646        4.74       1.094
  HW_49438-437         JUNCTION      1.00     1.00     0  00:00       0.646       0.646       8.017
  HW_49437-436         JUNCTION      1.00     2.00     0  03:54       0.646        1.19       4.111
  HW_49436-680         JUNCTION      1.00     1.48     0  02:54       0.646       0.923       5.468
  HW_49680-678         JUNCTION      1.00    14.33     0  03:47       0.646        7.77       0.605
  HW_49678-676         JUNCTION      1.00     1.39     0  06:36       0.646       0.833       6.003
  HW_49676-561         JUNCTION      1.00     5.95     0  11:02       0.646        3.42       1.451
  HW_20380-377         JUNCTION      1.00     1.00     0  00:00       0.646       0.646       8.375
  HW_73583-582         JUNCTION      1.00     1.00     0  00:00       0.646       0.646      10.073
  Node_12321229        JUNCTION      0.00     0.00     0  00:00           0           0       0.000 gal
  HW_73585-582         JUNCTION      1.00     1.00     0  00:00       0.646       0.646       9.987
  Node_12341264        JUNCTION      0.00     0.00     0  00:00           0           0       0.000 gal
  HW_69098-422         JUNCTION      1.00     1.63     0  05:48       0.646        0.98       5.080
  HW_49422-419         JUNCTION      1.00     1.15     0  18:05       0.646       0.687       7.652
  HW_49419-417         JUNCTION      1.00     3.31     0  04:06       0.646        1.89       2.529
  HW_49417-436         JUNCTION      1.00     1.00     0  00:00       0.646       0.646       7.955
  HW_51835-838         JUNCTION      1.00     1.00     0  00:00       0.646       0.646      10.013
  HW_51838-261         JUNCTION      1.00     1.00     0  00:00       0.646       0.646       9.797
  HW_73584-585         JUNCTION      1.00     1.00     0  00:00       0.646       0.646       9.957
  HW_51834-882         JUNCTION      1.00     1.00     0  00:00       0.646       0.646       9.985
  HW_51882-879         JUNCTION      1.00     1.00     0  00:00       0.646       0.646       9.843
  HW_51879-838         JUNCTION      1.00     1.00     0  00:00       0.646       0.646       9.777
  HW_18079-230         JUNCTION      1.00     1.00     0  00:00       0.646       0.646       9.060
  HW_65757-669         JUNCTION      1.00     1.00     0  00:00       0.646       0.646      10.331
  HW_49629-622         JUNCTION      1.00     1.00     0  00:00       0.646       0.646       9.947
  HW_73586-585         JUNCTION      1.00     1.00     0  00:00       0.646       0.646      10.075
  HW_73598-599         JUNCTION      1.00     1.00     0  00:00       0.646       0.646      10.346
  HW_73599-757         JUNCTION      1.00     1.00     0  00:00       0.646       0.646      10.248
  HW_73588-586         JUNCTION      1.00     1.00     0  00:00       0.646       0.646      10.152
  HW_73612-609         JUNCTION      1.00     1.00     0  00:00       0.646       0.646      10.034
  HW_73613-612         JUNCTION      1.00     1.00     0  00:00       0.646       0.646      10.002
  HW_18064-419         JUNCTION      1.00     1.00     0  00:00       0.646       0.646       8.418
  HW_18065-422         JUNCTION      1.00     1.37     0  05:48       0.646       0.846       5.954
  HW_73547-545         JUNCTION      1.00     1.00     0  00:00       0.646       0.646      10.429
  HW_51880-879         JUNCTION      1.00     1.00     0  00:00       0.646       0.646       9.744
  HW_49625-622         JUNCTION      1.00     1.00     0  00:00       0.646       0.646      10.018
  HW_18068-234         JUNCTION      1.00     1.44     0  07:50       0.646       0.884       5.914
  HW_73615-612         JUNCTION      1.00     1.00     0  00:00       0.646       0.646      10.086
  HW_51881-882         JUNCTION      1.00     1.00     0  00:00       0.646       0.646       9.838
  HW_49633-619         JUNCTION      1.00     1.00     0  00:00       0.646       0.646      10.139
  HW_18070-892         JUNCTION      1.00     3.97     0  03:40       0.646         2.3       2.087
  HW_73590-586         JUNCTION      1.00     1.00     0  00:00       0.646       0.646      10.122
  HW_73600-599         JUNCTION      1.00     1.00     0  00:00       0.646       0.646      10.373
  HW_73596-757         JUNCTION      1.00     1.00     0  00:00       0.646       0.646      10.349
  HW_73591-590         JUNCTION      1.00     1.00     0  00:00       0.646       0.646      10.103
  HW_73593-590         JUNCTION      1.00     1.00     0  00:00       0.646       0.646      10.243
  HW_18061-731         JUNCTION      1.00     1.00     0  00:00       0.646       0.646       8.557
  HW_73604-600         JUNCTION      1.00     1.00     0  00:00       0.646       0.646      10.396
  HW_18080-431         JUNCTION      1.00     2.32     0  04:08       0.646        1.35       3.631
  HW_73601-600         JUNCTION      1.00     1.00     0  00:00       0.646       0.646      10.314
  HW_49669-676         JUNCTION      1.00     1.00     0  00:00       0.646       0.646       7.813
  HW_49262-433         JUNCTION      1.00     1.43     0  03:44       0.646       0.885       5.785
  Node_12781287        JUNCTION      0.00     0.00     0  00:00           0           0       0.000 gal
  Node_99              JUNCTION      1.00     1.00     0  00:00       0.646       0.646       8.083
  Node_12871295        JUNCTION      0.00     1.06     0  03:33           0       0.598       0.000
  Node_93              JUNCTION      1.00     1.00     0  00:00       0.646       0.646       8.022
  Node_12951304        JUNCTION      0.00     0.32     0  08:07           0       0.176       0.000
  Node_102             JUNCTION      1.00     1.00     0  00:00       0.646       0.646       8.041
  Node_13041302        JUNCTION      0.00     0.99     0  03:43           0        0.52       0.000
  Node_90              JUNCTION      1.00     1.00     0  00:00       0.646       0.646       8.039
  Node_13021300        JUNCTION      0.00     1.00     0  03:44           0       0.554       0.000
  Node_86              JUNCTION      1.00     1.00     0  00:00       0.646       0.646       8.020
  Node_13001293        JUNCTION      0.00     0.65     0  04:40           0       0.371       0.000
  Node_85              JUNCTION      1.00     1.00     0  00:00       0.646       0.646       7.884
  Node_12931292        JUNCTION      0.00     1.08     0  03:30           0       0.599       0.000
  Node_12921264        JUNCTION      0.00     0.00     0  00:00           0           0       0.000 gal
  HW_49492-494         JUNCTION      1.00     1.15     0  10:00       0.646       0.704       7.300
  Node_12851292        JUNCTION      0.00     0.00     0  00:00           0           0       0.000 gal
  HW_18058-732         JUNCTION      1.00     1.00     0  00:00       0.646       0.646       8.526
  HW_18054-678         JUNCTION      1.00     1.00     0  00:00       0.646       0.646       7.765
  Node_12821304        JUNCTION      0.00     0.00     0  00:00           0           0       0.000 gal
  Node_12831287        JUNCTION      0.00     0.00     0  00:00           0           0       0.000 gal
  HW_18059-417         JUNCTION      1.00     1.57     0  04:06       0.646       0.956       5.144
  HW_49493-494         JUNCTION      1.00     1.20     0  10:00       0.646        0.72       7.077
  HW_45694-680         JUNCTION      1.00     2.17     0  02:54       0.646        1.31       3.588
  Node_12981295        JUNCTION      0.00     0.00     0  00:00           0           0       0.000 gal
  Node_12991293        JUNCTION      0.00     0.40     0  02:17           0       0.227       0.000
  Node_13011300        JUNCTION      0.00     0.10     0  02:23           0      0.0445       0.000
  Node_13061304        JUNCTION      0.00     0.73     0  04:13           0       0.422       0.000
  Node_13071302        JUNCTION      0.00     0.14     0  15:33           0      0.0778       0.000
  HW_46266-654         JUNCTION      1.00     1.00     0  00:00       0.646       0.646      10.691
  HW_1654-269          JUNCTION      1.00     1.00     0  00:00       0.646       0.646      10.615
  HW_46271-654         JUNCTION      1.00     1.00     0  00:00       0.646       0.646      10.577
  HW_46232-231         JUNCTION      1.00     1.00     0  00:00       0.646       0.646      10.615
  HW_6231-229          JUNCTION      1.00     1.00     0  00:00       0.646       0.646      10.589
  Node_158             JUNCTION      1.00     1.00     0  00:00       0.646       0.646      10.854
  Node_13141316        JUNCTION      0.00     1.00     0  04:44           0       0.583       0.000
  Node_166             JUNCTION      1.00     1.00     0  00:00       0.646       0.646      11.263
  Node_13161321        JUNCTION      0.00     1.00     0  04:44           0       0.581       0.000
  HW_46166-205         JUNCTION      1.00     1.00     0  00:00       0.646       0.646      10.638
  HW_6205-659          JUNCTION      1.00     1.00     0  00:00       0.646       0.646      10.807
  HW_01674-675         JUNCTION      1.00     1.00     0  00:00       0.646       0.646      10.807
  HW_46157-231         JUNCTION      1.00     1.00     0  00:00       0.646       0.646      10.805
  Node_13191316        JUNCTION      0.00     0.00     0  00:00           0           0       0.000 gal
  HW_46150-675         JUNCTION      1.00     1.00     0  00:00       0.646       0.646      11.099
  Node_13221321        JUNCTION      0.00     0.00     0  00:00           0           0       0.000 gal
  HW_6226-222          JUNCTION      1.00     1.00     0  00:00       0.646       0.646      10.596
  HW_01666-205         JUNCTION      1.00     1.00     0  00:00       0.646       0.646      11.168
  Node_1672            JUNCTION      1.00     1.00     0  00:00       0.646       0.646      11.274
  Node_1326592         JUNCTION      0.00     1.00     0  04:43           0       0.581       0.000
  Node_56              JUNCTION      1.00     1.00     0  00:00       0.646       0.646      10.799
  Node_1327651         JUNCTION      0.00     0.00     0  00:00           0           0       0.000 gal
  Node_1328651         JUNCTION      0.00     1.00     0  04:39           0       0.583       0.000
  HW_18081-427         JUNCTION      1.00     1.94     0  05:37       0.646        1.14       4.638
  HW_49489-438         JUNCTION      1.00     5.15     1  00:00       0.646        2.88       1.776
  HW_49442-489         JUNCTION      1.00     2.37     0  06:19       0.646        1.39       3.542
  HW_18045-489         JUNCTION      1.00     2.91     0  06:19       0.646        1.68       2.891
  HW_6234-229          JUNCTION      1.00     1.00     0  00:00       0.646       0.646      10.521
  HW_GS-P4             JUNCTION      1.00     1.00     0  00:00       0.646       0.646       0.004
  Node_2482742         JUNCTION      0.00     0.00     0  00:00           0           0       0.000 gal
  hgs2                 JUNCTION      1.00     1.00     0  00:00       0.646       0.646       0.004
  hgs3                 JUNCTION      0.00     0.00     0  00:00           0           0       0.000 gal
  HW_HGS-SSO           JUNCTION      1.00     1.00     0  00:00       0.646       0.646       7.596
  Node_24832484        JUNCTION      0.00     1.06     0  01:41           0       0.601       0.000
  Node_10672489        JUNCTION      0.00     0.01     0  03:23           0     0.00359       0.000
  tl2                  JUNCTION      1.00     1.00     0  00:00       0.646       0.646       0.004
  Node_24891069        JUNCTION      0.00     0.00     0  00:00           0           0       0.000 gal
  Node_73              JUNCTION      1.00     1.00     0  00:00       0.646       0.646       7.321
  Node_10691071        JUNCTION      0.00     0.00     0  00:00           0           0       0.000 gal
  Node_10711073        JUNCTION      0.00     1.27     0  01:38           0       0.283       0.000
  HW_18318W-731        JUNCTION      1.00     3.54     0  02:33       0.646        2.08       2.179
  Node_10681074        JUNCTION      0.00     0.00     0  00:00           0           0       0.000 gal
  Node_10741078        JUNCTION      0.00     1.16     0  01:38           0       0.319       0.000
  18823BD              OUTFALL       0.00     0.19     0  03:45           0       0.105       0.000
  HGS-WW               STORAGE       0.00     0.00     0  00:00           0           0       0.000 gal
  UA0013P              STORAGE       0.00     0.00     0  00:00           0           0       0.000 gal
  
  
  **********************
  Node Surcharge Summary
  **********************
  
  Surcharging occurs when water rises above the top of the highest conduit.
  ---------------------------------------------------------------------
                                               Max. Height   Min. Depth
                                   Hours       Above Crown    Below Rim
  Node                 Type      Surcharged           Feet         Feet
  ---------------------------------------------------------------------
  18889                JUNCTION       22.14          0.000        0.000
  18907                JUNCTION       22.21          0.000        0.000
  18908                JUNCTION       20.71          0.000        0.000
  47949                JUNCTION       22.20          0.000        0.000
  18909                JUNCTION       22.21          0.000        0.000
  18886                JUNCTION       20.69          0.000        0.000
  18884                JUNCTION       20.26          0.000        0.000
  18882                JUNCTION       21.32          0.000        0.000
  18896                JUNCTION       20.31          0.000        0.000
  49058CO              JUNCTION       21.92          0.000        0.000
  71594                JUNCTION       19.84          0.000        0.000
  49071                JUNCTION       22.14          0.000        0.000
  47957                JUNCTION       21.77          0.000        0.000
  18552                JUNCTION       21.58          0.000        0.000
  18899                JUNCTION       20.24          0.000        0.000
  47956                JUNCTION       22.09          0.000        0.000
  02246                JUNCTION       19.32          0.000        0.000
  18912                JUNCTION       22.13          0.000        0.000
  02247                JUNCTION       21.72          0.000        0.000
  49074                JUNCTION       20.20          0.000        0.000
  18550                JUNCTION       21.21          0.000        0.000
  18551                JUNCTION       21.17          0.000        0.000
  26798                JUNCTION       21.98          0.000        0.000
  47970                JUNCTION       21.21          0.000        0.000
  18559                JUNCTION       21.59          0.000        0.000
  18538                JUNCTION       22.02          0.000        0.000
  18519                JUNCTION       22.09          0.000        0.000
  48702                JUNCTION       20.59          0.000        0.000
  22019                JUNCTION       22.15          0.000        0.000
  18814                JUNCTION       20.31          0.000        0.000
  49112                JUNCTION       20.13          0.000        0.000
  47955                JUNCTION       22.21          0.000        0.000
  18834                JUNCTION       22.14          0.000        0.000
  02447                JUNCTION       21.99          0.000        0.000
  18568                JUNCTION       22.01          0.000        0.000
  18567                JUNCTION       22.08          0.000        0.000
  22036                JUNCTION       22.07          0.000        0.000
  22014                JUNCTION       20.28          0.000        0.000
  49112T               JUNCTION       20.98          0.000        0.000
  46274                JUNCTION       21.71          0.000        0.000
  02231                JUNCTION       20.44          0.000        0.000
  48695                JUNCTION       19.80          0.000        0.000
  18836                JUNCTION       20.77          0.000        0.000
  46270                JUNCTION       21.71          0.000        0.000
  22024                JUNCTION       20.29          0.000        0.000
  49108                JUNCTION       19.23          0.000        0.000
  18571                JUNCTION       22.15          0.000        0.000
  22017                JUNCTION       22.07          0.000        0.000
  18541                JUNCTION       19.91          0.000        0.000
  22026                JUNCTION       21.18          0.000        0.000
  22037                JUNCTION       22.11          0.000        0.000
  18816                JUNCTION       21.86          0.000        0.000
  02225                JUNCTION       21.71          0.000        0.000
  18838                JUNCTION       21.99          0.000        0.000
  02226                JUNCTION       21.64          0.000        0.000
  22016                JUNCTION       22.12          0.000        0.000
  02481                JUNCTION       20.46          0.000        0.000
  18821                JUNCTION       22.10          0.000        0.000
  49159                JUNCTION       20.87          0.000        0.000
  18832                JUNCTION       22.08          0.000        0.000
  18522                JUNCTION       21.83          0.000        0.000
  18542                JUNCTION       21.74          0.000        0.000
  02480                JUNCTION       22.01          0.000        0.000
  18574                JUNCTION       20.72          0.000        0.000
  18564                JUNCTION       20.73          0.000        0.000
  21823                JUNCTION       21.97          0.000        0.000
  02493                JUNCTION       21.90          0.000        0.000
  18817                JUNCTION       19.86          0.000        0.000
  18533                JUNCTION       22.03          0.000        0.000
  22039                JUNCTION       21.93          0.000        0.000
  18839                JUNCTION       22.07          0.000        0.000
  18595                JUNCTION       20.24          0.000        0.000
  22006                JUNCTION       20.14          0.000        0.000
  02452                JUNCTION       21.32          0.000        0.000
  49089                JUNCTION       22.05          0.000        0.000
  02483                JUNCTION       20.17          0.000        0.000
  49101                JUNCTION       21.18          0.000        0.000
  18850                JUNCTION       22.24          0.000        0.000
  18851                JUNCTION       21.08          0.000        0.000
  18583                JUNCTION       22.11          0.000        0.000
  02508                JUNCTION       20.96          0.000        0.000
  18594                JUNCTION       22.25          0.000        0.000
  18531                JUNCTION       20.91          0.000        0.000
  02489                JUNCTION       21.88          0.000        0.000
  18576                JUNCTION       20.43          0.000        0.000
  21822                JUNCTION       20.89          0.000        0.000
  18852                JUNCTION       22.11          0.000        0.000
  18588                JUNCTION       20.03          0.000        0.000
  22004                JUNCTION       19.37          0.000        0.000
  49099                JUNCTION       20.88          0.000        0.000
  18589                JUNCTION       22.11          0.000        0.000
  18586                JUNCTION       22.24          0.000        0.000
  02462                JUNCTION       17.96          0.000        0.000
  72075                JUNCTION       21.31          0.000        0.000
  22043                JUNCTION        5.38          0.000        0.000
  21849                JUNCTION       18.77          0.000        0.000
  49095                JUNCTION       20.66          0.000        0.000
  22050                JUNCTION       18.94          0.000        0.000
  18877                JUNCTION       21.97          0.000        0.000
  02217                JUNCTION       21.70          0.000        0.000
  18527                JUNCTION       20.66          0.000        0.000
  18582                JUNCTION       20.78          0.000        0.000
  21833                JUNCTION       16.11          0.000        0.000
  02469                JUNCTION       19.06          0.000        0.000
  47979                JUNCTION       22.17          0.000        0.000
  21831                JUNCTION       20.19          0.000        0.000
  18579                JUNCTION       19.65          0.000        0.000
  18581                JUNCTION       20.57          0.000        0.000
  18856                JUNCTION       22.06          0.000        0.000
  18230                JUNCTION       22.08          0.000        0.000
  18549                JUNCTION       20.35          0.000        0.000
  18854                JUNCTION       22.21          0.000        0.000
  49160                JUNCTION       21.29          0.000        0.000
  18504                JUNCTION       20.69          0.000        0.000
  22055                JUNCTION       22.10          0.000        0.000
  21842BH              JUNCTION       22.17          0.000        0.000
  89076                JUNCTION       20.95          0.000        0.000
  02498                JUNCTION       22.02          0.000        0.000
  18452                JUNCTION       20.60          0.000        0.000
  48671                JUNCTION       20.71          0.000        0.000
  65813                JUNCTION       22.11          0.000        0.000
  18480                JUNCTION       22.23          0.000        0.000
  18506                JUNCTION       20.68          0.000        0.000
  27208T               JUNCTION       19.88          0.000        0.000
  49163                JUNCTION       18.42          0.000        0.000
  18509                JUNCTION       22.23          0.000        0.000
  18508                JUNCTION       20.72          0.000        0.000
  18447                JUNCTION       22.24          0.000        0.000
  73657                JUNCTION       19.29          0.000        0.000
  49316                JUNCTION       20.43          0.000        0.000
  18457                JUNCTION       17.24          0.000        0.000
  18371                JUNCTION       21.45          0.000        0.000
  20638                JUNCTION       20.29          0.000        0.000
  71759BS              JUNCTION       21.36          0.000        0.000
  71061                JUNCTION       21.20          0.000        0.000
  20640                JUNCTION       20.00          0.000        0.000
  18448                JUNCTION       21.63          0.000        0.000
  18479                JUNCTION       22.03          0.000        0.000
  66160                JUNCTION       22.24          0.000        0.000
  20290                JUNCTION       19.62          0.000        0.000
  20786                JUNCTION       22.05          0.000        0.000
  26653                JUNCTION       20.67          0.000        0.000
  18502                JUNCTION       20.83          0.000        0.000
  20288                JUNCTION       20.06          0.000        0.000
  18425T               JUNCTION       20.74          0.000        0.000
  66206T               JUNCTION       19.81          0.000        0.000
  20286                JUNCTION       21.24          0.000        0.000
  18485BH              JUNCTION       22.30          0.000        0.000
  18498                JUNCTION       22.18          0.000        0.000
  66202T               JUNCTION       20.45          0.000        0.000
  18515                JUNCTION       20.81          0.000        0.000
  18476                JUNCTION       19.88          0.000        0.000
  25418                JUNCTION       19.96          0.000        0.000
  24701                JUNCTION       21.78          0.000        0.000
  51745                JUNCTION       22.29          0.000        0.000
  25417                JUNCTION       19.85          0.000        0.000
  49323                JUNCTION       20.21          0.000        0.000
  18451                JUNCTION       22.21          0.000        0.000
  71770                JUNCTION       22.27          0.000        0.000
  18413                JUNCTION       22.19          0.000        0.000
  18431T               JUNCTION       20.55          0.000        0.000
  18432BD              JUNCTION       17.25          0.000        0.000
  49222T               JUNCTION       20.74          0.000        0.000
  49528                JUNCTION       20.66          0.000        0.000
  71775                JUNCTION       22.21          0.000        0.000
  71776                JUNCTION       21.65          0.000        0.000
  20282                JUNCTION       20.90          0.000        0.000
  73532                JUNCTION       20.52          0.000        0.000
  26258                JUNCTION       20.46          0.000        0.000
  49222                JUNCTION       20.19          0.000        0.000
  71055                JUNCTION       20.10          0.000        0.000
  21365                JUNCTION       21.77          0.000        0.000
  18386                JUNCTION       20.13          0.000        0.000
  18406                JUNCTION       20.76          0.000        0.000
  20267                JUNCTION       20.77          0.000        0.000
  49530                JUNCTION       21.01          0.000        0.000
  26647                JUNCTION       20.07          0.000        0.000
  24565                JUNCTION       16.47          0.000        0.000
  66161                JUNCTION       17.90          0.000        0.000
  20297                JUNCTION       20.69          0.000        0.000
  21351                JUNCTION       16.24          0.000        0.000
  18470                JUNCTION       22.32          0.000        0.000
  20441                JUNCTION       18.92          0.000        0.000
  73533                JUNCTION       21.61          0.000        0.000
  26240                JUNCTION       20.65          0.000        0.000
  20440                JUNCTION       22.12          0.000        0.000
  26227                JUNCTION       20.55          0.000        0.000
  20746                JUNCTION       21.94          0.000        0.000
  20697                JUNCTION       21.98          0.000        0.000
  71780                JUNCTION       22.25          0.000        0.000
  21368                JUNCTION       21.79          0.000        0.000
  18469                JUNCTION       22.12          0.000        0.000
  18342                JUNCTION       22.24          0.000        0.000
  18382                JUNCTION       21.33          0.000        0.000
  73554                JUNCTION       19.58          0.000        0.000
  71777                JUNCTION       22.26          0.000        0.000
  21377                JUNCTION       19.60          0.000        0.000
  21719                JUNCTION       17.22          0.000        0.000
  18398                JUNCTION       21.30          0.000        0.000
  18381                JUNCTION       22.24          0.000        0.000
  20336                JUNCTION       21.00          0.000        0.000
  20605                JUNCTION       20.77          0.000        0.000
  26254                JUNCTION       22.03          0.000        0.000
  18397                JUNCTION       21.30          0.000        0.000
  18380                JUNCTION       22.27          0.000        0.000
  26219                JUNCTION       20.38          0.000        0.000
  21373                JUNCTION       19.61          0.000        0.000
  20614                JUNCTION       20.96          0.000        0.000
  49224                JUNCTION       19.69          0.000        0.000
  66223T               JUNCTION       20.50          0.000        0.000
  18331                JUNCTION       22.30          0.000        0.000
  21348                JUNCTION       15.83          0.000        0.000
  18379                JUNCTION       20.90          0.000        0.000
  49303                JUNCTION       20.46          0.000        0.000
  73639                JUNCTION       20.22          0.000        0.000
  73664                JUNCTION       22.24          0.000        0.000
  18605                JUNCTION       20.33          0.000        0.000
  18389                JUNCTION       20.85          0.000        0.000
  21371                JUNCTION       19.56          0.000        0.000
  18378                JUNCTION       22.25          0.000        0.000
  49226AT              JUNCTION       19.77          0.000        0.000
  21347                JUNCTION       21.68          0.000        0.000
  20273                JUNCTION       20.42          0.000        0.000
  49343                JUNCTION       20.05          0.000        0.000
  20310                JUNCTION       21.14          0.000        0.000
  20718                JUNCTION       21.01          0.000        0.000
  20302                JUNCTION       20.48          0.000        0.000
  20344                JUNCTION       22.13          0.000        0.000
  21382                JUNCTION       21.63          0.000        0.000
  18328                JUNCTION       19.14          0.000        0.000
  25392                JUNCTION       21.86          0.000        0.000
  20309                JUNCTION       20.13          0.000        0.000
  20348                JUNCTION       21.14          0.000        0.000
  20735                JUNCTION       19.83          0.000        0.000
  18391                JUNCTION       20.25          0.000        0.000
  20354                JUNCTION       22.12          0.000        0.000
  71030                JUNCTION       21.09          0.000        0.000
  49278                JUNCTION       22.21          0.000        0.000
  73556                JUNCTION       21.78          0.000        0.000
  24567                JUNCTION       19.19          0.000        0.000
  25391AS              JUNCTION       22.11          0.000        0.000
  18601                JUNCTION       22.29          0.000        0.000
  18606                JUNCTION       21.95          0.000        0.000
  18200                JUNCTION       22.12          0.000        0.000
  18326                JUNCTION       18.22          0.000        0.000
  25391BS              JUNCTION       22.07          0.000        0.000
  18182                JUNCTION       22.00          0.000        0.000
  18376                JUNCTION       20.53          0.000        0.000
  18488                JUNCTION       21.18          0.000        0.000
  49235                JUNCTION       22.23          0.000        0.000
  20315                JUNCTION       20.15          0.000        0.000
  21317                JUNCTION       19.64          0.000        0.000
  20680                JUNCTION       20.40          0.000        0.000
  18607                JUNCTION       22.26          0.000        0.000
  18489                JUNCTION       21.38          0.000        0.000
  20346                JUNCTION       20.04          0.000        0.000
  73552                JUNCTION       19.59          0.000        0.000
  71750                JUNCTION       22.27          0.000        0.000
  25407                JUNCTION       19.30          0.000        0.000
  18174T               JUNCTION       24.00          0.000        0.000
  49230                JUNCTION       24.00          0.000        0.000
  18184                JUNCTION       24.00          0.000        0.000
  21725                JUNCTION       18.85          0.000        0.000
  21392                JUNCTION       18.39          0.000        0.000
  71782                JUNCTION       24.00          0.000        0.000
  20732                JUNCTION       24.00          0.000        0.000
  21389                JUNCTION       24.00          0.000        0.000
  21390                JUNCTION       24.00          0.000        0.000
  71081                JUNCTION       24.00          0.000        0.000
  18374                JUNCTION       19.72          0.000        0.000
  21330                JUNCTION       19.73          0.000        0.000
  49282                JUNCTION       24.00          0.000        0.000
  18185                JUNCTION       24.00          0.000        0.000
  20755                JUNCTION       24.00          0.000        0.000
  49561                JUNCTION       24.00          0.000        0.000
  20320                JUNCTION       24.00          0.000        0.000
  20685                JUNCTION       24.00          0.000        0.000
  18163                JUNCTION       24.00          0.000        0.000
  49404                JUNCTION       24.00          0.000        0.000
  20750                JUNCTION       24.00          0.000        0.000
  20749                JUNCTION       24.00          0.000        0.000
  20333                JUNCTION       16.01          0.000        0.000
  49346                JUNCTION       24.00          0.000        0.000
  21331                JUNCTION       24.00          0.000        0.000
  49347                JUNCTION       19.75          0.000        0.000
  18317                JUNCTION       19.56          0.000        0.000
  26224                JUNCTION       24.00          0.000        0.000
  20332                JUNCTION       24.00          0.000        0.000
  24585                JUNCTION       24.00          0.000        0.000
  24586                JUNCTION       24.00          0.000        0.000
  20754                JUNCTION       24.00          0.000        0.000
  20358                JUNCTION       24.00          0.000        0.000
  24590                JUNCTION       24.00          0.000        0.000
  49232                JUNCTION       24.00          0.000        0.000
  20671                JUNCTION       24.00          0.000        0.000
  25405                JUNCTION       24.00          0.000        0.000
  21398                JUNCTION       24.00          0.000        0.000
  24570                JUNCTION       24.00          0.000        0.000
  18311                JUNCTION       24.00          0.000        0.000
  46898                JUNCTION       24.00          0.000        0.000
  18372                JUNCTION       24.00          0.000        0.000
  20427                JUNCTION       20.33          0.000        0.000
  20322                JUNCTION       24.00          0.000        0.000
  20323                JUNCTION       24.00          0.000        0.000
  18316                JUNCTION       24.00          0.000        0.000
  20768                JUNCTION       24.00          0.000        0.000
  18318                JUNCTION       24.00          0.000        0.000
  20684                JUNCTION       24.00          0.000        0.000
  20318                JUNCTION       24.00          0.000        0.000
  49407                JUNCTION       24.00          0.000        0.000
  73570                JUNCTION       24.00          0.000        0.000
  20331                JUNCTION       24.00          0.000        0.000
  21043                JUNCTION       24.00          0.000        0.000
  18492                JUNCTION       24.00          0.000        0.000
  49595                JUNCTION       24.00          0.000        0.000
  49395                JUNCTION       24.00          0.000        0.000
  48897T               JUNCTION        7.04          0.000        0.000
  49374                JUNCTION       24.00          0.000        0.000
  20675                JUNCTION       24.00          0.000        0.000
  21399                JUNCTION       24.00          0.000        0.000
  24589                JUNCTION       24.00          0.000        0.000
  49233                JUNCTION       24.00          0.000        0.000
  49234                JUNCTION       24.00          0.000        0.000
  20683                JUNCTION       24.00          0.000        0.000
  49373                JUNCTION       24.00          0.000        0.000
  18318W               JUNCTION       24.00          0.000        0.000
  73112BA              JUNCTION       24.00          0.000        0.000
  73113BA              JUNCTION       24.00          0.000        0.000
  49372                JUNCTION       24.00          0.000        0.000
  73113AA              JUNCTION       24.00          0.000        0.000
  20769                JUNCTION       24.00          0.000        0.000
  73113T               JUNCTION       24.00          0.000        0.000
  73112AA              JUNCTION       24.00          0.000        0.000
  18305                JUNCTION       24.00          0.000        0.000
  18306                JUNCTION       24.00          0.000        0.000
  49569                JUNCTION       24.00          0.000        0.000
  73112T               JUNCTION       24.00          0.000        0.000
  18401                JUNCTION       24.00          0.000        0.000
  20674                JUNCTION       24.00          0.000        0.000
  26221                JUNCTION       22.14          0.000        0.000
  18168                JUNCTION       24.00          0.000        0.000
  73571                JUNCTION       24.00          0.000        0.000
  49567                JUNCTION       24.00          0.000        0.000
  24569                JUNCTION       24.00          0.000        0.000
  18134                JUNCTION       24.00          0.000        0.000
  20426                JUNCTION       24.00          0.000        0.000
  18307                JUNCTION       24.00          0.000        0.000
  26222                JUNCTION       24.00          0.000        0.000
  20330                JUNCTION       24.00          0.000        0.000
  21703                JUNCTION       24.00          0.000        0.000
  18188                JUNCTION       24.00          0.000        0.000
  20325                JUNCTION       24.00          0.000        0.000
  25404BH              JUNCTION       24.00          0.000        0.000
  49568                JUNCTION       24.00          0.000        0.000
  20364                JUNCTION       24.00          0.000        0.000
  18138                JUNCTION       24.00          0.000        0.000
  73577                JUNCTION       24.00          0.000        0.000
  21337                JUNCTION       24.00          0.000        0.000
  21336                JUNCTION       24.00          0.000        0.000
  21711                JUNCTION       24.00          0.000        0.000
  21706                JUNCTION       24.00          0.000        0.000
  20326                JUNCTION       24.00          0.000        0.000
  18314                JUNCTION       24.00          0.000        0.000
  18132                JUNCTION       24.00          0.000        0.000
  31154                JUNCTION       24.00          0.000        0.000
  71733                JUNCTION       24.00          0.000        0.000
  21710                JUNCTION       24.00          0.000        0.000
  24659                JUNCTION       24.00          0.000        0.000
  49247                JUNCTION       24.00          0.000        0.000
  49570                JUNCTION       24.00          0.000        0.000
  18133                JUNCTION       24.00          0.000        0.000
  49607                JUNCTION       24.00          0.000        0.000
  26262                JUNCTION       24.00          0.000        0.000
  21731                JUNCTION       24.00          0.000        0.000
  49375                JUNCTION       24.00          0.000        0.000
  24658                JUNCTION       24.00          0.000        0.000
  20361                JUNCTION       24.00          0.000        0.000
  21707                JUNCTION       24.00          0.000        0.000
  18302                JUNCTION       24.00          0.000        0.000
  20328                JUNCTION       24.00          0.000        0.000
  21708                JUNCTION       24.00          0.000        0.000
  32452                JUNCTION       24.00          0.000        0.000
  73594                JUNCTION       24.00          0.000        0.000
  49256                JUNCTION       24.00          0.000        0.000
  20327                JUNCTION       24.00          0.000        0.000
  49596                JUNCTION       24.00          0.000        0.000
  24663                JUNCTION       24.00          0.000        0.000
  49365                JUNCTION       24.00          0.000        0.000
  24582                JUNCTION       24.00          0.000        0.000
  21734                JUNCTION       24.00          0.000        0.000
  20365                JUNCTION       24.00          0.000        0.000
  20667                JUNCTION       24.00          0.000        0.000
  48895T               JUNCTION       24.00          0.000        0.000
  24664                JUNCTION       24.00          0.000        0.000
  65753                JUNCTION       24.00          0.000        0.000
  71731                JUNCTION       24.00          0.000        0.000
  21712                JUNCTION       24.00          0.000        0.000
  20677                JUNCTION       24.00          0.000        0.000
  71031                JUNCTION       24.00          0.000        0.000
  49367                JUNCTION       24.00          0.000        0.000
  48894                JUNCTION       24.00          0.000        0.000
  18309                JUNCTION       24.00          0.000        0.000
  20375                JUNCTION       24.00          0.000        0.000
  24666                JUNCTION       24.00          0.000        0.000
  73543                JUNCTION       24.00          0.000        0.000
  20661                JUNCTION       24.00          0.000        0.000
  71732                JUNCTION       24.00          0.000        0.000
  20424                JUNCTION       24.00          0.000        0.000
  20662                JUNCTION       24.00          0.000        0.000
  49605                JUNCTION       24.00          0.000        0.000
  49601                JUNCTION       24.00          0.000        0.000
  49615                JUNCTION       24.00          0.000        0.000
  49368                JUNCTION       24.00          0.000        0.000
  20367                JUNCTION       24.00          0.000        0.000
  20376                JUNCTION       24.00          0.000        0.000
  49409                JUNCTION       24.00          0.000        0.000
  49370                JUNCTION       24.00          0.000        0.000
  49378                JUNCTION       24.00          0.000        0.000
  32030                JUNCTION       24.00          0.000        0.000
  21713                JUNCTION       24.00          0.000        0.000
  84902                JUNCTION       24.00          0.000        0.000
  20359                JUNCTION       24.00          0.000        0.000
  49414                JUNCTION       24.00          0.000        0.000
  21735                JUNCTION       24.00          0.000        0.000
  24668                JUNCTION       24.00          0.000        0.000
  65751                JUNCTION       24.00          0.000        0.000
  24581                JUNCTION       24.00          0.000        0.000
  20374                JUNCTION       24.00          0.000        0.000
  24571                JUNCTION       24.00          0.000        0.000
  20657                JUNCTION       24.00          0.000        0.000
  32454                JUNCTION       24.00          0.000        0.000
  20665                JUNCTION       24.00          0.000        0.000
  20377                JUNCTION       24.00          0.000        0.000
  18296                JUNCTION       24.00          0.000        0.000
  24669                JUNCTION       24.00          0.000        0.000
  18300                JUNCTION       24.00          0.000        0.000
  73606                JUNCTION       24.00          0.000        0.000
  73605                JUNCTION       24.00          0.000        0.000
  73607                JUNCTION       24.00          0.000        0.000
  21715                JUNCTION       24.00          0.000        0.000
  67751                JUNCTION       24.00          0.000        0.000
  20423BH              JUNCTION       24.00          0.000        0.000
  49408                JUNCTION       24.00          0.000        0.000
  48893                JUNCTION       24.00          0.000        0.000
  24572                JUNCTION       24.00          0.000        0.000
  20397                JUNCTION       24.00          0.000        0.000
  49602                JUNCTION       24.00          0.000        0.000
  73616                JUNCTION       24.00          0.000        0.000
  20372                JUNCTION       24.00          0.000        0.000
  79432                JUNCTION       24.00          0.000        0.000
  79433                JUNCTION       24.00          0.000        0.000
  73580                JUNCTION       24.00          0.000        0.000
  18297T               JUNCTION       24.00          0.000        0.000
  18297AG              JUNCTION       24.00          0.000        0.000
  18156                JUNCTION       24.00          0.000        0.000
  20368                JUNCTION       24.00          0.000        0.000
  48892                JUNCTION       24.00          0.000        0.000
  49622                JUNCTION       24.00          0.000        0.000
  49620                JUNCTION       24.00          0.000        0.000
  49619                JUNCTION       24.00          0.000        0.000
  18164                JUNCTION       24.00          0.000        0.000
  71736                JUNCTION       24.00          0.000        0.000
  26261                JUNCTION       24.00          0.000        0.000
  73609                JUNCTION       24.00          0.000        0.000
  26259                JUNCTION       24.00          0.000        0.000
  66254                JUNCTION       24.00          0.000        0.000
  71734                JUNCTION       24.00          0.000        0.000
  71735                JUNCTION       24.00          0.000        0.000
  73610                JUNCTION       24.00          0.000        0.000
  20395                JUNCTION       24.00          0.000        0.000
  49630                JUNCTION       24.00          0.000        0.000
  18299                JUNCTION       24.00          0.000        0.000
  20385                JUNCTION       24.00          0.000        0.000
  24575                JUNCTION       24.00          0.000        0.000
  73582                JUNCTION       24.00          0.000        0.000
  49251                JUNCTION       24.00          0.000        0.000
  49253                JUNCTION       24.00          0.000        0.000
  73619                JUNCTION       24.00          0.000        0.000
  24576                JUNCTION       24.00          0.000        0.000
  18298                JUNCTION       24.00          0.000        0.000
  73641                JUNCTION       24.00          0.000        0.000
  73549                JUNCTION       24.00          0.000        0.000
  79434                JUNCTION       24.00          0.000        0.000
  49252                JUNCTION       24.00          0.000        0.000
  66195                JUNCTION       24.00          0.000        0.000
  49259                JUNCTION       24.00          0.000        0.000
  20380                JUNCTION       24.00          0.000        0.000
  18298T               JUNCTION       24.00          0.000        0.000
  73545                JUNCTION       24.00          0.000        0.000
  73583                JUNCTION       24.00          0.000        0.000
  73110                JUNCTION       24.00          0.000        0.000
  73585                JUNCTION       24.00          0.000        0.000
  49430                JUNCTION       24.00          0.000        0.000
  51835                JUNCTION       24.00          0.000        0.000
  73584                JUNCTION       24.00          0.000        0.000
  51834                JUNCTION       24.00          0.000        0.000
  18079                JUNCTION       24.00          0.000        0.000
  65757                JUNCTION       24.00          0.000        0.000
  49629                JUNCTION       24.00          0.000        0.000
  73586                JUNCTION       24.00          0.000        0.000
  73598                JUNCTION       24.00          0.000        0.000
  73588                JUNCTION       24.00          0.000        0.000
  51838                JUNCTION       24.00          0.000        0.000
  73612                JUNCTION       24.00          0.000        0.000
  73613                JUNCTION       24.00          0.000        0.000
  18064                JUNCTION       24.00          0.000        0.000
  18065                JUNCTION       24.00          0.000        0.000
  49672                JUNCTION       24.00          0.000        0.000
  73547                JUNCTION       24.00          0.000        0.000
  51880                JUNCTION       24.00          0.000        0.000
  73599                JUNCTION       24.00          0.000        0.000
  49625                JUNCTION       24.00          0.000        0.000
  18068                JUNCTION       24.00          0.000        0.000
  73615                JUNCTION       24.00          0.000        0.000
  51881                JUNCTION       24.00          0.000        0.000
  49633                JUNCTION       24.00          0.000        0.000
  18070                JUNCTION       24.00          0.000        0.000
  51879                JUNCTION       24.00          0.000        0.000
  49433                JUNCTION       24.00          0.000        0.000
  51882                JUNCTION       24.00          0.000        0.000
  73590                JUNCTION       24.00          0.000        0.000
  72561                JUNCTION       24.00          0.000        0.000
  69098                JUNCTION       24.00          0.000        0.000
  73600                JUNCTION       24.00          0.000        0.000
  73596                JUNCTION       24.00          0.000        0.000
  73591                JUNCTION       24.00          0.000        0.000
  73593                JUNCTION       24.00          0.000        0.000
  18061                JUNCTION       24.00          0.000        0.000
  73604                JUNCTION       24.00          0.000        0.000
  18080                JUNCTION       24.00          0.000        0.000
  73601                JUNCTION       24.00          0.000        0.000
  49658                JUNCTION       24.00          0.000        0.000
  49669                JUNCTION       24.00          0.000        0.000
  49422                JUNCTION       24.00          0.000        0.000
  49262                JUNCTION       24.00          0.000        0.000
  49431                JUNCTION       24.00          0.000        0.000
  69107                JUNCTION       24.00          0.000        0.000
  49492                JUNCTION       24.00          0.000        0.000
  18058                JUNCTION       24.00          0.000        0.000
  18054                JUNCTION       24.00          0.000        0.000
  18096                JUNCTION       24.00          0.000        0.000
  69106                JUNCTION       24.00          0.000        0.000
  18059                JUNCTION       24.00          0.000        0.000
  49494                JUNCTION       24.00          0.000        0.000
  49676                JUNCTION       24.00          0.000        0.000
  18097                JUNCTION       24.00          0.000        0.000
  49493                JUNCTION       24.00          0.000        0.000
  49419                JUNCTION       24.00          0.000        0.000
  49427                JUNCTION       24.00          0.000        0.000
  49678                JUNCTION       24.00          0.000        0.000
  18085                JUNCTION       24.00          0.000        0.000
  18086                JUNCTION       24.00          0.000        0.000
  49417                JUNCTION       24.00          0.000        0.000
  18099                JUNCTION       24.00          0.000        0.000
  45694                JUNCTION       24.00          0.000        0.000
  49680                JUNCTION       24.00          0.000        0.000
  18100                JUNCTION       24.00          0.000        0.000
  18088                JUNCTION       24.00          0.000        0.000
  18090                JUNCTION       24.00          0.000        0.000
  18089                JUNCTION       24.00          0.000        0.000
  18102                JUNCTION       24.00          0.000        0.000
  49436                JUNCTION       24.00          0.000        0.000
  18093                JUNCTION       24.00          0.000        0.000
  49437                JUNCTION       24.00          0.000        0.000
  69104                JUNCTION       24.00          0.000        0.000
  18092                JUNCTION       24.00          0.000        0.000
  49438                JUNCTION       24.00          0.000        0.000
  30684                JUNCTION       24.00          0.000        0.000
  46266                JUNCTION       24.00          0.000        0.000
  01654                JUNCTION       24.00          0.000        0.000
  46271                JUNCTION       24.00          0.000        0.000
  46232                JUNCTION       24.00          0.000        0.000
  01675                JUNCTION       24.00          0.000        0.000
  01674                JUNCTION       24.00          0.000        0.000
  46158                JUNCTION       24.00          0.000        0.000
  46231                JUNCTION       24.00          0.000        0.000
  46157                JUNCTION       24.00          0.000        0.000
  46161                JUNCTION       24.00          0.000        0.000
  46150                JUNCTION       24.00          0.000        0.000
  46166                JUNCTION       24.00          0.000        0.000
  46171                JUNCTION       24.00          0.000        0.000
  46226                JUNCTION       24.00          0.000        0.000
  46205                JUNCTION       24.00          0.000        0.000
  01666                JUNCTION       24.00          0.000        0.000
  01672                JUNCTION       24.00          0.000        0.000
  01673                JUNCTION       24.00          0.000        0.000
  29055                JUNCTION       24.00          0.000        0.000
  18081                JUNCTION       24.00          0.000        0.000
  49442                JUNCTION       24.00          0.000        0.000
  18045                JUNCTION       24.00          0.000        0.000
  46234                JUNCTION       24.00          0.000        0.000
  HGS-O1               JUNCTION       24.00          0.000        0.000
  HGS-O2               JUNCTION       24.00          0.000        0.000
  Node_10571073        JUNCTION       20.50          0.000        0.000
  Node_1023958         JUNCTION       19.90          0.000        0.000
  HW_18317-318         JUNCTION       22.32          0.000        0.000
  Node_10471067        JUNCTION       20.66          0.000        0.000
  HW_1392-552          JUNCTION       21.82          0.000        0.000
  HW_8374-376          JUNCTION       22.29          0.000        0.000
  Node_1000833         JUNCTION       20.40          0.000        0.000
  Node_1001884         JUNCTION       20.59          0.000        0.000
  Node_10021000        JUNCTION       20.46          0.000        0.000
  HW_71782-230         JUNCTION       22.28          0.000        0.000
  HW_21390-392         JUNCTION       19.00          0.000        0.000
  Node_10131002        JUNCTION       20.49          0.000        0.000
  HW_20320-318         JUNCTION       22.16          0.000        0.000
  HW_20318-426         JUNCTION       22.17          0.000        0.000
  HW_20426-427         JUNCTION       22.18          0.000        0.000
  HW_8163-238          JUNCTION       22.25          0.000        0.000
  HW_26224-222         JUNCTION       22.18          0.000        0.000
  HW_26222-221         JUNCTION       22.23          0.000        0.000
  HW_20754-683         JUNCTION       21.87          0.000        0.000
  HW_0358-194          JUNCTION       22.04          0.000        0.000
  HW_49232-492         JUNCTION       22.30          0.000        0.000
  HW_8492-490          JUNCTION       22.29          0.000        0.000
  HW_5405-407          JUNCTION       15.24          0.000        0.000
  HW_18311-318         JUNCTION       22.27          0.000        0.000
  HW_18372-374         JUNCTION       22.28          0.000        0.000
  HW_20325-318         JUNCTION       22.17          0.000        0.000
  HW_18316-317         JUNCTION       22.33          0.000        0.000
  HW_20684-683         JUNCTION       21.92          0.000        0.000
  Node_10521053        JUNCTION       20.27          0.000        0.000
  HW_21043-330         JUNCTION       22.13          0.000        0.000
  HW_49233-234         JUNCTION       22.29          0.000        0.000
  HW_49234-492         JUNCTION       22.30          0.000        0.000
  Node_73113           JUNCTION        0.01          0.000        0.000
  Node_10731078        JUNCTION       20.71          0.000        0.000
  HW_18305-302         JUNCTION       22.31          0.000        0.000
  HW_48895T-894        JUNCTION       22.27          0.000        0.000
  HW_48894-299         JUNCTION       21.63          0.000        0.000
  HW_18299-658         JUNCTION       21.34          0.000        0.000
  HW_49658-684         JUNCTION       20.51          0.000        0.000
  HW_18306-307         JUNCTION       22.33          0.000        0.000
  HW_18307-302         JUNCTION       22.33          0.000        0.000
  Node_10781134        JUNCTION       19.97          0.000        0.000
  HW_8168-238          JUNCTION       22.21          0.000        0.000
  HW_73543-367         JUNCTION       21.95          0.000        0.000
  Node_10921013        JUNCTION       19.76          0.000        0.000
  Node_10941053        JUNCTION       20.25          0.000        0.000
  HW_20364-361         JUNCTION       22.17          0.000        0.000
  HW_20361-222         JUNCTION       22.21          0.000        0.000
  HW_18314-307         JUNCTION       22.24          0.000        0.000
  Node_11051112        JUNCTION       20.61          0.000        0.000
  Node_11121086        JUNCTION       20.65          0.000        0.000
  HW_71733-256         JUNCTION       22.29          0.000        0.000
  HW_49256-732         JUNCTION       22.29          0.000        0.000
  Node_11101082        JUNCTION       20.44          0.000        0.000
  Node_11711140        JUNCTION       19.83          0.000        0.000
  Node_11131140        JUNCTION       19.83          0.000        0.000
  HW_24666-668         JUNCTION       21.86          0.000        0.000
  Node_11761160        JUNCTION       19.82          0.000        0.000
  HW_32030-370         JUNCTION       21.92          0.000        0.000
  Node_11351160        JUNCTION       19.79          0.000        0.000
  HW_20328-330         JUNCTION       22.13          0.000        0.000
  HW_20327-424         JUNCTION       22.15          0.000        0.000
  HW_20424-426         JUNCTION       22.13          0.000        0.000
  HW_49596-452         JUNCTION       22.01          0.000        0.000
  HW_20365-367         JUNCTION       22.16          0.000        0.000
  HW_20367-361         JUNCTION       22.21          0.000        0.000
  HW_20667-662         JUNCTION       21.87          0.000        0.000
  HW_65753-731         JUNCTION       22.25          0.000        0.000
  HW_71731-256         JUNCTION       22.29          0.000        0.000
  HW_18309-307         JUNCTION       22.28          0.000        0.000
  HW_20375-374         JUNCTION       22.16          0.000        0.000
  HW_20372-395         JUNCTION       22.19          0.000        0.000
  HW_20395-397         JUNCTION       22.20          0.000        0.000
  HW_20397-367         JUNCTION       22.19          0.000        0.000
  HW_20376-377         JUNCTION       22.17          0.000        0.000
  HW_20377-374         JUNCTION       22.15          0.000        0.000
  HW_20359-361         JUNCTION       22.19          0.000        0.000
  HW_65751-221         JUNCTION       21.99          0.000        0.000
  HW_32454-452         JUNCTION       21.95          0.000        0.000
  HW_20665-662         JUNCTION       21.84          0.000        0.000
  HW_18297T-298        JUNCTION       22.34          0.000        0.000
  HW_18298-299         JUNCTION       22.37          0.000        0.000
  HW_18300-302         JUNCTION       22.28          0.000        0.000
  HW_73606-370         JUNCTION       21.89          0.000        0.000
  HW_20423B-424        JUNCTION       22.15          0.000        0.000
  HW_48893-892         JUNCTION       22.29          0.000        0.000
  HW_48892-561         JUNCTION       22.07          0.000        0.000
  HW_72561-672         JUNCTION       22.30          0.000        0.000
  Node_12491229        JUNCTION       20.66          0.000        0.000
  HW_18298T-298        JUNCTION       22.36          0.000        0.000
  HW_73616-580         JUNCTION       21.87          0.000        0.000
  Node_11951194        JUNCTION       20.71          0.000        0.000
  Node_11961018        JUNCTION       20.38          0.000        0.000
  HW_20368-397         JUNCTION       22.21          0.000        0.000
  HW_49620-619         JUNCTION       21.92          0.000        0.000
  HW_20385-395         JUNCTION       22.07          0.000        0.000
  HW_73582-580         JUNCTION       21.84          0.000        0.000
  HW_49251-253         JUNCTION       22.22          0.000        0.000
  HW_49253-234         JUNCTION       22.17          0.000        0.000
  HW_49252-253         JUNCTION       22.21          0.000        0.000
  HW_49259-433         JUNCTION       22.17          0.000        0.000
  HW_49433-431         JUNCTION       22.22          0.000        0.000
  HW_49431-427         JUNCTION       22.18          0.000        0.000
  HW_49427-438         JUNCTION       22.10          0.000        0.000
  HW_49438-437         JUNCTION       22.22          0.000        0.000
  HW_49437-436         JUNCTION       22.26          0.000        0.000
  HW_49436-680         JUNCTION       22.22          0.000        0.000
  HW_49680-678         JUNCTION       22.27          0.000        0.000
  HW_49678-676         JUNCTION       22.25          0.000        0.000
  HW_49676-561         JUNCTION       22.18          0.000        0.000
  HW_20380-377         JUNCTION       22.15          0.000        0.000
  HW_69098-422         JUNCTION       22.24          0.000        0.000
  HW_49422-419         JUNCTION       22.19          0.000        0.000
  HW_49419-417         JUNCTION       22.27          0.000        0.000
  HW_49417-436         JUNCTION       22.23          0.000        0.000
  HW_18079-230         JUNCTION       21.84          0.000        0.000
  HW_18064-419         JUNCTION       22.13          0.000        0.000
  HW_18065-422         JUNCTION       22.23          0.000        0.000
  HW_18068-234         JUNCTION       22.17          0.000        0.000
  HW_49633-619         JUNCTION       21.79          0.000        0.000
  HW_18070-892         JUNCTION       22.26          0.000        0.000
  HW_18061-731         JUNCTION       21.77          0.000        0.000
  HW_18080-431         JUNCTION       22.24          0.000        0.000
  HW_49669-676         JUNCTION       22.26          0.000        0.000
  HW_49262-433         JUNCTION       22.20          0.000        0.000
  Node_12871295        JUNCTION       20.44          0.000        0.000
  Node_12951304        JUNCTION       15.84          0.000        0.000
  Node_13041302        JUNCTION       20.27          0.000        0.000
  Node_13021300        JUNCTION       20.25          0.000        0.000
  Node_13001293        JUNCTION       19.30          0.000        0.000
  Node_12931292        JUNCTION       20.49          0.000        0.000
  HW_49492-494         JUNCTION       22.22          0.000        0.000
  HW_18054-678         JUNCTION       22.27          0.000        0.000
  HW_18059-417         JUNCTION       22.26          0.000        0.000
  HW_49493-494         JUNCTION       22.23          0.000        0.000
  HW_45694-680         JUNCTION       22.31          0.000        0.000
  Node_12991293        JUNCTION       17.69          0.000        0.000
  Node_13061304        JUNCTION       19.77          0.000        0.000
  Node_13071302        JUNCTION        8.37          0.000        0.000
  Node_13141316        JUNCTION       19.31          0.000        0.000
  Node_13161321        JUNCTION       19.20          0.000        0.000
  Node_1326592         JUNCTION       19.25          0.000        0.000
  Node_1328651         JUNCTION       19.34          0.000        0.000
  HW_18081-427         JUNCTION       22.12          0.000        0.000
  HW_49489-438         JUNCTION       22.13          0.000        0.000
  HW_49442-489         JUNCTION       22.23          0.000        0.000
  HW_18045-489         JUNCTION       22.25          0.000        0.000
  HW_GS-P4             JUNCTION       24.00          0.000        0.000
  Node_2482742         JUNCTION       24.00          0.000        0.000
  hgs2                 JUNCTION       24.00          0.000        0.000
  hgs3                 JUNCTION       24.00          0.000        0.000
  Node_24832484        JUNCTION       20.60          0.000        0.000
  tl2                  JUNCTION       24.00          0.000        0.000
  Node_24891069        JUNCTION       24.00          0.000        0.000
  Node_10711073        JUNCTION       18.88          0.000        0.000
  HW_18318W-731        JUNCTION       22.35          0.000        0.000
  Node_10741078        JUNCTION       19.28          0.000        0.000
  
  
  *********************
  Node Flooding Summary
  *********************
  
  Flooding refers to all water that overflows a node, whether it ponds or not.
  --------------------------------------------------------------------------
                                                             Total   Maximum
                                 Maximum   Time of Max       Flood    Ponded
                        Hours       Rate    Occurrence      Volume     Depth
  Node                 Flooded       CFS   days hr:min    10^6 gal      Feet
  --------------------------------------------------------------------------
  18889                  22.14      1.45      0  03:56       0.842     0.000
  18907                  22.21      0.82      0  03:32       0.479     0.000
  18908                  20.71      0.19      0  03:17       0.068     0.000
  47949                  22.20      1.25      0  03:54       0.731     0.000
  18909                  22.21      0.29      0  03:20       0.173     0.000
  18886                  20.69      0.79      1  00:00       0.442     0.000
  18884                  20.25      0.20      1  00:00       0.111     0.000
  18882                  21.32      2.13      0  03:04       1.204     0.000
  18896                  20.31      1.56      0  14:36       0.849     0.000
  49058CO                21.92      0.26      0  05:34       0.149     0.000
  71594                  19.84      0.40      0  04:09       0.183     0.000
  49071                  22.14      1.90      0  05:34       1.098     0.000
  47957                  21.77      0.07      0  02:49       0.041     0.000
  18552                  21.58      0.04      0  02:26       0.020     0.000
  18899                  20.24      0.74      0  03:45       0.387     0.000
  47956                  22.09      0.16      0  02:49       0.093     0.000
  02246                  19.32      0.52      0  05:09       0.269     0.000
  18912                  22.13      0.30      0  03:44       0.175     0.000
  02247                  21.72      1.96      0  04:40       1.062     0.000
  49074                  20.20      0.54      1  00:00       0.293     0.000
  18550                  21.21      1.02      0  02:47       0.547     0.000
  18551                  21.17      0.05      0  02:51       0.029     0.000
  26798                  21.98      1.05      0  06:43       0.588     0.000
  47970                  21.21      0.74      0  02:47       0.410     0.000
  18559                  21.59      1.63      0  03:57       0.943     0.000
  18538                  22.02      0.21      0  03:26       0.096     0.000
  18519                  22.09      0.31      0  07:23       0.182     0.000
  48702                  20.59      1.56      0  04:19       0.862     0.000
  22019                  22.15      2.41      0  03:41       1.386     0.000
  18814                  20.31      0.53      0  03:41       0.289     0.000
  49112                  20.13      1.40      1  00:00       0.755     0.000
  47955                  22.21      1.43      0  03:58       0.841     0.000
  18834                  22.14      0.07      0  01:53       0.043     0.000
  02447                  21.99      1.20      0  10:57       0.664     0.000
  18568                  22.01      0.36      0  06:21       0.209     0.000
  18567                  22.08      0.32      0  01:57       0.183     0.000
  22036                  22.07      0.11      0  02:47       0.065     0.000
  22014                  20.28      2.01      0  03:52       1.097     0.000
  49112T                 20.98      1.30      0  03:55       0.733     0.000
  46274                  21.71      1.00      0  02:17       0.585     0.000
  02231                  20.44      0.92      0  03:34       0.508     0.000
  48695                  19.80      0.86      0  04:11       0.416     0.000
  18836                  20.77      0.72      0  03:45       0.400     0.000
  46270                  21.71      1.00      0  02:17       0.585     0.000
  22024                  20.29      1.31      0  03:43       0.657     0.000
  49108                  19.23      0.66      0  05:04       0.340     0.000
  18571                  22.15      0.32      1  00:00       0.188     0.000
  22017                  22.07      0.18      0  01:58       0.103     0.000
  18541                  19.91      1.57      0  04:05       0.778     0.000
  22026                  21.18      1.77      0  03:42       0.931     0.000
  22037                  22.11      0.08      0  02:51       0.045     0.000
  18816                  21.86      0.18      0  03:43       0.102     0.000
  02225                  21.71      1.00      0  02:17       0.585     0.000
  18838                  21.99      0.05      0  03:16       0.030     0.000
  02226                  21.64      0.30      0  02:24       0.168     0.000
  22016                  22.12      0.38      0  01:52       0.214     0.000
  02481                  20.46      0.87      0  03:51       0.477     0.000
  18821                  22.10      0.27      0  01:56       0.163     0.000
  49159                  20.87      2.07      0  05:19       1.157     0.000
  18832                  22.08      0.06      1  00:00       0.037     0.000
  18522                  21.83      0.07      0  03:22       0.042     0.000
  18542                  21.74      0.11      1  00:00       0.062     0.000
  02480                  22.01      1.59      0  03:30       0.921     0.000
  18574                  20.72      1.31      0  04:22       0.729     0.000
  18564                  20.73      0.41      1  00:00       0.230     0.000
  21823                  21.97      1.49      0  03:54       0.863     0.000
  02493                  21.90      0.08      0  02:07       0.017     0.000
  18817                  19.86      1.06      0  05:18       0.567     0.000
  18533                  22.03      0.06      0  03:07       0.037     0.000
  22039                  21.93      0.06      0  02:51       0.036     0.000
  18839                  22.07      0.11      0  01:57       0.068     0.000
  18595                  20.24      4.00      0  03:45       2.109     0.000
  22006                  20.14      0.96      1  00:00       0.520     0.000
  02452                  21.32      1.36      0  03:54       0.777     0.000
  49089                  22.05      0.37      0  01:57       0.199     0.000
  02483                  20.17      2.70      0  03:49       1.433     0.000
  49101                  21.18      1.47      0  03:54       0.838     0.000
  18850                  22.24      0.29      0  02:57       0.172     0.000
  18851                  21.08      0.78      0  02:55       0.427     0.000
  18583                  22.11      0.14      0  02:43       0.081     0.000
  02508                  20.96      2.00      1  00:00       1.129     0.000
  18594                  22.25      0.63      0  03:10       0.378     0.000
  18531                  20.91      0.27      0  03:22       0.153     0.000
  02489                  21.88      0.20      0  02:09       0.119     0.000
  18576                  20.43      1.14      0  03:34       0.603     0.000
  21822                  20.89      0.52      0  03:11       0.293     0.000
  18852                  22.11      0.07      0  02:57       0.041     0.000
  18588                  20.03      1.27      0  03:57       0.649     0.000
  22004                  19.37      1.97      0  05:04       1.023     0.000
  49099                  20.88      1.24      0  03:06       0.687     0.000
  18589                  22.11      0.18      1  00:00       0.106     0.000
  18586                  22.24      0.60      0  04:03       0.356     0.000
  02462                  17.96      1.42      0  10:57       0.646     0.000
  72075                  21.31      1.41      0  03:17       0.809     0.000
  22043                   5.32      1.80      0  09:26       0.154     0.000
  21849                  18.77      1.32      0  05:14       0.666     0.000
  49095                  20.66      1.70      0  03:20       0.930     0.000
  22050                  18.94      0.78      0  05:03       0.398     0.000
  18877                  21.97      0.25      0  02:04       0.149     0.000
  02217                  21.70      0.27      0  02:20       0.157     0.000
  18527                  20.66      1.23      1  00:00       0.685     0.000
  18582                  20.78      0.92      0  03:28       0.513     0.000
  21833                  16.11      0.78      1  00:00       0.339     0.000
  02469                  19.06      1.91      0  04:56       0.947     0.000
  47979                  22.17      0.12      0  01:51       0.051     0.000
  21831                  20.19      2.12      0  07:52       1.083     0.000
  18579                  19.65      1.36      0  04:25       0.721     0.000
  18581                  20.57      0.39      1  00:00       0.213     0.000
  18856                  22.06      0.12      0  01:58       0.073     0.000
  18230                  22.08      1.30      0  06:09       0.745     0.000
  18549                  20.35      0.46      0  03:38       0.248     0.000
  18854                  22.21      0.27      0  01:50       0.162     0.000
  49160                  21.29      0.87      0  02:42       0.493     0.000
  18504                  20.69      2.81      0  05:35       1.543     0.000
  22055                  22.10      0.11      0  02:44       0.063     0.000
  21842BH                22.17      1.29      0  04:15       0.758     0.000
  89076                  20.95      1.20      0  03:08       0.647     0.000
  02498                  22.02      1.00      0  01:58       0.593     0.000
  18452                  20.60      3.71      0  14:45       2.036     0.000
  48671                  20.71      0.57      0  03:18       0.288     0.000
  65813                  22.11      0.16      0  01:55       0.089     0.000
  18480                  22.23      0.14      1  00:00       0.086     0.000
  18506                  20.68      2.37      0  04:25       1.301     0.000
  27208T                 19.88      0.21      0  10:56       0.111     0.000
  49163                  18.42      0.64      0  09:16       0.318     0.000
  18509                  22.23      0.16      0  03:19       0.097     0.000
  18508                  20.72      1.68      1  00:00       0.936     0.000
  18447                  22.24      0.26      0  02:25       0.157     0.000
  73657                  19.29      3.00      0  07:04       1.534     0.000
  49316                  20.43      4.88      0  09:16       2.665     0.000
  18457                  17.23      0.96      0  17:13       0.411     0.000
  18371                  21.45      0.82      0  06:11       0.466     0.000
  20638                  20.29      1.87      0  03:50       0.949     0.000
  71759BS                21.36      3.82      1  00:00       2.158     0.000
  71061                  21.20      3.13      0  03:08       1.785     0.000
  20640                  20.00      0.73      0  04:00       0.356     0.000
  18448                  21.63      1.34      1  00:00       0.777     0.000
  18479                  22.03      0.02      1  00:00       0.015     0.000
  66160                  22.24      0.60      0  04:05       0.355     0.000
  20290                  19.62      0.91      0  04:22       0.460     0.000
  20786                  22.05      0.51      0  01:56       0.296     0.000
  26653                  20.67     17.82      0  04:26       9.734     0.000
  18502                  20.83      2.05      0  04:26       1.149     0.000
  20288                  20.06      0.50      0  07:07       0.270     0.000
  18425T                 20.74      2.42      0  17:14       1.348     0.000
  66206T                 19.81      2.07      0  10:48       1.101     0.000
  20286                  21.24      4.57      0  04:34       2.599     0.000
  18485BH                22.30      2.57      0  05:34       1.463     0.000
  18498                  22.18      0.06      0  03:12       0.036     0.000
  66202T                 20.45     17.24      1  00:00       9.393     0.000
  18515                  20.81      1.90      0  06:08       1.060     0.000
  18476                  19.88      0.15      0  04:38       0.059     0.000
  25418                  19.96     14.21      0  06:43       7.336     0.000
  24701                  21.78      0.66      0  02:13       0.355     0.000
  51745                  22.29      0.49      0  01:42       0.272     0.000
  25417                  19.85      2.20      0  04:26       1.174     0.000
  49323                  20.21     10.16      1  00:00       5.436     0.000
  18451                  22.21      0.04      1  00:00       0.024     0.000
  71770                  22.27      0.31      0  01:43       0.186     0.000
  18413                  22.19      0.11      0  03:16       0.063     0.000
  18431T                 20.55     34.20      0  23:30      18.359     0.000
  18432BD                17.25      1.71      0  23:31       0.793     0.000
  49222T                 20.74      0.94      1  00:00       0.525     0.000
  49528                  20.66     10.84      0  06:41       5.858     0.000
  71775                  22.21      0.18      1  00:00       0.107     0.000
  71776                  21.65      1.53      0  02:21       0.851     0.000
  20282                  20.90      0.78      0  04:37       0.436     0.000
  73532                  20.52      2.67      0  04:07       1.478     0.000
  26258                  20.46      2.50      0  03:34       1.375     0.000
  49222                  20.19      1.27      0  04:20       0.689     0.000
  71055                  20.10      0.09      0  03:53       0.049     0.000
  21365                  21.77      1.39      0  04:58       0.789     0.000
  18386                  20.13      0.39      0  03:52       0.211     0.000
  18406                  20.76      1.30      0  04:31       0.729     0.000
  20267                  20.77      0.89      1  00:00       0.488     0.000
  49530                  21.01      5.55      0  04:03       3.126     0.000
  26647                  20.07      7.86      0  04:47       4.223     0.000
  24565                  16.47      0.91      0  07:40       0.305     0.000
  66161                  17.90      0.01      0  10:49       0.006     0.000
  20297                  20.69      2.37      0  04:07       1.322     0.000
  21351                  16.24      0.41      0  08:09       0.146     0.000
  18470                  22.32      1.00      0  01:41       0.601     0.000
  20441                  18.92      0.78      1  00:00       0.399     0.000
  73533                  21.61      0.09      1  00:00       0.053     0.000
  26240                  20.65      0.07      0  03:21       0.026     0.000
  20440                  22.12      1.76      0  05:04       0.962     0.000
  26227                  20.55      1.52      0  04:05       0.835     0.000
  20746                  21.94      0.50      0  02:03       0.283     0.000
  20697                  21.98      1.07      0  04:19       0.630     0.000
  71780                  22.25      0.22      1  00:00       0.130     0.000
  21368                  21.79      1.32      0  08:17       0.723     0.000
  18469                  22.12      0.16      0  01:55       0.094     0.000
  18342                  22.24      0.39      0  01:45       0.233     0.000
  18382                  21.33      1.12      0  02:40       0.630     0.000
  73554                  19.58      2.05      0  06:46       0.902     0.000
  71777                  22.26      0.15      0  01:47       0.090     0.000
  21377                  19.60      1.07      0  04:24       0.535     0.000
  21719                  17.22      0.92      0  07:31       0.352     0.000
  18398                  21.30      0.07      0  02:44       0.038     0.000
  18381                  22.24      0.16      1  00:00       0.097     0.000
  20336                  21.00      0.42      0  03:20       0.237     0.000
  20605                  20.77      1.05      0  03:14       0.590     0.000
  26254                  22.03      1.48      0  04:04       0.853     0.000
  18397                  21.30      1.88      0  03:50       1.069     0.000
  18380                  22.27      0.38      0  03:09       0.226     0.000
  26219                  20.38      2.98      0  03:37       1.608     0.000
  21373                  19.61      1.10      0  04:26       0.578     0.000
  20614                  20.96      0.17      0  03:15       0.096     0.000
  49224                  19.69      2.55      0  04:18       1.270     0.000
  66223T                 20.50      4.78      0  03:34       2.626     0.000
  18331                  22.30      1.00      0  01:42       0.587     0.000
  21348                  15.83      0.14      0  08:10       0.059     0.000
  18379                  20.90      0.26      1  00:00       0.144     0.000
  49303                  20.46      0.65      0  03:36       0.334     0.000
  73639                  20.22      2.57      0  04:20       1.307     0.000
  73664                  22.24      0.27      0  02:44       0.164     0.000
  18605                  20.33      2.13      0  03:40       1.035     0.000
  18389                  20.85      0.36      1  00:00       0.200     0.000
  21371                  19.56      0.84      1  00:00       0.442     0.000
  18378                  22.25      0.29      0  03:08       0.173     0.000
  49226AT                19.77     10.91      0  14:48       5.639     0.000
  21347                  21.68      0.09      1  00:00       0.043     0.000
  20273                  20.42      3.56      1  00:00       1.794     0.000
  49343                  20.05      1.72      0  04:23       0.929     0.000
  20310                  21.14      0.51      1  00:00       0.290     0.000
  20718                  21.01      2.96      0  04:11       1.670     0.000
  20302                  20.48      1.13      0  08:27       0.609     0.000
  20344                  22.13      1.29      0  03:54       0.733     0.000
  21382                  21.63      0.81      0  04:37       0.441     0.000
  18328                  19.14      0.29      0  05:51       0.149     0.000
  25392                  21.86      0.08      1  00:00       0.045     0.000
  20309                  20.13      1.96      0  03:52       1.032     0.000
  20348                  21.14      0.64      0  03:59       0.362     0.000
  20735                  19.83      1.43      0  06:34       0.712     0.000
  18391                  20.25      1.52      0  04:28       0.829     0.000
  20354                  22.12      0.33      0  01:55       0.195     0.000
  71030                  21.09      6.80      0  04:07       3.663     0.000
  49278                  22.21      1.00      0  01:47       0.598     0.000
  73556                  21.78      1.30      0  05:00       0.734     0.000
  24567                  19.19      0.22      0  04:48       0.105     0.000
  25391AS                22.11      1.42      0  08:06       0.824     0.000
  18601                  22.29      1.09      0  20:11       0.609     0.000
  18606                  21.95      0.01      1  00:00       0.006     0.000
  18200                  22.12      0.31      0  01:55       0.185     0.000
  18326                  18.22      0.04      0  05:46       0.018     0.000
  25391BS                22.07      0.10      0  01:57       0.060     0.000
  18182                  22.00      0.24      0  02:02       0.142     0.000
  18376                  20.53      0.16      0  04:53       0.088     0.000
  18488                  21.18      0.04      0  02:50       0.021     0.000
  49235                  22.23      0.06      0  01:48       0.025     0.000
  20315                  20.15      0.25      0  04:07       0.126     0.000
  21317                  19.64      0.72      0  04:21       0.383     0.000
  20680                  20.40      1.28      0  03:36       0.705     0.000
  18607                  22.26      0.36      1  00:00       0.213     0.000
  18489                  21.38      1.57      0  02:37       0.816     0.000
  20346                  20.04      0.30      1  00:00       0.161     0.000
  73552                  19.59      3.50      0  05:09       1.795     0.000
  71750                  22.27      0.20      0  02:39       0.119     0.000
  25407                  19.30      2.26      0  04:42       1.144     0.000
  21725                  18.85      1.00      0  05:09       0.396     0.000
  21392                  18.39      1.70      0  05:36       0.843     0.000
  18374                  19.72      0.75      0  04:16       0.341     0.000
  21330                  19.73      2.00      0  04:16       1.062     0.000
  20333                  16.01      0.47      0  08:06       0.205     0.000
  49347                  19.75      4.56      0  04:46       2.425     0.000
  18317                  19.56      2.84      0  05:48       1.490     0.000
  20427                  20.33      1.00      0  03:40       0.547     0.000
  48897T                  7.04      0.49      0  16:57       0.093     0.000
  26221                  22.14      2.26      0  03:17       1.310     0.000
  Node_10571073          20.50      1.89      0  03:30       0.552     0.000
  Node_1023958           19.90      1.00      0  04:05       0.536     0.000
  HW_18317-318           22.32      2.04      0  03:07       1.190     0.000
  Node_10471067          20.66      0.99      0  03:23       0.553     0.000
  HW_1392-552            21.82      1.51      0  08:57       0.797     0.000
  HW_8374-376            22.29      3.75      0  11:44       2.123     0.000
  Node_1000833           20.40      1.03      0  03:35       0.549     0.000
  Node_1001884           20.59      1.00      0  03:24       0.555     0.000
  Node_10021000          20.46      1.06      0  03:32       0.551     0.000
  HW_71782-230           22.28      5.17      0  04:35       2.907     0.000
  HW_21390-392           19.00      1.07      0  05:08       0.510     0.000
  Node_10131002          20.49      1.07      0  03:30       0.552     0.000
  HW_20320-318           22.16      1.00      0  01:50       0.597     0.000
  HW_20318-426           22.17      1.00      0  01:49       0.597     0.000
  HW_20426-427           22.18      1.00      0  01:49       0.597     0.000
  HW_8163-238            22.25      1.00      0  01:45       0.599     0.000
  HW_26224-222           22.18      1.00      0  04:14       0.598     0.000
  HW_26222-221           22.23      1.00      0  01:45       0.599     0.000
  HW_20754-683           21.87      2.07      0  06:23       1.179     0.000
  HW_0358-194            22.04      0.47      0  01:57       0.260     0.000
  HW_49232-492           22.30      1.00      0  01:42       0.600     0.000
  HW_8492-490            22.29      1.00      0  01:42       0.600     0.000
  HW_5405-407            15.24      0.33      0  16:11       0.132     0.000
  HW_18311-318           22.27      1.96      0  03:07       1.140     0.000
  HW_18372-374           22.28      3.46      0  02:58       1.996     0.000
  HW_20325-318           22.17      1.00      0  01:49       0.597     0.000
  HW_18316-317           22.33      1.00      0  01:39       0.601     0.000
  HW_20684-683           21.92      4.93      0  06:23       2.759     0.000
  Node_10521053          20.27      1.00      0  03:43       0.546     0.000
  HW_21043-330           22.13      1.53      0  04:06       0.885     0.000
  HW_49233-234           22.29      2.56      0  07:50       1.432     0.000
  HW_49234-492           22.30      1.00      0  01:41       0.601     0.000
  Node_73113              0.01      0.99      0  03:17       0.000     0.000
  Node_10731078          20.71      1.26      0  03:17       0.558     0.000
  HW_18305-302           22.31      1.00      0  01:41       0.601     0.000
  HW_48895T-894          22.27      3.00      0  02:53       1.737     0.000
  HW_48894-299           21.63      1.96      0  04:13       1.113     0.000
  HW_18299-658           21.34      1.00      0  02:39       0.575     0.000
  HW_49658-684           20.51      1.00      0  03:29       0.552     0.000
  HW_18306-307           22.33      5.31      1  00:00       2.867     0.000
  HW_18307-302           22.33      1.00      0  01:40       0.601     0.000
  Node_10781134          19.97      1.00      0  04:01       0.538     0.000
  HW_8168-238            22.21      1.00      0  01:47       0.598     0.000
  HW_73543-367           21.95      1.00      0  02:02       0.591     0.000
  Node_10921013          19.76      1.00      0  04:14       0.532     0.000
  Node_10941053          20.25      1.04      0  03:44       0.545     0.000
  HW_20364-361           22.17      1.00      0  01:49       0.597     0.000
  HW_20361-222           22.21      2.00      0  04:14       1.134     0.000
  HW_18314-307           22.24      2.04      1  00:00       1.111     0.000
  Node_11051112          20.61      1.01      0  03:23       0.555     0.000
  Node_11121086          20.65      1.00      0  03:21       0.556     0.000
  HW_71733-256           22.29      1.16      0  04:55       0.682     0.000
  HW_49256-732           22.29      1.00      0  01:42       0.600     0.000
  Node_11101082          20.44      1.06      0  03:33       0.551     0.000
  Node_11711140          19.83      1.00      0  04:10       0.534     0.000
  Node_11131140          19.83      1.00      0  04:10       0.534     0.000
  HW_24666-668           21.86      2.00      0  04:26       1.119     0.000
  Node_11761160          19.82      1.00      0  04:10       0.534     0.000
  HW_32030-370           21.92      1.00      0  02:04       0.590     0.000
  Node_11351160          19.79      1.00      0  04:12       0.533     0.000
  HW_20328-330           22.13      1.47      0  04:06       0.847     0.000
  HW_20327-424           22.15      1.29      0  04:12       0.751     0.000
  HW_20424-426           22.13      1.00      0  01:52       0.596     0.000
  HW_49596-452           22.01      1.00      0  01:59       0.593     0.000
  HW_20365-367           22.16      1.00      0  04:08       0.598     0.000
  HW_20367-361           22.21      1.00      0  01:47       0.598     0.000
  HW_20667-662           21.87      1.00      0  02:08       0.589     0.000
  HW_65753-731           22.25      0.43      0  01:45       0.255     0.000
  HW_71731-256           22.29      4.33      0  04:43       2.324     0.000
  HW_18309-307           22.28      2.53      1  00:00       1.405     0.000
  HW_20375-374           22.16      1.00      0  01:50       0.597     0.000
  HW_20372-395           22.19      1.98      0  03:34       1.147     0.000
  HW_20395-397           22.20      1.00      0  01:48       0.598     0.000
  HW_20397-367           22.19      2.00      1  00:00       1.137     0.000
  HW_20376-377           22.17      1.00      0  01:49       0.597     0.000
  HW_20377-374           22.15      1.00      0  01:50       0.597     0.000
  HW_20359-361           22.19      1.00      0  01:48       0.597     0.000
  HW_65751-221           21.99      0.29      0  02:02       0.174     0.000
  HW_32454-452           21.95      1.00      0  02:03       0.591     0.000
  HW_20665-662           21.84      1.00      0  02:09       0.588     0.000
  HW_18297T-298          22.34      1.00      0  01:39       0.601     0.000
  HW_18298-299           22.37      1.00      0  01:38       0.602     0.000
  HW_18300-302           22.28      1.00      0  01:43       0.600     0.000
  HW_73606-370           21.89      1.00      0  02:06       0.589     0.000
  HW_20423B-424          22.15      2.71      0  04:12       1.521     0.000
  HW_48893-892           22.29      1.03      0  03:40       0.620     0.000
  HW_48892-561           22.07      0.44      0  11:02       0.249     0.000
  HW_72561-672           22.30      1.00      0  01:41       0.601     0.000
  Node_12491229          20.66      1.00      0  03:20       0.556     0.000
  HW_18298T-298          22.36      3.00      0  04:00       1.752     0.000
  HW_73616-580           21.87      1.38      0  09:02       0.742     0.000
  Node_11951194          20.71      1.00      0  03:17       0.558     0.000
  Node_11961018          20.38      1.00      0  03:37       0.549     0.000
  HW_20368-397           22.21      1.00      0  01:47       0.598     0.000
  HW_49620-619           21.92      1.00      0  02:04       0.590     0.000
  HW_20385-395           22.07      2.02      0  03:34       1.165     0.000
  HW_73582-580           21.84      1.11      0  09:02       0.633     0.000
  HW_49251-253           22.22      0.05      0  01:49       0.030     0.000
  HW_49253-234           22.17      1.00      0  01:49       0.597     0.000
  HW_49252-253           22.21      0.04      0  01:50       0.027     0.000
  HW_49259-433           22.17      2.59      0  03:06       1.481     0.000
  HW_49433-431           22.22      1.68      0  04:08       0.965     0.000
  HW_49431-427           22.18      4.42      0  05:37       2.423     0.000
  HW_49427-438           22.10      9.25      1  00:00       4.687     0.000
  HW_49438-437           22.22      1.00      0  01:46       0.598     0.000
  HW_49437-436           22.26      2.00      0  03:54       1.141     0.000
  HW_49436-680           22.22      1.48      1  00:00       0.875     0.000
  HW_49680-678           22.27     14.33      0  03:47       7.721     0.000
  HW_49678-676           22.25      1.39      1  00:00       0.786     0.000
  HW_49676-561           22.18      5.95      0  11:02       3.374     0.000
  HW_20380-377           22.15      1.00      0  01:51       0.596     0.000
  HW_69098-422           22.24      1.63      0  05:48       0.933     0.000
  HW_49422-419           22.19      1.15      0  18:05       0.638     0.000
  HW_49419-417           22.27      3.31      1  00:00       1.842     0.000
  HW_49417-436           22.23      1.00      0  01:46       0.599     0.000
  HW_18079-230           21.84      0.82      0  04:37       0.460     0.000
  HW_18064-419           22.13      0.86      0  01:52       0.508     0.000
  HW_18065-422           22.23      1.37      0  05:48       0.799     0.000
  HW_18068-234           22.17      1.44      0  07:50       0.835     0.000
  HW_49633-619           21.79      0.94      0  02:12       0.540     0.000
  HW_18070-892           22.26      3.97      0  03:40       2.252     0.000
  HW_18061-731           21.77      0.09      0  02:15       0.054     0.000
  HW_18080-431           22.24      2.32      0  04:08       1.305     0.000
  HW_49669-676           22.26      1.00      0  01:44       0.599     0.000
  HW_49262-433           22.20      1.43      0  03:44       0.837     0.000
  Node_12871295          20.44      1.05      0  03:33       0.550     0.000
  Node_12951304          15.84      0.30      0  08:09       0.129     0.000
  Node_13041302          20.27      0.98      0  03:43       0.473     0.000
  Node_13021300          20.25      0.97      0  03:45       0.506     0.000
  Node_13001293          19.30      0.63      0  04:42       0.323     0.000
  Node_12931292          20.49      1.08      0  03:30       0.552     0.000
  HW_49492-494           22.22      1.15      0  10:00       0.656     0.000
  HW_18054-678           22.27      1.00      0  01:43       0.600     0.000
  HW_18059-417           22.26      1.57      1  00:00       0.909     0.000
  HW_49493-494           22.23      1.20      0  10:00       0.673     0.000
  HW_45694-680           22.31      2.17      0  02:54       1.267     0.000
  Node_12991293          17.69      0.38      0  06:18       0.180     0.000
  Node_13061304          19.77      0.73      0  04:13       0.375     0.000
  Node_13071302           8.37      0.13      0  15:37       0.030     0.000
  Node_13141316          19.31      1.00      0  04:44       0.520     0.000
  Node_13161321          19.20      1.00      0  04:47       0.517     0.000
  Node_1326592           19.25      1.00      0  04:44       0.518     0.000
  Node_1328651           19.34      1.00      0  04:39       0.521     0.000
  HW_18081-427           22.12      1.94      0  05:37       1.089     0.000
  HW_49489-438           22.13      5.15      1  00:00       2.832     0.000
  HW_49442-489           22.23      2.37      0  06:19       1.342     0.000
  HW_18045-489           22.25      2.91      0  06:19       1.633     0.000
  HW_GS-P4               24.00      1.00      0  00:00       0.646     0.000
  hgs2                   24.00      1.00      0  00:00       0.646     0.000
  Node_24832484          20.60      1.00      0  03:23       0.555     0.000
  Node_10672489          22.34      0.01      0  03:23       0.004     0.000
  tl2                    24.00      1.00      0  00:00       0.646     0.000
  Node_10711073          18.88      0.47      0  05:07       0.239     0.000
  HW_18318W-731          22.35      3.52      0  02:33       2.036     0.000
  Node_10741078          19.28      0.53      0  04:43       0.275     0.000
  
  
  **********************
  Storage Volume Summary
  **********************
  
  ------------------------------------------------------------------------------------------------
                         Average    Avg   Evap  Exfil     Maximum    Max    Time of Max    Maximum
                          Volume   Pcnt   Pcnt   Pcnt      Volume   Pcnt     Occurrence    Outflow
  Storage Unit          1000 ft³   Full   Loss   Loss    1000 ft³   Full    days hr:min        CFS
  ------------------------------------------------------------------------------------------------
  HGS-WW                   0.000    0.0    0.0    0.0       0.000    0.0       0  00:00       0.00
  UA0013P                  0.000    0.0    0.0    0.0       0.000    0.0       0  00:00       0.00
  
  
  ***********************
  Outfall Loading Summary
  ***********************
  
  -----------------------------------------------------------
                         Flow       Avg       Max       Total
                         Freq      Flow      Flow      Volume
  Outfall Node           Pcnt       CFS       CFS    10^6 gal
  -----------------------------------------------------------
  18823BD               92.82      0.19      0.19       0.105
  -----------------------------------------------------------
  System                92.82      0.19      0.19       0.105
  
  
  ********************
  Link Flow Summary
  ********************
  
  -----------------------------------------------------------------------------
                                 Maximum  Time of Max   Maximum    Max/    Max/
                                  |Flow|   Occurrence   |Veloc|    Full    Full
  Link                 Type          CFS  days hr:min    ft/sec    Flow   Depth
  -----------------------------------------------------------------------------
  8889-888             CONDUIT      0.70     0  02:31      1.57    1.48    1.00
  8888-886             CONDUIT      2.43     0  03:18      4.63    1.10    1.00
  8886-884             CONDUIT      2.42     0  03:18      4.79    1.06    1.00
  8884-899             CONDUIT      3.41     0  03:41      3.07    1.12    1.00
  8899-963             CONDUIT      4.86     0  03:45      4.48    1.04    0.86
  7963-870             CONDUIT      2.41     0  04:36      4.03    0.41    0.45
  8870-868             CONDUIT      2.41     1  00:00      4.90    0.31    0.38
  8868-866             CONDUIT      0.00     0  00:00      0.00    0.00    0.00
  8866-867             CONDUIT      1.07     0  03:37      6.51    0.15    0.27
  8867-863             CONDUIT      0.93     1  00:00      2.80    0.13    0.24
  8863-973             CONDUIT      0.00     0  00:00      0.00    0.00    0.49
  7973B-437            CONDUIT      1.00     0  06:47      2.64    0.51    0.49
  8437-436             CONDUIT      2.22     0  04:50      2.61    0.95    0.65
  8436-435             CONDUIT      0.72     0  03:37      1.06    0.39    0.60
  8435-434             CONDUIT      1.41     0  04:50      3.56    0.28    0.54
  8434-432             CONDUIT      1.41     0  05:50      2.08    1.35    0.54
  8432-433             CONDUIT      0.00     0  00:00      0.00    0.00    0.22
  8433-431             CONDUIT      0.00     0  00:00      0.00    0.00    0.00
  8431-12P             CONDUIT      4.87     0  04:34      4.11    0.11    0.22
  A0012-643            CONDUIT      4.89     0  04:12      6.52    0.10    0.24
  6643-642             CONDUIT      2.83     0  04:12      5.78    0.37    0.42
  6642-40T             CONDUIT      2.79     0  04:59      4.02    0.05    0.21
  6640T-45T            CONDUIT      3.82     0  04:54      3.22    0.15    0.29
  9245T-44T            CONDUIT      7.71     0  14:44      4.55    0.22    0.34
  9244T-6BT            CONDUIT      8.71     0  14:44      2.95    0.27    0.50
  9226B-6AT            CONDUIT     10.73     0  05:00      3.27    0.38    0.83
  9226A-639            CONDUIT      0.24     0  11:15      0.08    0.00    0.52
  6639-65T             CONDUIT      0.14     0  08:33      2.16    0.00    0.07
  18465T-97T           CONDUIT      0.59     0  14:41      1.74    0.02    0.55
  48897T-13T           CONDUIT      1.89     0  03:30      2.44    0.06    0.88
  8907-908             CONDUIT      0.43     0  03:16      1.49    2.32    1.00
  8908-886             CONDUIT      0.86     0  03:17      2.57    1.11    1.00
  7949-888             CONDUIT      0.51     0  02:31      1.67    1.27    1.00
  8909-908             CONDUIT      0.82     0  03:17      2.56    1.17    1.00
  8904-884             CONDUIT      1.00     0  03:39      3.84    0.82    0.85
  8890-888             CONDUIT      1.00     0  02:30      5.62    0.51    0.75
  8891-892             CONDUIT      1.00     0  02:04      4.41    0.69    0.61
  8892-896             CONDUIT      2.30     0  14:36      4.25    1.11    1.00
  8896-899             CONDUIT      2.68     0  03:40      5.15    1.07    1.00
  8910-896             CONDUIT      1.01     0  03:37      3.57    0.94    0.88
  8900-882             CONDUIT      1.03     0  02:40      3.53    0.96    0.89
  8882-881             CONDUIT      0.80     0  02:48      2.45    1.11    1.00
  8881-963             CONDUIT      1.60     0  03:02      4.67    1.27    0.94
  8878-881             CONDUIT      1.00     0  02:48      3.72    0.87    0.87
  8883-882             CONDUIT      1.00     0  01:45      5.71    0.50    0.75
  8705-231             CONDUIT      1.00     0  03:30      5.31    0.55    0.76
  2231-230             CONDUIT      1.09     0  03:33      3.47    1.05    0.87
  2230-221             CONDUIT      0.00     0  00:00      0.00    0.00    0.00
  2221-218             CONDUIT      0.00     0  00:00      0.00    0.00    0.15
  2218-001             CONDUIT      1.66     0  06:00      7.84    0.19    0.45
  3001-632             CONDUIT      7.39     0  06:28      8.06    0.45    0.52
  8632-569             CONDUIT      9.88     0  06:31     10.94    0.82    0.69
  2569-635             CONDUIT     10.42     0  06:32     11.78    0.80    0.68
  8635-637             CONDUIT      0.00     0  00:00      0.00    0.00    0.00
  8637-638             CONDUIT      0.00     0  00:00      0.00    0.00    0.00
  8638-639             CONDUIT      0.00     0  00:00      0.00    0.00    0.16
  8639-640             CONDUIT      2.00     0  05:19      5.74    0.21    0.34
  8640-644             CONDUIT      3.00     0  05:16      7.09    0.30    0.38
  8644-645             CONDUIT      8.00     0  05:28      7.99    0.54    0.56
  8645-657             CONDUIT      9.00     0  05:28      7.66    0.66    0.80
  3657-327             CONDUIT      7.87     0  04:26      5.89    0.53    1.00
  9327-326             CONDUIT     15.07     0  04:41      8.53    1.07    1.00
  9326-323             CONDUIT     20.00     1  00:00     11.31    2.01    1.00
  9323-324             CONDUIT     13.33     0  03:47      7.98    1.08    0.95
  9324-037             CONDUIT      0.00     0  00:00      0.00    0.00    0.15
  1037-995             CONDUIT      3.00     0  04:39      6.53    0.20    0.31
  7995-032             CONDUIT      7.72     0  05:50      7.07    0.29    0.43
  1032-989             CONDUIT      8.65     0  06:42      5.77    0.47    0.48
  7989-520             CONDUIT      6.16     0  06:41      3.55    0.20    0.47
  9520-517             CONDUIT     18.64     0  06:42      6.75    0.76    0.66
  9517-513             CONDUIT     18.64     0  06:41      7.12    0.64    0.63
  9513-232             CONDUIT     19.64     0  06:44      6.76    0.81    0.69
  6232-418             CONDUIT     25.10     0  06:43      7.21    0.73    0.82
  5418-422             CONDUIT     13.01     0  04:03      3.90    0.84    0.78
  5422-675             CONDUIT     17.97     0  04:08      7.68    0.62    0.57
  5675-06T             CONDUIT     21.61     0  04:09      9.40    0.51    0.75
  6206T-203            CONDUIT     20.74     1  00:00      4.87    1.17    0.81
  6203-02T             CONDUIT     22.74     0  04:17      6.04    0.39    0.72
  6202T-657            CONDUIT      6.50     0  03:44      1.86    0.41    0.67
  6657-57T             CONDUIT      8.50     0  03:44      6.41    0.11    0.41
  6657T-59T            CONDUIT      9.55     0  03:38      3.93    0.69    0.60
  6659T-655            CONDUIT     12.48     0  04:23      4.67    0.61    0.54
  6655-653             CONDUIT     17.46     0  04:26      4.80    0.49    0.75
  6653-643             CONDUIT      1.90     0  03:24      0.63    0.11    0.60
  0643-765             CONDUIT      2.24     0  03:27      2.82    0.09    0.23
  1765-651             CONDUIT      5.12     0  03:53      5.14    0.19    0.30
  6651-265             CONDUIT      5.12     0  03:54      5.23    0.19    0.59
  9265-50T             CONDUIT      7.49     0  04:43      4.50    0.14    0.64
  6650T-649            CONDUIT      8.49     0  04:44      2.90    0.31    0.69
  6649-648             CONDUIT     13.07     0  04:47      3.93    0.77    0.78
  6648-647             CONDUIT     13.07     0  04:47      7.98    0.26    0.67
  6647-645             CONDUIT      5.95     0  04:00      2.04    0.41    0.71
  6645-644             CONDUIT      5.23     0  04:03      3.70    0.36    0.39
  6644-643             CONDUIT      7.61     0  04:11     10.98    0.07    0.18
  9058C-043            CONDUIT      0.97     0  02:40      2.94    1.10    1.00
  2043-074             CONDUIT      1.94     0  03:43      5.53    1.21    1.00
  9074-892             CONDUIT      1.42     0  03:43      4.26    1.07    1.00
  1594B-594            CONDUIT      0.00     0  00:00      0.00    0.00    0.50
  1594-797             CONDUIT      0.67     0  06:40      2.06    1.09    0.91
  6797-446             CONDUIT      0.65     0  06:41      2.52    0.87    0.69
  2446-460             CONDUIT      0.44     1  00:00      3.43    0.33    0.39
  2460-462             CONDUIT      1.44     0  10:57      5.48    0.70    0.81
  2462-469             CONDUIT      1.06     0  04:56      3.27    1.09    1.00
  2469-468             CONDUIT      0.90     0  03:56      3.84    0.72    0.83
  2468-836             CONDUIT      1.18     0  04:57      4.67    0.77    0.69
  6836-479             CONDUIT      2.18     0  05:09      6.73    0.88    0.86
  6479-520             CONDUIT     12.48     0  06:22      9.07    0.88    0.73
  1594A-594            CONDUIT      1.11     0  02:01      9.53    0.29    0.67
  2249-246             CONDUIT      1.00     0  04:37      5.30    0.55    0.76
  2246-245             CONDUIT      0.43     0  05:09      1.52    0.49    0.75
  2245-229             CONDUIT      0.57     0  05:09      2.82    0.34    0.59
  2229-230             CONDUIT      1.29     0  05:37      4.00    1.06    0.89
  9071-043             CONDUIT      0.90     0  05:34      2.56    1.76    1.00
  7957-970             CONDUIT      1.02     0  02:44      3.15    1.08    1.00
  7970-972             CONDUIT      1.22     0  02:44      3.79    1.05    0.89
  7972-973             CONDUIT      1.21     0  09:06      3.12    0.85    0.68
  8552-556             CONDUIT      0.97     0  02:21      3.18    1.02    0.85
  8556-557             CONDUIT      0.00     0  00:00      0.00    0.00    0.00
  8557-972             CONDUIT      0.00     0  00:00      0.00    0.00    0.35
  9066-068             CONDUIT      2.00     0  07:51      5.73    1.37    0.97
  9068-074             CONDUIT      0.00     0  00:00      0.00    0.00    0.50
  7956-550             CONDUIT      0.92     0  02:46      2.82    1.09    1.00
  8550-541             CONDUIT      0.92     0  04:05      2.77    1.10    1.00
  8541-521             CONDUIT      0.69     0  04:05      2.14    1.58    1.00
  8521-534             CONDUIT      1.09     0  03:34      3.21    1.18    0.99
  8534-595             CONDUIT      1.93     0  03:45      3.93    1.07    0.95
  8595-960             CONDUIT      0.95     0  03:45      1.95    0.92    1.00
  7960-576             CONDUIT      1.92     0  03:34      3.66    1.84    1.00
  8576-588             CONDUIT      2.26     0  03:57      4.43    1.08    1.00
  8588-579             CONDUIT      1.44     0  04:21      2.83    1.11    1.00
  8579-505             CONDUIT      1.29     0  04:21      2.50    0.76    1.00
  8505-504             CONDUIT      2.87     0  04:25      3.65    2.77    1.00
  8504-592             CONDUIT      1.56     0  03:31      2.33    1.31    1.00
  8592-481             CONDUIT      2.47     0  03:36      2.86    0.90    1.00
  8481-483             CONDUIT      2.92     0  03:39      2.57    1.06    1.00
  8483-476             CONDUIT      2.42     0  04:01      2.37    2.64    1.00
  8476-475             CONDUIT      2.99     0  04:40      2.83    1.24    0.91
  8475-471             CONDUIT      2.92     0  05:21      3.13    0.84    0.64
  8471-45T             CONDUIT      3.92     1  00:00      8.11    0.36    0.42
  8912-896             CONDUIT      0.78     0  03:39      2.41    1.10    1.00
  2238-245             CONDUIT      1.00     1  00:00      5.02    0.59    0.55
  2596-068             CONDUIT      0.00     0  00:00      0.00    0.00    0.00
  2247-246             CONDUIT      0.96     0  04:40      2.77    1.05    1.00
  8551-550             CONDUIT      1.01     0  02:46      3.27    1.06    1.00
  2034-814             CONDUIT      1.89     0  03:53      4.16    0.97    0.90
  8814-823             CONDUIT      2.18     0  03:43      4.26    1.32    0.90
  8823-3BD             CONDUIT      0.19     0  03:45     11.16    0.01    0.07
  8825-868             CONDUIT      1.00     1  00:00      3.32    0.59    0.54
  6798-797             CONDUIT      0.13     0  06:35      0.55    0.25    0.68
  7757-034             CONDUIT      1.00     0  02:53      4.35    0.71    0.80
  8558-970             CONDUIT      1.04     0  02:46      3.34    1.04    0.92
  8559-560             CONDUIT      1.03     0  01:44      4.98    0.62    1.00
  8560-564             CONDUIT      0.92     0  03:15      2.74    1.16    1.00
  8564-595             CONDUIT      1.27     0  03:45      3.87    1.08    1.00
  8538-534             CONDUIT      0.86     0  03:33      2.65    1.08    0.99
  6275-231             CONDUIT      1.00     0  03:46      4.85    0.61    0.78
  8519-521             CONDUIT      0.79     0  03:04      2.43    1.09    1.00
  8703-702             CONDUIT      1.00     0  03:24      5.25    0.55    0.77
  8702-695             CONDUIT      0.55     0  04:10      1.79    1.24    1.00
  8695-690             CONDUIT      0.67     0  04:30      2.17    1.20    0.88
  8690-218             CONDUIT      1.66     0  05:32      5.72    0.94    0.77
  2033-830             CONDUIT      1.00     0  04:01      3.66    0.89    0.72
  8830-814             CONDUIT      0.00     0  00:00      0.00    0.00    0.50
  2019-018             CONDUIT      1.41     0  03:41      4.01    2.47    1.00
  2018-012             CONDUIT      0.60     0  03:42      2.02    0.71    0.83
  2012-014             CONDUIT      1.43     0  03:47      5.36    0.79    0.83
  2014-024             CONDUIT      1.52     0  03:43      4.36    1.07    1.00
  2024-026             CONDUIT      1.29     0  03:42      3.72    1.07    1.00
  2026-159             CONDUIT      1.48     0  02:49      4.48    1.06    1.00
  9159-809             CONDUIT      1.23     0  03:07      3.55    1.00    1.00
  8809-811             CONDUIT      1.76     1  00:00      5.08    1.44    0.95
  8811-810             CONDUIT      4.81     0  12:27      8.39    0.21    0.63
  8810-844             CONDUIT      3.55     0  14:41      4.75    0.28    0.58
  8844-846             CONDUIT      5.63     0  13:18      4.08    0.94    0.73
  8846-848             CONDUIT      6.32     0  12:18      5.20    0.76    0.65
  8848-849             CONDUIT      8.06     0  15:43     12.69    0.14    0.26
  8849-806             CONDUIT     15.93     0  12:19      3.88    0.93    0.78
  8806-801             CONDUIT     18.59     0  12:20      5.18    0.97    0.69
  8801-456             CONDUIT     19.69     0  17:14      4.96    0.64    0.79
  8456-454             CONDUIT     21.49     0  15:07      5.89    1.32    0.86
  8454-428             CONDUIT     25.66     0  12:21      7.81    0.88    0.78
  8428-429             CONDUIT     27.50     0  12:21      9.57    0.48    0.68
  8429-31T             CONDUIT     27.50     0  12:21     10.05    0.46    0.74
  8431T-431            CONDUIT      4.82     0  04:54      2.05    0.05    0.57
  2058B-112            CONDUIT      2.00     0  03:52      5.70    1.14    1.00
  9112-108             CONDUIT      1.50     0  03:52      4.52    1.06    1.00
  9108-050             CONDUIT      1.79     0  04:00      5.40    1.07    1.00
  2050-004             CONDUIT      1.57     0  05:04      4.46    1.26    1.00
  2004-073             CONDUIT      2.29     1  00:00      4.44    1.12    0.91
  2073-043             CONDUIT      0.62     0  05:12      2.89    0.37    0.71
  2043-819             CONDUIT      0.69     0  08:54      1.23    0.80    0.67
  8819-811             CONDUIT      1.68     0  08:56      1.88    0.37    0.71
  2240-230             CONDUIT      1.00     0  03:19      4.56    0.67    0.60
  9079-014             CONDUIT      1.00     0  03:53      3.80    0.83    0.85
  7955-560             CONDUIT      0.43     1  00:00      1.25    1.46    1.00
  8866-864             CONDUIT      0.00     0  00:00      0.00    0.00    0.00
  8864-862             CONDUIT      0.00     0  00:00      0.00    0.00    0.17
  8862-863             CONDUIT      2.00     1  00:00     11.29    0.17    0.28
  9082-018             CONDUIT      1.00     0  02:54      4.63    0.65    0.79
  8701-702             CONDUIT      1.00     0  03:24      4.37    0.70    0.81
  2447-446             CONDUIT      0.20     0  10:57      0.75    0.33    0.70
  8568-960             CONDUIT      0.83     0  02:48      2.54    1.09    1.00
  8567-564             CONDUIT      0.75     0  03:15      2.29    1.09    1.00
  6273-224             CONDUIT      0.00     0  00:00      0.00    0.00    0.00
  2224-221             CONDUIT      0.00     0  00:00      0.00    0.00    0.00
  8823-836             CONDUIT      3.72     0  03:45      4.65    0.54    0.76
  8834-866             CONDUIT      0.93     0  01:51      3.05    1.03    0.84
  2036-034             CONDUIT      0.95     0  03:00      2.92    1.08    0.99
  6269-273             CONDUIT      0.00     0  00:00      0.00    0.00    0.00
  9086-009             CONDUIT      1.00     0  03:10      4.33    0.71    0.63
  2009-006             CONDUIT      1.64     0  03:47      5.95    0.51    0.75
  2006-004             CONDUIT      2.80     0  04:37      5.26    1.12    1.00
  9112T-112            CONDUIT      0.79     0  03:51      2.44    1.15    1.00
  6274-273             CONDUIT      0.00     0  00:00      0.00    0.00    0.50
  8699-695             CONDUIT      1.00     0  04:18      4.81    0.62    0.79
  1827-12T             CONDUIT      1.00     0  02:59      5.47    0.53    0.76
  2485-487             CONDUIT      1.00     0  03:04      4.50    0.68    0.75
  2487-483             CONDUIT      1.98     0  03:49      5.97    1.07    0.95
  2483-472             CONDUIT      0.88     0  03:52      2.82    1.02    0.83
  2472-469             CONDUIT      0.00     0  00:00      0.00    0.00    0.50
  8836-986             CONDUIT      3.95     1  00:00      3.66    1.05    0.82
  7986-863             CONDUIT      3.95     1  00:00      8.19    0.36    0.42
  6270-269             CONDUIT      0.00     0  00:00      0.00    0.00    0.50
  8556-541             CONDUIT      0.00     0  00:00      0.00    0.00    0.50
  2448-463             CONDUIT      1.00     0  04:43      3.82    0.83    0.71
  2463-460             CONDUIT      1.00     1  00:00      3.72    0.86    0.71
  8692-695             CONDUIT      0.00     0  00:00      0.00    0.00    0.50
  8831-830             CONDUIT      1.00     0  02:03      3.35    1.03    0.79
  8571-574             CONDUIT      0.76     0  03:15      2.31    1.10    1.00
  8574-576             CONDUIT      1.52     0  03:34      3.01    1.11    1.00
  8689-690             CONDUIT      1.00     0  04:24      6.12    0.45    0.62
  2017-012             CONDUIT      0.83     0  03:47      2.70    1.03    0.83
  2037-026             CONDUIT      1.01     0  02:48      3.14    1.09    1.00
  2511-499             CONDUIT      0.00     0  00:00      0.00    0.00    0.00
  2499-501             CONDUIT      0.00     0  00:00      0.00    0.00    0.00
  2501-782             CONDUIT      1.00     0  04:13      8.13    0.31    0.38
  0782-475             CONDUIT      1.00     0  06:04      2.15    0.10    0.41
  6475-477             CONDUIT      4.50     1  00:00      5.83    0.67    0.60
  6477-748             CONDUIT      4.50     0  06:09      5.68    0.46    0.62
  7748-479             CONDUIT      8.30     0  06:10      8.20    0.92    0.81
  2560-652             CONDUIT      0.00     0  00:00      0.00    0.00    0.00
  8652-661             CONDUIT      0.00     0  00:00      0.00    0.00    0.00
  8661-662             CONDUIT      0.00     0  00:00      0.00    0.00    0.19
  8662-663             CONDUIT      1.00     0  04:19      5.63    0.30    0.50
  8663-639             CONDUIT      2.00     0  04:20      7.23    0.51    0.51
  8816-814             CONDUIT      1.02     0  03:12      3.14    1.08    1.00
  2559-560             CONDUIT      1.00     0  02:18      7.02    0.37    0.42
  7973-974             CONDUIT      5.89     0  13:22      3.70    0.21    0.94
  7974-849             CONDUIT      7.89     0  13:55      2.03    2.08    0.87
  2225-224             CONDUIT      0.00     0  00:00      0.00    0.00    0.50
  8838-836             CONDUIT      1.03     0  03:13      3.18    1.08    1.00
  2478-479             CONDUIT      0.00     0  00:00      0.00    0.00    0.34
  2479-481             CONDUIT      1.41     0  03:31      5.49    0.81    0.84
  2481-483             CONDUIT      1.65     0  03:32      4.95    1.07    1.00
  2022-024             CONDUIT      1.00     0  03:40      4.01    0.78    0.83
  1850-014             CONDUIT      1.00     0  04:17      3.03    0.93    0.88
  2226-229             CONDUIT      0.76     0  05:19      2.33    1.10    0.99
  2016-009             CONDUIT      0.64     0  03:47      2.12    1.12    0.81
  8821-823             CONDUIT      0.73     0  01:53      2.43    0.99    0.80
  5738-481             CONDUIT      1.00     0  03:31      4.86    0.61    0.78
  2561-560             CONDUIT      1.00     0  02:20      6.53    0.41    0.45
  9111-12T             CONDUIT      1.00     0  02:59      4.41    0.69    0.81
  8832-159             CONDUIT      1.03     0  03:07      3.15    1.10    1.00
  8522-527             CONDUIT      1.01     0  03:20      3.09    1.09    1.00
  8527-549             CONDUIT      0.83     0  03:35      2.52    1.14    1.00
  8549-437             CONDUIT      1.17     0  03:38      2.55    1.02    0.79
  7959-574             CONDUIT      2.01     0  03:15      5.73    1.39    1.00
  8542-549             CONDUIT      0.97     0  03:37      2.97    1.08    1.00
  2510-508             CONDUIT      1.00     0  03:10      3.86    0.82    0.84
  2508-521             CONDUIT      0.00     0  00:00      0.00    0.00    0.50
  2521-522             CONDUIT      0.00     0  00:00      0.00    0.00    0.22
  2522-523             CONDUIT      1.00     0  04:12      6.60    0.41    0.44
  2523-529             CONDUIT      0.00     0  00:00      0.00    0.00    0.00
  2529-782             CONDUIT      0.00     0  00:00      0.00    0.00    0.00
  2480-479             CONDUIT      0.59     0  03:30      1.85    0.81    0.84
  2517-523             CONDUIT      1.00     0  02:39      5.04    0.58    0.55
  2050-108             CONDUIT      1.00     0  04:42      4.36    0.70    0.81
  6229-222             CONDUIT      1.00     0  05:49      2.38    0.92    0.73
  1823-453             CONDUIT      0.72     0  02:36      2.16    1.13    1.00
  2453-100             CONDUIT      1.77     0  02:44      5.06    1.18    1.00
  9100-099             CONDUIT      2.68     0  03:53      7.60    1.46    1.00
  9099-095             CONDUIT      2.00     0  03:20      5.68    1.17    1.00
  9095-821             CONDUIT      1.27     0  03:20      3.81    1.05    0.90
  1821-164             CONDUIT      0.92     0  05:09      3.37    0.40    0.72
  9164-316             CONDUIT      3.27     0  09:16      9.28    1.31    1.00
  9316-655             CONDUIT      0.39     1  00:00      1.44    2.62    0.72
  0655-06T             CONDUIT      1.39     0  03:46      1.66    0.03    0.56
  2493-487             CONDUIT      0.98     0  03:12      3.03    1.09    0.95
  8817-809             CONDUIT      0.76     0  04:07      2.28    0.81    1.00
  8533-531             CONDUIT      1.01     0  03:04      3.13    1.08    1.00
  8531-527             CONDUIT      1.13     0  03:19      3.46    1.08    1.00
  2039-026             CONDUIT      1.02     0  02:48      3.14    1.08    1.00
  1305-616             CONDUIT      0.00     0  00:00      0.00    0.00    0.00
  8616-001             CONDUIT      3.73     0  06:12      5.56    0.33    0.43
  8839-844             CONDUIT      0.89     0  01:55      2.93    1.02    0.83
  2021-006             CONDUIT      2.00     1  00:00      5.67    1.78    1.00
  2047-819             CONDUIT      1.00     0  03:16      3.77    0.84    0.70
  8653-654             CONDUIT      0.00     0  00:00      0.00    0.00    0.00
  8654-652             CONDUIT      0.00     0  00:00      0.00    0.00    0.00
  2452-453             CONDUIT      1.01     0  02:39      3.57    0.95    1.00
  1319-652             CONDUIT      0.00     0  00:00      0.00    0.00    0.00
  9089-091             CONDUIT      0.67     0  07:34      2.14    1.11    0.87
  9091-153             CONDUIT      0.67     1  00:00      2.73    0.82    0.66
  6153-835             CONDUIT      0.67     0  07:59      3.79    0.26    0.51
  1835-833             CONDUIT      1.67     0  08:00      5.34    0.78    0.83
  1833-831             CONDUIT      2.04     0  07:52      5.84    1.08    1.00
  1831-829             CONDUIT      0.93     0  03:48      3.00    1.04    0.84
  1829-631             CONDUIT      1.92     1  00:00      8.60    0.68    0.61
  0631-59T             CONDUIT      2.92     0  04:08      1.84    0.04    0.36
  8820-810             CONDUIT      2.00     1  00:00      5.73    2.71    0.97
  2572-573             CONDUIT      0.46     0  02:31      5.44    0.18    0.29
  2572-569             CONDUIT      0.54     0  03:58      7.43    0.15    0.63
  8811-843             CONDUIT      2.55     0  13:04      5.33    1.03    0.85
  8843-844             CONDUIT      2.55     0  08:52      5.61    0.58    0.67
  9110-091             CONDUIT      0.00     0  00:00      0.00    0.00    0.37
  8859-862             CONDUIT      2.00     1  00:00      5.73    2.09    0.97
  2494-496             CONDUIT      1.00     1  00:00      4.03    0.78    0.66
  2496-748             CONDUIT      1.80     0  03:44      7.51    0.58    0.77
  9101-100             CONDUIT      1.02     0  02:47      3.59    0.93    1.00
  8850-851             CONDUIT      0.79     0  02:53      2.45    1.11    1.00
  8851-436             CONDUIT      0.89     0  04:50      2.91    1.02    0.84
  8583-075             CONDUIT      0.95     0  02:41      2.90    1.09    1.00
  8586-588             CONDUIT      0.47     0  03:57      1.52    1.16    1.00
  2474-462             CONDUIT      1.00     0  03:55      6.56    0.41    0.72
  2583-580             CONDUIT      1.01     0  03:11     11.70    0.19    0.35
  2580-637             CONDUIT      2.00     0  03:13     14.58    0.35    0.41
  8676-679             CONDUIT      0.00     0  00:00      0.00    0.00    0.50
  8679-616             CONDUIT      3.73     0  06:04      5.37    0.59    0.55
  2589-635             CONDUIT      1.00     0  02:20     11.76    0.18    0.29
  2520-521             CONDUIT      0.00     0  00:00      0.00    0.00    0.00
  2040-043             CONDUIT      0.00     0  00:00      0.00    0.00    0.50
  8594-531             CONDUIT      0.45     0  03:02      1.51    1.22    1.00
  2507-508             CONDUIT      1.00     0  03:01      5.95    0.47    0.74
  8843-845             CONDUIT      1.05     0  12:55      2.83    0.80    0.65
  8845-846             CONDUIT      0.86     0  03:52      2.51    0.59    0.51
  2579-662             CONDUIT      1.01     0  04:11     10.76    0.21    0.34
  2489-496             CONDUIT      0.80     0  02:07      2.66    1.01    0.82
  7978-973             CONDUIT      2.67     0  16:10      7.58    3.06    1.00
  2473-472             CONDUIT      2.00     0  03:17      7.60    0.84    0.70
  8818-819             CONDUIT      0.00     0  00:00      0.00    0.00    0.15
  8818-811             CONDUIT      0.00     0  00:00      0.00    0.00    0.42
  1822-099             CONDUIT      1.00     0  03:04      4.41    0.69    1.00
  2506-501             CONDUIT      1.00     0  02:55      5.41    0.53    0.52
  8852-851             CONDUIT      1.01     0  02:53      3.13    1.09    1.00
  2585-580             CONDUIT      1.04     0  03:11     15.29    0.13    0.33
  8858-846             CONDUIT      0.00     0  00:00      0.00    0.00    0.00
  8845-847             CONDUIT      1.13     0  12:55      3.34    0.62    0.76
  8847-848             CONDUIT      0.73     0  15:43      2.63    0.95    0.74
  9088-849             CONDUIT      0.00     0  00:00      0.00    0.00    0.50
  1849-848             CONDUIT      1.36     0  05:13      3.94    1.37    1.00
  1848-847             CONDUIT      0.33     0  05:14      0.93    1.23    1.00
  1847-846             CONDUIT      0.94     0  03:47      2.91    1.26    1.00
  1846-08T             CONDUIT      1.74     0  03:49      5.26    1.07    1.00
  7208T-638            CONDUIT      2.66     0  03:50      7.65    1.08    1.00
  0638-640             CONDUIT      1.86     0  03:41      5.59    1.07    1.00
  0640-653             CONDUIT      1.58     0  04:00      4.51    0.98    1.00
  8655-654             CONDUIT      0.00     0  00:00      0.00    0.00    0.00
  8589-592             CONDUIT      0.82     0  01:53      2.74    1.01    0.82
  2012-849             CONDUIT      0.00     0  00:00      0.00    0.00    0.50
  1657-222             CONDUIT      0.00     0  00:00      0.00    0.00    0.23
  1657-656             CONDUIT      1.00     0  02:36      4.19    0.42    0.45
  1656-215             CONDUIT      2.00     0  03:57      3.53    0.86    0.68
  2215-214             CONDUIT      3.00     0  03:57      6.27    0.66    0.60
  2214-679             CONDUIT      3.73     0  05:24      7.51    0.68    0.65
  2052-153             CONDUIT      0.00     0  00:00      0.00    0.00    0.17
  2075-582             CONDUIT      0.54     0  03:12      1.75    1.24    1.00
  8582-581             CONDUIT      0.93     0  03:20      2.81    1.11    1.00
  8581-579             CONDUIT      1.25     0  04:21      3.63    1.35    1.00
  8932-848             CONDUIT      1.00     0  02:08      3.76    0.84    0.71
  8847-807             CONDUIT      1.31     0  15:43      2.88    1.02    0.79
  8807-806             CONDUIT      1.66     0  15:44      8.84    0.18    0.29
  2044-043             CONDUIT      1.96     0  08:53      3.44    0.29    0.68
  2044-818             CONDUIT      0.00     0  00:00      0.00    0.00    0.24
  1658-656             CONDUIT      1.00     1  00:00      3.51    0.95    0.75
  1320-655             CONDUIT      0.00     0  00:00      0.00    0.00    0.00
  8656-655             CONDUIT      1.00     0  02:23      4.85    0.61    0.57
  8877-435             CONDUIT      0.75     0  02:02      2.52    0.99    0.80
  8665-663             CONDUIT      1.02     0  04:08     12.85    0.16    0.45
  1839-840             CONDUIT      1.00     1  00:00      4.94    0.60    0.56
  1840-050             CONDUIT      0.71     0  05:00      4.09    0.49    0.75
  2217-215             CONDUIT      0.73     0  02:17      2.42    1.06    0.80
  2524-522             CONDUIT      1.00     0  02:18      5.12    0.57    0.54
  8667-635             CONDUIT      1.00     0  02:13     14.08    0.14    0.26
  2011-848             CONDUIT      1.00     1  00:00      6.19    0.44    0.47
  8853-806             CONDUIT      1.00     0  02:07      4.05    0.77    0.66
  8807-802             CONDUIT      0.38     0  15:44      2.46    0.24    0.33
  8802-801             CONDUIT      1.10     0  15:44      7.99    0.12    0.23
  8229-075             CONDUIT      1.00     0  02:40      4.45    0.69    0.80
  8657-661             CONDUIT      1.00     0  02:20      9.35    0.25    0.34
  6219-217             CONDUIT      1.00     0  02:49      4.62    0.65    0.59
  8217-214             CONDUIT      1.00     0  05:11      3.76    0.49    0.61
  8585-504             CONDUIT      1.00     0  03:17      3.75    0.85    0.85
  9096-095             CONDUIT      1.00     0  03:20      5.76    0.49    0.75
  2010-847             CONDUIT      1.00     0  02:04      4.51    0.67    0.60
  2002-073             CONDUIT      1.67     0  05:20      8.99    0.53    0.54
  2002-044             CONDUIT      0.47     0  08:52      2.11    0.41    0.46
  2464-463             CONDUIT      0.00     0  00:00      0.00    0.00    0.00
  2525-529             CONDUIT      0.00     0  00:00      0.00    0.00    0.00
  9098-821             CONDUIT      0.35     0  05:10      2.44    0.39    0.42
  7979-847             CONDUIT      0.93     0  03:47      2.89    1.09    0.97
  8841-843             CONDUIT      1.00     1  00:00      3.35    0.99    0.79
  2051-160             CONDUIT      1.00     0  02:41      4.36    0.71    0.81
  9160-002             CONDUIT      1.03     0  02:44      3.25    1.05    0.86
  2001-002             CONDUIT      1.00     0  01:54      3.90    0.81    0.68
  6152-835             CONDUIT      1.00     0  07:53      4.45    0.69    0.64
  2051-02T             CONDUIT      1.00     0  03:17      6.66    0.22    0.66
  8231-582             CONDUIT      1.05     0  03:13      3.24    1.08    0.96
  1836-833             CONDUIT      1.00     0  03:48      5.16    0.57    0.77
  8922-846             CONDUIT      1.00     1  00:00      4.53    0.67    0.60
  8642-640             CONDUIT      1.00     0  02:11     13.33    0.15    0.27
  2466-468             CONDUIT      2.00     0  03:03      7.65    0.83    0.70
  2465-466             CONDUIT      1.00     0  02:55      5.94    0.47    0.59
  8802-457             CONDUIT      0.28     0  15:44      2.28    0.17    0.64
  8457-456             CONDUIT      4.67     0  04:17      2.05    0.07    1.00
  2467-466             CONDUIT      1.00     0  02:55      5.58    0.51    0.60
  1837-631             CONDUIT      1.01     0  03:44      8.75    0.28    0.43
  6838-836             CONDUIT      1.00     1  00:00      5.90    0.47    0.48
  8856-845             CONDUIT      0.88     0  01:56      2.90    1.01    0.83
  8230-756             CONDUIT      0.92     0  02:27      2.81    1.10    1.00
  1756-515             CONDUIT      1.93     0  03:11      5.50    1.97    1.00
  8515-22T             CONDUIT      1.71     0  03:11      5.09    1.07    1.00
  9222T-222            CONDUIT      1.76     0  03:15      5.13    1.06    1.00
  9222-224             CONDUIT      2.09     0  04:18      3.94    1.20    1.00
  9224-467             CONDUIT      0.46     0  04:18      3.20    0.38    0.71
  8467-639             CONDUIT      0.38     0  03:54      2.64    0.38    0.43
  5735-163             CONDUIT      1.00     0  02:55      5.41    0.53    0.76
  9163-164             CONDUIT      2.01     0  04:17     10.20    0.58    1.00
  8854-807             CONDUIT      0.73     0  01:47      2.43    1.02    0.80
  9097-163             CONDUIT      1.00     0  02:54      6.27    0.44    0.73
  1832-831             CONDUIT      1.00     0  03:46      4.85    0.61    0.78
  9075-074             CONDUIT      1.01     0  02:26     10.23    0.22    0.68
  9074-061             CONDUIT      2.85     0  03:08      8.09    1.21    1.00
  1061-232             CONDUIT      0.72     0  02:59      2.39    1.69    0.80
  3114-802             CONDUIT      1.00     1  00:00      3.62    0.90    0.73
  2055-160             CONDUIT      1.03     0  02:41      3.19    1.10    1.00
  8516-581             CONDUIT      1.04     0  03:25      3.32    1.05    0.92
  8648-645             CONDUIT      1.01     0  03:38     10.05    0.23    0.51
  2076-452             CONDUIT      1.00     0  03:39      3.79    0.84    0.85
  1828-829             CONDUIT      1.00     0  01:52      3.61    0.92    0.73
  1842B-840            CONDUIT      0.29     0  04:15      1.04    0.49    0.75
  9219-506             CONDUIT      1.00     0  03:18      4.42    0.69    0.81
  8506-505             CONDUIT      0.78     0  03:18      2.21    0.90    1.00
  9076-074             CONDUIT      1.00     0  02:26      7.73    0.33    1.00
  2498-499             CONDUIT      0.00     0  00:00      0.00    0.00    0.50
  9161-203             CONDUIT      1.00     0  02:35      6.65    0.40    0.44
  4703-671             CONDUIT      1.00     0  03:04      4.98    0.59    0.78
  8671-632             CONDUIT      2.71     0  03:14      8.06    1.09    1.00
  0635-08T             CONDUIT      1.00     0  03:43      5.71    0.50    0.75
  1659-217             CONDUIT      0.00     0  00:00      0.00    0.00    0.15
  8452-417             CONDUIT      1.85     0  14:45      5.26    1.52    1.00
  8417-25T             CONDUIT      1.33     0  14:44      3.77    1.29    1.00
  8425T-453            CONDUIT      0.34     0  04:23      1.20    1.39    0.91
  8453-454             CONDUIT      2.42     0  03:47      3.74    0.39    1.00
  5813-762             CONDUIT      0.85     1  00:00      2.78    1.02    0.84
  1762-452             CONDUIT      0.85     0  04:36      2.70    0.80    0.84
  8480-481             CONDUIT      0.86     0  01:46      2.82    1.03    0.83
  3659-327             CONDUIT      1.00     0  02:58      5.73    0.49    0.79
  3626-624             CONDUIT      1.00     0  02:54      9.92    0.23    0.61
  3624-644             CONDUIT      5.00     0  05:28     15.10    1.07    0.95
  0639-638             CONDUIT      1.01     0  03:32      8.98    0.27    0.68
  8509-508             CONDUIT      0.93     0  03:16      2.84    1.11    1.00
  8508-506             CONDUIT      1.28     0  03:18      3.71    1.47    1.00
  8447-448             CONDUIT      0.82     0  02:22      2.52    1.11    1.00
  8448-25T             CONDUIT      1.49     0  02:22      4.48    1.06    1.00
  3665-657             CONDUIT      1.02     0  03:40     13.89    0.15    0.63
  9065-659             CONDUIT      0.51     0  05:01      2.83    0.53    0.51
  6231-061             CONDUIT      1.04     0  02:47     14.76    0.14    0.62
  9064-065             CONDUIT      0.49     0  05:01      2.74    0.54    0.50
  8457-453             CONDUIT      1.52     0  06:45      2.89    1.20    0.93
  4655-652             CONDUIT      1.00     0  02:57      8.45    0.29    0.48
  4652-327             CONDUIT      4.00     0  04:47     16.79    0.67    0.80
  8371-756             CONDUIT      1.06     0  02:27      3.29    1.07    1.00
  5026-659             CONDUIT      0.00     0  00:00      0.00    0.00    0.00
  1759B-759            CONDUIT      2.82     0  14:44      7.99    2.47    1.00
  1759-417             CONDUIT      1.78     0  03:05      5.05    2.12    1.00
  8449-448             CONDUIT      1.00     0  02:21      7.14    0.37    0.71
  3629-624             CONDUIT      2.00     0  03:34      7.17    0.75    0.77
  1757B-508            CONDUIT      2.00     1  00:00      5.67    5.31    1.00
  7134-290             CONDUIT      0.74     0  04:21      5.03    0.40    0.72
  0290-655             CONDUIT      1.03     0  04:22      3.26    1.06    0.86
  0293-134             CONDUIT      1.00     0  02:44      8.44    0.29    0.40
  6230-655             CONDUIT      1.00     1  00:00      7.94    0.32    0.39
  1759A-759            CONDUIT      2.00     1  00:00      5.67    1.34    1.00
  0651-649             CONDUIT      3.01     0  02:59     13.36    0.69    0.62
  0649-422             CONDUIT      4.03     0  04:02     16.81    0.74    0.68
  8479-483             CONDUIT      0.98     0  01:56      3.19    1.03    0.85
  6160-640             CONDUIT      0.51     0  04:00      1.61    1.26    1.00
  4066-448             CONDUIT      1.00     0  02:21      4.62    0.65    0.79
  4702-671             CONDUIT      1.00     0  03:03      6.28    0.44    0.73
  0294-57T             CONDUIT      1.00     0  03:32      5.76    0.49    0.71
  4698-700             CONDUIT      0.00     0  00:00      0.00    0.00    0.00
  4700-565             CONDUIT      0.00     0  00:00      0.00    0.00    0.50
  4565-719             CONDUIT      2.20     0  07:31      6.32    1.08    1.00
  1719-554             CONDUIT      2.47     0  06:46      7.09    1.02    1.00
  3554-639             CONDUIT      2.58     0  04:20      7.60    1.08    1.00
  3639-343             CONDUIT      2.16     0  03:46      6.36    1.06    1.00
  9343-317             CONDUIT      1.82     0  03:56      5.24    1.05    1.00
  1317-356             CONDUIT      3.56     0  04:22     10.10    1.34    1.00
  49356-347            CONDUIT      4.56     0  04:46      7.11    0.92    0.88
  49347-346            CONDUIT      1.00     0  01:59     13.09    0.02    0.09
  9346-035             CONDUIT      1.00     0  03:54      3.75    0.10    0.60
  1035-760             CONDUIT      3.72     0  04:33      6.61    0.27    0.40
  0760-546             CONDUIT      4.72     0  04:48      6.19    0.41    0.47
  9546-543             CONDUIT      4.72     0  05:04      5.36    0.50    0.50
  9543-995             CONDUIT      4.72     0  05:51      5.91    0.44    0.46
  8500-502             CONDUIT      2.00     0  04:26      5.67    4.97    1.00
  8502-476             CONDUIT      1.03     0  04:01      3.06    1.09    1.00
  4591-593             CONDUIT      1.00     0  02:52      8.35    0.30    0.69
  4593-594             CONDUIT      3.00     0  06:24      8.51    2.12    1.00
  4594-596             CONDUIT      0.00     0  00:00      0.00    0.00    0.36
  4596-652             CONDUIT      1.00     1  00:00      3.71    0.87    0.71
  6229-316             CONDUIT      2.00     0  06:36      5.71    1.13    1.00
  0648-649             CONDUIT      1.00     1  00:00      6.08    0.46    0.47
  4691-671             CONDUIT      1.00     0  03:04      5.30    0.55    0.76
  0786-785             CONDUIT      0.50     0  02:00      1.78    1.10    0.75
  0785-475             CONDUIT      1.50     0  03:19      6.84    0.41    0.72
  1764-50T             CONDUIT      1.00     1  00:00      3.54    0.53    0.52
  0288-290             CONDUIT      1.24     0  04:22      3.78    1.08    1.00
  1751-908             CONDUIT      1.00     1  00:00      3.63    0.90    0.73
  6908-222             CONDUIT      1.55     0  03:36      5.56    0.52    0.76
  0642-643             CONDUIT      1.00     0  03:23      4.24    0.73    0.70
  0783-785             CONDUIT      1.00     1  00:00      6.15    0.45    0.47
  7201-134             CONDUIT      1.01     0  02:44      9.11    0.26    0.39
  9067-065             CONDUIT      1.00     1  00:00      4.11    0.76    0.65
  0286-288             CONDUIT      0.35     1  00:00      1.00    1.00    1.00
  8485B-483            CONDUIT      1.57     0  05:34      2.90    1.19    1.00
  8498-502             CONDUIT      1.04     0  03:10      3.17    1.10    1.00
  9056-026             CONDUIT      0.00     0  00:00      0.00    0.00    0.00
  4701-700             CONDUIT      0.39     0  02:19      1.46    1.83    0.72
  8441-473             CONDUIT      0.00     0  00:00      0.00    0.00    0.50
  8473-471             CONDUIT      1.00     0  14:44      3.12    1.45    0.85
  1356-353             CONDUIT      1.00     0  07:40      4.10    0.60    0.70
  1353-351             CONDUIT      2.00     0  07:35      6.29    1.03    0.92
  1351-565             CONDUIT      2.95     0  07:40      8.51    1.08    1.00
  0289-288             CONDUIT      2.00     0  03:56      5.70    1.59    1.00
  9057-056             CONDUIT      0.00     0  00:00      0.00    0.00    0.00
  0283-286             CONDUIT      1.00     0  02:45      6.28    0.44    0.73
  1745-908             CONDUIT      0.55     0  02:52      1.87    1.39    0.82
  8445-430             CONDUIT      2.00     1  00:00      5.73    1.74    0.97
  8430-31T             CONDUIT      1.89     0  23:31      2.66    0.03    0.56
  5417-418             CONDUIT      2.24     0  04:08      6.73    1.08    1.00
  3562-593             CONDUIT      0.00     0  00:00      0.00    0.00    0.50
  8453-427             CONDUIT      2.02     0  12:22      3.66    0.83    0.66
  8427-428             CONDUIT      2.46     0  05:00      6.87    0.46    0.49
  0780-232             CONDUIT      2.74     1  00:00     11.08    0.77    0.66
  9058-057             CONDUIT      0.00     0  00:00      0.00    0.00    0.00
  0280-286             CONDUIT      3.22     0  04:34      9.14    2.06    1.00
  8451-768             CONDUIT      0.96     0  01:46      3.10    1.07    0.85
  1768-651             CONDUIT      0.00     0  00:00      0.00    0.00    0.42
  1770-768             CONDUIT      0.69     1  00:00      2.30    1.09    0.79
  1362-364             CONDUIT      1.00     1  00:00      5.37    0.54    0.52
  1364-367             CONDUIT      0.61     0  04:58      3.35    0.53    0.52
  1367-348             CONDUIT      0.30     0  08:17      1.40    0.20    0.65
  1348-351             CONDUIT      1.15     0  08:09      3.54    1.06    1.00
  1357-356             CONDUIT      0.00     0  00:00      0.00    0.00    0.27
  9416-356             CONDUIT      1.00     0  05:51      4.91    0.60    0.56
  5032-057             CONDUIT      0.00     0  00:00      0.00    0.00    0.00
  8413-406             CONDUIT      0.99     0  03:14      3.01    1.11    1.00
  8406-649             CONDUIT      1.61     0  03:14      4.72    1.06    0.94
  4598-596             CONDUIT      1.00     0  04:12      7.86    0.32    0.56
  8428-430             CONDUIT      0.18     0  12:21      1.13    0.20    0.26
  0279-280             CONDUIT      1.01     0  02:24      9.77    0.24    0.72
  8430-2BD             CONDUIT      0.29     0  23:31      3.73    0.05    0.58
  8432B-432            CONDUIT      1.57     0  06:03      9.18    0.16    0.63
  9325-326             CONDUIT      3.00     0  06:42     10.02    0.64    0.81
  1746-22T             CONDUIT      1.00     0  03:15      5.21    0.56    0.77
  4595-594             CONDUIT      2.00     1  00:00     10.26    0.57    0.54
  4600-325             CONDUIT      2.02     0  03:32     14.70    0.35    0.51
  9528-989             CONDUIT      2.49     0  06:41      2.70    0.35    0.70
  0263-267             CONDUIT      1.01     0  02:48      3.71    0.87    0.86
  0267-272             CONDUIT      1.61     0  02:50      4.66    1.06    1.00
  0272-273             CONDUIT      4.11     1  00:00     11.66    3.36    1.00
  0273-101             CONDUIT      2.79     0  03:34      4.01    1.05    0.86
  2101-23T             CONDUIT      3.78     0  03:34      7.08    0.63    0.79
  6223T-223            CONDUIT      0.00     0  00:00      0.00    0.00    0.50
  6223-264             CONDUIT      0.00     0  00:00      0.00    0.00    0.13
  9264-765             CONDUIT      1.00     0  04:01      3.55    0.02    0.11
  0442-675             CONDUIT      3.64     0  04:09     10.83    1.08    1.00
  6246-258             CONDUIT      1.00     0  03:31      9.93    0.23    0.66
  6258-056             CONDUIT      1.53     0  03:32      4.52    1.05    0.93
  1056-055             CONDUIT      2.51     0  03:43     12.98    0.56    0.77
  1055-528             CONDUIT      3.41     1  00:00      9.68    1.40    1.00
  1775-776             CONDUIT      0.91     0  02:20      2.77    1.10    1.00
  1776-453             CONDUIT      1.40     0  02:21      4.22    1.06    0.91
  0282-280             CONDUIT      1.00     0  02:24      6.79    0.39    1.00
  1783-776             CONDUIT      1.04     0  02:20      3.39    1.03    0.92
  3537-532             CONDUIT      1.00     0  03:27      5.43    0.53    0.76
  3532-538             CONDUIT      1.26     0  03:28      3.84    1.05    0.90
  3538-377             CONDUIT      2.33     0  03:57     10.27    0.69    0.80
  1377-373             CONDUIT      1.45     0  04:23      4.14    1.34    1.00
  1373-371             CONDUIT      1.39     0  04:26      4.21    1.06    1.00
  1371-567             CONDUIT      1.57     0  04:26      4.70    1.07    1.00
  4567-726             CONDUIT      2.27     0  04:47      6.77    1.08    1.00
  21726-725            CONDUIT      1.05     0  05:04      1.86    0.20    1.00
  1725-328             CONDUIT      1.00     1  00:00     11.60    0.06    0.17
  21328-330            CONDUIT      2.01     0  04:16     10.15    0.19    0.65
  1330-357             CONDUIT      1.00     0  03:00      5.51    0.29    0.37
  9357-356             CONDUIT      1.00     0  02:08      5.64    0.28    0.36
  9524-513             CONDUIT      1.00     0  04:28      5.76    0.34    0.70
  3531-532             CONDUIT      2.00     0  04:07      6.13    1.04    0.93
  0262-272             CONDUIT      1.00     0  03:20      4.50    0.68    0.80
  1365-364             CONDUIT      0.39     0  04:58      1.42    0.40    0.72
  8474-473             CONDUIT      0.00     0  00:00      0.00    0.00    0.50
  8386-515             CONDUIT      1.61     0  03:53      4.57    2.36    1.00
  8405-406             CONDUIT      2.00     1  00:00      5.67    2.27    1.00
  1774-776             CONDUIT      1.02     0  02:20      3.55    0.95    0.89
  3561-323             CONDUIT      3.00     0  04:29      9.54    0.79    0.84
  1354-353             CONDUIT      1.00     0  07:31      4.96    0.60    0.65
  8851-325             CONDUIT      1.00     0  03:32      8.03    0.31    0.50
  0602-422             CONDUIT      1.01     0  04:01      8.82    0.27    0.54
  6244-056             CONDUIT      1.01     0  03:38     10.80    0.21    0.42
  1058-241             CONDUIT      2.00     0  02:55      8.38    0.31    0.69
  6241-530             CONDUIT      4.96     0  03:20     14.07    1.24    1.00
  9530-528             CONDUIT      5.18     0  02:59      6.82    1.05    1.00
  1040-037             CONDUIT      3.00     0  03:32     15.39    0.57    0.54
  0296-297             CONDUIT      2.26     0  04:07      6.40   18.32    1.00
  0297-302             CONDUIT      1.51     0  03:18      4.56    1.06    1.00
  0302-303             CONDUIT      1.49     0  05:46      4.31    1.46    1.00
  0303-281             CONDUIT      2.21     0  08:27      3.21    1.24    0.82
  9281-273             CONDUIT      2.21     0  08:26      3.54    0.47    0.74
  3650-648             CONDUIT      0.00     0  00:00      0.00    0.00    0.17
  3648-647             CONDUIT      1.00     0  04:24      8.07    0.24    0.39
  3647-561             CONDUIT      2.00     0  04:29      9.93    0.40    0.56
  6238-058             CONDUIT      1.00     0  02:53      8.39    0.29    0.38
  6161-442             CONDUIT      0.70     0  04:10      2.01    1.20    1.00
  0603-605             CONDUIT      1.00     0  03:13      4.69    0.64    0.79
  0605-606             CONDUIT      1.85     0  03:13      5.50    1.07    0.96
  0606-417             CONDUIT      2.28     0  04:26      6.92    0.94    0.88
  9531-058             CONDUIT      1.01     0  01:55      6.66    0.41    0.44
  6249-228             CONDUIT      1.00     0  03:16      7.70    0.33    0.47
  6228-227             CONDUIT      3.52     0  04:05     16.81    0.59    0.78
  6227-258             CONDUIT      3.25     0  03:26      9.58    1.08    1.00
  1740-265             CONDUIT      2.36     0  04:42      5.46    0.91    0.75
  0610-417             CONDUIT      2.01     0  03:55     12.82    0.43    0.73
  3529-531             CONDUIT      1.00     0  03:37      3.80    0.83    0.78
  3634-554             CONDUIT      1.00     0  04:22      7.36    0.35    0.70
  0278-267             CONDUIT      1.02     0  03:12      3.41    1.01    0.91
  8470-471             CONDUIT      0.00     0  00:00      0.00    0.00    0.50
  3644-561             CONDUIT      1.00     0  04:07      9.63    0.24    0.50
  0441-161             CONDUIT      1.54     1  00:00      4.39    1.73    1.00
  6237-235             CONDUIT      1.01     0  02:49     10.42    0.22    0.66
  6235-530             CONDUIT      5.55     0  04:03      7.79    1.00    0.91
  0696-032             CONDUIT      0.93     1  00:00      9.34    0.23    0.33
  3533-532             CONDUIT      1.01     0  03:28      3.09    1.11    1.00
  6226-219             CONDUIT      1.00     0  03:36      8.31    0.30    0.69
  6219-606             CONDUIT      0.52     0  04:09      1.77    1.34    0.88
  6240-241             CONDUIT      1.00     0  02:57      5.25    0.55    1.00
  3649-648             CONDUIT      1.01     0  02:08      3.88    0.82    0.69
  0440-441             CONDUIT      0.76     0  05:04      2.17    1.02    1.00
  0746-698             CONDUIT      0.52     0  02:07      1.83    1.23    0.75
  0698-702             CONDUIT      1.52     1  00:00      9.36    0.45    0.47
  0702-235             CONDUIT      3.55     0  03:47      8.99    0.44    0.64
  8385-382             CONDUIT      1.00     0  02:38      4.30    0.72    0.81
  8382-389             CONDUIT      0.81     0  03:07      2.48    1.09    1.00
  8389-391             CONDUIT      1.47     0  03:08      4.46    1.06    1.00
  18391-317            CONDUIT      1.13     0  04:24      3.41    1.09    1.00
  18317-318            CONDUIT      1.04     0  03:07      1.52    0.02    0.55
  18318-18W            CONDUIT      0.99     0  01:53      3.11    0.20    0.65
  3530-531             CONDUIT      1.00     0  03:35      3.83    0.83    0.78
  0697-696             CONDUIT      0.07     0  04:19      0.34    0.05    0.57
  1780-738             CONDUIT      0.79     0  01:44      2.58    1.05    0.81
  1738-644             CONDUIT      2.39     0  04:24      5.45    0.58    0.55
  1368-367             CONDUIT      0.32     0  08:17      1.31    0.20    0.65
  8469-467             CONDUIT      0.84     0  01:52      2.80    1.01    0.82
  8342-605             CONDUIT      0.69     0  03:40      2.08    1.13    1.00
  8605-329             CONDUIT      0.63     0  05:51      1.78    1.38    1.00
  8329-328             CONDUIT      0.72     0  03:39      2.88    0.83    1.00
  8328-326             CONDUIT      1.04     0  04:51      2.96    1.15    1.00
  18326-317            CONDUIT      1.91     0  05:48      3.52    1.12    1.00
  8407-740             CONDUIT      1.03     0  04:30      3.32    1.04    0.87
  6252-230             CONDUIT      1.00     1  00:00      6.03    0.46    0.48
  6230-228             CONDUIT      2.52     0  04:05     11.08    0.70    0.61
  0540-442             CONDUIT      1.00     0  02:19      5.91    0.47    0.48
  1077-227             CONDUIT      1.00     0  03:25      8.27    0.30    0.69
  3809-40T             CONDUIT      1.00     0  03:26      6.10    0.45    0.74
  1777-738             CONDUIT      0.85     0  01:44      2.74    1.12    0.83
  9525-526             CONDUIT      1.00     1  00:00      7.19    0.36    0.42
  9526-303             CONDUIT      2.07     0  03:32      5.89    1.27    1.00
  9303-219             CONDUIT      2.64     0  03:32      7.82    1.08    1.00
  3640-636             CONDUIT      1.00     0  03:13      9.83    0.24    0.37
  3636-639             CONDUIT      2.03     0  03:46     15.20    0.34    0.70
  6243-055             CONDUIT      1.00     0  03:41      7.01    0.38    0.71
  8414-264             CONDUIT      1.00     1  00:00      6.18    0.45    0.47
  8398-397             CONDUIT      1.03     0  02:41      3.21    1.10    1.00
  8397-605             CONDUIT      0.27     0  03:39      0.99    1.21    1.00
  1043-040             CONDUIT      1.01     0  03:27     10.87    0.21    0.42
  1069-647             CONDUIT      1.00     0  04:17      7.50    0.34    0.42
  1380-538             CONDUIT      1.00     0  03:57      4.44    0.69    0.61
  8381-382             CONDUIT      0.92     0  02:39      2.83    1.10    1.00
  9287-336             CONDUIT      1.00     0  02:56      4.02    0.78    0.83
  0336-297             CONDUIT      1.60     0  02:59      4.85    1.07    1.00
  0695-696             CONDUIT      1.00     0  02:20      6.57    0.41    0.45
  6254-231             CONDUIT      0.48     0  04:04      1.83    0.34    0.70
  6231-230             CONDUIT      0.52     0  04:04      2.89    0.34    0.51
  6251-230             CONDUIT      1.00     0  02:05      6.29    0.44    0.46
  8177-738             CONDUIT      0.76     0  04:15      4.31    0.25    0.38
  8380-379             CONDUIT      0.70     0  03:03      2.21    1.13    1.00
  8379-391             CONDUIT      1.16     0  03:44      3.55    1.08    1.00
  0444-161             CONDUIT      2.02     0  05:48      6.22    1.05    0.93
  1046-040             CONDUIT      2.00     0  03:28     10.46    0.56    0.54
  0614-605             CONDUIT      1.97     0  03:00      5.91    1.07    1.00
  0745-698             CONDUIT      1.00     0  02:11      5.23    0.56    0.53
  9405-765             CONDUIT      1.00     0  03:14      5.31    0.55    0.60
  0765-762             CONDUIT      2.00     0  03:44      8.03    0.78    0.66
  0762-035             CONDUIT      3.72     0  04:05     16.44    0.69    0.61
  0694-693             CONDUIT      1.00     0  02:17      6.61    0.41    0.44
  0693-543             CONDUIT      0.00     0  00:00      0.00    0.00    0.41
  1050-046             CONDUIT      1.00     0  03:09      6.54    0.41    0.49
  8331-329             CONDUIT      0.02     0  01:58      0.11    0.05    0.55
  3637-636             CONDUIT      1.00     0  02:16      8.14    0.31    0.38
  8196-740             CONDUIT      1.36     0  05:04      5.56    0.44    0.46
  0716-718             CONDUIT      1.00     0  02:58      7.62    0.34    0.70
  0718-526             CONDUIT      1.30     0  03:21      3.76    1.37    1.00
  1722-719             CONDUIT      1.00     0  04:19      7.73    0.33    0.70
  8388-389             CONDUIT      1.01     0  03:06      3.64    0.91    0.87
  0617-614             CONDUIT      1.00     0  02:53      6.02    0.46    0.74
  0313-310             CONDUIT      1.00     0  02:47      4.76    0.63    0.79
  0310-309             CONDUIT      1.58     0  02:50      4.77    1.07    1.00
  0309-305             CONDUIT      0.96     0  03:52      3.08    1.03    0.85
  0305-303             CONDUIT      0.95     0  06:19      4.01    0.25    0.34
  1721-554             CONDUIT      1.00     0  03:16      7.23    0.36    0.71
  6253-231             CONDUIT      1.00     1  00:00      6.07    0.46    0.47
  1047-046             CONDUIT      1.00     0  03:11      5.54    0.52    0.52
  1341-343             CONDUIT      1.00     0  03:55      8.00    0.31    0.69
  3664-397             CONDUIT      0.81     0  02:41      2.45    1.12    1.00
  0352-23T             CONDUIT      1.00     0  03:29      7.87    0.32    0.69
  6218-614             CONDUIT      1.00     0  02:53      7.76    0.33    0.70
  0618-619             CONDUIT      1.00     0  02:11      4.19    0.74    0.64
  0619-441             CONDUIT      0.00     0  00:00      0.00    0.00    0.50
  0338-340             CONDUIT      1.00     0  03:26      4.48    0.68    0.68
  0340-346             CONDUIT      0.77     0  03:55      2.83    0.90    0.86
  0346-407             CONDUIT      1.93     0  03:57      5.79    1.07    1.00
  5407-408             CONDUIT      0.42     0  04:41      2.31    0.56    0.76
  5408-315             CONDUIT      0.62     0  04:07      2.42    0.55    0.76
  0315-309             CONDUIT      1.45     0  03:51      4.38    1.07    1.00
  0350-348             CONDUIT      1.01     0  02:50      3.70    0.87    0.86
  0348-346             CONDUIT      1.45     0  02:51      4.40    1.06    1.00
  8378-379             CONDUIT      0.78     0  03:03      2.42    1.10    1.00
  0737-735             CONDUIT      1.00     0  04:06      8.71    0.28    0.68
  0735-030             CONDUIT      3.82     0  04:07     10.96    1.08    1.00
  1030-702             CONDUIT      0.98     0  03:47      2.56    0.44    0.73
  1347-348             CONDUIT      1.00     0  08:08      3.08    1.09    1.00
  1311-314             CONDUIT      1.00     0  03:12      7.76    0.33    0.44
  1314-317             CONDUIT      2.01     0  04:18     11.74    0.48    0.74
  6255-235             CONDUIT      1.00     0  02:49      8.54    0.29    0.68
  1372-371             CONDUIT      1.02     0  04:25      3.47    0.99    0.90
  1375-373             CONDUIT      1.04     0  04:22      3.43    1.01    0.91
  1345-317             CONDUIT      1.00     0  03:36      8.02    0.31    0.69
  4558-556             CONDUIT      1.00     0  03:22      4.67    0.64    0.64
  4556-680             CONDUIT      2.00     0  03:34      7.60    0.83    0.85
  0680-762             CONDUIT      1.79     0  03:35      5.33    1.07    0.95
  8603-605             CONDUIT      0.91     0  03:40      3.36    0.88    0.86
  6162-619             CONDUIT      2.00     1  00:00      5.73    4.36    0.97
  0344-340             CONDUIT      0.29     0  03:54      0.88    0.71    0.87
  0767-765             CONDUIT      1.00     0  03:14      6.25    0.44    0.56
  9277-101             CONDUIT      1.00     1  00:00      4.79    0.62    0.57
  1382-377             CONDUIT      0.88     0  04:16      2.67    1.11    1.00
  8330-329             CONDUIT      1.00     1  00:00      3.51    0.96    0.75
  8194-196             CONDUIT      0.67     0  05:02      3.91    0.48    0.49
  9288-303             CONDUIT      1.00     0  03:30      4.91    0.60    0.78
  5392-336             CONDUIT      1.00     0  02:58      3.09    1.08    1.00
  0720-718             CONDUIT      1.00     0  02:54      6.48    0.42    0.73
  0742-739             CONDUIT      1.00     0  04:03      6.64    0.40    0.62
  0739-735             CONDUIT      3.00     0  06:34      9.18    0.98    0.90
  8602-603             CONDUIT      0.11     0  03:39      0.64    0.32    0.51
  4568-567             CONDUIT      1.00     0  04:25      5.75    0.49    0.79
  0723-721             CONDUIT      1.00     0  02:57      7.21    0.36    0.57
  0721-718             CONDUIT      2.00     0  03:19      6.98    0.88    0.86
  9345-556             CONDUIT      1.00     0  03:14      6.98    0.38    0.56
  0349-348             CONDUIT      1.00     0  02:49      5.15    0.57    0.77
  1315-314             CONDUIT      1.00     1  00:00      5.17    0.56    0.54
  0354-194             CONDUIT      0.67     0  01:52      2.27    0.99    0.79
  9238-44T             CONDUIT      1.00     0  02:31      5.24    0.55    0.53
  0741-558             CONDUIT      1.00     0  04:04      9.26    0.26    0.50
  9558-739             CONDUIT      2.00     0  06:25      8.11    0.77    0.66
  9278-280             CONDUIT      0.00     0  00:00      0.00    0.00    0.50
  9280-281             CONDUIT      0.00     0  00:00      0.00    0.00    0.11
  3556-383             CONDUIT      0.30     0  05:00      0.91    0.77    0.88
  21383-392            CONDUIT      1.70     0  05:36      5.98    0.92    0.88
  1392-552             CONDUIT      0.51     0  08:57      2.16    0.16    0.64
  3552-726             CONDUIT      2.50     0  05:09      4.63    1.57    1.00
  21723-725            CONDUIT      1.00     0  05:07      6.51    0.42    0.72
  0681-680             CONDUIT      1.00     0  03:34      9.55    0.25    0.67
  8494-6BT             CONDUIT      1.96     0  04:13      6.93    0.91    0.87
  5391A-391            CONDUIT      0.42     0  08:06      1.58    0.37    0.71
  25391-333            CONDUIT      0.47     0  04:36      3.34    0.37    0.71
  0333-346             CONDUIT      0.00     0  00:00      0.00    0.00    0.00
  5410-310             CONDUIT      1.00     0  02:48      4.35    0.71    0.81
  8495-494             CONDUIT      1.00     0  02:36      6.22    0.44    0.61
  0692-693             CONDUIT      1.00     0  02:15      7.10    0.37    0.42
  8601-602             CONDUIT      0.09     0  20:11      0.37    0.20    0.65
  0705-702             CONDUIT      1.00     1  00:00      7.41    0.35    0.41
  8606-603             CONDUIT      1.00     0  01:59      3.22    1.04    0.85
  1396-552             CONDUIT      1.00     0  04:22      7.01    0.38    0.71
  0307-302             CONDUIT      1.00     0  03:39      3.78    0.84    0.85
  8200-196             CONDUIT      0.69     0  01:52      2.32    0.99    0.79
  3553-386             CONDUIT      1.00     1  00:00      3.71    0.87    0.71
  1386-383             CONDUIT      2.00     0  04:20      9.51    0.63    0.66
  5409-408             CONDUIT      1.00     1  00:00      4.24    0.73    0.63
  0687-686             CONDUIT      1.00     1  00:00      5.52    0.52    0.51
  0686-560             CONDUIT      1.00     0  06:08      7.09    0.37    0.43
  9560-558             CONDUIT      1.00     0  06:15      5.91    0.40    0.55
  5391B-391            CONDUIT      0.90     0  01:55      2.91    1.07    0.84
  8182-177             CONDUIT      0.76     0  01:59      2.55    0.99    0.81
  8376-328             CONDUIT      0.92     0  04:50      2.84    1.10    1.00
  8488-489             CONDUIT      1.02     0  02:37      3.37    1.05    1.00
  8489-490             CONDUIT      0.35     1  00:00      1.30    2.64    0.70
  8490-65T             CONDUIT      0.35     0  07:53      4.78    0.15    0.26
  9235-494             CONDUIT      0.96     0  03:08      3.05    1.07    0.87
  9553-721             CONDUIT      1.00     0  02:57      7.39    0.35    0.57
  0314-315             CONDUIT      1.02     0  03:47      3.52    0.96    0.89
  18607-374            CONDUIT      0.76     0  04:16      2.24    1.18    1.00
  8374-376             CONDUIT      2.75     0  11:44      7.80    1.27    1.00
  0757-760             CONDUIT      1.01     0  03:59     11.04    0.20    0.61
  1329-328             CONDUIT      1.00     0  02:14      8.82    0.27    0.36
  8377-376             CONDUIT      1.00     0  03:24      4.43    0.69    0.81
  20316-427            CONDUIT      1.00     0  03:39      4.20    0.74    0.82
  0427-305             CONDUIT      3.36     0  05:37      9.95    0.41    0.45
  1327-328             CONDUIT      1.00     0  02:14      6.24    0.44    0.46
  0733-735             CONDUIT      1.00     0  04:04      6.70    0.40    0.72
  0728-030             CONDUIT      1.00     0  02:52      8.43    0.29    0.68
  1387-386             CONDUIT      1.00     0  03:23      7.63    0.33    0.49
  8322-326             CONDUIT      1.00     0  05:22      4.36    0.70    0.81
  0731-030             CONDUIT      1.00     0  02:52      6.45    0.14    0.63
  1750-489             CONDUIT      0.90     0  02:37      2.75    1.13    1.00
  8174T-177            CONDUIT      1.06     0  03:33      3.10    0.71    0.80
  9230-6AT             CONDUIT      1.00     0  03:23      4.98    0.59    0.78
  18184-74T            CONDUIT      1.10     0  03:31      2.90    0.82    0.84
  71782-230            CONDUIT      4.17     0  04:35     11.84    1.34    1.00
  0732-731             CONDUIT      0.00     0  00:00      0.00    0.00    0.00
  1389-387             CONDUIT      1.00     1  00:00     19.10    0.09    0.21
  21390-392            CONDUIT      1.00     0  04:26      5.85    0.48    1.00
  1081-602             CONDUIT      1.26     0  03:17      3.56    1.52    1.00
  9282-280             CONDUIT      1.00     0  02:44      3.54    0.94    0.75
  18185-184            CONDUIT      1.07     0  03:30      3.13    1.60    1.00
  0755-757             CONDUIT      1.26     0  03:28     12.15    0.24    0.33
  9561-560             CONDUIT      1.00     0  03:13      9.04    0.26    0.35
  20320-318            CONDUIT      0.00     0  00:00      0.00    0.00    0.50
  20318-426            CONDUIT      0.00     0  00:00      0.00    0.00    0.50
  20426-427            CONDUIT      0.00     0  00:00      0.00    0.00    0.50
  0685-686             CONDUIT      1.06     0  04:10      3.14    4.84    1.00
  8163-238             CONDUIT      0.00     0  00:00      0.00    0.00    0.50
  9404-387             CONDUIT      1.00     0  02:23     14.76    0.13    0.25
  20750-768            CONDUIT      1.00     0  02:19      4.79    0.62    0.57
  20768-769            CONDUIT      1.00     1  00:00     11.27    0.19    0.30
  0769-731             CONDUIT      0.00     0  00:00      0.00    0.00    0.00
  20749-750            CONDUIT      1.00     0  02:01     14.40    0.13    0.25
  21331-330            CONDUIT      1.00     0  02:09     10.01    0.23    0.33
  26224-222            CONDUIT      0.00     0  04:14      0.01    0.00    0.51
  26222-221            CONDUIT      0.00     0  00:00      0.00    0.00    0.50
  26221-184            CONDUIT      0.00     0  00:00      0.00    0.00    0.00
  20332-333            CONDUIT      1.00     0  01:52      5.55    0.51    0.51
  4585-357             CONDUIT      1.00     1  00:00     14.72    0.13    0.25
  24586-585            CONDUIT      1.00     0  02:08     28.18    0.05    0.16
  20754-683            CONDUIT      1.07     0  06:23      3.36    0.82    0.85
  20683-750            CONDUIT      1.00     0  02:32      8.12    0.31    0.38
  0358-194             CONDUIT      0.63     0  04:08      1.89    1.11    1.00
  24590-586            CONDUIT      1.00     0  02:13     16.14    0.11    0.23
  49232-492            CONDUIT      0.00     0  00:00      0.00    0.00    0.50
  8492-490             CONDUIT      0.00     0  00:00      0.00    0.00    0.50
  0671-757             CONDUIT      0.74     0  03:28      7.16    0.24    0.34
  5405-407             CONDUIT      1.00     0  04:07      8.22    0.30    1.00
  21398-399            CONDUIT      1.00     1  00:00      4.68    0.64    0.58
  21399-407            CONDUIT      1.00     0  02:23     13.06    0.16    0.27
  49407-374            CONDUIT      1.00     1  00:00      5.49    0.52    0.51
  9374-726             CONDUIT      1.00     0  02:22     10.09    0.23    0.32
  24570-395            CONDUIT      1.00     1  00:00     15.21    0.12    0.24
  49395-399            CONDUIT      1.00     0  03:00      5.05    0.58    0.55
  18311-318            CONDUIT      0.96     0  03:07      3.80    0.25    0.67
  46898-74T            CONDUIT      0.00     0  00:00      0.00    0.00    0.00
  18372-374            CONDUIT      2.46     0  02:58      9.02    0.41    0.72
  20322-323            CONDUIT      1.00     0  01:59      8.07    0.31    0.38
  20323-325            CONDUIT      1.00     0  02:16      6.01    0.46    0.48
  20325-318            CONDUIT      0.00     0  00:00      0.00    0.00    0.50
  18316-317            CONDUIT      0.00     0  00:00      0.00    0.00    0.50
  20684-683            CONDUIT      3.93     0  06:23     12.37    0.82    0.85
  73570-585            CONDUIT      1.00     0  02:33     10.55    0.21    0.31
  20331-043            CONDUIT      1.00     0  03:43      4.59    0.66    0.80
  21043-330            CONDUIT      0.53     0  04:06      2.25    0.17    0.64
  20330-323            CONDUIT      1.00     0  02:03      7.24    0.36    0.41
  9595-731             CONDUIT      1.00     1  00:00      8.91    0.27    0.36
  20675-674            CONDUIT      1.00     0  02:10     14.40    0.13    0.25
  20674-671            CONDUIT      1.00     0  02:15      9.79    0.24    0.33
  24589-586            CONDUIT      1.00     0  02:25     11.53    0.19    0.29
  49233-234            CONDUIT      1.56     0  07:50      5.93    0.33    0.70
  49234-492            CONDUIT      0.00     0  00:00      0.00    0.00    0.50
  49373-331            CONDUIT      1.00     0  02:17     11.82    0.18    0.29
  73113T-12T           CONDUIT      1.46     0  03:17      2.42    0.09    1.00
  49372-373            CONDUIT      1.00     0  02:11     23.66    0.07    0.18
  18305-302            CONDUIT      0.00     0  00:00      0.00    0.00    0.50
  18302-95T            CONDUIT      0.00     0  00:00      0.00    0.00    0.00
  48895T-894           CONDUIT      2.00     0  02:53      0.65    0.00    0.52
  48894-299            CONDUIT      0.96     0  04:13      0.30    0.01    0.54
  18299-658            CONDUIT      0.00     0  00:00      0.00    0.00    0.50
  49658-684            CONDUIT      0.00     0  00:00      0.00    0.00    0.50
  18306-307            CONDUIT      4.31     1  00:00     12.22    1.20    1.00
  18307-302            CONDUIT      0.00     0  00:00      0.00    0.00    0.50
  49569-567            CONDUIT      1.00     0  02:49     21.34    0.08    0.19
  49567-671            CONDUIT      1.00     1  00:00      8.80    0.27    0.36
  73112T-95T           CONDUIT      1.04     0  03:22      4.65    0.03    0.56
  18401-185            CONDUIT      0.00     0  00:00      0.00    0.00    0.00
  8168-238             CONDUIT      0.00     0  00:00      0.00    0.00    0.50
  73571-594            CONDUIT      1.00     0  02:17     14.28    0.14    0.25
  73594-543            CONDUIT      1.00     0  02:09     14.81    0.13    0.25
  73543-367            CONDUIT      0.00     0  00:00      0.00    0.00    0.50
  49367-365            CONDUIT      1.00     0  02:16      8.71    0.15    0.27
  49365-346            CONDUIT      1.00     0  02:32      7.00    0.07    0.17
  24569-395            CONDUIT      1.00     0  02:18     14.63    0.13    0.25
  18134-97T            CONDUIT      0.00     0  00:00      0.00    0.00    0.00
  21703-407            CONDUIT      1.00     1  00:00     13.68    0.15    0.26
  18188-185            CONDUIT      1.00     0  03:35      2.94    0.02    0.55
  25404B-043           CONDUIT      1.05     0  03:44      3.37    1.04    0.93
  49568-567            CONDUIT      1.00     0  02:09     16.85    0.10    0.22
  20364-361            CONDUIT      0.00     0  00:00      0.00    0.00    0.50
  20361-222            CONDUIT      1.00     0  04:14      2.85    0.12    0.62
  18138-134            CONDUIT      0.00     0  00:00      0.00    0.00    0.00
  73577-594            CONDUIT      1.00     0  02:19     13.42    0.15    0.26
  21337-373            CONDUIT      1.00     0  02:30     11.11    0.20    0.30
  21336-331            CONDUIT      1.00     0  02:38      8.47    0.29    0.37
  21711-710            CONDUIT      1.00     1  00:00     17.33    0.10    0.22
  21710-708            CONDUIT      1.00     1  00:00      8.65    0.28    0.36
  21708-707            CONDUIT      1.00     1  00:00      6.45    0.42    0.45
  21707-374            CONDUIT      1.00     1  00:00      4.06    0.77    0.66
  21706-708            CONDUIT      1.00     0  02:17     11.59    0.19    0.29
  20326-325            CONDUIT      1.00     0  01:55      8.54    0.29    0.37
  18314-307            CONDUIT      1.04     1  00:00      2.94    1.32    1.00
  18132-133            CONDUIT      1.01     0  03:23      3.66    0.90    0.87
  18133-134            CONDUIT      1.00     0  03:20      5.97    0.47    0.74
  31154-768            CONDUIT      1.00     1  00:00      7.37    0.35    0.41
  71733-256            CONDUIT      0.16     0  04:55      0.72    0.07    0.59
  49256-732            CONDUIT      0.00     0  00:00      0.00    0.00    0.50
  71732-133            CONDUIT      0.00     0  00:00      0.00    0.00    0.00
  24659-368            CONDUIT      1.00     1  00:00      9.87    0.23    0.33
  49368-543            CONDUIT      1.00     1  00:00     12.58    0.09    0.20
  49247-168            CONDUIT      1.06     0  03:33      3.27    1.09    0.97
  49570-661            CONDUIT      1.00     0  02:18     11.29    0.19    0.30
  20661-615            CONDUIT      1.00     1  00:00     13.94    0.14    0.26
  49615-657            CONDUIT      1.00     0  02:09     12.01    0.18    0.29
  20657-031            CONDUIT      1.00     0  04:09      5.87    0.48    0.74
  71031-605            CONDUIT      1.00     0  02:10     12.62    0.16    0.28
  49605-601            CONDUIT      1.00     0  02:52     10.19    0.22    0.32
  49601-769            CONDUIT      1.00     0  02:22      8.65    0.15    0.27
  49607-031            CONDUIT      1.00     0  04:10      8.44    0.29    0.68
  26262-615            CONDUIT      1.00     0  02:14     12.40    0.17    0.28
  21731-666            CONDUIT      1.00     0  02:16     15.36    0.12    0.24
  24666-668            CONDUIT      1.00     0  04:26      3.42    0.58    0.77
  24668-669            CONDUIT      1.00     0  02:10     14.51    0.13    0.25
  24669-030            CONDUIT      1.00     0  04:10      5.81    0.48    0.75
  32030-370            CONDUIT      0.00     0  00:00      0.00    0.00    0.50
  49370-368            CONDUIT      1.00     1  00:00      9.01    0.15    0.26
  49375-712            CONDUIT      1.00     0  02:22     13.28    0.15    0.27
  21712-710            CONDUIT      1.00     1  00:00     16.90    0.10    0.22
  24658-664            CONDUIT      1.00     1  00:00      5.68    0.50    0.50
  24664-030            CONDUIT      1.01     0  04:12      9.34    0.25    0.67
  20328-330            CONDUIT      0.47     0  04:06      1.96    0.17    0.64
  32452-769            CONDUIT      1.00     0  02:17      9.53    0.25    0.34
  20327-424            CONDUIT      0.29     0  04:12      1.30    0.09    0.60
  20424-426            CONDUIT      0.00     0  00:00      0.00    0.00    0.50
  49596-452            CONDUIT      0.00     0  00:00      0.00    0.00    0.50
  24663-664            CONDUIT      1.00     0  02:11      8.14    0.31    0.38
  24582-668            CONDUIT      1.00     1  00:00      4.34    0.71    0.62
  21734-902            CONDUIT      1.00     0  02:23     11.24    0.20    0.30
  84902-666            CONDUIT      1.00     0  02:10     20.92    0.07    0.19
  20365-367            CONDUIT      0.00     0  04:08      0.01    0.00    0.51
  20367-361            CONDUIT      0.00     0  00:00      0.00    0.00    0.50
  20667-662            CONDUIT      0.00     0  00:00      0.00    0.00    0.50
  20662-661            CONDUIT      1.01     0  02:06     28.55    0.05    0.16
  65753-731            CONDUIT      0.57     0  01:48      1.98    1.03    0.77
  71731-256            CONDUIT      3.33     0  04:43      9.56    1.08    1.00
  20677-674            CONDUIT      1.00     1  00:00     10.76    0.21    0.31
  18309-307            CONDUIT      1.53     1  00:00      4.35    1.31    1.00
  20375-374            CONDUIT      0.00     0  00:00      0.00    0.00    0.50
  20374-372            CONDUIT      1.00     0  04:05      4.07    0.77    0.79
  20372-395            CONDUIT      0.98     0  03:34      3.85    0.28    0.68
  20395-397            CONDUIT      0.00     0  00:00      0.00    0.00    0.50
  20397-367            CONDUIT      1.00     0  04:08      2.86    0.12    0.62
  20376-377            CONDUIT      0.00     0  00:00      0.00    0.00    0.50
  20377-374            CONDUIT      0.00     0  00:00      0.00    0.00    0.50
  49409-707            CONDUIT      1.00     0  02:26      7.50    0.34    0.40
  49378-712            CONDUIT      1.00     1  00:00     14.68    0.13    0.25
  21713-409            CONDUIT      1.00     0  02:33     10.48    0.22    0.32
  20359-361            CONDUIT      0.00     0  00:00      0.00    0.00    0.50
  49414-378            CONDUIT      1.00     0  02:16     31.37    0.05    0.15
  21735-902            CONDUIT      1.03     0  02:07     28.72    0.05    0.16
  65751-221            CONDUIT      0.71     0  02:00      2.38    0.98    0.80
  24581-735            CONDUIT      1.00     1  00:00     24.92    0.06    0.17
  24571-572            CONDUIT      1.00     1  00:00     19.33    0.08    0.20
  24572-735            CONDUIT      1.00     0  02:20     13.95    0.14    0.26
  32454-452            CONDUIT      0.00     0  00:00      0.00    0.00    0.50
  20665-662            CONDUIT      0.00     0  00:00      0.00    0.00    0.50
  18296-97T            CONDUIT      0.00     0  00:00      0.00    0.00    0.00
  18297T-298           CONDUIT      0.00     0  00:00      0.00    0.00    0.50
  18298-299            CONDUIT      0.00     0  00:00      0.00    0.00    0.50
  18300-302            CONDUIT      0.00     0  00:00      0.00    0.00    0.50
  73606-370            CONDUIT      0.00     0  00:00      0.00    0.00    0.50
  73605-606            CONDUIT      1.00     0  02:07     22.50    0.07    0.18
  73607-606            CONDUIT      1.00     0  02:46     15.23    0.12    0.24
  21715-408            CONDUIT      1.00     0  02:34     10.35    0.22    0.32
  49408-409            CONDUIT      1.00     0  02:18     14.29    0.14    0.25
  67751-657            CONDUIT      1.00     1  00:00     11.76    0.18    0.29
  20423B-424           CONDUIT      1.71     0  04:12      4.34    0.29    0.68
  48893-892            CONDUIT      0.03     0  03:40      0.18    0.01    0.53
  48892-561            CONDUIT      0.82     0  03:08      2.51    1.08    1.00
  72561-672            CONDUIT      0.00     0  00:00      0.00    0.00    0.50
  49672-98T            CONDUIT      1.00     0  03:17      5.47    0.13    0.62
  18298T-298           CONDUIT      2.00     0  04:00      2.71    0.06    0.58
  49602-601            CONDUIT      1.00     0  02:52     12.55    0.17    0.28
  73616-580            CONDUIT      0.38     0  09:02      1.84    0.03    0.56
  73580-669            CONDUIT      1.00     1  00:00     17.33    0.09    0.22
  79432-433            CONDUIT      1.00     0  02:13     16.00    0.12    0.23
  79433-367            CONDUIT      1.00     1  00:00      9.38    0.25    0.34
  18297A-97T           CONDUIT      1.07     0  03:17     14.09    0.15    0.63
  18156-163            CONDUIT      1.00     0  03:35      4.04    0.78    0.83
  20368-397            CONDUIT      0.00     0  00:00      0.00    0.00    0.50
  49622-620            CONDUIT      1.00     0  02:09     18.86    0.07    0.21
  49620-619            CONDUIT      0.00     0  00:00      0.00    0.00    0.50
  49619-365            CONDUIT      1.00     1  00:00      8.20    0.30    0.38
  18164-168            CONDUIT      0.00     0  00:00      0.00    0.00    0.00
  71736-734            CONDUIT      1.00     0  03:49      8.22    0.30    0.69
  71734-163            CONDUIT      0.00     0  00:00      0.00    0.00    0.00
  26261-605            CONDUIT      1.00     0  02:56     10.27    0.22    0.32
  73609-606            CONDUIT      1.00     0  02:15     14.71    0.13    0.25
  26259-261            CONDUIT      1.00     0  02:22      8.00    0.31    0.38
  66254-657            CONDUIT      1.00     1  00:00      6.71    0.40    0.44
  71735-734            CONDUIT      1.01     0  03:49     10.61    0.21    0.66
  73610-609            CONDUIT      1.00     0  02:12     18.69    0.09    0.21
  49630-620            CONDUIT      1.00     0  02:58     19.09    0.07    0.21
  20385-395            CONDUIT      1.02     0  03:34      2.52    0.33    0.70
  24575-572            CONDUIT      1.00     0  02:18     14.00    0.14    0.26
  73582-580            CONDUIT      0.11     0  09:02      0.54    0.03    0.56
  49251-253            CONDUIT      0.95     0  01:46      3.00    1.18    0.84
  49253-234            CONDUIT      0.00     0  00:00      0.00    0.00    0.50
  73619-575            CONDUIT      1.00     1  00:00     20.97    0.07    0.19
  24576-575            CONDUIT      1.00     0  02:16     16.26    0.11    0.23
  73641-378            CONDUIT      1.00     0  02:30     13.22    0.15    0.27
  73549-545            CONDUIT      1.00     0  02:24     14.78    0.13    0.25
  73545-408            CONDUIT      1.00     0  02:26     11.52    0.19    0.29
  79434-433            CONDUIT      1.00     0  02:22     12.12    0.17    0.28
  49252-253            CONDUIT      0.96     0  01:47      3.04    1.13    0.85
  66195-372            CONDUIT      1.00     0  03:57      4.48    0.68    0.76
  49259-433            CONDUIT      1.59     0  03:06      4.56    1.07    1.00
  49433-431            CONDUIT      0.68     0  04:08      2.90    0.16    0.63
  49431-427            CONDUIT      3.42     0  05:37      7.80    0.52    0.76
  49427-438            CONDUIT      8.25     1  00:00     10.51    1.09    1.00
  49438-437            CONDUIT      0.00     0  00:00      0.00    0.00    0.50
  49437-436            CONDUIT      1.00     0  03:54      1.03    0.01    0.54
  49436-680            CONDUIT      0.48     0  02:54      0.63    0.09    0.60
  49680-678            CONDUIT     13.33     0  03:47     13.31    0.54    0.76
  49678-676            CONDUIT      0.39     0  06:36      0.58    0.01    0.54
  49676-561            CONDUIT      4.95     0  11:02      4.03    1.18    1.00
  20380-377            CONDUIT      0.00     0  00:00      0.00    0.00    0.50
  73583-582            CONDUIT      1.00     0  02:22      8.22    0.30    0.38
  73110-98T            CONDUIT      0.00     0  00:00      0.00    0.00    0.00
  73585-582            CONDUIT      1.00     0  02:18      7.77    0.33    0.39
  49430-098            CONDUIT      0.00     0  00:00      0.00    0.00    0.00
  69098-422            CONDUIT      0.63     0  05:48      1.97    0.04    0.57
  49422-419            CONDUIT      0.15     0  18:05      0.40    0.21    0.66
  49419-417            CONDUIT      2.31     0  04:06      8.07    0.52    0.76
  49417-436            CONDUIT      0.00     0  00:00      0.00    0.00    0.50
  51835-838            CONDUIT      1.00     0  02:38      8.60    0.28    0.36
  51838-261            CONDUIT      1.00     1  00:00      7.61    0.34    0.40
  73584-585            CONDUIT      1.00     0  02:11     26.00    0.06    0.17
  51834-882            CONDUIT      1.00     1  00:00      9.45    0.25    0.34
  51882-879            CONDUIT      1.00     0  02:14     15.24    0.12    0.24
  51879-838            CONDUIT      1.00     0  02:18     10.64    0.21    0.31
  18079-230            CONDUIT      0.78     0  03:37      2.33    1.10    1.00
  65757-669            CONDUIT      1.00     0  02:43     10.72    0.21    0.31
  49629-622            CONDUIT      1.00     0  02:24      9.95    0.23    0.33
  73586-585            CONDUIT      1.00     0  02:14     21.40    0.07    0.19
  73598-599            CONDUIT      1.00     0  02:34      4.95    0.60    0.56
  73599-757            CONDUIT      1.00     1  00:00      7.99    0.31    0.39
  73588-586            CONDUIT      1.00     0  02:14     21.31    0.07    0.19
  73612-609            CONDUIT      1.00     0  02:20     12.81    0.16    0.27
  73613-612            CONDUIT      1.00     0  02:11     23.79    0.07    0.18
  18064-419            CONDUIT      0.15     0  18:05      0.61    2.03    0.69
  18065-422            CONDUIT      0.37     0  05:48      1.75    0.06    0.59
  73547-545            CONDUIT      1.00     0  02:20     17.60    0.10    0.22
  51880-879            CONDUIT      1.00     1  00:00     20.53    0.07    0.20
  49625-622            CONDUIT      1.00     0  02:33     10.14    0.23    0.32
  18068-234            CONDUIT      0.44     0  07:50      1.70    0.33    0.70
  73615-612            CONDUIT      1.00     1  00:00     14.89    0.13    0.25
  51881-882            CONDUIT      1.00     1  00:00     16.52    0.11    0.23
  49633-619            CONDUIT      0.08     0  02:26      0.37    0.39    0.60
  18070-892            CONDUIT      2.97     0  03:40      9.17    0.87    0.86
  73590-586            CONDUIT      1.00     0  02:18     14.75    0.13    0.25
  73600-599            CONDUIT      1.00     1  00:00      5.87    0.48    0.49
  73596-757            CONDUIT      1.00     1  00:00      7.38    0.35    0.41
  73591-590            CONDUIT      1.00     1  00:00     22.50    0.06    0.18
  73593-590            CONDUIT      1.00     1  00:00     13.49    0.15    0.26
  18061-731            CONDUIT      0.91     0  02:12      3.01    1.01    0.84
  73604-600            CONDUIT      1.00     1  00:00     14.54    0.13    0.25
  18080-431            CONDUIT      1.32     0  04:08      5.58    0.16    0.63
  73601-600            CONDUIT      1.00     0  02:15     23.22    0.07    0.18
  49669-676            CONDUIT      0.00     0  00:00      0.00    0.00    0.50
  49262-433            CONDUIT      0.43     0  03:44      1.80    0.17    0.64
  69107-097            CONDUIT      0.00     0  00:00      0.00    0.00    0.00
  18097-099            CONDUIT      1.06     0  03:33      3.26    1.10    0.97
  18099-093            CONDUIT      0.32     0  08:07      1.95    0.47    0.73
  18093-102            CONDUIT      0.99     0  03:43      2.87    1.23    1.00
  18102-090            CONDUIT      1.00     0  03:44      2.69    0.81    0.83
  18090-086            CONDUIT      0.65     0  04:40      2.51    0.50    0.75
  18086-085            CONDUIT      1.08     0  03:30      3.15    0.77    0.94
  18085-098            CONDUIT      0.00     0  00:00      0.00    0.00    0.00
  49492-494            CONDUIT      0.15     0  10:00      0.75    0.03    0.56
  49494-085            CONDUIT      0.00     0  00:00      0.00    0.00    0.00
  18058-732            CONDUIT      1.00     0  13:39      3.27    1.02    0.83
  18054-678            CONDUIT      0.00     0  00:00      0.00    0.00    0.50
  18096-093            CONDUIT      0.00     0  00:00      0.00    0.00    0.00
  69106-097            CONDUIT      0.00     0  00:00      0.00    0.00    0.00
  18059-417            CONDUIT      0.57     0  04:06      2.50    0.13    0.62
  49493-494            CONDUIT      0.20     0  10:00      0.96    0.03    0.56
  45694-680            CONDUIT      1.17     0  02:54      4.50    0.30    0.69
  18100-099            CONDUIT      0.00     0  00:00      0.00    0.00    0.00
  18088-086            CONDUIT      0.40     0  02:17      2.54    0.44    0.73
  18089-090            CONDUIT      0.10     0  02:23      1.69    0.12    0.23
  69104-093            CONDUIT      0.73     0  04:13      3.16    0.73    0.82
  18092-102            CONDUIT      0.14     0  15:33      1.79    0.17    0.64
  46266-654            CONDUIT      1.00     0  02:31      8.79    0.27    0.36
  1654-269             CONDUIT      1.00     0  02:28     11.50    0.19    0.30
  46271-654            CONDUIT      1.00     0  02:18     17.80    0.08    0.22
  46232-231            CONDUIT      1.00     1  00:00     11.31    0.10    0.22
  6231-229             CONDUIT      1.00     0  03:12     12.75    0.09    0.20
  01675-158            CONDUIT      1.00     0  04:44      3.94    0.80    0.84
  46158-166            CONDUIT      1.00     0  04:44      4.31    0.41    0.72
  46166-205            CONDUIT      1.00     1  00:00     18.16    0.05    0.16
  6205-659             CONDUIT      1.00     0  02:55      9.05    0.15    0.26
  01674-675            CONDUIT      1.01     0  02:20     32.43    0.05    0.15
  46157-231            CONDUIT      1.00     0  02:49      8.72    0.28    0.36
  46161-158            CONDUIT      0.00     0  00:00      0.00    0.00    0.00
  46150-675            CONDUIT      1.00     1  00:00      9.26    0.26    0.35
  46171-166            CONDUIT      0.00     0  00:00      0.00    0.00    0.00
  6226-222             CONDUIT      1.00     1  00:00      9.84    0.24    0.33
  01666-205            CONDUIT      1.00     1  00:00      9.90    0.23    0.33
  1672-026             CONDUIT      1.00     0  04:43      5.21    0.56    0.77
  1673-056             CONDUIT      0.00     0  00:00      0.00    0.00    0.00
  9055-056             CONDUIT      1.00     0  04:39      5.66    0.50    0.75
  18081-427            CONDUIT      0.94     0  05:37      2.53    0.19    0.65
  49489-438            CONDUIT      4.15     1  00:00      7.74    1.09    1.00
  49442-489            CONDUIT      1.37     0  06:19      3.88    1.22    1.00
  18045-489            CONDUIT      1.91     0  06:19      5.42    1.18    1.00
  6234-229             CONDUIT      1.00     0  02:18     22.93    0.05    0.18
  HGS-SSO              CONDUIT      1.06     0  01:41      6.61    0.02    0.55
  73113BA-73           CONDUIT      0.00     0  00:00      0.00    0.00    0.00
  73113AA-73           CONDUIT      1.27     0  01:38     23.66    0.09    0.56
  18318W-731           CONDUIT      2.54     0  02:33     10.57    0.18    0.65
  73112BA-73           CONDUIT      0.00     0  00:00      0.00    0.00    0.00
  73112AA-73           CONDUIT      1.16     0  01:38     18.73    0.11    0.58
  HGS-WEIR             WEIR         0.00     0  00:00                      0.00
  1986.1               WEIR         0.01     0  03:23                      0.13
  GS-P4                PUMP         0.00     0  00:00              0.00
  hgs1                 PUMP         0.00     0  00:00              0.00
  tl1                  PUMP         0.00     0  00:00              0.00
  
  
  ***************************
  Flow Classification Summary
  ***************************
  
  -------------------------------------------------------------------------------------
                      Adjusted    ---------- Fraction of Time in Flow Class ---------- 
                       /Actual         Up    Down  Sub   Sup   Up    Down  Norm  Inlet 
  Conduit               Length    Dry  Dry   Dry   Crit  Crit  Crit  Crit  Ltd   Ctrl  
  -------------------------------------------------------------------------------------
  8889-888                1.00   0.07  0.00  0.00  0.90  0.00  0.00  0.03  0.00  0.00
  8888-886                1.00   0.10  0.00  0.00  0.86  0.00  0.00  0.03  0.00  0.00
  8886-884                1.00   0.14  0.00  0.00  0.85  0.00  0.00  0.01  0.00  0.00
  8884-899                1.00   0.14  0.00  0.00  0.85  0.00  0.00  0.01  0.00  0.00
  8899-963                1.00   0.15  0.00  0.00  0.00  0.00  0.00  0.85  0.00  0.00
  7963-870                1.00   0.16  0.00  0.00  0.00  0.00  0.00  0.84  0.00  0.00
  8870-868                1.00   0.20  0.00  0.00  0.00  0.00  0.00  0.80  0.00  0.00
  8868-866                1.00   1.00  0.00  0.00  0.00  0.00  0.00  0.00  0.00  0.00
  8866-867                1.00   0.15  0.00  0.00  0.00  0.00  0.00  0.85  0.00  0.00
  8867-863                1.00   0.23  0.00  0.00  0.00  0.00  0.00  0.77  0.00  0.00
  8863-973                1.00   0.11  0.89  0.00  0.00  0.00  0.00  0.00  0.00  0.00
  7973B-437               1.00   0.07  0.00  0.00  0.00  0.00  0.00  0.93  0.00  0.00
  8437-436                1.00   0.13  0.00  0.00  0.00  0.00  0.00  0.87  0.00  0.00
  8436-435                1.00   0.13  0.00  0.00  0.85  0.00  0.02  0.00  0.00  0.00
  8435-434                1.00   0.15  0.00  0.00  0.80  0.00  0.00  0.05  0.80  0.00
  8434-432                1.00   0.20  0.00  0.00  0.00  0.00  0.00  0.80  0.00  0.00
  8432-433                1.00   0.25  0.75  0.00  0.00  0.00  0.00  0.00  0.00  0.00
  8433-431                1.00   1.00  0.00  0.00  0.00  0.00  0.00  0.00  0.00  0.00
  8431-12P                1.00   0.19  0.00  0.00  0.00  0.00  0.00  0.81  0.00  0.00
  A0012-643               1.00   0.17  0.00  0.00  0.00  0.81  0.00  0.01  0.81  0.00
  6643-642                1.00   0.17  0.00  0.00  0.00  0.00  0.00  0.83  0.00  0.00
  6642-40T                1.00   0.14  0.06  0.00  0.80  0.00  0.00  0.00  0.80  0.00
  6640T-45T               1.00   0.14  0.00  0.00  0.80  0.00  0.00  0.06  0.80  0.00
  9245T-44T               1.00   0.14  0.06  0.00  0.79  0.00  0.00  0.00  0.79  0.00
  9244T-6BT               1.00   0.14  0.00  0.00  0.86  0.00  0.00  0.00  0.86  0.00
  9226B-6AT               1.00   0.14  0.00  0.00  0.83  0.00  0.00  0.03  0.00  0.00
  9226A-639               1.00   0.17  0.17  0.00  0.66  0.00  0.00  0.00  0.66  0.00
  6639-65T                1.00   0.34  0.00  0.00  0.54  0.00  0.00  0.13  0.54  0.00
  18465T-97T              1.00   0.46  0.00  0.00  0.39  0.00  0.00  0.15  0.39  0.00
  48897T-13T              1.00   0.07  0.00  0.00  0.86  0.00  0.00  0.07  0.00  0.00
  8907-908                1.00   0.07  0.00  0.00  0.86  0.00  0.00  0.06  0.00  0.00
  8908-886                1.00   0.14  0.00  0.00  0.86  0.00  0.00  0.00  0.00  0.00
  7949-888                1.00   0.07  0.00  0.00  0.90  0.00  0.00  0.03  0.00  0.00
  8909-908                1.00   0.07  0.00  0.00  0.86  0.00  0.00  0.06  0.00  0.00
  8904-884                1.00   0.07  0.00  0.00  0.86  0.00  0.00  0.07  0.86  0.00
  8890-888                1.00   0.07  0.00  0.00  0.89  0.00  0.00  0.03  0.90  0.00
  8891-892                1.00   0.07  0.00  0.00  0.00  0.00  0.00  0.93  0.00  0.00
  8892-896                1.00   0.12  0.03  0.00  0.85  0.00  0.00  0.00  0.01  0.00
  8896-899                1.00   0.12  0.00  0.00  0.85  0.00  0.00  0.03  0.00  0.00
  8910-896                1.00   0.07  0.00  0.00  0.85  0.00  0.00  0.08  0.85  0.00
  8900-882                1.00   0.07  0.00  0.00  0.89  0.00  0.00  0.04  0.89  0.00
  8882-881                1.00   0.11  0.00  0.00  0.88  0.00  0.00  0.01  0.00  0.00
  8881-963                1.00   0.12  0.00  0.00  0.00  0.00  0.00  0.88  0.00  0.00
  8878-881                1.00   0.07  0.00  0.00  0.88  0.00  0.00  0.04  0.01  0.00
  8883-882                1.00   0.07  0.00  0.00  0.89  0.00  0.00  0.04  0.89  0.00
  8705-231                1.00   0.10  0.00  0.00  0.85  0.00  0.00  0.05  0.85  0.00
  2231-230                1.00   0.15  0.00  0.00  0.00  0.00  0.00  0.85  0.00  0.00
  2230-221                1.00   1.00  0.00  0.00  0.00  0.00  0.00  0.00  0.00  0.00
  2221-218                1.00   0.24  0.76  0.00  0.00  0.00  0.00  0.00  0.00  0.00
  2218-001                1.00   0.14  0.10  0.00  0.00  0.76  0.00  0.00  0.76  0.00
  3001-632                1.00   0.14  0.00  0.00  0.00  0.85  0.00  0.01  0.85  0.00
  8632-569                1.00   0.15  0.00  0.00  0.00  0.00  0.00  0.85  0.00  0.00
  2569-635                1.00   0.17  0.00  0.00  0.00  0.00  0.00  0.83  0.00  0.00
  8635-637                1.00   1.00  0.00  0.00  0.00  0.00  0.00  0.00  0.00  0.00
  8637-638                1.00   1.00  0.00  0.00  0.00  0.00  0.00  0.00  0.00  0.00
  8638-639                1.00   0.22  0.78  0.00  0.00  0.00  0.00  0.00  0.00  0.00
  8639-640                1.00   0.17  0.04  0.00  0.00  0.78  0.00  0.00  0.78  0.00
  8640-644                1.00   0.15  0.03  0.00  0.00  0.83  0.00  0.00  0.82  0.00
  8644-645                1.00   0.15  0.00  0.00  0.00  0.85  0.00  0.01  0.85  0.00
  8645-657                1.00   0.15  0.00  0.00  0.81  0.04  0.00  0.00  0.84  0.00
  3657-327                1.00   0.11  0.05  0.00  0.85  0.00  0.00  0.00  0.02  0.00
  9327-326                1.00   0.11  0.00  0.00  0.85  0.03  0.00  0.01  0.03  0.00
  9326-323                1.00   0.12  0.00  0.00  0.84  0.00  0.00  0.04  0.00  0.00
  9323-324                1.00   0.13  0.00  0.00  0.00  0.00  0.00  0.87  0.00  0.00
  9324-037                1.00   0.17  0.83  0.00  0.00  0.00  0.00  0.00  0.00  0.00
  1037-995                1.00   0.17  0.00  0.00  0.00  0.00  0.00  0.83  0.00  0.00
  7995-032                1.00   0.20  0.00  0.00  0.00  0.78  0.00  0.02  0.78  0.00
  1032-989                1.00   0.21  0.00  0.00  0.00  0.00  0.00  0.79  0.00  0.00
  7989-520                1.00   0.14  0.08  0.00  0.77  0.00  0.00  0.00  0.77  0.00
  9520-517                1.00   0.14  0.00  0.00  0.00  0.00  0.00  0.86  0.00  0.00
  9517-513                1.00   0.16  0.00  0.00  0.00  0.83  0.00  0.01  0.83  0.00
  9513-232                1.00   0.12  0.04  0.00  0.00  0.06  0.00  0.77  0.06  0.00
  6232-418                1.00   0.12  0.00  0.00  0.86  0.00  0.00  0.02  0.86  0.00
  5418-422                1.00   0.13  0.00  0.00  0.86  0.00  0.00  0.01  0.00  0.00
  5422-675                1.00   0.13  0.00  0.00  0.00  0.01  0.00  0.86  0.01  0.00
  5675-06T                1.00   0.14  0.00  0.00  0.85  0.01  0.00  0.01  0.85  0.00
  6206T-203               1.00   0.12  0.02  0.00  0.00  0.00  0.00  0.85  0.00  0.00
  6203-02T                1.00   0.12  0.00  0.00  0.87  0.00  0.00  0.01  0.87  0.00
  6202T-657               1.00   0.12  0.00  0.00  0.01  0.00  0.86  0.01  0.00  0.00
  6657-57T                1.00   0.12  0.00  0.00  0.87  0.00  0.00  0.01  0.87  0.00
  6657T-59T               1.00   0.13  0.00  0.00  0.85  0.00  0.00  0.02  0.00  0.00
  6659T-655               1.00   0.11  0.04  0.00  0.85  0.00  0.00  0.00  0.00  0.00
  6655-653                1.00   0.11  0.00  0.00  0.87  0.00  0.00  0.02  0.87  0.00
  6653-643                1.00   0.13  0.01  0.00  0.86  0.00  0.01  0.00  0.00  0.00
  0643-765                1.00   0.13  0.01  0.00  0.86  0.00  0.00  0.00  0.86  0.00
  1765-651                1.00   0.13  0.00  0.00  0.00  0.00  0.00  0.87  0.00  0.00
  6651-265                1.00   0.15  0.00  0.00  0.84  0.00  0.00  0.01  0.84  0.00
  9265-50T                1.00   0.15  0.00  0.00  0.84  0.00  0.00  0.02  0.00  0.00
  6650T-649               1.00   0.11  0.04  0.00  0.85  0.00  0.00  0.00  0.85  0.00
  6649-648                1.00   0.11  0.00  0.00  0.00  0.00  0.89  0.00  0.00  0.00
  6648-647                1.00   0.13  0.00  0.00  0.85  0.00  0.00  0.02  0.85  0.00
  6647-645                1.00   0.15  0.00  0.00  0.83  0.00  0.02  0.00  0.00  0.00
  6645-644                1.00   0.17  0.00  0.00  0.00  0.00  0.00  0.83  0.00  0.00
  6644-643                1.00   0.16  0.00  0.00  0.00  0.83  0.00  0.02  0.83  0.00
  9058C-043               1.00   0.08  0.00  0.00  0.89  0.00  0.00  0.03  0.00  0.00
  2043-074                1.00   0.11  0.00  0.00  0.85  0.00  0.00  0.04  0.00  0.00
  9074-892                1.00   0.15  0.00  0.00  0.85  0.00  0.00  0.00  0.00  0.00
  1594B-594               1.00   0.17  0.83  0.00  0.00  0.00  0.00  0.00  0.00  0.00
  1594-797                1.00   0.17  0.00  0.00  0.73  0.00  0.00  0.10  0.00  0.00
  6797-446                1.00   0.27  0.00  0.00  0.00  0.00  0.00  0.73  0.00  0.00
  2446-460                1.00   0.39  0.00  0.00  0.00  0.00  0.00  0.61  0.00  0.00
  2460-462                1.00   0.16  0.09  0.00  0.14  0.61  0.00  0.00  0.75  0.00
  2462-469                1.00   0.16  0.00  0.00  0.79  0.00  0.00  0.04  0.04  0.00
  2469-468                1.00   0.16  0.00  0.00  0.79  0.00  0.00  0.04  0.00  0.00
  2468-836                1.00   0.16  0.00  0.00  0.00  0.84  0.00  0.00  0.84  0.00
  6836-479                1.00   0.13  0.03  0.00  0.00  0.84  0.00  0.00  0.84  0.00
  6479-520                1.00   0.13  0.00  0.00  0.00  0.00  0.00  0.87  0.00  0.00
  1594A-594               1.00   0.08  0.00  0.00  0.00  0.83  0.00  0.09  0.83  0.00
  2249-246                1.00   0.10  0.00  0.00  0.81  0.00  0.00  0.10  0.81  0.00
  2246-245                1.00   0.19  0.00  0.00  0.81  0.00  0.00  0.00  0.81  0.00
  2245-229                1.00   0.19  0.00  0.00  0.79  0.00  0.00  0.02  0.79  0.00
  2229-230                1.00   0.21  0.00  0.00  0.00  0.00  0.00  0.79  0.00  0.00
  9071-043                1.00   0.08  0.00  0.00  0.89  0.00  0.00  0.03  0.00  0.00
  7957-970                1.00   0.07  0.00  0.00  0.89  0.00  0.00  0.04  0.00  0.00
  7970-972                1.00   0.11  0.00  0.00  0.00  0.00  0.00  0.89  0.00  0.00
  7972-973                1.00   0.16  0.01  0.00  0.62  0.00  0.00  0.20  0.00  0.00
  8552-556                1.00   0.07  0.00  0.00  0.00  0.00  0.00  0.93  0.00  0.00
  8556-557                1.00   1.00  0.00  0.00  0.00  0.00  0.00  0.00  0.00  0.00
  8557-972                1.00   0.17  0.83  0.00  0.00  0.00  0.00  0.00  0.00  0.00
  9066-068                1.00   0.13  0.00  0.00  0.00  0.00  0.00  0.87  0.00  0.00
  9068-074                1.00   0.15  0.85  0.00  0.00  0.00  0.00  0.00  0.00  0.00
  7956-550                1.00   0.07  0.00  0.00  0.89  0.00  0.00  0.04  0.00  0.00
  8550-541                1.00   0.11  0.00  0.00  0.83  0.00  0.00  0.06  0.00  0.00
  8541-521                1.00   0.12  0.00  0.00  0.83  0.00  0.00  0.04  0.00  0.00
  8521-534                1.00   0.12  0.00  0.00  0.85  0.00  0.00  0.02  0.00  0.00
  8534-595                1.00   0.14  0.00  0.00  0.84  0.00  0.00  0.01  0.84  0.00
  8595-960                1.00   0.12  0.00  0.00  0.84  0.00  0.04  0.00  0.00  0.00
  7960-576                1.00   0.12  0.00  0.00  0.85  0.00  0.00  0.03  0.00  0.00
  8576-588                1.00   0.15  0.00  0.00  0.84  0.00  0.00  0.02  0.00  0.00
  8588-579                1.00   0.16  0.00  0.00  0.82  0.00  0.00  0.02  0.00  0.00
  8579-505                1.00   0.13  0.05  0.00  0.82  0.00  0.00  0.00  0.00  0.00
  8505-504                1.00   0.13  0.00  0.00  0.86  0.00  0.00  0.01  0.00  0.00
  8504-592                1.00   0.14  0.00  0.00  0.85  0.00  0.00  0.01  0.00  0.00
  8592-481                1.00   0.14  0.00  0.00  0.85  0.00  0.00  0.00  0.00  0.00
  8481-483                1.00   0.14  0.00  0.00  0.85  0.00  0.00  0.00  0.00  0.00
  8483-476                1.00   0.14  0.00  0.00  0.83  0.00  0.00  0.02  0.00  0.00
  8476-475                1.00   0.17  0.00  0.00  0.81  0.00  0.00  0.03  0.00  0.00
  8475-471                1.00   0.19  0.00  0.00  0.00  0.00  0.00  0.81  0.00  0.00
  8471-45T                1.00   0.20  0.00  0.00  0.00  0.00  0.00  0.80  0.00  0.00
  8912-896                1.00   0.07  0.00  0.00  0.88  0.00  0.00  0.05  0.00  0.00
  2238-245                1.00   0.10  0.00  0.00  0.00  0.00  0.00  0.90  0.00  0.00
  2596-068                1.00   1.00  0.00  0.00  0.00  0.00  0.00  0.00  0.00  0.00
  2247-246                1.00   0.09  0.10  0.00  0.81  0.00  0.00  0.00  0.00  0.00
  8551-550                1.00   0.07  0.00  0.00  0.88  0.00  0.00  0.04  0.00  0.00
  2034-814                1.00   0.12  0.00  0.00  0.87  0.00  0.00  0.02  0.87  0.00
  8814-823                1.00   0.13  0.00  0.00  0.00  0.00  0.00  0.87  0.00  0.00
  8823-3BD                1.00   0.13  0.00  0.00  0.00  0.00  0.00  0.87  0.00  0.00
  8825-868                1.00   0.07  0.00  0.00  0.00  0.00  0.00  0.93  0.00  0.00
  6798-797                1.00   0.08  0.00  0.00  0.73  0.00  0.19  0.00  0.00  0.00
  7757-034                1.00   0.08  0.00  0.00  0.88  0.00  0.00  0.04  0.88  0.00
  8558-970                1.00   0.07  0.00  0.00  0.88  0.00  0.00  0.04  0.88  0.00
  8559-560                1.00   0.07  0.00  0.00  0.90  0.00  0.00  0.02  0.00  0.00
  8560-564                1.00   0.10  0.00  0.00  0.87  0.00  0.00  0.04  0.00  0.00
  8564-595                1.00   0.13  0.00  0.00  0.84  0.00  0.00  0.02  0.00  0.00
  8538-534                1.00   0.07  0.00  0.00  0.85  0.00  0.00  0.07  0.00  0.00
  6275-231                1.00   0.10  0.00  0.00  0.85  0.00  0.00  0.05  0.85  0.00
  8519-521                1.00   0.07  0.00  0.00  0.87  0.00  0.00  0.05  0.00  0.00
  8703-702                1.00   0.09  0.00  0.00  0.86  0.00  0.00  0.05  0.86  0.00
  8702-695                1.00   0.14  0.00  0.00  0.83  0.00  0.00  0.03  0.00  0.00
  8695-690                1.00   0.17  0.00  0.00  0.82  0.00  0.00  0.01  0.00  0.00
  8690-218                1.00   0.18  0.00  0.00  0.00  0.00  0.00  0.82  0.00  0.00
  2033-830                1.00   0.08  0.00  0.00  0.00  0.00  0.00  0.92  0.00  0.00
  8830-814                1.00   0.14  0.86  0.00  0.00  0.00  0.00  0.00  0.00  0.00
  2019-018                1.00   0.08  0.00  0.00  0.88  0.00  0.04  0.00  0.00  0.00
  2018-012                1.00   0.12  0.00  0.00  0.85  0.00  0.03  0.00  0.00  0.00
  2012-014                1.00   0.15  0.00  0.00  0.00  0.85  0.00  0.00  0.85  0.00
  2014-024                1.00   0.15  0.00  0.00  0.85  0.00  0.00  0.00  0.00  0.00
  2024-026                1.00   0.11  0.04  0.00  0.85  0.00  0.00  0.00  0.00  0.00
  2026-159                1.00   0.11  0.00  0.00  0.87  0.00  0.00  0.02  0.00  0.00
  9159-809                1.00   0.13  0.00  0.00  0.87  0.00  0.00  0.00  0.00  0.00
  8809-811                1.00   0.13  0.00  0.00  0.00  0.00  0.00  0.87  0.00  0.00
  8811-810                1.00   0.12  0.00  0.00  0.85  0.00  0.00  0.03  0.45  0.00
  8810-844                1.00   0.12  0.00  0.00  0.86  0.00  0.00  0.01  0.86  0.00
  8844-846                1.00   0.14  0.00  0.00  0.84  0.00  0.00  0.02  0.00  0.00
  8846-848                1.00   0.16  0.00  0.00  0.00  0.00  0.00  0.84  0.00  0.00
  8848-849                1.00   0.14  0.00  0.00  0.00  0.00  0.00  0.86  0.00  0.00
  8849-806                1.00   0.14  0.00  0.00  0.86  0.00  0.00  0.00  0.02  0.00
  8806-801                1.00   0.14  0.00  0.00  0.00  0.00  0.00  0.86  0.00  0.00
  8801-456                1.00   0.11  0.04  0.00  0.85  0.00  0.00  0.00  0.85  0.00
  8456-454                1.00   0.11  0.00  0.00  0.86  0.00  0.00  0.03  0.01  0.00
  8454-428                1.00   0.11  0.00  0.00  0.03  0.85  0.00  0.01  0.87  0.00
  8428-429                1.00   0.12  0.00  0.00  0.00  0.00  0.88  0.00  0.00  0.00
  8429-31T                1.00   0.13  0.00  0.00  0.03  0.83  0.00  0.01  0.86  0.00
  8431T-431               1.00   0.14  0.06  0.00  0.80  0.00  0.00  0.00  0.80  0.00
  2058B-112               1.00   0.13  0.00  0.00  0.84  0.00  0.00  0.03  0.00  0.00
  9112-108                1.00   0.16  0.00  0.00  0.83  0.00  0.00  0.01  0.00  0.00
  9108-050                1.00   0.16  0.00  0.00  0.81  0.00  0.00  0.03  0.00  0.00
  2050-004                1.00   0.18  0.01  0.00  0.81  0.00  0.00  0.00  0.00  0.00
  2004-073                1.00   0.18  0.00  0.00  0.00  0.00  0.00  0.82  0.00  0.00
  2073-043                1.00   0.21  0.00  0.00  0.68  0.00  0.00  0.11  0.68  0.00
  2043-819                1.00   0.15  0.00  0.00  0.05  0.00  0.63  0.17  0.00  0.00
  8819-811                1.00   0.15  0.00  0.00  0.85  0.00  0.00  0.00  0.85  0.00
  2240-230                1.00   0.10  0.00  0.00  0.00  0.00  0.00  0.90  0.00  0.00
  9079-014                1.00   0.08  0.00  0.00  0.85  0.00  0.00  0.08  0.85  0.00
  7955-560                1.00   0.07  0.00  0.00  0.90  0.00  0.00  0.02  0.00  0.00
  8866-864                1.00   1.00  0.00  0.00  0.00  0.00  0.00  0.00  0.00  0.00
  8864-862                1.00   0.19  0.81  0.00  0.00  0.00  0.00  0.00  0.00  0.00
  8862-863                1.00   0.19  0.00  0.00  0.00  0.00  0.00  0.81  0.00  0.00
  9082-018                1.00   0.08  0.00  0.00  0.88  0.00  0.00  0.04  0.88  0.00
  8701-702                1.00   0.09  0.00  0.00  0.86  0.00  0.00  0.05  0.86  0.00
  2447-446                1.00   0.08  0.00  0.00  0.61  0.00  0.31  0.00  0.61  0.00
  8568-960                1.00   0.07  0.00  0.00  0.88  0.00  0.00  0.04  0.00  0.00
  8567-564                1.00   0.07  0.00  0.00  0.87  0.00  0.00  0.06  0.00  0.00
  6273-224                1.00   1.00  0.00  0.00  0.00  0.00  0.00  0.00  0.00  0.00
  2224-221                1.00   1.00  0.00  0.00  0.00  0.00  0.00  0.00  0.00  0.00
  8823-836                1.00   0.12  0.00  0.00  0.87  0.00  0.00  0.01  0.87  0.00
  8834-866                1.00   0.07  0.00  0.00  0.00  0.00  0.00  0.93  0.00  0.00
  2036-034                1.00   0.07  0.00  0.00  0.88  0.00  0.00  0.05  0.00  0.00
  6269-273                1.00   1.00  0.00  0.00  0.00  0.00  0.00  0.00  0.00  0.00
  9086-009                1.00   0.08  0.00  0.00  0.00  0.87  0.00  0.05  0.87  0.00
  2009-006                1.00   0.13  0.00  0.00  0.84  0.00  0.00  0.03  0.84  0.00
  2006-004                1.00   0.15  0.00  0.00  0.81  0.00  0.00  0.04  0.00  0.00
  9112T-112               1.00   0.12  0.00  0.00  0.84  0.00  0.00  0.04  0.00  0.00
  6274-273                1.00   0.10  0.90  0.00  0.00  0.00  0.00  0.00  0.00  0.00
  8699-695                1.00   0.09  0.00  0.00  0.83  0.00  0.00  0.08  0.83  0.00
  1827-12T                1.00   0.08  0.00  0.00  0.87  0.00  0.00  0.04  0.88  0.00
  2485-487                1.00   0.08  0.00  0.00  0.87  0.00  0.00  0.04  0.87  0.00
  2487-483                1.00   0.13  0.00  0.00  0.84  0.00  0.00  0.03  0.84  0.00
  2483-472                1.00   0.16  0.00  0.00  0.00  0.00  0.00  0.84  0.00  0.00
  2472-469                1.00   0.21  0.79  0.00  0.00  0.00  0.00  0.00  0.00  0.00
  8836-986                1.00   0.13  0.00  0.00  0.00  0.00  0.87  0.00  0.00  0.00
  7986-863                1.00   0.15  0.00  0.00  0.00  0.00  0.00  0.85  0.00  0.00
  6270-269                1.00   0.09  0.91  0.00  0.00  0.00  0.00  0.00  0.00  0.00
  8556-541                1.00   0.17  0.83  0.00  0.00  0.00  0.00  0.00  0.00  0.00
  2448-463                1.00   0.08  0.00  0.00  0.00  0.83  0.00  0.09  0.83  0.00
  2463-460                1.00   0.17  0.00  0.00  0.00  0.00  0.00  0.83  0.00  0.00
  8692-695                1.00   0.17  0.83  0.00  0.00  0.00  0.00  0.00  0.00  0.00
  8831-830                1.00   0.07  0.00  0.00  0.00  0.00  0.00  0.93  0.00  0.00
  8571-574                1.00   0.07  0.00  0.00  0.87  0.00  0.00  0.06  0.00  0.00
  8574-576                1.00   0.13  0.00  0.00  0.85  0.00  0.00  0.01  0.00  0.00
  8689-690                1.00   0.09  0.00  0.00  0.00  0.82  0.00  0.09  0.82  0.00
  2017-012                1.00   0.08  0.00  0.00  0.85  0.00  0.00  0.08  0.00  0.00
  2037-026                1.00   0.07  0.00  0.00  0.88  0.00  0.00  0.04  0.00  0.00
  2511-499                1.00   1.00  0.00  0.00  0.00  0.00  0.00  0.00  0.00  0.00
  2499-501                1.00   1.00  0.00  0.00  0.00  0.00  0.00  0.00  0.00  0.00
  2501-782                1.00   0.17  0.00  0.00  0.00  0.00  0.00  0.83  0.00  0.00
  0782-475                1.00   0.13  0.11  0.00  0.75  0.00  0.00  0.00  0.75  0.00
  6475-477                1.00   0.13  0.00  0.00  0.00  0.00  0.00  0.87  0.00  0.00
  6477-748                1.00   0.13  0.03  0.00  0.00  0.84  0.00  0.00  0.84  0.00
  7748-479                1.00   0.13  0.00  0.00  0.00  0.87  0.00  0.00  0.87  0.00
  2560-652                1.00   1.00  0.00  0.00  0.00  0.00  0.00  0.00  0.00  0.00
  8652-661                1.00   1.00  0.00  0.00  0.00  0.00  0.00  0.00  0.00  0.00
  8661-662                1.00   0.17  0.83  0.00  0.00  0.00  0.00  0.00  0.00  0.00
  8662-663                1.00   0.17  0.00  0.00  0.00  0.83  0.00  0.00  0.83  0.00
  8663-639                1.00   0.17  0.00  0.00  0.00  0.00  0.00  0.83  0.00  0.00
  8816-814                1.00   0.07  0.00  0.00  0.87  0.00  0.00  0.06  0.00  0.00
  2559-560                1.00   0.09  0.00  0.00  0.00  0.00  0.00  0.91  0.00  0.00
  7973-974                1.00   0.11  0.00  0.00  0.89  0.00  0.00  0.00  0.00  0.00
  7974-849                1.00   0.11  0.00  0.00  0.86  0.00  0.00  0.03  0.00  0.00
  2225-224                1.00   0.09  0.91  0.00  0.00  0.00  0.00  0.00  0.00  0.00
  8838-836                1.00   0.07  0.00  0.00  0.87  0.00  0.00  0.06  0.00  0.00
  2478-479                1.00   0.13  0.87  0.00  0.00  0.00  0.00  0.00  0.00  0.00
  2479-481                1.00   0.13  0.00  0.00  0.85  0.00  0.00  0.01  0.85  0.00
  2481-483                1.00   0.15  0.00  0.00  0.84  0.00  0.00  0.01  0.00  0.00
  2022-024                1.00   0.08  0.00  0.00  0.85  0.00  0.00  0.08  0.85  0.00
  1850-014                1.00   0.15  0.00  0.00  0.85  0.00  0.00  0.00  0.85  0.00
  2226-229                1.00   0.09  0.00  0.00  0.78  0.00  0.00  0.12  0.00  0.00
  2016-009                1.00   0.08  0.00  0.00  0.87  0.00  0.00  0.05  0.00  0.00
  8821-823                1.00   0.07  0.00  0.00  0.00  0.00  0.00  0.93  0.00  0.00
  5738-481                1.00   0.08  0.00  0.00  0.85  0.00  0.00  0.06  0.85  0.00
  2561-560                1.00   0.09  0.00  0.00  0.00  0.00  0.00  0.91  0.00  0.00
  9111-12T                1.00   0.08  0.00  0.00  0.87  0.00  0.00  0.04  0.88  0.00
  8832-159                1.00   0.07  0.00  0.00  0.87  0.00  0.00  0.06  0.00  0.00
  8522-527                1.00   0.07  0.00  0.00  0.86  0.00  0.00  0.07  0.00  0.00
  8527-549                1.00   0.14  0.00  0.00  0.85  0.00  0.00  0.01  0.00  0.00
  8549-437                1.00   0.15  0.00  0.00  0.00  0.00  0.00  0.85  0.00  0.00
  7959-574                1.00   0.12  0.00  0.00  0.86  0.00  0.00  0.02  0.00  0.00
  8542-549                1.00   0.07  0.00  0.00  0.85  0.00  0.00  0.08  0.00  0.00
  2510-508                1.00   0.08  0.00  0.00  0.87  0.00  0.00  0.04  0.87  0.00
  2508-521                1.00   0.13  0.87  0.00  0.00  0.00  0.00  0.00  0.00  0.00
  2521-522                1.00   0.17  0.83  0.00  0.00  0.00  0.00  0.00  0.00  0.00
  2522-523                1.00   0.17  0.00  0.00  0.00  0.00  0.00  0.83  0.00  0.00
  2523-529                1.00   1.00  0.00  0.00  0.00  0.00  0.00  0.00  0.00  0.00
  2529-782                1.00   1.00  0.00  0.00  0.00  0.00  0.00  0.00  0.00  0.00
  2480-479                1.00   0.08  0.05  0.00  0.87  0.00  0.00  0.00  0.87  0.00
  2517-523                1.00   0.08  0.00  0.00  0.00  0.00  0.00  0.92  0.00  0.00
  2050-108                1.00   0.08  0.00  0.00  0.80  0.00  0.00  0.12  0.80  0.00
  6229-222                1.00   0.10  0.00  0.00  0.00  0.00  0.00  0.90  0.00  0.00
  1823-453                1.00   0.08  0.00  0.00  0.89  0.00  0.00  0.03  0.00  0.00
  2453-100                1.00   0.11  0.00  0.00  0.89  0.00  0.00  0.01  0.00  0.00
  9100-099                1.00   0.11  0.00  0.00  0.87  0.00  0.00  0.02  0.00  0.00
  9099-095                1.00   0.13  0.00  0.00  0.86  0.00  0.00  0.01  0.00  0.00
  9095-821                1.00   0.14  0.00  0.00  0.00  0.00  0.00  0.86  0.00  0.00
  1821-164                1.00   0.14  0.06  0.00  0.80  0.00  0.00  0.00  0.80  0.00
  9164-316                1.00   0.13  0.00  0.00  0.85  0.00  0.00  0.01  0.00  0.00
  9316-655                1.00   0.15  0.00  0.00  0.00  0.00  0.00  0.85  0.00  0.00
  0655-06T                1.00   0.15  0.00  0.00  0.85  0.00  0.00  0.00  0.85  0.00
  2493-487                1.00   0.08  0.00  0.00  0.87  0.00  0.00  0.05  0.00  0.00
  8817-809                1.00   0.13  0.01  0.00  0.83  0.00  0.04  0.00  0.00  0.00
  8533-531                1.00   0.07  0.00  0.00  0.87  0.00  0.00  0.06  0.00  0.00
  8531-527                1.00   0.12  0.00  0.00  0.86  0.00  0.00  0.01  0.00  0.00
  2039-026                1.00   0.07  0.00  0.00  0.88  0.00  0.00  0.04  0.00  0.00
  1305-616                1.00   1.00  0.00  0.00  0.00  0.00  0.00  0.00  0.00  0.00
  8616-001                1.00   0.14  0.11  0.00  0.00  0.75  0.00  0.00  0.75  0.00
  8839-844                1.00   0.07  0.00  0.00  0.00  0.00  0.00  0.93  0.00  0.00
  2021-006                1.00   0.12  0.00  0.00  0.85  0.00  0.00  0.03  0.00  0.00
  2047-819                1.00   0.07  0.00  0.00  0.00  0.00  0.00  0.93  0.00  0.00
  8653-654                1.00   1.00  0.00  0.00  0.00  0.00  0.00  0.00  0.00  0.00
  8654-652                1.00   1.00  0.00  0.00  0.00  0.00  0.00  0.00  0.00  0.00
  2452-453                1.00   0.08  0.00  0.00  0.89  0.00  0.00  0.03  0.00  0.00
  1319-652                1.00   1.00  0.00  0.00  0.00  0.00  0.00  0.00  0.00  0.00
  9089-091                1.00   0.08  0.00  0.00  0.79  0.00  0.00  0.13  0.00  0.00
  9091-153                1.00   0.21  0.00  0.00  0.00  0.00  0.00  0.79  0.00  0.00
  6153-835                1.00   0.16  0.17  0.00  0.00  0.67  0.00  0.00  0.67  0.00
  1835-833                1.00   0.16  0.00  0.00  0.00  0.84  0.00  0.00  0.84  0.00
  1833-831                1.00   0.16  0.00  0.00  0.84  0.00  0.00  0.00  0.17  0.00
  1831-829                1.00   0.15  0.00  0.00  0.00  0.00  0.00  0.84  0.00  0.00
  1829-631                1.00   0.15  0.00  0.00  0.00  0.00  0.00  0.84  0.00  0.00
  0631-59T                1.00   0.15  0.00  0.00  0.85  0.00  0.00  0.00  0.85  0.00
  8820-810                1.00   0.11  0.00  0.00  0.00  0.00  0.00  0.89  0.00  0.00
  2572-573                1.00   0.09  0.00  0.00  0.00  0.00  0.00  0.91  0.00  0.00
  2572-569                1.00   0.09  0.00  0.00  0.83  0.00  0.00  0.07  0.83  0.00
  8811-843                1.00   0.15  0.00  0.00  0.00  0.00  0.00  0.85  0.00  0.00
  8843-844                1.00   0.14  0.01  0.00  0.38  0.47  0.00  0.00  0.00  0.00
  9110-091                1.00   0.21  0.79  0.00  0.00  0.00  0.00  0.00  0.00  0.00
  8859-862                1.00   0.13  0.00  0.00  0.00  0.00  0.00  0.87  0.00  0.00
  2494-496                1.00   0.08  0.00  0.00  0.00  0.00  0.00  0.92  0.00  0.00
  2496-748                1.00   0.13  0.00  0.00  0.00  0.87  0.00  0.00  0.87  0.00
  9101-100                1.00   0.08  0.00  0.00  0.88  0.00  0.00  0.03  0.00  0.00
  8850-851                1.00   0.07  0.00  0.00  0.88  0.00  0.00  0.05  0.00  0.00
  8851-436                1.00   0.11  0.00  0.00  0.85  0.00  0.00  0.04  0.00  0.00
  8583-075                1.00   0.07  0.00  0.00  0.89  0.00  0.00  0.04  0.00  0.00
  8586-588                1.00   0.07  0.00  0.00  0.84  0.00  0.00  0.09  0.00  0.00
  2474-462                1.00   0.08  0.00  0.00  0.75  0.09  0.00  0.08  0.84  0.00
  2583-580                1.00   0.09  0.00  0.00  0.00  0.87  0.00  0.04  0.87  0.00
  2580-637                1.00   0.13  0.00  0.00  0.00  0.00  0.00  0.87  0.00  0.00
  8676-679                1.00   0.22  0.78  0.00  0.00  0.00  0.00  0.00  0.00  0.00
  8679-616                1.00   0.22  0.00  0.00  0.00  0.00  0.00  0.78  0.00  0.00
  2589-635                1.00   0.09  0.00  0.00  0.00  0.00  0.00  0.91  0.00  0.00
  2520-521                1.00   1.00  0.00  0.00  0.00  0.00  0.00  0.00  0.00  0.00
  2040-043                1.00   0.32  0.68  0.00  0.00  0.00  0.00  0.00  0.00  0.00
  8594-531                1.00   0.07  0.00  0.00  0.87  0.00  0.00  0.05  0.00  0.00
  2507-508                1.00   0.08  0.00  0.00  0.87  0.00  0.00  0.04  0.87  0.00
  8843-845                1.00   0.15  0.00  0.00  0.84  0.00  0.00  0.01  0.00  0.00
  8845-846                1.00   0.15  0.00  0.00  0.84  0.00  0.01  0.00  0.00  0.00
  2579-662                1.00   0.09  0.00  0.00  0.00  0.83  0.00  0.09  0.83  0.00
  2489-496                1.00   0.08  0.00  0.00  0.00  0.00  0.00  0.92  0.00  0.00
  7978-973                1.00   0.11  0.00  0.00  0.00  0.00  0.00  0.89  0.00  0.00
  2473-472                1.00   0.13  0.00  0.00  0.00  0.00  0.00  0.87  0.00  0.00
  8818-819                1.00   0.15  0.85  0.00  0.00  0.00  0.00  0.00  0.00  0.00
  8818-811                1.00   0.15  0.85  0.00  0.00  0.00  0.00  0.00  0.00  0.00
  1822-099                1.00   0.08  0.00  0.00  0.87  0.00  0.00  0.05  0.00  0.00
  2506-501                1.00   0.08  0.00  0.00  0.00  0.00  0.00  0.92  0.00  0.00
  8852-851                1.00   0.07  0.00  0.00  0.88  0.00  0.00  0.05  0.00  0.00
  2585-580                1.00   0.09  0.00  0.00  0.00  0.87  0.00  0.04  0.87  0.00
  8858-846                1.00   0.81  0.19  0.00  0.00  0.00  0.00  0.00  0.00  0.00
  8845-847                1.00   0.15  0.00  0.00  0.84  0.00  0.00  0.00  0.84  0.00
  8847-848                1.00   0.15  0.00  0.00  0.00  0.00  0.85  0.00  0.00  0.00
  9088-849                1.00   0.22  0.78  0.00  0.00  0.00  0.00  0.00  0.00  0.00
  1849-848                1.00   0.15  0.00  0.00  0.78  0.00  0.00  0.06  0.00  0.00
  1848-847                1.00   0.15  0.00  0.00  0.85  0.00  0.00  0.00  0.00  0.00
  1847-846                1.00   0.15  0.00  0.00  0.84  0.00  0.00  0.00  0.00  0.00
  1846-08T                1.00   0.15  0.00  0.00  0.83  0.00  0.00  0.02  0.00  0.00
  7208T-638               1.00   0.15  0.00  0.00  0.00  0.01  0.00  0.84  0.01  0.00
  0638-640                1.00   0.15  0.00  0.00  0.83  0.00  0.00  0.02  0.00  0.00
  0640-653                1.00   0.13  0.04  0.00  0.83  0.00  0.00  0.00  0.00  0.00
  8655-654                1.00   1.00  0.00  0.00  0.00  0.00  0.00  0.00  0.00  0.00
  8589-592                1.00   0.07  0.00  0.00  0.00  0.00  0.00  0.93  0.00  0.00
  2012-849                1.00   0.22  0.78  0.00  0.00  0.00  0.00  0.00  0.00  0.00
  1657-222                1.00   0.09  0.91  0.00  0.00  0.00  0.00  0.00  0.00  0.00
  1657-656                1.00   0.09  0.00  0.00  0.00  0.00  0.00  0.91  0.00  0.00
  1656-215                1.00   0.14  0.00  0.00  0.00  0.00  0.00  0.86  0.00  0.00
  2215-214                1.00   0.16  0.00  0.00  0.00  0.80  0.00  0.03  0.80  0.00
  2214-679                1.00   0.20  0.00  0.00  0.00  0.77  0.00  0.03  0.77  0.00
  2052-153                1.00   0.33  0.67  0.00  0.00  0.00  0.00  0.00  0.00  0.00
  2075-582                1.00   0.11  0.00  0.00  0.87  0.00  0.00  0.02  0.00  0.00
  8582-581                1.00   0.13  0.00  0.00  0.86  0.00  0.00  0.01  0.00  0.00
  8581-579                1.00   0.14  0.00  0.00  0.82  0.00  0.00  0.04  0.00  0.00
  8932-848                1.00   0.07  0.00  0.00  0.00  0.00  0.00  0.93  0.00  0.00
  8847-807                1.00   0.15  0.00  0.00  0.00  0.00  0.00  0.85  0.00  0.00
  8807-806                1.00   0.16  0.00  0.00  0.00  0.00  0.00  0.84  0.00  0.00
  2044-043                1.00   0.32  0.01  0.00  0.63  0.00  0.04  0.00  0.18  0.00
  2044-818                1.00   0.37  0.63  0.00  0.00  0.00  0.00  0.00  0.00  0.00
  1658-656                1.00   0.09  0.00  0.00  0.00  0.00  0.00  0.91  0.00  0.00
  1320-655                1.00   1.00  0.00  0.00  0.00  0.00  0.00  0.00  0.00  0.00
  8656-655                1.00   0.09  0.00  0.00  0.00  0.00  0.00  0.91  0.00  0.00
  8877-435                1.00   0.07  0.00  0.00  0.00  0.00  0.00  0.93  0.00  0.00
  8665-663                1.00   0.09  0.00  0.00  0.00  0.83  0.00  0.08  0.83  0.00
  1839-840                1.00   0.08  0.00  0.00  0.00  0.00  0.00  0.92  0.00  0.00
  1840-050                1.00   0.15  0.00  0.00  0.79  0.00  0.00  0.06  0.79  0.00
  2217-215                1.00   0.09  0.00  0.00  0.00  0.00  0.00  0.91  0.00  0.00
  2524-522                1.00   0.08  0.00  0.00  0.00  0.00  0.00  0.92  0.00  0.00
  8667-635                1.00   0.09  0.00  0.00  0.00  0.00  0.00  0.91  0.00  0.00
  2011-848                1.00   0.08  0.00  0.00  0.00  0.00  0.00  0.92  0.00  0.00
  8853-806                1.00   0.07  0.00  0.00  0.00  0.00  0.00  0.93  0.00  0.00
  8807-802                1.00   0.14  0.02  0.00  0.00  0.00  0.00  0.84  0.00  0.00
  8802-801                1.00   0.14  0.00  0.00  0.00  0.00  0.00  0.86  0.00  0.00
  8229-075                1.00   0.07  0.00  0.00  0.89  0.00  0.00  0.04  0.89  0.00
  8657-661                1.00   0.09  0.00  0.00  0.00  0.00  0.00  0.91  0.00  0.00
  6219-217                1.00   0.09  0.00  0.00  0.00  0.00  0.00  0.91  0.00  0.00
  8217-214                1.00   0.19  0.00  0.00  0.80  0.00  0.00  0.01  0.80  0.00
  8585-504                1.00   0.07  0.00  0.00  0.86  0.00  0.00  0.07  0.86  0.00
  9096-095                1.00   0.08  0.00  0.00  0.86  0.00  0.00  0.06  0.86  0.00
  2010-847                1.00   0.08  0.00  0.00  0.00  0.00  0.00  0.92  0.00  0.00
  2002-073                1.00   0.21  0.00  0.00  0.00  0.78  0.00  0.01  0.78  0.00
  2002-044                1.00   0.22  0.00  0.00  0.50  0.00  0.00  0.29  0.16  0.00
  2464-463                1.00   1.00  0.00  0.00  0.00  0.00  0.00  0.00  0.00  0.00
  2525-529                1.00   1.00  0.00  0.00  0.00  0.00  0.00  0.00  0.00  0.00
  9098-821                1.00   0.20  0.00  0.00  0.00  0.00  0.00  0.80  0.00  0.00
  7979-847                1.00   0.07  0.00  0.00  0.84  0.00  0.00  0.08  0.00  0.00
  8841-843                1.00   0.07  0.00  0.00  0.00  0.00  0.00  0.93  0.00  0.00
  2051-160                1.00   0.07  0.00  0.00  0.89  0.00  0.00  0.04  0.89  0.00
  9160-002                1.00   0.11  0.00  0.00  0.00  0.00  0.00  0.89  0.00  0.00
  2001-002                1.00   0.07  0.00  0.00  0.00  0.00  0.00  0.93  0.00  0.00
  6152-835                1.00   0.08  0.00  0.00  0.00  0.67  0.00  0.25  0.67  0.00
  2051-02T                1.00   0.08  0.00  0.00  0.86  0.00  0.00  0.06  0.86  0.00
  8231-582                1.00   0.07  0.00  0.00  0.87  0.00  0.00  0.06  0.87  0.00
  1836-833                1.00   0.08  0.00  0.00  0.84  0.00  0.00  0.08  0.84  0.00
  8922-846                1.00   0.08  0.00  0.00  0.00  0.00  0.00  0.92  0.00  0.00
  8642-640                1.00   0.09  0.00  0.00  0.00  0.00  0.00  0.91  0.00  0.00
  2466-468                1.00   0.12  0.00  0.00  0.00  0.00  0.00  0.88  0.00  0.00
  2465-466                1.00   0.08  0.00  0.00  0.00  0.88  0.00  0.04  0.88  0.00
  8802-457                1.00   0.14  0.00  0.00  0.82  0.00  0.00  0.04  0.82  0.00
  8457-456                1.00   0.11  0.05  0.00  0.82  0.00  0.02  0.00  0.00  0.00
  2467-466                1.00   0.08  0.00  0.00  0.00  0.88  0.00  0.04  0.88  0.00
  1837-631                1.00   0.08  0.00  0.00  0.00  0.84  0.00  0.08  0.84  0.00
  6838-836                1.00   0.08  0.00  0.00  0.00  0.00  0.00  0.92  0.00  0.00
  8856-845                1.00   0.07  0.00  0.00  0.00  0.00  0.00  0.93  0.00  0.00
  8230-756                1.00   0.07  0.00  0.00  0.90  0.00  0.00  0.03  0.00  0.00
  1756-515                1.00   0.10  0.00  0.00  0.87  0.00  0.00  0.03  0.00  0.00
  8515-22T                1.00   0.13  0.00  0.00  0.86  0.00  0.00  0.00  0.00  0.00
  9222T-222               1.00   0.14  0.00  0.00  0.84  0.00  0.00  0.02  0.00  0.00
  9222-224                1.00   0.15  0.00  0.00  0.82  0.00  0.00  0.03  0.00  0.00
  9224-467                1.00   0.15  0.00  0.00  0.82  0.00  0.00  0.02  0.82  0.00
  8467-639                1.00   0.15  0.00  0.00  0.00  0.00  0.00  0.85  0.00  0.00
  5735-163                1.00   0.08  0.00  0.00  0.77  0.11  0.00  0.04  0.88  0.00
  9163-164                1.00   0.12  0.00  0.00  0.77  0.05  0.00  0.06  0.03  0.00
  8854-807                1.00   0.07  0.00  0.00  0.00  0.00  0.00  0.93  0.00  0.00
  9097-163                1.00   0.08  0.00  0.00  0.77  0.11  0.00  0.04  0.88  0.00
  1832-831                1.00   0.08  0.00  0.00  0.84  0.00  0.00  0.08  0.84  0.00
  9075-074                1.00   0.08  0.00  0.00  0.00  0.90  0.00  0.02  0.02  0.00
  9074-061                1.00   0.10  0.00  0.00  0.88  0.00  0.00  0.02  0.00  0.00
  1061-232                1.00   0.12  0.00  0.00  0.00  0.00  0.00  0.88  0.00  0.00
  3114-802                1.00   0.07  0.00  0.00  0.00  0.00  0.00  0.93  0.00  0.00
  2055-160                1.00   0.07  0.00  0.00  0.89  0.00  0.00  0.04  0.00  0.00
  8516-581                1.00   0.07  0.00  0.00  0.86  0.00  0.00  0.07  0.86  0.00
  8648-645                1.00   0.09  0.00  0.00  0.00  0.85  0.00  0.06  0.85  0.00
  2076-452                1.00   0.07  0.00  0.00  0.86  0.00  0.00  0.07  0.86  0.00
  1828-829                1.00   0.08  0.00  0.00  0.00  0.00  0.00  0.92  0.00  0.00
  1842B-840               1.00   0.08  0.08  0.00  0.85  0.00  0.00  0.00  0.85  0.00
  9219-506                1.00   0.07  0.00  0.00  0.86  0.00  0.00  0.07  0.86  0.00
  8506-505                1.00   0.13  0.01  0.00  0.86  0.00  0.00  0.00  0.00  0.00
  9076-074                1.00   0.08  0.00  0.00  0.88  0.02  0.00  0.02  0.02  0.00
  2498-499                1.00   0.08  0.92  0.00  0.00  0.00  0.00  0.00  0.00  0.00
  9161-203                1.00   0.08  0.00  0.00  0.00  0.00  0.00  0.92  0.00  0.00
  4703-671                1.00   0.09  0.00  0.00  0.87  0.00  0.00  0.03  0.87  0.00
  8671-632                1.00   0.13  0.00  0.00  0.75  0.01  0.00  0.11  0.00  0.00
  0635-08T                1.00   0.08  0.00  0.00  0.84  0.00  0.00  0.08  0.84  0.00
  1659-217                1.00   0.19  0.81  0.00  0.00  0.00  0.00  0.00  0.00  0.00
  8452-417                1.00   0.12  0.01  0.00  0.86  0.00  0.01  0.00  0.00  0.00
  8417-25T                1.00   0.12  0.00  0.00  0.86  0.00  0.00  0.02  0.00  0.00
  8425T-453               1.00   0.13  0.00  0.00  0.83  0.00  0.00  0.03  0.00  0.00
  8453-454                1.00   0.11  0.00  0.00  0.86  0.00  0.03  0.00  0.01  0.00
  5813-762                1.00   0.07  0.00  0.00  0.84  0.00  0.00  0.09  0.00  0.00
  1762-452                1.00   0.14  0.02  0.00  0.84  0.00  0.00  0.00  0.84  0.00
  8480-481                1.00   0.07  0.00  0.00  0.00  0.00  0.00  0.93  0.00  0.00
  3659-327                1.00   0.08  0.00  0.00  0.85  0.03  0.00  0.04  0.05  0.00
  3626-624                1.00   0.09  0.00  0.00  0.00  0.88  0.00  0.03  0.88  0.00
  3624-644                1.00   0.12  0.00  0.00  0.00  0.78  0.00  0.10  0.78  0.00
  0639-638                1.00   0.07  0.00  0.00  0.00  0.85  0.00  0.07  0.85  0.00
  8509-508                1.00   0.07  0.00  0.00  0.86  0.00  0.00  0.07  0.00  0.00
  8508-506                1.00   0.13  0.00  0.00  0.86  0.00  0.00  0.00  0.00  0.00
  8447-448                1.00   0.07  0.00  0.00  0.90  0.00  0.00  0.03  0.00  0.00
  8448-25T                1.00   0.10  0.00  0.00  0.86  0.00  0.00  0.04  0.00  0.00
  3665-657                1.00   0.08  0.00  0.00  0.00  0.85  0.00  0.07  0.85  0.00
  9065-659                1.00   0.19  0.00  0.00  0.00  0.00  0.00  0.81  0.00  0.00
  6231-061                1.00   0.08  0.00  0.00  0.00  0.88  0.00  0.04  0.88  0.00
  9064-065                1.00   0.19  0.00  0.00  0.00  0.00  0.00  0.81  0.00  0.00
  8457-453                1.00   0.14  0.04  0.00  0.82  0.00  0.00  0.00  0.00  0.00
  4655-652                1.00   0.09  0.00  0.00  0.00  0.88  0.00  0.03  0.88  0.00
  4652-327                1.00   0.11  0.02  0.00  0.00  0.88  0.00  0.00  0.88  0.00
  8371-756                1.00   0.07  0.00  0.00  0.90  0.00  0.00  0.03  0.00  0.00
  5026-659                1.00   1.00  0.00  0.00  0.00  0.00  0.00  0.00  0.00  0.00
  1759B-759               1.00   0.07  0.00  0.00  0.89  0.00  0.00  0.04  0.00  0.00
  1759-417                1.00   0.11  0.00  0.00  0.88  0.00  0.00  0.01  0.00  0.00
  8449-448                1.00   0.07  0.00  0.00  0.90  0.00  0.00  0.03  0.90  0.00
  3629-624                1.00   0.12  0.02  0.00  0.00  0.86  0.00  0.00  0.86  0.00
  1757B-508               1.00   0.12  0.00  0.00  0.87  0.00  0.01  0.00  0.00  0.00
  7134-290                1.00   0.11  0.00  0.00  0.82  0.00  0.00  0.07  0.82  0.00
  0290-655                1.00   0.15  0.03  0.00  0.00  0.00  0.00  0.82  0.00  0.00
  0293-134                1.00   0.07  0.00  0.00  0.00  0.89  0.00  0.04  0.89  0.00
  6230-655                1.00   0.08  0.00  0.00  0.00  0.00  0.00  0.92  0.00  0.00
  1759A-759               1.00   0.11  0.00  0.00  0.88  0.00  0.01  0.00  0.00  0.00
  0651-649                1.00   0.12  0.00  0.00  0.00  0.88  0.00  0.01  0.88  0.00
  0649-422                1.00   0.12  0.00  0.00  0.00  0.83  0.00  0.04  0.83  0.00
  8479-483                1.00   0.07  0.00  0.00  0.00  0.00  0.00  0.93  0.00  0.00
  6160-640                1.00   0.07  0.00  0.00  0.83  0.00  0.00  0.09  0.00  0.00
  4066-448                1.00   0.07  0.00  0.00  0.90  0.00  0.00  0.03  0.90  0.00
  4702-671                1.00   0.09  0.00  0.00  0.86  0.01  0.00  0.03  0.87  0.00
  0294-57T                1.00   0.07  0.00  0.00  0.84  0.01  0.00  0.07  0.85  0.00
  4698-700                1.00   1.00  0.00  0.00  0.00  0.00  0.00  0.00  0.00  0.00
  4700-565                1.00   0.28  0.72  0.00  0.00  0.00  0.00  0.00  0.00  0.00
  4565-719                1.00   0.18  0.10  0.00  0.69  0.03  0.00  0.00  0.03  0.00
  1719-554                1.00   0.14  0.04  0.00  0.82  0.00  0.00  0.00  0.10  0.00
  3554-639                1.00   0.14  0.00  0.00  0.82  0.02  0.00  0.02  0.02  0.00
  3639-343                1.00   0.16  0.00  0.00  0.84  0.00  0.00  0.01  0.00  0.00
  9343-317                1.00   0.15  0.01  0.00  0.84  0.00  0.00  0.00  0.00  0.00
  1317-356                1.00   0.15  0.00  0.00  0.00  0.00  0.00  0.85  0.00  0.00
  49356-347               1.00   0.15  0.00  0.00  0.00  0.82  0.00  0.02  0.82  0.00
  49347-346               1.00   0.08  0.00  0.00  0.00  0.00  0.00  0.92  0.00  0.00
  9346-035                1.00   0.08  0.00  0.00  0.84  0.00  0.00  0.08  0.84  0.00
  1035-760                1.00   0.16  0.02  0.00  0.00  0.81  0.00  0.00  0.81  0.00
  0760-546                1.00   0.16  0.00  0.00  0.00  0.80  0.00  0.04  0.80  0.00
  9546-543                1.00   0.20  0.00  0.00  0.00  0.00  0.00  0.80  0.00  0.00
  9543-995                1.00   0.22  0.00  0.00  0.00  0.00  0.00  0.78  0.00  0.00
  8500-502                1.00   0.12  0.00  0.00  0.87  0.00  0.01  0.00  0.00  0.00
  8502-476                1.00   0.13  0.00  0.00  0.83  0.00  0.00  0.04  0.00  0.00
  4591-593                1.00   0.09  0.00  0.00  0.00  0.88  0.00  0.03  0.88  0.00
  4593-594                1.00   0.12  0.00  0.00  0.00  0.00  0.88  0.00  0.00  0.00
  4594-596                1.00   0.17  0.83  0.00  0.00  0.00  0.00  0.00  0.00  0.00
  4596-652                1.00   0.12  0.05  0.00  0.00  0.00  0.00  0.82  0.00  0.00
  6229-316                1.00   0.13  0.00  0.00  0.85  0.00  0.00  0.02  0.00  0.00
  0648-649                1.00   0.08  0.00  0.00  0.00  0.00  0.00  0.92  0.00  0.00
  4691-671                1.00   0.09  0.00  0.00  0.87  0.01  0.00  0.03  0.87  0.00
  0786-785                1.00   0.08  0.00  0.00  0.00  0.00  0.00  0.92  0.00  0.00
  0785-475                1.00   0.13  0.01  0.00  0.00  0.86  0.00  0.00  0.86  0.00
  1764-50T                1.00   0.07  0.00  0.00  0.00  0.00  0.00  0.93  0.00  0.00
  0288-290                1.00   0.16  0.00  0.00  0.82  0.00  0.00  0.02  0.00  0.00
  1751-908                1.00   0.07  0.00  0.00  0.00  0.00  0.00  0.93  0.00  0.00
  6908-222                1.00   0.12  0.00  0.00  0.85  0.00  0.00  0.03  0.85  0.00
  0642-643                1.00   0.07  0.00  0.00  0.00  0.86  0.00  0.07  0.86  0.00
  0783-785                1.00   0.08  0.00  0.00  0.00  0.00  0.00  0.92  0.00  0.00
  7201-134                1.00   0.08  0.00  0.00  0.00  0.89  0.00  0.04  0.89  0.00
  9067-065                1.00   0.10  0.00  0.00  0.00  0.00  0.00  0.90  0.00  0.00
  0286-288                1.00   0.11  0.00  0.00  0.84  0.00  0.05  0.00  0.00  0.00
  8485B-483               1.00   0.07  0.08  0.00  0.85  0.00  0.00  0.00  0.01  0.00
  8498-502                1.00   0.07  0.00  0.00  0.87  0.00  0.00  0.06  0.00  0.00
  9056-026                1.00   1.00  0.00  0.00  0.00  0.00  0.00  0.00  0.00  0.00
  4701-700                1.00   0.09  0.00  0.00  0.00  0.00  0.91  0.00  0.00  0.00
  8441-473                1.00   0.15  0.85  0.00  0.00  0.00  0.00  0.00  0.00  0.00
  8473-471                1.00   0.15  0.00  0.00  0.00  0.00  0.00  0.85  0.00  0.00
  1356-353                1.00   0.18  0.13  0.00  0.00  0.69  0.00  0.00  0.69  0.00
  1353-351                1.00   0.18  0.00  0.00  0.00  0.75  0.00  0.06  0.75  0.00
  1351-565                1.00   0.23  0.00  0.00  0.00  0.03  0.00  0.73  0.03  0.00
  0289-288                1.00   0.12  0.00  0.00  0.84  0.00  0.00  0.04  0.00  0.00
  9057-056                1.00   1.00  0.00  0.00  0.00  0.00  0.00  0.00  0.00  0.00
  0283-286                1.00   0.07  0.00  0.00  0.88  0.00  0.00  0.04  0.89  0.00
  1745-908                1.00   0.07  0.00  0.00  0.88  0.00  0.00  0.05  0.00  0.00
  8445-430                1.00   0.13  0.00  0.00  0.00  0.00  0.00  0.87  0.00  0.00
  8430-31T                1.00   0.14  0.03  0.00  0.83  0.00  0.00  0.00  0.83  0.00
  5417-418                1.00   0.16  0.00  0.00  0.83  0.00  0.00  0.00  0.00  0.00
  3562-593                1.00   0.13  0.87  0.00  0.00  0.00  0.00  0.00  0.00  0.00
  8453-427                1.00   0.14  0.00  0.00  0.00  0.00  0.00  0.86  0.00  0.00
  8427-428                1.00   0.16  0.05  0.00  0.00  0.00  0.00  0.79  0.00  0.00
  0780-232                1.00   0.13  0.00  0.00  0.00  0.00  0.00  0.87  0.00  0.00
  9058-057                1.00   1.00  0.00  0.00  0.00  0.00  0.00  0.00  0.00  0.00
  0280-286                1.00   0.10  0.00  0.00  0.00  0.00  0.00  0.90  0.00  0.00
  8451-768                1.00   0.07  0.00  0.00  0.00  0.00  0.00  0.93  0.00  0.00
  1768-651                1.00   0.15  0.85  0.00  0.00  0.00  0.00  0.00  0.00  0.00
  1770-768                1.00   0.07  0.00  0.00  0.00  0.00  0.00  0.93  0.00  0.00
  1362-364                1.00   0.09  0.00  0.00  0.00  0.00  0.00  0.91  0.00  0.00
  1364-367                1.00   0.19  0.00  0.00  0.00  0.00  0.00  0.81  0.00  0.00
  1367-348                1.00   0.19  0.15  0.00  0.66  0.00  0.00  0.00  0.66  0.00
  1348-351                1.00   0.19  0.00  0.00  0.69  0.00  0.00  0.12  0.03  0.00
  1357-356                1.00   0.31  0.69  0.00  0.00  0.00  0.00  0.00  0.00  0.00
  9416-356                1.00   0.21  0.00  0.00  0.00  0.00  0.00  0.79  0.00  0.00
  5032-057                1.00   1.00  0.00  0.00  0.00  0.00  0.00  0.00  0.00  0.00
  8413-406                1.00   0.07  0.00  0.00  0.87  0.00  0.00  0.06  0.00  0.00
  8406-649                1.00   0.13  0.00  0.00  0.00  0.00  0.00  0.87  0.00  0.00
  4598-596                1.00   0.09  0.00  0.00  0.00  0.82  0.00  0.09  0.82  0.00
  8428-430                1.00   0.16  0.00  0.00  0.04  0.00  0.00  0.81  0.01  0.00
  0279-280                1.00   0.07  0.00  0.00  0.87  0.03  0.00  0.03  0.02  0.00
  8430-2BD                1.00   0.17  0.00  0.00  0.72  0.00  0.00  0.11  0.72  0.00
  8432B-432               1.00   0.25  0.00  0.00  0.72  0.00  0.00  0.03  0.72  0.00
  9325-326                1.00   0.12  0.03  0.00  0.00  0.85  0.00  0.00  0.03  0.00
  1746-22T                1.00   0.07  0.00  0.00  0.86  0.00  0.00  0.07  0.86  0.00
  4595-594                1.00   0.14  0.00  0.00  0.00  0.00  0.00  0.86  0.00  0.00
  4600-325                1.00   0.14  0.00  0.00  0.00  0.85  0.00  0.01  0.85  0.00
  9528-989                1.00   0.14  0.09  0.00  0.77  0.00  0.00  0.00  0.77  0.00
  0263-267                1.00   0.08  0.00  0.00  0.88  0.00  0.00  0.04  0.88  0.00
  0267-272                1.00   0.11  0.00  0.00  0.88  0.00  0.00  0.00  0.00  0.00
  0272-273                1.00   0.11  0.00  0.00  0.85  0.00  0.00  0.04  0.00  0.00
  0273-101                1.00   0.14  0.00  0.00  0.00  0.00  0.00  0.86  0.00  0.00
  2101-23T                1.00   0.15  0.00  0.00  0.00  0.85  0.00  0.00  0.85  0.00
  6223T-223               1.00   0.15  0.85  0.00  0.00  0.00  0.00  0.00  0.00  0.00
  6223-264                1.00   0.15  0.85  0.00  0.00  0.00  0.00  0.00  0.00  0.00
  9264-765                1.00   0.15  0.00  0.00  0.00  0.00  0.00  0.85  0.00  0.00
  0442-675                1.00   0.12  0.00  0.00  0.00  0.00  0.00  0.88  0.00  0.00
  6246-258                1.00   0.08  0.00  0.00  0.00  0.85  0.00  0.07  0.85  0.00
  6258-056                1.00   0.15  0.00  0.00  0.00  0.00  0.00  0.85  0.00  0.00
  1056-055                1.00   0.15  0.00  0.00  0.00  0.84  0.00  0.00  0.84  0.00
  1055-528                1.00   0.14  0.01  0.00  0.85  0.00  0.00  0.00  0.00  0.00
  1775-776                1.00   0.07  0.00  0.00  0.90  0.00  0.00  0.03  0.00  0.00
  1776-453                1.00   0.10  0.00  0.00  0.72  0.00  0.00  0.18  0.00  0.00
  0282-280                1.00   0.07  0.00  0.00  0.90  0.00  0.00  0.03  0.01  0.00
  1783-776                1.00   0.07  0.00  0.00  0.90  0.00  0.00  0.03  0.90  0.00
  3537-532                1.00   0.09  0.00  0.00  0.86  0.00  0.00  0.05  0.86  0.00
  3532-538                1.00   0.14  0.00  0.00  0.00  0.00  0.00  0.86  0.00  0.00
  3538-377                1.00   0.16  0.00  0.00  0.00  0.82  0.00  0.02  0.82  0.00
  1377-373                1.00   0.18  0.00  0.00  0.82  0.00  0.00  0.01  0.00  0.00
  1373-371                1.00   0.18  0.00  0.00  0.82  0.00  0.00  0.00  0.00  0.00
  1371-567                1.00   0.18  0.00  0.00  0.80  0.00  0.00  0.02  0.00  0.00
  4567-726                1.00   0.18  0.00  0.00  0.00  0.00  0.00  0.82  0.00  0.00
  21726-725               1.00   0.18  0.00  0.00  0.79  0.00  0.03  0.00  0.00  0.00
  1725-328                1.00   0.09  0.00  0.00  0.00  0.00  0.00  0.91  0.00  0.00
  21328-330               1.00   0.13  0.00  0.00  0.82  0.00  0.00  0.04  0.82  0.00
  1330-357                1.00   0.09  0.00  0.00  0.00  0.00  0.00  0.91  0.00  0.00
  9357-356                1.00   0.08  0.00  0.00  0.00  0.00  0.00  0.92  0.00  0.00
  9524-513                1.00   0.17  0.01  0.00  0.00  0.83  0.00  0.00  0.83  0.00
  3531-532                1.00   0.14  0.00  0.00  0.00  0.86  0.00  0.00  0.86  0.00
  0262-272                1.00   0.08  0.00  0.00  0.89  0.00  0.00  0.04  0.89  0.00
  1365-364                1.00   0.09  0.09  0.00  0.81  0.00  0.00  0.00  0.81  0.00
  8474-473                1.00   0.15  0.85  0.00  0.00  0.00  0.00  0.00  0.00  0.00
  8386-515                1.00   0.11  0.00  0.00  0.87  0.00  0.00  0.02  0.00  0.00
  8405-406                1.00   0.13  0.00  0.00  0.87  0.00  0.00  0.01  0.00  0.00
  1774-776                1.00   0.07  0.00  0.00  0.90  0.00  0.00  0.03  0.90  0.00
  3561-323                1.00   0.13  0.04  0.00  0.00  0.83  0.00  0.00  0.83  0.00
  1354-353                1.00   0.09  0.00  0.00  0.00  0.69  0.00  0.22  0.69  0.00
  8851-325                1.00   0.08  0.00  0.00  0.00  0.85  0.00  0.06  0.85  0.00
  0602-422                1.00   0.08  0.00  0.00  0.00  0.83  0.00  0.09  0.83  0.00
  6244-056                1.00   0.08  0.00  0.00  0.00  0.85  0.00  0.07  0.85  0.00
  1058-241                1.00   0.11  0.01  0.00  0.00  0.88  0.00  0.00  0.88  0.00
  6241-530                1.00   0.11  0.00  0.00  0.88  0.00  0.00  0.02  0.00  0.00
  9530-528                1.00   0.12  0.00  0.00  0.86  0.00  0.00  0.02  0.00  0.00
  1040-037                1.00   0.14  0.00  0.00  0.00  0.00  0.00  0.86  0.00  0.00
  0296-297                1.00   0.08  0.00  0.00  0.86  0.00  0.06  0.00  0.00  0.00
  0297-302                1.00   0.13  0.00  0.00  0.86  0.00  0.00  0.01  0.00  0.00
  0302-303                1.00   0.14  0.00  0.00  0.76  0.00  0.00  0.10  0.00  0.00
  0303-281                1.00   0.19  0.00  0.00  0.00  0.00  0.00  0.81  0.00  0.00
  9281-273                1.00   0.14  0.10  0.00  0.76  0.00  0.00  0.00  0.76  0.00
  3650-648                1.00   0.18  0.82  0.00  0.00  0.00  0.00  0.00  0.00  0.00
  3648-647                1.00   0.17  0.00  0.00  0.00  0.82  0.00  0.00  0.82  0.00
  3647-561                1.00   0.17  0.00  0.00  0.00  0.83  0.00  0.00  0.83  0.00
  6238-058                1.00   0.08  0.00  0.00  0.00  0.88  0.00  0.04  0.88  0.00
  6161-442                1.00   0.12  0.05  0.00  0.83  0.00  0.00  0.00  0.00  0.00
  0603-605                1.00   0.08  0.00  0.00  0.87  0.00  0.00  0.05  0.87  0.00
  0605-606                1.00   0.13  0.00  0.00  0.00  0.00  0.00  0.87  0.00  0.00
  0606-417                1.00   0.16  0.01  0.00  0.00  0.83  0.00  0.00  0.83  0.00
  9531-058                1.00   0.08  0.00  0.00  0.00  0.00  0.00  0.92  0.00  0.00
  6249-228                1.00   0.08  0.00  0.00  0.00  0.86  0.00  0.05  0.86  0.00
  6228-227                1.00   0.14  0.00  0.00  0.00  0.86  0.00  0.01  0.86  0.00
  6227-258                1.00   0.14  0.00  0.00  0.85  0.00  0.00  0.00  0.00  0.00
  1740-265                1.00   0.15  0.00  0.00  0.00  0.02  0.00  0.84  0.02  0.00
  0610-417                1.00   0.13  0.00  0.00  0.00  0.84  0.00  0.04  0.84  0.00
  3529-531                1.00   0.09  0.00  0.00  0.86  0.00  0.00  0.05  0.86  0.00
  3634-554                1.00   0.09  0.00  0.00  0.00  0.82  0.00  0.09  0.82  0.00
  0278-267                1.00   0.08  0.00  0.00  0.87  0.00  0.00  0.06  0.87  0.00
  8470-471                1.00   0.07  0.93  0.00  0.00  0.00  0.00  0.00  0.00  0.00
  3644-561                1.00   0.09  0.00  0.00  0.00  0.83  0.00  0.08  0.83  0.00
  0441-161                1.00   0.17  0.00  0.00  0.79  0.00  0.00  0.04  0.00  0.00
  6237-235                1.00   0.08  0.00  0.00  0.00  0.88  0.00  0.04  0.88  0.00
  6235-530                1.00   0.12  0.00  0.00  0.00  0.88  0.00  0.01  0.88  0.00
  0696-032                1.00   0.17  0.00  0.00  0.00  0.00  0.00  0.83  0.00  0.00
  3533-532                1.00   0.09  0.00  0.00  0.86  0.00  0.00  0.05  0.00  0.00
  6226-219                1.00   0.08  0.00  0.00  0.00  0.85  0.00  0.07  0.85  0.00
  6219-606                1.00   0.15  0.00  0.00  0.83  0.00  0.00  0.02  0.00  0.00
  6240-241                1.00   0.08  0.00  0.00  0.88  0.00  0.00  0.05  0.00  0.00
  3649-648                1.00   0.09  0.00  0.00  0.00  0.00  0.00  0.91  0.00  0.00
  0440-441                1.00   0.08  0.00  0.00  0.79  0.00  0.13  0.00  0.00  0.00
  0746-698                1.00   0.08  0.00  0.00  0.00  0.00  0.00  0.92  0.00  0.00
  0698-702                1.00   0.14  0.00  0.00  0.00  0.00  0.00  0.86  0.00  0.00
  0702-235                1.00   0.11  0.00  0.00  0.00  0.88  0.00  0.00  0.88  0.00
  8385-382                1.00   0.07  0.00  0.00  0.89  0.00  0.00  0.04  0.89  0.00
  8382-389                1.00   0.11  0.00  0.00  0.87  0.00  0.00  0.02  0.00  0.00
  8389-391                1.00   0.13  0.00  0.00  0.84  0.00  0.00  0.03  0.00  0.00
  18391-317               1.00   0.15  0.00  0.00  0.82  0.00  0.00  0.03  0.00  0.00
  18317-318               1.00   0.07  0.06  0.00  0.87  0.00  0.00  0.00  0.87  0.00
  18318-18W               1.00   0.07  0.00  0.00  0.86  0.00  0.00  0.07  0.86  0.00
  3530-531                1.00   0.10  0.00  0.00  0.86  0.00  0.00  0.05  0.86  0.00
  0697-696                1.00   0.08  0.09  0.00  0.83  0.00  0.00  0.00  0.83  0.00
  1780-738                1.00   0.07  0.00  0.00  0.00  0.00  0.00  0.93  0.00  0.00
  1738-644                1.00   0.12  0.00  0.00  0.00  0.00  0.00  0.88  0.00  0.00
  1368-367                1.00   0.09  0.25  0.00  0.66  0.00  0.00  0.00  0.66  0.00
  8469-467                1.00   0.07  0.00  0.00  0.00  0.00  0.00  0.93  0.00  0.00
  8342-605                1.00   0.07  0.00  0.00  0.85  0.00  0.00  0.08  0.00  0.00
  8605-329                1.00   0.14  0.00  0.00  0.85  0.00  0.00  0.01  0.04  0.00
  8329-328                1.00   0.14  0.00  0.00  0.81  0.00  0.00  0.05  0.00  0.00
  8328-326                1.00   0.14  0.05  0.00  0.81  0.00  0.00  0.00  0.00  0.00
  18326-317               1.00   0.14  0.00  0.00  0.82  0.00  0.00  0.04  0.01  0.00
  8407-740                1.00   0.07  0.00  0.00  0.82  0.00  0.00  0.11  0.81  0.00
  6252-230                1.00   0.08  0.00  0.00  0.00  0.00  0.00  0.92  0.00  0.00
  6230-228                1.00   0.12  0.00  0.00  0.00  0.00  0.00  0.88  0.00  0.00
  0540-442                1.00   0.08  0.00  0.00  0.00  0.00  0.00  0.92  0.00  0.00
  1077-227                1.00   0.08  0.00  0.00  0.00  0.86  0.00  0.06  0.86  0.00
  3809-40T                1.00   0.07  0.00  0.00  0.80  0.06  0.00  0.07  0.86  0.00
  1777-738                1.00   0.07  0.00  0.00  0.00  0.00  0.00  0.93  0.00  0.00
  9525-526                1.00   0.08  0.00  0.00  0.00  0.00  0.00  0.92  0.00  0.00
  9526-303                1.00   0.14  0.00  0.00  0.85  0.00  0.00  0.01  0.00  0.00
  9303-219                1.00   0.15  0.00  0.00  0.85  0.00  0.00  0.00  0.00  0.00
  3640-636                1.00   0.09  0.00  0.00  0.00  0.87  0.00  0.04  0.87  0.00
  3636-639                1.00   0.13  0.00  0.00  0.00  0.84  0.00  0.02  0.84  0.00
  6243-055                1.00   0.08  0.00  0.00  0.84  0.01  0.00  0.07  0.85  0.00
  8414-264                1.00   0.07  0.00  0.00  0.00  0.00  0.00  0.93  0.00  0.00
  8398-397                1.00   0.07  0.00  0.00  0.89  0.00  0.00  0.04  0.00  0.00
  8397-605                1.00   0.11  0.00  0.00  0.85  0.00  0.04  0.00  0.00  0.00
  1043-040                1.00   0.09  0.00  0.00  0.00  0.86  0.00  0.06  0.86  0.00
  1069-647                1.00   0.09  0.00  0.00  0.00  0.82  0.00  0.09  0.82  0.00
  1380-538                1.00   0.09  0.00  0.00  0.00  0.00  0.00  0.91  0.00  0.00
  8381-382                1.00   0.07  0.00  0.00  0.89  0.00  0.00  0.04  0.00  0.00
  9287-336                1.00   0.08  0.00  0.00  0.88  0.00  0.00  0.04  0.88  0.00
  0336-297                1.00   0.12  0.00  0.00  0.86  0.00  0.00  0.02  0.00  0.00
  0695-696                1.00   0.09  0.00  0.00  0.00  0.00  0.00  0.91  0.00  0.00
  6254-231                1.00   0.08  0.08  0.00  0.84  0.00  0.00  0.00  0.84  0.00
  6231-230                1.00   0.12  0.04  0.00  0.84  0.00  0.00  0.00  0.84  0.00
  6251-230                1.00   0.08  0.00  0.00  0.00  0.00  0.00  0.92  0.00  0.00
  8177-738                1.00   0.12  0.06  0.00  0.00  0.83  0.00  0.00  0.83  0.00
  8380-379                1.00   0.07  0.00  0.00  0.88  0.00  0.00  0.05  0.00  0.00
  8379-391                1.00   0.12  0.00  0.00  0.84  0.00  0.00  0.03  0.00  0.00
  0444-161                1.00   0.13  0.00  0.00  0.00  0.76  0.00  0.11  0.76  0.00
  1046-040                1.00   0.13  0.00  0.00  0.00  0.86  0.00  0.01  0.86  0.00
  0614-605                1.00   0.12  0.00  0.00  0.87  0.00  0.00  0.01  0.00  0.00
  0745-698                1.00   0.08  0.00  0.00  0.00  0.00  0.00  0.92  0.00  0.00
  9405-765                1.00   0.09  0.00  0.00  0.00  0.86  0.00  0.05  0.86  0.00
  0765-762                1.00   0.13  0.00  0.00  0.00  0.00  0.00  0.87  0.00  0.00
  0762-035                1.00   0.16  0.00  0.00  0.00  0.00  0.00  0.84  0.00  0.00
  0694-693                1.00   0.09  0.00  0.00  0.00  0.00  0.00  0.91  0.00  0.00
  0693-543                1.00   0.22  0.78  0.00  0.00  0.00  0.00  0.00  0.00  0.00
  1050-046                1.00   0.09  0.00  0.00  0.00  0.87  0.00  0.04  0.87  0.00
  8331-329                1.00   0.07  0.00  0.00  0.00  0.00  0.93  0.00  0.00  0.00
  3637-636                1.00   0.09  0.00  0.00  0.00  0.00  0.00  0.91  0.00  0.00
  8196-740                1.00   0.18  0.00  0.00  0.00  0.00  0.00  0.82  0.00  0.00
  0716-718                1.00   0.08  0.00  0.00  0.00  0.88  0.00  0.04  0.88  0.00
  0718-526                1.00   0.12  0.00  0.00  0.86  0.00  0.00  0.02  0.00  0.00
  1722-719                1.00   0.09  0.00  0.00  0.00  0.82  0.00  0.09  0.82  0.00
  8388-389                1.00   0.07  0.00  0.00  0.87  0.00  0.00  0.06  0.87  0.00
  0617-614                1.00   0.08  0.00  0.00  0.88  0.00  0.00  0.04  0.88  0.00
  0313-310                1.00   0.08  0.00  0.00  0.88  0.00  0.00  0.04  0.88  0.00
  0310-309                1.00   0.12  0.00  0.00  0.84  0.00  0.00  0.05  0.00  0.00
  0309-305                1.00   0.16  0.00  0.00  0.00  0.00  0.00  0.84  0.00  0.00
  0305-303                1.00   0.24  0.00  0.00  0.00  0.00  0.00  0.76  0.00  0.00
  1721-554                1.00   0.09  0.00  0.00  0.82  0.05  0.00  0.05  0.86  0.00
  6253-231                1.00   0.08  0.00  0.00  0.00  0.00  0.00  0.92  0.00  0.00
  1047-046                1.00   0.09  0.00  0.00  0.00  0.87  0.00  0.05  0.87  0.00
  1341-343                1.00   0.09  0.00  0.00  0.00  0.84  0.00  0.07  0.84  0.00
  3664-397                1.00   0.07  0.00  0.00  0.89  0.00  0.00  0.04  0.00  0.00
  0352-23T                1.00   0.07  0.00  0.00  0.00  0.85  0.00  0.07  0.85  0.00
  6218-614                1.00   0.08  0.00  0.00  0.00  0.88  0.00  0.04  0.88  0.00
  0618-619                1.00   0.08  0.00  0.00  0.00  0.00  0.00  0.92  0.00  0.00
  0619-441                1.00   0.21  0.79  0.00  0.00  0.00  0.00  0.00  0.00  0.00
  0338-340                1.00   0.08  0.00  0.00  0.00  0.86  0.00  0.07  0.86  0.00
  0340-346                1.00   0.14  0.00  0.00  0.84  0.00  0.00  0.02  0.84  0.00
  0346-407                1.00   0.16  0.00  0.00  0.80  0.00  0.00  0.03  0.00  0.00
  5407-408                1.00   0.15  0.00  0.00  0.80  0.00  0.00  0.04  0.80  0.00
  5408-315                1.00   0.15  0.00  0.00  0.85  0.00  0.00  0.00  0.85  0.00
  0315-309                1.00   0.15  0.00  0.00  0.84  0.00  0.00  0.01  0.00  0.00
  0350-348                1.00   0.08  0.00  0.00  0.88  0.00  0.00  0.04  0.88  0.00
  0348-346                1.00   0.12  0.00  0.00  0.84  0.00  0.00  0.05  0.00  0.00
  8378-379                1.00   0.07  0.00  0.00  0.88  0.00  0.00  0.05  0.00  0.00
  0737-735                1.00   0.08  0.00  0.00  0.00  0.83  0.00  0.09  0.83  0.00
  0735-030                1.00   0.12  0.00  0.00  0.83  0.05  0.00  0.00  0.05  0.00
  1030-702                1.00   0.11  0.00  0.00  0.88  0.00  0.00  0.01  0.88  0.00
  1347-348                1.00   0.09  0.00  0.00  0.81  0.00  0.00  0.10  0.00  0.00
  1311-314                1.00   0.09  0.00  0.00  0.00  0.87  0.00  0.04  0.87  0.00
  1314-317                1.00   0.13  0.00  0.00  0.00  0.82  0.00  0.05  0.82  0.00
  6255-235                1.00   0.08  0.00  0.00  0.00  0.88  0.00  0.04  0.88  0.00
  1372-371                1.00   0.09  0.00  0.00  0.82  0.00  0.00  0.09  0.82  0.00
  1375-373                1.00   0.09  0.00  0.00  0.82  0.00  0.00  0.09  0.82  0.00
  1345-317                1.00   0.09  0.00  0.00  0.00  0.85  0.00  0.06  0.85  0.00
  4558-556                1.00   0.09  0.00  0.00  0.00  0.86  0.00  0.05  0.86  0.00
  4556-680                1.00   0.13  0.00  0.00  0.00  0.85  0.00  0.02  0.85  0.00
  0680-762                1.00   0.15  0.00  0.00  0.00  0.00  0.00  0.85  0.00  0.00
  8603-605                1.00   0.14  0.00  0.00  0.85  0.00  0.00  0.01  0.85  0.00
  6162-619                1.00   0.13  0.00  0.00  0.00  0.00  0.87  0.00  0.00  0.00
  0344-340                1.00   0.08  0.00  0.00  0.86  0.00  0.06  0.00  0.00  0.00
  0767-765                1.00   0.09  0.00  0.00  0.00  0.87  0.00  0.05  0.87  0.00
  9277-101                1.00   0.07  0.00  0.00  0.00  0.00  0.00  0.93  0.00  0.00
  1382-377                1.00   0.09  0.00  0.00  0.82  0.00  0.00  0.08  0.00  0.00
  8330-329                1.00   0.07  0.00  0.00  0.00  0.00  0.00  0.93  0.00  0.00
  8194-196                1.00   0.18  0.00  0.00  0.00  0.00  0.00  0.82  0.00  0.00
  9288-303                1.00   0.08  0.00  0.00  0.85  0.00  0.00  0.07  0.85  0.00
  5392-336                1.00   0.08  0.00  0.00  0.88  0.00  0.00  0.04  0.00  0.00
  0720-718                1.00   0.08  0.00  0.00  0.88  0.00  0.00  0.04  0.88  0.00
  0742-739                1.00   0.08  0.00  0.00  0.00  0.83  0.00  0.08  0.83  0.00
  0739-735                1.00   0.12  0.05  0.00  0.00  0.83  0.00  0.00  0.83  0.00
  8602-603                1.00   0.14  0.00  0.00  0.19  0.00  0.67  0.00  0.00  0.00
  4568-567                1.00   0.09  0.00  0.00  0.81  0.00  0.00  0.09  0.01  0.00
  0723-721                1.00   0.08  0.00  0.00  0.00  0.88  0.00  0.04  0.88  0.00
  0721-718                1.00   0.12  0.00  0.00  0.00  0.88  0.00  0.00  0.88  0.00
  9345-556                1.00   0.09  0.00  0.00  0.00  0.87  0.00  0.05  0.87  0.00
  0349-348                1.00   0.08  0.00  0.00  0.88  0.00  0.00  0.04  0.88  0.00
  1315-314                1.00   0.09  0.00  0.00  0.00  0.00  0.00  0.91  0.00  0.00
  0354-194                1.00   0.07  0.00  0.00  0.00  0.00  0.00  0.93  0.00  0.00
  9238-44T                1.00   0.07  0.00  0.00  0.00  0.00  0.00  0.93  0.00  0.00
  0741-558                1.00   0.09  0.00  0.00  0.00  0.83  0.00  0.08  0.83  0.00
  9558-739                1.00   0.17  0.00  0.00  0.00  0.00  0.00  0.83  0.00  0.00
  9278-280                1.00   0.07  0.93  0.00  0.00  0.00  0.00  0.00  0.00  0.00
  9280-281                1.00   0.24  0.76  0.00  0.00  0.00  0.00  0.00  0.00  0.00
  3556-383                1.00   0.09  0.00  0.00  0.82  0.00  0.09  0.00  0.00  0.00
  21383-392               1.00   0.18  0.00  0.00  0.00  0.77  0.00  0.05  0.77  0.00
  1392-552                1.00   0.09  0.28  0.00  0.63  0.00  0.00  0.00  0.63  0.00
  3552-726                1.00   0.18  0.03  0.00  0.79  0.00  0.00  0.00  0.00  0.00
  21723-725               1.00   0.09  0.00  0.00  0.79  0.00  0.00  0.12  0.79  0.00
  0681-680                1.00   0.09  0.00  0.00  0.00  0.85  0.00  0.06  0.85  0.00
  8494-6BT                1.00   0.11  0.00  0.00  0.00  0.82  0.00  0.07  0.82  0.00
  5391A-391               1.00   0.08  0.09  0.00  0.83  0.00  0.00  0.00  0.83  0.00
  25391-333               1.00   0.17  0.00  0.00  0.67  0.00  0.00  0.16  0.67  0.00
  0333-346                1.00   1.00  0.00  0.00  0.00  0.00  0.00  0.00  0.00  0.00
  5410-310                1.00   0.08  0.00  0.00  0.88  0.00  0.00  0.04  0.88  0.00
  8495-494                1.00   0.07  0.00  0.00  0.00  0.89  0.00  0.04  0.89  0.00
  0692-693                1.00   0.09  0.00  0.00  0.00  0.00  0.00  0.91  0.00  0.00
  8601-602                1.00   0.07  0.00  0.00  0.19  0.00  0.74  0.00  0.19  0.00
  0705-702                1.00   0.08  0.00  0.00  0.00  0.00  0.00  0.92  0.00  0.00
  8606-603                1.00   0.07  0.00  0.00  0.00  0.00  0.00  0.93  0.00  0.00
  1396-552                1.00   0.09  0.00  0.00  0.82  0.00  0.00  0.09  0.82  0.00
  0307-302                1.00   0.07  0.00  0.00  0.85  0.00  0.00  0.07  0.85  0.00
  8200-196                1.00   0.07  0.00  0.00  0.00  0.00  0.00  0.93  0.00  0.00
  3553-386                1.00   0.09  0.00  0.00  0.00  0.00  0.00  0.91  0.00  0.00
  1386-383                1.00   0.14  0.00  0.00  0.00  0.82  0.00  0.04  0.82  0.00
  5409-408                1.00   0.08  0.00  0.00  0.00  0.00  0.00  0.92  0.00  0.00
  0687-686                1.00   0.09  0.00  0.00  0.00  0.00  0.00  0.91  0.00  0.00
  0686-560                1.00   0.17  0.00  0.00  0.00  0.74  0.00  0.08  0.74  0.00
  9560-558                1.00   0.17  0.09  0.00  0.00  0.74  0.00  0.00  0.74  0.00
  5391B-391               1.00   0.08  0.00  0.00  0.00  0.00  0.00  0.92  0.00  0.00
  8182-177                1.00   0.07  0.00  0.00  0.00  0.00  0.00  0.93  0.00  0.00
  8376-328                1.00   0.14  0.00  0.00  0.80  0.00  0.00  0.06  0.00  0.00
  8488-489                1.00   0.07  0.00  0.00  0.89  0.00  0.00  0.04  0.00  0.00
  8489-490                1.00   0.11  0.00  0.00  0.00  0.00  0.00  0.89  0.00  0.00
  8490-65T                1.00   0.31  0.00  0.00  0.00  0.00  0.00  0.69  0.00  0.00
  9235-494                1.00   0.07  0.00  0.00  0.89  0.00  0.00  0.04  0.00  0.00
  9553-721                1.00   0.08  0.00  0.00  0.00  0.88  0.00  0.04  0.88  0.00
  0314-315                1.00   0.08  0.00  0.00  0.84  0.00  0.00  0.08  0.84  0.00
  18607-374               1.00   0.07  0.00  0.00  0.82  0.00  0.00  0.11  0.00  0.00
  8374-376                1.00   0.07  0.07  0.00  0.00  0.00  0.00  0.86  0.00  0.00
  0757-760                1.00   0.08  0.00  0.00  0.00  0.83  0.00  0.08  0.83  0.00
  1329-328                1.00   0.09  0.00  0.00  0.00  0.00  0.00  0.91  0.00  0.00
  8377-376                1.00   0.07  0.00  0.00  0.86  0.00  0.00  0.07  0.86  0.00
  20316-427               1.00   0.08  0.00  0.00  0.85  0.00  0.00  0.08  0.85  0.00
  0427-305                1.00   0.16  0.00  0.00  0.00  0.00  0.00  0.84  0.00  0.00
  1327-328                1.00   0.09  0.00  0.00  0.00  0.00  0.00  0.91  0.00  0.00
  0733-735                1.00   0.08  0.00  0.00  0.83  0.00  0.00  0.09  0.83  0.00
  0728-030                1.00   0.08  0.00  0.00  0.00  0.88  0.00  0.04  0.88  0.00
  1387-386                1.00   0.09  0.00  0.00  0.00  0.86  0.00  0.05  0.86  0.00
  8322-326                1.00   0.07  0.00  0.00  0.77  0.01  0.00  0.15  0.78  0.00
  0731-030                1.00   0.08  0.00  0.00  0.88  0.00  0.00  0.04  0.88  0.00
  1750-489                1.00   0.07  0.00  0.00  0.89  0.00  0.00  0.04  0.00  0.00
  8174T-177               1.00   0.07  0.00  0.00  0.85  0.00  0.00  0.08  0.85  0.00
  9230-6AT                1.00   0.07  0.00  0.00  0.86  0.00  0.00  0.07  0.86  0.00
  18184-74T               1.00   0.07  0.00  0.00  0.85  0.00  0.00  0.07  0.85  0.00
  71782-230               1.00   0.07  0.07  0.00  0.85  0.01  0.00  0.00  0.01  0.00
  0732-731                1.00   1.00  0.00  0.00  0.00  0.00  0.00  0.00  0.00  0.00
  1389-387                1.00   0.09  0.00  0.00  0.00  0.00  0.00  0.91  0.00  0.00
  21390-392               1.00   0.09  0.00  0.00  0.81  0.00  0.00  0.09  0.01  0.00
  1081-602                1.00   0.07  0.00  0.00  0.90  0.00  0.00  0.03  0.00  0.00
  9282-280                1.00   0.07  0.00  0.00  0.00  0.00  0.00  0.93  0.00  0.00
  18185-184               1.00   0.07  0.00  0.00  0.85  0.00  0.00  0.07  0.00  0.00
  0755-757                1.00   0.14  0.00  0.00  0.00  0.00  0.00  0.86  0.00  0.00
  9561-560                1.00   0.09  0.00  0.00  0.00  0.00  0.00  0.91  0.00  0.00
  20320-318               1.00   0.08  0.92  0.00  0.00  0.00  0.00  0.00  0.00  0.00
  20318-426               1.00   0.08  0.92  0.00  0.00  0.00  0.00  0.00  0.00  0.00
  20426-427               1.00   0.07  0.93  0.00  0.00  0.00  0.00  0.00  0.00  0.00
  0685-686                1.00   0.09  0.00  0.00  0.83  0.00  0.09  0.00  0.00  0.00
  8163-238                1.00   0.07  0.93  0.00  0.00  0.00  0.00  0.00  0.00  0.00
  9404-387                1.00   0.09  0.00  0.00  0.00  0.00  0.00  0.91  0.00  0.00
  20750-768               1.00   0.08  0.00  0.00  0.00  0.00  0.00  0.92  0.00  0.00
  20768-769               1.00   0.08  0.00  0.00  0.00  0.00  0.00  0.92  0.00  0.00
  0769-731                1.00   1.00  0.00  0.00  0.00  0.00  0.00  0.00  0.00  0.00
  20749-750               1.00   0.08  0.00  0.00  0.00  0.00  0.00  0.92  0.00  0.00
  21331-330               1.00   0.09  0.00  0.00  0.00  0.00  0.00  0.91  0.00  0.00
  26224-222               1.00   0.07  0.10  0.00  0.83  0.00  0.00  0.00  0.83  0.00
  26222-221               1.00   0.07  0.93  0.00  0.00  0.00  0.00  0.00  0.00  0.00
  26221-184               1.00   1.00  0.00  0.00  0.00  0.00  0.00  0.00  0.00  0.00
  20332-333               1.00   0.08  0.00  0.00  0.00  0.00  0.00  0.92  0.00  0.00
  4585-357                1.00   0.09  0.00  0.00  0.00  0.00  0.00  0.91  0.00  0.00
  24586-585               1.00   0.09  0.00  0.00  0.00  0.00  0.00  0.91  0.00  0.00
  20754-683               1.00   0.09  0.06  0.00  0.85  0.00  0.00  0.00  0.85  0.00
  20683-750               1.00   0.09  0.00  0.00  0.00  0.00  0.00  0.91  0.00  0.00
  0358-194                1.00   0.07  0.00  0.00  0.83  0.00  0.00  0.10  0.00  0.00
  24590-586               1.00   0.09  0.00  0.00  0.00  0.00  0.00  0.91  0.00  0.00
  49232-492               1.00   0.07  0.93  0.00  0.00  0.00  0.00  0.00  0.00  0.00
  8492-490                1.00   0.07  0.93  0.00  0.00  0.00  0.00  0.00  0.00  0.00
  0671-757                1.00   0.14  0.00  0.00  0.00  0.00  0.00  0.86  0.00  0.00
  5405-407                1.00   0.08  0.00  0.00  0.72  0.10  0.00  0.09  0.08  0.00
  21398-399               1.00   0.09  0.00  0.00  0.00  0.00  0.00  0.91  0.00  0.00
  21399-407               1.00   0.09  0.00  0.00  0.00  0.00  0.00  0.91  0.00  0.00
  49407-374               1.00   0.09  0.00  0.00  0.00  0.00  0.00  0.91  0.00  0.00
  9374-726                1.00   0.09  0.00  0.00  0.00  0.00  0.00  0.91  0.00  0.00
  24570-395               1.00   0.09  0.00  0.00  0.00  0.00  0.00  0.91  0.00  0.00
  49395-399               1.00   0.09  0.00  0.00  0.00  0.00  0.00  0.91  0.00  0.00
  18311-318               1.00   0.07  0.06  0.00  0.00  0.87  0.00  0.00  0.87  0.00
  46898-74T               1.00   1.00  0.00  0.00  0.00  0.00  0.00  0.00  0.00  0.00
  18372-374               1.00   0.07  0.05  0.00  0.00  0.88  0.00  0.00  0.88  0.00
  20322-323               1.00   0.08  0.00  0.00  0.00  0.00  0.00  0.92  0.00  0.00
  20323-325               1.00   0.08  0.00  0.00  0.00  0.00  0.00  0.92  0.00  0.00
  20325-318               1.00   0.08  0.92  0.00  0.00  0.00  0.00  0.00  0.00  0.00
  18316-317               1.00   0.07  0.93  0.00  0.00  0.00  0.00  0.00  0.00  0.00
  20684-683               1.00   0.09  0.06  0.00  0.00  0.85  0.00  0.00  0.85  0.00
  73570-585               1.00   0.09  0.00  0.00  0.00  0.00  0.00  0.91  0.00  0.00
  20331-043               1.00   0.08  0.00  0.00  0.84  0.00  0.00  0.08  0.84  0.00
  21043-330               1.00   0.08  0.09  0.00  0.84  0.00  0.00  0.00  0.84  0.00
  20330-323               1.00   0.08  0.00  0.00  0.00  0.00  0.00  0.92  0.00  0.00
  9595-731                1.00   0.08  0.00  0.00  0.00  0.00  0.00  0.92  0.00  0.00
  20675-674               1.00   0.09  0.00  0.00  0.00  0.00  0.00  0.91  0.00  0.00
  20674-671               1.00   0.09  0.00  0.00  0.00  0.00  0.00  0.91  0.00  0.00
  24589-586               1.00   0.09  0.00  0.00  0.00  0.00  0.00  0.91  0.00  0.00
  49233-234               1.00   0.07  0.10  0.00  0.00  0.83  0.00  0.00  0.83  0.00
  49234-492               1.00   0.07  0.93  0.00  0.00  0.00  0.00  0.00  0.00  0.00
  49373-331               1.00   0.09  0.00  0.00  0.00  0.00  0.00  0.91  0.00  0.00
  73113T-12T              1.00   0.07  0.00  0.00  0.86  0.00  0.00  0.07  0.00  0.00
  49372-373               1.00   0.09  0.00  0.00  0.00  0.00  0.00  0.91  0.00  0.00
  18305-302               1.00   0.07  0.93  0.00  0.00  0.00  0.00  0.00  0.00  0.00
  18302-95T               1.00   1.00  0.00  0.00  0.00  0.00  0.00  0.00  0.00  0.00
  48895T-894              1.00   0.07  0.05  0.00  0.88  0.00  0.00  0.00  0.88  0.00
  48894-299               1.00   0.07  0.08  0.00  0.85  0.00  0.00  0.00  0.85  0.00
  18299-658               1.00   0.07  0.93  0.00  0.00  0.00  0.00  0.00  0.00  0.00
  49658-684               1.00   0.07  0.93  0.00  0.00  0.00  0.00  0.00  0.00  0.00
  18306-307               1.00   0.07  0.10  0.00  0.00  0.02  0.00  0.81  0.02  0.00
  18307-302               1.00   0.07  0.93  0.00  0.00  0.00  0.00  0.00  0.00  0.00
  49569-567               1.00   0.09  0.00  0.00  0.00  0.00  0.00  0.91  0.00  0.00
  49567-671               1.00   0.09  0.00  0.00  0.00  0.00  0.00  0.91  0.00  0.00
  73112T-95T              1.00   0.07  0.00  0.00  0.86  0.00  0.00  0.07  0.86  0.00
  18401-185               1.00   1.00  0.00  0.00  0.00  0.00  0.00  0.00  0.00  0.00
  8168-238                1.00   0.07  0.93  0.00  0.00  0.00  0.00  0.00  0.00  0.00
  73571-594               1.00   0.09  0.00  0.00  0.00  0.00  0.00  0.91  0.00  0.00
  73594-543               1.00   0.09  0.00  0.00  0.00  0.00  0.00  0.91  0.00  0.00
  73543-367               1.00   0.08  0.92  0.00  0.00  0.00  0.00  0.00  0.00  0.00
  49367-365               1.00   0.08  0.00  0.00  0.00  0.00  0.00  0.92  0.00  0.00
  49365-346               1.00   0.08  0.00  0.00  0.00  0.00  0.00  0.92  0.00  0.00
  24569-395               1.00   0.09  0.00  0.00  0.00  0.00  0.00  0.91  0.00  0.00
  18134-97T               1.00   1.00  0.00  0.00  0.00  0.00  0.00  0.00  0.00  0.00
  21703-407               1.00   0.09  0.00  0.00  0.00  0.00  0.00  0.91  0.00  0.00
  18188-185               1.00   0.07  0.00  0.00  0.85  0.00  0.00  0.08  0.85  0.00
  25404B-043              1.00   0.08  0.00  0.00  0.84  0.00  0.00  0.08  0.84  0.00
  49568-567               1.00   0.09  0.00  0.00  0.00  0.00  0.00  0.91  0.00  0.00
  20364-361               1.00   0.07  0.93  0.00  0.00  0.00  0.00  0.00  0.00  0.00
  20361-222               1.00   0.07  0.10  0.00  0.83  0.00  0.00  0.00  0.83  0.00
  18138-134               1.00   0.07  0.00  0.00  0.00  0.00  0.00  0.93  0.00  0.00
  73577-594               1.00   0.09  0.00  0.00  0.00  0.00  0.00  0.91  0.00  0.00
  21337-373               1.00   0.09  0.00  0.00  0.00  0.00  0.00  0.91  0.00  0.00
  21336-331               1.00   0.09  0.00  0.00  0.00  0.00  0.00  0.91  0.00  0.00
  21711-710               1.00   0.09  0.00  0.00  0.00  0.00  0.00  0.91  0.00  0.00
  21710-708               1.00   0.09  0.00  0.00  0.00  0.00  0.00  0.91  0.00  0.00
  21708-707               1.00   0.09  0.00  0.00  0.00  0.00  0.00  0.91  0.00  0.00
  21707-374               1.00   0.09  0.00  0.00  0.00  0.00  0.00  0.91  0.00  0.00
  21706-708               1.00   0.09  0.00  0.00  0.00  0.00  0.00  0.91  0.00  0.00
  20326-325               1.00   0.08  0.00  0.00  0.00  0.00  0.00  0.92  0.00  0.00
  18314-307               1.00   0.07  0.13  0.00  0.80  0.00  0.00  0.00  0.03  0.00
  18132-133               1.00   0.07  0.00  0.00  0.86  0.00  0.00  0.07  0.86  0.00
  18133-134               1.00   0.07  0.00  0.00  0.86  0.00  0.00  0.07  0.86  0.00
  31154-768               1.00   0.09  0.00  0.00  0.00  0.00  0.00  0.91  0.00  0.00
  71733-256               1.00   0.07  0.13  0.00  0.80  0.00  0.00  0.00  0.80  0.00
  49256-732               1.00   0.07  0.93  0.00  0.00  0.00  0.00  0.00  0.00  0.00
  71732-133               1.00   1.00  0.00  0.00  0.00  0.00  0.00  0.00  0.00  0.00
  24659-368               1.00   0.09  0.00  0.00  0.00  0.00  0.00  0.91  0.00  0.00
  49368-543               1.00   0.09  0.00  0.00  0.00  0.00  0.00  0.91  0.00  0.00
  49247-168               1.00   0.07  0.00  0.00  0.85  0.00  0.00  0.08  0.85  0.00
  49570-661               1.00   0.09  0.00  0.00  0.00  0.00  0.00  0.91  0.00  0.00
  20661-615               1.00   0.09  0.00  0.00  0.00  0.00  0.00  0.91  0.00  0.00
  49615-657               1.00   0.09  0.00  0.00  0.00  0.00  0.00  0.91  0.00  0.00
  20657-031               1.00   0.09  0.00  0.00  0.83  0.00  0.00  0.09  0.83  0.00
  71031-605               1.00   0.09  0.00  0.00  0.00  0.00  0.00  0.91  0.00  0.00
  49605-601               1.00   0.08  0.00  0.00  0.00  0.00  0.00  0.92  0.00  0.00
  49601-769               1.00   0.08  0.00  0.00  0.00  0.00  0.00  0.92  0.00  0.00
  49607-031               1.00   0.09  0.00  0.00  0.00  0.83  0.00  0.09  0.83  0.00
  26262-615               1.00   0.09  0.00  0.00  0.00  0.00  0.00  0.91  0.00  0.00
  21731-666               1.00   0.09  0.00  0.00  0.00  0.00  0.00  0.91  0.00  0.00
  24666-668               1.00   0.09  0.09  0.00  0.82  0.00  0.00  0.00  0.82  0.00
  24668-669               1.00   0.09  0.00  0.00  0.00  0.00  0.00  0.91  0.00  0.00
  24669-030               1.00   0.09  0.00  0.00  0.83  0.00  0.00  0.09  0.83  0.00
  32030-370               1.00   0.09  0.91  0.00  0.00  0.00  0.00  0.00  0.00  0.00
  49370-368               1.00   0.09  0.00  0.00  0.00  0.00  0.00  0.91  0.00  0.00
  49375-712               1.00   0.09  0.00  0.00  0.00  0.00  0.00  0.91  0.00  0.00
  21712-710               1.00   0.09  0.00  0.00  0.00  0.00  0.00  0.91  0.00  0.00
  24658-664               1.00   0.09  0.00  0.00  0.00  0.00  0.00  0.91  0.00  0.00
  24664-030               1.00   0.09  0.00  0.00  0.00  0.82  0.00  0.09  0.82  0.00
  20328-330               1.00   0.08  0.09  0.00  0.84  0.00  0.00  0.00  0.84  0.00
  32452-769               1.00   0.08  0.00  0.00  0.00  0.00  0.00  0.92  0.00  0.00
  20327-424               1.00   0.08  0.08  0.00  0.84  0.00  0.00  0.00  0.84  0.00
  20424-426               1.00   0.08  0.92  0.00  0.00  0.00  0.00  0.00  0.00  0.00
  49596-452               1.00   0.08  0.92  0.00  0.00  0.00  0.00  0.00  0.00  0.00
  24663-664               1.00   0.09  0.00  0.00  0.00  0.00  0.00  0.91  0.00  0.00
  24582-668               1.00   0.09  0.00  0.00  0.00  0.00  0.00  0.91  0.00  0.00
  21734-902               1.00   0.09  0.00  0.00  0.00  0.00  0.00  0.91  0.00  0.00
  84902-666               1.00   0.09  0.00  0.00  0.00  0.00  0.00  0.91  0.00  0.00
  20365-367               1.00   0.08  0.09  0.00  0.83  0.00  0.00  0.00  0.83  0.00
  20367-361               1.00   0.07  0.93  0.00  0.00  0.00  0.00  0.00  0.00  0.00
  20667-662               1.00   0.09  0.91  0.00  0.00  0.00  0.00  0.00  0.00  0.00
  20662-661               1.00   0.09  0.00  0.00  0.00  0.00  0.00  0.91  0.00  0.00
  65753-731               1.00   0.07  0.00  0.00  0.00  0.00  0.00  0.93  0.00  0.00
  71731-256               1.00   0.07  0.07  0.00  0.80  0.05  0.00  0.00  0.05  0.00
  20677-674               1.00   0.09  0.00  0.00  0.00  0.00  0.00  0.91  0.00  0.00
  18309-307               1.00   0.07  0.10  0.00  0.83  0.00  0.00  0.00  0.02  0.00
  20375-374               1.00   0.08  0.92  0.00  0.00  0.00  0.00  0.00  0.00  0.00
  20374-372               1.00   0.07  0.00  0.00  0.81  0.02  0.00  0.10  0.83  0.00
  20372-395               1.00   0.07  0.06  0.00  0.00  0.87  0.00  0.00  0.87  0.00
  20395-397               1.00   0.07  0.93  0.00  0.00  0.00  0.00  0.00  0.00  0.00
  20397-367               1.00   0.07  0.09  0.00  0.84  0.00  0.00  0.00  0.84  0.00
  20376-377               1.00   0.08  0.92  0.00  0.00  0.00  0.00  0.00  0.00  0.00
  20377-374               1.00   0.08  0.92  0.00  0.00  0.00  0.00  0.00  0.00  0.00
  49409-707               1.00   0.09  0.00  0.00  0.00  0.00  0.00  0.91  0.00  0.00
  49378-712               1.00   0.09  0.00  0.00  0.00  0.00  0.00  0.91  0.00  0.00
  21713-409               1.00   0.09  0.00  0.00  0.00  0.00  0.00  0.91  0.00  0.00
  20359-361               1.00   0.07  0.93  0.00  0.00  0.00  0.00  0.00  0.00  0.00
  49414-378               1.00   0.09  0.00  0.00  0.00  0.00  0.00  0.91  0.00  0.00
  21735-902               1.00   0.09  0.00  0.00  0.00  0.00  0.00  0.91  0.00  0.00
  65751-221               1.00   0.07  0.00  0.00  0.00  0.00  0.00  0.93  0.00  0.00
  24581-735               1.00   0.09  0.00  0.00  0.00  0.00  0.00  0.91  0.00  0.00
  24571-572               1.00   0.09  0.00  0.00  0.00  0.00  0.00  0.91  0.00  0.00
  24572-735               1.00   0.09  0.00  0.00  0.00  0.00  0.00  0.91  0.00  0.00
  32454-452               1.00   0.08  0.92  0.00  0.00  0.00  0.00  0.00  0.00  0.00
  20665-662               1.00   0.09  0.91  0.00  0.00  0.00  0.00  0.00  0.00  0.00
  18296-97T               1.00   1.00  0.00  0.00  0.00  0.00  0.00  0.00  0.00  0.00
  18297T-298              1.00   0.07  0.93  0.00  0.00  0.00  0.00  0.00  0.00  0.00
  18298-299               1.00   0.07  0.93  0.00  0.00  0.00  0.00  0.00  0.00  0.00
  18300-302               1.00   0.07  0.93  0.00  0.00  0.00  0.00  0.00  0.00  0.00
  73606-370               1.00   0.09  0.91  0.00  0.00  0.00  0.00  0.00  0.00  0.00
  73605-606               1.00   0.09  0.00  0.00  0.00  0.00  0.00  0.91  0.00  0.00
  73607-606               1.00   0.09  0.00  0.00  0.00  0.00  0.00  0.91  0.00  0.00
  21715-408               1.00   0.09  0.00  0.00  0.00  0.00  0.00  0.91  0.00  0.00
  49408-409               1.00   0.09  0.00  0.00  0.00  0.00  0.00  0.91  0.00  0.00
  67751-657               1.00   0.09  0.00  0.00  0.00  0.00  0.00  0.91  0.00  0.00
  20423B-424              1.00   0.08  0.08  0.00  0.01  0.83  0.00  0.00  0.84  0.00
  48893-892               1.00   0.07  0.07  0.00  0.86  0.00  0.00  0.00  0.86  0.00
  48892-561               1.00   0.07  0.00  0.00  0.87  0.00  0.00  0.06  0.00  0.00
  72561-672               1.00   0.07  0.93  0.00  0.00  0.00  0.00  0.00  0.00  0.00
  49672-98T               1.00   0.07  0.00  0.00  0.86  0.00  0.00  0.07  0.86  0.00
  18298T-298              1.00   0.07  0.04  0.00  0.89  0.00  0.00  0.00  0.89  0.00
  49602-601               1.00   0.08  0.00  0.00  0.00  0.00  0.00  0.92  0.00  0.00
  73616-580               1.00   0.09  0.29  0.00  0.63  0.00  0.00  0.00  0.63  0.00
  73580-669               1.00   0.09  0.00  0.00  0.00  0.00  0.00  0.91  0.00  0.00
  79432-433               1.00   0.09  0.00  0.00  0.00  0.00  0.00  0.91  0.00  0.00
  79433-367               1.00   0.09  0.00  0.00  0.00  0.00  0.00  0.91  0.00  0.00
  18297A-97T              1.00   0.07  0.00  0.00  0.00  0.86  0.00  0.07  0.86  0.00
  18156-163               1.00   0.07  0.00  0.00  0.85  0.00  0.00  0.08  0.85  0.00
  20368-397               1.00   0.07  0.93  0.00  0.00  0.00  0.00  0.00  0.00  0.00
  49622-620               1.00   0.09  0.00  0.00  0.00  0.00  0.00  0.91  0.00  0.00
  49620-619               1.00   0.09  0.91  0.00  0.00  0.00  0.00  0.00  0.00  0.00
  49619-365               1.00   0.09  0.00  0.00  0.00  0.00  0.00  0.91  0.00  0.00
  18164-168               1.00   1.00  0.00  0.00  0.00  0.00  0.00  0.00  0.00  0.00
  71736-734               1.00   0.07  0.00  0.00  0.00  0.84  0.00  0.09  0.84  0.00
  71734-163               1.00   1.00  0.00  0.00  0.00  0.00  0.00  0.00  0.00  0.00
  26261-605               1.00   0.09  0.00  0.00  0.00  0.00  0.00  0.91  0.00  0.00
  73609-606               1.00   0.09  0.00  0.00  0.00  0.00  0.00  0.91  0.00  0.00
  26259-261               1.00   0.09  0.00  0.00  0.00  0.00  0.00  0.91  0.00  0.00
  66254-657               1.00   0.09  0.00  0.00  0.00  0.00  0.00  0.91  0.00  0.00
  71735-734               1.00   0.07  0.00  0.00  0.00  0.84  0.00  0.09  0.84  0.00
  73610-609               1.00   0.09  0.00  0.00  0.00  0.00  0.00  0.91  0.00  0.00
  49630-620               1.00   0.09  0.00  0.00  0.00  0.00  0.00  0.91  0.00  0.00
  20385-395               1.00   0.08  0.06  0.00  0.87  0.00  0.00  0.00  0.87  0.00
  24575-572               1.00   0.09  0.00  0.00  0.00  0.00  0.00  0.91  0.00  0.00
  73582-580               1.00   0.09  0.28  0.00  0.63  0.00  0.00  0.00  0.63  0.00
  49251-253               1.00   0.07  0.00  0.00  0.00  0.00  0.00  0.93  0.00  0.00
  49253-234               1.00   0.07  0.93  0.00  0.00  0.00  0.00  0.00  0.00  0.00
  73619-575               1.00   0.09  0.00  0.00  0.00  0.00  0.00  0.91  0.00  0.00
  24576-575               1.00   0.09  0.00  0.00  0.00  0.00  0.00  0.91  0.00  0.00
  73641-378               1.00   0.10  0.00  0.00  0.00  0.00  0.00  0.90  0.00  0.00
  73549-545               1.00   0.09  0.00  0.00  0.00  0.00  0.00  0.91  0.00  0.00
  73545-408               1.00   0.09  0.00  0.00  0.00  0.00  0.00  0.91  0.00  0.00
  79434-433               1.00   0.09  0.00  0.00  0.00  0.00  0.00  0.91  0.00  0.00
  49252-253               1.00   0.07  0.00  0.00  0.00  0.00  0.00  0.93  0.00  0.00
  66195-372               1.00   0.07  0.00  0.00  0.79  0.04  0.00  0.09  0.83  0.00
  49259-433               1.00   0.07  0.05  0.00  0.87  0.00  0.00  0.00  0.00  0.00
  49433-431               1.00   0.07  0.10  0.00  0.83  0.00  0.00  0.00  0.83  0.00
  49431-427               1.00   0.07  0.09  0.00  0.00  0.84  0.00  0.00  0.84  0.00
  49427-438               1.00   0.07  0.06  0.00  0.79  0.09  0.00  0.00  0.13  0.00
  49438-437               1.00   0.07  0.93  0.00  0.00  0.00  0.00  0.00  0.00  0.00
  49437-436               1.00   0.07  0.09  0.00  0.84  0.00  0.00  0.00  0.84  0.00
  49436-680               1.00   0.07  0.04  0.00  0.89  0.00  0.00  0.00  0.89  0.00
  49680-678               1.00   0.07  0.07  0.00  0.00  0.86  0.00  0.00  0.86  0.00
  49678-676               1.00   0.07  0.20  0.00  0.73  0.00  0.00  0.00  0.73  0.00
  49676-561               1.00   0.07  0.05  0.00  0.88  0.00  0.00  0.00  0.03  0.00
  20380-377               1.00   0.08  0.92  0.00  0.00  0.00  0.00  0.00  0.00  0.00
  73583-582               1.00   0.09  0.00  0.00  0.00  0.00  0.00  0.91  0.00  0.00
  73110-98T               1.00   1.00  0.00  0.00  0.00  0.00  0.00  0.00  0.00  0.00
  73585-582               1.00   0.09  0.00  0.00  0.00  0.00  0.00  0.91  0.00  0.00
  49430-098               1.00   1.00  0.00  0.00  0.00  0.00  0.00  0.00  0.00  0.00
  69098-422               1.00   0.07  0.10  0.00  0.83  0.00  0.00  0.00  0.83  0.00
  49422-419               1.00   0.07  0.50  0.00  0.42  0.00  0.00  0.00  0.42  0.00
  49419-417               1.00   0.07  0.10  0.00  0.00  0.83  0.00  0.00  0.83  0.00
  49417-436               1.00   0.07  0.93  0.00  0.00  0.00  0.00  0.00  0.00  0.00
  51835-838               1.00   0.09  0.00  0.00  0.00  0.00  0.00  0.91  0.00  0.00
  51838-261               1.00   0.09  0.00  0.00  0.00  0.00  0.00  0.91  0.00  0.00
  73584-585               1.00   0.09  0.00  0.00  0.00  0.00  0.00  0.91  0.00  0.00
  51834-882               1.00   0.09  0.00  0.00  0.00  0.00  0.00  0.91  0.00  0.00
  51882-879               1.00   0.09  0.00  0.00  0.00  0.00  0.00  0.91  0.00  0.00
  51879-838               1.00   0.09  0.00  0.00  0.00  0.00  0.00  0.91  0.00  0.00
  18079-230               1.00   0.07  0.00  0.00  0.86  0.00  0.00  0.06  0.00  0.00
  65757-669               1.00   0.09  0.00  0.00  0.00  0.00  0.00  0.91  0.00  0.00
  49629-622               1.00   0.09  0.00  0.00  0.00  0.00  0.00  0.91  0.00  0.00
  73586-585               1.00   0.09  0.00  0.00  0.00  0.00  0.00  0.91  0.00  0.00
  73598-599               1.00   0.09  0.00  0.00  0.00  0.00  0.00  0.91  0.00  0.00
  73599-757               1.00   0.09  0.00  0.00  0.00  0.00  0.00  0.91  0.00  0.00
  73588-586               1.00   0.09  0.00  0.00  0.00  0.00  0.00  0.91  0.00  0.00
  73612-609               1.00   0.09  0.00  0.00  0.00  0.00  0.00  0.91  0.00  0.00
  73613-612               1.00   0.09  0.00  0.00  0.00  0.00  0.00  0.91  0.00  0.00
  18064-419               1.00   0.07  0.00  0.00  0.42  0.00  0.00  0.51  0.00  0.00
  18065-422               1.00   0.07  0.10  0.00  0.83  0.00  0.00  0.00  0.83  0.00
  73547-545               1.00   0.09  0.00  0.00  0.00  0.00  0.00  0.91  0.00  0.00
  51880-879               1.00   0.09  0.00  0.00  0.00  0.00  0.00  0.91  0.00  0.00
  49625-622               1.00   0.09  0.00  0.00  0.00  0.00  0.00  0.91  0.00  0.00
  18068-234               1.00   0.07  0.10  0.00  0.83  0.00  0.00  0.00  0.83  0.00
  73615-612               1.00   0.09  0.00  0.00  0.00  0.00  0.00  0.91  0.00  0.00
  51881-882               1.00   0.09  0.00  0.00  0.00  0.00  0.00  0.91  0.00  0.00
  49633-619               1.00   0.09  0.00  0.00  0.00  0.00  0.91  0.00  0.00  0.00
  18070-892               1.00   0.07  0.07  0.00  0.00  0.86  0.00  0.00  0.86  0.00
  73590-586               1.00   0.09  0.00  0.00  0.00  0.00  0.00  0.91  0.00  0.00
  73600-599               1.00   0.09  0.00  0.00  0.00  0.00  0.00  0.91  0.00  0.00
  73596-757               1.00   0.09  0.00  0.00  0.00  0.00  0.00  0.91  0.00  0.00
  73591-590               1.00   0.09  0.00  0.00  0.00  0.00  0.00  0.91  0.00  0.00
  73593-590               1.00   0.09  0.00  0.00  0.00  0.00  0.00  0.91  0.00  0.00
  18061-731               1.00   0.07  0.00  0.00  0.00  0.00  0.00  0.93  0.00  0.00
  73604-600               1.00   0.09  0.00  0.00  0.00  0.00  0.00  0.91  0.00  0.00
  18080-431               1.00   0.07  0.10  0.00  0.00  0.83  0.00  0.00  0.83  0.00
  73601-600               1.00   0.09  0.00  0.00  0.00  0.00  0.00  0.91  0.00  0.00
  49669-676               1.00   0.07  0.93  0.00  0.00  0.00  0.00  0.00  0.00  0.00
  49262-433               1.00   0.07  0.06  0.00  0.86  0.00  0.00  0.00  0.86  0.00
  69107-097               1.00   1.00  0.00  0.00  0.00  0.00  0.00  0.00  0.00  0.00
  18097-099               1.00   0.07  0.00  0.00  0.85  0.00  0.00  0.07  0.85  0.00
  18099-093               1.00   0.07  0.00  0.00  0.66  0.00  0.00  0.27  0.66  0.00
  18093-102               1.00   0.07  0.00  0.00  0.84  0.00  0.00  0.08  0.00  0.00
  18102-090               1.00   0.07  0.00  0.00  0.84  0.00  0.00  0.08  0.84  0.00
  18090-086               1.00   0.07  0.00  0.00  0.81  0.00  0.00  0.12  0.80  0.00
  18086-085               1.00   0.07  0.00  0.00  0.85  0.00  0.00  0.07  0.00  0.00
  18085-098               1.00   1.00  0.00  0.00  0.00  0.00  0.00  0.00  0.00  0.00
  49492-494               1.00   0.07  0.34  0.00  0.59  0.00  0.00  0.00  0.59  0.00
  49494-085               1.00   1.00  0.00  0.00  0.00  0.00  0.00  0.00  0.00  0.00
  18058-732               1.00   0.07  0.00  0.00  0.00  0.00  0.00  0.93  0.00  0.00
  18054-678               1.00   0.07  0.93  0.00  0.00  0.00  0.00  0.00  0.00  0.00
  18096-093               1.00   1.00  0.00  0.00  0.00  0.00  0.00  0.00  0.00  0.00
  69106-097               1.00   1.00  0.00  0.00  0.00  0.00  0.00  0.00  0.00  0.00
  18059-417               1.00   0.07  0.10  0.00  0.83  0.00  0.00  0.00  0.83  0.00
  49493-494               1.00   0.07  0.34  0.00  0.59  0.00  0.00  0.00  0.59  0.00
  45694-680               1.00   0.07  0.04  0.00  0.00  0.88  0.00  0.00  0.89  0.00
  18100-099               1.00   1.00  0.00  0.00  0.00  0.00  0.00  0.00  0.00  0.00
  18088-086               1.00   0.07  0.00  0.00  0.74  0.00  0.00  0.19  0.74  0.00
  18089-090               1.00   0.07  0.00  0.00  0.00  0.00  0.00  0.93  0.00  0.00
  69104-093               1.00   0.07  0.00  0.00  0.82  0.00  0.00  0.10  0.82  0.00
  18092-102               1.00   0.08  0.00  0.00  0.35  0.00  0.00  0.57  0.35  0.00
  46266-654               1.00   0.10  0.00  0.00  0.00  0.00  0.00  0.90  0.00  0.00
  1654-269                1.00   0.10  0.00  0.00  0.00  0.00  0.00  0.90  0.00  0.00
  46271-654               1.00   0.10  0.00  0.00  0.00  0.00  0.00  0.90  0.00  0.00
  46232-231               1.00   0.10  0.00  0.00  0.00  0.00  0.00  0.90  0.00  0.00
  6231-229                1.00   0.10  0.00  0.00  0.00  0.00  0.00  0.90  0.00  0.00
  01675-158               1.00   0.10  0.00  0.00  0.80  0.00  0.00  0.10  0.80  0.00
  46158-166               1.00   0.10  0.00  0.00  0.80  0.00  0.00  0.10  0.80  0.00
  46166-205               1.00   0.10  0.00  0.00  0.00  0.00  0.00  0.90  0.00  0.00
  6205-659                1.00   0.10  0.00  0.00  0.00  0.00  0.00  0.90  0.00  0.00
  01674-675               1.00   0.10  0.00  0.00  0.00  0.00  0.00  0.90  0.00  0.00
  46157-231               1.00   0.10  0.00  0.00  0.00  0.00  0.00  0.90  0.00  0.00
  46161-158               1.00   1.00  0.00  0.00  0.00  0.00  0.00  0.00  0.00  0.00
  46150-675               1.00   0.10  0.00  0.00  0.00  0.00  0.00  0.90  0.00  0.00
  46171-166               1.00   1.00  0.00  0.00  0.00  0.00  0.00  0.00  0.00  0.00
  6226-222                1.00   0.10  0.00  0.00  0.00  0.00  0.00  0.90  0.00  0.00
  01666-205               1.00   0.10  0.00  0.00  0.00  0.00  0.00  0.90  0.00  0.00
  1672-026                1.00   0.10  0.00  0.00  0.80  0.00  0.00  0.10  0.80  0.00
  1673-056                1.00   1.00  0.00  0.00  0.00  0.00  0.00  0.00  0.00  0.00
  9055-056                1.00   0.10  0.00  0.00  0.81  0.00  0.00  0.10  0.81  0.00
  18081-427               1.00   0.07  0.09  0.00  0.84  0.00  0.00  0.00  0.84  0.00
  49489-438               1.00   0.07  0.05  0.00  0.08  0.00  0.00  0.79  0.04  0.00
  49442-489               1.00   0.07  0.06  0.00  0.87  0.00  0.00  0.00  0.08  0.00
  18045-489               1.00   0.07  0.06  0.00  0.87  0.00  0.00  0.00  0.08  0.00
  6234-229                1.00   0.10  0.00  0.00  0.00  0.00  0.00  0.90  0.00  0.00
  HGS-SSO                 1.00   0.07  0.00  0.00  0.86  0.00  0.00  0.07  0.86  0.00
  73113BA-73              1.00   1.00  0.00  0.00  0.00  0.00  0.00  0.00  0.00  0.00
  73113AA-73              1.00   0.07  0.00  0.00  0.79  0.00  0.00  0.14  0.79  0.00
  18318W-731              1.00   0.07  0.04  0.00  0.00  0.89  0.00  0.00  0.89  0.00
  73112BA-73              1.00   1.00  0.00  0.00  0.00  0.00  0.00  0.00  0.00  0.00
  73112AA-73              1.00   0.07  0.00  0.00  0.80  0.00  0.00  0.13  0.80  0.00
  
  
  *************************
  Conduit Surcharge Summary
  *************************
  
  ----------------------------------------------------------------------------
                                                           Hours        Hours 
                         --------- Hours Full --------   Above Full   Capacity
  Conduit                Both Ends  Upstream  Dnstream   Normal Flow   Limited
  ----------------------------------------------------------------------------
  8889-888                    0.01      0.01     21.46      0.69         0.01
  8888-886                    0.01     21.46      0.01     21.47         0.01
  8886-884                    0.01      0.01      0.01      0.46         0.01
  8884-899                   20.24     20.33     20.24     20.42        20.24
  8899-963                    0.01     20.24      0.01     20.28         0.01
  8434-432                    0.01      0.01      0.01     19.11         0.01
  9226B-6AT                   0.01      0.01     19.77      0.01         0.01
  9226A-639                   0.01      0.01     15.95      0.01         0.01
  18465T-97T                  0.01      0.01      7.04      0.01         0.01
  48897T-13T                  0.01      0.01     20.50      0.01         0.01
  8907-908                   20.71     22.21     20.71     22.22         0.01
  8908-886                   20.69     20.71     20.69      0.02         0.01
  7949-888                   21.47     22.20     21.47      0.74         0.01
  8909-908                    0.01      0.01     20.71      1.51         0.01
  8904-884                    0.01      0.01     20.47      0.01         0.01
  8890-888                    0.01      0.01     21.47      0.01         0.01
  8892-896                    0.01     20.22      0.01     20.28         0.01
  8896-899                    0.01      0.01     20.33      0.02         0.01
  8910-896                    0.01      0.01     20.32      0.01         0.01
  8900-882                    0.01      0.01     21.32      0.01         0.01
  8882-881                   21.19     21.32     21.19      0.14         0.01
  8881-963                    0.01     21.19      0.01     21.19         0.01
  8878-881                    0.01      0.01     21.19      0.01         0.01
  8883-882                    0.01      0.01     21.32      0.01         0.01
  8705-231                    0.01      0.01     20.44      0.01         0.01
  2231-230                    0.01     20.44      0.01     20.46         0.01
  8645-657                    0.01      0.01     19.29      0.01         0.01
  3657-327                   19.29     19.29     20.28      0.01         0.01
  9327-326                   20.28     20.28     20.44     19.66        19.66
  9326-323                   20.21     20.44     20.21     20.46        20.21
  9323-324                    0.01     20.21      0.01     20.28         0.01
  6232-418                    0.01      0.01     20.60      0.01         0.01
  5418-422                    0.01      0.01     20.60      0.01         0.01
  5675-06T                    0.01      0.01     19.93      0.01         0.01
  6206T-203                   0.01     19.90      0.01     19.93         0.01
  6203-02T                    0.01      0.01     20.45      0.01         0.01
  6202T-657                   0.01      0.01     20.45      0.01         0.01
  6655-653                    0.01      0.01     20.67      0.01         0.01
  6653-643                    0.01      0.01     20.67      0.01         0.01
  6650T-649                   0.01      0.01     20.09      0.01         0.01
  6649-648                    0.01      0.01     20.09      0.01         0.01
  6648-647                    0.01      0.01     20.07      0.01         0.01
  6647-645                    0.01      0.01     20.07      0.01         0.01
  9058C-043                  21.32     21.92     21.32      0.64         0.01
  2043-074                   20.28     21.33     20.28     21.33        20.28
  9074-892                   20.27     20.28     20.27      0.23         0.19
  1594-797                    0.01     19.84      0.01     17.45         0.01
  2462-469                    0.01     17.98      0.01     19.87         0.01
  6836-479                    0.01      0.01     20.05      0.01         0.01
  1594A-594                   0.01      0.01     19.84      0.01         0.01
  2249-246                    0.01      0.01     19.33      0.01         0.01
  2246-245                    0.01      0.01     19.33      0.01         0.01
  2229-230                    0.01      0.01      0.01     18.69         0.01
  9071-043                   21.33     22.14     21.33     22.10         0.01
  7957-970                    0.01      0.01     21.25      0.68         0.01
  7970-972                    0.01     21.25      0.01     21.26         0.01
  8552-556                    0.01      0.01      0.01     21.84         0.01
  9066-068                    0.01     20.76      0.01     20.77         0.01
  7956-550                    0.01     22.09      0.01      0.91         0.01
  8550-541                    0.01      0.01     19.91      1.30         0.01
  8541-521                   19.91     20.92     19.91     20.92        19.91
  8521-534                    0.01     20.92      0.01     20.93         0.01
  8534-595                    0.01      0.01     20.24     20.41         0.01
  8595-960                   20.24     20.24     21.13      0.01         0.01
  7960-576                    0.01     21.19      0.01     21.19         0.01
  8576-588                    0.01      0.01      0.01      0.41         0.01
  8588-579                    0.01      0.01      0.01      0.41         0.01
  8579-505                    0.01      0.01     19.67      0.01         0.01
  8505-504                   20.70     20.81     20.70     20.82        20.70
  8504-592                   20.23     20.70     20.23      0.58         0.10
  8592-481                   19.90     19.90     20.32      0.01         0.01
  8481-483                   20.32     20.32     20.34      0.44         0.38
  8483-476                   19.88     20.34     19.88     20.40        19.88
  8476-475                    0.01     19.88      0.01     19.95         0.01
  8912-896                   20.32     22.13     20.32      1.82         0.01
  2247-246                    0.01      0.01      0.01      0.03         0.01
  8551-550                    0.01      0.01      0.01      1.07         0.01
  2034-814                    0.01      0.01     20.79      0.01         0.01
  8814-823                    0.01     20.79      0.01     20.80         0.01
  8558-970                    0.01      0.01     21.21      0.08         0.01
  8559-560                   21.59     21.59     21.66      0.01         0.01
  8560-564                    0.01     21.66      0.01     21.65         0.01
  8564-595                    0.01      0.01     20.24      0.50         0.01
  8538-534                    0.01      0.01      0.01     20.51         0.01
  6275-231                    0.01      0.01     20.44      0.01         0.01
  8519-521                   20.91     22.09     20.91      0.06         0.01
  8702-695                    0.01      0.01      0.01     20.59         0.01
  8695-690                    0.01      0.01      0.01     19.81         0.01
  2019-018                    0.01     21.08      0.01     21.08         0.01
  2018-012                    0.01      0.01     21.05      0.01         0.01
  2012-014                    0.01      0.01     20.28      0.01         0.01
  2014-024                    0.01     20.28      0.01      0.01         0.01
  2024-026                    0.01     20.29      0.01     20.30         0.01
  2026-159                    0.01      0.01     20.87      0.32         0.01
  9159-809                   20.87     20.87     20.89      0.01         0.01
  8809-811                    0.01     20.94      0.01     20.95         0.01
  8801-456                    0.01      0.01     19.64      0.01         0.01
  8456-454                    0.01     19.68      0.01     19.99         0.01
  8429-31T                    0.01      0.01     20.55      0.01         0.01
  8431T-431                   0.01      0.01     19.10      0.01         0.01
  2058B-112                  20.13     20.83     20.13     20.85        20.13
  9112-108                   19.97     20.13     19.97      0.17         0.01
  9108-050                   19.41     19.97     19.41      0.81         0.20
  2050-004                   19.41     19.41     19.42     19.25        19.25
  2004-073                    0.01     19.67      0.01     19.70         0.01
  2073-043                    0.01      0.01     15.19      0.01         0.01
  2043-819                    0.01      0.01      5.32      0.01         0.01
  8819-811                    0.01      0.01      9.27      0.01         0.01
  9079-014                    0.01      0.01     20.28      0.01         0.01
  7955-560                    0.01      0.01     21.66     22.14         0.01
  9082-018                    0.01      0.01     21.08      0.01         0.01
  8568-960                    0.01      0.01     21.19      0.02         0.01
  8567-564                    0.01      0.01      0.01      0.06         0.01
  8823-836                    0.01      0.01     20.86      0.01         0.01
  8834-866                    0.01      0.01      0.01     22.17         0.01
  2036-034                    0.01      0.01      0.01     22.09         0.01
  2006-004                   19.37     20.39     19.37     20.40        19.37
  9112T-112                  20.13     20.99     20.13     20.99        20.13
  1827-12T                    0.01      0.01     20.99      0.01         0.01
  2487-483                    0.01      0.01      0.01     20.86         0.01
  2483-472                    0.01      0.01      0.01     20.17         0.01
  8836-986                    0.01      0.01     20.86     20.77         0.01
  8831-830                    0.01      0.01      0.01     22.20         0.01
  8571-574                   20.74     22.15     20.74      0.03         0.01
  8574-576                    0.01     20.72      0.01      0.31         0.01
  2017-012                    0.01      0.01      0.01     22.08         0.01
  2037-026                    0.01      0.01      0.01      1.00         0.01
  8816-814                   20.78     21.86     20.78      1.21         0.01
  7974-849                    0.01      0.01      0.01     20.95         0.01
  8838-836                    0.01     21.99      0.01      1.38         0.01
  2481-483                    0.01      0.01      0.01      0.31         0.01
  2022-024                    0.01      0.01     20.29      0.01         0.01
  1850-014                    0.01      0.01     20.28      0.01         0.01
  2226-229                    0.01     21.64      0.01     21.65         0.01
  2016-009                    0.01      0.01      0.01     22.12         0.01
  8832-159                    0.01      0.01     20.87      1.27         0.01
  8522-527                    0.01     21.83      0.01      1.30         0.01
  8527-549                   20.39     20.67     20.39      0.33         0.03
  8549-437                    0.01     20.35      0.01     20.36         0.01
  7959-574                   20.74     21.15     20.74     21.15        20.74
  8542-549                    0.01      0.01     20.35      1.46         0.01
  2510-508                    0.01      0.01     20.96      0.01         0.01
  2480-479                    0.01      0.01     20.82      0.01         0.01
  1823-453                    0.01      0.01     21.39      0.58         0.01
  2453-100                   21.25     21.39     21.25      0.17         0.03
  9100-099                   21.22     21.25     21.22     21.25        21.22
  9099-095                   20.66     20.93     20.66     20.93        20.66
  9095-821                    0.01     20.66      0.01     20.66         0.01
  1821-164                    0.01      0.01     19.16      0.01         0.01
  9164-316                   20.69     20.74     20.70     20.70        20.69
  9316-655                    0.01     20.43      0.01     20.43         0.01
  0655-06T                    0.01      0.01     19.81      0.01         0.01
  2493-487                    0.01     21.90      0.01     21.93         0.01
  8817-809                   19.88     19.88     20.81      0.01         0.01
  8533-531                    0.01      0.01     20.91      1.23         0.01
  8531-527                   20.67     20.91     20.67      0.26         0.01
  2039-026                    0.01      0.01      0.01      0.87         0.01
  8839-844                    0.01     22.07      0.01     22.10         0.01
  2021-006                   20.38     21.02     20.38     21.02        20.38
  2452-453                    0.01      0.01     21.33      0.01         0.01
  9089-091                    0.01     22.05      0.01     22.05         0.01
  1835-833                    0.01      0.01     16.11      0.01         0.01
  1833-831                   16.11     16.11     20.19      4.05         0.01
  1831-829                    0.01     20.19      0.01     20.20         0.01
  8820-810                    0.01     21.29      0.01     21.29         0.01
  2572-569                    0.01      0.01     17.98      0.01         0.01
  8811-843                    0.01      0.01      0.01      6.02         0.01
  8859-862                    0.01     20.78      0.01     20.79         0.01
  2496-748                    0.01      0.01     20.25      0.01         0.01
  9101-100                   21.18     21.18     21.21      0.01         0.01
  8850-851                    0.01     22.24      0.01      1.17         0.01
  8851-436                    0.01      0.01      0.01     21.09         0.01
  8583-075                    0.01      0.01     21.31      0.82         0.01
  8586-588                   20.04     22.24     20.04      2.21         0.01
  2474-462                    0.01      0.01     17.98      0.01         0.01
  8594-531                   20.91     22.25     20.91     22.25         0.01
  2507-508                    0.01      0.01     20.96      0.01         0.01
  2489-496                    0.01     21.88      0.01     21.89         0.01
  7978-973                   18.37     21.28     18.37     21.28        18.37
  1822-099                   20.89     20.89     20.93      0.01         0.01
  8852-851                    0.01      0.01      0.01      1.12         0.01
  1849-848                    0.01     20.16      0.01     20.26         0.01
  1848-847                   20.16     20.16     20.26     19.71         0.01
  1847-846                   20.16     20.26     20.16      0.46         0.33
  1846-08T                   19.88     20.16     19.88     20.21        19.88
  7208T-638                  20.08     20.09     20.20     20.20        20.08
  0638-640                    0.01      0.01      0.01      0.34         0.01
  0640-653                    0.01      0.01     20.01      0.01         0.01
  8589-592                    0.01      0.01      0.01     22.12         0.01
  2075-582                    0.01     21.31      0.01     21.31         0.01
  8582-581                    0.01      0.01     20.66      0.13         0.01
  8581-579                   19.65     20.66     19.65     20.66        19.65
  8847-807                    0.01      0.01      0.01     16.21         0.01
  2044-043                    0.01      0.01      5.32      0.01         0.01
  8877-435                    0.01     21.97      0.01      0.01         0.01
  1840-050                    0.01      0.01     18.94      0.01         0.01
  2217-215                    0.01     21.70      0.01     21.71         0.01
  8229-075                    0.01      0.01     21.31      0.01         0.01
  7979-847                    0.01      0.01      0.01     22.19         0.01
  9160-002                    0.01     21.30      0.01     21.31         0.01
  2051-02T                    0.01      0.01     20.61      0.01         0.01
  8231-582                    0.01      0.01      0.01     22.19         0.01
  1836-833                    0.01      0.01     16.11      0.01         0.01
  8802-457                    0.01      0.01     19.55      0.01         0.01
  8457-456                   17.23     17.23     19.68      0.01         0.01
  8856-845                    0.01     22.06      0.01     22.08         0.01
  8230-756                   21.55     22.08     21.55      0.55         0.01
  1756-515                   20.81     21.55     20.81     21.55        20.81
  8515-22T                    0.01     20.81      0.01      0.08         0.01
  9222T-222                   0.01      0.01     20.19      0.55         0.01
  9222-224                    0.01     20.37      0.01     20.38         0.01
  9224-467                    0.01      0.01     19.69      0.01         0.01
  9163-164                    0.01      0.01     19.59      0.01         0.01
  8854-807                    0.01     22.21      0.01     22.21         0.01
  1832-831                    0.01      0.01     20.19      0.01         0.01
  9075-074                    0.01      0.01     21.53      0.01         0.01
  9074-061                   21.46     21.53     21.47     21.47        21.46
  1061-232                    0.01     21.20      0.01     21.20         0.01
  2055-160                   21.30     22.10     21.30      0.91         0.01
  8516-581                    0.01      0.01      0.01     22.14         0.01
  2076-452                    0.01      0.01     20.60      0.01         0.01
  1842B-840                   0.01      0.01     20.34      0.01         0.01
  8506-505                   20.69     20.69     20.70      0.01         0.01
  9076-074                    0.01      0.01     21.53      0.01         0.01
  8671-632                    0.01      0.01     18.14      0.15         0.01
  0635-08T                    0.01      0.01     20.09      0.01         0.01
  8452-417                   20.60     20.60     20.85     20.53         0.01
  8417-25T                    0.01     21.11      0.01     21.11         0.01
  8425T-453                   0.01      0.01      0.01     20.74         0.01
  8453-454                   19.36     19.36     20.33      0.01         0.01
  5813-762                    0.01     22.11      0.01     22.12         0.01
  1762-452                    0.01      0.01     20.13      0.01         0.01
  8480-481                    0.01      0.01      0.01     22.24         0.01
  3659-327                    0.01      0.01     20.30      0.01         0.01
  3624-644                    0.01      0.01     20.61     20.61         0.01
  8509-508                    0.01      0.01      0.01      1.54         0.01
  8508-506                   20.69     20.78     20.69     20.78        20.69
  8447-448                    0.01      0.01      0.01      0.63         0.01
  8448-25T                    0.01      0.01      0.01      0.90         0.01
  3665-657                    0.01      0.01     20.30      0.01         0.01
  6231-061                    0.01      0.01     21.20      0.01         0.01
  8457-453                    0.01     19.55      0.01     19.58         0.01
  4652-327                    0.01      0.01     20.30      0.01         0.01
  8371-756                    0.01      0.01     21.55      0.33         0.01
  1759B-759                  21.36     21.36     21.39     21.03         0.01
  1759-417                   21.11     21.39     21.11     21.39        21.11
  1757B-508                  20.78     20.78     21.12     21.10         0.01
  0290-655                    0.01      0.01      0.01     19.63         0.01
  1759A-759                  21.06     21.06     21.33     21.04        21.04
  8479-483                    0.01      0.01      0.01     22.17         0.01
  6160-640                    0.01      0.01      0.01     22.24         0.01
  4565-719                    0.01      0.01     17.22      0.02         0.01
  1719-554                   17.22     17.22     19.65      0.01         0.01
  3554-639                   19.65     19.65     20.22     19.66        19.64
  3639-343                   20.06     20.22     20.06      0.16         0.01
  9343-317                   20.06     20.06     20.08      0.01         0.01
  1317-356                   20.30     20.39     20.34     20.34        20.30
  49356-347                   0.01      0.01     19.75      0.01         0.01
  9346-035                    0.01      0.01     19.90      0.01         0.01
  8500-502                   20.83     20.83     21.03     21.02         0.01
  8502-476                   19.97     20.83     19.97      0.87         0.01
  4591-593                    0.01      0.01     21.12      0.01         0.01
  4593-594                   21.03     21.03     21.12     21.09         0.01
  6229-316                   20.43     20.87     20.43     20.90        20.43
  0786-785                    0.01      0.01      0.01     22.05         0.01
  0785-475                    0.01      0.01     18.07      0.01         0.01
  0288-290                    0.01      0.01      0.01      0.45         0.01
  6908-222                    0.01      0.01     20.36      0.01         0.01
  0286-288                    0.01      0.01      0.01     20.03         0.01
  8485B-483                   0.01     20.36      0.01     20.38         0.01
  8498-502                    0.01      0.01     20.83      1.42         0.01
  4701-700                    0.01      0.01     21.78     21.78         0.01
  8473-471                    0.01     20.33      0.01     20.33         0.01
  1353-351                    0.01      0.01      0.01     16.41         0.01
  1351-565                   16.25     16.25     16.45     16.45        16.25
  0289-288                    0.01     20.99      0.01     20.99         0.01
  1745-908                    0.01      0.01      0.01     22.29         0.01
  8445-430                    0.01     20.95      0.01     20.96         0.01
  8430-31T                    0.01      0.01     19.86      0.01         0.01
  5417-418                    0.01      0.01     19.96      0.01         0.01
  0280-286                   21.40     21.59     21.40     21.59        21.40
  8451-768                    0.01     22.21      0.01     22.25         0.01
  1770-768                    0.01     22.27      0.01     22.27         0.01
  1367-348                    0.01      0.01     15.83      0.01         0.01
  1348-351                   15.83     15.83     16.25      0.04         0.01
  8413-406                    0.01      0.01      0.01      1.46         0.01
  8406-649                    0.01     20.76      0.01     20.76         0.01
  0279-280                    0.01      0.01     21.59      0.01         0.01
  8430-2BD                    0.01      0.01     17.25      0.01         0.01
  8432B-432                   0.01      0.01     17.25      0.01         0.01
  9325-326                    0.01      0.01     20.47      0.01         0.01
  9528-989                    0.01      0.01     18.55      0.01         0.01
  0263-267                    0.01      0.01     21.14      0.01         0.01
  0267-272                   21.14     21.14     21.23      0.03         0.01
  0272-273                   20.97     21.29     20.97     21.30        20.97
  0273-101                    0.01     20.42      0.01     20.46         0.01
  2101-23T                    0.01      0.01     20.50      0.01         0.01
  0442-675                   18.87     19.81     18.95     18.95        18.87
  6246-258                    0.01      0.01     20.46      0.01         0.01
  6258-056                    0.01     20.46      0.01     20.46         0.01
  1055-528                   20.33     20.33     20.33     20.33        20.33
  1775-776                    0.01      0.01      0.01      0.58         0.01
  1776-453                    0.01      0.01      0.01     21.65         0.01
  0282-280                   20.90     20.90     21.59      0.01         0.01
  1783-776                    0.01      0.01      0.01      0.02         0.01
  3532-538                    0.01      0.01      0.01     20.53         0.01
  3538-377                    0.01      0.01     19.60      0.01         0.01
  1377-373                    0.01     19.73      0.01     19.73         0.01
  1373-371                    0.01      0.01     19.56      0.06         0.01
  1371-567                    0.01     19.56      0.01      0.38         0.01
  4567-726                    2.40     19.53      2.40     19.56         2.40
  21726-725                  18.92     18.92     19.64      0.01         0.01
  21328-330                   0.01      0.01     19.73      0.01         0.01
  9524-513                    0.01      0.01     18.47      0.01         0.01
  3531-532                    0.01      0.01      0.01     20.51         0.01
  0262-272                    0.01      0.01     21.29      0.01         0.01
  8386-515                   20.81     21.33     20.81     21.32        20.81
  8405-406                   20.76     20.97     20.76     20.98        20.76
  3561-323                    0.01      0.01     19.90      0.01         0.01
  1058-241                    0.01      0.01     21.11      0.01         0.01
  6241-530                   21.11     21.11     21.11     21.11        21.11
  9530-528                   20.66     21.01     20.66      0.36         0.01
  0296-297                   20.69     20.69     22.15     22.16         0.01
  0297-302                   20.60     20.69     20.60      0.10         0.01
  0302-303                   18.22     20.60     18.22     20.60        18.22
  0303-281                    0.01     18.22      0.01     18.23         0.01
  9281-273                    0.01      0.01     18.16      0.01         0.01
  6161-442                   19.81     19.88     19.81      0.41         0.33
  0605-606                    0.01      0.01      0.01     20.77         0.01
  6227-258                    0.01      0.01     20.47      0.01         0.01
  3634-554                    0.01      0.01     19.58      0.01         0.01
  0278-267                    0.01      0.01      0.01      0.01         0.01
  0441-161                   18.92     19.88     18.92     19.89        18.92
  6237-235                    0.01      0.01     20.62      0.01         0.01
  6235-530                    0.01      0.01     21.01     20.50         0.01
  3533-532                    0.01     21.61      0.01      1.16         0.01
  6219-606                    0.01      0.01      0.01     20.38         0.01
  6240-241                    0.01      0.01     21.03      0.01         0.01
  0440-441                    0.01     18.92      0.01      0.01         0.01
  0746-698                    0.01      0.01      0.01     21.95         0.01
  8382-389                    0.01      0.01     20.85      0.48         0.01
  8389-391                   20.25     20.85     20.25      0.63         0.01
  18391-317                  19.59     20.25     19.59      0.66         0.01
  18317-318                   0.01      0.01     20.98      0.01         0.01
  18318-18W                   0.01      0.01     20.66      0.01         0.01
  0697-696                    0.01      0.01     19.91      0.01         0.01
  1780-738                    0.01     22.25      0.01     22.26         0.01
  1368-367                    0.01      0.01     15.90      0.01         0.01
  8469-467                    0.01     22.12      0.01     22.13         0.01
  8342-605                   20.33     22.24     20.33      0.03         0.01
  8605-329                   19.26     19.26     20.33     19.28        19.26
  8329-328                   19.26     19.26     19.46      0.01         0.01
  8328-326                   19.45     19.46     19.45     19.47        19.45
  18326-317                   0.01     19.38      0.01     19.44         0.01
  8407-740                    0.01      0.01      0.01     21.76         0.01
  3809-40T                    0.01      0.01     19.14      0.01         0.01
  1777-738                    0.01      0.01      0.01     22.27         0.01
  9526-303                   20.46     20.65     20.46     20.65        20.46
  9303-219                    0.01     20.46      0.01      0.01         0.01
  3636-639                    0.01      0.01     20.22      0.01         0.01
  8398-397                    0.01     21.30      0.01      0.99         0.01
  8397-605                    0.01     20.33      0.01     21.23         0.01
  8381-382                    0.01     22.24      0.01      0.93         0.01
  9287-336                    0.01      0.01     21.00      0.01         0.01
  0336-297                   20.69     21.00     20.69      0.35         0.01
  6254-231                    0.01      0.01     20.06      0.01         0.01
  8380-379                   20.90     22.27     20.90      1.39         0.01
  8379-391                   20.25     20.90     20.25      0.69         0.01
  0444-161                    0.01      0.01      0.01     20.81         0.01
  0614-605                    0.01      0.01      0.01      0.31         0.01
  0718-526                   20.65     21.07     20.65     21.07        20.65
  1722-719                    0.01      0.01     17.22      0.01         0.01
  8388-389                    0.01      0.01     20.85      0.01         0.01
  0313-310                    0.01      0.01     21.16      0.01         0.01
  0310-309                    0.01     21.16      0.01     21.18         0.01
  0309-305                    0.01     20.13      0.01     20.13         0.01
  1721-554                    0.01      0.01     19.65      0.01         0.01
  1341-343                    0.01      0.01     20.05      0.01         0.01
  3664-397                    0.01      0.01      0.01      0.95         0.01
  0352-23T                    0.01      0.01     20.50      0.01         0.01
  0346-407                    0.01      0.01     19.30      0.77         0.01
  5407-408                    0.01      0.01     19.30      0.01         0.01
  5408-315                    0.01      0.01     20.21      0.01         0.01
  0315-309                   20.13     20.21     20.13     20.26        20.13
  0348-346                    0.01      0.01      0.01      1.12         0.01
  8378-379                    0.01      0.01     20.90      1.36         0.01
  0735-030                   19.87     19.87     21.08     19.89        19.85
  1030-702                    0.01      0.01     21.09      0.01         0.01
  1347-348                   15.83     21.68     15.83      5.91         0.01
  6255-235                    0.01      0.01     20.62      0.01         0.01
  1372-371                    0.01      0.01     19.56      0.01         0.01
  1375-373                    0.01      0.01      0.01      0.01         0.01
  1345-317                    0.01      0.01     20.26      0.01         0.01
  4556-680                    0.01      0.01     20.40      0.01         0.01
  0680-762                    0.01     20.40      0.01     20.41         0.01
  8603-605                    0.01      0.01     20.33      0.01         0.01
  6162-619                    0.01      0.01     20.88     20.87         0.01
  0344-340                    0.01      0.01     22.13      0.01         0.01
  1382-377                   19.73     21.63     19.73      1.91         0.01
  9288-303                    0.01      0.01     20.46      0.01         0.01
  5392-336                   21.00     21.86     21.00      0.94         0.01
  0720-718                    0.01      0.01     21.07      0.01         0.01
  0739-735                    0.01      0.01     19.84      0.01         0.01
  4568-567                    0.01      0.01     19.53      0.01         0.01
  0354-194                    0.01     22.12      0.01      0.01         0.01
  21383-392                   0.01      0.01     18.39      0.01         0.01
  3552-726                    0.01     18.92      0.01     18.92         0.01
  21723-725                   0.01      0.01     18.85      0.01         0.01
  0681-680                    0.01      0.01     20.40      0.01         0.01
  8494-6BT                    0.01      0.01      0.05      0.01         0.01
  25391-333                   0.01      0.01     16.01      0.01         0.01
  5410-310                    0.01      0.01     21.14      0.01         0.01
  8606-603                    0.01     21.95      0.01     22.22         0.01
  1396-552                    0.01      0.01     19.59      0.01         0.01
  0307-302                    0.01      0.01     20.48      0.01         0.01
  5391B-391                   0.01     22.07      0.01     22.08         0.01
  8376-328                    0.01      0.01     19.14      1.41         0.01
  8488-489                   21.18     21.18     21.38      1.12         0.01
  8489-490                    0.01     21.38      0.01     21.38         0.01
  9235-494                    0.01      0.01      0.01     22.26         0.01
  0314-315                    0.01      0.01     20.15      0.01         0.01
  18607-374                   0.01      0.01      0.01      2.56         0.01
  8374-376                   20.58     20.59     20.58     20.59        20.58
  20316-427                   0.01      0.01     20.33      0.01         0.01
  0733-735                    0.01      0.01     19.85      0.01         0.01
  0728-030                    0.01      0.01     21.09      0.01         0.01
  8322-326                    0.01      0.01     18.22      0.01         0.01
  0731-030                    0.01      0.01     21.09      0.01         0.01
  1750-489                    0.01      0.01     21.38      0.90         0.01
  8174T-177                   0.01      0.01     20.40      0.01         0.01
  9230-6AT                    0.01      0.01     20.59      0.01         0.01
  18184-74T                   0.01      0.01     20.46      0.01         0.01
  71782-230                  20.37     20.37     20.71     20.38        20.37
  21390-392                   0.01      0.01     19.54      0.01         0.01
  1081-602                   21.61     22.14     21.61     22.02         0.01
  18185-184                   0.01     22.23      0.01     22.24         0.01
  0685-686                   19.83     19.83     21.91      3.09         0.01
  0358-194                    0.01     22.04      0.01      0.04         0.01
  5405-407                   15.24     15.24     19.85      0.01         0.01
  18311-318                   0.01      0.01     20.98      0.01         0.01
  18372-374                   0.01      0.01     21.08      0.01         0.01
  73113T-12T                  0.01      0.01     20.71      0.01         0.01
  48895T-894                  0.01      0.01     21.12      0.01         0.01
  48894-299                   0.01      0.01     20.48      0.01         0.01
  18306-307                  19.43     19.44     19.44     19.44        19.43
  73112T-95T                  0.01      0.01     19.97      0.01         0.01
  18188-185                   0.01      0.01     19.76      0.01         0.01
  25404B-043                  0.01      0.01      0.01      0.03         0.01
  18314-307                   0.01     18.41      0.01     18.44         0.01
  18132-133                   0.01      0.01     20.61      0.01         0.01
  49247-168                   0.01      0.01      0.01     21.97         0.01
  20657-031                   0.01      0.01     19.83      0.01         0.01
  49607-031                   0.01      0.01     19.83      0.01         0.01
  24666-668                   0.01      0.01     19.72      0.01         0.01
  20328-330                   0.01      0.01     20.06      0.01         0.01
  20365-367                   0.01      0.01     20.04      0.01         0.01
  65753-731                   0.01     22.25      0.01     22.25         0.01
  71731-256                  19.28     19.28     20.51     19.29        19.28
  18309-307                  19.46     19.46     19.96     19.94        19.46
  20372-395                   0.01      0.01     20.83      0.01         0.01
  20397-367                   0.01      0.01     20.05      0.01         0.01
  65751-221                   0.01     21.99      0.01      0.01         0.01
  20423B-424                  0.01      0.01     20.14      0.01         0.01
  48892-561                  20.44     22.07     20.44      0.49         0.01
  49672-98T                   0.01      0.01     20.66      0.01         0.01
  18298T-298                  0.01      0.01     21.35      0.01         0.01
  73616-580                   0.01      0.01     15.03      0.01         0.01
  18297A-97T                  0.01      0.01     20.71      0.01         0.01
  18156-163                   0.01      0.01     20.38      0.01         0.01
  71736-734                   0.01      0.01     20.13      0.01         0.01
  71735-734                   0.01      0.01     20.13      0.01         0.01
  20385-395                   0.01      0.01     20.84      0.01         0.01
  49251-253                   0.01      0.01      0.01     22.24         0.01
  49252-253                   0.01     22.21      0.01     22.23         0.01
  49259-433                  20.89     20.89     20.94     20.90        20.89
  49427-438                  17.84     17.84     20.93     17.88        17.82
  49437-436                   0.01      0.01     20.13      0.01         0.01
  49436-680                   0.01      0.01     21.25      0.01         0.01
  49680-678                   0.01      0.01     20.69      0.01         0.01
  49678-676                   0.01      0.01     17.57      0.01         0.01
  49676-561                  20.35     20.35     21.17     20.41        20.35
  69098-422                   0.01      0.01     19.82      0.01         0.01
  49419-417                   0.01      0.01     19.99      0.01         0.01
  18079-230                  20.37     21.84     20.37      0.31         0.01
  18064-419                   0.01     22.13      0.01     22.17         0.01
  18068-234                   0.01      0.01     19.89      0.01         0.01
  18070-892                   0.01      0.01     20.70      0.01         0.01
  18061-731                   0.01     21.77      0.01     21.85         0.01
  18097-099                   0.01      0.01     20.44     22.13         0.01
  18099-093                   0.01      0.01     15.84      0.01         0.01
  18093-102                  20.27     22.20     20.27     22.21        20.27
  18090-086                   0.01      0.01     19.30      0.01         0.01
  18086-085                   0.01      0.01     20.49      0.01         0.01
  18058-732                   0.01      0.01      0.01     21.54         0.01
  18059-417                   0.01      0.01     19.99      0.01         0.01
  49493-494                   0.01      0.01     14.09      0.01         0.01
  18088-086                   0.01      0.01     17.69      0.01         0.01
  69104-093                   0.01      0.01     19.77      0.01         0.01
  18092-102                   0.01      0.01      8.37      0.01         0.01
  01675-158                   0.01      0.01     19.31      0.01         0.01
  46158-166                   0.01      0.01     19.20      0.01         0.01
  1672-026                    0.01      0.01     19.25      0.01         0.01
  18081-427                   0.01      0.01     20.16      0.01         0.01
  49489-438                  17.11     18.12     18.94     19.80        17.11
  49442-489                  18.94     18.94     20.92     18.95        18.94
  18045-489                   0.01     18.94      0.01     18.94         0.01
  HGS-SSO                     0.01      0.01     20.60      0.01         0.01
  73113AA-73                  0.01      0.01      0.01      0.01         0.01
  73112AA-73                  0.01      0.01      0.01      0.01         0.01
  
  
  ***************
  Pumping Summary
  ***************
  
  ---------------------------------------------------------------------------------------------------------
                                                  Min       Avg       Max     Total     Power    % Time Off
                        Percent   Number of      Flow      Flow      Flow    Volume     Usage    Pump Curve
  Pump                 Utilized   Start-Ups       CFS       CFS       CFS  10^6 gal     Kw-hr    Low   High
  ---------------------------------------------------------------------------------------------------------
  GS-P4                    0.00           0      0.00      0.00      0.00     0.000      0.00    0.0    0.0
  hgs1                     0.00           0      0.00      0.00      0.00     0.000      0.00    0.0    0.0
  tl1                      0.00           0      0.00      0.00      0.00     0.000      0.00    0.0    0.0
  

  Analysis begun on:  Wed Jul 22 13:55:37 2026
  Analysis ended on:  Wed Jul 22 13:57:15 2026
  Total elapsed time: 00:01:38