
  EPA STORM WATER MANAGEMENT MODEL - VERSION 5.2 (Build 5.2.4)
  ------------------------------------------------------------

  Kannon 1981/10/22 
  WARNING 04: minimum elevation drop used for Conduit 363
  WARNING 04: minimum elevation drop used for Conduit 400
  WARNING 04: minimum elevation drop used for Conduit 587a
  WARNING 04: minimum elevation drop used for Conduit K3-4
  WARNING 04: minimum elevation drop used for Conduit 713
  WARNING 04: minimum elevation drop used for Conduit 774
  WARNING 04: minimum elevation drop used for Conduit K31
  WARNING 04: minimum elevation drop used for Conduit 618
  WARNING 04: minimum elevation drop used for Conduit Pumpmasu
  
  ****************
  Analysis Options
  ****************
  Flow Units ............... CMS
  Process Models:
    Rainfall/Runoff ........ NO
    RDII ................... NO
    Snowmelt ............... NO
    Groundwater ............ NO
    Flow Routing ........... YES
    Ponding Allowed ........ NO
    Water Quality .......... NO
  Flow Routing Method ...... DYNWAVE
  Surcharge Method ......... EXTRAN
  Starting Date ............ 01/01/2001 00:00:00
  Ending Date .............. 01/02/2001 00:00:00
  Antecedent Dry Days ...... 0.0
  Report Time Step ......... 00:15:00
  Routing Time Step ........ 10.00 sec
  Variable Time Step ....... YES
  Maximum Trials ........... 100
  Number of Threads ........ 1
  Head Tolerance ........... 0.001000 m
  
  
  **************************        Volume        Volume
  Flow Routing Continuity        hectare-m      10^6 ltr
  **************************     ---------     ---------
  Dry Weather Inflow .......         0.000         0.000
  Wet Weather Inflow .......         0.000         0.000
  Groundwater Inflow .......         0.000         0.000
  RDII Inflow ..............         0.000         0.000
  External Inflow ..........        11.663       116.628
  External Outflow .........         0.258         2.581
  Flooding Loss ............        96.412       964.133
  Evaporation Loss .........         0.000         0.000
  Exfiltration Loss ........         0.000         0.000
  Initial Stored Volume ....         0.000         0.000
  Final Stored Volume ......         0.812         8.115
  Continuity Error (%) .....      -735.844
  
  
  *************************
  Highest Continuity Errors
  *************************
  Node K27.1 (100.00%)
  Node 3.1 (98.32%)
  Node 30.1 (86.39%)
  Node 33.1 (51.89%)
  Node 2.1 (47.35%)
  
  
  ***************************
  Time-Step Critical Elements
  ***************************
  Link K3-4 (99.57%)
  
  
  ********************************
  Highest Flow Instability Indexes
  ********************************
  Link 662a (7)
  Link K21 (7)
  Link K4-2a (7)
  Link K4-1 (7)
  Link K4-3 (7)
  
  
  *********************************
  Most Frequent Nonconverging Nodes
  *********************************
  Node OUT.2 (0.23%)
  Node 1026.1 (0.05%)
  Node K30a.1 (0.01%)
  Node masu (0.01%)
  Node OUT.1 (0.00%)
  
  
  *************************
  Routing Time Step Summary
  *************************
  Minimum Time Step           :     0.16 sec
  Average Time Step           :     0.74 sec
  Maximum Time Step           :    10.00 sec
  % of Time in Steady State   :     0.00
  Average Iterations per Step :     2.30
  % of Steps Not Converging   :     0.23
  Time Step Frequencies       :
     10.000 -  5.493 sec      :     0.04 %
      5.493 -  3.017 sec      :     0.07 %
      3.017 -  1.657 sec      :     0.99 %
      1.657 -  0.910 sec      :     1.92 %
      0.910 -  0.500 sec      :    96.98 %
  
  
  ******************
  Node Depth Summary
  ******************
  
  ---------------------------------------------------------------------------------
                                 Average  Maximum  Maximum  Time of Max    Reported
                                   Depth    Depth      HGL   Occurrence   Max Depth
  Node                 Type       Meters   Meters   Meters  days hr:min      Meters
  ---------------------------------------------------------------------------------
  K1.1                 JUNCTION     8.37     8.46    19.88     0  01:46        8.46
  K2.1                 JUNCTION     8.27     8.35    19.79     0  14:28        8.35
  K3.1                 JUNCTION     8.28     8.33    19.64     0  14:29        8.33
  K4.1                 JUNCTION     8.21     8.28    19.62     0  14:30        8.28
  K5.1                 JUNCTION     8.32     8.42    19.62     0  14:31        8.42
  K6.1                 JUNCTION     8.14     8.25    19.61     0  14:31        8.25
  K7.1                 JUNCTION     8.00     8.13    19.57     0  14:32        8.13
  K8.1                 JUNCTION     8.11     8.16    19.42     0  14:32        8.16
  K9.1                 JUNCTION     8.12     8.16    19.42     0  14:33        8.16
  K10.1                JUNCTION     8.09     8.13    19.40     0  14:33        8.13
  K11.1                JUNCTION     7.97     7.99    19.36     0  14:33        7.99
  K12.1                JUNCTION     7.91     7.95    19.30     0  14:34        7.95
  K13.1                JUNCTION     7.85     7.91    19.09     0  14:34        7.91
  K14.1                JUNCTION     7.75     7.81    18.86     0  14:34        7.81
  K15.1                JUNCTION     7.82     7.89    18.77     0  06:38        7.89
  K16.1                JUNCTION     7.82     7.91    18.72     0  06:37        7.91
  K16a.1               JUNCTION     7.80     7.91    18.68     0  07:21        7.91
  K17.1                JUNCTION     7.79     7.91    18.68     0  09:03        7.91
  K18.1                JUNCTION     7.86     8.00    18.68     0  07:44        8.00
  K19.1                JUNCTION     7.87     8.08    18.74     0  08:04        8.07
  K19a.1               JUNCTION     7.86     8.05    18.71     0  08:04        8.04
  K20.1                JUNCTION     7.89     8.01    18.69     0  08:25        8.01
  K21.1                JUNCTION     8.07     8.16    18.72     0  20:41        8.16
  K22.1                JUNCTION     8.11     8.24    18.75     0  22:17        8.22
  K23.1                JUNCTION     8.03     8.13    18.70     0  07:14        8.13
  K24.1                JUNCTION     7.94     8.02    18.67     0  07:33        8.02
  K25.1                JUNCTION     7.93     8.00    18.68     0  07:12        8.00
  K26.1                JUNCTION     0.00     0.00    11.84     0  00:00        0.00
  K27.1                JUNCTION     1.04     1.26    12.86     0  05:24        1.26
  K28.1                JUNCTION     7.31     8.01    18.90     0  05:03        8.00
  K29.1                JUNCTION     7.69     8.16    18.90     0  05:04        8.15
  K30.1                JUNCTION     8.16     8.33    18.90     0  05:02        8.32
  K30a.1               JUNCTION     8.54     8.72    18.90     0  05:02        8.72
  K31.1                JUNCTION     8.60     8.78    18.90     0  05:02        8.77
  Pump.1               JUNCTION     8.59     8.78    18.90     0  05:03        8.77
  K1-1.1               JUNCTION     8.05     8.07    18.93     0  04:01        8.07
  K1-2.1               JUNCTION     8.30     8.39    18.89     0  05:00        8.39
  K1-2a.1              JUNCTION     8.33     8.44    18.89     0  05:00        8.44
  K1-3.1               JUNCTION     8.28     8.41    18.89     0  05:00        8.41
  K1-3a.1              JUNCTION     8.27     8.41    18.89     0  05:08        8.41
  K1-4.1               JUNCTION     8.18     8.34    18.89     0  04:59        8.34
  K1-4a.1              JUNCTION     8.36     8.47    18.89     0  05:09        8.47
  K1-5.1               JUNCTION     8.38     8.47    18.89     0  05:46        8.47
  K1-6.1               JUNCTION     8.40     8.50    18.88     0  05:02        8.50
  K1-7.1               JUNCTION     8.35     8.48    18.89     0  05:01        8.48
  K1-8.1               JUNCTION     8.32     8.46    18.90     0  05:02        8.45
  K2-1.1               JUNCTION     7.82     7.84    18.67     0  16:36        7.84
  K2-2.1               JUNCTION     8.01     8.05    18.67     0  07:34        8.05
  K3-1.1               JUNCTION     8.44     8.47    18.68     0  07:26        8.47
  K3-2.1               JUNCTION     8.38     8.41    18.68     0  07:25        8.41
  K3-3.1               JUNCTION     8.07     8.12    18.68     0  07:25        8.12
  K3-4.1               JUNCTION     7.91     7.95    18.68     0  07:04        7.95
  K3-5.1               JUNCTION     7.91     7.95    18.68     0  07:04        7.95
  K3-6.1               JUNCTION     7.73     7.83    18.67     0  08:25        7.83
  K3-7.1               JUNCTION     7.95     8.06    18.67     0  10:28        8.06
  K4-1.1               JUNCTION     8.32     8.41    18.70     0  10:16        8.41
  K4-2.1               JUNCTION     8.12     8.24    18.70     0  10:29        8.24
  K4-2a.1              JUNCTION     8.14     8.27    18.70     0  11:18        8.27
  K4-3.1               JUNCTION     7.92     8.07    18.70     0  07:26        8.07
  K4-3a.1              JUNCTION     7.79     7.96    18.70     0  07:26        7.96
  K4-3b.1              JUNCTION     7.43     7.69    18.67     0  10:14        7.69
  K4-4.1               JUNCTION     7.52     7.77    18.68     0  08:48        7.77
  K4-5.1               JUNCTION     8.31     8.39    18.68     0  10:34        8.39
  K4-6.1               JUNCTION     8.19     8.26    18.68     0  07:24        8.26
  K5-1.1               JUNCTION     8.19     8.24    19.23     0  06:06        8.24
  K5-2.1               JUNCTION     8.19     8.26    18.86     0  15:50        8.26
  K5-3.1               JUNCTION     8.30     8.34    18.85     0  03:59        8.34
  K5-4.1               JUNCTION     8.15     8.17    18.71     0  03:27        8.17
  1.1                  JUNCTION    11.31    11.31    23.76     0  00:37       11.31
  1a.1                 JUNCTION    11.11    11.12    23.70     0  00:37       11.12
  1b.1                 JUNCTION    11.08    11.13    23.64     0  00:38       11.11
  1c.1                 JUNCTION    11.24    11.29    23.62     0  00:38       11.29
  2.1                  JUNCTION    10.95    11.06    23.63     0  01:03       11.05
  3.1                  JUNCTION     9.68    11.08    23.62     0  06:48       11.08
  4.1                  JUNCTION     0.00     0.00    12.44     0  00:00        0.00
  5.1                  JUNCTION     0.00     0.00    12.48     0  00:00        0.00
  6.1                  JUNCTION     0.00     0.00    12.26     0  00:00        0.00
  9.1                  JUNCTION     0.00     0.00    11.79     0  00:00        0.00
  14.1                 JUNCTION     0.00     0.00    11.50     0  00:00        0.00
  30.1                 JUNCTION     8.64     8.75    20.15     0  01:09        8.74
  33.1                 JUNCTION     8.65     8.72    20.15     0  01:11        8.72
  40.1                 JUNCTION     9.30     9.30    20.54     0  01:55        9.30
  40a.1                JUNCTION     9.12     9.13    20.52     0  01:55        9.13
  48.1                 JUNCTION     9.04     9.06    20.50     0  01:55        9.06
  51.1                 JUNCTION     8.91     8.95    20.43     0  01:55        8.95
  68.1                 JUNCTION     9.59     9.59    21.33     0  00:44        9.59
  70.1                 JUNCTION     9.46     9.47    21.23     0  00:45        9.47
  73.1                 JUNCTION     9.10     9.12    20.84     0  00:28        9.12
  77.1                 JUNCTION     8.98     9.01    20.57     0  01:05        9.01
  78.1                 JUNCTION     8.60     8.64    20.14     0  01:12        8.64
  81.1                 JUNCTION     8.52     8.58    20.13     0  01:13        8.58
  84.1                 JUNCTION     8.46     8.53    19.95     0  01:34        8.53
  108.1                JUNCTION     9.93     9.93    21.40     0  00:09        9.93
  109.1                JUNCTION     9.35     9.36    20.81     0  00:30        9.36
  111.1                JUNCTION     9.21     9.23    20.76     0  00:29        9.23
  119.1                JUNCTION     9.17     9.20    20.68     0  01:31        9.20
  123.1                JUNCTION     9.05     9.10    20.62     0  01:32        9.10
  127.1                JUNCTION     8.70     8.76    20.28     0  01:40        8.76
  134.1                JUNCTION     9.63     9.63    20.97     0  00:36        9.63
  136.1                JUNCTION     9.26     9.27    20.70     0  00:18        9.27
  140.1                JUNCTION     9.29     9.31    20.60     0  01:41        9.31
  149.1                JUNCTION     8.79     8.82    20.22     0  01:41        8.82
  172.1                JUNCTION    10.40    10.40    21.86     0  00:11       10.40
  172a.1               JUNCTION    10.10    10.11    21.52     0  00:23       10.11
  174.1                JUNCTION     9.64     9.66    20.93     0  00:53        9.66
  179.1                JUNCTION     9.35     9.39    20.71     0  00:55        9.39
  179a.1               JUNCTION     9.16     9.21    20.61     0  00:55        9.21
  179b.1               JUNCTION     9.04     9.11    20.51     0  00:59        9.11
  182.1                JUNCTION     9.82     9.82    21.44     0  00:23        9.82
  182a.1               JUNCTION     9.66     9.67    21.38     0  00:31        9.67
  183.1                JUNCTION     9.60     9.62    21.32     0  00:30        9.62
  194.1                JUNCTION     9.44     9.48    21.17     0  00:34        9.48
  202.1                JUNCTION     9.15     9.20    20.82     0  00:37        9.20
  209.1                JUNCTION     9.10     9.16    20.61     0  00:46        9.16
  214.1                JUNCTION     9.35     9.35    20.76     0  00:35        9.35
  215.1                JUNCTION     8.98     8.99    20.40     0  00:57        8.99
  215a.1               JUNCTION     9.25     9.26    20.40     0  00:58        9.26
  215b.1               JUNCTION     8.80     8.85    20.38     0  00:59        8.85
  216.1                JUNCTION     8.74     8.80    20.27     0  01:01        8.80
  216a.1               JUNCTION     8.69     8.76    20.14     0  01:04        8.76
  216b.1               JUNCTION     8.64     8.72    20.09     0  01:04        8.72
  216c.1               JUNCTION     8.55     8.63    20.00     0  01:09        8.63
  228.1                JUNCTION     8.92     8.92    20.02     0  00:27        8.92
  230.1                JUNCTION     8.71     8.71    19.86     0  00:43        8.71
  230a.1               JUNCTION     8.72     8.73    19.87     0  00:45        8.73
  230b.1               JUNCTION     8.45     8.48    19.71     0  00:55        8.48
  241.1                JUNCTION     8.92     8.93    20.15     0  00:33        8.93
  245.1                JUNCTION     8.72     8.73    20.00     0  01:47        8.73
  300.1                JUNCTION    10.27    10.27    21.38     0  00:16       10.27
  301.1                JUNCTION    10.03    10.04    21.28     0  00:17       10.04
  303.1                JUNCTION     9.75     9.77    21.19     0  00:26        9.77
  305.1                JUNCTION     9.55     9.59    21.01     0  00:47        9.59
  307.1                JUNCTION     9.29     9.36    20.56     0  02:43        9.36
  309.1                JUNCTION     8.86     8.94    20.33     0  02:43        8.94
  313.1                JUNCTION     9.01     9.12    20.25     0  02:43        9.12
  316.1                JUNCTION     8.93     9.08    20.17     0  01:13        9.08
  318.1                JUNCTION     8.82     8.99    20.09     0  01:44        8.99
  321.1                JUNCTION     8.68     8.90    20.07     0  01:44        8.90
  323.1                JUNCTION     8.60     8.88    20.03     0  01:54        8.87
  323a.1               JUNCTION     8.58     8.90    19.97     0  06:03        8.90
  327.1                JUNCTION     8.62     8.90    19.97     0  05:50        8.90
  352.1                JUNCTION     9.45     9.46    20.71     0  00:40        9.46
  359.1                JUNCTION     9.06     9.07    20.28     0  00:21        9.06
  363.1                JUNCTION     9.00     9.02    20.05     0  00:47        9.02
  365.1                JUNCTION     8.89     8.92    20.01     0  00:37        8.92
  371.1                JUNCTION     8.92     8.97    19.96     0  04:44        8.97
  377.1                JUNCTION     9.03     9.10    19.96     0  04:24        9.10
  378.1                JUNCTION     8.59     8.73    19.96     0  05:29        8.73
  398.1                JUNCTION     9.72     9.72    20.84     0  00:49        9.72
  400.1                JUNCTION     9.55     9.56    20.82     0  00:49        9.56
  402.1                JUNCTION     9.47     9.49    20.77     0  00:49        9.49
  404.1                JUNCTION     9.35     9.38    20.62     0  00:29        9.38
  407.1                JUNCTION     9.30     9.35    20.50     0  01:41        9.35
  409.1                JUNCTION     8.28     8.34    19.70     0  06:06        8.34
  412.1                JUNCTION     8.34     8.41    19.70     0  06:06        8.41
  420.1                JUNCTION     8.83     8.83    19.77     0  00:11        8.83
  422.1                JUNCTION     8.75     8.76    19.62     0  00:15        8.76
  427.1                JUNCTION     8.72     8.74    19.51     0  00:27        8.74
  433.1                JUNCTION     8.64     8.67    19.40     0  02:12        8.67
  440.1                JUNCTION     8.67     8.68    19.45     0  00:43        8.68
  453.1                JUNCTION     8.63     8.63    19.01     0  01:41        8.63
  454.1                JUNCTION     9.65     9.65    20.31     0  00:08        9.65
  456.1                JUNCTION     9.56     9.57    20.16     0  00:49        9.57
  458.1                JUNCTION     9.27     9.29    20.01     0  00:22        9.28
  458a.1               JUNCTION     9.09     9.12    19.75     0  00:42        9.12
  459.1                JUNCTION     9.01     9.05    19.64     0  00:42        9.05
  461.1                JUNCTION     8.99     9.05    19.55     0  00:50        9.05
  463.1                JUNCTION     8.80     8.87    19.42     0  00:56        8.87
  465.1                JUNCTION     8.72     8.81    19.30     0  00:58        8.81
  472.1                JUNCTION     8.56     8.66    19.12     0  01:10        8.66
  487.1                JUNCTION     8.47     8.60    18.97     0  01:13        8.60
  499.1                JUNCTION     8.47     8.52    18.90     0  02:08        8.52
  509.1                JUNCTION     8.55     8.56    19.19     0  00:14        8.56
  511.1                JUNCTION     8.57     8.57    19.06     0  01:41        8.57
  514.1                JUNCTION     8.44     8.45    18.88     0  02:07        8.45
  520.1                JUNCTION     9.44     9.44    19.70     0  00:24        9.44
  521.1                JUNCTION     9.07     9.08    19.34     0  00:15        9.08
  523.1                JUNCTION     8.88     8.89    19.11     0  01:31        8.89
  524.1                JUNCTION     8.31     8.34    18.71     0  07:49        8.34
  532.1                JUNCTION     8.32     8.36    18.69     0  07:49        8.36
  534.1                JUNCTION     8.26     8.31    18.68     0  08:28        8.31
  536.1                JUNCTION     8.40     8.47    18.68     0  08:29        8.47
  546.1                JUNCTION     8.25     8.25    18.71     0  00:05        8.25
  548.1                JUNCTION     8.33     8.34    18.68     0  07:24        8.34
  550.1                JUNCTION     8.33     8.35    18.68     0  07:46        8.35
  551.1                JUNCTION     9.47     9.47    19.97     0  00:13        9.47
  552.1                JUNCTION     9.16     9.16    19.58     0  01:41        9.16
  553.1                JUNCTION     9.14     9.16    19.55     0  01:41        9.16
  559.1                JUNCTION     8.86     8.89    19.41     0  01:41        8.89
  562.1                JUNCTION     8.47     8.52    19.05     0  00:44        8.52
  573.1                JUNCTION     8.35     8.41    18.97     0  03:57        8.41
  575.1                JUNCTION     8.31     8.39    18.97     0  06:52        8.39
  577.1                JUNCTION     8.24     8.34    18.96     0  06:50        8.34
  582.1                JUNCTION     8.33     8.49    19.00     0  21:32        8.49
  587.1                JUNCTION     8.34     8.49    18.97     0  06:51        8.49
  587a.1               JUNCTION     8.14     8.30    18.95     0  04:49        8.30
  587b.1               JUNCTION     8.08     8.27    18.94     0  04:46        8.27
  594.1                JUNCTION     7.83     8.05    18.89     0  04:49        8.05
  610.1                JUNCTION     8.02     8.18    18.70     0  08:52        8.18
  620.1                JUNCTION     8.47     8.47    18.89     0  00:13        8.47
  624.1                JUNCTION     8.46     8.47    18.81     0  00:30        8.47
  625.1                JUNCTION     8.50     8.52    18.81     0  00:31        8.51
  628.1                JUNCTION     8.36     8.40    18.70     0  10:33        8.40
  629.1                JUNCTION     8.38     8.44    18.70     0  10:34        8.44
  629a.1               JUNCTION     8.44     8.51    18.70     0  10:17        8.51
  632.1                JUNCTION     8.24     8.32    18.70     0  08:53        8.32
  634.1                JUNCTION     8.16     8.26    18.70     0  08:53        8.26
  640.1                JUNCTION     8.23     8.33    18.70     0  07:30        8.33
  651.1                JUNCTION     8.84     8.84    19.13     0  00:25        8.84
  654.1                JUNCTION     8.73     8.74    19.09     0  00:24        8.73
  655.1                JUNCTION     8.37     8.40    18.79     0  00:34        8.39
  662.1                JUNCTION     8.33     8.37    18.70     0  11:18        8.37
  662a.1               JUNCTION     8.32     8.40    18.71     0  10:15        8.40
  662b.1               JUNCTION     8.44     8.57    18.75     0  14:26        8.57
  686.1                JUNCTION     8.35     8.35    19.08     0  00:12        8.35
  689.1                JUNCTION     8.31     8.32    18.79     0  01:32        8.32
  704.1                JUNCTION     9.20     9.20    19.97     0  00:26        9.20
  707.1                JUNCTION     9.03     9.04    19.69     0  00:19        9.04
  710.1                JUNCTION     8.90     8.92    19.44     0  00:30        8.92
  711.1                JUNCTION     9.52     9.53    20.12     0  00:19        9.53
  713.1                JUNCTION     9.34     9.34    19.87     0  00:31        9.34
  714.1                JUNCTION     9.12     9.15    19.76     0  00:29        9.15
  716.1                JUNCTION     9.09     9.12    19.68     0  01:01        9.12
  722.1                JUNCTION     8.95     9.00    19.62     0  01:31        9.00
  726.1                JUNCTION     8.49     8.55    19.04     0  00:50        8.55
  728.1                JUNCTION     8.42     8.50    18.47     0  01:37        8.49
  740.1                JUNCTION     8.46     8.56    18.47     0  01:36        8.55
  742.1                JUNCTION     8.50     8.61    18.46     0  01:30        8.61
  743.1                JUNCTION     8.58     8.72    18.52     0  01:42        8.72
  743a.1               JUNCTION     8.45     8.72    18.69     0  01:45        8.71
  757.1                JUNCTION     8.97     8.97    18.92     0  00:16        8.97
  759.1                JUNCTION     8.62     8.64    18.59     0  02:35        8.63
  760.1                JUNCTION     8.47     8.49    18.56     0  02:34        8.49
  760a.1               JUNCTION     8.21     8.25    18.56     0  02:33        8.25
  772.1                JUNCTION     8.12     8.18    18.56     0  02:33        8.18
  774.1                JUNCTION     8.40     8.48    18.56     0  02:33        8.48
  783.1                JUNCTION     8.37     8.46    18.56     0  02:33        8.46
  783a.1               JUNCTION     8.37     8.47    18.56     0  02:34        8.47
  783b.1               JUNCTION     8.35     8.47    18.56     0  02:34        8.47
  784.1                JUNCTION     8.22     8.38    18.58     0  02:32        8.36
  791.1                JUNCTION     8.00     8.14    18.60     0  16:35        8.14
  793.1                JUNCTION     8.13     8.24    18.65     0  20:44        8.24
  807.1                JUNCTION    10.07    10.08    21.05     0  00:08       10.08
  808.1                JUNCTION     9.79     9.80    20.69     0  00:20        9.80
  809.1                JUNCTION     9.86     9.88    19.95     0  00:24        9.88
  811.1                JUNCTION     0.00     0.00    11.03     0  00:00        0.00
  814.1                JUNCTION     0.00     0.00    11.01     0  00:00        0.00
  823.1                JUNCTION     9.27     9.27    20.27     0  00:28        9.27
  828.1                JUNCTION     9.04     9.04    20.12     0  00:35        9.04
  829.1                JUNCTION     8.57     8.58    19.59     0  01:32        8.58
  845.1                JUNCTION     8.64     8.64    20.04     0  00:06        8.64
  848.1                JUNCTION     8.30     8.39    19.54     0  00:48        8.38
  852.1                JUNCTION     8.19     8.21    19.48     0  00:45        8.21
  854.1                JUNCTION     8.17     8.20    19.23     0  01:31        8.20
  856.1                JUNCTION     8.14     8.18    19.20     0  01:44        8.18
  858.1                JUNCTION     8.12     8.17    19.18     0  01:41        8.17
  869.1                JUNCTION     7.89     7.95    19.00     0  01:42        7.95
  876.1                JUNCTION     8.78     8.78    19.83     0  00:55        8.78
  878.1                JUNCTION     7.90     7.91    18.87     0  01:43        7.91
  895.1                JUNCTION     9.29     9.29    20.11     0  00:07        9.29
  895a.1               JUNCTION     9.01     9.02    19.42     0  02:38        9.02
  895b.1               JUNCTION     8.89     8.90    19.39     0  00:52        8.90
  899.1                JUNCTION     8.82     8.89    19.29     0  03:16        8.88
  901.1                JUNCTION     8.99     9.08    19.29     0  03:15        9.07
  905.1                JUNCTION     8.79     8.89    19.28     0  03:14        8.89
  905a.1               JUNCTION     8.46     8.60    19.28     0  03:14        8.60
  905b.1               JUNCTION     8.42     8.60    19.29     0  03:16        8.59
  912.1                JUNCTION    10.16    10.16    21.26     0  00:31       10.16
  913.1                JUNCTION     9.52     9.53    20.50     0  00:22        9.52
  914.1                JUNCTION     9.41     9.43    20.33     0  03:55        9.43
  915.1                JUNCTION     9.37     9.40    20.32     0  03:55        9.40
  915a.1               JUNCTION     9.27     9.33    20.32     0  03:56        9.33
  919.1                JUNCTION     8.86     8.93    20.31     0  03:58        8.93
  929.1                JUNCTION     8.97     8.97    20.28     0  05:46        8.97
  931.1                JUNCTION     9.10     9.10    20.28     0  03:58        9.10
  932.1                JUNCTION     8.70     8.73    20.26     0  03:59        8.73
  943.1                JUNCTION     8.40     8.44    19.88     0  03:59        8.44
  943a.1               JUNCTION     7.97     8.04    19.48     0  01:07        8.03
  947.1                JUNCTION     8.15     8.22    19.47     0  04:01        8.22
  960.1                JUNCTION     8.84     8.84    19.58     0  00:13        8.84
  960a.1               JUNCTION     8.91     8.92    19.48     0  00:51        8.92
  982.1                JUNCTION     8.68     8.71    18.89     0  05:26        8.71
  997.1                JUNCTION     8.40     8.41    19.06     0  00:12        8.40
  1005.1               JUNCTION     8.57     8.57    19.24     0  00:11        8.57
  1006.1               JUNCTION     8.33     8.34    18.89     0  05:00        8.34
  1012.1               JUNCTION     8.51     8.57    18.88     0  04:58        8.57
  1012a.1              JUNCTION     8.72     8.81    18.88     0  04:57        8.81
  1013.1               JUNCTION     9.21     9.22    19.56     0  00:13        9.22
  1014.1               JUNCTION     8.90     8.91    19.13     0  00:16        8.91
  1016.1               JUNCTION     8.59     8.61    19.05     0  00:32        8.61
  1018.1               JUNCTION     8.51     8.58    18.89     0  05:03        8.58
  1020.1               JUNCTION     8.46     8.57    18.89     0  05:04        8.57
  1024.1               JUNCTION     8.58     8.58    19.30     0  00:07        8.58
  1025.1               JUNCTION     8.44     8.45    19.08     0  00:55        8.45
  1026.1               JUNCTION     8.29     8.36    18.92     0  05:02        8.35
  1043.1               JUNCTION     9.53     9.53    21.26     0  00:13        9.53
  1044.1               JUNCTION     9.25     9.25    20.05     0  00:39        9.25
  1046.1               JUNCTION     8.78     8.80    19.64     0  00:44        8.80
  1047.1               JUNCTION     8.52     8.54    19.32     0  00:45        8.54
  1052.1               JUNCTION     8.09     8.39    18.92     0  05:01        8.36
  1053.1               JUNCTION     8.19     8.47    18.90     0  05:01        8.46
  1054.1               JUNCTION     7.95     8.50    18.90     0  05:01        8.49
  1056.1               JUNCTION     7.82     8.41    18.91     0  05:02        8.40
  1061.1               JUNCTION     7.87     8.49    18.90     0  05:04        8.48
  1065.1               JUNCTION     7.96     8.51    18.90     0  05:03        8.50
  1070.1               JUNCTION     8.06     8.53    18.90     0  05:01        8.53
  OUT.1                JUNCTION     5.87     5.87    17.87     0  00:33        5.87
  619                  JUNCTION    10.50    10.51    22.51     0  00:20       10.50
  621                  JUNCTION    10.49    10.50    22.50     0  00:20       10.50
  masu                 JUNCTION     8.58     8.78    18.90     0  05:03        8.77
  USUI2                JUNCTION     0.00     0.00     0.00     0  00:00        0.00
  USUI3                JUNCTION     0.00     0.00     0.00     0  00:00        0.00
  OSUI2                JUNCTION     0.00     0.00     0.00     0  00:00        0.00
  OSUI3                JUNCTION     0.00     0.00     0.00     0  00:00        0.00
  OUT.2                OUTFALL      0.00     0.00    12.00     0  00:00        0.00
  
  
  *******************
  Node Inflow Summary
  *******************
  
  -------------------------------------------------------------------------------------------------
                                  Maximum  Maximum                  Lateral       Total        Flow
                                  Lateral    Total  Time of Max      Inflow      Inflow     Balance
                                   Inflow   Inflow   Occurrence      Volume      Volume       Error
  Node                 Type           CMS      CMS  days hr:min    10^6 ltr    10^6 ltr     Percent
  -------------------------------------------------------------------------------------------------
  K1.1                 JUNCTION     0.000    0.060     0  01:35           0        4.97       0.433
  K2.1                 JUNCTION     0.000    0.090     0  01:46           0        7.46       0.292
  K3.1                 JUNCTION     0.000    0.120     0  14:28           0        9.97       0.433
  K4.1                 JUNCTION     0.000    0.120     0  14:29           0        9.93       0.243
  K5.1                 JUNCTION     0.000    0.120     0  14:30           0         9.9       0.338
  K6.1                 JUNCTION     0.000    0.120     0  14:30           0        9.87       0.231
  K7.1                 JUNCTION     0.000    0.120     0  14:31           0        9.85       0.176
  K8.1                 JUNCTION     0.000    0.210     0  14:32           0        17.3       0.156
  K9.1                 JUNCTION     0.000    0.240     0  14:32           0        19.8       0.089
  K10.1                JUNCTION     0.000    0.240     0  14:32           0        19.8       0.106
  K11.1                JUNCTION     0.000    0.270     0  14:33           0        22.3       0.108
  K12.1                JUNCTION     0.000    0.270     0  14:33           0        22.3       0.088
  K13.1                JUNCTION     0.000    0.270     0  14:34           0        22.3       0.055
  K14.1                JUNCTION     0.000    0.270     0  14:34           0        22.3       0.107
  K15.1                JUNCTION     0.000    0.270     0  14:34           0        22.3       0.246
  K16.1                JUNCTION     0.000    0.270     0  02:01           0        22.2       0.207
  K16a.1               JUNCTION     0.000    0.272     0  02:00           0        22.2       0.111
  K17.1                JUNCTION     0.000    0.285     0  08:26           0        22.1       0.130
  K18.1                JUNCTION     0.000    0.278     0  01:58           0        22.1       0.247
  K19.1                JUNCTION     0.000    0.642     0  08:04           0        24.9       0.293
  K19a.1               JUNCTION     0.000    0.815     0  08:04           0        28.5      -0.041
  K20.1                JUNCTION     0.000    1.340     0  08:04           0        58.6       0.325
  K21.1                JUNCTION     0.000    1.860     0  22:09           0        62.3       0.212
  K22.1                JUNCTION     0.000    2.833     0  21:42           0        73.8       0.179
  K23.1                JUNCTION     0.000    0.760     0  23:59           0          12       0.994
  K24.1                JUNCTION     0.000    0.363     0  07:13           0        8.43       1.083
  K25.1                JUNCTION     0.000    0.278     0  07:13           0        8.32       1.219
  K26.1                JUNCTION     0.000    0.000     0  00:00           0           0       0.000 ltr
  K27.1                JUNCTION     0.000    0.008     0  05:03           0     0.00147    1471.741 ltr
  K28.1                JUNCTION     0.000    0.094     0  02:55           0       0.508      72.998
  K29.1                JUNCTION     0.000    0.161     0  02:54           0           1      19.605
  K30.1                JUNCTION     0.000    0.360     0  02:20           0        5.45       4.726
  K30a.1               JUNCTION     0.000    4.944     0  02:19           0        13.5       1.644
  K31.1                JUNCTION     0.000    4.834     0  02:19           0        13.9       3.074
  Pump.1               JUNCTION     0.000    0.325     0  01:21           0        3.03      46.816
  K1-1.1               JUNCTION     0.000    0.090     1  00:00           0         7.5       0.203
  K1-2.1               JUNCTION     0.000    0.090     0  04:01           0        7.49       0.479
  K1-2a.1              JUNCTION     0.000    0.098     0  05:01           0        7.45       0.488
  K1-3.1               JUNCTION     0.000    0.104     0  05:12           0        7.42       0.476
  K1-3a.1              JUNCTION     0.000    0.108     0  05:12           0        7.38       0.490
  K1-4.1               JUNCTION     0.000    0.111     0  05:11           0        7.34       0.431
  K1-4a.1              JUNCTION     0.000    0.121     0  05:11           0        7.33       0.898
  K1-5.1               JUNCTION     0.000    0.154     0  05:10           0        9.84       0.644
  K1-6.1               JUNCTION     0.000    0.358     0  05:08           0        16.5       0.410
  K1-7.1               JUNCTION     0.000    0.268     0  05:06           0        8.62       1.892
  K1-8.1               JUNCTION     0.000    0.352     0  05:07           0        7.65       2.837
  K2-1.1               JUNCTION     0.000    0.090     0  02:35           0        7.58       0.235
  K2-2.1               JUNCTION     0.000    0.090     0  20:14           0        7.56       0.701
  K3-1.1               JUNCTION     0.000    0.286     0  17:50           0        21.7       0.679
  K3-2.1               JUNCTION     0.000    0.301     0  17:27           0        24.1       0.540
  K3-3.1               JUNCTION     0.000    0.389     0  15:03           0        31.1       0.523
  K3-4.1               JUNCTION     0.000    0.390     0  15:53           0        30.8       0.280
  K3-5.1               JUNCTION     0.000    0.416     0  15:06           0        33.3       0.311
  K3-6.1               JUNCTION     0.000    0.417     0  22:15           0        33.2       0.456
  K3-7.1               JUNCTION     0.000    0.419     0  23:26           0        33.1       0.533
  K4-1.1               JUNCTION     0.000    0.127     0  19:23           0        7.31       0.254
  K4-2.1               JUNCTION     0.000    0.132     0  12:23           0        7.22       0.311
  K4-2a.1              JUNCTION     0.000    0.141     0  01:43           0        7.21       0.352
  K4-3.1               JUNCTION     0.000    0.133     0  07:31           0        7.19       0.159
  K4-3a.1              JUNCTION     0.000    0.126     0  12:26           0        7.17       0.220
  K4-3b.1              JUNCTION     0.000    0.097     0  19:46           0        7.14       0.150
  K4-4.1               JUNCTION     0.000    0.091     0  17:17           0        7.14       0.238
  K4-5.1               JUNCTION     0.000    0.099     0  02:22           0        7.25       1.729
  K4-6.1               JUNCTION     0.000    0.130     0  00:53           0        7.33       1.560
  K5-1.1               JUNCTION     0.000    0.113     0  06:06           0        9.29       0.187
  K5-2.1               JUNCTION     0.000    0.176     0  15:50           0        10.2       0.184
  K5-3.1               JUNCTION     0.000    0.300     0  15:51           0        12.7       0.191
  K5-4.1               JUNCTION     0.000    0.200     0  03:59           0        14.4       0.119
  1.1                  JUNCTION     0.030    0.030     0  00:00        2.59        2.59       0.665
  1a.1                 JUNCTION     0.000    0.030     0  00:45           0        2.57       0.565
  1b.1                 JUNCTION     0.000    0.034     0  00:35           0        2.56       0.679
  1c.1                 JUNCTION     0.000    0.041     0  00:38           0        2.54       0.769
  2.1                  JUNCTION     0.000    0.009     0  01:02           0       0.028      89.922
  3.1                  JUNCTION     0.000    0.001     0  01:03           0      0.0132    5845.284
  4.1                  JUNCTION     0.000    0.000     0  00:00           0           0       0.000 ltr
  5.1                  JUNCTION     0.000    0.000     0  00:00           0           0       0.000 ltr
  6.1                  JUNCTION     0.000    0.000     0  00:00           0           0       0.000 ltr
  9.1                  JUNCTION     0.000    0.000     0  00:00           0           0       0.000 ltr
  14.1                 JUNCTION     0.000    0.000     0  00:00           0           0       0.000 ltr
  30.1                 JUNCTION     0.000    0.014     0  01:04           0      0.0134     634.959
  33.1                 JUNCTION     0.000    0.017     0  00:49           0      0.0295     107.877
  40.1                 JUNCTION     0.030    0.030     0  00:00        2.59        2.59       0.809
  40a.1                JUNCTION     0.000    0.030     0  00:26           0        2.57       0.582
  48.1                 JUNCTION     0.000    0.030     0  00:25           0        2.56       0.518
  51.1                 JUNCTION     0.000    0.030     0  02:15           0        2.54       0.511
  68.1                 JUNCTION     0.030    0.030     0  00:00        2.59        2.59       0.524
  70.1                 JUNCTION     0.000    0.030     0  00:16           0        2.58       0.541
  73.1                 JUNCTION     0.000    0.030     0  01:56           0        2.56       0.508
  77.1                 JUNCTION     0.000    0.030     0  00:28           0        2.55       0.548
  78.1                 JUNCTION     0.000    0.061     0  01:12           0        5.07       0.351
  81.1                 JUNCTION     0.000    0.061     0  01:12           0        5.02       0.301
  84.1                 JUNCTION     0.000    0.061     0  01:13           0        5.01       0.730
  108.1                JUNCTION     0.030    0.030     0  00:00        2.59        2.59       0.500
  109.1                JUNCTION     0.000    0.030     0  00:09           0        2.58       0.577
  111.1                JUNCTION     0.000    0.030     0  00:22           0        2.56       0.499
  119.1                JUNCTION     0.000    0.031     0  00:30           0        2.55       0.565
  123.1                JUNCTION     0.000    0.030     0  00:38           0        2.54       0.565
  127.1                JUNCTION     0.000    0.030     0  02:08           0        2.52       0.508
  134.1                JUNCTION     0.030    0.030     0  00:00        2.59        2.59       0.589
  136.1                JUNCTION     0.000    0.030     0  01:04           0        2.58       0.494
  140.1                JUNCTION     0.000    0.030     0  00:24           0        2.56       0.707
  149.1                JUNCTION     0.000    0.030     0  01:56           0        2.55       0.512
  172.1                JUNCTION     0.030    0.030     0  00:00        2.59        2.59       0.524
  172a.1               JUNCTION     0.000    0.030     0  00:12           0        2.58       0.526
  174.1                JUNCTION     0.000    0.030     0  00:23           0        2.56       0.523
  179.1                JUNCTION     0.000    0.030     0  01:58           0        2.55       0.544
  179a.1               JUNCTION     0.000    0.030     0  02:21           0        2.54       0.521
  179b.1               JUNCTION     0.000    0.030     0  00:48           0        2.52       0.559
  182.1                JUNCTION     0.030    0.030     0  00:00        2.59        2.59       0.550
  182a.1               JUNCTION     0.000    0.031     0  00:15           0        2.58       0.520
  183.1                JUNCTION     0.000    0.030     0  00:23           0        2.56       0.555
  194.1                JUNCTION     0.000    0.030     0  00:31           0        2.55       0.502
  202.1                JUNCTION     0.000    0.030     0  00:34           0        2.54       0.461
  209.1                JUNCTION     0.000    0.030     0  00:38           0        2.53       0.473
  214.1                JUNCTION     0.030    0.030     0  00:00        2.59        2.59       0.550
  215.1                JUNCTION     0.000    0.090     0  00:53           0         7.6       0.189
  215a.1               JUNCTION     0.000    0.094     0  00:51           0        7.59       0.457
  215b.1               JUNCTION     0.000    0.092     0  00:56           0        7.55       0.213
  216.1                JUNCTION     0.000    0.091     0  00:59           0        7.54       0.205
  216a.1               JUNCTION     0.000    0.090     0  01:01           0        7.52       0.190
  216b.1               JUNCTION     0.000    0.090     0  01:04           0        7.51       0.204
  216c.1               JUNCTION     0.000    0.090     0  01:07           0        7.49       0.195
  228.1                JUNCTION     0.030    0.030     0  00:00        2.59        2.59       0.538
  230.1                JUNCTION     0.000    0.030     0  00:28           0        2.58       0.406
  230a.1               JUNCTION     0.000    0.034     0  00:13           0        2.57       0.691
  230b.1               JUNCTION     0.000    0.030     0  00:48           0        2.55       0.399
  241.1                JUNCTION     0.030    0.030     0  00:00        2.59        2.59       0.576
  245.1                JUNCTION     0.000    0.030     0  00:34           0        2.58       0.718
  300.1                JUNCTION     0.030    0.030     0  00:00        2.59        2.59       0.586
  301.1                JUNCTION     0.000    0.031     0  00:15           0        2.02       0.708
  303.1                JUNCTION     0.000    0.024     0  00:17           0        2.01       0.618
  305.1                JUNCTION     0.000    0.024     0  00:26           0        1.99       0.724
  307.1                JUNCTION     0.000    0.024     0  00:47           0        1.98       0.962
  309.1                JUNCTION     0.000    0.023     1  00:00           0        1.96       0.630
  313.1                JUNCTION     0.000    0.024     0  01:05           0        1.95       0.594
  316.1                JUNCTION     0.000    0.023     0  03:45           0        1.94       0.562
  318.1                JUNCTION     0.000    0.025     0  01:13           0        1.93       0.859
  321.1                JUNCTION     0.000    0.024     0  01:46           0        1.91       0.741
  323.1                JUNCTION     0.000    0.024     0  01:46           0         1.9       0.814
  323a.1               JUNCTION     0.000    0.027     0  01:57           0        1.88       0.766
  327.1                JUNCTION     0.000    0.031     0  01:59           0        1.88       0.885
  352.1                JUNCTION     0.030    0.030     0  00:00        2.59        2.59       0.566
  359.1                JUNCTION     0.000    0.030     0  02:26           0        2.58       0.533
  363.1                JUNCTION     0.000    0.031     0  00:22           0        2.56       0.463
  365.1                JUNCTION     0.000    0.030     0  00:50           0        2.55       0.523
  371.1                JUNCTION     0.000    0.030     0  00:37           0        2.54       1.373
  377.1                JUNCTION     0.000    0.035     0  01:10           0         2.5       1.927
  378.1                JUNCTION     0.000    0.053     0  03:52           0        4.32       0.626
  398.1                JUNCTION     0.030    0.030     0  00:00        2.59        2.59       0.570
  400.1                JUNCTION     0.000    0.031     0  00:14           0        2.58       0.501
  402.1                JUNCTION     0.000    0.030     0  00:22           0        2.56       0.473
  404.1                JUNCTION     0.000    0.030     0  01:46           0        2.55       0.470
  407.1                JUNCTION     0.000    0.030     0  00:29           0        2.54       0.588
  409.1                JUNCTION     0.000    0.083     0  05:34           0        6.81       0.278
  412.1                JUNCTION     0.000    0.083     0  05:36           0        6.79       0.335
  420.1                JUNCTION     0.030    0.030     0  00:00        2.59        2.59       0.488
  422.1                JUNCTION     0.000    0.030     0  00:14           0        2.58       0.443
  427.1                JUNCTION     0.000    0.030     0  00:15           0        2.57       0.523
  433.1                JUNCTION     0.000    0.030     0  00:27           0        2.55       1.247
  440.1                JUNCTION     0.030    0.030     0  00:00        2.59        2.59       0.489
  453.1                JUNCTION     0.030    0.030     0  00:00        2.59        2.59       0.727
  454.1                JUNCTION     0.030    0.030     0  00:00        2.59        2.59       0.478
  456.1                JUNCTION     0.000    0.030     0  00:08           0        2.58       0.574
  458.1                JUNCTION     0.000    0.030     0  02:35           0        2.56       0.462
  458a.1               JUNCTION     0.000    0.030     0  00:23           0        2.55       0.477
  459.1                JUNCTION     0.000    0.030     0  00:35           0        2.54       0.463
  461.1                JUNCTION     0.000    0.030     0  00:42           0        2.53       0.599
  463.1                JUNCTION     0.000    0.030     0  00:50           0        2.51       0.493
  465.1                JUNCTION     0.000    0.030     0  00:57           0         2.5       0.469
  472.1                JUNCTION     0.000    0.030     0  00:58           0        2.49       0.580
  487.1                JUNCTION     0.000    0.030     0  01:11           0        2.48       0.477
  499.1                JUNCTION     0.000    0.030     0  01:14           0        2.48       0.541
  509.1                JUNCTION     0.030    0.030     0  00:00        2.59        2.59       0.473
  511.1                JUNCTION     0.000    0.031     0  00:14           0        2.58       0.616
  514.1                JUNCTION     0.000    0.060     0  01:17           0        5.03       0.451
  520.1                JUNCTION     0.030    0.030     0  00:00        2.59        2.59       0.486
  521.1                JUNCTION     0.000    0.030     0  02:32           0        2.58       0.458
  523.1                JUNCTION     0.000    0.030     0  00:15           0        2.57       0.613
  524.1                JUNCTION     0.000    0.090     0  02:09           0        7.54       0.170
  532.1                JUNCTION     0.000    0.090     0  15:56           0        7.53       0.398
  534.1                JUNCTION     0.000    0.094     0  01:34           0         7.5       0.780
  536.1                JUNCTION     0.000    0.091     0  20:47           0        7.45       1.230
  546.1                JUNCTION     0.030    0.030     0  00:00        2.59        2.59       0.390
  548.1                JUNCTION     0.000    0.032     0  00:06           0        2.58       0.490
  550.1                JUNCTION     0.000    0.032     0  01:50           0        2.57       0.754
  551.1                JUNCTION     0.030    0.030     0  00:00        2.59        2.59       0.498
  552.1                JUNCTION     0.000    0.030     0  00:13           0        2.58       0.549
  553.1                JUNCTION     0.000    0.030     0  00:22           0        2.56       0.671
  559.1                JUNCTION     0.000    0.030     0  01:55           0        2.55       0.452
  562.1                JUNCTION     0.000    0.030     0  01:41           0        2.54       0.527
  573.1                JUNCTION     0.000    0.031     0  00:45           0        2.52       0.547
  575.1                JUNCTION     0.000    0.031     0  00:50           0        2.51       0.569
  577.1                JUNCTION     0.000    0.033     0  06:52           0         2.5       0.235
  582.1                JUNCTION     0.000    0.089     0  21:34           0        3.05       0.666
  587.1                JUNCTION     0.000    0.094     0  19:48           0        3.03       0.484
  587a.1               JUNCTION     0.000    0.035     0  06:51           0        2.45       0.656
  587b.1               JUNCTION     0.000    0.030     0  14:46           0        2.44       0.665
  594.1                JUNCTION     0.000    0.030     0  04:46           0        2.42       0.560
  610.1                JUNCTION     0.000    0.030     0  04:49           0        2.43       1.372
  620.1                JUNCTION     0.030    0.030     0  00:00        2.59        2.59       0.458
  624.1                JUNCTION     0.000    0.031     0  00:13           0        2.58       0.613
  625.1                JUNCTION     0.000    0.033     0  00:22           0        2.56       0.583
  628.1                JUNCTION     0.000    0.030     0  00:31           0        2.55       0.715
  629.1                JUNCTION     0.000    0.031     0  02:42           0        2.53       1.021
  629a.1               JUNCTION     0.000    0.031     0  00:43           0        2.51       1.172
  632.1                JUNCTION     0.000    0.062     0  02:39           0        4.87       0.719
  634.1                JUNCTION     0.000    0.060     0  02:47           0        4.83       0.590
  640.1                JUNCTION     0.000    0.061     0  02:56           0        4.82       0.516
  651.1                JUNCTION     0.030    0.030     0  00:00        2.59        2.59       0.499
  654.1                JUNCTION     0.000    0.030     0  00:12           0        2.58       0.638
  655.1                JUNCTION     0.000    0.031     0  00:26           0        2.56       0.607
  662.1                JUNCTION     0.000    0.031     0  00:38           0        2.55       0.989
  662a.1               JUNCTION     0.000    0.210     0  01:48           0        5.92       0.242
  662b.1               JUNCTION     0.000    0.244     0  01:48           0        5.95       0.712
  686.1                JUNCTION     0.030    0.030     0  00:00        2.59        2.59       0.478
  689.1                JUNCTION     0.000    0.030     0  00:12           0        2.58       0.686
  704.1                JUNCTION     0.030    0.030     0  00:00        2.59        2.59       0.506
  707.1                JUNCTION     0.000    0.030     0  00:26           0        2.58       0.481
  710.1                JUNCTION     0.000    0.030     0  00:19           0        2.57       0.506
  711.1                JUNCTION     0.030    0.030     0  00:00        2.59        2.59       0.488
  713.1                JUNCTION     0.000    0.030     0  00:09           0        2.58       0.585
  714.1                JUNCTION     0.000    0.030     0  00:26           0        2.56       0.557
  716.1                JUNCTION     0.000    0.033     0  00:30           0        2.55       0.572
  722.1                JUNCTION     0.000    0.030     0  00:37           0        2.54       0.431
  726.1                JUNCTION     0.000    0.030     0  02:21           0        2.52       0.486
  728.1                JUNCTION     0.000    0.056     0  01:27           0        2.51       0.711
  740.1                JUNCTION     0.000    0.099     0  01:26           0        2.51       1.157
  742.1                JUNCTION     0.000    0.527     0  02:04           0        42.1       0.089
  743.1                JUNCTION     0.000    0.856     0  02:35           0        66.3       0.044
  743a.1               JUNCTION     0.000    0.958     0  02:32           0        66.3       0.034
  757.1                JUNCTION     0.030    0.030     0  00:00        2.59        2.59       0.483
  759.1                JUNCTION     0.000    0.030     0  00:18           0        2.58       0.649
  760.1                JUNCTION     0.000    0.048     0  01:27           0        2.56       1.153
  760a.1               JUNCTION     0.000    0.052     0  01:29           0        2.54       0.720
  772.1                JUNCTION     0.000    0.050     0  01:29           0        2.52       0.611
  774.1                JUNCTION     0.000    0.079     0  01:24           0        2.51       1.147
  783.1                JUNCTION     0.000    0.074     0  01:24           0        2.49       0.818
  783a.1               JUNCTION     0.000    0.096     0  01:23           0        2.48       1.135
  783b.1               JUNCTION     0.000    0.149     0  01:24           0        2.48       1.594
  784.1                JUNCTION     0.000    0.834     0  16:29           0        66.4       0.094
  791.1                JUNCTION     0.000    0.812     0  21:16           0          64       0.078
  793.1                JUNCTION     0.000    0.879     0  22:10           0          64       0.070
  807.1                JUNCTION     0.030    0.030     0  00:00        2.59        2.59       0.501
  808.1                JUNCTION     0.000    0.030     0  00:08           0        2.58       0.507
  809.1                JUNCTION     0.000    0.030     0  00:21           0        2.57       0.692
  811.1                JUNCTION     0.000    0.000     0  00:00           0           0       0.000 ltr
  814.1                JUNCTION     0.000    0.000     0  00:00           0           0       0.000 ltr
  823.1                JUNCTION     0.030    0.030     0  00:00        2.59        2.59       0.535
  828.1                JUNCTION     0.000    0.030     0  02:06           0        2.58       0.502
  829.1                JUNCTION     0.000    0.030     0  01:46           0        2.57       0.677
  845.1                JUNCTION     0.030    0.030     0  00:00        2.59        2.59       0.411
  848.1                JUNCTION     0.000    0.074     0  00:48           0        5.22       0.357
  852.1                JUNCTION     0.000    0.130     0  00:48           0         5.2       0.162
  854.1                JUNCTION     0.000    0.074     0  00:48           0         5.1       0.383
  856.1                JUNCTION     0.000    0.061     0  01:31           0        5.08       0.313
  858.1                JUNCTION     0.000    0.060     0  01:45           0        5.07       0.573
  869.1                JUNCTION     0.000    0.060     0  01:41           0        5.04       0.284
  876.1                JUNCTION     0.030    0.030     0  00:00        2.59        2.59       0.602
  878.1                JUNCTION     0.000    0.090     0  01:42           0         7.6       0.314
  895.1                JUNCTION     0.030    0.030     0  00:00        2.59        2.59       0.446
  895a.1               JUNCTION     0.000    0.030     0  00:12           0        2.58       0.474
  895b.1               JUNCTION     0.000    0.030     0  00:20           0        2.57       0.517
  899.1                JUNCTION     0.000    0.030     0  02:39           0        2.55       2.000
  901.1                JUNCTION     0.000    0.048     0  03:17           0         2.5       4.604
  905.1                JUNCTION     0.000    0.055     0  03:28           0        2.46       3.662
  905a.1               JUNCTION     0.000    0.037     0  01:14           0       0.267      19.168
  905b.1               JUNCTION     0.000    0.026     0  03:07           0       0.159      16.832
  912.1                JUNCTION     0.030    0.030     0  00:00        2.59        2.59       0.542
  913.1                JUNCTION     0.000    0.030     0  02:41           0        2.58       0.521
  914.1                JUNCTION     0.000    0.030     0  00:23           0        2.56       0.601
  915.1                JUNCTION     0.000    0.031     0  00:34           0        2.55       0.971
  915a.1               JUNCTION     0.000    0.034     0  00:39           0        2.52       1.008
  919.1                JUNCTION     0.000    0.032     0  00:49           0         2.5       0.559
  929.1                JUNCTION     0.030    0.030     0  00:00        2.59        2.59       0.480
  931.1                JUNCTION     0.000    0.030     0  00:28           0        2.58       0.984
  932.1                JUNCTION     0.000    0.060     0  03:59           0        5.04       0.404
  943.1                JUNCTION     0.000    0.060     0  03:59           0        5.02       0.202
  943a.1               JUNCTION     0.000    0.098     0  00:57           0        5.02       0.619
  947.1                JUNCTION     0.000    0.092     0  00:58           0        4.99       0.684
  960.1                JUNCTION     0.030    0.030     0  00:00        2.59        2.59       0.537
  960a.1               JUNCTION     0.000    0.030     0  00:13           0        2.58       0.752
  982.1                JUNCTION     0.030    0.030     0  00:00        2.59        2.59       0.621
  997.1                JUNCTION     0.030    0.030     0  00:00        2.59        2.59       0.490
  1005.1               JUNCTION     0.030    0.030     0  00:00        2.59        2.59       0.474
  1006.1               JUNCTION     0.000    0.060     0  00:13           0        5.16       0.367
  1012.1               JUNCTION     0.000    0.063     0  05:01           0        5.14       0.952
  1012a.1              JUNCTION     0.000    0.424     0  05:07           0        19.1       0.227
  1013.1               JUNCTION     0.030    0.030     0  00:00        2.59        2.59       0.500
  1014.1               JUNCTION     0.000    0.030     0  00:13           0        2.58       0.585
  1016.1               JUNCTION     0.000    0.024     0  02:34           0        2.07       0.582
  1018.1               JUNCTION     0.000    0.024     0  00:32           0        2.06       0.977
  1020.1               JUNCTION     0.000    0.027     0  05:04           0        2.04       1.242
  1024.1               JUNCTION     0.030    0.030     0  00:00        2.59        2.59       0.435
  1025.1               JUNCTION     0.000    0.030     0  00:07           0        2.58       0.897
  1026.1               JUNCTION     0.000    0.066     0  05:02           0        2.85      -0.641
  1043.1               JUNCTION     0.030    0.030     0  00:00        2.59        2.59       0.495
  1044.1               JUNCTION     0.000    0.030     0  00:13           0        2.58       0.500
  1046.1               JUNCTION     0.000    0.030     0  01:15           0        2.57       0.508
  1047.1               JUNCTION     0.000    0.030     0  01:48           0        2.55       0.436
  1052.1               JUNCTION     0.000    0.046     0  00:49           0        2.55       4.196
  1053.1               JUNCTION     0.000    0.049     0  05:08           0        2.44       4.588
  1054.1               JUNCTION     0.000    0.058     0  05:08           0        2.33       0.653
  1056.1               JUNCTION     0.000    0.065     0  05:08           0        2.32       1.254
  1061.1               JUNCTION     0.000    0.052     0  05:10           0        2.29       3.137
  1065.1               JUNCTION     0.000    0.072     0  05:05           0        2.26       4.510
  1070.1               JUNCTION     0.000    0.075     0  05:09           0        2.26       4.802
  OUT.1                JUNCTION     0.030    0.030     0  00:00        2.59        2.59       0.422
  619                  JUNCTION     0.030    0.075     0  00:18        2.59        2.59       0.711
  621                  JUNCTION     0.000    0.074     0  00:18           0        2.58       0.000
  masu                 JUNCTION     0.000    0.228     0  01:17           0        1.39       0.000
  USUI2                JUNCTION     0.030    0.030     0  00:00        2.59        2.59     -99.700
  USUI3                JUNCTION     0.000   10.000     0  00:00           0         864       0.000
  OSUI2                JUNCTION     0.030    0.030     0  00:00        2.59        2.59       0.003
  OSUI3                JUNCTION     0.000    0.000     0  00:00           0           0       0.000 ltr
  OUT.2                OUTFALL      0.000    0.030     0  02:47           0        2.58       0.000
  
  
  **********************
  Node Surcharge Summary
  **********************
  
  Surcharging occurs when water rises above the top of the highest conduit.
  ---------------------------------------------------------------------
                                               Max. Height   Min. Depth
                                   Hours       Above Crown    Below Rim
  Node                 Type      Surcharged         Meters       Meters
  ---------------------------------------------------------------------
  1c.1                 JUNCTION       23.36          0.000        0.000
  300.1                JUNCTION       23.72          0.000        0.000
  742.1                JUNCTION       22.39          0.000        0.000
  743.1                JUNCTION       22.12          0.000        0.000
  743a.1               JUNCTION        0.07          0.000        0.000
  809.1                JUNCTION       23.60          0.000        0.000
  905.1                JUNCTION       20.76          0.000        0.000
  1012a.1              JUNCTION       19.04          0.000        0.000
  1014.1               JUNCTION       23.72          0.000        0.000
  621                  JUNCTION       23.65          0.000        0.000
  USUI2                JUNCTION       24.00          0.000        0.000
  USUI3                JUNCTION       24.00          0.000        0.000
  OSUI2                JUNCTION       24.00          0.000        0.000
  OSUI3                JUNCTION       24.00          0.000        0.000
  
  
  *********************
  Node Flooding Summary
  *********************
  
  Flooding refers to all water that overflows a node, whether it ponds or not.
  --------------------------------------------------------------------------
                                                             Total   Maximum
                                 Maximum   Time of Max       Flood    Ponded
                        Hours       Rate    Occurrence      Volume     Depth
  Node                 Flooded       CMS   days hr:min    10^6 ltr    Meters
  --------------------------------------------------------------------------
  1c.1                   23.36     0.036      0  01:03       2.497     0.000
  300.1                  23.72     0.007      0  00:17       0.556     0.000
  742.1                  22.39     0.527      0  02:04      41.987     0.000
  743.1                  22.12     0.362      0  02:35      26.624     0.000
  743a.1                  0.07     0.311      0  01:49       0.028     0.000
  809.1                  23.60     0.030      0  00:24       2.548     0.000
  905.1                  20.76     0.055      0  03:28       2.242     0.000
  1012a.1                19.04     0.424      0  05:07      18.131     0.000
  1014.1                 23.72     0.006      0  00:16       0.490     0.000
  621                    23.65     0.049      0  00:20       2.555     0.000
  USUI3                  24.00    10.000      0  00:56     863.906     0.000
  OSUI2                  24.00     0.030      0  00:00       2.592     0.000
  
  
  ***********************
  Outfall Loading Summary
  ***********************
  
  -----------------------------------------------------------
                         Flow       Avg       Max       Total
                         Freq      Flow      Flow      Volume
  Outfall Node           Pcnt       CMS       CMS    10^6 ltr
  -----------------------------------------------------------
  OUT.2                 99.98     0.030     0.030       2.581
  -----------------------------------------------------------
  System                99.98     0.030     0.030       2.581
  
  
  ********************
  Link Flow Summary
  ********************
  
  -----------------------------------------------------------------------------
                                 Maximum  Time of Max   Maximum    Max/    Max/
                                  |Flow|   Occurrence   |Veloc|    Full    Full
  Link                 Type          CMS  days hr:min     m/sec    Flow   Depth
  -----------------------------------------------------------------------------
  1                    CONDUIT     0.030     0  00:45      0.43    0.21    0.45
  1a                   CONDUIT     0.030     0  00:20      0.94    0.14    0.48
  1b                   CONDUIT     0.041     0  00:38      0.89    0.21    0.83
  1c                   CONDUIT     0.009     0  01:02      0.10    0.03    0.58
  2                    CONDUIT     0.001     0  01:03      0.13    0.02    0.12
  3                    CONDUIT     0.000     0  00:00      0.00    0.00    0.00
  4                    CONDUIT     0.000     0  00:00      0.00    0.00    0.00
  5                    CONDUIT     0.000     0  00:00      0.00    0.00    0.00
  6                    CONDUIT     0.000     0  00:00      0.00    0.00    0.00
  9                    CONDUIT     0.000     0  00:00      0.00    0.00    0.00
  14                   CONDUIT     0.000     0  00:00      0.00    0.00    0.00
  30                   CONDUIT     0.014     0  01:04      0.33    0.02    0.12
  33                   CONDUIT     0.017     0  00:49      0.29    0.01    0.13
  68                   CONDUIT     0.030     0  00:16      0.70    0.12    0.22
  70                   CONDUIT     0.030     0  01:56      0.81    0.08    0.19
  73                   CONDUIT     0.030     0  00:28      0.86    0.07    0.23
  77                   CONDUIT     0.030     0  01:34      0.70    0.12    0.21
  40                   CONDUIT     0.030     0  00:26      0.41    0.18    0.39
  40a                  CONDUIT     0.030     0  00:25      0.63    0.21    0.32
  48                   CONDUIT     0.030     0  02:15      0.55    0.19    0.25
  51                   CONDUIT     0.030     0  02:01      0.68    0.08    0.17
  78                   CONDUIT     0.061     0  01:12      0.36    0.01    0.10
  81                   CONDUIT     0.061     0  01:13      0.64    0.02    0.09
  84                   CONDUIT     0.060     0  01:35      0.36    0.12    0.10
  K1                   CONDUIT     0.060     0  01:46      0.45    0.03    0.07
  108                  CONDUIT     0.030     0  00:09      0.98    0.06    0.17
  109                  CONDUIT     0.030     0  00:22      0.47    0.11    0.24
  111                  CONDUIT     0.031     0  00:30      0.75    0.07    0.20
  119                  CONDUIT     0.030     0  00:38      0.59    0.08    0.18
  123                  CONDUIT     0.030     0  02:08      0.67    0.05    0.14
  127                  CONDUIT     0.030     0  02:58      0.73    0.03    0.12
  K2                   CONDUIT     0.090     0  14:28      0.43    0.02    0.09
  134                  CONDUIT     0.030     0  01:04      0.55    0.36    0.25
  136                  CONDUIT     0.030     0  00:24      0.80    0.09    0.25
  140                  CONDUIT     0.030     0  01:56      0.48    0.28    0.22
  149                  CONDUIT     0.030     0  02:11      0.73    0.07    0.16
  K3                   CONDUIT     0.120     0  14:29      0.49    0.06    0.12
  K4                   CONDUIT     0.120     0  14:30      0.55    0.02    0.15
  K5                   CONDUIT     0.120     0  14:30      0.33    0.02    0.15
  K6                   CONDUIT     0.120     0  14:31      0.49    0.03    0.09
  K7                   CONDUIT     0.120     0  14:32      0.48    0.02    0.09
  182                  CONDUIT     0.031     0  00:15      0.60    0.08    0.18
  182a                 CONDUIT     0.030     0  00:23      0.67    0.06    0.16
  183                  CONDUIT     0.030     0  00:31      0.71    0.05    0.14
  194                  CONDUIT     0.030     0  00:34      0.77    0.04    0.13
  202                  CONDUIT     0.030     0  00:38      0.96    0.02    0.11
  209                  CONDUIT     0.030     0  00:46      0.70    0.04    0.12
  214                  CONDUIT     0.030     0  02:30      0.76    0.06    0.16
  172                  CONDUIT     0.030     0  00:12      1.05    0.62    0.56
  172a                 CONDUIT     0.030     0  00:23      1.15    0.54    0.55
  174                  CONDUIT     0.030     0  01:58      0.83    0.61    0.51
  179                  CONDUIT     0.030     0  02:21      0.50    0.12    0.21
  179a                 CONDUIT     0.030     0  00:48      0.67    0.09    0.18
  179b                 CONDUIT     0.030     0  00:53      0.58    0.12    0.20
  215                  CONDUIT     0.094     0  00:51      0.92    0.05    0.37
  215a                 CONDUIT     0.092     0  00:56      0.35    0.05    0.37
  215b                 CONDUIT     0.091     0  00:59      0.92    0.08    0.18
  216                  CONDUIT     0.090     0  01:01      0.90    0.06    0.17
  216a                 CONDUIT     0.090     0  01:04      0.93    0.06    0.18
  216b                 CONDUIT     0.090     0  01:07      0.85    0.09    0.18
  216c                 CONDUIT     0.090     0  01:09      0.99    0.06    0.15
  K8                   CONDUIT     0.210     0  14:32      0.56    0.03    0.12
  228                  CONDUIT     0.030     0  00:28      0.71    0.11    0.21
  230                  CONDUIT     0.034     0  00:13      1.05    0.04    0.20
  230a                 CONDUIT     0.030     0  00:48      0.56    0.11    0.20
  230b                 CONDUIT     0.030     0  00:55      0.84    0.05    0.15
  K9                   CONDUIT     0.240     0  14:32      0.61    0.05    0.12
  K10                  CONDUIT     0.240     0  14:33      0.67    0.10    0.11
  241                  CONDUIT     0.030     0  00:34      0.62    0.15    0.23
  245                  CONDUIT     0.030     0  02:02      0.64    0.13    0.22
  K11                  CONDUIT     0.270     0  14:33      0.93    0.07    0.08
  K12                  CONDUIT     0.270     0  14:34      1.15    0.02    0.06
  K13                  CONDUIT     0.270     0  14:34      1.18    0.02    0.06
  K14                  CONDUIT     0.270     0  14:34      0.73    0.03    0.10
  K15                  CONDUIT     0.270     0  02:01      0.62    0.10    0.12
  K16                  CONDUIT     0.272     0  02:00      0.78    0.05    0.12
  K16a                 CONDUIT     0.285     0  08:26      0.93    0.04    0.13
  K17                  CONDUIT     0.278     0  01:58      0.91    0.03    0.17
  K18                  CONDUIT     0.347     0  08:04      0.84    0.04    0.25
  K19                  CONDUIT     0.815     0  08:04      0.91    0.10    0.30
  K19a                 CONDUIT     0.873     0  08:04      1.01    0.07    0.29
  454                  CONDUIT     0.030     0  00:08      1.05    0.62    0.76
  456                  CONDUIT     0.030     0  02:35      0.64    1.68    0.63
  458                  CONDUIT     0.030     0  00:23      1.09    0.23    0.39
  458a                 CONDUIT     0.030     0  00:35      0.82    0.42    0.41
  459                  CONDUIT     0.030     0  00:42      0.89    0.23    0.39
  461                  CONDUIT     0.030     0  00:50      0.64    0.33    0.35
  463                  CONDUIT     0.030     0  00:57      0.79    0.16    0.26
  465                  CONDUIT     0.030     0  00:58      0.81    0.15    0.24
  472                  CONDUIT     0.030     0  01:11      0.65    0.08    0.19
  487                  CONDUIT     0.030     0  01:14      0.59    0.05    0.14
  499                  CONDUIT     0.030     0  01:17      0.31    0.05    0.20
  509                  CONDUIT     0.031     0  00:14      0.77    0.10    0.24
  511                  CONDUIT     0.030     0  01:56      0.63    0.14    0.23
  514                  CONDUIT     0.060     0  02:09      0.72    0.06    0.15
  520                  CONDUIT     0.030     0  02:32      1.01    0.67    0.58
  521                  CONDUIT     0.030     0  00:15      1.01    0.40    0.47
  523                  CONDUIT     0.030     0  02:01      0.69    0.37    0.38
  524                  CONDUIT     0.090     0  15:56      1.03    0.04    0.16
  532                  CONDUIT     0.094     0  01:34      0.67    0.05    0.25
  534                  CONDUIT     0.091     0  20:47      0.61    0.04    0.43
  536                  CONDUIT     0.093     0  17:50      0.25    0.15    0.54
  352                  CONDUIT     0.030     0  02:26      0.82    0.08    0.19
  359                  CONDUIT     0.031     0  00:22      0.78    0.06    0.18
  363                  CONDUIT     0.030     0  00:50      0.66    0.70    0.17
  365                  CONDUIT     0.030     0  00:37      0.86    0.05    0.42
  371                  CONDUIT     0.035     0  01:10      0.74    0.05    0.74
  377                  CONDUIT     0.030     0  01:56      0.14    0.03    0.56
  300                  CONDUIT     0.031     0  00:15      0.74    1.32    1.00
  301                  CONDUIT     0.024     0  00:17      0.52    0.64    0.61
  303                  CONDUIT     0.024     0  00:26      0.87    0.23    0.33
  305                  CONDUIT     0.024     0  00:47      0.84    0.17    0.33
  307                  CONDUIT     0.023     1  00:00      0.51    0.34    0.33
  309                  CONDUIT     0.024     0  01:05      0.62    0.11    0.21
  313                  CONDUIT     0.023     0  03:45      0.70    0.08    0.18
  316                  CONDUIT     0.025     0  01:13      1.11    0.04    0.21
  318                  CONDUIT     0.024     0  01:46      0.35    0.07    0.28
  321                  CONDUIT     0.024     0  01:46      0.54    0.10    0.20
  323                  CONDUIT     0.027     0  01:57      0.53    0.07    0.19
  323a                 CONDUIT     0.031     0  01:59      0.54    0.05    0.29
  327                  CONDUIT     0.023     0  04:43      0.50    0.03    0.25
  398                  CONDUIT     0.031     0  00:14      0.44    0.10    0.36
  400                  CONDUIT     0.030     0  00:22      0.64    1.31    0.23
  402                  CONDUIT     0.030     0  01:46      0.84    0.08    0.18
  404                  CONDUIT     0.030     0  00:29      0.97    0.06    0.25
  407                  CONDUIT     0.030     0  01:41      0.51    0.18    0.26
  378                  CONDUIT     0.053     0  05:34      0.51    0.09    0.17
  409                  CONDUIT     0.083     0  05:36      0.80    0.03    0.88
  412                  CONDUIT     0.083     0  06:06      1.06    0.03    0.12
  420                  CONDUIT     0.030     0  00:14      0.77    0.10    0.20
  422                  CONDUIT     0.030     0  00:15      0.83    0.08    0.19
  427                  CONDUIT     0.030     0  00:27      0.83    0.05    0.35
  433                  CONDUIT     0.030     0  02:17      0.24    0.04    0.30
  K5-1                 CONDUIT     0.113     0  06:06      0.96    0.03    0.18
  K5-2                 CONDUIT     0.270     0  15:51      0.96    0.07    0.26
  440                  CONDUIT     0.030     0  02:26      0.89    0.07    0.18
  K5-3                 CONDUIT     0.170     0  03:59      0.66    0.08    0.24
  453                  CONDUIT     0.030     0  03:14      0.50    0.25    0.26
  K5-4                 CONDUIT     0.193     0  03:27      1.27    0.03    0.25
  K3-1                 CONDUIT     0.271     0  17:27      0.43    0.10    0.53
  546                  CONDUIT     0.032     0  00:06      1.36    0.04    0.29
  548                  CONDUIT     0.032     0  01:50      0.82    0.09    0.55
  550                  CONDUIT     0.033     0  01:50      0.75    0.11    0.77
  K3-2                 CONDUIT     0.296     0  02:48      0.48    0.06    0.46
  551                  CONDUIT     0.030     0  00:13      1.15    0.54    0.76
  552                  CONDUIT     0.030     0  00:22      0.75    0.89    0.88
  553                  CONDUIT     0.030     0  01:55      0.53    1.06    0.57
  559                  CONDUIT     0.030     0  01:41      1.12    0.11    0.25
  562                  CONDUIT     0.031     0  00:45      0.70    0.12    0.28
  573                  CONDUIT     0.031     0  00:50      0.67    0.06    0.28
  575                  CONDUIT     0.033     0  06:52      0.39    0.03    0.22
  577                  CONDUIT     0.057     0  06:50      0.95    0.04    0.25
  582                  CONDUIT     0.094     0  19:48      0.71    0.14    0.34
  587                  CONDUIT     0.035     0  06:51      0.40    0.05    0.30
  587a                 CONDUIT     0.030     0  14:46      0.50    0.64    0.25
  587b                 CONDUIT     0.030     0  04:46      0.40    0.04    0.18
  594                  CONDUIT     0.030     0  04:49      0.27    0.02    0.22
  610                  CONDUIT     0.032     0  02:39      0.26    0.02    0.41
  620                  CONDUIT     0.031     0  00:13      0.78    0.09    0.30
  624                  CONDUIT     0.033     0  00:22      0.74    0.12    0.49
  625                  CONDUIT     0.030     0  00:31      0.83    0.05    0.28
  628                  CONDUIT     0.031     0  02:42      0.78    0.06    0.53
  629                  CONDUIT     0.031     0  00:43      0.71    0.05    0.64
  629a                 CONDUIT     0.031     0  02:47      0.44    0.06    0.70
  632                  CONDUIT     0.060     0  02:47      0.42    0.04    0.38
  634                  CONDUIT     0.061     0  02:56      0.45    0.03    0.39
  640                  CONDUIT     0.068     0  02:36      0.38    0.02    0.43
  651                  CONDUIT     0.030     0  00:12      0.54    0.20    0.22
  654                  CONDUIT     0.031     0  00:26      0.72    0.07    0.18
  655                  CONDUIT     0.031     0  00:38      0.64    0.06    0.22
  662                  CONDUIT     0.034     0  01:18      0.63    0.03    0.34
  662a                 CONDUIT     0.215     0  01:48      1.26    0.07    0.50
  662b                 CONDUIT     0.072     0  01:47      0.43    0.07    0.70
  K4-1                 CONDUIT     0.132     0  12:23      0.50    0.02    0.41
  K4-2                 CONDUIT     0.108     0  14:27      0.76    0.03    0.41
  K4-2a                CONDUIT     0.133     0  07:31      0.42    0.01    0.37
  K4-3                 CONDUIT     0.126     0  12:26      0.43    0.01    0.29
  K4-3a                CONDUIT     0.097     0  19:46      0.41    0.01    0.17
  K4-3b                CONDUIT     0.091     0  17:17      0.75    0.01    0.12
  K4-4                 CONDUIT     0.099     0  02:22      0.15    0.01    0.36
  K4-5                 CONDUIT     0.093     0  02:21      0.64    0.03    0.56
  K4-6                 CONDUIT     0.130     0  00:53      0.78    0.03    0.48
  K3-3                 CONDUIT     0.390     0  15:53      0.30    0.03    0.38
  K3-4                 CONDUIT     0.386     0  15:06      0.37    0.12    0.34
  686                  CONDUIT     0.030     0  00:12      0.93    0.06    0.30
  689                  CONDUIT     0.030     0  01:32      0.41    0.11    0.31
  K3-5                 CONDUIT     0.417     0  22:15      0.43    0.05    0.31
  K3-6                 CONDUIT     0.419     0  23:26      0.46    0.03    0.35
  K3-7                 CONDUIT     0.467     0  08:46      0.30    0.06    0.40
  K20                  CONDUIT     0.856     0  22:08      0.27    0.04    0.37
  704                  CONDUIT     0.030     0  00:26      0.84    0.08    0.18
  707                  CONDUIT     0.030     0  00:19      0.83    0.05    0.15
  710                  CONDUIT     0.030     0  00:31      0.69    0.05    0.14
  K21                  CONDUIT     2.384     0  21:45      0.68    0.06    0.42
  711                  CONDUIT     0.030     0  00:09      1.07    0.36    0.63
  713                  CONDUIT     0.030     0  00:26      0.63   12.96    0.65
  714                  CONDUIT     0.033     0  00:30      0.74    0.52    0.60
  716                  CONDUIT     0.030     0  00:37      0.54    0.49    0.58
  722                  CONDUIT     0.030     0  02:21      1.53    0.10    0.21
  726                  CONDUIT     0.030     0  00:50      1.09    0.05    0.31
  728                  CONDUIT     0.049     0  01:29      0.76    0.16    0.56
  740                  CONDUIT     0.084     0  01:23      0.75    0.12    0.88
  742                  CONDUIT     0.494     0  02:29      0.98    1.22    1.00
  743                  CONDUIT     0.856     0  02:35      1.37    0.75    1.00
  743a                 CONDUIT     0.958     0  02:32      1.84    0.45    0.81
  757                  CONDUIT     0.030     0  00:18      1.01    0.67    0.71
  759                  CONDUIT     0.031     0  01:41      0.78    0.30    0.76
  760                  CONDUIT     0.050     0  01:41      0.30    0.10    0.78
  760a                 CONDUIT     0.050     0  01:29      0.46    0.07    0.58
  772                  CONDUIT     0.058     0  01:34      1.04    0.03    0.58
  774                  CONDUIT     0.071     0  01:34      0.54    1.37    0.77
  783                  CONDUIT     0.078     0  01:34      0.78    0.06    0.72
  783a                 CONDUIT     0.096     0  01:23      0.48    0.27    0.73
  783b                 CONDUIT     0.149     0  01:24      0.69    0.13    0.78
  784                  CONDUIT     0.804     0  15:52      1.09    0.42    0.63
  791                  CONDUIT     0.812     0  21:16      1.04    0.39    0.54
  793                  CONDUIT     0.879     0  22:10      1.05    0.40    0.58
  K22                  CONDUIT     0.706     0  22:31      0.24    0.07    0.44
  K23                  CONDUIT     0.278     0  07:13      0.37    0.01    0.37
  K24                  CONDUIT     0.363     0  07:13      0.40    0.02    0.34
  807                  CONDUIT     0.030     0  00:08      1.07    0.36    0.42
  808                  CONDUIT     0.030     0  00:21      1.38    0.17    0.64
  809                  CONDUIT     0.000     0  00:00      0.00    0.00    0.50
  811                  CONDUIT     0.000     0  00:00      0.00    0.00    0.00
  814                  CONDUIT     0.000     0  00:00      0.00    0.00    0.00
  823                  CONDUIT     0.030     0  02:06      0.70    0.11    0.21
  828                  CONDUIT     0.030     0  01:46      0.90    0.07    0.17
  829                  CONDUIT     0.030     0  01:48      0.32    0.04    0.20
  845                  CONDUIT     0.030     0  00:07      1.12    0.05    0.15
  848                  CONDUIT     0.130     0  00:48      1.08    0.07    0.38
  852                  CONDUIT     0.074     0  00:48      0.86    0.04    0.16
  854                  CONDUIT     0.061     0  01:31      0.68    0.06    0.17
  856                  CONDUIT     0.060     0  01:45      0.71    0.05    0.18
  858                  CONDUIT     0.060     0  01:41      0.58    0.07    0.15
  869                  CONDUIT     0.060     0  01:42      0.57    0.03    0.13
  876                  CONDUIT     0.030     0  01:43      0.68    0.12    0.21
  878                  CONDUIT     0.090     0  02:35      0.84    0.04    0.13
  K2-1                 CONDUIT     0.090     0  20:14      0.75    0.03    0.25
  K2-2                 CONDUIT     0.098     0  07:12      0.76    0.07    0.40
  K25                  CONDUIT     0.000     0  00:00      0.00    0.00    0.17
  K26                  CONDUIT     0.000     0  00:00      0.00    0.00    0.00
  895                  CONDUIT     0.030     0  00:12      1.53    0.03    0.24
  895a                 CONDUIT     0.030     0  00:20      0.54    0.05    0.28
  895b                 CONDUIT     0.030     0  02:39      0.84    0.08    0.38
  899                  CONDUIT     0.048     0  03:17      0.75    0.03    0.78
  901                  CONDUIT     0.051     0  03:17      0.48    0.06    0.98
  905                  CONDUIT     0.026     0  01:14      0.19    0.01    0.89
  905a                 CONDUIT     0.026     0  03:07      0.71    0.01    0.80
  905b                 CONDUIT     0.000     0  00:00      0.00    0.00    0.41
  K27                  CONDUIT     0.008     0  05:03      0.01    0.00    0.17
  K28                  CONDUIT     0.100     0  05:12      0.10    0.00    0.44
  K29                  CONDUIT     0.161     0  02:54      0.18    0.00    0.58
  912                  CONDUIT     0.030     0  02:41      0.99    0.41    0.44
  913                  CONDUIT     0.030     0  00:23      0.86    0.25    0.42
  914                  CONDUIT     0.031     0  00:34      0.72    0.19    0.50
  915                  CONDUIT     0.034     0  00:39      0.63    0.15    0.63
  915a                 CONDUIT     0.030     0  03:58      0.22    0.04    0.60
  919                  CONDUIT     0.030     0  03:59      0.40    0.14    0.21
  929                  CONDUIT     0.030     0  00:28      0.84    0.05    0.33
  931                  CONDUIT     0.030     0  00:55      0.30    0.07    0.33
  932                  CONDUIT     0.060     0  03:59      0.82    0.04    0.13
  943                  CONDUIT     0.060     0  03:59      1.59    0.01    0.08
  943a                 CONDUIT     0.092     0  00:58      0.84    0.04    1.00
  947                  CONDUIT     0.060     0  04:01      1.03    0.02    0.10
  960                  CONDUIT     0.030     0  00:13      0.83    0.08    0.41
  960a                 CONDUIT     0.030     1  00:00      0.30    0.04    0.38
  K1-1                 CONDUIT     0.090     0  04:01      1.07    0.02    0.22
  K1-2                 CONDUIT     0.098     0  05:01      0.74    0.03    0.42
  K1-2a                CONDUIT     0.104     0  05:12      0.50    0.05    0.49
  K1-3                 CONDUIT     0.108     0  05:12      0.61    0.05    0.51
  K1-3a                CONDUIT     0.111     0  05:11      0.51    0.03    0.51
  K1-4                 CONDUIT     0.121     0  05:11      0.59    0.02    0.48
  K1-4a                CONDUIT     0.121     0  05:10      0.50    0.07    0.55
  982                  CONDUIT     0.035     0  11:32      0.36    0.10    0.59
  K1-5                 CONDUIT     0.147     0  05:02      0.69    0.04    0.57
  1005                 CONDUIT     0.030     0  00:11      0.95    0.06    0.20
  997                  CONDUIT     0.030     0  00:13      0.78    0.09    0.22
  1006                 CONDUIT     0.063     0  05:01      0.92    0.08    0.44
  1012                 CONDUIT     0.066     0  05:02      0.95    0.06    0.79
  1012a                CONDUIT     0.366     0  05:07      0.60    0.21    0.92
  K1-6                 CONDUIT     0.253     0  05:07      0.95    0.11    0.56
  1013                 CONDUIT     0.030     0  00:13      1.03    0.65    0.79
  1014                 CONDUIT     0.024     0  02:34      0.46    0.58    0.70
  1016                 CONDUIT     0.024     0  00:32      0.87    0.16    0.54
  1018                 CONDUIT     0.027     0  05:04      0.71    0.15    0.82
  1020                 CONDUIT     0.030     0  05:05      0.49    0.34    0.87
  K1-7                 CONDUIT     0.240     0  05:06      0.63    0.05    0.57
  1024                 CONDUIT     0.030     0  00:07      0.95    0.06    0.19
  1025                 CONDUIT     0.032     0  04:54      0.72    0.07    0.21
  1026                 CONDUIT     0.119     0  05:03      1.26    0.05    0.29
  K1-8                 CONDUIT     0.239     0  05:07      0.86    0.11    0.60
  K30                  CONDUIT     0.497     0  02:22      0.99    0.01    0.71
  K30a                 CONDUIT     4.834     0  02:19      1.47    0.05    0.85
  1043                 CONDUIT     0.030     0  00:13      1.44    0.11    0.27
  1044                 CONDUIT     0.030     0  01:15      0.88    0.16    0.27
  1046                 CONDUIT     0.030     0  01:48      0.82    0.08    0.19
  1047                 CONDUIT     0.030     0  02:04      0.94    0.01    0.08
  1052                 CONDUIT     0.049     0  05:08      0.75    0.07    1.00
  1053                 CONDUIT     0.058     0  05:08      0.20    0.01    0.55
  1054                 CONDUIT     0.065     0  05:08      0.80    0.03    0.44
  1056                 CONDUIT     0.052     0  05:10      0.91    0.02    0.68
  1061                 CONDUIT     0.072     0  05:05      0.32    0.05    0.85
  1065                 CONDUIT     0.075     0  05:09      0.28    0.05    0.93
  1070                 CONDUIT     0.082     0  02:38      0.24    0.02    0.94
  K31                  CONDUIT     0.325     0  01:21      0.39    0.31    0.87
  618                  CONDUIT     0.030     0  02:47      0.26    0.00    0.01
  622                  CONDUIT     0.074     0  00:18      1.08    0.03    0.90
  Pumpmasu             CONDUIT     0.228     0  01:17      0.18    0.02    0.64
  USUI1                PUMP       10.000     0  00:00              1.00
  OSUI1                PUMP        0.000     0  00:00              0.00
  
  
  ***************************
  Flow Classification Summary
  ***************************
  
  -------------------------------------------------------------------------------------
                      Adjusted    ---------- Fraction of Time in Flow Class ---------- 
                       /Actual         Up    Down  Sub   Sup   Up    Down  Norm  Inlet 
  Conduit               Length    Dry  Dry   Dry   Crit  Crit  Crit  Crit  Ltd   Ctrl  
  -------------------------------------------------------------------------------------
  1                       1.00   0.00  0.00  0.00  0.00  0.00  0.99  0.00  0.00  0.00
  1a                      1.00   0.01  0.00  0.00  0.98  0.00  0.00  0.01  0.98  0.00
  1b                      1.00   0.02  0.00  0.00  0.98  0.00  0.00  0.01  0.00  0.00
  1c                      1.00   0.02  0.00  0.00  0.96  0.00  0.02  0.00  0.00  0.00
  2                       1.00   0.04  0.00  0.00  0.72  0.00  0.24  0.00  0.00  0.00
  3                       1.00   1.00  0.00  0.00  0.00  0.00  0.00  0.00  0.00  0.00
  4                       1.00   1.00  0.00  0.00  0.00  0.00  0.00  0.00  0.00  0.00
  5                       1.00   1.00  0.00  0.00  0.00  0.00  0.00  0.00  0.00  0.00
  6                       1.00   1.00  0.00  0.00  0.00  0.00  0.00  0.00  0.00  0.00
  9                       1.00   1.00  0.00  0.00  0.00  0.00  0.00  0.00  0.00  0.00
  14                      1.00   1.00  0.00  0.00  0.00  0.00  0.00  0.00  0.00  0.00
  30                      1.00   0.03  0.00  0.00  0.96  0.00  0.01  0.00  0.00  0.00
  33                      1.00   0.02  0.00  0.00  0.97  0.00  0.01  0.00  0.00  0.00
  68                      1.00   0.00  0.00  0.00  0.99  0.00  0.00  0.01  0.00  0.00
  70                      1.00   0.01  0.00  0.00  0.00  0.00  0.00  0.99  0.00  0.00
  73                      1.00   0.01  0.00  0.00  0.98  0.00  0.00  0.01  0.98  0.00
  77                      1.00   0.02  0.00  0.00  0.00  0.00  0.00  0.98  0.00  0.00
  40                      1.00   0.00  0.00  0.00  0.99  0.00  0.01  0.00  0.00  0.00
  40a                     1.00   0.01  0.00  0.00  0.98  0.00  0.00  0.01  0.00  0.00
  48                      1.00   0.02  0.00  0.00  0.00  0.00  0.98  0.00  0.00  0.00
  51                      1.00   0.02  0.00  0.00  0.00  0.00  0.00  0.98  0.00  0.00
  78                      1.00   0.02  0.00  0.00  0.97  0.00  0.00  0.00  0.00  0.00
  81                      1.00   0.03  0.00  0.00  0.97  0.00  0.00  0.01  0.97  0.00
  84                      1.00   0.03  0.00  0.00  0.96  0.00  0.00  0.01  0.00  0.00
  K1                      1.00   0.04  0.00  0.00  0.96  0.00  0.00  0.00  0.00  0.00
  108                     1.00   0.00  0.00  0.00  0.00  0.00  0.00  1.00  0.00  0.00
  109                     1.00   0.01  0.00  0.00  0.98  0.00  0.01  0.00  0.00  0.00
  111                     1.00   0.01  0.00  0.00  0.98  0.00  0.00  0.01  0.98  0.00
  119                     1.00   0.02  0.00  0.00  0.97  0.00  0.00  0.01  0.00  0.00
  123                     1.00   0.03  0.00  0.00  0.00  0.00  0.00  0.97  0.00  0.00
  127                     1.00   0.03  0.00  0.00  0.00  0.00  0.00  0.97  0.00  0.00
  K2                      1.00   0.03  0.01  0.00  0.96  0.00  0.00  0.00  0.96  0.00
  134                     1.00   0.00  0.00  0.00  0.00  0.00  0.00  1.00  0.00  0.00
  136                     1.00   0.01  0.00  0.00  0.98  0.00  0.00  0.01  0.98  0.00
  140                     1.00   0.01  0.00  0.00  0.00  0.00  0.99  0.00  0.00  0.00
  149                     1.00   0.02  0.00  0.00  0.00  0.00  0.00  0.98  0.00  0.00
  K3                      1.00   0.03  0.00  0.00  0.96  0.00  0.00  0.01  0.00  0.00
  K4                      1.00   0.04  0.00  0.00  0.96  0.00  0.00  0.01  0.00  0.00
  K5                      1.00   0.04  0.00  0.00  0.95  0.00  0.00  0.00  0.00  0.00
  K6                      1.00   0.05  0.00  0.00  0.95  0.00  0.00  0.00  0.00  0.00
  K7                      1.00   0.03  0.02  0.00  0.95  0.00  0.00  0.00  0.95  0.00
  182                     1.00   0.00  0.00  0.00  0.99  0.00  0.00  0.01  0.00  0.00
  182a                    1.00   0.01  0.00  0.00  0.98  0.00  0.00  0.01  0.00  0.00
  183                     1.00   0.01  0.00  0.00  0.98  0.00  0.00  0.01  0.00  0.00
  194                     1.00   0.02  0.00  0.00  0.00  0.00  0.00  0.98  0.00  0.00
  202                     1.00   0.03  0.00  0.00  0.97  0.00  0.00  0.00  0.97  0.00
  209                     1.00   0.03  0.00  0.00  0.00  0.00  0.00  0.97  0.00  0.00
  214                     1.00   0.00  0.00  0.00  0.00  0.00  0.00  1.00  0.00  0.00
  172                     1.00   0.00  0.00  0.00  0.00  0.00  0.00  1.00  0.00  0.00
  172a                    1.00   0.01  0.00  0.00  0.00  0.98  0.00  0.01  0.98  0.00
  174                     1.00   0.01  0.00  0.00  0.00  0.00  0.00  0.99  0.00  0.00
  179                     1.00   0.02  0.00  0.00  0.00  0.00  0.98  0.00  0.00  0.00
  179a                    1.00   0.02  0.00  0.00  0.97  0.00  0.00  0.01  0.00  0.00
  179b                    1.00   0.03  0.00  0.00  0.96  0.00  0.00  0.01  0.00  0.00
  215                     1.00   0.01  0.00  0.00  0.99  0.00  0.00  0.00  0.01  0.00
  215a                    1.00   0.01  0.00  0.00  0.97  0.00  0.01  0.00  0.00  0.00
  215b                    1.00   0.02  0.00  0.00  0.97  0.00  0.00  0.01  0.00  0.00
  216                     1.00   0.03  0.00  0.00  0.97  0.00  0.00  0.00  0.96  0.00
  216a                    1.00   0.03  0.00  0.00  0.96  0.00  0.00  0.00  0.00  0.00
  216b                    1.00   0.04  0.00  0.00  0.96  0.00  0.00  0.00  0.00  0.00
  216c                    1.00   0.04  0.00  0.00  0.00  0.00  0.00  0.96  0.00  0.00
  K8                      1.00   0.02  0.00  0.00  0.97  0.00  0.01  0.00  0.00  0.00
  228                     1.00   0.00  0.00  0.00  0.98  0.00  0.00  0.01  0.00  0.00
  230                     1.00   0.01  0.00  0.00  0.99  0.00  0.00  0.01  0.00  0.00
  230a                    1.00   0.01  0.00  0.00  0.98  0.00  0.00  0.01  0.00  0.00
  230b                    1.00   0.02  0.00  0.00  0.00  0.00  0.00  0.98  0.00  0.00
  K9                      1.00   0.02  0.00  0.00  0.97  0.00  0.00  0.00  0.00  0.00
  K10                     1.00   0.02  0.00  0.00  0.97  0.00  0.00  0.01  0.00  0.00
  241                     1.00   0.00  0.00  0.00  0.98  0.00  0.00  0.02  0.00  0.00
  245                     1.00   0.01  0.00  0.00  0.00  0.00  0.00  0.99  0.00  0.00
  K11                     1.00   0.02  0.00  0.00  0.01  0.00  0.00  0.97  0.00  0.00
  K12                     1.00   0.02  0.00  0.00  0.00  0.00  0.00  0.98  0.00  0.00
  K13                     1.00   0.03  0.00  0.00  0.00  0.96  0.00  0.00  0.96  0.00
  K14                     1.00   0.03  0.00  0.00  0.96  0.00  0.00  0.00  0.96  0.00
  K15                     1.00   0.04  0.00  0.00  0.96  0.00  0.00  0.01  0.00  0.00
  K16                     1.00   0.04  0.00  0.00  0.95  0.00  0.00  0.00  0.00  0.00
  K16a                    1.00   0.05  0.00  0.00  0.95  0.00  0.00  0.00  0.00  0.00
  K17                     1.00   0.05  0.00  0.00  0.95  0.00  0.00  0.00  0.02  0.00
  K18                     1.00   0.05  0.00  0.00  0.95  0.00  0.00  0.00  0.01  0.00
  K19                     1.00   0.05  0.00  0.00  0.95  0.00  0.00  0.00  0.00  0.00
  K19a                    1.00   0.05  0.00  0.00  0.95  0.00  0.00  0.00  0.00  0.00
  454                     1.00   0.00  0.00  0.00  0.99  0.00  0.00  0.01  0.99  0.00
  456                     1.00   0.01  0.00  0.00  0.00  0.00  0.00  0.99  0.00  0.00
  458                     1.00   0.01  0.00  0.00  0.98  0.00  0.00  0.00  0.98  0.00
  458a                    1.00   0.02  0.00  0.00  0.98  0.00  0.00  0.01  0.00  0.00
  459                     1.00   0.02  0.00  0.00  0.97  0.00  0.00  0.01  0.97  0.00
  461                     1.00   0.03  0.00  0.00  0.97  0.00  0.00  0.01  0.00  0.00
  463                     1.00   0.03  0.00  0.00  0.96  0.00  0.00  0.01  0.00  0.00
  465                     1.00   0.04  0.00  0.00  0.00  0.00  0.00  0.96  0.00  0.00
  472                     1.00   0.04  0.00  0.00  0.95  0.00  0.00  0.01  0.00  0.00
  487                     1.00   0.03  0.00  0.00  0.95  0.00  0.01  0.00  0.00  0.00
  499                     1.00   0.01  0.00  0.00  0.97  0.00  0.01  0.00  0.00  0.00
  509                     1.00   0.00  0.00  0.00  0.99  0.00  0.00  0.01  0.99  0.00
  511                     1.00   0.01  0.00  0.00  0.00  0.00  0.00  0.99  0.00  0.00
  514                     1.00   0.01  0.00  0.00  0.94  0.00  0.00  0.04  0.00  0.00
  520                     1.00   0.00  0.00  0.00  0.00  0.00  0.00  1.00  0.00  0.00
  521                     1.00   0.01  0.00  0.00  0.98  0.00  0.00  0.01  0.98  0.00
  523                     1.00   0.01  0.00  0.00  0.00  0.00  0.00  0.99  0.00  0.00
  524                     1.00   0.02  0.00  0.00  0.91  0.00  0.00  0.07  0.00  0.00
  532                     1.00   0.02  0.00  0.00  0.97  0.00  0.00  0.01  0.01  0.00
  534                     1.00   0.03  0.00  0.00  0.97  0.00  0.00  0.00  0.03  0.00
  536                     1.00   0.02  0.00  0.00  0.97  0.00  0.01  0.00  0.00  0.00
  352                     1.00   0.00  0.00  0.00  0.00  0.00  0.00  1.00  0.00  0.00
  359                     1.00   0.01  0.00  0.00  0.98  0.00  0.00  0.01  0.98  0.00
  363                     1.00   0.01  0.00  0.00  0.00  0.00  0.00  0.99  0.00  0.00
  365                     1.00   0.02  0.00  0.00  0.97  0.00  0.00  0.01  0.97  0.00
  371                     1.00   0.02  0.00  0.00  0.97  0.00  0.00  0.01  0.00  0.00
  377                     1.00   0.03  0.01  0.00  0.95  0.00  0.01  0.00  0.00  0.00
  300                     1.00   0.00  0.00  0.00  0.99  0.00  0.00  0.01  0.00  0.00
  301                     1.00   0.01  0.00  0.00  0.00  0.00  0.99  0.00  0.00  0.00
  303                     1.00   0.02  0.00  0.00  0.97  0.00  0.00  0.01  0.00  0.00
  305                     1.00   0.02  0.00  0.00  0.97  0.00  0.00  0.01  0.97  0.00
  307                     1.00   0.03  0.00  0.00  0.00  0.00  0.00  0.97  0.00  0.00
  309                     1.00   0.04  0.00  0.00  0.95  0.00  0.00  0.01  0.00  0.00
  313                     1.00   0.04  0.00  0.00  0.00  0.00  0.00  0.96  0.00  0.00
  316                     1.00   0.05  0.00  0.00  0.94  0.00  0.00  0.01  0.94  0.00
  318                     1.00   0.06  0.00  0.00  0.94  0.00  0.01  0.00  0.00  0.00
  321                     1.00   0.06  0.00  0.00  0.93  0.00  0.00  0.01  0.00  0.00
  323                     1.00   0.07  0.00  0.00  0.92  0.00  0.00  0.01  0.92  0.00
  323a                    1.00   0.08  0.00  0.00  0.92  0.00  0.00  0.00  0.00  0.00
  327                     1.00   0.05  0.00  0.00  0.92  0.00  0.00  0.03  0.00  0.00
  398                     1.00   0.00  0.00  0.00  0.99  0.00  0.01  0.00  0.00  0.00
  400                     1.00   0.01  0.00  0.00  0.98  0.00  0.00  0.01  0.00  0.00
  402                     1.00   0.01  0.00  0.00  0.00  0.00  0.00  0.99  0.00  0.00
  404                     1.00   0.02  0.00  0.00  0.98  0.00  0.00  0.00  0.98  0.00
  407                     1.00   0.02  0.00  0.00  0.00  0.00  0.98  0.00  0.00  0.00
  378                     1.00   0.05  0.00  0.00  0.00  0.00  0.95  0.00  0.00  0.00
  409                     1.00   0.03  0.00  0.00  0.97  0.00  0.00  0.00  0.00  0.00
  412                     1.00   0.03  0.01  0.00  0.04  0.92  0.00  0.00  0.96  0.00
  420                     1.00   0.00  0.00  0.00  0.99  0.00  0.00  0.01  0.00  0.00
  422                     1.00   0.01  0.00  0.00  0.00  0.00  0.00  0.99  0.00  0.00
  427                     1.00   0.01  0.00  0.00  0.98  0.00  0.00  0.01  0.98  0.00
  433                     1.00   0.02  0.00  0.00  0.00  0.00  0.98  0.00  0.00  0.00
  K5-1                    1.00   0.02  0.01  0.00  0.97  0.00  0.00  0.00  0.97  0.00
  K5-2                    1.00   0.01  0.00  0.00  0.98  0.00  0.01  0.00  0.00  0.00
  440                     1.00   0.00  0.00  0.00  0.00  0.12  0.00  0.88  0.11  0.00
  K5-3                    1.00   0.01  0.00  0.00  0.02  0.00  0.97  0.00  0.00  0.00
  453                     1.00   0.00  0.00  0.00  0.00  0.00  0.00  1.00  0.00  0.00
  K5-4                    1.00   0.01  0.00  0.00  0.95  0.01  0.00  0.04  0.95  0.00
  K3-1                    1.00   0.01  0.00  0.00  0.98  0.00  0.00  0.00  0.00  0.00
  546                     1.00   0.00  0.00  0.00  0.93  0.06  0.00  0.00  0.99  0.00
  548                     1.00   0.01  0.00  0.00  0.99  0.00  0.00  0.01  0.06  0.00
  550                     1.00   0.01  0.00  0.00  0.96  0.00  0.00  0.03  0.02  0.00
  K3-2                    1.00   0.02  0.00  0.00  0.98  0.00  0.01  0.00  0.00  0.00
  551                     1.00   0.00  0.00  0.00  0.99  0.00  0.00  0.00  0.99  0.00
  552                     1.00   0.01  0.00  0.00  0.98  0.00  0.00  0.01  0.00  0.00
  553                     1.00   0.01  0.00  0.00  0.00  0.00  0.99  0.00  0.00  0.00
  559                     1.00   0.02  0.00  0.00  0.00  0.97  0.00  0.01  0.97  0.00
  562                     1.00   0.03  0.00  0.00  0.97  0.00  0.00  0.01  0.96  0.00
  573                     1.00   0.03  0.00  0.00  0.97  0.00  0.00  0.00  0.00  0.00
  575                     1.00   0.03  0.00  0.00  0.94  0.00  0.03  0.00  0.00  0.00
  577                     1.00   0.04  0.00  0.00  0.96  0.00  0.00  0.00  0.02  0.00
  582                     1.00   0.04  0.00  0.00  0.95  0.00  0.00  0.00  0.00  0.00
  587                     1.00   0.05  0.00  0.00  0.94  0.00  0.01  0.00  0.00  0.00
  587a                    1.00   0.05  0.00  0.00  0.94  0.00  0.01  0.00  0.00  0.00
  587b                    1.00   0.06  0.00  0.00  0.93  0.00  0.01  0.00  0.00  0.00
  594                     1.00   0.06  0.01  0.00  0.93  0.00  0.00  0.00  0.93  0.00
  610                     1.00   0.03  0.00  0.00  0.94  0.00  0.02  0.00  0.00  0.00
  620                     1.00   0.00  0.00  0.00  0.99  0.00  0.00  0.01  0.99  0.00
  624                     1.00   0.01  0.00  0.00  0.99  0.00  0.00  0.00  0.00  0.00
  625                     1.00   0.01  0.00  0.00  0.98  0.00  0.00  0.01  0.98  0.00
  628                     1.00   0.02  0.00  0.00  0.97  0.00  0.00  0.01  0.04  0.00
  629                     1.00   0.02  0.00  0.00  0.97  0.00  0.00  0.01  0.02  0.00
  629a                    1.00   0.03  0.00  0.00  0.96  0.00  0.01  0.00  0.00  0.00
  632                     1.00   0.03  0.00  0.00  0.96  0.00  0.01  0.00  0.00  0.00
  634                     1.00   0.04  0.00  0.00  0.96  0.00  0.00  0.00  0.00  0.00
  640                     1.00   0.04  0.00  0.00  0.96  0.00  0.01  0.00  0.00  0.00
  651                     1.00   0.00  0.00  0.00  0.99  0.00  0.01  0.00  0.00  0.00
  654                     1.00   0.01  0.00  0.00  0.98  0.00  0.00  0.01  0.98  0.00
  655                     1.00   0.02  0.00  0.00  0.98  0.00  0.00  0.01  0.95  0.00
  662                     1.00   0.02  0.00  0.00  0.95  0.00  0.00  0.03  0.01  0.00
  662a                    1.00   0.03  0.00  0.00  0.96  0.00  0.00  0.01  0.01  0.00
  662b                    1.00   0.03  0.00  0.00  0.96  0.00  0.00  0.00  0.00  0.00
  K4-1                    1.00   0.04  0.00  0.00  0.95  0.00  0.01  0.00  0.00  0.00
  K4-2                    1.00   0.04  0.00  0.00  0.95  0.00  0.00  0.00  0.00  0.00
  K4-2a                   1.00   0.05  0.00  0.00  0.95  0.00  0.00  0.00  0.00  0.00
  K4-3                    1.00   0.05  0.00  0.00  0.95  0.00  0.00  0.00  0.00  0.00
  K4-3a                   1.00   0.05  0.01  0.00  0.93  0.00  0.01  0.00  0.00  0.00
  K4-3b                   1.00   0.07  0.00  0.00  0.93  0.00  0.00  0.00  0.01  0.00
  K4-4                    1.00   0.03  0.03  0.00  0.93  0.00  0.01  0.00  0.00  0.00
  K4-5                    1.00   0.03  0.00  0.00  0.97  0.00  0.00  0.00  0.00  0.00
  K4-6                    1.00   0.02  0.00  0.00  0.97  0.00  0.00  0.01  0.01  0.00
  K3-3                    1.00   0.02  0.00  0.00  0.98  0.00  0.00  0.00  0.01  0.00
  K3-4                    1.00   0.01  0.00  0.00  0.98  0.00  0.01  0.00  0.00  0.00
  686                     1.00   0.00  0.00  0.00  0.99  0.00  0.00  0.00  0.99  0.00
  689                     1.00   0.01  0.00  0.00  0.00  0.00  0.99  0.00  0.00  0.00
  K3-5                    1.00   0.01  0.02  0.00  0.96  0.00  0.01  0.00  0.00  0.00
  K3-6                    1.00   0.04  0.00  0.00  0.96  0.00  0.00  0.00  0.01  0.00
  K3-7                    1.00   0.04  0.00  0.00  0.96  0.00  0.00  0.00  0.00  0.00
  K20                     1.00   0.02  0.02  0.00  0.96  0.00  0.00  0.00  0.00  0.00
  704                     1.00   0.00  0.00  0.00  0.00  0.00  0.00  1.00  0.00  0.00
  707                     1.00   0.01  0.00  0.00  0.00  0.00  0.00  0.99  0.00  0.00
  710                     1.00   0.01  0.00  0.00  0.00  0.00  0.00  0.99  0.00  0.00
  K21                     1.00   0.02  0.00  0.00  0.98  0.00  0.00  0.00  0.01  0.00
  711                     1.00   0.00  0.00  0.00  0.99  0.00  0.00  0.01  0.99  0.00
  713                     1.00   0.01  0.00  0.00  0.00  0.00  0.00  0.99  0.00  0.00
  714                     1.00   0.01  0.00  0.00  0.98  0.00  0.00  0.01  0.98  0.00
  716                     1.00   0.02  0.00  0.00  0.97  0.00  0.01  0.00  0.00  0.00
  722                     1.00   0.03  0.00  0.00  0.00  0.00  0.00  0.97  0.00  0.00
  726                     1.00   0.03  0.00  0.00  0.96  0.00  0.00  0.01  0.96  0.00
  728                     1.00   0.03  0.00  0.00  0.94  0.00  0.00  0.02  0.00  0.00
  740                     1.00   0.04  0.00  0.00  0.96  0.00  0.00  0.01  0.01  0.00
  742                     1.00   0.04  0.00  0.00  0.95  0.00  0.00  0.01  0.00  0.00
  743                     1.00   0.05  0.00  0.00  0.95  0.00  0.00  0.00  0.00  0.00
  743a                    1.00   0.05  0.00  0.00  0.95  0.00  0.00  0.00  0.00  0.00
  757                     1.00   0.00  0.00  0.00  0.99  0.00  0.00  0.01  0.93  0.00
  759                     1.00   0.01  0.00  0.00  0.98  0.00  0.00  0.01  0.05  0.00
  760                     1.00   0.01  0.00  0.00  0.98  0.00  0.01  0.00  0.00  0.00
  760a                    1.00   0.02  0.00  0.00  0.94  0.00  0.04  0.00  0.00  0.00
  772                     1.00   0.03  0.00  0.00  0.97  0.00  0.00  0.00  0.03  0.00
  774                     1.00   0.03  0.00  0.00  0.96  0.00  0.00  0.01  0.00  0.00
  783                     1.00   0.04  0.00  0.00  0.96  0.00  0.00  0.00  0.00  0.00
  783a                    1.00   0.04  0.00  0.00  0.95  0.00  0.01  0.00  0.00  0.00
  783b                    1.00   0.04  0.00  0.00  0.95  0.00  0.00  0.01  0.00  0.00
  784                     1.00   0.05  0.00  0.00  0.95  0.00  0.00  0.00  0.00  0.00
  791                     1.00   0.05  0.00  0.00  0.95  0.00  0.01  0.00  0.00  0.00
  793                     1.00   0.04  0.00  0.00  0.95  0.00  0.00  0.01  0.00  0.00
  K22                     1.00   0.02  0.00  0.00  0.97  0.00  0.01  0.00  0.00  0.00
  K23                     1.00   0.03  0.00  0.00  0.97  0.00  0.00  0.00  0.00  0.00
  K24                     1.00   0.03  0.00  0.00  0.97  0.00  0.00  0.01  0.00  0.00
  807                     1.00   0.00  0.00  0.00  0.00  0.00  0.00  1.00  0.00  0.00
  808                     1.00   0.01  0.00  0.00  0.99  0.00  0.00  0.01  0.99  0.00
  809                     1.00   0.01  0.99  0.00  0.00  0.00  0.00  0.00  0.00  0.00
  811                     1.00   1.00  0.00  0.00  0.00  0.00  0.00  0.00  0.00  0.00
  814                     1.00   1.00  0.00  0.00  0.00  0.00  0.00  0.00  0.00  0.00
  823                     1.00   0.00  0.00  0.00  0.00  0.00  0.00  1.00  0.00  0.00
  828                     1.00   0.01  0.00  0.00  0.00  0.00  0.00  0.99  0.00  0.00
  829                     1.00   0.01  0.00  0.00  0.00  0.00  0.99  0.00  0.00  0.00
  845                     1.00   0.00  0.00  0.00  0.00  0.00  0.00  1.00  0.00  0.00
  848                     1.00   0.01  0.00  0.00  0.99  0.00  0.00  0.00  0.07  0.00
  852                     1.00   0.01  0.00  0.00  0.98  0.00  0.00  0.01  0.71  0.00
  854                     1.00   0.02  0.00  0.00  0.98  0.00  0.00  0.00  0.00  0.00
  856                     1.00   0.02  0.00  0.00  0.97  0.00  0.00  0.00  0.00  0.00
  858                     1.00   0.02  0.00  0.00  0.00  0.00  0.00  0.98  0.00  0.00
  869                     1.00   0.01  0.02  0.00  0.97  0.00  0.00  0.00  0.97  0.00
  876                     1.00   0.00  0.00  0.00  0.00  0.00  0.00  1.00  0.00  0.00
  878                     1.00   0.01  0.00  0.00  0.98  0.00  0.00  0.01  0.00  0.00
  K2-1                    1.00   0.02  0.00  0.00  0.98  0.00  0.00  0.01  0.08  0.00
  K2-2                    1.00   0.02  0.00  0.00  0.94  0.00  0.00  0.04  0.00  0.00
  K25                     1.00   0.03  0.97  0.00  0.00  0.00  0.00  0.00  0.00  0.00
  K26                     1.00   1.00  0.00  0.00  0.00  0.00  0.00  0.00  0.00  0.00
  895                     1.00   0.00  0.00  0.00  0.99  0.00  0.00  0.00  0.99  0.00
  895a                    1.00   0.01  0.00  0.00  0.99  0.00  0.01  0.00  0.00  0.00
  895b                    1.00   0.01  0.00  0.00  0.89  0.00  0.00  0.10  0.89  0.00
  899                     1.00   0.02  0.00  0.00  0.97  0.00  0.00  0.01  0.05  0.00
  901                     1.00   0.02  0.00  0.00  0.97  0.00  0.00  0.01  0.00  0.00
  905                     1.00   0.03  0.01  0.00  0.95  0.00  0.01  0.00  0.00  0.00
  905a                    1.00   0.05  0.00  0.00  0.95  0.00  0.00  0.01  0.00  0.00
  905b                    1.00   0.05  0.95  0.00  0.00  0.00  0.00  0.00  0.00  0.00
  K27                     1.00   0.12  0.87  0.00  0.00  0.00  0.01  0.00  0.00  0.00
  K28                     1.00   0.09  0.03  0.00  0.88  0.00  0.00  0.00  0.00  0.00
  K29                     1.00   0.02  0.07  0.00  0.91  0.00  0.00  0.00  0.00  0.00
  912                     1.00   0.00  0.00  0.00  0.00  0.00  0.00  1.00  0.00  0.00
  913                     1.00   0.01  0.00  0.00  0.98  0.00  0.00  0.01  0.98  0.00
  914                     1.00   0.01  0.00  0.00  0.98  0.00  0.00  0.01  0.01  0.00
  915                     1.00   0.02  0.00  0.00  0.97  0.00  0.00  0.01  0.00  0.00
  915a                    1.00   0.03  0.00  0.00  0.97  0.00  0.01  0.00  0.00  0.00
  919                     1.00   0.02  0.00  0.00  0.97  0.00  0.00  0.02  0.00  0.00
  929                     1.00   0.00  0.00  0.00  0.99  0.00  0.00  0.01  0.01  0.00
  931                     1.00   0.01  0.00  0.00  0.96  0.00  0.03  0.00  0.00  0.00
  932                     1.00   0.02  0.00  0.00  0.00  0.00  0.00  0.98  0.00  0.00
  943                     1.00   0.02  0.00  0.00  0.00  0.00  0.00  0.98  0.00  0.00
  943a                    1.00   0.03  0.00  0.00  0.97  0.00  0.00  0.00  0.00  0.00
  947                     1.00   0.02  0.03  0.00  0.00  0.95  0.00  0.00  0.95  0.00
  960                     1.00   0.00  0.00  0.00  0.99  0.00  0.00  0.01  0.99  0.00
  960a                    1.00   0.01  0.00  0.00  0.00  0.00  0.99  0.00  0.00  0.00
  K1-1                    1.00   0.02  0.00  0.00  0.86  0.12  0.00  0.01  0.98  0.00
  K1-2                    1.00   0.02  0.00  0.00  0.97  0.00  0.00  0.00  0.14  0.00
  K1-2a                   1.00   0.03  0.00  0.00  0.97  0.00  0.01  0.00  0.00  0.00
  K1-3                    1.00   0.03  0.00  0.00  0.96  0.00  0.00  0.01  0.00  0.00
  K1-3a                   1.00   0.04  0.00  0.00  0.96  0.00  0.00  0.00  0.00  0.00
  K1-4                    1.00   0.02  0.02  0.00  0.96  0.00  0.00  0.00  0.11  0.00
  K1-4a                   1.00   0.01  0.00  0.00  0.98  0.00  0.00  0.01  0.00  0.00
  982                     1.00   0.00  0.00  0.00  0.82  0.00  0.18  0.00  0.00  0.00
  K1-5                    1.00   0.01  0.00  0.00  0.99  0.00  0.00  0.01  0.00  0.00
  1005                    1.00   0.00  0.00  0.00  0.99  0.00  0.00  0.00  0.99  0.00
  997                     1.00   0.00  0.00  0.00  0.99  0.00  0.00  0.00  0.99  0.00
  1006                    1.00   0.01  0.00  0.00  0.99  0.00  0.00  0.00  0.19  0.00
  1012                    1.00   0.01  0.00  0.00  0.99  0.00  0.00  0.00  0.14  0.00
  1012a                   1.00   0.01  0.00  0.00  0.95  0.00  0.04  0.00  0.00  0.00
  K1-6                    1.00   0.01  0.00  0.00  0.88  0.00  0.00  0.10  0.00  0.00
  1013                    1.00   0.00  0.00  0.00  0.99  0.00  0.00  0.01  0.99  0.00
  1014                    1.00   0.01  0.00  0.00  0.00  0.00  0.99  0.00  0.00  0.00
  1016                    1.00   0.02  0.00  0.00  0.98  0.00  0.00  0.01  0.98  0.00
  1018                    1.00   0.02  0.00  0.00  0.97  0.00  0.00  0.01  0.15  0.00
  1020                    1.00   0.03  0.00  0.00  0.85  0.00  0.12  0.00  0.00  0.00
  K1-7                    1.00   0.02  0.00  0.00  0.98  0.00  0.00  0.00  0.01  0.00
  1024                    1.00   0.00  0.00  0.00  0.99  0.00  0.00  0.01  0.99  0.00
  1025                    1.00   0.01  0.00  0.00  0.66  0.00  0.00  0.33  0.34  0.00
  1026                    1.00   0.01  0.00  0.00  0.82  0.01  0.00  0.16  0.19  0.00
  K1-8                    1.00   0.02  0.00  0.00  0.91  0.00  0.08  0.00  0.00  0.00
  K30                     1.00   0.02  0.00  0.00  0.95  0.00  0.00  0.03  0.02  0.00
  K30a                    1.00   0.02  0.00  0.00  0.98  0.00  0.00  0.00  0.03  0.00
  1043                    1.00   0.00  0.00  0.00  0.00  0.99  0.00  0.01  0.99  0.00
  1044                    1.00   0.01  0.00  0.00  0.00  0.00  0.00  0.99  0.00  0.00
  1046                    1.00   0.01  0.00  0.00  0.00  0.00  0.00  0.99  0.00  0.00
  1047                    1.00   0.02  0.00  0.00  0.00  0.00  0.00  0.98  0.00  0.00
  1052                    1.00   0.02  0.00  0.00  0.98  0.00  0.00  0.00  0.00  0.00
  1053                    1.00   0.09  0.00  0.00  0.90  0.00  0.00  0.00  0.00  0.00
  1054                    1.00   0.10  0.00  0.00  0.85  0.00  0.00  0.05  0.02  0.00
  1056                    1.00   0.10  0.00  0.00  0.89  0.00  0.00  0.00  0.04  0.00
  1061                    1.00   0.10  0.00  0.00  0.89  0.00  0.01  0.00  0.00  0.00
  1065                    1.00   0.09  0.00  0.00  0.90  0.00  0.01  0.00  0.00  0.00
  1070                    1.00   0.06  0.02  0.00  0.91  0.00  0.01  0.00  0.00  0.00
  K31                     1.00   0.02  0.00  0.00  0.96  0.00  0.00  0.02  0.00  0.00
  618                     1.00   0.00  0.00  0.00  0.00  0.00  0.00  1.00  0.00  0.00
  622                     1.00   0.00  0.00  0.00  0.99  0.00  0.00  0.00  0.00  0.00
  Pumpmasu                1.00   0.03  0.00  0.00  0.97  0.00  0.00  0.00  0.00  0.00
  
  
  *************************
  Conduit Surcharge Summary
  *************************
  
  ----------------------------------------------------------------------------
                                                           Hours        Hours 
                         --------- Hours Full --------   Above Full   Capacity
  Conduit                Both Ends  Upstream  Dnstream   Normal Flow   Limited
  ----------------------------------------------------------------------------
  1b                          0.01      0.01     23.36      0.01         0.01
  1c                          0.01      0.01     23.36      0.01         0.01
  456                         0.01      0.01      0.01     23.75         0.01
  300                         0.01      0.01     23.71      0.14         0.01
  400                         0.01      0.01      0.01     23.74         0.01
  551                         0.01      0.01     23.76      0.01         0.01
  553                         0.01      0.01      0.01     23.50         0.01
  713                         0.01      0.01      0.01     23.78         0.01
  740                         0.01      0.01     22.39      0.01         0.01
  742                        22.39     22.39     22.48     22.16         0.01
  759                         0.01      0.01     22.27      0.01         0.01
  774                         0.01      0.01      0.01      0.01         0.01
  808                         0.01      0.01     23.60      0.01         0.01
  899                         0.01      0.01     20.86      0.01         0.01
  901                         0.01      0.01     20.76      0.01         0.01
  905                         0.01      0.01     20.76      0.01         0.01
  943a                       23.02     23.02     23.04      0.01         0.01
  1013                        0.01      0.01     23.74      0.01         0.01
  1014                        0.01      0.01     23.72      0.01         0.01
  1018                        0.01      0.01     19.11      0.01         0.01
  1052                       23.15     23.15     23.18      0.01         0.01
  1070                        0.01      0.01     19.40      0.01         0.01
  622                         0.01      0.01     23.65      0.01         0.01
  
  
  ***************
  Pumping Summary
  ***************
  
  ---------------------------------------------------------------------------------------------------------
                                                  Min       Avg       Max     Total     Power    % Time Off
                        Percent   Number of      Flow      Flow      Flow    Volume     Usage    Pump Curve
  Pump                 Utilized   Start-Ups       CMS       CMS       CMS  10^6 ltr     Kw-hr    Low   High
  ---------------------------------------------------------------------------------------------------------
  USUI1                  100.00           1      0.00     10.00     10.00   863.908      0.00    0.0    0.0
  OSUI1                    0.00           0      0.00      0.00      0.00     0.000      0.00    0.0    0.0
  

  Analysis begun on:  Wed Jul 22 13:59:05 2026
  Analysis ended on:  Wed Jul 22 13:59:28 2026
  Total elapsed time: 00:00:23