
  EPA STORM WATER MANAGEMENT MODEL - VERSION 5.2 (Build 5.2.4)
  ------------------------------------------------------------

  Wastewater Information Management System : Honolulu 
  WARNING 04: minimum elevation drop used for Conduit 212
  WARNING 08: elevation drop exceeds length for Conduit 663
  WARNING 08: elevation drop exceeds length for Conduit 483
  WARNING 04: minimum elevation drop used for Conduit 206
  WARNING 08: elevation drop exceeds length for Conduit 554
  WARNING 04: minimum elevation drop used for Conduit 388
  
  ****************
  Analysis Options
  ****************
  Flow Units ............... CFS
  Process Models:
    Rainfall/Runoff ........ NO
    RDII ................... NO
    Snowmelt ............... NO
    Groundwater ............ NO
    Flow Routing ........... YES
    Ponding Allowed ........ NO
    Water Quality .......... NO
  Flow Routing Method ...... DYNWAVE
  Surcharge Method ......... EXTRAN
  Starting Date ............ 01/01/2001 00:00:00
  Ending Date .............. 01/02/2001 00:00:00
  Antecedent Dry Days ...... 0.0
  Report Time Step ......... 00:15:00
  Routing Time Step ........ 15.00 sec
  Variable Time Step ....... YES
  Maximum Trials ........... 50
  Number of Threads ........ 1
  Head Tolerance ........... 0.003300 ft
  
  
  **************************        Volume        Volume
  Flow Routing Continuity        acre-feet      10^6 gal
  **************************     ---------     ---------
  Dry Weather Inflow .......         0.000         0.000
  Wet Weather Inflow .......         0.000         0.000
  Groundwater Inflow .......         0.000         0.000
  RDII Inflow ..............         0.000         0.000
  External Inflow ..........         0.000         0.000
  External Outflow .........         0.000         0.000
  Flooding Loss ............         0.000         0.000
  Evaporation Loss .........         0.000         0.000
  Exfiltration Loss ........         0.000         0.000
  Initial Stored Volume ....         0.000         0.000
  Final Stored Volume ......         0.000         0.000
  Continuity Error (%) .....         0.000
  
  
  ***************************
  Time-Step Critical Elements
  ***************************
  None
  
  
  ********************************
  Highest Flow Instability Indexes
  ********************************
  All links are stable.
  
  
  *********************************
  Most Frequent Nonconverging Nodes
  *********************************
  Convergence obtained at all time steps.
  
  
  *************************
  Routing Time Step Summary
  *************************
  Minimum Time Step           :    14.50 sec
  Average Time Step           :    15.00 sec
  Maximum Time Step           :    15.00 sec
  % of Time in Steady State   :     0.00
  Average Iterations per Step :     2.00
  % of Steps Not Converging   :     0.00
  Time Step Frequencies       :
     15.000 -  7.597 sec      :   100.00 %
      7.597 -  3.848 sec      :     0.00 %
      3.848 -  1.949 sec      :     0.00 %
      1.949 -  0.987 sec      :     0.00 %
      0.987 -  0.500 sec      :     0.00 %
  
  
  ******************
  Node Depth Summary
  ******************
  
  ---------------------------------------------------------------------------------
                                 Average  Maximum  Maximum  Time of Max    Reported
                                   Depth    Depth      HGL   Occurrence   Max Depth
  Node                 Type         Feet     Feet     Feet  days hr:min        Feet
  ---------------------------------------------------------------------------------
  30530038             JUNCTION     0.00     0.00    17.00     0  00:00        0.00
  30530063             JUNCTION     0.00     0.00    16.88     0  00:00        0.00
  30530134             JUNCTION     0.00     0.00    14.80     0  00:00        0.00
  30530136             JUNCTION     0.00     0.00    14.68     0  00:00        0.00
  30530200             JUNCTION     0.00     0.00    12.50     0  00:00        0.00
  30530221             JUNCTION     0.00     0.00    11.53     0  00:00        0.00
  30530236             JUNCTION     0.00     0.00    11.30     0  00:00        0.00
  30530241             JUNCTION     0.00     0.00    11.70     0  00:00        0.00
  30530243             JUNCTION     0.00     0.00    11.80     0  00:00        0.00
  30530290             JUNCTION     0.00     0.00     7.00     0  00:00        0.00
  30530308             JUNCTION     0.00     0.00     7.00     0  00:00        0.00
  30530396             JUNCTION     0.00     0.00    10.30     0  00:00        0.00
  30530494             JUNCTION     0.00     0.00    11.50     0  00:00        0.00
  30530604             JUNCTION     0.00     0.00    11.60     0  00:00        0.00
  30530715             JUNCTION     0.00     0.00     9.90     0  00:00        0.00
  30531552             JUNCTION     0.00     0.00    12.50     0  00:00        0.00
  30540041             JUNCTION     0.00     0.00     5.06     0  00:00        0.00
  30540097             JUNCTION     0.00     0.00     5.02     0  00:00        0.00
  30540150             JUNCTION     0.00     0.00     6.52     0  00:00        0.00
  30540207             JUNCTION     0.00     0.00     7.92     0  00:00        0.00
  30540270             JUNCTION     0.00     0.00    10.00     0  00:00        0.00
  30540289             JUNCTION     0.00     0.00     8.97     0  00:00        0.00
  30540312             JUNCTION     0.00     0.00     8.97     0  00:00        0.00
  30540331             JUNCTION     0.00     0.00     9.76     0  00:00        0.00
  30540409             JUNCTION     0.00     0.00     7.94     0  00:00        0.00
  30540432             JUNCTION     0.00     0.00     7.00     0  00:00        0.00
  30540458             JUNCTION     0.00     0.00     6.83     0  00:00        0.00
  30540479             JUNCTION     0.00     0.00     6.83     0  00:00        0.00
  30540622             JUNCTION     0.00     0.00     4.81     0  00:00        0.00
  30540745             JUNCTION     0.00     0.00     5.11     0  00:00        0.00
  30540912             JUNCTION     0.00     0.00     6.08     0  00:00        0.00
  30541077             JUNCTION     0.00     0.00     9.98     0  00:00        0.00
  30541204             JUNCTION     0.00     0.00    12.40     0  00:00        0.00
  30541434             JUNCTION     0.00     0.00     8.35     0  00:00        0.00
  30541441             JUNCTION     0.00     0.00     7.66     0  00:00        0.00
  26520143             JUNCTION     0.00     0.00     7.68     0  00:00        0.00
  26520202             JUNCTION     0.00     0.00     6.63     0  00:00        0.00
  26520285             JUNCTION     0.00     0.00     8.27     0  00:00        0.00
  26520304             JUNCTION     0.00     0.00     7.33     0  00:00        0.00
  26530297             JUNCTION     0.00     0.00     6.80     0  00:00        0.00
  26530319             JUNCTION     0.00     0.00     5.83     0  00:00        0.00
  26530348             JUNCTION     0.00     0.00     6.56     0  00:00        0.00
  27520028             JUNCTION     0.00     0.00    10.51     0  00:00        0.00
  27520039             JUNCTION     0.00     0.00    10.81     0  00:00        0.00
  27520121             JUNCTION     0.00     0.00    10.01     0  00:00        0.00
  27520232             JUNCTION     0.00     0.00     7.92     0  00:00        0.00
  27520546             JUNCTION     0.00     0.00     9.12     0  00:00        0.00
  27520560             JUNCTION     0.00     0.00     7.20     0  00:00        0.00
  27520578             JUNCTION     0.00     0.00     6.81     0  00:00        0.00
  27520697             JUNCTION     0.00     0.00     6.14     0  00:00        0.00
  27520797             JUNCTION     0.00     0.00     7.87     0  00:00        0.00
  27520887             JUNCTION     0.00     0.00     6.05     0  00:00        0.00
  27521026             JUNCTION     0.00     0.00     6.06     0  00:00        0.00
  27521158             JUNCTION     0.00     0.00     6.52     0  00:00        0.00
  27521335             JUNCTION     0.00     0.00     6.14     0  00:00        0.00
  27530144             JUNCTION     0.00     0.00     8.56     0  00:00        0.00
  27530172             JUNCTION     0.00     0.00     8.55     0  00:00        0.00
  27530191             JUNCTION     0.00     0.00     8.57     0  00:00        0.00
  27530197             JUNCTION     0.00     0.00     8.96     0  00:00        0.00
  27530206             JUNCTION     0.00     0.00     8.95     0  00:00        0.00
  27530229             JUNCTION     0.00     0.00     9.50     0  00:00        0.00
  27530268             JUNCTION     0.00     0.00     9.48     0  00:00        0.00
  27530312             JUNCTION     0.00     0.00     9.69     0  00:00        0.00
  27530334             JUNCTION     0.00     0.00     9.42     0  00:00        0.00
  27530373             JUNCTION     0.00     0.00     9.29     0  00:00        0.00
  27530400             JUNCTION     0.00     0.00     9.31     0  00:00        0.00
  27530443             JUNCTION     0.00     0.00     9.46     0  00:00        0.00
  27530495             JUNCTION     0.00     0.00     9.22     0  00:00        0.00
  27530552             JUNCTION     0.00     0.00    10.86     0  00:00        0.00
  27530580             JUNCTION     0.00     0.00    11.51     0  00:00        0.00
  27530647             JUNCTION     0.00     0.00    11.50     0  00:00        0.00
  27530677             JUNCTION     0.00     0.00    12.05     0  00:00        0.00
  27530693             JUNCTION     0.00     0.00    12.26     0  00:00        0.00
  27530751             JUNCTION     0.00     0.00    12.05     0  00:00        0.00
  27530780             JUNCTION     0.00     0.00    12.12     0  00:00        0.00
  27530852             JUNCTION     0.00     0.00    10.84     0  00:00        0.00
  28520128             JUNCTION     0.00     0.00     5.73     0  00:00        0.00
  28520280             JUNCTION     0.00     0.00     7.70     0  00:00        0.00
  28520371             JUNCTION     0.00     0.00     8.00     0  00:00        0.00
  28520574             JUNCTION     0.00     0.00     8.76     0  00:00        0.00
  28520701             JUNCTION     0.00     0.00     8.65     0  00:00        0.00
  28520733             JUNCTION     0.00     0.00     8.61     0  00:00        0.00
  28520787             JUNCTION     0.00     0.00     8.51     0  00:00        0.00
  28520862             JUNCTION     0.00     0.00     8.32     0  00:00        0.00
  28520988             JUNCTION     0.00     0.00     8.00     0  00:00        0.00
  28521120             JUNCTION     0.00     0.00     8.40     0  00:00        0.00
  28521166             JUNCTION     0.00     0.00     8.22     0  00:00        0.00
  28521269             JUNCTION     0.00     0.00     7.79     0  00:00        0.00
  28521316             JUNCTION     0.00     0.00     7.60     0  00:00        0.00
  28521361             JUNCTION     0.00     0.00     7.45     0  00:00        0.00
  28521461             JUNCTION     0.00     0.00     7.00     0  00:00        0.00
  28521562             JUNCTION     0.00     0.00     7.00     0  00:00        0.00
  28521626             JUNCTION     0.00     0.00     7.04     0  00:00        0.00
  28521764             JUNCTION     0.00     0.00     6.40     0  00:00        0.00
  28521830             JUNCTION     0.00     0.00     7.13     0  00:00        0.00
  28521873             JUNCTION     0.00     0.00     7.70     0  00:00        0.00
  28521963             JUNCTION     0.00     0.00     8.55     0  00:00        0.00
  28521980             JUNCTION     0.00     0.00     8.62     0  00:00        0.00
  28522075             JUNCTION     0.00     0.00     8.92     0  00:00        0.00
  28522174             JUNCTION     0.00     0.00     8.44     0  00:00        0.00
  28530050             JUNCTION     0.00     0.00     9.68     0  00:00        0.00
  28530069             JUNCTION     0.00     0.00     9.84     0  00:00        0.00
  28530178             JUNCTION     0.00     0.00    10.76     0  00:00        0.00
  28530242             JUNCTION     0.00     0.00    10.59     0  00:00        0.00
  28530320             JUNCTION     0.00     0.00     9.29     0  00:00        0.00
  28530342             JUNCTION     0.00     0.00     9.21     0  00:00        0.00
  28530462             JUNCTION     0.00     0.00     9.00     0  00:00        0.00
  28530542             JUNCTION     0.00     0.00     8.63     0  00:00        0.00
  28530644             JUNCTION     0.00     0.00     8.69     0  00:00        0.00
  28530717             JUNCTION     0.00     0.00     9.04     0  00:00        0.00
  28530770             JUNCTION     0.00     0.00     9.40     0  00:00        0.00
  28530809             JUNCTION     0.00     0.00     9.62     0  00:00        0.00
  28530910             JUNCTION     0.00     0.00     9.36     0  00:00        0.00
  28530977             JUNCTION     0.00     0.00     9.36     0  00:00        0.00
  28531133             JUNCTION     0.00     0.00    12.04     0  00:00        0.00
  28531190             JUNCTION     0.00     0.00    10.92     0  00:00        0.00
  28531322             JUNCTION     0.00     0.00    10.04     0  00:00        0.00
  28531383             JUNCTION     0.00     0.00     9.94     0  00:00        0.00
  28531497             JUNCTION     0.00     0.00     8.98     0  00:00        0.00
  28531605             JUNCTION     0.00     0.00     9.39     0  00:00        0.00
  28531639             JUNCTION     0.00     0.00     9.34     0  00:00        0.00
  28531740             JUNCTION     0.00     0.00     9.94     0  00:00        0.00
  28531844             JUNCTION     0.00     0.00    10.38     0  00:00        0.00
  28532007             JUNCTION     0.00     0.00    10.66     0  00:00        0.00
  28532028             JUNCTION     0.00     0.00    10.47     0  00:00        0.00
  28532120             JUNCTION     0.00     0.00     9.31     0  00:00        0.00
  28532303             JUNCTION     0.00     0.00     7.80     0  00:00        0.00
  28532445             JUNCTION     0.00     0.00     7.90     0  00:00        0.00
  28532556             JUNCTION     0.00     0.00     7.90     0  00:00        0.00
  28532640             JUNCTION     0.00     0.00     7.90     0  00:00        0.00
  28532791             JUNCTION     0.00     0.00     8.90     0  00:00        0.00
  28532887             JUNCTION     0.00     0.00     8.50     0  00:00        0.00
  28540032             JUNCTION     0.00     0.00     9.40     0  00:00        0.00
  28540039             JUNCTION     0.00     0.00     9.23     0  00:00        0.00
  28540070             JUNCTION     0.00     0.00     8.14     0  00:00        0.00
  28540097             JUNCTION     0.00     0.00     5.04     0  00:00        0.00
  28540102             JUNCTION     0.00     0.00     9.18     0  00:00        0.00
  28540120             JUNCTION     0.00     0.00     7.66     0  00:00        0.00
  28540128             JUNCTION     0.00     0.00     8.63     0  00:00        0.00
  28540140             JUNCTION     0.00     0.00     6.25     0  00:00        0.00
  28540142             JUNCTION     0.00     0.00     8.48     0  00:00        0.00
  28540147             JUNCTION     0.00     0.00     7.59     0  00:00        0.00
  28540176             JUNCTION     0.00     0.00     8.69     0  00:00        0.00
  28540178             JUNCTION     0.00     0.00    11.31     0  00:00        0.00
  28540227             JUNCTION     0.00     0.00    12.47     0  00:00        0.00
  28540241             JUNCTION     0.00     0.00    11.24     0  00:00        0.00
  29520076             JUNCTION     0.00     0.00     8.60     0  00:00        0.00
  29520078             JUNCTION     0.00     0.00     8.48     0  00:00        0.00
  29520118             JUNCTION     0.00     0.00     7.81     0  00:00        0.00
  29520144             JUNCTION     0.00     0.00     6.60     0  00:00        0.00
  29520190             JUNCTION     0.00     0.00     5.90     0  00:00        0.00
  29520209             JUNCTION     0.00     0.00     4.50     0  00:00        0.00
  29520241             JUNCTION     0.00     0.00    26.20     0  00:00        0.00
  29520242             JUNCTION     0.00     0.00    34.70     0  00:00        0.00
  29520243             JUNCTION     0.00     0.00    42.20     0  00:00        0.00
  29520244             JUNCTION     0.00     0.00    51.20     0  00:00        0.00
  29520245             JUNCTION     0.00     0.00    53.40     0  00:00        0.00
  29520246             JUNCTION     0.00     0.00    55.70     0  00:00        0.00
  29520248             JUNCTION     0.00     0.00    63.20     0  00:00        0.00
  29520254             JUNCTION     0.00     0.00    71.20     0  00:00        0.00
  29520258             JUNCTION     0.00     0.00    74.00     0  00:00        0.00
  29530494             JUNCTION     0.00     0.00     5.80     0  00:00        0.00
  29530561             JUNCTION     0.00     0.00     7.80     0  00:00        0.00
  29530590             JUNCTION     0.00     0.00     0.00     0  00:00        0.00
  29530599             JUNCTION     0.00     0.00     6.60     0  00:00        0.00
  29530606             JUNCTION     0.00     0.00    10.00     0  00:00        0.00
  29530611             JUNCTION     0.00     0.00     9.63     0  00:00        0.00
  29530614             JUNCTION     0.00     0.00     9.20     0  00:00        0.00
  29530615             JUNCTION     0.00     0.00     9.58     0  00:00        0.00
  29530620             JUNCTION     0.00     0.00    10.30     0  00:00        0.00
  29530635             JUNCTION     0.00     0.00     8.62     0  00:00        0.00
  29530641             JUNCTION     0.00     0.00    12.40     0  00:00        0.00
  29530643             JUNCTION     0.00     0.00    12.50     0  00:00        0.00
  29530655             JUNCTION     0.00     0.00    13.20     0  00:00        0.00
  29530679             JUNCTION     0.00     0.00    14.50     0  00:00        0.00
  29530683             JUNCTION     0.00     0.00     9.40     0  00:00        0.00
  29530697             JUNCTION     0.00     0.00    15.60     0  00:00        0.00
  29530700             JUNCTION     0.00     0.00     8.29     0  00:00        0.00
  29530705             JUNCTION     0.00     0.00     6.72     0  00:00        0.00
  29530710             JUNCTION     0.00     0.00    17.60     0  00:00        0.00
  29530727             JUNCTION     0.00     0.00     6.24     0  00:00        0.00
  29530765             JUNCTION     0.00     0.00     7.16     0  00:00        0.00
  29530781             JUNCTION     0.00     0.00     5.06     0  00:00        0.00
  29530826             JUNCTION     0.00     0.00     8.20     0  00:00        0.00
  29530827             JUNCTION     0.00     0.00     8.60     0  00:00        0.00
  29530828             JUNCTION     0.00     0.00     8.60     0  00:00        0.00
  29530852             JUNCTION     0.00     0.00    11.80     0  00:00        0.00
  29530864             JUNCTION     0.00     0.00     7.60     0  00:00        0.00
  29530900             JUNCTION     0.00     0.00     6.20     0  00:00        0.00
  29530901             JUNCTION     0.00     0.00    11.60     0  00:00        0.00
  29530942             JUNCTION     0.00     0.00     7.20     0  00:00        0.00
  29531026             JUNCTION     0.00     0.00     8.10     0  00:00        0.00
  29531035             JUNCTION     0.00     0.00     7.30     0  00:00        0.00
  29531039             JUNCTION     0.00     0.00     7.39     0  00:00        0.00
  29531109             JUNCTION     0.00     0.00     7.95     0  00:00        0.00
  29531185             JUNCTION     0.00     0.00     6.11     0  00:00        0.00
  29531220             JUNCTION     0.00     0.00    12.78     0  00:00        0.00
  29540053             JUNCTION     0.00     0.00     5.42     0  00:00        0.00
  29540097             JUNCTION     0.00     0.00    11.76     0  00:00        0.00
  29540120             JUNCTION     0.00     0.00     6.31     0  00:00        0.00
  29540121             JUNCTION     0.00     0.00     6.63     0  00:00        0.00
  29540142             JUNCTION     0.00     0.00     5.23     0  00:00        0.00
  29540164             JUNCTION     0.00     0.00    11.97     0  00:00        0.00
  29540175             JUNCTION     0.00     0.00     4.85     0  00:00        0.00
  29540231             JUNCTION     0.00     0.00    11.83     0  00:00        0.00
  29540284             JUNCTION     0.00     0.00     6.15     0  00:00        0.00
  29540319             JUNCTION     0.00     0.00     9.82     0  00:00        0.00
  29540328             JUNCTION     0.00     0.00     6.62     0  00:00        0.00
  29540341             JUNCTION     0.00     0.00     8.49     0  00:00        0.00
  29540357             JUNCTION     0.00     0.00     6.16     0  00:00        0.00
  29540361             JUNCTION     0.00     0.00    12.00     0  00:00        0.00
  29540374             JUNCTION     0.00     0.00     8.11     0  00:00        0.00
  29540407             JUNCTION     0.00     0.00     6.49     0  00:00        0.00
  29540447             JUNCTION     0.00     0.00     7.48     0  00:00        0.00
  29540466             JUNCTION     0.00     0.00    11.16     0  00:00        0.00
  29540471             JUNCTION     0.00     0.00     9.11     0  00:00        0.00
  29540476             JUNCTION     0.00     0.00     7.95     0  00:00        0.00
  29540542             JUNCTION     0.00     0.00    11.36     0  00:00        0.00
  29540608             JUNCTION     0.00     0.00     9.82     0  00:00        0.00
  29540716             JUNCTION     0.00     0.00     9.12     0  00:00        0.00
  29540872             JUNCTION     0.00     0.00     8.49     0  00:00        0.00
  29540973             JUNCTION     0.00     0.00     8.68     0  00:00        0.00
  29541113             JUNCTION     0.00     0.00     8.80     0  00:00        0.00
  29541136             JUNCTION     0.00     0.00     7.56     0  00:00        0.00
  29541377             JUNCTION     0.00     0.00     5.99     0  00:00        0.00
  29541383             JUNCTION     0.00     0.00     7.00     0  00:00        0.00
  29541427             JUNCTION     0.00     0.00     6.83     0  00:00        0.00
  29541429             JUNCTION     0.00     0.00     7.20     0  00:00        0.00
  29541466             JUNCTION     0.00     0.00     6.31     0  00:00        0.00
  29541632             JUNCTION     0.00     0.00     6.03     0  00:00        0.00
  29541828             JUNCTION     0.00     0.00     6.90     0  00:00        0.00
  29542022             JUNCTION     0.00     0.00     4.73     0  00:00        0.00
  29542174             JUNCTION     0.00     0.00     6.27     0  00:00        0.00
  29542277             JUNCTION     0.00     0.00     4.79     0  00:00        0.00
  29550002             JUNCTION     0.00     0.00    38.80     0  00:00        0.00
  29550009             JUNCTION     0.00     0.00    32.30     0  00:00        0.00
  29550015             JUNCTION     0.00     0.00    20.10     0  00:00        0.00
  29550018             JUNCTION     0.00     0.00    13.40     0  00:00        0.00
  29550108             JUNCTION     0.00     0.00     8.49     0  00:00        0.00
  29550128             JUNCTION     0.00     0.00    38.00     0  00:00        0.00
  29550165             JUNCTION     0.00     0.00     8.91     0  00:00        0.00
  29550173             JUNCTION     0.00     0.00     8.76     0  00:00        0.00
  29550178             JUNCTION     0.00     0.00     8.88     0  00:00        0.00
  29550203             JUNCTION     0.00     0.00     8.67     0  00:00        0.00
  29550234             JUNCTION     0.00     0.00     8.49     0  00:00        0.00
  29550258             JUNCTION     0.00     0.00     8.43     0  00:00        0.00
  29550297             JUNCTION     0.00     0.00     8.27     0  00:00        0.00
  29550349             JUNCTION     0.00     0.00     8.39     0  00:00        0.00
  29550383             JUNCTION     0.00     0.00     7.86     0  00:00        0.00
  29550427             JUNCTION     0.00     0.00     8.06     0  00:00        0.00
  29550469             JUNCTION     0.00     0.00     7.90     0  00:00        0.00
  29550501             JUNCTION     0.00     0.00     7.93     0  00:00        0.00
  29550531             JUNCTION     0.00     0.00     7.69     0  00:00        0.00
  29550581             JUNCTION     0.00     0.00     7.39     0  00:00        0.00
  29550636             JUNCTION     0.00     0.00     8.54     0  00:00        0.00
  25460024             JUNCTION     0.00     0.00    44.60     0  00:00        0.00
  25460026             JUNCTION     0.00     0.00    44.60     0  00:00        0.00
  25460045             JUNCTION     0.00     0.00    46.80     0  00:00        0.00
  25460048             JUNCTION     0.00     0.00    47.00     0  00:00        0.00
  25460055             JUNCTION     0.00     0.00    56.85     0  00:00        0.00
  25460058             JUNCTION     0.00     0.00    56.96     0  00:00        0.00
  25460079             JUNCTION     0.00     0.00    57.20     0  00:00        0.00
  25460083             JUNCTION     0.00     0.00    52.32     0  00:00        0.00
  25460086             JUNCTION     0.00     0.00    55.01     0  00:00        0.00
  25460095             JUNCTION     0.00     0.00    55.37     0  00:00        0.00
  25460097             JUNCTION     0.00     0.00    51.50     0  00:00        0.00
  25460098             JUNCTION     0.00     0.00    51.80     0  00:00        0.00
  25460136             JUNCTION     0.00     0.00    54.97     0  00:00        0.00
  25460173             JUNCTION     0.00     0.00    57.57     0  00:00        0.00
  25460204             JUNCTION     0.00     0.00    59.15     0  00:00        0.00
  25460236             JUNCTION     0.00     0.00    61.78     0  00:00        0.00
  25460244             JUNCTION     0.00     0.00    62.80     0  00:00        0.00
  25460271             JUNCTION     0.00     0.00    67.95     0  00:00        0.00
  25460277             JUNCTION     0.00     0.00    73.11     0  00:00        0.00
  25460296             JUNCTION     0.00     0.00    77.85     0  00:00        0.00
  25460310             JUNCTION     0.00     0.00    80.40     0  00:00        0.00
  25460325             JUNCTION     0.00     0.00    82.10     0  00:00        0.00
  25460370             JUNCTION     0.00     0.00    85.45     0  00:00        0.00
  26480431             JUNCTION     0.00     0.00    88.00     0  00:00        0.00
  26480465             JUNCTION     0.00     0.00    80.00     0  00:00        0.00
  26480803             JUNCTION     0.00     0.00     5.87     0  00:00        0.00
  26480815             JUNCTION     0.00     0.00    84.00     0  00:00        0.00
  26481089             JUNCTION     0.00     0.00    88.83     0  00:00        0.00
  26481292             JUNCTION     0.00     0.00    90.63     0  00:00        0.00
  26481379             JUNCTION     0.00     0.00    92.25     0  00:00        0.00
  26481384             JUNCTION     0.00     0.00    92.04     0  00:00        0.00
  27480074             JUNCTION     0.00     0.00    87.60     0  00:00        0.00
  27480182             JUNCTION     0.00     0.00    88.46     0  00:00        0.00
  27480285             JUNCTION     0.00     0.00    89.91     0  00:00        0.00
  27480309             JUNCTION     0.00     0.00    91.02     0  00:00        0.00
  27480332             JUNCTION     0.00     0.00    95.36     0  00:00        0.00
  27480352             JUNCTION     0.00     0.00    95.20     0  00:00        0.00
  27480382             JUNCTION     0.00     0.00    91.26     0  00:00        0.00
  27480460             JUNCTION     0.00     0.00    89.04     0  00:00        0.00
  27480494             JUNCTION     0.00     0.00    93.01     0  00:00        0.00
  27480506             JUNCTION     0.00     0.00    97.46     0  00:00        0.00
  27480515             JUNCTION     0.00     0.00   105.07     0  00:00        0.00
  27480549             JUNCTION     0.00     0.00    86.12     0  00:00        0.00
  27480633             JUNCTION     0.00     0.00    94.10     0  00:00        0.00
  27480685             JUNCTION     0.00     0.00    93.97     0  00:00        0.00
  27480724             JUNCTION     0.00     0.00    85.82     0  00:00        0.00
  27480730             JUNCTION     0.00     0.00    81.71     0  00:00        0.00
  27480734             JUNCTION     0.00     0.00    96.01     0  00:00        0.00
  27480742             JUNCTION     0.00     0.00    85.54     0  00:00        0.00
  27480750             JUNCTION     0.00     0.00    80.06     0  00:00        0.00
  27480773             JUNCTION     0.00     0.00    60.29     0  00:00        0.00
  27480788             JUNCTION     0.00     0.00    75.84     0  00:00        0.00
  27480813             JUNCTION     0.00     0.00    62.30     0  00:00        0.00
  27480825             JUNCTION     0.00     0.00    70.42     0  00:00        0.00
  27480827             JUNCTION     0.00     0.00    73.68     0  00:00        0.00
  27480843             JUNCTION     0.00     0.00    63.51     0  00:00        0.00
  27480858             JUNCTION     0.00     0.00    67.79     0  00:00        0.00
  27480894             JUNCTION     0.00     0.00    67.14     0  00:00        0.00
  27481554             JUNCTION     0.00     0.00    43.31     0  00:00        0.00
  27481558             JUNCTION     0.00     0.00    38.50     0  00:00        0.00
  27481565             JUNCTION     0.00     0.00    41.78     0  00:00        0.00
  27481578             JUNCTION     0.00     0.00    42.49     0  00:00        0.00
  27481588             JUNCTION     0.00     0.00    43.21     0  00:00        0.00
  27481639             JUNCTION     0.00     0.00    45.10     0  00:00        0.00
  27481659             JUNCTION     0.00     0.00    40.62     0  00:00        0.00
  27481669             JUNCTION     0.00     0.00    38.67     0  00:00        0.00
  27481720             JUNCTION     0.00     0.00    42.23     0  00:00        0.00
  27481752             JUNCTION     0.00     0.00    42.45     0  00:00        0.00
  27481792             JUNCTION     0.00     0.00    44.47     0  00:00        0.00
  27481858             JUNCTION     0.00     0.00    50.54     0  00:00        0.00
  27481967             JUNCTION     0.00     0.00    48.39     0  00:00        0.00
  27482027             JUNCTION     0.00     0.00    49.74     0  00:00        0.00
  27482112             JUNCTION     0.00     0.00    53.73     0  00:00        0.00
  27482155             JUNCTION     0.00     0.00    51.80     0  00:00        0.00
  27490698             JUNCTION     0.00     0.00    55.87     0  00:00        0.00
  27490710             JUNCTION     0.00     0.00    56.02     0  00:00        0.00
  27490726             JUNCTION     0.00     0.00    59.22     0  00:00        0.00
  27490734             JUNCTION     0.00     0.00    58.49     0  00:00        0.00
  27490753             JUNCTION     0.00     0.00    57.34     0  00:00        0.00
  27490769             JUNCTION     0.00     0.00    61.09     0  00:00        0.00
  27490772             JUNCTION     0.00     0.00    61.81     0  00:00        0.00
  27490845             JUNCTION     0.00     0.00    56.99     0  00:00        0.00
  27490865             JUNCTION     0.00     0.00    58.65     0  00:00        0.00
  27490981             JUNCTION     0.00     0.00    55.96     0  00:00        0.00
  27490990             JUNCTION     0.00     0.00    54.13     0  00:00        0.00
  27491053             JUNCTION     0.00     0.00    61.91     0  00:00        0.00
  27491224             JUNCTION     0.00     0.00    62.81     0  00:00        0.00
  27491320             JUNCTION     0.00     0.00    59.75     0  00:00        0.00
  27491359             JUNCTION     0.00     0.00    56.68     0  00:00        0.00
  27491432             JUNCTION     0.00     0.00    54.98     0  00:00        0.00
  27491481             JUNCTION     0.00     0.00    64.60     0  00:00        0.00
  27491538             JUNCTION     0.00     0.00    57.52     0  00:00        0.00
  27491718             JUNCTION     0.00     0.00    57.11     0  00:00        0.00
  27491827             JUNCTION     0.00     0.00    43.60     0  00:00        0.00
  27491878             JUNCTION     0.00     0.00    35.94     0  00:00        0.00
  27491987             JUNCTION     0.00     0.00    34.15     0  00:00        0.00
  27492018             JUNCTION     0.00     0.00    30.00     0  00:00        0.00
  27492042             JUNCTION     0.00     0.00    29.70     0  00:00        0.00
  27492057             JUNCTION     0.00     0.00    24.79     0  00:00        0.00
  27492064             JUNCTION     0.00     0.00    33.75     0  00:00        0.00
  27492066             JUNCTION     0.00     0.00    30.63     0  00:00        0.00
  27492071             JUNCTION     0.00     0.00    35.79     0  00:00        0.00
  27492089             JUNCTION     0.00     0.00    37.57     0  00:00        0.00
  27492216             JUNCTION     0.00     0.00    21.11     0  00:00        0.00
  27492284             JUNCTION     0.00     0.00    21.15     0  00:00        0.00
  27492290             JUNCTION     0.00     0.00    18.10     0  00:00        0.00
  27492306             JUNCTION     0.00     0.00    22.00     0  00:00        0.00
  27492316             JUNCTION     0.00     0.00    18.40     0  00:00        0.00
  27492333             JUNCTION     0.00     0.00    18.40     0  00:00        0.00
  27492435             JUNCTION     0.00     0.00    23.32     0  00:00        0.00
  27492446             JUNCTION     0.00     0.00    24.00     0  00:00        0.00
  27492454             JUNCTION     0.00     0.00    16.54     0  00:00        0.00
  27492460             JUNCTION     0.00     0.00    18.50     0  00:00        0.00
  27492471             JUNCTION     0.00     0.00    17.80     0  00:00        0.00
  27492473             JUNCTION     0.00     0.00    11.30     0  00:00        0.00
  27492487             JUNCTION     0.00     0.00    17.00     0  00:00        0.00
  27492541             JUNCTION     0.00     0.00    10.02     0  00:00        0.00
  27492548             JUNCTION     0.00     0.00    14.40     0  00:00        0.00
  27492596             JUNCTION     0.00     0.00     9.09     0  00:00        0.00
  27492600             JUNCTION     0.00     0.00    14.00     0  00:00        0.00
  27492670             JUNCTION     0.00     0.00    10.09     0  00:00        0.00
  27492679             JUNCTION     0.00     0.00    12.70     0  00:00        0.00
  27492683             JUNCTION     0.00     0.00     7.95     0  00:00        0.00
  27492688             JUNCTION     0.00     0.00     5.99     0  00:00        0.00
  27492692             JUNCTION     0.00     0.00     5.63     0  00:00        0.00
  27492694             JUNCTION     0.00     0.00     5.12     0  00:00        0.00
  27492700             JUNCTION     0.00     0.00     5.03     0  00:00        0.00
  27492746             JUNCTION     0.00     0.00    12.24     0  00:00        0.00
  27492783             JUNCTION     0.00     0.00    11.38     0  00:00        0.00
  27500012             JUNCTION     0.00     0.00     5.93     0  00:00        0.00
  27500021             JUNCTION     0.00     0.00     7.29     0  00:00        0.00
  27500033             JUNCTION     0.00     0.00     5.57     0  00:00        0.00
  27500049             JUNCTION     0.00     0.00     6.24     0  00:00        0.00
  27500057             JUNCTION     0.00     0.00     8.04     0  00:00        0.00
  27500084             JUNCTION     0.00     0.00     7.37     0  00:00        0.00
  27500091             JUNCTION     0.00     0.00     8.23     0  00:00        0.00
  27500095             JUNCTION     0.00     0.00     7.29     0  00:00        0.00
  27500098             JUNCTION     0.00     0.00     6.71     0  00:00        0.00
  27500099             JUNCTION     0.00     0.00     6.00     0  00:00        0.00
  27500101             JUNCTION     0.00     0.00     6.40     0  00:00        0.00
  27500107             JUNCTION     0.00     0.00     6.00     0  00:00        0.00
  27500145             JUNCTION     0.00     0.00     8.31     0  00:00        0.00
  27500199             JUNCTION     0.00     0.00     6.03     0  00:00        0.00
  27500207             JUNCTION     0.00     0.00     9.68     0  00:00        0.00
  27500212             JUNCTION     0.00     0.00     9.98     0  00:00        0.00
  27500219             JUNCTION     0.00     0.00     6.50     0  00:00        0.00
  27500238             JUNCTION     0.00     0.00     5.83     0  00:00        0.00
  27500241             JUNCTION     0.00     0.00    19.80     0  00:00        0.00
  27500255             JUNCTION     0.00     0.00     4.68     0  00:00        0.00
  27500263             JUNCTION     0.00     0.00    17.20     0  00:00        0.00
  27500271             JUNCTION     0.00     0.00     4.64     0  00:00        0.00
  27500336             JUNCTION     0.00     0.00     6.16     0  00:00        0.00
  27500411             JUNCTION     0.00     0.00     6.13     0  00:00        0.00
  27500447             JUNCTION     0.00     0.00     6.03     0  00:00        0.00
  27500526             JUNCTION     0.00     0.00     6.71     0  00:00        0.00
  27500588             JUNCTION     0.00     0.00     6.73     0  00:00        0.00
  27500660             JUNCTION     0.00     0.00     6.93     0  00:00        0.00
  27500677             JUNCTION     0.00     0.00     6.50     0  00:00        0.00
  27510388             JUNCTION     0.00     0.00    34.48     0  00:00        0.00
  27510422             JUNCTION     0.00     0.00    34.14     0  00:00        0.00
  27510454             JUNCTION     0.00     0.00    32.22     0  00:00        0.00
  27510497             JUNCTION     0.00     0.00    27.56     0  00:00        0.00
  27510499             JUNCTION     0.00     0.00    12.20     0  00:00        0.00
  27510530             JUNCTION     0.00     0.00     4.47     0  00:00        0.00
  27510558             JUNCTION     0.00     0.00     3.98     0  00:00        0.00
  27510613             JUNCTION     0.00     0.00     4.20     0  00:00        0.00
  28480124             JUNCTION     0.00     0.00    53.44     0  00:00        0.00
  28480244             JUNCTION     0.00     0.00    57.04     0  00:00        0.00
  28480388             JUNCTION     0.00     0.00    60.54     0  00:00        0.00
  28480555             JUNCTION     0.00     0.00    64.64     0  00:00        0.00
  28480701             JUNCTION     0.00     0.00    68.74     0  00:00        0.00
  28480886             JUNCTION     0.00     0.00    71.54     0  00:00        0.00
  28481023             JUNCTION     0.00     0.00    72.91     0  00:00        0.00
  28481150             JUNCTION     0.00     0.00    74.28     0  00:00        0.00
  28481217             JUNCTION     0.00     0.00    73.51     0  00:00        0.00
  28481384             JUNCTION     0.00     0.00    78.00     0  00:00        0.00
  28481399             JUNCTION     0.00     0.00    78.06     0  00:00        0.00
  28481449             JUNCTION     0.00     0.00    78.11     0  00:00        0.00
  28481550             JUNCTION     0.00     0.00    86.75     0  00:00        0.00
  28481637             JUNCTION     0.00     0.00    88.11     0  00:00        0.00
  28481721             JUNCTION     0.00     0.00    89.64     0  00:00        0.00
  28481841             JUNCTION     0.00     0.00    90.54     0  00:00        0.00
  28481946             JUNCTION     0.00     0.00    96.83     0  00:00        0.00
  28482052             JUNCTION     0.00     0.00    96.12     0  00:00        0.00
  28482111             JUNCTION     0.00     0.00    99.97     0  00:00        0.00
  28482183             JUNCTION     0.00     0.00    98.23     0  00:00        0.00
  28482261             JUNCTION     0.00     0.00    99.93     0  00:00        0.00
  28482400             JUNCTION     0.00     0.00   106.49     0  00:00        0.00
  28483699             JUNCTION     0.00     0.00    97.09     0  00:00        0.00
  28482543             JUNCTION     0.00     0.00    98.99     0  00:00        0.00
  28490066             JUNCTION     0.00     0.00    19.37     0  00:00        0.00
  28490155             JUNCTION     0.00     0.00    13.40     0  00:00        0.00
  28500045             JUNCTION     0.00     0.00     7.09     0  00:00        0.00
  28500047             JUNCTION     0.00     0.00     7.25     0  00:00        0.00
  28500123             JUNCTION     0.00     0.00     7.18     0  00:00        0.00
  29480069             JUNCTION     0.00     0.00   109.60     0  00:00        0.00
  29480135             JUNCTION     0.00     0.00   112.00     0  00:00        0.00
  29480195             JUNCTION     0.00     0.00   114.41     0  00:00        0.00
  29480267             JUNCTION     0.00     0.00   116.30     0  00:00        0.00
  29480362             JUNCTION     0.00     0.00   119.52     0  00:00        0.00
  29480402             JUNCTION     0.00     0.00   119.62     0  00:00        0.00
  29480416             JUNCTION     0.00     0.00   121.00     0  00:00        0.00
  29480421             JUNCTION     0.00     0.00   120.71     0  00:00        0.00
  29480423             JUNCTION     0.00     0.00   121.42     0  00:00        0.00
  29481469             JUNCTION     0.00     0.00   109.99     0  00:00        0.00
  27510797             JUNCTION     0.00     0.00     3.40     0  00:00        0.00
  27510798             JUNCTION     0.00     0.00    33.00     0  00:00        0.00
  27482125             JUNCTION     0.00     0.00    49.69     0  00:00        0.00
  28480102             JUNCTION     0.00     0.00    52.71     0  00:00        0.00
  27492710             JUNCTION     0.00     0.00    17.50     0  00:00        0.00
  kaneohe              JUNCTION     0.00     0.00    17.00     0  00:00        0.00
  kk01xa1860           JUNCTION     0.00     0.00     9.20     0  00:00        0.00
  25460377             JUNCTION     0.00     0.00    88.00     0  00:00        0.00
  kk20bb2010           JUNCTION     0.00     0.00    55.39     0  00:00        0.00
  kk30ga1210           JUNCTION     0.00     0.00    90.62     0  00:00        0.00
  62696                JUNCTION     0.00     0.00    -1.96     0  00:00        0.00
  61066                JUNCTION     0.00     0.00    -1.97     0  00:00        0.00
  26520157             OUTFALL      0.00     0.00     7.60     0  00:00        0.00
  
  
  *******************
  Node Inflow Summary
  *******************
  
  -------------------------------------------------------------------------------------------------
                                  Maximum  Maximum                  Lateral       Total        Flow
                                  Lateral    Total  Time of Max      Inflow      Inflow     Balance
                                   Inflow   Inflow   Occurrence      Volume      Volume       Error
  Node                 Type           CFS      CFS  days hr:min    10^6 gal    10^6 gal     Percent
  -------------------------------------------------------------------------------------------------
  30530038             JUNCTION      0.00     0.00     0  00:00           0           0       0.000 gal
  30530063             JUNCTION      0.00     0.00     0  00:00           0           0       0.000 gal
  30530134             JUNCTION      0.00     0.00     0  00:00           0           0       0.000 gal
  30530136             JUNCTION      0.00     0.00     0  00:00           0           0       0.000 gal
  30530200             JUNCTION      0.00     0.00     0  00:00           0           0       0.000 gal
  30530221             JUNCTION      0.00     0.00     0  00:00           0           0       0.000 gal
  30530236             JUNCTION      0.00     0.00     0  00:00           0           0       0.000 gal
  30530241             JUNCTION      0.00     0.00     0  00:00           0           0       0.000 gal
  30530243             JUNCTION      0.00     0.00     0  00:00           0           0       0.000 gal
  30530290             JUNCTION      0.00     0.00     0  00:00           0           0       0.000 gal
  30530308             JUNCTION      0.00     0.00     0  00:00           0           0       0.000 gal
  30530396             JUNCTION      0.00     0.00     0  00:00           0           0       0.000 gal
  30530494             JUNCTION      0.00     0.00     0  00:00           0           0       0.000 gal
  30530604             JUNCTION      0.00     0.00     0  00:00           0           0       0.000 gal
  30530715             JUNCTION      0.00     0.00     0  00:00           0           0       0.000 gal
  30531552             JUNCTION      0.00     0.00     0  00:00           0           0       0.000 gal
  30540041             JUNCTION      0.00     0.00     0  00:00           0           0       0.000 gal
  30540097             JUNCTION      0.00     0.00     0  00:00           0           0       0.000 gal
  30540150             JUNCTION      0.00     0.00     0  00:00           0           0       0.000 gal
  30540207             JUNCTION      0.00     0.00     0  00:00           0           0       0.000 gal
  30540270             JUNCTION      0.00     0.00     0  00:00           0           0       0.000 gal
  30540289             JUNCTION      0.00     0.00     0  00:00           0           0       0.000 gal
  30540312             JUNCTION      0.00     0.00     0  00:00           0           0       0.000 gal
  30540331             JUNCTION      0.00     0.00     0  00:00           0           0       0.000 gal
  30540409             JUNCTION      0.00     0.00     0  00:00           0           0       0.000 gal
  30540432             JUNCTION      0.00     0.00     0  00:00           0           0       0.000 gal
  30540458             JUNCTION      0.00     0.00     0  00:00           0           0       0.000 gal
  30540479             JUNCTION      0.00     0.00     0  00:00           0           0       0.000 gal
  30540622             JUNCTION      0.00     0.00     0  00:00           0           0       0.000 gal
  30540745             JUNCTION      0.00     0.00     0  00:00           0           0       0.000 gal
  30540912             JUNCTION      0.00     0.00     0  00:00           0           0       0.000 gal
  30541077             JUNCTION      0.00     0.00     0  00:00           0           0       0.000 gal
  30541204             JUNCTION      0.00     0.00     0  00:00           0           0       0.000 gal
  30541434             JUNCTION      0.00     0.00     0  00:00           0           0       0.000 gal
  30541441             JUNCTION      0.00     0.00     0  00:00           0           0       0.000 gal
  26520143             JUNCTION      0.00     0.00     0  00:00           0           0       0.000 gal
  26520202             JUNCTION      0.00     0.00     0  00:00           0           0       0.000 gal
  26520285             JUNCTION      0.00     0.00     0  00:00           0           0       0.000 gal
  26520304             JUNCTION      0.00     0.00     0  00:00           0           0       0.000 gal
  26530297             JUNCTION      0.00     0.00     0  00:00           0           0       0.000 gal
  26530319             JUNCTION      0.00     0.00     0  00:00           0           0       0.000 gal
  26530348             JUNCTION      0.00     0.00     0  00:00           0           0       0.000 gal
  27520028             JUNCTION      0.00     0.00     0  00:00           0           0       0.000 gal
  27520039             JUNCTION      0.00     0.00     0  00:00           0           0       0.000 gal
  27520121             JUNCTION      0.00     0.00     0  00:00           0           0       0.000 gal
  27520232             JUNCTION      0.00     0.00     0  00:00           0           0       0.000 gal
  27520546             JUNCTION      0.00     0.00     0  00:00           0           0       0.000 gal
  27520560             JUNCTION      0.00     0.00     0  00:00           0           0       0.000 gal
  27520578             JUNCTION      0.00     0.00     0  00:00           0           0       0.000 gal
  27520697             JUNCTION      0.00     0.00     0  00:00           0           0       0.000 gal
  27520797             JUNCTION      0.00     0.00     0  00:00           0           0       0.000 gal
  27520887             JUNCTION      0.00     0.00     0  00:00           0           0       0.000 gal
  27521026             JUNCTION      0.00     0.00     0  00:00           0           0       0.000 gal
  27521158             JUNCTION      0.00     0.00     0  00:00           0           0       0.000 gal
  27521335             JUNCTION      0.00     0.00     0  00:00           0           0       0.000 gal
  27530144             JUNCTION      0.00     0.00     0  00:00           0           0       0.000 gal
  27530172             JUNCTION      0.00     0.00     0  00:00           0           0       0.000 gal
  27530191             JUNCTION      0.00     0.00     0  00:00           0           0       0.000 gal
  27530197             JUNCTION      0.00     0.00     0  00:00           0           0       0.000 gal
  27530206             JUNCTION      0.00     0.00     0  00:00           0           0       0.000 gal
  27530229             JUNCTION      0.00     0.00     0  00:00           0           0       0.000 gal
  27530268             JUNCTION      0.00     0.00     0  00:00           0           0       0.000 gal
  27530312             JUNCTION      0.00     0.00     0  00:00           0           0       0.000 gal
  27530334             JUNCTION      0.00     0.00     0  00:00           0           0       0.000 gal
  27530373             JUNCTION      0.00     0.00     0  00:00           0           0       0.000 gal
  27530400             JUNCTION      0.00     0.00     0  00:00           0           0       0.000 gal
  27530443             JUNCTION      0.00     0.00     0  00:00           0           0       0.000 gal
  27530495             JUNCTION      0.00     0.00     0  00:00           0           0       0.000 gal
  27530552             JUNCTION      0.00     0.00     0  00:00           0           0       0.000 gal
  27530580             JUNCTION      0.00     0.00     0  00:00           0           0       0.000 gal
  27530647             JUNCTION      0.00     0.00     0  00:00           0           0       0.000 gal
  27530677             JUNCTION      0.00     0.00     0  00:00           0           0       0.000 gal
  27530693             JUNCTION      0.00     0.00     0  00:00           0           0       0.000 gal
  27530751             JUNCTION      0.00     0.00     0  00:00           0           0       0.000 gal
  27530780             JUNCTION      0.00     0.00     0  00:00           0           0       0.000 gal
  27530852             JUNCTION      0.00     0.00     0  00:00           0           0       0.000 gal
  28520128             JUNCTION      0.00     0.00     0  00:00           0           0       0.000 gal
  28520280             JUNCTION      0.00     0.00     0  00:00           0           0       0.000 gal
  28520371             JUNCTION      0.00     0.00     0  00:00           0           0       0.000 gal
  28520574             JUNCTION      0.00     0.00     0  00:00           0           0       0.000 gal
  28520701             JUNCTION      0.00     0.00     0  00:00           0           0       0.000 gal
  28520733             JUNCTION      0.00     0.00     0  00:00           0           0       0.000 gal
  28520787             JUNCTION      0.00     0.00     0  00:00           0           0       0.000 gal
  28520862             JUNCTION      0.00     0.00     0  00:00           0           0       0.000 gal
  28520988             JUNCTION      0.00     0.00     0  00:00           0           0       0.000 gal
  28521120             JUNCTION      0.00     0.00     0  00:00           0           0       0.000 gal
  28521166             JUNCTION      0.00     0.00     0  00:00           0           0       0.000 gal
  28521269             JUNCTION      0.00     0.00     0  00:00           0           0       0.000 gal
  28521316             JUNCTION      0.00     0.00     0  00:00           0           0       0.000 gal
  28521361             JUNCTION      0.00     0.00     0  00:00           0           0       0.000 gal
  28521461             JUNCTION      0.00     0.00     0  00:00           0           0       0.000 gal
  28521562             JUNCTION      0.00     0.00     0  00:00           0           0       0.000 gal
  28521626             JUNCTION      0.00     0.00     0  00:00           0           0       0.000 gal
  28521764             JUNCTION      0.00     0.00     0  00:00           0           0       0.000 gal
  28521830             JUNCTION      0.00     0.00     0  00:00           0           0       0.000 gal
  28521873             JUNCTION      0.00     0.00     0  00:00           0           0       0.000 gal
  28521963             JUNCTION      0.00     0.00     0  00:00           0           0       0.000 gal
  28521980             JUNCTION      0.00     0.00     0  00:00           0           0       0.000 gal
  28522075             JUNCTION      0.00     0.00     0  00:00           0           0       0.000 gal
  28522174             JUNCTION      0.00     0.00     0  00:00           0           0       0.000 gal
  28530050             JUNCTION      0.00     0.00     0  00:00           0           0       0.000 gal
  28530069             JUNCTION      0.00     0.00     0  00:00           0           0       0.000 gal
  28530178             JUNCTION      0.00     0.00     0  00:00           0           0       0.000 gal
  28530242             JUNCTION      0.00     0.00     0  00:00           0           0       0.000 gal
  28530320             JUNCTION      0.00     0.00     0  00:00           0           0       0.000 gal
  28530342             JUNCTION      0.00     0.00     0  00:00           0           0       0.000 gal
  28530462             JUNCTION      0.00     0.00     0  00:00           0           0       0.000 gal
  28530542             JUNCTION      0.00     0.00     0  00:00           0           0       0.000 gal
  28530644             JUNCTION      0.00     0.00     0  00:00           0           0       0.000 gal
  28530717             JUNCTION      0.00     0.00     0  00:00           0           0       0.000 gal
  28530770             JUNCTION      0.00     0.00     0  00:00           0           0       0.000 gal
  28530809             JUNCTION      0.00     0.00     0  00:00           0           0       0.000 gal
  28530910             JUNCTION      0.00     0.00     0  00:00           0           0       0.000 gal
  28530977             JUNCTION      0.00     0.00     0  00:00           0           0       0.000 gal
  28531133             JUNCTION      0.00     0.00     0  00:00           0           0       0.000 gal
  28531190             JUNCTION      0.00     0.00     0  00:00           0           0       0.000 gal
  28531322             JUNCTION      0.00     0.00     0  00:00           0           0       0.000 gal
  28531383             JUNCTION      0.00     0.00     0  00:00           0           0       0.000 gal
  28531497             JUNCTION      0.00     0.00     0  00:00           0           0       0.000 gal
  28531605             JUNCTION      0.00     0.00     0  00:00           0           0       0.000 gal
  28531639             JUNCTION      0.00     0.00     0  00:00           0           0       0.000 gal
  28531740             JUNCTION      0.00     0.00     0  00:00           0           0       0.000 gal
  28531844             JUNCTION      0.00     0.00     0  00:00           0           0       0.000 gal
  28532007             JUNCTION      0.00     0.00     0  00:00           0           0       0.000 gal
  28532028             JUNCTION      0.00     0.00     0  00:00           0           0       0.000 gal
  28532120             JUNCTION      0.00     0.00     0  00:00           0           0       0.000 gal
  28532303             JUNCTION      0.00     0.00     0  00:00           0           0       0.000 gal
  28532445             JUNCTION      0.00     0.00     0  00:00           0           0       0.000 gal
  28532556             JUNCTION      0.00     0.00     0  00:00           0           0       0.000 gal
  28532640             JUNCTION      0.00     0.00     0  00:00           0           0       0.000 gal
  28532791             JUNCTION      0.00     0.00     0  00:00           0           0       0.000 gal
  28532887             JUNCTION      0.00     0.00     0  00:00           0           0       0.000 gal
  28540032             JUNCTION      0.00     0.00     0  00:00           0           0       0.000 gal
  28540039             JUNCTION      0.00     0.00     0  00:00           0           0       0.000 gal
  28540070             JUNCTION      0.00     0.00     0  00:00           0           0       0.000 gal
  28540097             JUNCTION      0.00     0.00     0  00:00           0           0       0.000 gal
  28540102             JUNCTION      0.00     0.00     0  00:00           0           0       0.000 gal
  28540120             JUNCTION      0.00     0.00     0  00:00           0           0       0.000 gal
  28540128             JUNCTION      0.00     0.00     0  00:00           0           0       0.000 gal
  28540140             JUNCTION      0.00     0.00     0  00:00           0           0       0.000 gal
  28540142             JUNCTION      0.00     0.00     0  00:00           0           0       0.000 gal
  28540147             JUNCTION      0.00     0.00     0  00:00           0           0       0.000 gal
  28540176             JUNCTION      0.00     0.00     0  00:00           0           0       0.000 gal
  28540178             JUNCTION      0.00     0.00     0  00:00           0           0       0.000 gal
  28540227             JUNCTION      0.00     0.00     0  00:00           0           0       0.000 gal
  28540241             JUNCTION      0.00     0.00     0  00:00           0           0       0.000 gal
  29520076             JUNCTION      0.00     0.00     0  00:00           0           0       0.000 gal
  29520078             JUNCTION      0.00     0.00     0  00:00           0           0       0.000 gal
  29520118             JUNCTION      0.00     0.00     0  00:00           0           0       0.000 gal
  29520144             JUNCTION      0.00     0.00     0  00:00           0           0       0.000 gal
  29520190             JUNCTION      0.00     0.00     0  00:00           0           0       0.000 gal
  29520209             JUNCTION      0.00     0.00     0  00:00           0           0       0.000 gal
  29520241             JUNCTION      0.00     0.00     0  00:00           0           0       0.000 gal
  29520242             JUNCTION      0.00     0.00     0  00:00           0           0       0.000 gal
  29520243             JUNCTION      0.00     0.00     0  00:00           0           0       0.000 gal
  29520244             JUNCTION      0.00     0.00     0  00:00           0           0       0.000 gal
  29520245             JUNCTION      0.00     0.00     0  00:00           0           0       0.000 gal
  29520246             JUNCTION      0.00     0.00     0  00:00           0           0       0.000 gal
  29520248             JUNCTION      0.00     0.00     0  00:00           0           0       0.000 gal
  29520254             JUNCTION      0.00     0.00     0  00:00           0           0       0.000 gal
  29520258             JUNCTION      0.00     0.00     0  00:00           0           0       0.000 gal
  29530494             JUNCTION      0.00     0.00     0  00:00           0           0       0.000 gal
  29530561             JUNCTION      0.00     0.00     0  00:00           0           0       0.000 gal
  29530590             JUNCTION      0.00     0.00     0  00:00           0           0       0.000 gal
  29530599             JUNCTION      0.00     0.00     0  00:00           0           0       0.000 gal
  29530606             JUNCTION      0.00     0.00     0  00:00           0           0       0.000 gal
  29530611             JUNCTION      0.00     0.00     0  00:00           0           0       0.000 gal
  29530614             JUNCTION      0.00     0.00     0  00:00           0           0       0.000 gal
  29530615             JUNCTION      0.00     0.00     0  00:00           0           0       0.000 gal
  29530620             JUNCTION      0.00     0.00     0  00:00           0           0       0.000 gal
  29530635             JUNCTION      0.00     0.00     0  00:00           0           0       0.000 gal
  29530641             JUNCTION      0.00     0.00     0  00:00           0           0       0.000 gal
  29530643             JUNCTION      0.00     0.00     0  00:00           0           0       0.000 gal
  29530655             JUNCTION      0.00     0.00     0  00:00           0           0       0.000 gal
  29530679             JUNCTION      0.00     0.00     0  00:00           0           0       0.000 gal
  29530683             JUNCTION      0.00     0.00     0  00:00           0           0       0.000 gal
  29530697             JUNCTION      0.00     0.00     0  00:00           0           0       0.000 gal
  29530700             JUNCTION      0.00     0.00     0  00:00           0           0       0.000 gal
  29530705             JUNCTION      0.00     0.00     0  00:00           0           0       0.000 gal
  29530710             JUNCTION      0.00     0.00     0  00:00           0           0       0.000 gal
  29530727             JUNCTION      0.00     0.00     0  00:00           0           0       0.000 gal
  29530765             JUNCTION      0.00     0.00     0  00:00           0           0       0.000 gal
  29530781             JUNCTION      0.00     0.00     0  00:00           0           0       0.000 gal
  29530826             JUNCTION      0.00     0.00     0  00:00           0           0       0.000 gal
  29530827             JUNCTION      0.00     0.00     0  00:00           0           0       0.000 gal
  29530828             JUNCTION      0.00     0.00     0  00:00           0           0       0.000 gal
  29530852             JUNCTION      0.00     0.00     0  00:00           0           0       0.000 gal
  29530864             JUNCTION      0.00     0.00     0  00:00           0           0       0.000 gal
  29530900             JUNCTION      0.00     0.00     0  00:00           0           0       0.000 gal
  29530901             JUNCTION      0.00     0.00     0  00:00           0           0       0.000 gal
  29530942             JUNCTION      0.00     0.00     0  00:00           0           0       0.000 gal
  29531026             JUNCTION      0.00     0.00     0  00:00           0           0       0.000 gal
  29531035             JUNCTION      0.00     0.00     0  00:00           0           0       0.000 gal
  29531039             JUNCTION      0.00     0.00     0  00:00           0           0       0.000 gal
  29531109             JUNCTION      0.00     0.00     0  00:00           0           0       0.000 gal
  29531185             JUNCTION      0.00     0.00     0  00:00           0           0       0.000 gal
  29531220             JUNCTION      0.00     0.00     0  00:00           0           0       0.000 gal
  29540053             JUNCTION      0.00     0.00     0  00:00           0           0       0.000 gal
  29540097             JUNCTION      0.00     0.00     0  00:00           0           0       0.000 gal
  29540120             JUNCTION      0.00     0.00     0  00:00           0           0       0.000 gal
  29540121             JUNCTION      0.00     0.00     0  00:00           0           0       0.000 gal
  29540142             JUNCTION      0.00     0.00     0  00:00           0           0       0.000 gal
  29540164             JUNCTION      0.00     0.00     0  00:00           0           0       0.000 gal
  29540175             JUNCTION      0.00     0.00     0  00:00           0           0       0.000 gal
  29540231             JUNCTION      0.00     0.00     0  00:00           0           0       0.000 gal
  29540284             JUNCTION      0.00     0.00     0  00:00           0           0       0.000 gal
  29540319             JUNCTION      0.00     0.00     0  00:00           0           0       0.000 gal
  29540328             JUNCTION      0.00     0.00     0  00:00           0           0       0.000 gal
  29540341             JUNCTION      0.00     0.00     0  00:00           0           0       0.000 gal
  29540357             JUNCTION      0.00     0.00     0  00:00           0           0       0.000 gal
  29540361             JUNCTION      0.00     0.00     0  00:00           0           0       0.000 gal
  29540374             JUNCTION      0.00     0.00     0  00:00           0           0       0.000 gal
  29540407             JUNCTION      0.00     0.00     0  00:00           0           0       0.000 gal
  29540447             JUNCTION      0.00     0.00     0  00:00           0           0       0.000 gal
  29540466             JUNCTION      0.00     0.00     0  00:00           0           0       0.000 gal
  29540471             JUNCTION      0.00     0.00     0  00:00           0           0       0.000 gal
  29540476             JUNCTION      0.00     0.00     0  00:00           0           0       0.000 gal
  29540542             JUNCTION      0.00     0.00     0  00:00           0           0       0.000 gal
  29540608             JUNCTION      0.00     0.00     0  00:00           0           0       0.000 gal
  29540716             JUNCTION      0.00     0.00     0  00:00           0           0       0.000 gal
  29540872             JUNCTION      0.00     0.00     0  00:00           0           0       0.000 gal
  29540973             JUNCTION      0.00     0.00     0  00:00           0           0       0.000 gal
  29541113             JUNCTION      0.00     0.00     0  00:00           0           0       0.000 gal
  29541136             JUNCTION      0.00     0.00     0  00:00           0           0       0.000 gal
  29541377             JUNCTION      0.00     0.00     0  00:00           0           0       0.000 gal
  29541383             JUNCTION      0.00     0.00     0  00:00           0           0       0.000 gal
  29541427             JUNCTION      0.00     0.00     0  00:00           0           0       0.000 gal
  29541429             JUNCTION      0.00     0.00     0  00:00           0           0       0.000 gal
  29541466             JUNCTION      0.00     0.00     0  00:00           0           0       0.000 gal
  29541632             JUNCTION      0.00     0.00     0  00:00           0           0       0.000 gal
  29541828             JUNCTION      0.00     0.00     0  00:00           0           0       0.000 gal
  29542022             JUNCTION      0.00     0.00     0  00:00           0           0       0.000 gal
  29542174             JUNCTION      0.00     0.00     0  00:00           0           0       0.000 gal
  29542277             JUNCTION      0.00     0.00     0  00:00           0           0       0.000 gal
  29550002             JUNCTION      0.00     0.00     0  00:00           0           0       0.000 gal
  29550009             JUNCTION      0.00     0.00     0  00:00           0           0       0.000 gal
  29550015             JUNCTION      0.00     0.00     0  00:00           0           0       0.000 gal
  29550018             JUNCTION      0.00     0.00     0  00:00           0           0       0.000 gal
  29550108             JUNCTION      0.00     0.00     0  00:00           0           0       0.000 gal
  29550128             JUNCTION      0.00     0.00     0  00:00           0           0       0.000 gal
  29550165             JUNCTION      0.00     0.00     0  00:00           0           0       0.000 gal
  29550173             JUNCTION      0.00     0.00     0  00:00           0           0       0.000 gal
  29550178             JUNCTION      0.00     0.00     0  00:00           0           0       0.000 gal
  29550203             JUNCTION      0.00     0.00     0  00:00           0           0       0.000 gal
  29550234             JUNCTION      0.00     0.00     0  00:00           0           0       0.000 gal
  29550258             JUNCTION      0.00     0.00     0  00:00           0           0       0.000 gal
  29550297             JUNCTION      0.00     0.00     0  00:00           0           0       0.000 gal
  29550349             JUNCTION      0.00     0.00     0  00:00           0           0       0.000 gal
  29550383             JUNCTION      0.00     0.00     0  00:00           0           0       0.000 gal
  29550427             JUNCTION      0.00     0.00     0  00:00           0           0       0.000 gal
  29550469             JUNCTION      0.00     0.00     0  00:00           0           0       0.000 gal
  29550501             JUNCTION      0.00     0.00     0  00:00           0           0       0.000 gal
  29550531             JUNCTION      0.00     0.00     0  00:00           0           0       0.000 gal
  29550581             JUNCTION      0.00     0.00     0  00:00           0           0       0.000 gal
  29550636             JUNCTION      0.00     0.00     0  00:00           0           0       0.000 gal
  25460024             JUNCTION      0.00     0.00     0  00:00           0           0       0.000 gal
  25460026             JUNCTION      0.00     0.00     0  00:00           0           0       0.000 gal
  25460045             JUNCTION      0.00     0.00     0  00:00           0           0       0.000 gal
  25460048             JUNCTION      0.00     0.00     0  00:00           0           0       0.000 gal
  25460055             JUNCTION      0.00     0.00     0  00:00           0           0       0.000 gal
  25460058             JUNCTION      0.00     0.00     0  00:00           0           0       0.000 gal
  25460079             JUNCTION      0.00     0.00     0  00:00           0           0       0.000 gal
  25460083             JUNCTION      0.00     0.00     0  00:00           0           0       0.000 gal
  25460086             JUNCTION      0.00     0.00     0  00:00           0           0       0.000 gal
  25460095             JUNCTION      0.00     0.00     0  00:00           0           0       0.000 gal
  25460097             JUNCTION      0.00     0.00     0  00:00           0           0       0.000 gal
  25460098             JUNCTION      0.00     0.00     0  00:00           0           0       0.000 gal
  25460136             JUNCTION      0.00     0.00     0  00:00           0           0       0.000 gal
  25460173             JUNCTION      0.00     0.00     0  00:00           0           0       0.000 gal
  25460204             JUNCTION      0.00     0.00     0  00:00           0           0       0.000 gal
  25460236             JUNCTION      0.00     0.00     0  00:00           0           0       0.000 gal
  25460244             JUNCTION      0.00     0.00     0  00:00           0           0       0.000 gal
  25460271             JUNCTION      0.00     0.00     0  00:00           0           0       0.000 gal
  25460277             JUNCTION      0.00     0.00     0  00:00           0           0       0.000 gal
  25460296             JUNCTION      0.00     0.00     0  00:00           0           0       0.000 gal
  25460310             JUNCTION      0.00     0.00     0  00:00           0           0       0.000 gal
  25460325             JUNCTION      0.00     0.00     0  00:00           0           0       0.000 gal
  25460370             JUNCTION      0.00     0.00     0  00:00           0           0       0.000 gal
  26480431             JUNCTION      0.00     0.00     0  00:00           0           0       0.000 gal
  26480465             JUNCTION      0.00     0.00     0  00:00           0           0       0.000 gal
  26480803             JUNCTION      0.00     0.00     0  00:00           0           0       0.000 gal
  26480815             JUNCTION      0.00     0.00     0  00:00           0           0       0.000 gal
  26481089             JUNCTION      0.00     0.00     0  00:00           0           0       0.000 gal
  26481292             JUNCTION      0.00     0.00     0  00:00           0           0       0.000 gal
  26481379             JUNCTION      0.00     0.00     0  00:00           0           0       0.000 gal
  26481384             JUNCTION      0.00     0.00     0  00:00           0           0       0.000 gal
  27480074             JUNCTION      0.00     0.00     0  00:00           0           0       0.000 gal
  27480182             JUNCTION      0.00     0.00     0  00:00           0           0       0.000 gal
  27480285             JUNCTION      0.00     0.00     0  00:00           0           0       0.000 gal
  27480309             JUNCTION      0.00     0.00     0  00:00           0           0       0.000 gal
  27480332             JUNCTION      0.00     0.00     0  00:00           0           0       0.000 gal
  27480352             JUNCTION      0.00     0.00     0  00:00           0           0       0.000 gal
  27480382             JUNCTION      0.00     0.00     0  00:00           0           0       0.000 gal
  27480460             JUNCTION      0.00     0.00     0  00:00           0           0       0.000 gal
  27480494             JUNCTION      0.00     0.00     0  00:00           0           0       0.000 gal
  27480506             JUNCTION      0.00     0.00     0  00:00           0           0       0.000 gal
  27480515             JUNCTION      0.00     0.00     0  00:00           0           0       0.000 gal
  27480549             JUNCTION      0.00     0.00     0  00:00           0           0       0.000 gal
  27480633             JUNCTION      0.00     0.00     0  00:00           0           0       0.000 gal
  27480685             JUNCTION      0.00     0.00     0  00:00           0           0       0.000 gal
  27480724             JUNCTION      0.00     0.00     0  00:00           0           0       0.000 gal
  27480730             JUNCTION      0.00     0.00     0  00:00           0           0       0.000 gal
  27480734             JUNCTION      0.00     0.00     0  00:00           0           0       0.000 gal
  27480742             JUNCTION      0.00     0.00     0  00:00           0           0       0.000 gal
  27480750             JUNCTION      0.00     0.00     0  00:00           0           0       0.000 gal
  27480773             JUNCTION      0.00     0.00     0  00:00           0           0       0.000 gal
  27480788             JUNCTION      0.00     0.00     0  00:00           0           0       0.000 gal
  27480813             JUNCTION      0.00     0.00     0  00:00           0           0       0.000 gal
  27480825             JUNCTION      0.00     0.00     0  00:00           0           0       0.000 gal
  27480827             JUNCTION      0.00     0.00     0  00:00           0           0       0.000 gal
  27480843             JUNCTION      0.00     0.00     0  00:00           0           0       0.000 gal
  27480858             JUNCTION      0.00     0.00     0  00:00           0           0       0.000 gal
  27480894             JUNCTION      0.00     0.00     0  00:00           0           0       0.000 gal
  27481554             JUNCTION      0.00     0.00     0  00:00           0           0       0.000 gal
  27481558             JUNCTION      0.00     0.00     0  00:00           0           0       0.000 gal
  27481565             JUNCTION      0.00     0.00     0  00:00           0           0       0.000 gal
  27481578             JUNCTION      0.00     0.00     0  00:00           0           0       0.000 gal
  27481588             JUNCTION      0.00     0.00     0  00:00           0           0       0.000 gal
  27481639             JUNCTION      0.00     0.00     0  00:00           0           0       0.000 gal
  27481659             JUNCTION      0.00     0.00     0  00:00           0           0       0.000 gal
  27481669             JUNCTION      0.00     0.00     0  00:00           0           0       0.000 gal
  27481720             JUNCTION      0.00     0.00     0  00:00           0           0       0.000 gal
  27481752             JUNCTION      0.00     0.00     0  00:00           0           0       0.000 gal
  27481792             JUNCTION      0.00     0.00     0  00:00           0           0       0.000 gal
  27481858             JUNCTION      0.00     0.00     0  00:00           0           0       0.000 gal
  27481967             JUNCTION      0.00     0.00     0  00:00           0           0       0.000 gal
  27482027             JUNCTION      0.00     0.00     0  00:00           0           0       0.000 gal
  27482112             JUNCTION      0.00     0.00     0  00:00           0           0       0.000 gal
  27482155             JUNCTION      0.00     0.00     0  00:00           0           0       0.000 gal
  27490698             JUNCTION      0.00     0.00     0  00:00           0           0       0.000 gal
  27490710             JUNCTION      0.00     0.00     0  00:00           0           0       0.000 gal
  27490726             JUNCTION      0.00     0.00     0  00:00           0           0       0.000 gal
  27490734             JUNCTION      0.00     0.00     0  00:00           0           0       0.000 gal
  27490753             JUNCTION      0.00     0.00     0  00:00           0           0       0.000 gal
  27490769             JUNCTION      0.00     0.00     0  00:00           0           0       0.000 gal
  27490772             JUNCTION      0.00     0.00     0  00:00           0           0       0.000 gal
  27490845             JUNCTION      0.00     0.00     0  00:00           0           0       0.000 gal
  27490865             JUNCTION      0.00     0.00     0  00:00           0           0       0.000 gal
  27490981             JUNCTION      0.00     0.00     0  00:00           0           0       0.000 gal
  27490990             JUNCTION      0.00     0.00     0  00:00           0           0       0.000 gal
  27491053             JUNCTION      0.00     0.00     0  00:00           0           0       0.000 gal
  27491224             JUNCTION      0.00     0.00     0  00:00           0           0       0.000 gal
  27491320             JUNCTION      0.00     0.00     0  00:00           0           0       0.000 gal
  27491359             JUNCTION      0.00     0.00     0  00:00           0           0       0.000 gal
  27491432             JUNCTION      0.00     0.00     0  00:00           0           0       0.000 gal
  27491481             JUNCTION      0.00     0.00     0  00:00           0           0       0.000 gal
  27491538             JUNCTION      0.00     0.00     0  00:00           0           0       0.000 gal
  27491718             JUNCTION      0.00     0.00     0  00:00           0           0       0.000 gal
  27491827             JUNCTION      0.00     0.00     0  00:00           0           0       0.000 gal
  27491878             JUNCTION      0.00     0.00     0  00:00           0           0       0.000 gal
  27491987             JUNCTION      0.00     0.00     0  00:00           0           0       0.000 gal
  27492018             JUNCTION      0.00     0.00     0  00:00           0           0       0.000 gal
  27492042             JUNCTION      0.00     0.00     0  00:00           0           0       0.000 gal
  27492057             JUNCTION      0.00     0.00     0  00:00           0           0       0.000 gal
  27492064             JUNCTION      0.00     0.00     0  00:00           0           0       0.000 gal
  27492066             JUNCTION      0.00     0.00     0  00:00           0           0       0.000 gal
  27492071             JUNCTION      0.00     0.00     0  00:00           0           0       0.000 gal
  27492089             JUNCTION      0.00     0.00     0  00:00           0           0       0.000 gal
  27492216             JUNCTION      0.00     0.00     0  00:00           0           0       0.000 gal
  27492284             JUNCTION      0.00     0.00     0  00:00           0           0       0.000 gal
  27492290             JUNCTION      0.00     0.00     0  00:00           0           0       0.000 gal
  27492306             JUNCTION      0.00     0.00     0  00:00           0           0       0.000 gal
  27492316             JUNCTION      0.00     0.00     0  00:00           0           0       0.000 gal
  27492333             JUNCTION      0.00     0.00     0  00:00           0           0       0.000 gal
  27492435             JUNCTION      0.00     0.00     0  00:00           0           0       0.000 gal
  27492446             JUNCTION      0.00     0.00     0  00:00           0           0       0.000 gal
  27492454             JUNCTION      0.00     0.00     0  00:00           0           0       0.000 gal
  27492460             JUNCTION      0.00     0.00     0  00:00           0           0       0.000 gal
  27492471             JUNCTION      0.00     0.00     0  00:00           0           0       0.000 gal
  27492473             JUNCTION      0.00     0.00     0  00:00           0           0       0.000 gal
  27492487             JUNCTION      0.00     0.00     0  00:00           0           0       0.000 gal
  27492541             JUNCTION      0.00     0.00     0  00:00           0           0       0.000 gal
  27492548             JUNCTION      0.00     0.00     0  00:00           0           0       0.000 gal
  27492596             JUNCTION      0.00     0.00     0  00:00           0           0       0.000 gal
  27492600             JUNCTION      0.00     0.00     0  00:00           0           0       0.000 gal
  27492670             JUNCTION      0.00     0.00     0  00:00           0           0       0.000 gal
  27492679             JUNCTION      0.00     0.00     0  00:00           0           0       0.000 gal
  27492683             JUNCTION      0.00     0.00     0  00:00           0           0       0.000 gal
  27492688             JUNCTION      0.00     0.00     0  00:00           0           0       0.000 gal
  27492692             JUNCTION      0.00     0.00     0  00:00           0           0       0.000 gal
  27492694             JUNCTION      0.00     0.00     0  00:00           0           0       0.000 gal
  27492700             JUNCTION      0.00     0.00     0  00:00           0           0       0.000 gal
  27492746             JUNCTION      0.00     0.00     0  00:00           0           0       0.000 gal
  27492783             JUNCTION      0.00     0.00     0  00:00           0           0       0.000 gal
  27500012             JUNCTION      0.00     0.00     0  00:00           0           0       0.000 gal
  27500021             JUNCTION      0.00     0.00     0  00:00           0           0       0.000 gal
  27500033             JUNCTION      0.00     0.00     0  00:00           0           0       0.000 gal
  27500049             JUNCTION      0.00     0.00     0  00:00           0           0       0.000 gal
  27500057             JUNCTION      0.00     0.00     0  00:00           0           0       0.000 gal
  27500084             JUNCTION      0.00     0.00     0  00:00           0           0       0.000 gal
  27500091             JUNCTION      0.00     0.00     0  00:00           0           0       0.000 gal
  27500095             JUNCTION      0.00     0.00     0  00:00           0           0       0.000 gal
  27500098             JUNCTION      0.00     0.00     0  00:00           0           0       0.000 gal
  27500099             JUNCTION      0.00     0.00     0  00:00           0           0       0.000 gal
  27500101             JUNCTION      0.00     0.00     0  00:00           0           0       0.000 gal
  27500107             JUNCTION      0.00     0.00     0  00:00           0           0       0.000 gal
  27500145             JUNCTION      0.00     0.00     0  00:00           0           0       0.000 gal
  27500199             JUNCTION      0.00     0.00     0  00:00           0           0       0.000 gal
  27500207             JUNCTION      0.00     0.00     0  00:00           0           0       0.000 gal
  27500212             JUNCTION      0.00     0.00     0  00:00           0           0       0.000 gal
  27500219             JUNCTION      0.00     0.00     0  00:00           0           0       0.000 gal
  27500238             JUNCTION      0.00     0.00     0  00:00           0           0       0.000 gal
  27500241             JUNCTION      0.00     0.00     0  00:00           0           0       0.000 gal
  27500255             JUNCTION      0.00     0.00     0  00:00           0           0       0.000 gal
  27500263             JUNCTION      0.00     0.00     0  00:00           0           0       0.000 gal
  27500271             JUNCTION      0.00     0.00     0  00:00           0           0       0.000 gal
  27500336             JUNCTION      0.00     0.00     0  00:00           0           0       0.000 gal
  27500411             JUNCTION      0.00     0.00     0  00:00           0           0       0.000 gal
  27500447             JUNCTION      0.00     0.00     0  00:00           0           0       0.000 gal
  27500526             JUNCTION      0.00     0.00     0  00:00           0           0       0.000 gal
  27500588             JUNCTION      0.00     0.00     0  00:00           0           0       0.000 gal
  27500660             JUNCTION      0.00     0.00     0  00:00           0           0       0.000 gal
  27500677             JUNCTION      0.00     0.00     0  00:00           0           0       0.000 gal
  27510388             JUNCTION      0.00     0.00     0  00:00           0           0       0.000 gal
  27510422             JUNCTION      0.00     0.00     0  00:00           0           0       0.000 gal
  27510454             JUNCTION      0.00     0.00     0  00:00           0           0       0.000 gal
  27510497             JUNCTION      0.00     0.00     0  00:00           0           0       0.000 gal
  27510499             JUNCTION      0.00     0.00     0  00:00           0           0       0.000 gal
  27510530             JUNCTION      0.00     0.00     0  00:00           0           0       0.000 gal
  27510558             JUNCTION      0.00     0.00     0  00:00           0           0       0.000 gal
  27510613             JUNCTION      0.00     0.00     0  00:00           0           0       0.000 gal
  28480124             JUNCTION      0.00     0.00     0  00:00           0           0       0.000 gal
  28480244             JUNCTION      0.00     0.00     0  00:00           0           0       0.000 gal
  28480388             JUNCTION      0.00     0.00     0  00:00           0           0       0.000 gal
  28480555             JUNCTION      0.00     0.00     0  00:00           0           0       0.000 gal
  28480701             JUNCTION      0.00     0.00     0  00:00           0           0       0.000 gal
  28480886             JUNCTION      0.00     0.00     0  00:00           0           0       0.000 gal
  28481023             JUNCTION      0.00     0.00     0  00:00           0           0       0.000 gal
  28481150             JUNCTION      0.00     0.00     0  00:00           0           0       0.000 gal
  28481217             JUNCTION      0.00     0.00     0  00:00           0           0       0.000 gal
  28481384             JUNCTION      0.00     0.00     0  00:00           0           0       0.000 gal
  28481399             JUNCTION      0.00     0.00     0  00:00           0           0       0.000 gal
  28481449             JUNCTION      0.00     0.00     0  00:00           0           0       0.000 gal
  28481550             JUNCTION      0.00     0.00     0  00:00           0           0       0.000 gal
  28481637             JUNCTION      0.00     0.00     0  00:00           0           0       0.000 gal
  28481721             JUNCTION      0.00     0.00     0  00:00           0           0       0.000 gal
  28481841             JUNCTION      0.00     0.00     0  00:00           0           0       0.000 gal
  28481946             JUNCTION      0.00     0.00     0  00:00           0           0       0.000 gal
  28482052             JUNCTION      0.00     0.00     0  00:00           0           0       0.000 gal
  28482111             JUNCTION      0.00     0.00     0  00:00           0           0       0.000 gal
  28482183             JUNCTION      0.00     0.00     0  00:00           0           0       0.000 gal
  28482261             JUNCTION      0.00     0.00     0  00:00           0           0       0.000 gal
  28482400             JUNCTION      0.00     0.00     0  00:00           0           0       0.000 gal
  28483699             JUNCTION      0.00     0.00     0  00:00           0           0       0.000 gal
  28482543             JUNCTION      0.00     0.00     0  00:00           0           0       0.000 gal
  28490066             JUNCTION      0.00     0.00     0  00:00           0           0       0.000 gal
  28490155             JUNCTION      0.00     0.00     0  00:00           0           0       0.000 gal
  28500045             JUNCTION      0.00     0.00     0  00:00           0           0       0.000 gal
  28500047             JUNCTION      0.00     0.00     0  00:00           0           0       0.000 gal
  28500123             JUNCTION      0.00     0.00     0  00:00           0           0       0.000 gal
  29480069             JUNCTION      0.00     0.00     0  00:00           0           0       0.000 gal
  29480135             JUNCTION      0.00     0.00     0  00:00           0           0       0.000 gal
  29480195             JUNCTION      0.00     0.00     0  00:00           0           0       0.000 gal
  29480267             JUNCTION      0.00     0.00     0  00:00           0           0       0.000 gal
  29480362             JUNCTION      0.00     0.00     0  00:00           0           0       0.000 gal
  29480402             JUNCTION      0.00     0.00     0  00:00           0           0       0.000 gal
  29480416             JUNCTION      0.00     0.00     0  00:00           0           0       0.000 gal
  29480421             JUNCTION      0.00     0.00     0  00:00           0           0       0.000 gal
  29480423             JUNCTION      0.00     0.00     0  00:00           0           0       0.000 gal
  29481469             JUNCTION      0.00     0.00     0  00:00           0           0       0.000 gal
  27510797             JUNCTION      0.00     0.00     0  00:00           0           0       0.000 gal
  27510798             JUNCTION      0.00     0.00     0  00:00           0           0       0.000 gal
  27482125             JUNCTION      0.00     0.00     0  00:00           0           0       0.000 gal
  28480102             JUNCTION      0.00     0.00     0  00:00           0           0       0.000 gal
  27492710             JUNCTION      0.00     0.00     0  00:00           0           0       0.000 gal
  kaneohe              JUNCTION      0.00     0.00     0  00:00           0           0       0.000 gal
  kk01xa1860           JUNCTION      0.00     0.00     0  00:00           0           0       0.000 gal
  25460377             JUNCTION      0.00     0.00     0  00:00           0           0       0.000 gal
  kk20bb2010           JUNCTION      0.00     0.00     0  00:00           0           0       0.000 gal
  kk30ga1210           JUNCTION      0.00     0.00     0  00:00           0           0       0.000 gal
  62696                JUNCTION      0.00     0.00     0  00:00           0           0       0.000 gal
  61066                JUNCTION      0.00     0.00     0  00:00           0           0       0.000 gal
  26520157             OUTFALL       0.00     0.00     0  00:00           0           0       0.000 gal
  
  
  **********************
  Node Surcharge Summary
  **********************
  
  Surcharging occurs when water rises above the top of the highest conduit.
  ---------------------------------------------------------------------
                                               Max. Height   Min. Depth
                                   Hours       Above Crown    Below Rim
  Node                 Type      Surcharged           Feet         Feet
  ---------------------------------------------------------------------
  30540041             JUNCTION       24.00          0.000        0.000
  30540097             JUNCTION       24.00          0.000        0.000
  30540150             JUNCTION       24.00          0.000        0.000
  30540207             JUNCTION       24.00          0.000        0.000
  30540270             JUNCTION       24.00          0.000        0.000
  30540289             JUNCTION       24.00          0.000        0.000
  30540312             JUNCTION       24.00          0.000        0.000
  30540331             JUNCTION       24.00          0.000        0.000
  30540409             JUNCTION       24.00          0.000        0.000
  30540432             JUNCTION       24.00          0.000        0.000
  30540458             JUNCTION       24.00          0.000        0.000
  30540479             JUNCTION       24.00          0.000        0.000
  30540622             JUNCTION       24.00          0.000        0.000
  30540745             JUNCTION       24.00          0.000        0.000
  30540912             JUNCTION       24.00          0.000        0.000
  30541077             JUNCTION       24.00          0.000        0.000
  30541204             JUNCTION       24.00          0.000        0.000
  30541434             JUNCTION       24.00          0.000        0.000
  30541441             JUNCTION       24.00          0.000        0.000
  27520232             JUNCTION       24.00          0.000        0.000
  27520546             JUNCTION       24.00          0.000        0.000
  27520560             JUNCTION       24.00          0.000        0.000
  27520578             JUNCTION       24.00          0.000        0.000
  27520697             JUNCTION       24.00          0.000        0.000
  27520797             JUNCTION       24.00          0.000        0.000
  27520887             JUNCTION       24.00          0.000        0.000
  27521026             JUNCTION       24.00          0.000        0.000
  27521158             JUNCTION       24.00          0.000        0.000
  27521335             JUNCTION       24.00          0.000        0.000
  27530144             JUNCTION       24.00          0.000        0.000
  27530172             JUNCTION       24.00          0.000        0.000
  27530191             JUNCTION       24.00          0.000        0.000
  27530197             JUNCTION       24.00          0.000        0.000
  27530206             JUNCTION       24.00          0.000        0.000
  27530229             JUNCTION       24.00          0.000        0.000
  27530268             JUNCTION       24.00          0.000        0.000
  27530312             JUNCTION       24.00          0.000        0.000
  27530334             JUNCTION       24.00          0.000        0.000
  27530373             JUNCTION       24.00          0.000        0.000
  27530400             JUNCTION       24.00          0.000        0.000
  27530443             JUNCTION       24.00          0.000        0.000
  27530495             JUNCTION       24.00          0.000        0.000
  27530552             JUNCTION       24.00          0.000        0.000
  27530580             JUNCTION       24.00          0.000        0.000
  27530647             JUNCTION       24.00          0.000        0.000
  27530677             JUNCTION       24.00          0.000        0.000
  27530693             JUNCTION       24.00          0.000        0.000
  27530751             JUNCTION       24.00          0.000        0.000
  27530780             JUNCTION       24.00          0.000        0.000
  27530852             JUNCTION       24.00          0.000        0.000
  28520128             JUNCTION       24.00          0.000        0.000
  28520280             JUNCTION       24.00          0.000        0.000
  28520371             JUNCTION       24.00          0.000        0.000
  28520574             JUNCTION       24.00          0.000        0.000
  28520701             JUNCTION       24.00          0.000        0.000
  28520733             JUNCTION       24.00          0.000        0.000
  28520787             JUNCTION       24.00          0.000        0.000
  28520862             JUNCTION       24.00          0.000        0.000
  28520988             JUNCTION       24.00          0.000        0.000
  28521120             JUNCTION       24.00          0.000        0.000
  28521166             JUNCTION       24.00          0.000        0.000
  28521269             JUNCTION       24.00          0.000        0.000
  28521316             JUNCTION       24.00          0.000        0.000
  28521361             JUNCTION       24.00          0.000        0.000
  28521461             JUNCTION       24.00          0.000        0.000
  28521562             JUNCTION       24.00          0.000        0.000
  28521626             JUNCTION       24.00          0.000        0.000
  28521764             JUNCTION       24.00          0.000        0.000
  28521830             JUNCTION       24.00          0.000        0.000
  28521873             JUNCTION       24.00          0.000        0.000
  28521963             JUNCTION       24.00          0.000        0.000
  28521980             JUNCTION       24.00          0.000        0.000
  28522075             JUNCTION       24.00          0.000        0.000
  28522174             JUNCTION       24.00          0.000        0.000
  28530050             JUNCTION       24.00          0.000        0.000
  28530069             JUNCTION       24.00          0.000        0.000
  28530178             JUNCTION       24.00          0.000        0.000
  28530242             JUNCTION       24.00          0.000        0.000
  28530320             JUNCTION       24.00          0.000        0.000
  28530342             JUNCTION       24.00          0.000        0.000
  28530462             JUNCTION       24.00          0.000        0.000
  28530542             JUNCTION       24.00          0.000        0.000
  28530644             JUNCTION       24.00          0.000        0.000
  28530717             JUNCTION       24.00          0.000        0.000
  28530770             JUNCTION       24.00          0.000        0.000
  28530809             JUNCTION       24.00          0.000        0.000
  28530910             JUNCTION       24.00          0.000        0.000
  28530977             JUNCTION       24.00          0.000        0.000
  28531133             JUNCTION       24.00          0.000        0.000
  28531190             JUNCTION       24.00          0.000        0.000
  28531322             JUNCTION       24.00          0.000        0.000
  28531383             JUNCTION       24.00          0.000        0.000
  28531497             JUNCTION       24.00          0.000        0.000
  28531605             JUNCTION       24.00          0.000        0.000
  28531639             JUNCTION       24.00          0.000        0.000
  28531740             JUNCTION       24.00          0.000        0.000
  28531844             JUNCTION       24.00          0.000        0.000
  28532007             JUNCTION       24.00          0.000        0.000
  28532028             JUNCTION       24.00          0.000        0.000
  28532120             JUNCTION       24.00          0.000        0.000
  28532445             JUNCTION       24.00          0.000        0.000
  28532556             JUNCTION       24.00          0.000        0.000
  28532640             JUNCTION       24.00          0.000        0.000
  28532791             JUNCTION       24.00          0.000        0.000
  28540032             JUNCTION       24.00          0.000        0.000
  28540039             JUNCTION       24.00          0.000        0.000
  28540070             JUNCTION       24.00          0.000        0.000
  28540102             JUNCTION       24.00          0.000        0.000
  28540140             JUNCTION       24.00          0.000        0.000
  29541466             JUNCTION       24.00          0.000        0.000
  29541632             JUNCTION       24.00          0.000        0.000
  29541828             JUNCTION       24.00          0.000        0.000
  29542022             JUNCTION       24.00          0.000        0.000
  25460377             JUNCTION       24.00          0.000        0.000
  kk30ga1210           JUNCTION       24.00          0.000        0.000
  
  
  *********************
  Node Flooding Summary
  *********************
  
  No nodes were flooded.
  
  
  ***********************
  Outfall Loading Summary
  ***********************
  
  -----------------------------------------------------------
                         Flow       Avg       Max       Total
                         Freq      Flow      Flow      Volume
  Outfall Node           Pcnt       CFS       CFS    10^6 gal
  -----------------------------------------------------------
  26520157               0.00      0.00      0.00       0.000
  -----------------------------------------------------------
  System                 0.00      0.00      0.00       0.000
  
  
  ********************
  Link Flow Summary
  ********************
  
  -----------------------------------------------------------------------------
                                 Maximum  Time of Max   Maximum    Max/    Max/
                                  |Flow|   Occurrence   |Veloc|    Full    Full
  Link                 Type          CFS  days hr:min    ft/sec    Flow   Depth
  -----------------------------------------------------------------------------
  604                  CONDUIT      0.00     0  00:00      0.00    0.00    0.00
  561                  CONDUIT      0.00     0  00:00      0.00    0.00    0.00
  623                  CONDUIT      0.00     0  00:00      0.00    0.00    0.00
  593                  CONDUIT      0.00     0  00:00      0.00    0.00    0.00
  594                  CONDUIT      0.00     0  00:00      0.00    0.00    0.00
  595                  CONDUIT      0.00     0  00:00      0.00    0.00    0.00
  597                  CONDUIT      0.00     0  00:00      0.00    0.00    0.00
  598                  CONDUIT      0.00     0  00:00      0.00    0.00    0.00
  599                  CONDUIT      0.00     0  00:00      0.00    0.00    0.00
  600                  CONDUIT      0.00     0  00:00      0.00    0.00    0.00
  601                  CONDUIT      0.00     0  00:00      0.00    0.00    0.00
  591                  CONDUIT      0.00     0  00:00      0.00    0.00    0.00
  603                  CONDUIT      0.00     0  00:00      0.00    0.00    0.00
  589                  CONDUIT      0.00     0  00:00      0.00    0.00    0.00
  605                  CONDUIT      0.00     0  00:00      0.00    0.00    0.00
  608                  CONDUIT      0.00     0  00:00      0.00    0.00    0.00
  606                  CONDUIT      0.00     0  00:00      0.00    0.00    0.00
  607                  CONDUIT      0.00     0  00:00      0.00    0.00    0.00
  609                  CONDUIT      0.00     0  00:00      0.00    0.00    0.00
  610                  CONDUIT      0.00     0  00:00      0.00    0.00    0.00
  611                  CONDUIT      0.00     0  00:00      0.00    0.00    0.00
  612                  CONDUIT      0.00     0  00:00      0.00    0.00    0.00
  613                  CONDUIT      0.00     0  00:00      0.00    0.00    0.00
  590                  CONDUIT      0.00     0  00:00      0.00    0.00    0.00
  616                  CONDUIT      0.00     0  00:00      0.00    0.00    0.00
  209                  CONDUIT      0.00     0  00:00      0.00    0.00    0.00
  618                  CONDUIT      0.00     0  00:00      0.00    0.00    0.00
  602                  CONDUIT      0.00     0  00:00      0.00    0.00    0.00
  574                  CONDUIT      0.00     0  00:00      0.00    0.00    0.00
  562                  CONDUIT      0.00     0  00:00      0.00    0.00    0.00
  212                  CONDUIT      0.00     0  00:00      0.00    0.00    0.00
  564                  CONDUIT      0.00     0  00:00      0.00    0.00    0.00
  565                  CONDUIT      0.00     0  00:00      0.00    0.00    0.00
  566                  CONDUIT      0.00     0  00:00      0.00    0.00    0.00
  567                  CONDUIT      0.00     0  00:00      0.00    0.00    0.00
  568                  CONDUIT      0.00     0  00:00      0.00    0.00    0.00
  569                  CONDUIT      0.00     0  00:00      0.00    0.00    0.00
  570                  CONDUIT      0.00     0  00:00      0.00    0.00    0.00
  571                  CONDUIT      0.00     0  00:00      0.00    0.00    0.00
  572                  CONDUIT      0.00     0  00:00      0.00    0.00    0.00
  592                  CONDUIT      0.00     0  00:00      0.00    0.00    0.00
  619                  CONDUIT      0.00     0  00:00      0.00    0.00    0.00
  575                  CONDUIT      0.00     0  00:00      0.00    0.00    0.00
  576                  CONDUIT      0.00     0  00:00      0.00    0.00    0.00
  577                  CONDUIT      0.00     0  00:00      0.00    0.00    0.00
  578                  CONDUIT      0.00     0  00:00      0.00    0.00    0.00
  579                  CONDUIT      0.00     0  00:00      0.00    0.00    0.00
  580                  CONDUIT      0.00     0  00:00      0.00    0.00    0.00
  581                  CONDUIT      0.00     0  00:00      0.00    0.00    0.00
  582                  CONDUIT      0.00     0  00:00      0.00    0.00    0.00
  585                  CONDUIT      0.00     0  00:00      0.00    0.00    0.00
  586                  CONDUIT      0.00     0  00:00      0.00    0.00    0.00
  583                  CONDUIT      0.00     0  00:00      0.00    0.00    0.00
  587                  CONDUIT      0.00     0  00:00      0.00    0.00    0.00
  588                  CONDUIT      0.00     0  00:00      0.00    0.00    0.00
  573                  CONDUIT      0.00     0  00:00      0.00    0.00    0.00
  660                  CONDUIT      0.00     0  00:00      0.00    0.00    0.00
  617                  CONDUIT      0.00     0  00:00      0.00    0.00    0.00
  614                  CONDUIT      0.00     0  00:00      0.00    0.00    0.00
  651                  CONDUIT      0.00     0  00:00      0.00    0.00    0.00
  650                  CONDUIT      0.00     0  00:00      0.00    0.00    0.00
  652                  CONDUIT      0.00     0  00:00      0.00    0.00    0.00
  662                  CONDUIT      0.00     0  00:00      0.00    0.00    0.00
  654                  CONDUIT      0.00     0  00:00      0.00    0.00    0.00
  655                  CONDUIT      0.00     0  00:00      0.00    0.00    0.00
  656                  CONDUIT      0.00     0  00:00      0.00    0.00    0.00
  657                  CONDUIT      0.00     0  00:00      0.00    0.00    0.00
  648                  CONDUIT      0.00     0  00:00      0.00    0.00    0.00
  659                  CONDUIT      0.00     0  00:00      0.00    0.00    0.00
  216                  CONDUIT      0.00     0  00:00      0.00    0.00    0.00
  661                  CONDUIT      0.00     0  00:00      0.00    0.00    0.00
  653                  CONDUIT      0.00     0  00:00      0.00    0.00    0.00
  237                  CONDUIT      0.00     0  00:00      0.00    0.00    0.00
  239                  CONDUIT      0.00     0  00:00      0.00    0.00    0.00
  240                  CONDUIT      0.00     0  00:00      0.00    0.00    0.00
  241                  CONDUIT      0.00     0  00:00      0.00    0.00    0.00
  242                  CONDUIT      0.00     0  00:00      0.00    0.00    0.00
  243                  CONDUIT      0.00     0  00:00      0.00    0.00    0.00
  244                  CONDUIT      0.00     0  00:00      0.00    0.00    0.00
  245                  CONDUIT      0.00     0  00:00      0.00    0.00    0.00
  246                  CONDUIT      0.00     0  00:00      0.00    0.00    0.00
  217                  CONDUIT      0.00     0  00:00      0.00    0.00    0.00
  663                  CONDUIT      0.00     0  00:00      0.00    0.00    0.00
  658                  CONDUIT      0.00     0  00:00      0.00    0.00    0.00
  635                  CONDUIT      0.00     0  00:00      0.00    0.00    0.00
  621                  CONDUIT      0.00     0  00:00      0.00    0.00    0.00
  622                  CONDUIT      0.00     0  00:00      0.00    0.00    0.00
  666                  CONDUIT      0.00     0  00:00      0.00    0.00    0.00
  624                  CONDUIT      0.00     0  00:00      0.00    0.00    0.00
  625                  CONDUIT      0.00     0  00:00      0.00    0.00    0.00
  626                  CONDUIT      0.00     0  00:00      0.00    0.00    0.00
  627                  CONDUIT      0.00     0  00:00      0.00    0.00    0.00
  628                  CONDUIT      0.00     0  00:00      0.00    0.00    0.00
  629                  CONDUIT      0.00     0  00:00      0.00    0.00    0.00
  630                  CONDUIT      0.00     0  00:00      0.00    0.00    0.00
  631                  CONDUIT      0.00     0  00:00      0.00    0.00    0.00
  649                  CONDUIT      0.00     0  00:00      0.00    0.00    0.00
  634                  CONDUIT      0.00     0  00:00      0.00    0.00    0.00
  620                  CONDUIT      0.00     0  00:00      0.00    0.00    0.00
  636                  CONDUIT      0.00     0  00:00      0.00    0.00    0.00
  637                  CONDUIT      0.00     0  00:00      0.00    0.00    0.00
  638                  CONDUIT      0.00     0  00:00      0.00    0.00    0.00
  639                  CONDUIT      0.00     0  00:00      0.00    0.00    0.00
  640                  CONDUIT      0.00     0  00:00      0.00    0.00    0.00
  641                  CONDUIT      0.00     0  00:00      0.00    0.00    0.00
  646                  CONDUIT      0.00     0  00:00      0.00    0.00    0.00
  643                  CONDUIT      0.00     0  00:00      0.00    0.00    0.00
  647                  CONDUIT      0.00     0  00:00      0.00    0.00    0.00
  645                  CONDUIT      0.00     0  00:00      0.00    0.00    0.00
  642                  CONDUIT      0.00     0  00:00      0.00    0.00    0.00
  633                  CONDUIT      0.00     0  00:00      0.00    0.00    0.00
  644                  CONDUIT      0.00     0  00:00      0.00    0.00    0.00
  632                  CONDUIT      0.00     0  00:00      0.00    0.00    0.00
  491                  CONDUIT      0.00     0  00:00      0.00    0.00    0.00
  560                  CONDUIT      0.00     0  00:00      0.00    0.00    0.00
  480                  CONDUIT      0.00     0  00:00      0.00    0.00    0.00
  213                  CONDUIT      0.00     0  00:00      0.00    0.00    0.00
  482                  CONDUIT      0.00     0  00:00      0.00    0.00    0.00
  485                  CONDUIT      0.00     0  00:00      0.00    0.00    0.00
  483                  CONDUIT      0.00     0  00:00      0.00    0.00    0.00
  486                  CONDUIT      0.00     0  00:00      0.00    0.00    0.00
  214                  CONDUIT      0.00     0  00:00      0.00    0.00    0.00
  488                  CONDUIT      0.00     0  00:00      0.00    0.00    0.00
  487                  CONDUIT      0.00     0  00:00      0.00    0.00    0.00
  478                  CONDUIT      0.00     0  00:00      0.00    0.00    0.00
  490                  CONDUIT      0.00     0  00:00      0.00    0.00    0.00
  477                  CONDUIT      0.00     0  00:00      0.00    0.00    0.00
  492                  CONDUIT      0.00     0  00:00      0.00    0.00    0.00
  496                  CONDUIT      0.00     0  00:00      0.00    0.00    0.00
  495                  CONDUIT      0.00     0  00:00      0.00    0.00    0.00
  497                  CONDUIT      0.00     0  00:00      0.00    0.00    0.00
  498                  CONDUIT      0.00     0  00:00      0.00    0.00    0.00
  499                  CONDUIT      0.00     0  00:00      0.00    0.00    0.00
  500                  CONDUIT      0.00     0  00:00      0.00    0.00    0.00
  501                  CONDUIT      0.00     0  00:00      0.00    0.00    0.00
  502                  CONDUIT      0.00     0  00:00      0.00    0.00    0.00
  503                  CONDUIT      0.00     0  00:00      0.00    0.00    0.00
  504                  CONDUIT      0.00     0  00:00      0.00    0.00    0.00
  563                  CONDUIT      0.00     0  00:00      0.00    0.00    0.00
  489                  CONDUIT      0.00     0  00:00      0.00    0.00    0.00
  463                  CONDUIT      0.00     0  00:00      0.00    0.00    0.00
  202                  CONDUIT      0.00     0  00:00      0.00    0.00    0.00
  203                  CONDUIT      0.00     0  00:00      0.00    0.00    0.00
  205                  CONDUIT      0.00     0  00:00      0.00    0.00    0.00
  204                  CONDUIT      0.00     0  00:00      0.00    0.00    0.00
  206                  CONDUIT      0.00     0  00:00      0.00    0.00    0.00
  207                  CONDUIT      0.00     0  00:00      0.00    0.00    0.00
  208                  CONDUIT      0.00     0  00:00      0.00    0.00    0.00
  210                  CONDUIT      0.00     0  00:00      0.00    0.00    0.00
  211                  CONDUIT      0.00     0  00:00      0.00    0.00    0.00
  458                  CONDUIT      0.00     0  00:00      0.00    0.00    0.00
  459                  CONDUIT      0.00     0  00:00      0.00    0.00    0.00
  479                  CONDUIT      0.00     0  00:00      0.00    0.00    0.00
  462                  CONDUIT      0.00     0  00:00      0.00    0.00    0.00
  509                  CONDUIT      0.00     0  00:00      0.00    0.00    0.00
  465                  CONDUIT      0.00     0  00:00      0.00    0.00    0.00
  466                  CONDUIT      0.00     0  00:00      0.00    0.00    0.00
  467                  CONDUIT      0.00     0  00:00      0.00    0.00    0.00
  468                  CONDUIT      0.00     0  00:00      0.00    0.00    0.00
  469                  CONDUIT      0.00     0  00:00      0.00    0.00    0.00
  470                  CONDUIT      0.00     0  00:00      0.00    0.00    0.00
  471                  CONDUIT      0.00     0  00:00      0.00    0.00    0.00
  472                  CONDUIT      0.00     0  00:00      0.00    0.00    0.00
  473                  CONDUIT      0.00     0  00:00      0.00    0.00    0.00
  474                  CONDUIT      0.00     0  00:00      0.00    0.00    0.00
  475                  CONDUIT      0.00     0  00:00      0.00    0.00    0.00
  476                  CONDUIT      0.00     0  00:00      0.00    0.00    0.00
  460                  CONDUIT      0.00     0  00:00      0.00    0.00    0.00
  546                  CONDUIT      0.00     0  00:00      0.00    0.00    0.00
  505                  CONDUIT      0.00     0  00:00      0.00    0.00    0.00
  535                  CONDUIT      0.00     0  00:00      0.00    0.00    0.00
  536                  CONDUIT      0.00     0  00:00      0.00    0.00    0.00
  537                  CONDUIT      0.00     0  00:00      0.00    0.00    0.00
  538                  CONDUIT      0.00     0  00:00      0.00    0.00    0.00
  539                  CONDUIT      0.00     0  00:00      0.00    0.00    0.00
  540                  CONDUIT      0.00     0  00:00      0.00    0.00    0.00
  541                  CONDUIT      0.00     0  00:00      0.00    0.00    0.00
  542                  CONDUIT      0.00     0  00:00      0.00    0.00    0.00
  543                  CONDUIT      0.00     0  00:00      0.00    0.00    0.00
  533                  CONDUIT      0.00     0  00:00      0.00    0.00    0.00
  545                  CONDUIT      0.00     0  00:00      0.00    0.00    0.00
  532                  CONDUIT      0.00     0  00:00      0.00    0.00    0.00
  547                  CONDUIT      0.00     0  00:00      0.00    0.00    0.00
  548                  CONDUIT      0.00     0  00:00      0.00    0.00    0.00
  549                  CONDUIT      0.00     0  00:00      0.00    0.00    0.00
  550                  CONDUIT      0.00     0  00:00      0.00    0.00    0.00
  551                  CONDUIT      0.00     0  00:00      0.00    0.00    0.00
  552                  CONDUIT      0.00     0  00:00      0.00    0.00    0.00
  553                  CONDUIT      0.00     0  00:00      0.00    0.00    0.00
  554                  CONDUIT      0.00     0  00:00      0.00    0.00    0.00
  555                  CONDUIT      0.00     0  00:00      0.00    0.00    0.00
  556                  CONDUIT      0.00     0  00:00      0.00    0.00    0.00
  557                  CONDUIT      0.00     0  00:00      0.00    0.00    0.00
  558                  CONDUIT      0.00     0  00:00      0.00    0.00    0.00
  559                  CONDUIT      0.00     0  00:00      0.00    0.00    0.00
  544                  CONDUIT      0.00     0  00:00      0.00    0.00    0.00
  525                  CONDUIT      0.00     0  00:00      0.00    0.00    0.00
  510                  CONDUIT      0.00     0  00:00      0.00    0.00    0.00
  511                  CONDUIT      0.00     0  00:00      0.00    0.00    0.00
  512                  CONDUIT      0.00     0  00:00      0.00    0.00    0.00
  513                  CONDUIT      0.00     0  00:00      0.00    0.00    0.00
  514                  CONDUIT      0.00     0  00:00      0.00    0.00    0.00
  515                  CONDUIT      0.00     0  00:00      0.00    0.00    0.00
  516                  CONDUIT      0.00     0  00:00      0.00    0.00    0.00
  518                  CONDUIT      0.00     0  00:00      0.00    0.00    0.00
  519                  CONDUIT      0.00     0  00:00      0.00    0.00    0.00
  520                  CONDUIT      0.00     0  00:00      0.00    0.00    0.00
  521                  CONDUIT      0.00     0  00:00      0.00    0.00    0.00
  534                  CONDUIT      0.00     0  00:00      0.00    0.00    0.00
  524                  CONDUIT      0.00     0  00:00      0.00    0.00    0.00
  507                  CONDUIT      0.00     0  00:00      0.00    0.00    0.00
  526                  CONDUIT      0.00     0  00:00      0.00    0.00    0.00
  527                  CONDUIT      0.00     0  00:00      0.00    0.00    0.00
  528                  CONDUIT      0.00     0  00:00      0.00    0.00    0.00
  529                  CONDUIT      0.00     0  00:00      0.00    0.00    0.00
  530                  CONDUIT      0.00     0  00:00      0.00    0.00    0.00
  665                  CONDUIT      0.00     0  00:00      0.00    0.00    0.00
  531                  CONDUIT      0.00     0  00:00      0.00    0.00    0.00
  522                  CONDUIT      0.00     0  00:00      0.00    0.00    0.00
  493                  CONDUIT      0.00     0  00:00      0.00    0.00    0.00
  494                  CONDUIT      0.00     0  00:00      0.00    0.00    0.00
  215                  CONDUIT      0.00     0  00:00      0.00    0.00    0.00
  508                  CONDUIT      0.00     0  00:00      0.00    0.00    0.00
  517                  CONDUIT      0.00     0  00:00      0.00    0.00    0.00
  523                  CONDUIT      0.00     0  00:00      0.00    0.00    0.00
  396                  CONDUIT      0.00     0  00:00      0.00    0.00    0.00
  343                  CONDUIT      0.00     0  00:00      0.00    0.00    0.00
  377                  CONDUIT      0.00     0  00:00      0.00    0.00    0.00
  378                  CONDUIT      0.00     0  00:00      0.00    0.00    0.00
  380                  CONDUIT      0.00     0  00:00      0.00    0.00    0.00
  381                  CONDUIT      0.00     0  00:00      0.00    0.00    0.00
  382                  CONDUIT      0.00     0  00:00      0.00    0.00    0.00
  383                  CONDUIT      0.00     0  00:00      0.00    0.00    0.00
  384                  CONDUIT      0.00     0  00:00      0.00    0.00    0.00
  385                  CONDUIT      0.00     0  00:00      0.00    0.00    0.00
  386                  CONDUIT      0.00     0  00:00      0.00    0.00    0.00
  375                  CONDUIT      0.00     0  00:00      0.00    0.00    0.00
  389                  CONDUIT      0.00     0  00:00      0.00    0.00    0.00
  374                  CONDUIT      0.00     0  00:00      0.00    0.00    0.00
  397                  CONDUIT      0.00     0  00:00      0.00    0.00    0.00
  398                  CONDUIT      0.00     0  00:00      0.00    0.00    0.00
  399                  CONDUIT      0.00     0  00:00      0.00    0.00    0.00
  365                  CONDUIT      0.00     0  00:00      0.00    0.00    0.00
  388                  CONDUIT      0.00     0  00:00      0.00    0.00    0.00
  395                  CONDUIT      0.00     0  00:00      0.00    0.00    0.00
  367                  CONDUIT      0.00     0  00:00      0.00    0.00    0.00
  379                  CONDUIT      0.00     0  00:00      0.00    0.00    0.00
  400                  CONDUIT      0.00     0  00:00      0.00    0.00    0.00
  401                  CONDUIT      0.00     0  00:00      0.00    0.00    0.00
  402                  CONDUIT      0.00     0  00:00      0.00    0.00    0.00
  344                  CONDUIT      0.00     0  00:00      0.00    0.00    0.00
  406                  CONDUIT      0.00     0  00:00      0.00    0.00    0.00
  387                  CONDUIT      0.00     0  00:00      0.00    0.00    0.00
  358                  CONDUIT      0.00     0  00:00      0.00    0.00    0.00
  247                  CONDUIT      0.00     0  00:00      0.00    0.00    0.00
  346                  CONDUIT      0.00     0  00:00      0.00    0.00    0.00
  347                  CONDUIT      0.00     0  00:00      0.00    0.00    0.00
  348                  CONDUIT      0.00     0  00:00      0.00    0.00    0.00
  340                  CONDUIT      0.00     0  00:00      0.00    0.00    0.00
  350                  CONDUIT      0.00     0  00:00      0.00    0.00    0.00
  351                  CONDUIT      0.00     0  00:00      0.00    0.00    0.00
  352                  CONDUIT      0.00     0  00:00      0.00    0.00    0.00
  353                  CONDUIT      0.00     0  00:00      0.00    0.00    0.00
  354                  CONDUIT      0.00     0  00:00      0.00    0.00    0.00
  355                  CONDUIT      0.00     0  00:00      0.00    0.00    0.00
  376                  CONDUIT      0.00     0  00:00      0.00    0.00    0.00
  357                  CONDUIT      0.00     0  00:00      0.00    0.00    0.00
  405                  CONDUIT      0.00     0  00:00      0.00    0.00    0.00
  359                  CONDUIT      0.00     0  00:00      0.00    0.00    0.00
  360                  CONDUIT      0.00     0  00:00      0.00    0.00    0.00
  361                  CONDUIT      0.00     0  00:00      0.00    0.00    0.00
  362                  CONDUIT      0.00     0  00:00      0.00    0.00    0.00
  363                  CONDUIT      0.00     0  00:00      0.00    0.00    0.00
  349                  CONDUIT      0.00     0  00:00      0.00    0.00    0.00
  364                  CONDUIT      0.00     0  00:00      0.00    0.00    0.00
  KRdFM_Rd             CONDUIT      0.00     0  00:00      0.00    0.00    0.00
  368                  CONDUIT      0.00     0  00:00      0.00    0.00    0.00
  369                  CONDUIT      0.00     0  00:00      0.00    0.00    0.00
  371                  CONDUIT      0.00     0  00:00      0.00    0.00    0.00
  370                  CONDUIT      0.00     0  00:00      0.00    0.00    0.00
  373                  CONDUIT      0.00     0  00:00      0.00    0.00    0.00
  356                  CONDUIT      0.00     0  00:00      0.00    0.00    0.00
  450                  CONDUIT      0.00     0  00:00      0.00    0.00    0.00
  404                  CONDUIT      0.00     0  00:00      0.00    0.00    0.00
  437                  CONDUIT      0.00     0  00:00      0.00    0.00    0.00
  438                  CONDUIT      0.00     0  00:00      0.00    0.00    0.00
  439                  CONDUIT      0.00     0  00:00      0.00    0.00    0.00
  441                  CONDUIT      0.00     0  00:00      0.00    0.00    0.00
  443                  CONDUIT      0.00     0  00:00      0.00    0.00    0.00
  444                  CONDUIT      0.00     0  00:00      0.00    0.00    0.00
  445                  CONDUIT      0.00     0  00:00      0.00    0.00    0.00
  446                  CONDUIT      0.00     0  00:00      0.00    0.00    0.00
  447                  CONDUIT      0.00     0  00:00      0.00    0.00    0.00
  440                  CONDUIT      0.00     0  00:00      0.00    0.00    0.00
  449                  CONDUIT      0.00     0  00:00      0.00    0.00    0.00
  436                  CONDUIT      0.00     0  00:00      0.00    0.00    0.00
  451                  CONDUIT      0.00     0  00:00      0.00    0.00    0.00
  452                  CONDUIT      0.00     0  00:00      0.00    0.00    0.00
  453                  CONDUIT      0.00     0  00:00      0.00    0.00    0.00
  454                  CONDUIT      0.00     0  00:00      0.00    0.00    0.00
  455                  CONDUIT      0.00     0  00:00      0.00    0.00    0.00
  456                  CONDUIT      0.00     0  00:00      0.00    0.00    0.00
  457                  CONDUIT      0.00     0  00:00      0.00    0.00    0.00
  390                  CONDUIT      0.00     0  00:00      0.00    0.00    0.00
  372                  CONDUIT      0.00     0  00:00      0.00    0.00    0.00
  394                  CONDUIT      0.00     0  00:00      0.00    0.00    0.00
  393                  CONDUIT      0.00     0  00:00      0.00    0.00    0.00
  392                  CONDUIT      0.00     0  00:00      0.00    0.00    0.00
  391                  CONDUIT      0.00     0  00:00      0.00    0.00    0.00
  448                  CONDUIT      0.00     0  00:00      0.00    0.00    0.00
  422                  CONDUIT      0.00     0  00:00      0.00    0.00    0.00
  409                  CONDUIT      0.00     0  00:00      0.00    0.00    0.00
  410                  CONDUIT      0.00     0  00:00      0.00    0.00    0.00
  411                  CONDUIT      0.00     0  00:00      0.00    0.00    0.00
  412                  CONDUIT      0.00     0  00:00      0.00    0.00    0.00
  413                  CONDUIT      0.00     0  00:00      0.00    0.00    0.00
  414                  CONDUIT      0.00     0  00:00      0.00    0.00    0.00
  415                  CONDUIT      0.00     0  00:00      0.00    0.00    0.00
  416                  CONDUIT      0.00     0  00:00      0.00    0.00    0.00
  417                  CONDUIT      0.00     0  00:00      0.00    0.00    0.00
  418                  CONDUIT      0.00     0  00:00      0.00    0.00    0.00
  419                  CONDUIT      0.00     0  00:00      0.00    0.00    0.00
  407                  CONDUIT      0.00     0  00:00      0.00    0.00    0.00
  421                  CONDUIT      0.00     0  00:00      0.00    0.00    0.00
  408                  CONDUIT      0.00     0  00:00      0.00    0.00    0.00
  423                  CONDUIT      0.00     0  00:00      0.00    0.00    0.00
  424                  CONDUIT      0.00     0  00:00      0.00    0.00    0.00
  425                  CONDUIT      0.00     0  00:00      0.00    0.00    0.00
  995.1                CONDUIT      0.00     0  00:00      0.00    0.00    0.00
  KhtsFM               CONDUIT      0.00     0  00:00      0.00    0.00    0.00
  427                  CONDUIT      0.00     0  00:00      0.00    0.00    0.00
  429                  CONDUIT      0.00     0  00:00      0.00    0.00    0.00
  430                  CONDUIT      0.00     0  00:00      0.00    0.00    0.00
  329                  CONDUIT      0.00     0  00:00      0.00    0.00    0.00
  62695                CONDUIT      0.00     0  00:00      0.00    0.00    0.00
  Kan1FM               CONDUIT      0.00     0  00:00      0.00    0.00    0.00
  584                  CONDUIT      0.00     0  00:00      0.00    0.00    0.00
  AhuiFM               CONDUIT      0.00     0  00:00      0.00    0.00    0.00
  464                  CONDUIT      0.00     0  00:00      0.00    0.00    0.00
  
  
  ***************************
  Flow Classification Summary
  ***************************
  
  -------------------------------------------------------------------------------------
                      Adjusted    ---------- Fraction of Time in Flow Class ---------- 
                       /Actual         Up    Down  Sub   Sup   Up    Down  Norm  Inlet 
  Conduit               Length    Dry  Dry   Dry   Crit  Crit  Crit  Crit  Ltd   Ctrl  
  -------------------------------------------------------------------------------------
  604                     1.00   1.00  0.00  0.00  0.00  0.00  0.00  0.00  0.00  0.00
  561                     1.00   1.00  0.00  0.00  0.00  0.00  0.00  0.00  0.00  0.00
  623                     1.00   1.00  0.00  0.00  0.00  0.00  0.00  0.00  0.00  0.00
  593                     1.00   1.00  0.00  0.00  0.00  0.00  0.00  0.00  0.00  0.00
  594                     1.00   1.00  0.00  0.00  0.00  0.00  0.00  0.00  0.00  0.00
  595                     1.00   1.00  0.00  0.00  0.00  0.00  0.00  0.00  0.00  0.00
  597                     1.00   1.00  0.00  0.00  0.00  0.00  0.00  0.00  0.00  0.00
  598                     1.00   1.00  0.00  0.00  0.00  0.00  0.00  0.00  0.00  0.00
  599                     1.00   1.00  0.00  0.00  0.00  0.00  0.00  0.00  0.00  0.00
  600                     1.00   1.00  0.00  0.00  0.00  0.00  0.00  0.00  0.00  0.00
  601                     1.00   1.00  0.00  0.00  0.00  0.00  0.00  0.00  0.00  0.00
  591                     1.00   1.00  0.00  0.00  0.00  0.00  0.00  0.00  0.00  0.00
  603                     1.00   1.00  0.00  0.00  0.00  0.00  0.00  0.00  0.00  0.00
  589                     1.00   1.00  0.00  0.00  0.00  0.00  0.00  0.00  0.00  0.00
  605                     1.00   1.00  0.00  0.00  0.00  0.00  0.00  0.00  0.00  0.00
  608                     1.00   1.00  0.00  0.00  0.00  0.00  0.00  0.00  0.00  0.00
  606                     1.00   1.00  0.00  0.00  0.00  0.00  0.00  0.00  0.00  0.00
  607                     1.00   1.00  0.00  0.00  0.00  0.00  0.00  0.00  0.00  0.00
  609                     1.00   1.00  0.00  0.00  0.00  0.00  0.00  0.00  0.00  0.00
  610                     1.00   1.00  0.00  0.00  0.00  0.00  0.00  0.00  0.00  0.00
  611                     1.00   1.00  0.00  0.00  0.00  0.00  0.00  0.00  0.00  0.00
  612                     1.00   1.00  0.00  0.00  0.00  0.00  0.00  0.00  0.00  0.00
  613                     1.00   1.00  0.00  0.00  0.00  0.00  0.00  0.00  0.00  0.00
  590                     1.00   1.00  0.00  0.00  0.00  0.00  0.00  0.00  0.00  0.00
  616                     1.00   1.00  0.00  0.00  0.00  0.00  0.00  0.00  0.00  0.00
  209                     1.00   1.00  0.00  0.00  0.00  0.00  0.00  0.00  0.00  0.00
  618                     1.00   1.00  0.00  0.00  0.00  0.00  0.00  0.00  0.00  0.00
  602                     1.00   1.00  0.00  0.00  0.00  0.00  0.00  0.00  0.00  0.00
  574                     1.00   1.00  0.00  0.00  0.00  0.00  0.00  0.00  0.00  0.00
  562                     1.00   1.00  0.00  0.00  0.00  0.00  0.00  0.00  0.00  0.00
  212                     1.00   1.00  0.00  0.00  0.00  0.00  0.00  0.00  0.00  0.00
  564                     1.00   1.00  0.00  0.00  0.00  0.00  0.00  0.00  0.00  0.00
  565                     1.00   1.00  0.00  0.00  0.00  0.00  0.00  0.00  0.00  0.00
  566                     1.00   1.00  0.00  0.00  0.00  0.00  0.00  0.00  0.00  0.00
  567                     1.00   1.00  0.00  0.00  0.00  0.00  0.00  0.00  0.00  0.00
  568                     1.00   1.00  0.00  0.00  0.00  0.00  0.00  0.00  0.00  0.00
  569                     1.00   1.00  0.00  0.00  0.00  0.00  0.00  0.00  0.00  0.00
  570                     1.00   1.00  0.00  0.00  0.00  0.00  0.00  0.00  0.00  0.00
  571                     1.00   1.00  0.00  0.00  0.00  0.00  0.00  0.00  0.00  0.00
  572                     1.00   1.00  0.00  0.00  0.00  0.00  0.00  0.00  0.00  0.00
  592                     1.00   1.00  0.00  0.00  0.00  0.00  0.00  0.00  0.00  0.00
  619                     1.00   1.00  0.00  0.00  0.00  0.00  0.00  0.00  0.00  0.00
  575                     1.00   1.00  0.00  0.00  0.00  0.00  0.00  0.00  0.00  0.00
  576                     1.00   1.00  0.00  0.00  0.00  0.00  0.00  0.00  0.00  0.00
  577                     1.00   1.00  0.00  0.00  0.00  0.00  0.00  0.00  0.00  0.00
  578                     1.00   1.00  0.00  0.00  0.00  0.00  0.00  0.00  0.00  0.00
  579                     1.00   1.00  0.00  0.00  0.00  0.00  0.00  0.00  0.00  0.00
  580                     1.00   1.00  0.00  0.00  0.00  0.00  0.00  0.00  0.00  0.00
  581                     1.00   1.00  0.00  0.00  0.00  0.00  0.00  0.00  0.00  0.00
  582                     1.00   1.00  0.00  0.00  0.00  0.00  0.00  0.00  0.00  0.00
  585                     1.00   1.00  0.00  0.00  0.00  0.00  0.00  0.00  0.00  0.00
  586                     1.00   1.00  0.00  0.00  0.00  0.00  0.00  0.00  0.00  0.00
  583                     1.00   1.00  0.00  0.00  0.00  0.00  0.00  0.00  0.00  0.00
  587                     1.00   1.00  0.00  0.00  0.00  0.00  0.00  0.00  0.00  0.00
  588                     1.00   1.00  0.00  0.00  0.00  0.00  0.00  0.00  0.00  0.00
  573                     1.00   1.00  0.00  0.00  0.00  0.00  0.00  0.00  0.00  0.00
  660                     1.00   1.00  0.00  0.00  0.00  0.00  0.00  0.00  0.00  0.00
  617                     1.00   1.00  0.00  0.00  0.00  0.00  0.00  0.00  0.00  0.00
  614                     1.00   1.00  0.00  0.00  0.00  0.00  0.00  0.00  0.00  0.00
  651                     1.00   1.00  0.00  0.00  0.00  0.00  0.00  0.00  0.00  0.00
  650                     1.00   1.00  0.00  0.00  0.00  0.00  0.00  0.00  0.00  0.00
  652                     1.00   1.00  0.00  0.00  0.00  0.00  0.00  0.00  0.00  0.00
  662                     1.00   1.00  0.00  0.00  0.00  0.00  0.00  0.00  0.00  0.00
  654                     1.00   1.00  0.00  0.00  0.00  0.00  0.00  0.00  0.00  0.00
  655                     1.00   1.00  0.00  0.00  0.00  0.00  0.00  0.00  0.00  0.00
  656                     1.00   1.00  0.00  0.00  0.00  0.00  0.00  0.00  0.00  0.00
  657                     1.00   1.00  0.00  0.00  0.00  0.00  0.00  0.00  0.00  0.00
  648                     1.00   1.00  0.00  0.00  0.00  0.00  0.00  0.00  0.00  0.00
  659                     1.00   1.00  0.00  0.00  0.00  0.00  0.00  0.00  0.00  0.00
  216                     1.00   1.00  0.00  0.00  0.00  0.00  0.00  0.00  0.00  0.00
  661                     1.00   1.00  0.00  0.00  0.00  0.00  0.00  0.00  0.00  0.00
  653                     1.00   1.00  0.00  0.00  0.00  0.00  0.00  0.00  0.00  0.00
  237                     1.00   1.00  0.00  0.00  0.00  0.00  0.00  0.00  0.00  0.00
  239                     1.00   1.00  0.00  0.00  0.00  0.00  0.00  0.00  0.00  0.00
  240                     1.00   1.00  0.00  0.00  0.00  0.00  0.00  0.00  0.00  0.00
  241                     1.00   1.00  0.00  0.00  0.00  0.00  0.00  0.00  0.00  0.00
  242                     1.00   1.00  0.00  0.00  0.00  0.00  0.00  0.00  0.00  0.00
  243                     1.00   1.00  0.00  0.00  0.00  0.00  0.00  0.00  0.00  0.00
  244                     1.00   1.00  0.00  0.00  0.00  0.00  0.00  0.00  0.00  0.00
  245                     1.00   1.00  0.00  0.00  0.00  0.00  0.00  0.00  0.00  0.00
  246                     1.00   1.00  0.00  0.00  0.00  0.00  0.00  0.00  0.00  0.00
  217                     1.00   1.00  0.00  0.00  0.00  0.00  0.00  0.00  0.00  0.00
  663                     1.00   1.00  0.00  0.00  0.00  0.00  0.00  0.00  0.00  0.00
  658                     1.00   1.00  0.00  0.00  0.00  0.00  0.00  0.00  0.00  0.00
  635                     1.00   1.00  0.00  0.00  0.00  0.00  0.00  0.00  0.00  0.00
  621                     1.00   1.00  0.00  0.00  0.00  0.00  0.00  0.00  0.00  0.00
  622                     1.00   1.00  0.00  0.00  0.00  0.00  0.00  0.00  0.00  0.00
  666                     1.00   1.00  0.00  0.00  0.00  0.00  0.00  0.00  0.00  0.00
  624                     1.00   1.00  0.00  0.00  0.00  0.00  0.00  0.00  0.00  0.00
  625                     1.00   1.00  0.00  0.00  0.00  0.00  0.00  0.00  0.00  0.00
  626                     1.00   1.00  0.00  0.00  0.00  0.00  0.00  0.00  0.00  0.00
  627                     1.00   1.00  0.00  0.00  0.00  0.00  0.00  0.00  0.00  0.00
  628                     1.00   1.00  0.00  0.00  0.00  0.00  0.00  0.00  0.00  0.00
  629                     1.00   1.00  0.00  0.00  0.00  0.00  0.00  0.00  0.00  0.00
  630                     1.00   1.00  0.00  0.00  0.00  0.00  0.00  0.00  0.00  0.00
  631                     1.00   1.00  0.00  0.00  0.00  0.00  0.00  0.00  0.00  0.00
  649                     1.00   1.00  0.00  0.00  0.00  0.00  0.00  0.00  0.00  0.00
  634                     1.00   1.00  0.00  0.00  0.00  0.00  0.00  0.00  0.00  0.00
  620                     1.00   1.00  0.00  0.00  0.00  0.00  0.00  0.00  0.00  0.00
  636                     1.00   1.00  0.00  0.00  0.00  0.00  0.00  0.00  0.00  0.00
  637                     1.00   1.00  0.00  0.00  0.00  0.00  0.00  0.00  0.00  0.00
  638                     1.00   1.00  0.00  0.00  0.00  0.00  0.00  0.00  0.00  0.00
  639                     1.00   1.00  0.00  0.00  0.00  0.00  0.00  0.00  0.00  0.00
  640                     1.00   1.00  0.00  0.00  0.00  0.00  0.00  0.00  0.00  0.00
  641                     1.00   1.00  0.00  0.00  0.00  0.00  0.00  0.00  0.00  0.00
  646                     1.00   1.00  0.00  0.00  0.00  0.00  0.00  0.00  0.00  0.00
  643                     1.00   1.00  0.00  0.00  0.00  0.00  0.00  0.00  0.00  0.00
  647                     1.00   1.00  0.00  0.00  0.00  0.00  0.00  0.00  0.00  0.00
  645                     1.00   1.00  0.00  0.00  0.00  0.00  0.00  0.00  0.00  0.00
  642                     1.00   1.00  0.00  0.00  0.00  0.00  0.00  0.00  0.00  0.00
  633                     1.00   1.00  0.00  0.00  0.00  0.00  0.00  0.00  0.00  0.00
  644                     1.00   1.00  0.00  0.00  0.00  0.00  0.00  0.00  0.00  0.00
  632                     1.00   1.00  0.00  0.00  0.00  0.00  0.00  0.00  0.00  0.00
  491                     1.00   1.00  0.00  0.00  0.00  0.00  0.00  0.00  0.00  0.00
  560                     1.00   1.00  0.00  0.00  0.00  0.00  0.00  0.00  0.00  0.00
  480                     1.00   1.00  0.00  0.00  0.00  0.00  0.00  0.00  0.00  0.00
  213                     1.00   1.00  0.00  0.00  0.00  0.00  0.00  0.00  0.00  0.00
  482                     1.00   1.00  0.00  0.00  0.00  0.00  0.00  0.00  0.00  0.00
  485                     1.00   1.00  0.00  0.00  0.00  0.00  0.00  0.00  0.00  0.00
  483                     1.00   1.00  0.00  0.00  0.00  0.00  0.00  0.00  0.00  0.00
  486                     1.00   1.00  0.00  0.00  0.00  0.00  0.00  0.00  0.00  0.00
  214                     1.00   1.00  0.00  0.00  0.00  0.00  0.00  0.00  0.00  0.00
  488                     1.00   1.00  0.00  0.00  0.00  0.00  0.00  0.00  0.00  0.00
  487                     1.00   1.00  0.00  0.00  0.00  0.00  0.00  0.00  0.00  0.00
  478                     1.00   1.00  0.00  0.00  0.00  0.00  0.00  0.00  0.00  0.00
  490                     1.00   1.00  0.00  0.00  0.00  0.00  0.00  0.00  0.00  0.00
  477                     1.00   1.00  0.00  0.00  0.00  0.00  0.00  0.00  0.00  0.00
  492                     1.00   1.00  0.00  0.00  0.00  0.00  0.00  0.00  0.00  0.00
  496                     1.00   1.00  0.00  0.00  0.00  0.00  0.00  0.00  0.00  0.00
  495                     1.00   1.00  0.00  0.00  0.00  0.00  0.00  0.00  0.00  0.00
  497                     1.00   1.00  0.00  0.00  0.00  0.00  0.00  0.00  0.00  0.00
  498                     1.00   1.00  0.00  0.00  0.00  0.00  0.00  0.00  0.00  0.00
  499                     1.00   1.00  0.00  0.00  0.00  0.00  0.00  0.00  0.00  0.00
  500                     1.00   1.00  0.00  0.00  0.00  0.00  0.00  0.00  0.00  0.00
  501                     1.00   1.00  0.00  0.00  0.00  0.00  0.00  0.00  0.00  0.00
  502                     1.00   1.00  0.00  0.00  0.00  0.00  0.00  0.00  0.00  0.00
  503                     1.00   1.00  0.00  0.00  0.00  0.00  0.00  0.00  0.00  0.00
  504                     1.00   1.00  0.00  0.00  0.00  0.00  0.00  0.00  0.00  0.00
  563                     1.00   1.00  0.00  0.00  0.00  0.00  0.00  0.00  0.00  0.00
  489                     1.00   1.00  0.00  0.00  0.00  0.00  0.00  0.00  0.00  0.00
  463                     1.00   1.00  0.00  0.00  0.00  0.00  0.00  0.00  0.00  0.00
  202                     1.00   1.00  0.00  0.00  0.00  0.00  0.00  0.00  0.00  0.00
  203                     1.00   1.00  0.00  0.00  0.00  0.00  0.00  0.00  0.00  0.00
  205                     1.00   1.00  0.00  0.00  0.00  0.00  0.00  0.00  0.00  0.00
  204                     1.00   1.00  0.00  0.00  0.00  0.00  0.00  0.00  0.00  0.00
  206                     1.00   1.00  0.00  0.00  0.00  0.00  0.00  0.00  0.00  0.00
  207                     1.00   1.00  0.00  0.00  0.00  0.00  0.00  0.00  0.00  0.00
  208                     1.00   1.00  0.00  0.00  0.00  0.00  0.00  0.00  0.00  0.00
  210                     1.00   1.00  0.00  0.00  0.00  0.00  0.00  0.00  0.00  0.00
  211                     1.00   1.00  0.00  0.00  0.00  0.00  0.00  0.00  0.00  0.00
  458                     1.00   1.00  0.00  0.00  0.00  0.00  0.00  0.00  0.00  0.00
  459                     1.00   1.00  0.00  0.00  0.00  0.00  0.00  0.00  0.00  0.00
  479                     1.00   1.00  0.00  0.00  0.00  0.00  0.00  0.00  0.00  0.00
  462                     1.00   1.00  0.00  0.00  0.00  0.00  0.00  0.00  0.00  0.00
  509                     1.00   1.00  0.00  0.00  0.00  0.00  0.00  0.00  0.00  0.00
  465                     1.00   1.00  0.00  0.00  0.00  0.00  0.00  0.00  0.00  0.00
  466                     1.00   1.00  0.00  0.00  0.00  0.00  0.00  0.00  0.00  0.00
  467                     1.00   1.00  0.00  0.00  0.00  0.00  0.00  0.00  0.00  0.00
  468                     1.00   1.00  0.00  0.00  0.00  0.00  0.00  0.00  0.00  0.00
  469                     1.00   1.00  0.00  0.00  0.00  0.00  0.00  0.00  0.00  0.00
  470                     1.00   1.00  0.00  0.00  0.00  0.00  0.00  0.00  0.00  0.00
  471                     1.00   1.00  0.00  0.00  0.00  0.00  0.00  0.00  0.00  0.00
  472                     1.00   1.00  0.00  0.00  0.00  0.00  0.00  0.00  0.00  0.00
  473                     1.00   1.00  0.00  0.00  0.00  0.00  0.00  0.00  0.00  0.00
  474                     1.00   1.00  0.00  0.00  0.00  0.00  0.00  0.00  0.00  0.00
  475                     1.00   1.00  0.00  0.00  0.00  0.00  0.00  0.00  0.00  0.00
  476                     1.00   1.00  0.00  0.00  0.00  0.00  0.00  0.00  0.00  0.00
  460                     1.00   1.00  0.00  0.00  0.00  0.00  0.00  0.00  0.00  0.00
  546                     1.00   1.00  0.00  0.00  0.00  0.00  0.00  0.00  0.00  0.00
  505                     1.00   1.00  0.00  0.00  0.00  0.00  0.00  0.00  0.00  0.00
  535                     1.00   1.00  0.00  0.00  0.00  0.00  0.00  0.00  0.00  0.00
  536                     1.00   1.00  0.00  0.00  0.00  0.00  0.00  0.00  0.00  0.00
  537                     1.00   1.00  0.00  0.00  0.00  0.00  0.00  0.00  0.00  0.00
  538                     1.00   1.00  0.00  0.00  0.00  0.00  0.00  0.00  0.00  0.00
  539                     1.00   1.00  0.00  0.00  0.00  0.00  0.00  0.00  0.00  0.00
  540                     1.00   1.00  0.00  0.00  0.00  0.00  0.00  0.00  0.00  0.00
  541                     1.00   1.00  0.00  0.00  0.00  0.00  0.00  0.00  0.00  0.00
  542                     1.00   1.00  0.00  0.00  0.00  0.00  0.00  0.00  0.00  0.00
  543                     1.00   1.00  0.00  0.00  0.00  0.00  0.00  0.00  0.00  0.00
  533                     1.00   1.00  0.00  0.00  0.00  0.00  0.00  0.00  0.00  0.00
  545                     1.00   1.00  0.00  0.00  0.00  0.00  0.00  0.00  0.00  0.00
  532                     1.00   1.00  0.00  0.00  0.00  0.00  0.00  0.00  0.00  0.00
  547                     1.00   1.00  0.00  0.00  0.00  0.00  0.00  0.00  0.00  0.00
  548                     1.00   1.00  0.00  0.00  0.00  0.00  0.00  0.00  0.00  0.00
  549                     1.00   1.00  0.00  0.00  0.00  0.00  0.00  0.00  0.00  0.00
  550                     1.00   1.00  0.00  0.00  0.00  0.00  0.00  0.00  0.00  0.00
  551                     1.00   1.00  0.00  0.00  0.00  0.00  0.00  0.00  0.00  0.00
  552                     1.00   1.00  0.00  0.00  0.00  0.00  0.00  0.00  0.00  0.00
  553                     1.00   1.00  0.00  0.00  0.00  0.00  0.00  0.00  0.00  0.00
  554                     1.00   1.00  0.00  0.00  0.00  0.00  0.00  0.00  0.00  0.00
  555                     1.00   1.00  0.00  0.00  0.00  0.00  0.00  0.00  0.00  0.00
  556                     1.00   1.00  0.00  0.00  0.00  0.00  0.00  0.00  0.00  0.00
  557                     1.00   1.00  0.00  0.00  0.00  0.00  0.00  0.00  0.00  0.00
  558                     1.00   1.00  0.00  0.00  0.00  0.00  0.00  0.00  0.00  0.00
  559                     1.00   1.00  0.00  0.00  0.00  0.00  0.00  0.00  0.00  0.00
  544                     1.00   1.00  0.00  0.00  0.00  0.00  0.00  0.00  0.00  0.00
  525                     1.00   1.00  0.00  0.00  0.00  0.00  0.00  0.00  0.00  0.00
  510                     1.00   1.00  0.00  0.00  0.00  0.00  0.00  0.00  0.00  0.00
  511                     1.00   1.00  0.00  0.00  0.00  0.00  0.00  0.00  0.00  0.00
  512                     1.00   1.00  0.00  0.00  0.00  0.00  0.00  0.00  0.00  0.00
  513                     1.00   1.00  0.00  0.00  0.00  0.00  0.00  0.00  0.00  0.00
  514                     1.00   1.00  0.00  0.00  0.00  0.00  0.00  0.00  0.00  0.00
  515                     1.00   1.00  0.00  0.00  0.00  0.00  0.00  0.00  0.00  0.00
  516                     1.00   1.00  0.00  0.00  0.00  0.00  0.00  0.00  0.00  0.00
  518                     1.00   1.00  0.00  0.00  0.00  0.00  0.00  0.00  0.00  0.00
  519                     1.00   1.00  0.00  0.00  0.00  0.00  0.00  0.00  0.00  0.00
  520                     1.00   1.00  0.00  0.00  0.00  0.00  0.00  0.00  0.00  0.00
  521                     1.00   1.00  0.00  0.00  0.00  0.00  0.00  0.00  0.00  0.00
  534                     1.00   1.00  0.00  0.00  0.00  0.00  0.00  0.00  0.00  0.00
  524                     1.00   1.00  0.00  0.00  0.00  0.00  0.00  0.00  0.00  0.00
  507                     1.00   1.00  0.00  0.00  0.00  0.00  0.00  0.00  0.00  0.00
  526                     1.00   1.00  0.00  0.00  0.00  0.00  0.00  0.00  0.00  0.00
  527                     1.00   1.00  0.00  0.00  0.00  0.00  0.00  0.00  0.00  0.00
  528                     1.00   1.00  0.00  0.00  0.00  0.00  0.00  0.00  0.00  0.00
  529                     1.00   1.00  0.00  0.00  0.00  0.00  0.00  0.00  0.00  0.00
  530                     1.00   1.00  0.00  0.00  0.00  0.00  0.00  0.00  0.00  0.00
  665                     1.00   1.00  0.00  0.00  0.00  0.00  0.00  0.00  0.00  0.00
  531                     1.00   1.00  0.00  0.00  0.00  0.00  0.00  0.00  0.00  0.00
  522                     1.00   1.00  0.00  0.00  0.00  0.00  0.00  0.00  0.00  0.00
  493                     1.00   1.00  0.00  0.00  0.00  0.00  0.00  0.00  0.00  0.00
  494                     1.00   1.00  0.00  0.00  0.00  0.00  0.00  0.00  0.00  0.00
  215                     1.00   1.00  0.00  0.00  0.00  0.00  0.00  0.00  0.00  0.00
  508                     1.00   1.00  0.00  0.00  0.00  0.00  0.00  0.00  0.00  0.00
  517                     1.00   1.00  0.00  0.00  0.00  0.00  0.00  0.00  0.00  0.00
  523                     1.00   1.00  0.00  0.00  0.00  0.00  0.00  0.00  0.00  0.00
  396                     1.00   1.00  0.00  0.00  0.00  0.00  0.00  0.00  0.00  0.00
  343                     1.00   1.00  0.00  0.00  0.00  0.00  0.00  0.00  0.00  0.00
  377                     1.00   1.00  0.00  0.00  0.00  0.00  0.00  0.00  0.00  0.00
  378                     1.00   1.00  0.00  0.00  0.00  0.00  0.00  0.00  0.00  0.00
  380                     1.00   1.00  0.00  0.00  0.00  0.00  0.00  0.00  0.00  0.00
  381                     1.00   1.00  0.00  0.00  0.00  0.00  0.00  0.00  0.00  0.00
  382                     1.00   1.00  0.00  0.00  0.00  0.00  0.00  0.00  0.00  0.00
  383                     1.00   1.00  0.00  0.00  0.00  0.00  0.00  0.00  0.00  0.00
  384                     1.00   1.00  0.00  0.00  0.00  0.00  0.00  0.00  0.00  0.00
  385                     1.00   1.00  0.00  0.00  0.00  0.00  0.00  0.00  0.00  0.00
  386                     1.00   1.00  0.00  0.00  0.00  0.00  0.00  0.00  0.00  0.00
  375                     1.00   1.00  0.00  0.00  0.00  0.00  0.00  0.00  0.00  0.00
  389                     1.00   1.00  0.00  0.00  0.00  0.00  0.00  0.00  0.00  0.00
  374                     1.00   1.00  0.00  0.00  0.00  0.00  0.00  0.00  0.00  0.00
  397                     1.00   1.00  0.00  0.00  0.00  0.00  0.00  0.00  0.00  0.00
  398                     1.00   1.00  0.00  0.00  0.00  0.00  0.00  0.00  0.00  0.00
  399                     1.00   1.00  0.00  0.00  0.00  0.00  0.00  0.00  0.00  0.00
  365                     1.00   1.00  0.00  0.00  0.00  0.00  0.00  0.00  0.00  0.00
  388                     1.00   1.00  0.00  0.00  0.00  0.00  0.00  0.00  0.00  0.00
  395                     1.00   1.00  0.00  0.00  0.00  0.00  0.00  0.00  0.00  0.00
  367                     1.00   1.00  0.00  0.00  0.00  0.00  0.00  0.00  0.00  0.00
  379                     1.00   1.00  0.00  0.00  0.00  0.00  0.00  0.00  0.00  0.00
  400                     1.00   1.00  0.00  0.00  0.00  0.00  0.00  0.00  0.00  0.00
  401                     1.00   1.00  0.00  0.00  0.00  0.00  0.00  0.00  0.00  0.00
  402                     1.00   1.00  0.00  0.00  0.00  0.00  0.00  0.00  0.00  0.00
  344                     1.00   1.00  0.00  0.00  0.00  0.00  0.00  0.00  0.00  0.00
  406                     1.00   1.00  0.00  0.00  0.00  0.00  0.00  0.00  0.00  0.00
  387                     1.00   1.00  0.00  0.00  0.00  0.00  0.00  0.00  0.00  0.00
  358                     1.00   1.00  0.00  0.00  0.00  0.00  0.00  0.00  0.00  0.00
  247                     1.00   1.00  0.00  0.00  0.00  0.00  0.00  0.00  0.00  0.00
  346                     1.00   1.00  0.00  0.00  0.00  0.00  0.00  0.00  0.00  0.00
  347                     1.00   1.00  0.00  0.00  0.00  0.00  0.00  0.00  0.00  0.00
  348                     1.00   1.00  0.00  0.00  0.00  0.00  0.00  0.00  0.00  0.00
  340                     1.00   1.00  0.00  0.00  0.00  0.00  0.00  0.00  0.00  0.00
  350                     1.00   1.00  0.00  0.00  0.00  0.00  0.00  0.00  0.00  0.00
  351                     1.00   1.00  0.00  0.00  0.00  0.00  0.00  0.00  0.00  0.00
  352                     1.00   1.00  0.00  0.00  0.00  0.00  0.00  0.00  0.00  0.00
  353                     1.00   1.00  0.00  0.00  0.00  0.00  0.00  0.00  0.00  0.00
  354                     1.00   1.00  0.00  0.00  0.00  0.00  0.00  0.00  0.00  0.00
  355                     1.00   1.00  0.00  0.00  0.00  0.00  0.00  0.00  0.00  0.00
  376                     1.00   1.00  0.00  0.00  0.00  0.00  0.00  0.00  0.00  0.00
  357                     1.00   1.00  0.00  0.00  0.00  0.00  0.00  0.00  0.00  0.00
  405                     1.00   1.00  0.00  0.00  0.00  0.00  0.00  0.00  0.00  0.00
  359                     1.00   1.00  0.00  0.00  0.00  0.00  0.00  0.00  0.00  0.00
  360                     1.00   1.00  0.00  0.00  0.00  0.00  0.00  0.00  0.00  0.00
  361                     1.00   1.00  0.00  0.00  0.00  0.00  0.00  0.00  0.00  0.00
  362                     1.00   1.00  0.00  0.00  0.00  0.00  0.00  0.00  0.00  0.00
  363                     1.00   1.00  0.00  0.00  0.00  0.00  0.00  0.00  0.00  0.00
  349                     1.00   1.00  0.00  0.00  0.00  0.00  0.00  0.00  0.00  0.00
  364                     1.00   1.00  0.00  0.00  0.00  0.00  0.00  0.00  0.00  0.00
  KRdFM_Rd                1.00   1.00  0.00  0.00  0.00  0.00  0.00  0.00  0.00  0.00
  368                     1.00   1.00  0.00  0.00  0.00  0.00  0.00  0.00  0.00  0.00
  369                     1.00   1.00  0.00  0.00  0.00  0.00  0.00  0.00  0.00  0.00
  371                     1.00   1.00  0.00  0.00  0.00  0.00  0.00  0.00  0.00  0.00
  370                     1.00   1.00  0.00  0.00  0.00  0.00  0.00  0.00  0.00  0.00
  373                     1.00   1.00  0.00  0.00  0.00  0.00  0.00  0.00  0.00  0.00
  356                     1.00   1.00  0.00  0.00  0.00  0.00  0.00  0.00  0.00  0.00
  450                     1.00   1.00  0.00  0.00  0.00  0.00  0.00  0.00  0.00  0.00
  404                     1.00   1.00  0.00  0.00  0.00  0.00  0.00  0.00  0.00  0.00
  437                     1.00   1.00  0.00  0.00  0.00  0.00  0.00  0.00  0.00  0.00
  438                     1.00   1.00  0.00  0.00  0.00  0.00  0.00  0.00  0.00  0.00
  439                     1.00   1.00  0.00  0.00  0.00  0.00  0.00  0.00  0.00  0.00
  441                     1.00   1.00  0.00  0.00  0.00  0.00  0.00  0.00  0.00  0.00
  443                     1.00   1.00  0.00  0.00  0.00  0.00  0.00  0.00  0.00  0.00
  444                     1.00   1.00  0.00  0.00  0.00  0.00  0.00  0.00  0.00  0.00
  445                     1.00   1.00  0.00  0.00  0.00  0.00  0.00  0.00  0.00  0.00
  446                     1.00   1.00  0.00  0.00  0.00  0.00  0.00  0.00  0.00  0.00
  447                     1.00   1.00  0.00  0.00  0.00  0.00  0.00  0.00  0.00  0.00
  440                     1.00   1.00  0.00  0.00  0.00  0.00  0.00  0.00  0.00  0.00
  449                     1.00   1.00  0.00  0.00  0.00  0.00  0.00  0.00  0.00  0.00
  436                     1.00   1.00  0.00  0.00  0.00  0.00  0.00  0.00  0.00  0.00
  451                     1.00   1.00  0.00  0.00  0.00  0.00  0.00  0.00  0.00  0.00
  452                     1.00   1.00  0.00  0.00  0.00  0.00  0.00  0.00  0.00  0.00
  453                     1.00   1.00  0.00  0.00  0.00  0.00  0.00  0.00  0.00  0.00
  454                     1.00   1.00  0.00  0.00  0.00  0.00  0.00  0.00  0.00  0.00
  455                     1.00   1.00  0.00  0.00  0.00  0.00  0.00  0.00  0.00  0.00
  456                     1.00   1.00  0.00  0.00  0.00  0.00  0.00  0.00  0.00  0.00
  457                     1.00   1.00  0.00  0.00  0.00  0.00  0.00  0.00  0.00  0.00
  390                     1.00   1.00  0.00  0.00  0.00  0.00  0.00  0.00  0.00  0.00
  372                     1.00   1.00  0.00  0.00  0.00  0.00  0.00  0.00  0.00  0.00
  394                     1.00   1.00  0.00  0.00  0.00  0.00  0.00  0.00  0.00  0.00
  393                     1.00   1.00  0.00  0.00  0.00  0.00  0.00  0.00  0.00  0.00
  392                     1.00   1.00  0.00  0.00  0.00  0.00  0.00  0.00  0.00  0.00
  391                     1.00   1.00  0.00  0.00  0.00  0.00  0.00  0.00  0.00  0.00
  448                     1.00   1.00  0.00  0.00  0.00  0.00  0.00  0.00  0.00  0.00
  422                     1.00   1.00  0.00  0.00  0.00  0.00  0.00  0.00  0.00  0.00
  409                     1.00   1.00  0.00  0.00  0.00  0.00  0.00  0.00  0.00  0.00
  410                     1.00   1.00  0.00  0.00  0.00  0.00  0.00  0.00  0.00  0.00
  411                     1.00   1.00  0.00  0.00  0.00  0.00  0.00  0.00  0.00  0.00
  412                     1.00   1.00  0.00  0.00  0.00  0.00  0.00  0.00  0.00  0.00
  413                     1.00   1.00  0.00  0.00  0.00  0.00  0.00  0.00  0.00  0.00
  414                     1.00   1.00  0.00  0.00  0.00  0.00  0.00  0.00  0.00  0.00
  415                     1.00   1.00  0.00  0.00  0.00  0.00  0.00  0.00  0.00  0.00
  416                     1.00   1.00  0.00  0.00  0.00  0.00  0.00  0.00  0.00  0.00
  417                     1.00   1.00  0.00  0.00  0.00  0.00  0.00  0.00  0.00  0.00
  418                     1.00   1.00  0.00  0.00  0.00  0.00  0.00  0.00  0.00  0.00
  419                     1.00   1.00  0.00  0.00  0.00  0.00  0.00  0.00  0.00  0.00
  407                     1.00   1.00  0.00  0.00  0.00  0.00  0.00  0.00  0.00  0.00
  421                     1.00   1.00  0.00  0.00  0.00  0.00  0.00  0.00  0.00  0.00
  408                     1.00   1.00  0.00  0.00  0.00  0.00  0.00  0.00  0.00  0.00
  423                     1.00   1.00  0.00  0.00  0.00  0.00  0.00  0.00  0.00  0.00
  424                     1.00   1.00  0.00  0.00  0.00  0.00  0.00  0.00  0.00  0.00
  425                     1.00   1.00  0.00  0.00  0.00  0.00  0.00  0.00  0.00  0.00
  995.1                   1.00   1.00  0.00  0.00  0.00  0.00  0.00  0.00  0.00  0.00
  KhtsFM                  1.00   1.00  0.00  0.00  0.00  0.00  0.00  0.00  0.00  0.00
  427                     1.00   1.00  0.00  0.00  0.00  0.00  0.00  0.00  0.00  0.00
  429                     1.00   1.00  0.00  0.00  0.00  0.00  0.00  0.00  0.00  0.00
  430                     1.00   1.00  0.00  0.00  0.00  0.00  0.00  0.00  0.00  0.00
  329                     1.00   1.00  0.00  0.00  0.00  0.00  0.00  0.00  0.00  0.00
  62695                   1.00   1.00  0.00  0.00  0.00  0.00  0.00  0.00  0.00  0.00
  Kan1FM                  1.00   1.00  0.00  0.00  0.00  0.00  0.00  0.00  0.00  0.00
  584                     1.00   1.00  0.00  0.00  0.00  0.00  0.00  0.00  0.00  0.00
  AhuiFM                  1.00   1.00  0.00  0.00  0.00  0.00  0.00  0.00  0.00  0.00
  464                     1.00   1.00  0.00  0.00  0.00  0.00  0.00  0.00  0.00  0.00
  
  
  *************************
  Conduit Surcharge Summary
  *************************
  
  No conduits were surcharged.
  

  Analysis begun on:  Sun Jul 19 15:20:22 2026
  Analysis ended on:  Sun Jul 19 15:20:22 2026
  Total elapsed time: < 1 sec