
  EPA STORM WATER MANAGEMENT MODEL - VERSION 5.2 (Build 5.2.4)
  ------------------------------------------------------------

  Converted from XPSWMM .xp file 
  WARNING 04: minimum elevation drop used for Conduit 449
  WARNING 04: minimum elevation drop used for Conduit 3449
  WARNING 04: minimum elevation drop used for Conduit 450
  WARNING 04: minimum elevation drop used for Conduit 448
  WARNING 04: minimum elevation drop used for Conduit 2450
  WARNING 04: minimum elevation drop used for Conduit 455
  WARNING 04: minimum elevation drop used for Conduit 2455
  WARNING 04: minimum elevation drop used for Conduit 3455
  WARNING 04: minimum elevation drop used for Conduit 454
  WARNING 04: minimum elevation drop used for Conduit 411
  WARNING 04: minimum elevation drop used for Conduit 446
  WARNING 04: minimum elevation drop used for Conduit 2449
  WARNING 04: minimum elevation drop used for Conduit 3450
  WARNING 04: minimum elevation drop used for Conduit 412
  WARNING 04: minimum elevation drop used for Conduit 473
  WARNING 04: minimum elevation drop used for Conduit 2420
  WARNING 04: minimum elevation drop used for Conduit 420
  WARNING 04: minimum elevation drop used for Conduit 5442
  WARNING 04: minimum elevation drop used for Conduit 4422
  WARNING 04: minimum elevation drop used for Conduit 3442
  WARNING 04: minimum elevation drop used for Conduit 2421
  WARNING 04: minimum elevation drop used for Conduit 3421
  WARNING 04: minimum elevation drop used for Conduit 340
  WARNING 04: minimum elevation drop used for Conduit 2371
  WARNING 04: minimum elevation drop used for Conduit 422
  WARNING 04: minimum elevation drop used for Conduit 441
  WARNING 04: minimum elevation drop used for Conduit 440
  WARNING 04: minimum elevation drop used for Conduit 442
  WARNING 04: minimum elevation drop used for Conduit 2441
  WARNING 04: minimum elevation drop used for Conduit 303
  WARNING 04: minimum elevation drop used for Conduit 2302
  WARNING 04: minimum elevation drop used for Conduit 3302
  WARNING 04: minimum elevation drop used for Conduit 302
  WARNING 04: minimum elevation drop used for Conduit 445
  WARNING 04: minimum elevation drop used for Conduit 2445
  WARNING 04: minimum elevation drop used for Conduit 2444
  WARNING 04: minimum elevation drop used for Conduit 2443
  WARNING 04: minimum elevation drop used for Conduit 3443
  WARNING 04: minimum elevation drop used for Conduit 443
  WARNING 04: minimum elevation drop used for Conduit 444
  WARNING 04: minimum elevation drop used for Conduit 0422
  WARNING 04: minimum elevation drop used for Conduit 470
  WARNING 04: minimum elevation drop used for Conduit 471
  WARNING 04: minimum elevation drop used for Conduit 472
  WARNING 04: minimum elevation drop used for Conduit 474
  WARNING 04: minimum elevation drop used for Conduit 2472
  WARNING 04: minimum elevation drop used for Conduit 2474
  WARNING 04: minimum elevation drop used for Conduit 499
  WARNING 04: minimum elevation drop used for Conduit 2469
  WARNING 04: minimum elevation drop used for Conduit 468
  WARNING 04: minimum elevation drop used for Conduit 2468
  WARNING 04: minimum elevation drop used for Conduit 3468
  WARNING 04: minimum elevation drop used for Conduit 2466
  WARNING 04: minimum elevation drop used for Conduit 3466
  WARNING 04: minimum elevation drop used for Conduit 4466
  WARNING 04: minimum elevation drop used for Conduit 2499
  WARNING 04: minimum elevation drop used for Conduit 467
  WARNING 04: minimum elevation drop used for Conduit 2499-A
  WARNING 04: minimum elevation drop used for Conduit 3499
  WARNING 04: minimum elevation drop used for Conduit 466
  WARNING 04: minimum elevation drop used for Conduit 466-A
  WARNING 04: minimum elevation drop used for Conduit 426
  WARNING 04: minimum elevation drop used for Conduit G426
  WARNING 04: minimum elevation drop used for Conduit 491
  WARNING 04: minimum elevation drop used for Conduit 2494
  WARNING 04: minimum elevation drop used for Conduit 492
  WARNING 04: minimum elevation drop used for Conduit 5317
  WARNING 04: minimum elevation drop used for Conduit 3316
  WARNING 04: minimum elevation drop used for Conduit 301
  WARNING 04: minimum elevation drop used for Conduit 494
  WARNING 04: minimum elevation drop used for Conduit 495
  WARNING 04: minimum elevation drop used for Conduit 7315
  WARNING 04: minimum elevation drop used for Conduit 5315
  WARNING 04: minimum elevation drop used for Conduit 4315
  WARNING 04: minimum elevation drop used for Conduit 475
  WARNING 04: minimum elevation drop used for Conduit 464
  WARNING 04: minimum elevation drop used for Conduit 344
  WARNING 04: minimum elevation drop used for Conduit 342
  WARNING 04: minimum elevation drop used for Conduit 2342
  WARNING 04: minimum elevation drop used for Conduit 343
  WARNING 04: minimum elevation drop used for Conduit 2343
  WARNING 04: minimum elevation drop used for Conduit 482
  WARNING 04: minimum elevation drop used for Conduit 2482
  WARNING 04: minimum elevation drop used for Conduit 3344
  WARNING 04: minimum elevation drop used for Conduit 3343
  WARNING 04: minimum elevation drop used for Conduit 2480
  WARNING 04: minimum elevation drop used for Conduit 324X
  WARNING 04: minimum elevation drop used for Conduit 324
  WARNING 04: minimum elevation drop used for Conduit 478
  WARNING 04: minimum elevation drop used for Conduit 2478
  WARNING 04: minimum elevation drop used for Conduit 3342
  WARNING 04: minimum elevation drop used for Conduit 4438
  WARNING 04: minimum elevation drop used for Conduit 3321
  WARNING 04: minimum elevation drop used for Conduit 2321
  WARNING 04: minimum elevation drop used for Conduit 438
  WARNING 04: minimum elevation drop used for Conduit 2438-A
  WARNING 04: minimum elevation drop used for Conduit 2438
  WARNING 04: minimum elevation drop used for Conduit 324-A
  WARNING 04: minimum elevation drop used for Conduit 3438
  WARNING 04: minimum elevation drop used for Conduit 435
  WARNING 04: minimum elevation drop used for Conduit 4321
  WARNING 04: minimum elevation drop used for Conduit 480
  WARNING 04: minimum elevation drop used for Conduit 439
  WARNING 04: minimum elevation drop used for Conduit 2435
  WARNING 04: minimum elevation drop used for Conduit 2439
  WARNING 04: minimum elevation drop used for Conduit G425
  WARNING 04: minimum elevation drop used for Conduit 424
  WARNING 04: minimum elevation drop used for Conduit 3324
  WARNING 04: minimum elevation drop used for Conduit 2424
  WARNING 04: minimum elevation drop used for Conduit 3424
  WARNING 04: minimum elevation drop used for Conduit 396
  WARNING 04: minimum elevation drop used for Conduit 2396
  WARNING 04: minimum elevation drop used for Conduit 402
  WARNING 04: minimum elevation drop used for Conduit 400
  WARNING 04: minimum elevation drop used for Conduit 2400
  WARNING 04: minimum elevation drop used for Conduit 399
  WARNING 04: minimum elevation drop used for Conduit 432
  WARNING 04: minimum elevation drop used for Conduit 4395
  WARNING 04: minimum elevation drop used for Conduit 423
  WARNING 04: minimum elevation drop used for Conduit 322
  WARNING 04: minimum elevation drop used for Conduit 2397
  WARNING 04: minimum elevation drop used for Conduit 4397
  WARNING 04: minimum elevation drop used for Conduit 394
  WARNING 04: minimum elevation drop used for Conduit 397
  WARNING 04: minimum elevation drop used for Conduit 2426
  WARNING 04: minimum elevation drop used for Conduit FUTURE
  WARNING 04: minimum elevation drop used for Conduit 414_2
  WARNING 04: minimum elevation drop used for Conduit 386_2
  WARNING 04: minimum elevation drop used for Conduit 2386
  WARNING 04: minimum elevation drop used for Conduit 387
  WARNING 04: minimum elevation drop used for Conduit 2387
  WARNING 04: minimum elevation drop used for Conduit 348
  WARNING 04: minimum elevation drop used for Conduit 307
  WARNING 04: minimum elevation drop used for Conduit 5414
  WARNING 04: minimum elevation drop used for Conduit 300
  WARNING 04: minimum elevation drop used for Conduit 2300
  WARNING 04: minimum elevation drop used for Conduit 4300
  WARNING 04: minimum elevation drop used for Conduit 346
  WARNING 04: minimum elevation drop used for Conduit 5300
  WARNING 04: minimum elevation drop used for Conduit 347
  WARNING 04: minimum elevation drop used for Conduit 4300.1
  WARNING 04: minimum elevation drop used for Conduit 2346
  WARNING 04: minimum elevation drop used for Conduit 4496
  WARNING 04: minimum elevation drop used for Conduit 3496
  WARNING 04: minimum elevation drop used for Conduit 497_2
  WARNING 04: minimum elevation drop used for Conduit 2496
  WARNING 04: minimum elevation drop used for Conduit 496_2
  WARNING 04: minimum elevation drop used for Conduit 4962
  WARNING 04: minimum elevation drop used for Conduit 2187
  WARNING 04: minimum elevation drop used for Conduit 14346
  WARNING 04: minimum elevation drop used for Conduit 16346
  WARNING 04: minimum elevation drop used for Conduit 19346
  WARNING 04: minimum elevation drop used for Conduit 18346
  WARNING 04: minimum elevation drop used for Conduit 88346
  WARNING 04: minimum elevation drop used for Conduit 4346
  WARNING 04: minimum elevation drop used for Conduit 5346.1
  WARNING 04: minimum elevation drop used for Conduit 2311
  WARNING 04: minimum elevation drop used for Conduit 2310
  WARNING 04: minimum elevation drop used for Conduit 962_2
  WARNING 04: minimum elevation drop used for Conduit 2415
  WARNING 04: minimum elevation drop used for Conduit 345_2
  WARNING 04: minimum elevation drop used for Conduit 2345
  WARNING 04: minimum elevation drop used for Conduit 2210
  WARNING 04: minimum elevation drop used for Conduit 3345
  WARNING 04: minimum elevation drop used for Conduit 462_2
  WARNING 04: minimum elevation drop used for Conduit 2462
  WARNING 04: minimum elevation drop used for Conduit 417_2
  WARNING 08: elevation drop exceeds length for Conduit 6436
  WARNING 04: minimum elevation drop used for Conduit 415_2
  WARNING 04: minimum elevation drop used for Conduit 307.1
  WARNING 04: minimum elevation drop used for Conduit 20346
  WARNING 04: minimum elevation drop used for Conduit 5346
  WARNING 04: minimum elevation drop used for Conduit 310
  WARNING 04: minimum elevation drop used for Conduit 4314
  WARNING 04: minimum elevation drop used for Conduit 5314
  WARNING 04: minimum elevation drop used for Conduit 6314
  WARNING 04: minimum elevation drop used for Conduit PM-42
  WARNING 04: minimum elevation drop used for Conduit PM-45
  WARNING 04: minimum elevation drop used for Conduit 416_2
  WARNING 04: minimum elevation drop used for Conduit 2417
  WARNING 04: minimum elevation drop used for Conduit 6417
  WARNING 04: minimum elevation drop used for Conduit 401
  WARNING 04: minimum elevation drop used for Conduit PM-52
  WARNING 04: minimum elevation drop used for Conduit PM-13
  WARNING 04: minimum elevation drop used for Conduit 4346.1
  WARNING 04: minimum elevation drop used for Conduit PM-49
  WARNING 04: minimum elevation drop used for Conduit PM-48
  WARNING 04: minimum elevation drop used for Conduit PM-4
  WARNING 04: minimum elevation drop used for Conduit PM-6
  WARNING 04: minimum elevation drop used for Conduit PM-39
  WARNING 04: minimum elevation drop used for Conduit 309_2
  WARNING 04: minimum elevation drop used for Conduit 323_2
  WARNING 04: minimum elevation drop used for Conduit 2323
  WARNING 04: minimum elevation drop used for Conduit 2305
  WARNING 04: minimum elevation drop used for Conduit 388_2
  WARNING 04: minimum elevation drop used for Conduit 2388
  WARNING 04: minimum elevation drop used for Conduit 304
  WARNING 04: minimum elevation drop used for Conduit 4304
  WARNING 04: minimum elevation drop used for Conduit 3327
  WARNING 04: minimum elevation drop used for Conduit 327_2
  WARNING 04: minimum elevation drop used for Conduit 2327
  WARNING 04: minimum elevation drop used for Conduit 328_2
  WARNING 04: minimum elevation drop used for Conduit 2326
  WARNING 04: minimum elevation drop used for Conduit 481_2
  WARNING 04: minimum elevation drop used for Conduit 326_2
  WARNING 04: minimum elevation drop used for Conduit 305_2
  WARNING 04: minimum elevation drop used for Conduit 334
  WARNING 04: minimum elevation drop used for Conduit 338
  WARNING 04: minimum elevation drop used for Conduit 333
  WARNING 04: minimum elevation drop used for Conduit 434
  WARNING 04: minimum elevation drop used for Conduit 339
  WARNING 04: minimum elevation drop used for Conduit 3339
  WARNING 04: minimum elevation drop used for Conduit 2330
  WARNING 04: minimum elevation drop used for Conduit 335
  WARNING 04: minimum elevation drop used for Conduit 341
  WARNING 04: minimum elevation drop used for Conduit 2433
  WARNING 04: minimum elevation drop used for Conduit 2337
  WARNING 04: minimum elevation drop used for Conduit 337
  WARNING 04: minimum elevation drop used for Conduit 487
  WARNING 04: minimum elevation drop used for Conduit 2487
  WARNING 04: minimum elevation drop used for Conduit 332
  WARNING 04: minimum elevation drop used for Conduit 370
  WARNING 04: minimum elevation drop used for Conduit 2370
  WARNING 04: minimum elevation drop used for Conduit 3370
  WARNING 04: minimum elevation drop used for Conduit 3390
  WARNING 04: minimum elevation drop used for Conduit 2368
  WARNING 04: minimum elevation drop used for Conduit 364
  WARNING 04: minimum elevation drop used for Conduit 2364
  WARNING 04: minimum elevation drop used for Conduit 3366
  WARNING 04: minimum elevation drop used for Conduit 2369
  WARNING 04: minimum elevation drop used for Conduit 365
  WARNING 04: minimum elevation drop used for Conduit 369
  WARNING 04: minimum elevation drop used for Conduit 385
  WARNING 04: minimum elevation drop used for Conduit 2385
  WARNING 04: minimum elevation drop used for Conduit 2373
  WARNING 04: minimum elevation drop used for Conduit 2419
  WARNING 04: minimum elevation drop used for Conduit 419
  WARNING 04: minimum elevation drop used for Conduit 373
  WARNING 04: minimum elevation drop used for Conduit 374
  WARNING 04: minimum elevation drop used for Conduit 368
  WARNING 04: minimum elevation drop used for Conduit 366
  WARNING 04: minimum elevation drop used for Conduit 377
  WARNING 04: minimum elevation drop used for Conduit 10461
  WARNING 04: minimum elevation drop used for Conduit 2461
  WARNING 04: minimum elevation drop used for Conduit 489
  WARNING 04: minimum elevation drop used for Conduit 461
  WARNING 04: minimum elevation drop used for Conduit 356
  WARNING 04: minimum elevation drop used for Conduit 2356
  WARNING 04: minimum elevation drop used for Conduit 2362
  WARNING 04: minimum elevation drop used for Conduit 3356
  WARNING 04: minimum elevation drop used for Conduit 375
  WARNING 04: minimum elevation drop used for Conduit 427
  WARNING 04: minimum elevation drop used for Conduit 354
  WARNING 04: minimum elevation drop used for Conduit 2354
  WARNING 04: minimum elevation drop used for Conduit 353
  WARNING 04: minimum elevation drop used for Conduit 2353
  WARNING 04: minimum elevation drop used for Conduit 352
  WARNING 04: minimum elevation drop used for Conduit 10361
  WARNING 04: minimum elevation drop used for Conduit 4351
  WARNING 04: minimum elevation drop used for Conduit 2366
  WARNING 04: minimum elevation drop used for Conduit 2374
  WARNING 04: minimum elevation drop used for Conduit 3351
  WARNING 04: minimum elevation drop used for Conduit 4436
  WARNING 04: minimum elevation drop used for Conduit 405
  WARNING 04: minimum elevation drop used for Conduit 484
  WARNING 04: minimum elevation drop used for Conduit 391
  WARNING 04: minimum elevation drop used for Conduit 2477
  WARNING 04: minimum elevation drop used for Conduit 2463
  WARNING 04: minimum elevation drop used for Conduit 477
  WARNING 04: minimum elevation drop used for Conduit 383
  WARNING 04: minimum elevation drop used for Conduit 380
  WARNING 04: minimum elevation drop used for Conduit 4382
  WARNING 04: minimum elevation drop used for Conduit 3484
  WARNING 04: minimum elevation drop used for Conduit 1384
  WARNING 04: minimum elevation drop used for Conduit 1301
  WARNING 04: minimum elevation drop used for Conduit 6315
  WARNING 08: elevation drop exceeds length for Conduit NTP-1
  WARNING 08: elevation drop exceeds length for Conduit NTP-2
  WARNING 08: elevation drop exceeds length for Conduit NTP-3
  WARNING 04: minimum elevation drop used for Conduit 384
  WARNING 04: minimum elevation drop used for Conduit 395
  WARNING 04: minimum elevation drop used for Conduit 1182
  WARNING 04: minimum elevation drop used for Conduit 1192
  WARNING 04: minimum elevation drop used for Conduit 182_2
  WARNING 04: minimum elevation drop used for Conduit 192
  WARNING 04: minimum elevation drop used for Conduit 2192
  WARNING 04: minimum elevation drop used for Conduit 22
  WARNING 04: minimum elevation drop used for Conduit 1019
  WARNING 04: minimum elevation drop used for Conduit 19
  WARNING 04: minimum elevation drop used for Conduit 022_3
  WARNING 04: minimum elevation drop used for Conduit PM-43
  WARNING 04: minimum elevation drop used for Conduit 2331
  WARNING 04: minimum elevation drop used for Conduit 1331
  WARNING 04: minimum elevation drop used for Conduit PM-44
  WARNING 04: minimum elevation drop used for Conduit PM-50
  WARNING 04: minimum elevation drop used for Conduit PM-17
  WARNING 04: minimum elevation drop used for Conduit 4415
  WARNING 04: minimum elevation drop used for Conduit 392
  WARNING 04: minimum elevation drop used for Conduit 2344
  WARNING 04: minimum elevation drop used for Conduit 320
  WARNING 04: minimum elevation drop used for Conduit 3477
  WARNING 04: minimum elevation drop used for Conduit 4345
  WARNING 04: minimum elevation drop used for Conduit 336_2
  WARNING 04: minimum elevation drop used for Conduit 1447
  WARNING 04: minimum elevation drop used for Conduit 1318
  WARNING 04: minimum elevation drop used for Conduit 1318.1
  WARNING 04: minimum elevation drop used for Conduit 318
  WARNING 04: minimum elevation drop used for Conduit 2434
  WARNING 04: minimum elevation drop used for Conduit 3434
  WARNING 04: minimum elevation drop used for Conduit 3462
  WARNING 04: minimum elevation drop used for Conduit 3323
  WARNING 04: minimum elevation drop used for Conduit 2309
  WARNING 04: minimum elevation drop used for Conduit 308_2
  WARNING 04: minimum elevation drop used for Conduit 2323.1
  WARNING 04: minimum elevation drop used for Conduit 3439
  WARNING 04: minimum elevation drop used for Conduit 425_2
  WARNING 04: minimum elevation drop used for Conduit 3349
  WARNING 04: minimum elevation drop used for Conduit 450.1
  WARNING 04: minimum elevation drop used for Conduit 2304
  WARNING 04: minimum elevation drop used for Conduit M6-AC36
  WARNING 04: minimum elevation drop used for Conduit M4-AC6
  WARNING 04: minimum elevation drop used for Conduit F1-AC24
  WARNING 04: minimum elevation drop used for Conduit K1-AC12
  WARNING 04: minimum elevation drop used for Conduit 371
  WARNING 04: minimum elevation drop used for Conduit 2401
  WARNING 04: minimum elevation drop used for Conduit N4-AC6
  WARNING 04: minimum elevation drop used for Conduit P5-AC12
  WARNING 04: minimum elevation drop used for Conduit D2-AC16
  WARNING 04: minimum elevation drop used for Conduit 457
  WARNING 04: minimum elevation drop used for Conduit 2457
  WARNING 04: minimum elevation drop used for Conduit 3457
  WARNING 04: minimum elevation drop used for Conduit C3-AC36
  WARNING 04: minimum elevation drop used for Conduit 3392
  WARNING 04: minimum elevation drop used for Conduit C4-AC36
  WARNING 04: minimum elevation drop used for Conduit D4-AC16
  WARNING 04: minimum elevation drop used for Conduit E2-AC16
  WARNING 04: minimum elevation drop used for Conduit F1-AC24-1
  WARNING 04: minimum elevation drop used for Conduit 1421
  WARNING 04: minimum elevation drop used for Conduit F1-AC16
  WARNING 04: minimum elevation drop used for Conduit H1-AC16
  WARNING 04: minimum elevation drop used for Conduit F4-AC72
  WARNING 04: minimum elevation drop used for Conduit 2962
  WARNING 04: minimum elevation drop used for Conduit 3962
  WARNING 04: minimum elevation drop used for Conduit F5-AC36
  WARNING 04: minimum elevation drop used for Conduit 3300.1
  WARNING 04: minimum elevation drop used for Conduit R7-AC24
  WARNING 04: minimum elevation drop used for Conduit PJM-44
  WARNING 04: minimum elevation drop used for Conduit P6-AC36
  WARNING 04: minimum elevation drop used for Conduit 1418
  WARNING 04: minimum elevation drop used for Conduit M6-AC42
  WARNING 04: minimum elevation drop used for Conduit M5-AC30
  WARNING 04: minimum elevation drop used for Conduit 2307.1
  WARNING 04: minimum elevation drop used for Conduit M5-AC42
  WARNING 04: minimum elevation drop used for Conduit 4414
  WARNING 04: minimum elevation drop used for Conduit 4187
  WARNING 04: minimum elevation drop used for Conduit 357
  WARNING 04: minimum elevation drop used for Conduit M7-AC42
  WARNING 04: minimum elevation drop used for Conduit 2182
  WARNING 04: minimum elevation drop used for Conduit 3182
  WARNING 04: minimum elevation drop used for Conduit 2392
  WARNING 04: minimum elevation drop used for Conduit 311
  WARNING 04: minimum elevation drop used for Conduit 421
  WARNING 04: minimum elevation drop used for Conduit L3-AC10
  WARNING 04: minimum elevation drop used for Conduit 306
  WARNING 04: minimum elevation drop used for Conduit 1486
  WARNING 04: minimum elevation drop used for Conduit 2465
  WARNING 04: minimum elevation drop used for Conduit 1490
  WARNING 04: minimum elevation drop used for Conduit 2490
  WARNING 04: minimum elevation drop used for Conduit 1498
  WARNING 04: minimum elevation drop used for Conduit 2498
  WARNING 04: minimum elevation drop used for Conduit 3498
  WARNING 04: minimum elevation drop used for Conduit 2390
  WARNING 04: minimum elevation drop used for Conduit 2485
  WARNING 04: minimum elevation drop used for Conduit 3485
  WARNING 04: minimum elevation drop used for Conduit 2479
  WARNING 04: minimum elevation drop used for Conduit 3479
  WARNING 04: minimum elevation drop used for Conduit 1476
  WARNING 04: minimum elevation drop used for Conduit 2410
  WARNING 04: minimum elevation drop used for Conduit 1485
  WARNING 04: minimum elevation drop used for Conduit 2408
  WARNING 04: minimum elevation drop used for Conduit 2436
  WARNING 04: minimum elevation drop used for Conduit 2431
  WARNING 04: minimum elevation drop used for Conduit 2430
  WARNING 04: minimum elevation drop used for Conduit 2437
  WARNING 04: minimum elevation drop used for Conduit 1437
  WARNING 04: minimum elevation drop used for Conduit 3437
  WARNING 04: minimum elevation drop used for Conduit 5437
  WARNING 04: minimum elevation drop used for Conduit 2476
  WARNING 04: minimum elevation drop used for Conduit 4413
  WARNING 04: minimum elevation drop used for Conduit 3413
  WARNING 04: minimum elevation drop used for Conduit 2483
  WARNING 04: minimum elevation drop used for Conduit 2429
  WARNING 04: minimum elevation drop used for Conduit 3429
  WARNING 04: minimum elevation drop used for Conduit 1404
  WARNING 04: minimum elevation drop used for Conduit 1305
  WARNING 04: minimum elevation drop used for Conduit 11305
  WARNING 04: minimum elevation drop used for Conduit 1409
  WARNING 04: minimum elevation drop used for Conduit 4437
  WARNING 04: minimum elevation drop used for Conduit 3476
  WARNING 04: minimum elevation drop used for Conduit 1428-1
  
  ****************
  Analysis Options
  ****************
  Flow Units ............... CFS
  Process Models:
    Rainfall/Runoff ........ NO
    RDII ................... NO
    Snowmelt ............... NO
    Groundwater ............ NO
    Flow Routing ........... YES
    Ponding Allowed ........ NO
    Water Quality .......... NO
  Flow Routing Method ...... DYNWAVE
  Surcharge Method ......... EXTRAN
  Starting Date ............ 01/01/2001 00:00:00
  Ending Date .............. 01/02/2001 00:00:00
  Antecedent Dry Days ...... 0.0
  Report Time Step ......... 00:15:00
  Routing Time Step ........ 10.00 sec
  Variable Time Step ....... YES
  Maximum Trials ........... 50
  Number of Threads ........ 1
  Head Tolerance ........... 0.000100 ft
  
  
  **************************        Volume        Volume
  Flow Routing Continuity        acre-feet      10^6 gal
  **************************     ---------     ---------
  Dry Weather Inflow .......         0.000         0.000
  Wet Weather Inflow .......         0.000         0.000
  Groundwater Inflow .......         0.000         0.000
  RDII Inflow ..............         0.000         0.000
  External Inflow ..........        35.659        11.620
  External Outflow .........         0.000         0.000
  Flooding Loss ............       654.302       213.214
  Evaporation Loss .........         0.000         0.000
  Exfiltration Loss ........         0.000         0.000
  Initial Stored Volume ....         0.283         0.092
  Final Stored Volume ......        15.088         4.917
  Continuity Error (%) .....     -1762.438
  
  
  *************************
  Highest Continuity Errors
  *************************
  Node J4336 (-1675.75%)
  Node J3379 (-1387.48%)
  Node J499 (100.00%)
  Node J4466 (100.00%)
  Node J2466 (100.00%)
  
  
  ***************************
  Time-Step Critical Elements
  ***************************
  Link 2445 (90.15%)
  Link PM-42 (8.07%)
  Link PM-22 (1.46%)
  
  
  ********************************
  Highest Flow Instability Indexes
  ********************************
  All links are stable.
  
  
  *********************************
  Most Frequent Nonconverging Nodes
  *********************************
  Node J488 (0.73%)
  Node J4345 (0.10%)
  Node J320 (0.09%)
  Node M7-AC1 (0.09%)
  Node J1182 (0.07%)
  
  
  *************************
  Routing Time Step Summary
  *************************
  Minimum Time Step           :     0.54 sec
  Average Time Step           :     1.67 sec
  Maximum Time Step           :     5.72 sec
  % of Time in Steady State   :     0.00
  Average Iterations per Step :     2.43
  % of Steps Not Converging   :     0.73
  Time Step Frequencies       :
     10.000 -  5.493 sec      :     1.36 %
      5.493 -  3.017 sec      :     4.45 %
      3.017 -  1.657 sec      :    18.30 %
      1.657 -  0.910 sec      :    75.87 %
      0.910 -  0.500 sec      :     0.02 %
  
  
  ******************
  Node Depth Summary
  ******************
  
  ---------------------------------------------------------------------------------
                                 Average  Maximum  Maximum  Time of Max    Reported
                                   Depth    Depth      HGL   Occurrence   Max Depth
  Node                 Type         Feet     Feet     Feet  days hr:min        Feet
  ---------------------------------------------------------------------------------
  J450                 JUNCTION     5.30     5.60    20.60     1  00:00        5.60
  J449                 JUNCTION     5.03     5.50    20.50     0  09:59        5.50
  J2449                JUNCTION     5.19     5.50    20.50     0  10:00        5.50
  J2450                JUNCTION     5.47     5.60    20.60     1  00:00        5.60
  J448                 JUNCTION     4.88     5.50    20.50     0  10:02        5.50
  J446                 JUNCTION     0.00     0.00    15.00     0  00:00        0.00
  J457                 JUNCTION     0.00     0.00    15.00     0  00:00        0.00
  J455                 JUNCTION     0.00     0.00    15.00     0  00:00        0.00
  J2455                JUNCTION     0.00     0.00    15.00     0  00:00        0.00
  J3455                JUNCTION     0.00     0.00    15.00     0  00:00        0.00
  J454                 JUNCTION     0.00     0.00    15.00     0  00:00        0.00
  J318                 JUNCTION     0.00     0.00    15.00     0  00:00        0.00
  J411                 JUNCTION     0.00     0.00    15.00     0  00:00        0.00
  J3349                JUNCTION     4.89     5.60    20.60     1  00:00        5.60
  J3449                JUNCTION     5.31     5.50    20.50     0  09:59        5.50
  J3450-P              JUNCTION     5.54     5.61    20.61     1  00:00        5.61
  J412                 JUNCTION     0.00     0.00    15.00     0  00:00        0.00
  J460                 JUNCTION     0.00     0.00    15.00     0  00:00        0.00
  J459                 JUNCTION     0.00     0.00    15.00     0  00:00        0.00
  J2459                JUNCTION     0.00     0.00    10.00     0  00:00        0.00
  J473                 JUNCTION     0.00     0.00    15.00     0  00:00        0.00
  J2420                JUNCTION     0.00     0.00    15.00     0  00:00        0.00
  J350                 JUNCTION     0.00     0.00    15.00     0  00:00        0.00
  J420                 JUNCTION     0.00     0.00    15.00     0  00:00        0.00
  J456                 JUNCTION     0.00     0.00    15.00     0  00:00        0.00
  J458                 JUNCTION     0.00     0.00    15.00     0  00:00        0.00
  J453                 JUNCTION     0.00     0.00    15.00     0  00:00        0.00
  J452                 JUNCTION     0.00     0.00    15.00     0  00:00        0.00
  J451                 JUNCTION     0.00     0.00    15.00     0  00:00        0.00
  J421                 JUNCTION     0.00     0.00    15.00     0  00:00        0.00
  J5442-P              JUNCTION     5.11     5.17    20.17     1  00:00        5.17
  J4422                JUNCTION     4.56     5.16    20.16     1  00:00        5.16
  J3422                JUNCTION     1.56     5.01    20.01     1  00:00        5.01
  J3421                JUNCTION     6.14     6.16    21.16     1  00:00        6.16
  J340                 JUNCTION     0.00     0.00    15.00     0  00:00        0.00
  J2371                JUNCTION     0.00     0.00    15.00     0  00:00        0.00
  J372                 JUNCTION     0.00     0.00    15.00     0  00:00        0.00
  J422                 JUNCTION     0.00     0.00    15.00     1  00:00        0.00
  J441                 JUNCTION     2.51     5.18    20.18     0  23:53        5.18
  J2441                JUNCTION     4.29     5.18    20.18     0  23:41        5.18
  J440                 JUNCTION     2.62     5.18    20.18     0  23:49        5.18
  J442                 JUNCTION     4.23     5.18    20.18     0  23:32        5.18
  J303                 JUNCTION     4.82     5.33    20.33     0  05:49        5.33
  J2302                JUNCTION     5.43     5.66    20.66     0  15:22        5.66
  J3302                JUNCTION     5.58     5.67    20.67     0  15:32        5.66
  J302                 JUNCTION     5.23     5.66    20.66     0  17:38        5.66
  J445                 JUNCTION     5.40     5.66    20.66     0  15:25        5.66
  J2444                JUNCTION     5.54     5.66    20.66     0  15:16        5.66
  J2443                JUNCTION     5.27     5.52    20.52     0  15:34        5.52
  J3443                JUNCTION     4.89     5.36    20.36     0  10:13        5.36
  J443                 JUNCTION     5.08     5.50    20.50     0  06:42        5.50
  J444                 JUNCTION     5.45     5.66    20.66     0  15:17        5.66
  M-41                 JUNCTION     5.11     5.12    20.12     0  04:43        5.12
  M-27                 JUNCTION     5.86     5.90    20.90     0  15:21        5.90
  M-37                 JUNCTION     6.20     6.20    21.20     0  00:00        6.20
  J470                 JUNCTION     0.00     0.00    15.00     0  00:00        0.00
  J471                 JUNCTION     0.33     0.66    15.66     1  00:00        0.66
  J2472                JUNCTION     4.74     5.04    20.04     0  21:55        5.04
  J472                 JUNCTION     0.45     0.91    15.91     1  00:00        0.91
  J474                 JUNCTION     5.01     5.23    20.23     0  11:26        5.22
  J2474-P              JUNCTION     5.20     5.22    20.22     0  17:31        5.22
  J2499                JUNCTION     4.74     5.04    20.04     0  23:54        5.04
  J499                 JUNCTION     0.65     1.34    16.34     1  00:00        1.34
  J469                 JUNCTION     0.00     0.00    15.00     0  00:00        0.00
  J2468                JUNCTION     0.00     0.00    15.00     0  00:00        0.00
  J468                 JUNCTION     0.00     0.00    15.00     0  00:00        0.00
  J3468                JUNCTION     0.00     0.00    15.00     0  00:00        0.00
  J4466                JUNCTION     0.60     1.95    16.95     1  00:00        1.95
  J2466                JUNCTION     2.01     4.15    19.15     1  00:00        4.15
  J426                 JUNCTION     6.08     6.44    21.44     1  00:00        6.44
  J3466-P              JUNCTION     5.10     5.14    20.14     0  19:56        5.14
  J467                 JUNCTION     0.48     0.99    15.99     1  00:00        0.99
  J3499                JUNCTION     4.44     5.14    20.14     0  20:21        5.14
  J466                 JUNCTION     4.72     5.04    20.04     0  19:58        5.04
  J2426                JUNCTION     5.78     6.32    21.32     1  00:00        6.32
  J5466                JUNCTION     4.39     5.06    20.06     1  00:00        5.06
  J493                 JUNCTION     0.00     0.00    15.00     0  00:00        0.00
  J491                 JUNCTION     0.00     0.00    15.00     0  00:00        0.00
  J2494                JUNCTION     0.00     0.00    15.00     0  00:00        0.00
  J492                 JUNCTION     0.00     0.00    15.00     0  00:00        0.00
  J2495                JUNCTION     0.00     0.00    15.00     0  00:00        0.00
  J315                 JUNCTION     1.00     1.00    16.00     0  00:00        1.00
  J317                 JUNCTION     1.31     1.31    16.31     0  00:50        1.31
  J301                 JUNCTION     6.44     6.67    21.67     0  03:18        6.67
  J316                 JUNCTION     0.00     0.00    15.00     0  00:00        0.00
  J494                 JUNCTION     0.00     0.00    15.00     0  00:00        0.00
  J495                 JUNCTION     0.00     0.00    15.00     0  00:00        0.00
  J475                 JUNCTION     0.00     0.00    15.00     0  00:00        0.00
  J3342                JUNCTION     0.03     0.48    15.48     1  00:00        0.48
  J464                 JUNCTION     0.00     0.00    15.00     0  00:00        0.00
  J344                 JUNCTION     0.00     0.00    15.00     0  00:00        0.00
  J2344                JUNCTION     5.12     5.52    20.52     0  23:52        5.52
  J2342                JUNCTION     1.85     5.07    20.07     1  00:00        5.07
  J342                 JUNCTION     0.02     0.41    15.41     1  00:00        0.41
  J343                 JUNCTION     4.89     5.48    20.48     1  00:00        5.48
  J2343                JUNCTION     5.13     5.48    20.48     1  00:00        5.48
  J3343-P              JUNCTION     5.43     5.52    20.52     1  00:00        5.52
  J482                 JUNCTION     4.48     5.11    20.11     1  00:00        5.11
  J2482                JUNCTION     4.91     5.47    20.47     1  00:00        5.47
  J2480                JUNCTION     5.48     5.54    20.54     1  00:00        5.54
  J2435                JUNCTION     5.61     5.64    20.64     0  23:57        5.64
  J324                 JUNCTION     5.20     5.44    20.44     1  00:00        5.44
  J2324                JUNCTION     5.33     5.45    20.45     1  00:00        5.45
  J478                 JUNCTION     0.00     0.00    15.00     0  00:00        0.00
  J2478                JUNCTION     0.26     0.55    15.55     1  00:00        0.55
  J438                 JUNCTION     1.84     3.98    18.98     1  00:00        3.98
  J4438                JUNCTION     4.68     5.16    20.16     0  21:29        5.16
  J4321                JUNCTION     4.26     5.13    20.13     0  21:06        5.13
  J321                 JUNCTION     4.06     5.13    20.13     0  21:13        5.13
  J3438                JUNCTION     4.86     5.12    20.12     0  21:35        5.12
  J2438                JUNCTION     4.55     5.09    20.09     0  21:44        5.09
  J435                 JUNCTION     5.19     5.23    20.23     0  23:58        5.23
  J480                 JUNCTION     5.07     5.15    20.15     1  00:00        5.15
  J439                 JUNCTION     5.22     5.28    20.28     0  01:41        5.28
  J2439                JUNCTION     5.26     5.28    20.28     0  23:56        5.28
  J3439-P              JUNCTION     5.72     5.73    20.73     0  23:55        5.73
  J424                 JUNCTION     0.20     0.43    15.43     1  00:00        0.43
  J2424-P              JUNCTION     4.99     5.03    20.03     1  00:00        5.03
  J3324                JUNCTION     4.95     5.29    20.29     1  00:00        5.29
  J2396                JUNCTION     4.25     5.15    20.15     1  00:00        5.15
  J425                 JUNCTION     5.70     5.73    20.73     0  01:13        5.73
  J3424                JUNCTION     4.23     5.21    20.21     1  00:00        5.21
  J396                 JUNCTION     3.50     5.21    20.21     1  00:00        5.21
  J2392-P              JUNCTION     5.09     5.10    20.10     1  00:00        5.10
  J402                 JUNCTION     0.00     0.00    15.00     0  00:00        0.00
  J2402                JUNCTION     0.00     0.00    15.00     0  00:00        0.00
  J398                 JUNCTION     0.00     0.00    15.00     0  00:00        0.00
  J400                 JUNCTION     0.00     0.00    15.00     0  00:00        0.00
  J2400                JUNCTION     0.00     0.00    15.00     0  00:00        0.00
  J399                 JUNCTION     0.00     0.00    15.00     0  00:00        0.00
  J423                 JUNCTION     4.75     5.28    20.28     1  00:00        5.28
  J432                 JUNCTION     0.00     0.00    15.00     0  00:00        0.00
  J395                 JUNCTION     0.00     0.00    15.00     0  00:00        0.00
  J322                 JUNCTION     0.16     0.38    15.38     1  00:00        0.38
  J2322                JUNCTION     4.52     5.04    20.04     0  23:50        5.04
  J2397-P              JUNCTION     5.33     5.37    20.37     0  23:14        5.37
  J3397                JUNCTION     5.01     5.10    20.10     0  23:20        5.10
  J394                 JUNCTION     5.09     5.37    20.37     0  22:35        5.37
  J397                 JUNCTION     5.19     5.37    20.37     0  21:49        5.37
  M-51                 JUNCTION     5.42     5.46    20.46     0  00:56        5.46
  NEW                  JUNCTION     5.92     6.01    21.01     0  07:11        6.01
  J4318                JUNCTION     0.00     0.00    15.00     0  00:00        0.00
  J3414                JUNCTION     0.00     0.00    15.00     0  00:00        0.00
  J2386                JUNCTION     0.05     0.05    15.05     1  00:00        0.05
  J386                 JUNCTION     5.39     5.44    20.44     1  00:00        5.44
  J2387                JUNCTION     0.00     0.00    15.00     0  00:00        0.00
  J387                 JUNCTION     0.00     0.00    15.00     0  00:00        0.00
  J3387                JUNCTION     0.00     0.00    15.00     0  00:00        0.00
  J348                 JUNCTION     5.50     5.58    20.58     0  12:18        5.58
  J3307                JUNCTION     5.57     5.58    20.58     0  12:58        5.58
  J307                 JUNCTION     0.00     0.00    15.00     0  00:00        0.00
  J2307                JUNCTION     0.00     0.00    15.00     0  00:00        0.00
  J3415-P              JUNCTION     6.60     6.86    21.86     0  23:56        6.86
  J345                 JUNCTION     6.18     6.86    21.86     0  23:49        6.86
  J300                 JUNCTION     5.96     5.99    20.99     0  16:59        5.99
  J2300                JUNCTION     5.85     5.96    20.96     0  16:51        5.96
  J3300                JUNCTION     4.93     5.21    20.21     0  23:52        5.21
  J4300                JUNCTION     1.92     5.15    20.15     1  00:00        5.15
  J5300                JUNCTION     3.20     5.14    20.14     1  00:00        5.14
  J346                 JUNCTION     0.46     5.06    20.06     1  00:00        5.06
  J347                 JUNCTION     5.48     6.09    21.09     1  00:00        6.09
  J2347                JUNCTION     5.45     6.21    21.21     1  00:00        6.21
  J3346                JUNCTION     2.04     5.16    20.16     1  00:00        5.16
  J4496                JUNCTION     5.01     5.83    20.83     1  00:00        5.83
  J3310                JUNCTION     5.60     5.89    20.89     1  00:00        5.89
  J3496                JUNCTION     4.57     5.78    20.78     1  00:00        5.78
  J497                 JUNCTION     4.08     5.51    20.51     1  00:00        5.51
  J2496-P              JUNCTION     5.21     5.51    20.51     1  00:00        5.51
  J496                 JUNCTION     4.67     5.13    20.13     1  00:00        5.13
  J2962                JUNCTION     5.29     5.41    20.41     1  00:00        5.41
  J2307.1              JUNCTION     0.00     0.00    15.00     0  00:00        0.00
  J414                 JUNCTION     0.00     0.00    15.00     0  00:00        0.00
  J14346               JUNCTION     5.99     6.00    21.00     0  00:50        6.00
  J12346               JUNCTION     5.83     5.89    20.89     1  00:00        5.89
  J18346               JUNCTION     5.70     5.83    20.83     1  00:00        5.83
  J15346               JUNCTION     5.60     5.82    20.82     1  00:00        5.82
  J4346                JUNCTION     3.34     5.71    20.71     1  00:00        5.71
  J6436                JUNCTION     5.84     6.00    21.00     0  04:38        6.00
  J2311                JUNCTION     5.77     6.01    21.01     1  00:00        6.01
  J2310                JUNCTION     5.82     5.97    20.97     1  00:00        5.97
  J962                 JUNCTION     4.75     5.41    20.41     1  00:00        5.41
  J2415                JUNCTION     7.27     7.41    22.41     1  00:00        7.41
  J2345                JUNCTION     6.27     6.86    21.86     0  23:36        6.86
  J3345                JUNCTION     6.46     6.86    21.86     0  23:49        6.86
  J462                 JUNCTION     0.00     0.00    15.00     0  00:00        0.00
  J2462                JUNCTION     0.00     0.00    15.00     0  00:00        0.00
  J2401                JUNCTION     0.00     0.00    15.00     0  00:00        0.00
  J401                 JUNCTION     0.00     0.00    15.00     0  00:00        0.00
  J2319-P              JUNCTION     5.12     5.13    20.13     0  13:08        5.13
  J6417                JUNCTION     5.02     5.13    20.13     0  12:56        5.13
  J2417                JUNCTION     5.14     5.19    20.19     0  01:03        5.19
  J417                 JUNCTION     5.14     5.97    20.97     0  00:06        5.80
  J416                 JUNCTION     4.96     5.13    20.13     0  16:11        5.13
  J415                 JUNCTION     7.23     7.41    22.41     1  00:00        7.41
  J2346                JUNCTION     1.01     5.15    20.15     1  00:00        5.15
  J5346                JUNCTION     4.25     5.82    20.82     1  00:00        5.82
  J6346                JUNCTION     4.49     5.83    20.83     1  00:00        5.83
  J310                 JUNCTION     5.76     5.97    20.97     0  23:59        5.97
  J311                 JUNCTION     0.00     0.00    15.00     0  00:00        0.00
  J314                 JUNCTION     0.00     0.00    15.00     0  00:00        0.00
  J312                 JUNCTION     0.00     0.00    15.00     0  00:00        0.00
  J313                 JUNCTION     0.00     0.00    15.00     0  00:00        0.00
  M-42                 JUNCTION     6.00     6.00    21.00     0  00:01        6.00
  M-45                 JUNCTION     0.00     0.00    15.00     0  00:00        0.00
  M-38                 JUNCTION     0.00     0.00    15.00     0  00:00        0.00
  M-39                 JUNCTION     0.00     0.00    15.00     0  00:00        0.00
  J319                 JUNCTION     0.00     0.00    15.00     0  00:00        0.00
  M-7                  JUNCTION     0.00     0.00    15.00     0  00:00        0.00
  M-24                 JUNCTION     0.00     0.00    15.00     0  00:00        0.00
  M-52                 JUNCTION     5.90     5.91    20.91     0  12:58        5.91
  M-13                 JUNCTION     5.99     6.00    21.00     0  02:25        6.00
  M-49                 JUNCTION     5.92     6.00    21.00     0  09:16        6.00
  M-48                 JUNCTION     5.79     6.00    21.00     0  13:22        6.00
  M-4                  JUNCTION     5.67     5.89    20.89     1  00:00        5.89
  M-6                  JUNCTION     5.91     6.00    21.00     0  04:37        6.00
  J309                 JUNCTION     0.00     0.00    15.00     0  00:00        0.00
  J308                 JUNCTION     0.48     2.44    17.44     1  00:00        2.44
  J2323                JUNCTION     4.17     5.12    20.12     1  00:00        5.12
  J323                 JUNCTION     0.62     3.25    18.25     1  00:00        3.25
  J305                 JUNCTION     5.08     5.30    20.30     1  00:00        5.30
  J2388                JUNCTION     4.90     5.27    20.27     1  00:00        5.27
  J388                 JUNCTION     3.85     5.27    20.27     1  00:00        5.27
  J2304                JUNCTION     3.51     5.12    20.12     1  00:00        5.12
  J304                 JUNCTION     0.94     4.29    19.29     1  00:00        4.29
  J4304                JUNCTION     0.00     0.00    15.00     0  00:00        0.00
  J3327                JUNCTION     0.00     0.00    15.00     0  00:00        0.00
  J327                 JUNCTION     0.00     0.00    15.00     0  00:00        0.00
  J2327                JUNCTION     0.00     0.00    15.00     0  00:00        0.00
  J328                 JUNCTION     0.00     0.00    15.00     0  00:00        0.00
  J2326                JUNCTION     0.00     0.00    15.00     0  00:00        0.00
  J481                 JUNCTION     0.00     0.00    15.00     0  00:00        0.00
  J326                 JUNCTION     0.00     0.00    15.00     0  00:00        0.00
  J325                 JUNCTION     0.00     0.00    15.00     0  00:00        0.00
  J2305-P              JUNCTION     5.24     5.30    20.30     1  00:00        5.30
  J334                 JUNCTION     0.00     0.00    15.00     0  00:00        0.00
  J338                 JUNCTION     0.00     0.00    15.00     0  00:00        0.00
  J333                 JUNCTION     0.00     0.00    15.00     0  00:00        0.00
  J3339                JUNCTION     0.00     0.00    15.00     0  00:00        0.00
  J434                 JUNCTION     0.00     0.00    15.00     0  00:00        0.00
  J339                 JUNCTION     0.00     0.00    15.00     0  00:00        0.00
  J2339                JUNCTION     0.00     0.00    15.00     0  00:00        0.00
  J2335                JUNCTION     5.02     5.17    20.17     0  00:46        5.17
  J335                 JUNCTION     5.06     5.80    20.80     0  00:02        5.68
  J341                 JUNCTION     0.00     0.00    15.00     0  00:00        0.00
  J433                 JUNCTION     0.00     0.00    15.00     0  00:00        0.00
  J2337                JUNCTION     0.00     0.00    15.00     0  00:00        0.00
  J2487                JUNCTION     0.00     0.00    15.00     0  00:00        0.00
  J337                 JUNCTION     0.00     0.00    15.00     0  00:00        0.00
  J487                 JUNCTION     0.00     0.00    15.00     0  00:00        0.00
  J332                 JUNCTION     0.00     0.00    15.00     0  00:00        0.00
  J329                 JUNCTION     0.00     0.00    15.00     0  00:00        0.00
  J336                 JUNCTION     0.00     0.00    15.00     0  00:00        0.00
  J371                 JUNCTION     0.00     0.00    15.00     0  00:00        0.00
  J2370                JUNCTION     0.00     0.00    15.00     0  00:00        0.00
  J370                 JUNCTION     0.00     0.00    15.00     0  00:00        0.00
  J3370                JUNCTION     0.00     0.00    15.00     0  00:00        0.00
  J3359                JUNCTION     0.00     0.00    15.00     0  00:00        0.00
  J2368                JUNCTION     0.00     0.00    15.00     0  00:00        0.00
  J2377                JUNCTION     0.00     0.00    15.00     0  00:00        0.00
  J364                 JUNCTION     0.00     0.00    15.00     0  00:00        0.00
  J2364                JUNCTION     0.00     0.00    15.00     0  00:00        0.00
  J3366                JUNCTION     0.00     0.00    15.00     0  00:00        0.00
  J2369                JUNCTION     0.00     0.00    15.00     0  00:00        0.00
  J365                 JUNCTION     0.00     0.00    15.00     0  00:00        0.00
  J369                 JUNCTION     0.00     0.00    15.00     0  00:00        0.00
  J385                 JUNCTION     0.00     0.00    15.00     0  00:00        0.00
  J2385                JUNCTION     0.00     0.00    15.00     0  00:00        0.00
  J2373                JUNCTION     0.00     0.00    15.00     0  00:00        0.00
  J2419                JUNCTION     0.00     0.00    15.00     0  00:00        0.00
  J419                 JUNCTION     0.00     0.00    15.00     0  00:00        0.00
  J373                 JUNCTION     0.00     0.00    15.00     0  00:00        0.00
  J374                 JUNCTION     0.00     0.00    15.00     0  00:00        0.00
  J368                 JUNCTION     0.00     0.00    15.00     0  00:00        0.00
  J366                 JUNCTION     0.00     0.00    15.00     0  00:00        0.00
  J377                 JUNCTION     0.00     0.00    15.00     0  00:00        0.00
  J2461-P              JUNCTION     0.00     0.00    15.00     0  00:00        0.00
  J3356                JUNCTION     0.00     0.00    15.00     0  00:00        0.00
  J2489                JUNCTION     0.00     0.00    15.00     0  00:00        0.00
  J356                 JUNCTION     0.00     0.00    15.00     0  00:00        0.00
  J461                 JUNCTION     0.00     0.00    15.00     0  00:00        0.00
  J2356                JUNCTION     0.00     0.00    15.00     0  00:00        0.00
  J362                 JUNCTION     0.00     0.00    15.00     0  00:00        0.00
  J2362                JUNCTION     0.00     0.00    15.00     0  00:00        0.00
  J375                 JUNCTION     0.00     0.00    15.00     0  00:00        0.00
  J2375                JUNCTION     0.00     0.00    15.00     0  00:00        0.00
  J427                 JUNCTION     0.00     0.00    15.00     0  00:00        0.00
  J376                 JUNCTION     0.00     0.00    15.00     0  00:00        0.00
  J363                 JUNCTION     0.00     0.00    15.00     0  00:00        0.00
  J367                 JUNCTION     0.00     0.00    15.00     0  00:00        0.00
  J359                 JUNCTION     0.00     0.00    15.00     0  00:00        0.00
  J354                 JUNCTION     0.00     0.00    15.00     0  00:00        0.00
  J353                 JUNCTION     0.00     0.00    15.00     0  00:00        0.00
  J2353                JUNCTION     0.00     0.00    15.00     0  00:00        0.00
  J352                 JUNCTION     0.00     0.00    15.00     0  00:00        0.00
  J358                 JUNCTION     0.00     0.00    15.00     0  00:00        0.00
  J351                 JUNCTION     0.00     0.00    15.00     0  00:00        0.00
  J361                 JUNCTION     0.00     0.00    15.00     0  00:00        0.00
  J360                 JUNCTION     0.00     0.00    15.00     0  00:00        0.00
  J355                 JUNCTION     0.00     0.00    15.00     0  00:00        0.00
  J357                 JUNCTION     0.00     0.00    15.00     0  00:00        0.00
  J389                 JUNCTION     0.00     0.00    15.00     0  00:00        0.00
  J2366                JUNCTION     0.00     0.00    15.00     0  00:00        0.00
  J2374                JUNCTION     0.00     0.00    15.00     0  00:00        0.00
  J378                 JUNCTION     0.00     0.00    15.00     0  00:00        0.00
  J405                 JUNCTION     0.00     0.00    15.00     0  00:00        0.00
  J380                 JUNCTION     0.00     0.00    15.00     0  00:00        0.00
  J381                 JUNCTION     0.00     0.00    15.00     0  00:00        0.00
  J484                 JUNCTION     0.00     0.00    15.00     0  00:00        0.00
  J2484                JUNCTION     0.00     0.00    15.00     0  00:00        0.00
  J382                 JUNCTION     0.00     0.00    15.00     0  00:00        0.00
  J391                 JUNCTION     0.00     0.00    15.00     0  00:00        0.00
  J2477                JUNCTION     0.00     0.00    15.00     0  00:00        0.00
  J463                 JUNCTION     0.00     0.00    15.00     0  00:00        0.00
  J477                 JUNCTION     0.00     0.00    15.00     0  00:00        0.00
  J383                 JUNCTION     0.00     0.00    15.00     0  00:00        0.00
  J2383                JUNCTION     0.00     0.00    15.00     0  00:00        0.00
  J379                 JUNCTION     0.00     0.00    15.00     0  00:00        0.00
  J2380                JUNCTION     0.00     0.00    15.00     0  00:00        0.00
  J3484                JUNCTION     0.00     0.00    15.00     0  00:00        0.00
  J384                 JUNCTION     0.00     0.00    15.00     0  00:00        0.00
  J1301                JUNCTION     0.00     0.00    15.00     0  00:00        0.00
  NTP-IN-1             JUNCTION     0.00     0.00   150.00     0  00:00        0.00
  NTP-O-1              JUNCTION     0.00     0.00    35.00     0  00:00        0.00
  NTP-IN-2             JUNCTION     0.00     0.00   150.00     0  00:00        0.00
  NTP-O-2              JUNCTION     0.00     0.00    35.00     0  00:00        0.00
  NTP-IN-3             JUNCTION     0.00     0.00   150.00     0  00:00        0.00
  NTP-O-3              JUNCTION     0.00     0.00    35.00     0  00:00        0.00
  J1384                JUNCTION     0.00     0.00    15.00     0  00:00        0.00
  J1395                JUNCTION     0.00     0.00    15.00     0  00:00        0.00
  J1182                JUNCTION     6.06     6.50    21.50     1  00:00        6.50
  J1192-P              JUNCTION     6.05     6.49    21.49     1  00:00        6.49
  J182                 JUNCTION     5.43     5.67    20.67     0  04:52        5.67
  J192                 JUNCTION     5.70     6.47    21.47     1  00:00        6.47
  J2019                JUNCTION     5.38     6.46    21.46     1  00:00        6.46
  J22                  JUNCTION     2.64     4.69    19.69     1  00:00        4.69
  J1019                JUNCTION     5.65     6.43    21.43     1  00:00        6.43
  J19                  JUNCTION     5.80     6.33    21.33     0  17:46        6.33
  J3022                JUNCTION     5.08     5.10    15.10     0  15:24        5.10
  J4022                JUNCTION     0.34     0.35    10.35     0  19:11        0.35
  J2022                JUNCTION     5.05     5.08    20.08     0  15:23        5.08
  M-43                 JUNCTION     6.37     6.62    21.62     1  00:00        6.62
  J2182                JUNCTION     6.30     6.59    21.59     1  00:00        6.59
  J331                 JUNCTION     0.00     0.00    15.00     0  00:00        0.00
  J330                 JUNCTION     4.94     5.03    20.03     0  06:24        5.03
  J1331                JUNCTION     0.18     0.27    15.27     1  00:00        0.27
  M-44                 JUNCTION     5.99     6.00    21.00     0  05:30        6.00
  M-50                 JUNCTION     6.29     6.59    21.59     1  00:00        6.59
  M-17                 JUNCTION     5.41     5.44    20.44     1  00:00        5.44
  J4415                JUNCTION     5.93     6.06    21.06     1  00:00        6.06
  J393                 JUNCTION     0.00     0.00    15.00     0  00:00        0.00
  J392                 JUNCTION     0.00     0.00    15.00     0  00:00        0.00
  J320                 JUNCTION     4.79     5.52    20.52     1  00:00        5.52
  J3477                JUNCTION     0.00     0.00    15.00     0  00:00        0.00
  J1310                JUNCTION     0.00     0.00    15.00     0  00:00        0.00
  J4345                JUNCTION     6.26     6.86    21.86     0  23:42        6.86
  J5436                JUNCTION     1.94     5.28    20.28     1  00:00        5.28
  J447                 JUNCTION     0.00     0.00    15.00     0  00:00        0.00
  J2447                JUNCTION     0.00     0.00    15.00     0  00:00        0.00
  J1447                JUNCTION     0.00     0.00    15.00     0  00:00        0.00
  J1318                JUNCTION     0.00     0.00    15.00     0  00:00        0.00
  J3434                JUNCTION     0.00     0.00    15.00     0  00:00        0.00
  J3462                JUNCTION     0.00     0.00    15.00     0  00:00        0.00
  J3323                JUNCTION     0.47     2.40    17.40     1  00:00        2.40
  J2434                JUNCTION     0.00     0.00    15.00     0  00:00        0.00
  J1425                JUNCTION     5.70     5.73    20.73     0  01:16        5.73
  J1362                JUNCTION     0.00     0.00    10.00     0  00:00        0.00
  J1383                JUNCTION     0.00     0.00    15.00     0  00:00        0.00
  J1450                JUNCTION     5.16     5.60    20.60     1  00:00        5.60
  J4366                JUNCTION     0.00     0.00    15.00     0  00:00        0.00
  J3304                JUNCTION     2.23     5.06    20.06     1  00:00        5.06
  L2323                JUNCTION     0.00     0.00     7.22     0  00:00        0.00
  L2319                JUNCTION     0.00     0.00     7.93     0  00:00        0.00
  L2317                JUNCTION     0.00     0.00     7.93     0  00:00        0.00
  K2316                JUNCTION     0.00     0.00     7.71     0  00:00        0.00
  K2096                JUNCTION     0.00     0.00     7.91     0  00:00        0.00
  K3089                JUNCTION     0.00     0.00     8.45     0  00:00        0.00
  K3088                JUNCTION     0.00     0.00     8.11     0  00:00        0.00
  K3061                JUNCTION     0.00     0.00     8.65     0  00:00        0.00
  K3045                JUNCTION     0.00     0.00     8.53     0  00:00        0.00
  K3044                JUNCTION     0.00     0.00     7.57     0  00:00        0.00
  K3043                JUNCTION     0.00     0.00     7.88     0  00:00        0.00
  K3041                JUNCTION     0.00     0.00     9.73     0  00:00        0.00
  K3040                JUNCTION     0.00     0.00    12.22     0  00:00        0.00
  M6-AC1               JUNCTION     0.00     0.00    15.00     0  00:00        0.00
  M6-AC2               JUNCTION     0.00     0.00    15.00     0  00:00        0.00
  M4-AC1               JUNCTION     0.00     0.00    15.00     0  00:00        0.00
  M4-AC2               JUNCTION     0.00     0.00    15.00     0  00:00        0.00
  F1-AC1               JUNCTION     0.00     0.00    15.00     0  00:00        0.00
  F1-AC2               JUNCTION     0.00     0.00    15.00     0  00:00        0.00
  K1-AC1               JUNCTION     0.00     0.00    15.00     0  00:00        0.00
  K1-AC2               JUNCTION     0.00     0.00    15.00     0  00:00        0.00
  M3-AC1               JUNCTION     0.00     0.00    15.00     0  00:00        0.00
  M3-AC2               JUNCTION     5.10     5.13    20.13     0  02:33        5.13
  N4-AC1               JUNCTION     0.00     0.00    15.00     0  00:00        0.00
  N4-AC2               JUNCTION     0.00     0.00    15.00     0  00:00        0.00
  P5-AC1               JUNCTION     0.00     0.00    15.00     0  00:00        0.00
  J4487                JUNCTION     0.00     0.00    15.00     0  00:00        0.00
  D2-AC1               JUNCTION     0.00     0.00    15.00     0  00:00        0.00
  D2-AC2               JUNCTION     0.00     0.00    15.00     0  00:00        0.00
  E2-AC2               JUNCTION     0.00     0.00    15.00     0  00:00        0.00
  E2-AC1               JUNCTION     0.00     0.00    15.00     0  00:00        0.00
  C3-AC1               JUNCTION     4.83     5.10    20.10     1  00:00        5.10
  C3-AC2               JUNCTION     0.00     0.00    15.00     0  00:00        0.00
  C4-AC1               JUNCTION     0.00     0.00    15.00     0  00:00        0.00
  C4-AC2               JUNCTION     0.00     0.00    15.00     0  00:00        0.00
  D4-AC1               JUNCTION     0.00     0.00    15.00     0  00:00        0.00
  D4-AC2               JUNCTION     0.00     0.00    15.00     0  00:00        0.00
  F1-AC3               JUNCTION     0.00     0.00    15.00     0  00:00        0.00
  F1-AC4               JUNCTION     0.00     0.00    15.00     0  00:00        0.00
  J2421                JUNCTION     4.37     5.17    20.17     1  00:00        5.17
  F1-AC5               JUNCTION     0.00     0.00    15.00     0  00:00        0.00
  F1-AC6               JUNCTION     0.00     0.00    15.00     0  00:00        0.00
  J349                 JUNCTION     0.00     0.00    15.00     0  00:00        0.00
  H1-AC1               JUNCTION     5.85     5.90    20.90     0  15:21        5.90
  H1-AC2               JUNCTION     0.00     0.00    15.00     0  00:00        0.00
  F4-AC1               JUNCTION     4.86     5.41    20.41     1  00:00        5.41
  F4-AC2               JUNCTION     0.00     0.00    15.00     0  00:00        0.00
  F5-AC1               JUNCTION     4.48     5.21    20.21     0  23:33        5.21
  F5-AC2               JUNCTION     0.00     0.00    15.00     0  00:00        0.00
  R7-AC1               JUNCTION     0.00     0.00    15.00     0  00:00        0.00
  R7-AC2               JUNCTION     0.00     0.00    15.00     0  00:00        0.00
  JM-44                JUNCTION     5.99     6.00    21.00     0  08:02        6.00
  J418                 JUNCTION     0.00     0.00    15.00     0  00:00        0.00
  P6-AC1               JUNCTION     0.00     0.00    15.00     0  00:00        0.00
  P6-AC2               JUNCTION     0.00     0.00    15.00     0  00:00        0.00
  M6-AC3               JUNCTION     0.00     0.00    15.00     0  00:00        0.00
  M6-AC4               JUNCTION     0.00     0.00    15.00     0  00:00        0.00
  M5-AC1               JUNCTION     0.00     0.00    15.00     0  00:00        0.00
  M5-AC2               JUNCTION     0.00     0.00    15.00     0  00:00        0.00
  M5-AC3               JUNCTION     0.00     0.00    15.00     0  00:00        0.00
  M5-AC4               JUNCTION     0.00     0.00    15.00     0  00:00        0.00
  M7-AC1               JUNCTION     6.18     6.59    21.59     1  00:00        6.59
  M7-AC2               JUNCTION     0.00     0.00    15.00     0  00:00        0.00
  L3-AC1               JUNCTION     0.00     0.00    15.00     0  00:00        0.00
  L3-AC2               JUNCTION     0.00     0.00    15.00     0  00:00        0.00
  J4499                JUNCTION     0.48     0.99    15.99     1  00:00        0.99
  J306                 JUNCTION     0.00     0.00    15.00     0  00:00        0.00
  S306                 JUNCTION     0.00     0.00    15.00     0  00:00        0.00
  J3437                JUNCTION     0.00     0.00    10.00     0  00:00        0.00
  J3429                JUNCTION     0.00     0.00    10.00     0  00:00        0.00
  J1409                JUNCTION     0.00     0.00    10.00     0  00:00        0.00
  J409                 JUNCTION     0.00     0.00     7.00     0  00:00        0.00
  1428                 JUNCTION     0.00     0.00     7.00     0  00:00        0.00
  J1431                JUNCTION     0.00     0.00    10.00     0  00:00        0.00
  J1476                JUNCTION     0.00     0.00    10.00     0  00:00        0.00
  J485                 JUNCTION     0.00     0.00    10.00     0  00:00        0.00
  J486                 JUNCTION     0.00     0.00    10.00     0  00:00        0.00
  J490                 JUNCTION     0.00     0.00    10.00     0  00:00        0.00
  J498                 JUNCTION     0.00     0.00    10.00     0  00:00        0.00
  J407                 JUNCTION     0.00     0.00    15.00     0  00:00        0.00
  PVT363               JUNCTION     0.00     0.00    15.00     0  00:00        0.00
  PVT461               JUNCTION     0.00     0.00    15.00     0  00:00        0.00
  PVT436               JUNCTION     0.00     0.00    15.00     0  00:00        0.00
  Node_2421            JUNCTION     0.00     0.00     5.00     0  00:00        0.00
  Node_1986271         JUNCTION     0.00     0.00     5.00     0  00:00        0.00
  HW_1425              JUNCTION     6.80     7.00    12.00     0  07:08        7.00
  HW_3418.1            JUNCTION     7.38     8.00    13.00     0  11:32        8.00
  HW_414               JUNCTION     0.00     0.00     5.00     0  00:00        0.00
  488-12"              JUNCTION     0.97     1.00     1.00     0  02:23        1.00
  2307-48"             JUNCTION     7.38     7.50    12.50     0  03:58        7.50
  3307-48"             JUNCTION     0.00     0.00     5.00     0  00:00        0.00
  Node_5414            JUNCTION     0.00     0.00     5.00     0  00:00        0.00
  Node_20351714        JUNCTION     0.00     0.00     5.00     0  00:00        0.00
  1310-48"             JUNCTION     0.00     0.00     5.00     0  00:00        0.00
  HW_2414              JUNCTION     7.98     8.00    13.00     0  00:18        8.00
  3414-30"             JUNCTION     0.00     0.00     5.00     0  00:00        0.00
  2319-16"             JUNCTION     5.64     6.17    11.17     1  00:00        6.17
  319-12               JUNCTION     5.61     5.67    10.67     0  02:04        5.67
  HW_3319              JUNCTION     0.00     0.00     5.00     0  00:00        0.00
  3387-42"             JUNCTION     0.00     0.00     5.00     0  00:00        0.00
  HW_3304              JUNCTION     5.94     6.00    11.00     0  02:59        6.00
  HW_3338              JUNCTION     4.75     5.50    10.50     0  06:51        5.50
  5487_ll              JUNCTION     0.08     3.71     8.71     1  00:00        3.71
  2339_ll              JUNCTION     0.00     0.00     5.00     0  00:00        0.00
  Node_461             JUNCTION     0.00     0.00     5.00     0  00:00        0.00
  Node_2259681         JUNCTION     0.00     0.00     5.00     0  00:00        0.00
  G2354                JUNCTION     0.00     0.00     5.00     0  00:00        0.00
  Node_20571878        JUNCTION     0.00     0.00     5.00     0  00:00        0.00
  Node_2357            JUNCTION     0.00     0.00     1.02     0  00:00        0.00
  Node_20391881        JUNCTION     0.00     0.00    -0.78     0  00:00        0.00
  Node_10361           JUNCTION     0.00     0.00     5.00     0  00:00        0.00
  Node_22581885        JUNCTION     0.00     0.00     5.00     0  00:00        0.00
  Node_4436            JUNCTION     0.00     0.00     5.00     0  00:00        0.00
  Node_22602113        JUNCTION     0.00     0.00     5.00     0  00:00        0.00
  Node_3383            JUNCTION     0.00     0.00     4.18     0  00:00        0.00
  Node_1820864         JUNCTION     0.00     0.00     0.71     0  00:00        0.00
  Node_8393            JUNCTION     0.00     0.00     5.00     0  00:00        0.00
  Node_16491650        JUNCTION     0.00     0.00     5.00     0  00:00        0.00
  HW_393               JUNCTION     0.00     0.00     5.00     0  00:00        0.00
  Node_2393            JUNCTION     0.00     0.00     5.00     0  00:00        0.00
  Node_16511652        JUNCTION     0.00     0.00     2.36     0  00:00        0.00
  Node_8392            JUNCTION     0.00     0.00     5.00     0  00:00        0.00
  Node_16521653        JUNCTION     0.00     0.00     5.00     0  00:00        0.00
  Node_92              JUNCTION     0.00     0.00     5.00     0  00:00        0.00
  Node_1653425         JUNCTION     0.00     0.00     5.00     0  00:00        0.00
  Node_8320            JUNCTION     0.00     0.00     5.00     0  00:00        0.00
  Node_16551656        JUNCTION     0.00     0.00     5.00     0  00:00        0.00
  HW_320               JUNCTION     0.00     0.00     5.00     0  00:00        0.00
  Node_1656380         JUNCTION     0.00     0.00     5.00     0  00:00        0.00
  Node_477             JUNCTION     0.00     0.00     5.00     0  00:00        0.00
  Node_1678851         JUNCTION     0.00     0.00     5.00     0  00:00        0.00
  Node_81310           JUNCTION     0.00     0.00     0.00     0  00:00        0.00
  Node_16801681        JUNCTION     0.00     0.00     0.00     0  00:00        0.00
  Node_4345            JUNCTION     0.00     0.00     5.00     0  00:00        0.00
  Node_16841680        JUNCTION     0.00     0.00     5.00     0  00:00        0.00
  HW_5436              JUNCTION     0.00     0.00     5.00     0  00:00        0.00
  HW_2336_2            JUNCTION     4.90     5.50    10.50     0  06:36        5.50
  HW_3447              JUNCTION     0.00     0.00     5.00     0  00:00        0.00
  HW_3318              JUNCTION     5.12     6.35    11.35     1  00:00        6.35
  HW_447               JUNCTION     0.00     0.00     5.00     0  00:00        0.00
  Node_1447            JUNCTION     0.00     0.00     5.00     0  00:00        0.00
  Node_17121706        JUNCTION     0.00     0.00     5.00     0  00:00        0.00
  Node_1318            JUNCTION     0.00     0.00     5.00     0  00:00        0.00
  Node_17131938        JUNCTION     0.00     0.00     5.00     0  00:00        0.00
  Node_17131712        JUNCTION     0.00     0.00     5.00     0  00:00        0.00
  Node_2434            JUNCTION     0.00     0.00     5.00     0  00:00        0.00
  Node_17201714        JUNCTION     0.00     0.00     5.00     0  00:00        0.00
  Node_3434            JUNCTION     0.00     0.00     5.00     0  00:00        0.00
  Node_17141715        JUNCTION     0.00     0.00     5.00     0  00:00        0.00
  Node_1509            JUNCTION     0.00     0.00     5.00     0  00:00        0.00
  Node_17151716        JUNCTION     0.00     0.00     5.00     0  00:00        0.00
  Node_3323            JUNCTION     0.00     0.00     5.00     0  00:00        0.00
  Node_17161684        JUNCTION     0.00     0.00     5.00     0  00:00        0.00
  Node_1362            JUNCTION     0.00     0.00     5.00     0  00:00        0.00
  Node_17461878        JUNCTION     0.00     0.00     0.81     0  00:00        0.00
  1383-12"             JUNCTION     0.00     0.00    13.00     0  00:00        0.00
  HW_1450              JUNCTION     6.15     6.67    11.67     0  12:40        6.67
  HW_347_2             JUNCTION     0.00     0.00     0.00     0  00:00        0.00
  HW_346_2             JUNCTION     0.00     0.00     0.00     0  00:00        0.00
  HW_348_2             JUNCTION     0.00     0.00     0.00     0  00:00        0.00
  HW_307_2             JUNCTION     0.00     0.00     0.00     0  00:00        0.00
  Node_8418            JUNCTION     0.00     0.00     0.00     0  00:00        0.00
  Node_17672019        JUNCTION     0.00     0.00     0.00     0  00:00        0.00
  HW_4366              JUNCTION     0.00     0.00     9.00     0  00:00        0.00
  2383-12"             JUNCTION     0.00     0.00     5.00     0  00:00        0.00
  Node_2325            JUNCTION     0.00     0.00     0.32     0  00:00        0.00
  Node_18781879        JUNCTION     0.00     0.00    -0.37     0  00:00        0.00
  Node_3039            JUNCTION     0.00     0.00    -5.20     0  00:00        0.00
  Node_1898748         JUNCTION     0.00     0.00    -6.86     0  00:00        0.00
  Node_2323            JUNCTION     0.00     0.00    -0.37     0  00:00        0.00
  Node_18791881        JUNCTION     0.00     0.00    -0.78     0  00:00        0.00
  Node_2322            JUNCTION     0.00     0.00    -0.78     0  00:00        0.00
  Node_18811882        JUNCTION     0.00     0.00    -1.28     0  00:00        0.00
  Node_2319            JUNCTION     0.00     0.00    -1.28     0  00:00        0.00
  Node_18821883        JUNCTION     0.00     0.00    -1.33     0  00:00        0.00
  Node_2317            JUNCTION     0.00     0.00    -1.33     0  00:00        0.00
  Node_18831884        JUNCTION     0.00     0.00    -1.36     0  00:00        0.00
  Node_2316            JUNCTION     0.00     0.00    -1.36     0  00:00        0.00
  Node_18841885        JUNCTION     0.00     0.00    -1.83     0  00:00        0.00
  HW_PK2097            JUNCTION     0.99     0.99    -0.84     0  01:43        0.99
  HW_PK2096            JUNCTION     1.72     1.75    -0.68     0  03:28        1.75
  Node_3090            JUNCTION     0.00     0.00    -2.47     0  00:00        0.00
  Node_18871888        JUNCTION     0.00     0.00    -2.74     0  00:00        0.00
  Node_3089            JUNCTION     0.00     0.00    -2.74     0  00:00        0.00
  Node_18881889        JUNCTION     0.00     0.00    -3.48     0  00:00        0.00
  Node_3088            JUNCTION     0.00     0.00    -3.48     0  00:00        0.00
  Node_18891890        JUNCTION     0.00     0.00    -3.63     0  00:00        0.00
  Node_3063            JUNCTION     0.00     0.00    -3.63     0  00:00        0.00
  Node_18901891        JUNCTION     0.00     0.00    -3.94     0  00:00        0.00
  Node_3061            JUNCTION     0.00     0.00    -3.94     0  00:00        0.00
  Node_18911892        JUNCTION     0.00     0.00    -3.95     0  00:00        0.00
  Node_3047            JUNCTION     0.00     0.00    -3.95     0  00:00        0.00
  Node_18921893        JUNCTION     0.00     0.00    -3.98     0  00:00        0.00
  Node_3045            JUNCTION     0.00     0.00    -3.98     0  00:00        0.00
  Node_18931894        JUNCTION     0.00     0.00    -4.09     0  00:00        0.00
  Node_3044            JUNCTION     0.00     0.00    -4.09     0  00:00        0.00
  Node_18941895        JUNCTION     0.00     0.00    -5.18     0  00:00        0.00
  Node_3043            JUNCTION     0.00     0.00    -4.90     0  00:00        0.00
  Node_18951896        JUNCTION     0.00     0.00    -5.10     0  00:00        0.00
  Node_3041            JUNCTION     0.00     0.00    -5.10     0  00:00        0.00
  Node_18961897        JUNCTION     0.00     0.00    -5.15     0  00:00        0.00
  Node_3040            JUNCTION     0.00     0.00    -5.15     0  00:00        0.00
  Node_18971898        JUNCTION     0.00     0.00    -5.20     0  00:00        0.00
  HW_M6-AC36           JUNCTION     0.00     0.00     5.00     0  00:00        0.00
  Node_19321933        JUNCTION     0.00     0.00     5.00     0  00:00        0.00
  HW_M4-AC6            JUNCTION     0.00     0.00    10.00     0  00:00        0.00
  Node_19351936        JUNCTION     0.00     0.00    10.00     0  00:00        0.00
  HW_F1-AC24           JUNCTION     0.00     0.00    10.75     0  00:00        0.00
  Node_19381939        JUNCTION     0.00     0.00    10.75     0  00:00        0.00
  HW_K1-AC12           JUNCTION     0.00     0.00     8.50     0  00:00        0.00
  Node_19411942        JUNCTION     0.00     0.00     8.50     0  00:00        0.00
  HW_3371              JUNCTION     0.00     0.00     3.00     0  00:00        0.00
  HW_M3-AC24           JUNCTION     0.00     0.00     8.60     0  00:00        0.00
  Node_19481949        JUNCTION     0.00     0.00     8.90     0  00:00        0.00
  HW_N4-AC6            JUNCTION     0.00     0.00    10.00     0  00:00        0.00
  Node_19531954        JUNCTION     0.00     0.00    10.00     0  00:00        0.00
  HW_P5-AC12           JUNCTION     0.00     0.00     9.80     0  00:00        0.00
  Node_19561957        JUNCTION     0.00     0.00     9.80     0  00:00        0.00
  HW_D2-AC16           JUNCTION     0.00     0.00     8.75     0  00:00        0.00
  Node_19591960        JUNCTION     0.00     0.00     8.75     0  00:00        0.00
  Node_2457            JUNCTION     0.00     0.00     5.00     0  00:00        0.00
  Node_19601964        JUNCTION     0.00     0.00     5.00     0  00:00        0.00
  Node_3457            JUNCTION     0.00     0.00     5.00     0  00:00        0.00
  Node_19661938        JUNCTION     0.00     0.00     5.00     0  00:00        0.00
  HW_C3-AC36           JUNCTION     0.00     0.00    10.50     0  00:00        0.00
  Node_19681969        JUNCTION     0.00     0.00    10.50     0  00:00        0.00
  Node_3392            JUNCTION     0.00     0.00     5.00     0  00:00        0.00
  Node_19691971        JUNCTION     0.00     0.00     5.00     0  00:00        0.00
  HW_C4-AC36           JUNCTION     0.00     0.00    10.50     0  00:00        0.00
  Node_19711973        JUNCTION     0.00     0.00    10.50     0  00:00        0.00
  HW_4392              JUNCTION     0.00     0.00     5.00     0  00:00        0.00
  HW_D4-AC16           JUNCTION     0.00     0.00     8.50     0  00:00        0.00
  Node_19771978        JUNCTION     0.00     0.00     8.50     0  00:00        0.00
  HW_1311              JUNCTION     5.56     6.33    11.33     0  09:54        6.33
  HW_E2-AC16           JUNCTION     0.00     0.00     8.75     0  00:00        0.00
  Node_19641966        JUNCTION     0.00     0.00     8.75     0  00:00        0.00
  HW_F1-AC24-1         JUNCTION     0.00     0.00    10.20     0  00:00        0.00
  Node_19831984        JUNCTION     0.00     0.00    10.20     0  00:00        0.00
  Node_1421            JUNCTION     0.00     0.00     5.00     0  00:00        0.00
  Node_19841986        JUNCTION     0.00     0.00     5.00     0  00:00        0.00
  HW_F1-AC16           JUNCTION     0.00     0.00     9.73     0  00:00        0.00
  Node_19881989        JUNCTION     0.00     0.00     9.73     0  00:00        0.00
  HW_349               JUNCTION     1.50     1.50     2.00     0  00:00        1.50
  HW_2349              JUNCTION     1.83     1.83     2.33     0  00:03        1.83
  HW_H1-AC16           JUNCTION     0.00     0.00    10.00     0  00:00        0.00
  Node_19951996        JUNCTION     0.00     0.00    10.00     0  00:00        0.00
  HW_4302              JUNCTION     0.21     5.19    10.19     1  00:00        5.19
  Node_72              JUNCTION     0.00     0.00     9.00     0  00:00        0.00
  Node_20002001        JUNCTION     0.00     0.00     9.00     0  00:00        0.00
  Node_962             JUNCTION     0.00     0.00     5.00     0  00:00        0.00
  Node_2001493         JUNCTION     0.00     0.00     5.00     0  00:00        0.00
  Node_1766            JUNCTION     0.00     0.00     7.85     0  00:00        0.00
  Node_20072008        JUNCTION     0.00     0.00     7.85     0  00:00        0.00
  HW_3300              JUNCTION     0.00     0.00     5.00     0  00:00        0.00
  HW_R7-AC24           JUNCTION     0.00     0.00     9.81     0  00:00        0.00
  Node_20142015        JUNCTION     0.00     0.00     9.81     0  00:00        0.00
  HW_PJM-44            JUNCTION     0.00     0.00     5.00     0  00:00        0.00
  Node_20172014        JUNCTION     0.00     0.00     5.00     0  00:00        0.00
  HW_418-1             JUNCTION     1.88     3.78     8.78     1  00:00        3.78
  HW_P6-AC36           JUNCTION     0.00     0.00    11.70     0  00:00        0.00
  Node_20212022        JUNCTION     0.00     0.00    11.70     0  00:00        0.00
  HW_418               JUNCTION     4.91     5.50    10.50     1  00:00        5.50
  Node_1418            JUNCTION     0.00     0.00     5.00     0  00:00        0.00
  Node_20221932        JUNCTION     0.00     0.00     5.00     0  00:00        0.00
  HW_M6-AC42           JUNCTION     0.00     0.00     5.00     0  00:00        0.00
  Node_20262027        JUNCTION     0.00     0.00     5.00     0  00:00        0.00
  HW_M5-AC30           JUNCTION     0.00     0.00     7.20     0  00:00        0.00
  Node_20292030        JUNCTION     0.00     0.00     7.20     0  00:00        0.00
  HW_M5-AC42           JUNCTION     0.00     0.00     8.20     0  00:00        0.00
  Node_20342035        JUNCTION     0.00     0.00     8.20     0  00:00        0.00
  Node_4414            JUNCTION     0.00     0.00     5.00     0  00:00        0.00
  Node_20302035        JUNCTION     0.00     0.00     5.00     0  00:00        0.00
  Node_4187            JUNCTION     0.00     0.00     5.00     0  00:00        0.00
  Node_20272034        JUNCTION     0.00     0.00     5.00     0  00:00        0.00
  HW_M7-AC42           JUNCTION     0.00     0.00     8.00     0  00:00        0.00
  Node_20442045        JUNCTION     0.00     0.00     8.00     0  00:00        0.00
  Node_182             JUNCTION     0.00     0.00     5.00     0  00:00        0.00
  Node_2045460         JUNCTION     0.00     0.00     5.00     0  00:00        0.00
  HW_L3-AC10           JUNCTION     0.00     0.00    10.30     0  00:00        0.00
  Node_20562057        JUNCTION     0.00     0.00    10.30     0  00:00        0.00
  HW_4499              JUNCTION     5.81     6.00    11.00     0  02:23        6.00
  HW_306               JUNCTION     0.00     0.00     5.00     0  00:00        0.00
  Node_2069516         JUNCTION     0.00     0.00     5.00     0  00:00        0.00
  Node_8306            JUNCTION     0.00     0.00     0.00     0  00:00        0.00
  Node_20712069        JUNCTION     0.00     0.00     0.00     0  00:00        0.00
  Node_8486            JUNCTION     0.00     0.00     5.00     0  00:00        0.00
  Node_20852243        JUNCTION     0.00     0.00     5.00     0  00:00        0.00
  Node_1486            JUNCTION     0.00     0.00     5.00     0  00:00        0.00
  Node_20862212        JUNCTION     0.00     0.00     5.00     0  00:00        0.00
  Node_2465            JUNCTION     0.00     0.00     5.00     0  00:00        0.00
  Node_20872088        JUNCTION     0.00     0.00     5.00     0  00:00        0.00
  Node_8490            JUNCTION     0.00     0.00     5.00     0  00:00        0.00
  Node_20902245        JUNCTION     0.00     0.00     5.00     0  00:00        0.00
  Node_1490            JUNCTION     0.00     0.00     5.00     0  00:00        0.00
  Node_20912092        JUNCTION     0.00     0.00     5.00     0  00:00        0.00
  Node_2490            JUNCTION     0.00     0.00     5.00     0  00:00        0.00
  Node_20922093        JUNCTION     0.00     0.00     5.00     0  00:00        0.00
  Node_8498            JUNCTION     0.00     0.00     5.00     0  00:00        0.00
  Node_20942247        JUNCTION     0.00     0.00     5.00     0  00:00        0.00
  Node_1498            JUNCTION     0.00     0.00     5.00     0  00:00        0.00
  Node_20952093        JUNCTION     0.00     0.00     5.00     0  00:00        0.00
  Node_2498            JUNCTION     0.00     0.00     5.00     0  00:00        0.00
  Node_20932096        JUNCTION     0.00     0.00     5.00     0  00:00        0.00
  Node_3498            JUNCTION     0.00     0.00     5.00     0  00:00        0.00
  Node_20962097        JUNCTION     0.00     0.00     5.00     0  00:00        0.00
  Node_2390            JUNCTION     0.00     0.00     5.00     0  00:00        0.00
  Node_20972098        JUNCTION     0.00     0.00     5.00     0  00:00        0.00
  Node_2485            JUNCTION     0.00     0.00     5.00     0  00:00        0.00
  Node_20882098        JUNCTION     0.00     0.00     5.00     0  00:00        0.00
  Node_3485            JUNCTION     0.00     0.00     5.00     0  00:00        0.00
  Node_20982099        JUNCTION     0.00     0.00     5.00     0  00:00        0.00
  Node_8479            JUNCTION     0.00     0.00     5.00     0  00:00        0.00
  Node_21002101        JUNCTION     0.00     0.00     5.00     0  00:00        0.00
  HW_479               JUNCTION     0.00     0.00     5.00     0  00:00        0.00
  Node_2479            JUNCTION     0.00     0.00     5.00     0  00:00        0.00
  Node_20992102        JUNCTION     0.00     0.00     5.00     0  00:00        0.00
  Node_3479            JUNCTION     0.00     0.00     5.00     0  00:00        0.00
  Node_21022103        JUNCTION     0.00     0.00     5.00     0  00:00        0.00
  Node_8476            JUNCTION     0.00     0.00     5.00     0  00:00        0.00
  Node_21042105        JUNCTION     0.00     0.00     5.00     0  00:00        0.00
  Node_1476            JUNCTION     0.00     0.00     5.00     0  00:00        0.00
  Node_22392106        JUNCTION     0.00     0.00     5.00     0  00:00        0.00
  Node_8410            JUNCTION     0.00     0.00     5.00     0  00:00        0.00
  Node_21072108        JUNCTION     0.00     0.00     5.00     0  00:00        0.00
  HW_410               JUNCTION     5.37     5.50    10.50     0  01:46        5.50
  Node_2410            JUNCTION     0.00     0.00     5.00     0  00:00        0.00
  Node_21092110        JUNCTION     0.00     0.00     5.00     0  00:00        0.00
  Node_8408            JUNCTION     0.00     0.00     5.00     0  00:00        0.00
  Node_22322111        JUNCTION     0.00     0.00     5.00     0  00:00        0.00
  HW_408               JUNCTION     0.00     0.00     5.00     0  00:00        0.00
  Node_8485            JUNCTION     0.00     0.00     5.00     0  00:00        0.00
  Node_20892241        JUNCTION     0.00     0.00     5.00     0  00:00        0.00
  Node_1485            JUNCTION     0.00     0.00     5.00     0  00:00        0.00
  Node_21122088        JUNCTION     0.00     0.00     5.00     0  00:00        0.00
  Node_2408            JUNCTION     0.00     0.00     5.00     0  00:00        0.00
  Node_21102132        JUNCTION     0.00     0.00     5.00     0  00:00        0.00
  Node_2436            JUNCTION     0.00     0.00     5.00     0  00:00        0.00
  Node_21132114        JUNCTION     0.00     0.00     5.00     0  00:00        0.00
  Node_2431            JUNCTION     0.00     0.00     5.00     0  00:00        0.00
  Node_21142115        JUNCTION     0.00     0.00     5.00     0  00:00        0.00
  Node_8431            JUNCTION     0.00     0.00     5.00     0  00:00        0.00
  Node_21162117        JUNCTION     0.00     0.00     5.00     0  00:00        0.00
  HW_431               JUNCTION     0.00     0.00     5.00     0  00:00        0.00
  Node_8436            JUNCTION     0.00     0.00     5.00     0  00:00        0.00
  Node_21182119        JUNCTION     0.00     0.00     5.00     0  00:00        0.00
  HW_436               JUNCTION     0.00     0.00     5.00     0  00:00        0.00
  Node_8430            JUNCTION     0.00     0.00     5.00     0  00:00        0.00
  Node_21202121        JUNCTION     0.00     0.00     5.00     0  00:00        0.00
  HW_430               JUNCTION     0.00     0.00     5.00     0  00:00        0.00
  Node_2430            JUNCTION     0.00     0.00     5.00     0  00:00        0.00
  Node_21152122        JUNCTION     0.00     0.00     5.00     0  00:00        0.00
  Node_2437            JUNCTION     0.00     0.00     5.00     0  00:00        0.00
  Node_21222123        JUNCTION     0.00     0.00     5.00     0  00:00        0.00
  Node_8437            JUNCTION     0.00     0.00     5.00     0  00:00        0.00
  Node_21242221        JUNCTION     0.00     0.00     5.00     0  00:00        0.00
  Node_1437            JUNCTION     0.00     0.00     5.00     0  00:00        0.00
  Node_21252122        JUNCTION     0.00     0.00     5.00     0  00:00        0.00
  Node_3437            JUNCTION     0.00     0.00     5.00     0  00:00        0.00
  Node_21232126        JUNCTION     0.00     0.00     5.00     0  00:00        0.00
  Node_5437            JUNCTION     0.00     0.00     5.00     0  00:00        0.00
  Node_21272103        JUNCTION     0.00     0.00     5.00     0  00:00        0.00
  406-a                JUNCTION     5.68     6.15    11.15     0  06:02        6.15
  Node_2476            JUNCTION     0.00     0.00     5.00     0  00:00        0.00
  Node_21062103        JUNCTION     0.00     0.00     5.00     0  00:00        0.00
  Node_4413            JUNCTION     0.00     0.00     5.00     0  00:00        0.00
  Node_21272129        JUNCTION     0.00     0.00     5.00     0  00:00        0.00
  Node_3413            JUNCTION     0.00     0.00     5.00     0  00:00        0.00
  Node_21292132        JUNCTION     0.00     0.00     5.00     0  00:00        0.00
  Node_8413            JUNCTION     0.00     0.00     5.00     0  00:00        0.00
  Node_21302131        JUNCTION     0.00     0.00     5.00     0  00:00        0.00
  HW_413               JUNCTION     5.47     5.50    10.50     0  00:24        5.50
  Node_8390            JUNCTION     0.00     0.00     5.00     0  00:00        0.00
  Node_21332134        JUNCTION     0.00     0.00     5.00     0  00:00        0.00
  HW_390               JUNCTION     3.89     6.00    11.50     0  15:37        6.00
  Node_8483            JUNCTION     0.00     0.00     5.00     0  00:00        0.00
  Node_21352230        JUNCTION     0.00     0.00     5.00     0  00:00        0.00
  Node_2483            JUNCTION     0.00     0.00     5.00     0  00:00        0.00
  Node_21362137        JUNCTION     0.00     0.00     5.00     0  00:00        0.00
  HW_428               JUNCTION     0.00     0.00     3.00     0  00:00        0.00
  Node_2429            JUNCTION     0.00     0.00     3.00     0  00:00        0.00
  Node_21392137        JUNCTION     0.00     0.00     3.00     0  00:00        0.00
  Node_8429            JUNCTION     0.00     0.00     5.00     0  00:00        0.00
  Node_21402141        JUNCTION     0.00     0.00     5.00     0  00:00        0.00
  HW_429               JUNCTION     0.00     0.00     3.00     0  00:00        0.00
  Node_3429            JUNCTION     0.00     0.00     5.00     0  00:00        0.00
  Node_21372123        JUNCTION     0.00     0.00     5.00     0  00:00        0.00
  Node_1404            JUNCTION     0.00     0.00     5.00     0  00:00        0.00
  Node_21432109        JUNCTION     0.00     0.00     5.00     0  00:00        0.00
  Node_8428            JUNCTION     0.00     0.00     5.00     0  00:00        0.00
  Node_21442138        JUNCTION     0.00     0.00     5.00     0  00:00        0.00
  HW_4408              JUNCTION     0.00     0.00     5.00     0  00:00        0.00
  Node_8465            JUNCTION     0.00     0.00     5.00     0  00:00        0.00
  Node_21452146        JUNCTION     0.00     0.00     5.00     0  00:00        0.00
  HW_465               JUNCTION     0.00     0.00     5.00     0  00:00        0.00
  Node_81305           JUNCTION     0.00     0.00     0.00     0  00:00        0.00
  Node_22092210        JUNCTION     0.00     0.00     0.00     0  00:00        0.00
  Node_1305            JUNCTION     0.00     0.00     5.00     0  00:00        0.00
  Node_22102212        JUNCTION     0.00     0.00     5.00     0  00:00        0.00
  Node_11305           JUNCTION     0.00     0.00     5.00     0  00:00        0.00
  Node_22122087        JUNCTION     0.00     0.00     5.00     0  00:00        0.00
  Node_8406            JUNCTION     0.00     0.00     0.00     0  00:00        0.00
  Node_22152128        JUNCTION     0.00     0.00     0.00     0  00:00        0.00
  HW_NL436             JUNCTION     0.00     0.00     5.00     0  00:00        0.00
  HW_409               JUNCTION     5.45     5.50    10.50     0  00:51        5.50
  Node_1409            JUNCTION     0.00     0.00     5.00     0  00:00        0.00
  Node_22182109        JUNCTION     0.00     0.00     5.00     0  00:00        0.00
  HW_437               JUNCTION     0.00     0.00     5.00     0  00:00        0.00
  Node_4437            JUNCTION     0.00     0.00     5.00     0  00:00        0.00
  Node_21262127        JUNCTION     0.00     0.00     5.00     0  00:00        0.00
  Node_3476            JUNCTION     0.00     0.00     5.00     0  00:00        0.00
  Node_21032132        JUNCTION     0.00     0.00     5.00     0  00:00        0.00
  Node_8403            JUNCTION     0.00     0.00     5.00     0  00:00        0.00
  Node_22622226        JUNCTION     0.00     0.00     5.00     0  00:00        0.00
  HW_403               JUNCTION     0.00     0.00     5.00     0  00:00        0.00
  HW_483               JUNCTION     5.16     5.67    10.67     0  04:49        5.67
  Node_8409            JUNCTION     0.00     0.00     5.00     0  00:00        0.00
  Node_22332229        JUNCTION     0.00     0.00     5.00     0  00:00        0.00
  Node_1428            JUNCTION     0.00     0.00     3.00     0  00:00        0.00
  Node_22352139        JUNCTION     0.00     0.00     3.00     0  00:00        0.00
  HW_1431              JUNCTION     1.87     5.50    10.50     0  19:37        5.50
  HW_476               JUNCTION     0.00     0.00     5.00     0  00:00        0.00
  HW_485               JUNCTION     2.82     5.67    10.67     0  15:29        5.67
  HW_486               JUNCTION     0.00     0.00     5.00     0  00:00        0.00
  HW_490               JUNCTION     1.57     5.33    10.33     0  18:57        5.33
  HW_498               JUNCTION     4.67     5.33    10.33     0  06:40        5.33
  Node_8407            JUNCTION     0.00     0.00     5.00     0  00:00        0.00
  Node_22512252        JUNCTION     0.00     0.00     5.00     0  00:00        0.00
  HW_407               JUNCTION     4.62     5.33    10.33     0  06:54        5.33
  Node_2407            JUNCTION     0.00     0.00     5.00     0  00:00        0.00
  Node_22532232        JUNCTION     0.00     0.00    -0.17     0  00:00        0.00
  J488                 OUTFALL      0.00     0.00    15.00     0  00:00        0.00
  S349                 STORAGE      0.00     0.00     7.30     0  00:00        0.00
  S449                 STORAGE      0.00     0.00     6.20     0  00:00        0.00
  S448                 STORAGE      0.00     0.00     8.00     0  00:00        0.00
  S446                 STORAGE      0.00     0.00     7.20     0  00:00        0.00
  S421                 STORAGE      5.51     5.61    20.61     0  23:59        5.61
  S447                 STORAGE      0.00     0.00     9.00     0  00:00        0.00
  S457                 STORAGE      0.00     0.00     6.10     0  00:00        0.00
  S455                 STORAGE      0.00     0.00     6.10     0  00:00        0.00
  S454                 STORAGE      0.00     0.00     8.00     0  00:00        0.00
  S318                 STORAGE      0.00     0.00     9.70     0  00:00        0.00
  S411                 STORAGE      0.00     0.00     9.60     0  00:00        0.00
  S412                 STORAGE      0.00     0.00     9.10     0  00:00        0.00
  S450                 STORAGE      0.00     0.00     5.20     0  00:00        0.00
  S460                 STORAGE      0.00     0.00     9.10     0  00:00        0.00
  J2460                STORAGE      0.00     0.00    10.00     0  00:00        0.00
  S459                 STORAGE      0.00     0.00    10.00     0  00:00        0.00
  S473                 STORAGE      0.00     0.00     7.70     0  00:00        0.00
  S350                 STORAGE      0.00     0.00    10.60     0  00:00        0.00
  J2350                STORAGE      0.00     0.00    10.00     0  00:00        0.00
  J3350                STORAGE      0.00     0.00    10.00     0  00:00        0.00
  S456                 STORAGE      0.00     0.00     8.00     0  00:00        0.00
  J2456                STORAGE      0.00     0.00    10.00     0  00:00        0.00
  J3456                STORAGE      0.00     0.00    10.00     0  00:00        0.00
  S458                 STORAGE      0.00     0.00    11.20     0  00:00        0.00
  J4456                STORAGE      0.00     0.00    10.00     0  00:00        0.00
  S453                 STORAGE      0.00     0.00     5.30     0  00:00        0.00
  J2453                STORAGE      0.00     0.00    10.00     0  00:00        0.00
  S452                 STORAGE      0.00     0.00     5.40     0  00:00        0.00
  J2452                STORAGE      0.00     0.00     5.50     0  00:00        0.00
  J3452                STORAGE      0.00     0.00    10.00     0  00:00        0.00
  S451                 STORAGE      0.00     0.00     5.60     0  00:00        0.00
  J2451                STORAGE      0.00     0.00     5.40     0  00:00        0.00
  J4350                STORAGE      0.00     0.00    10.00     0  00:00        0.00
  S372                 STORAGE      0.00     0.00     7.20     0  00:00        0.00
  J2372                STORAGE      0.00     0.00    10.00     0  00:00        0.00
  S371                 STORAGE      0.00     0.00     9.30     0  00:00        0.00
  S441                 STORAGE      0.00     0.00     5.20     0  00:00        0.00
  S440                 STORAGE      0.00     0.00     5.90     0  00:00        0.00
  S442                 STORAGE      0.00     0.00     6.40     0  00:00        0.00
  J4443                STORAGE      4.85     5.18    20.18     0  23:29        5.18
  S303                 STORAGE      0.00     0.00     6.00     0  00:00        0.00
  S302                 STORAGE      0.00     0.00     6.00     0  00:00        0.00
  S445                 STORAGE      0.00     0.00     9.00     0  00:00        0.00
  S443                 STORAGE      0.00     0.00     5.80     0  00:00        0.00
  S444                 STORAGE      0.00     0.00     6.80     0  00:00        0.00
  S422                 STORAGE      2.48     5.12    20.12     1  00:00        5.12
  S470                 STORAGE      0.00     0.00     7.20     0  00:00        0.00
  S471                 STORAGE      0.00     0.00     6.10     0  00:00        0.00
  S472                 STORAGE      0.00     0.00     6.50     0  00:00        0.00
  S474                 STORAGE      0.00     0.00     8.50     0  00:00        0.00
  S499                 STORAGE      0.00     0.00     7.90     0  00:00        0.00
  S469                 STORAGE      0.00     0.00     5.70     0  00:00        0.00
  S468                 STORAGE      0.00     0.00     7.80     0  00:00        0.00
  S426                 STORAGE      0.31     1.00    16.00     1  00:00        1.00
  S467                 STORAGE      0.00     0.00     6.50     0  00:00        0.00
  S466                 STORAGE      0.00     0.00     6.70     0  00:00        0.00
  S493                 STORAGE      0.00     0.00     6.10     0  00:00        0.00
  S315                 STORAGE      0.00     0.00     7.30     0  00:00        0.00
  J6315                STORAGE      8.20     8.28    13.28     0  18:08        8.28
  S317                 STORAGE      2.38     2.38    12.38     0  00:00        2.38
  J2317                STORAGE      0.00     0.00    10.00     0  00:00        0.00
  J3317                STORAGE      0.00     0.00    10.00     0  00:00        0.00
  J4317                STORAGE      0.00     0.00    10.00     0  00:00        0.00
  J5317                STORAGE      0.74     0.78    10.78     0  11:16        0.78
  J5316                STORAGE      0.74     0.78    10.78     0  12:37        0.78
  S301                 STORAGE      0.00     0.00     5.30     0  00:00        0.00
  S316                 STORAGE      0.00     0.00     4.20     0  00:00        0.00
  J2316                STORAGE      7.39     7.48    12.48     0  17:03        7.48
  J7315                STORAGE      7.66     7.74    12.74     0  17:20        7.74
  J3316                STORAGE      2.29     2.35    12.35     0  16:46        2.35
  J4316                STORAGE      2.08     2.14    12.14     0  15:41        2.14
  S491                 STORAGE      0.00     0.00     3.00     0  00:00        0.00
  S494                 STORAGE      0.00     0.00     3.00     0  00:00        0.00
  S492                 STORAGE      0.00     0.00     2.80     0  00:00        0.00
  S495                 STORAGE      0.00     0.00     3.60     0  00:00        0.00
  J5315                STORAGE      8.39     8.47    13.47     0  18:09        8.47
  J4315                STORAGE      9.63     9.67    14.67     0  18:17        9.67
  J2493                STORAGE      0.00     0.00     3.71     0  00:00        0.00
  S475                 STORAGE      0.00     0.00     6.90     0  00:00        0.00
  S464                 STORAGE      0.00     0.00     5.30     0  00:00        0.00
  S344                 STORAGE      0.00     0.00     5.90     0  00:00        0.00
  S342                 STORAGE      0.00     0.00     5.50     0  00:00        0.00
  S343                 STORAGE      0.00     0.00     5.20     0  00:00        0.00
  S482                 STORAGE      0.00     0.00     6.90     0  00:00        0.00
  S480                 STORAGE      0.00     0.00     6.50     0  00:00        0.00
  S324                 STORAGE      0.00     0.00     6.30     0  00:00        0.00
  S478                 STORAGE      0.00     0.00     7.60     0  00:00        0.00
  S438                 STORAGE      0.00     0.00     6.20     0  00:00        0.00
  S321                 STORAGE      0.00     0.00     6.80     0  00:00        0.00
  S435                 STORAGE      0.00     0.00     8.30     0  00:00        0.00
  S439                 STORAGE      0.00     0.00     7.20     0  00:00        0.00
  S425                 STORAGE      5.74     5.75    20.75     0  23:56        5.75
  S424                 STORAGE      0.00     0.00     7.80     0  00:00        0.00
  S396                 STORAGE      0.00     0.00     7.38     0  00:00        0.00
  S402                 STORAGE      0.00     0.00     5.10     0  00:00        0.00
  S398                 STORAGE      0.00     0.00     5.90     0  00:00        0.00
  J2398                STORAGE      0.00     0.00    10.00     0  00:00        0.00
  S400                 STORAGE      0.00     0.00     6.10     0  00:00        0.00
  S399                 STORAGE      0.00     0.00     6.40     0  00:00        0.00
  S423                 STORAGE      0.00     0.00     8.90     0  00:00        0.00
  S432                 STORAGE      0.00     0.00     5.50     0  00:00        0.00
  J3395                STORAGE      0.00     0.00    15.00     0  00:00        0.00
  S395                 STORAGE      0.00     0.00     6.70     0  00:00        0.00
  J2395                STORAGE      0.00     0.00     7.50     0  00:00        0.00
  J4395                STORAGE      0.29     0.33    10.33     1  00:00        0.33
  S322                 STORAGE      0.00     0.00     5.70     0  00:00        0.00
  S394                 STORAGE      0.00     0.00     6.00     0  00:00        0.00
  423-1                STORAGE      0.07     0.07    10.07     1  00:00        0.07
  S397                 STORAGE      0.00     0.00     6.60     0  00:00        0.00
  S488                 STORAGE      0.00     0.00    10.00     0  00:00        0.00
  S386                 STORAGE      0.00     0.00    10.00     0  00:00        0.00
  S345                 STORAGE      0.00     0.00    15.00     0  00:00        0.00
  M-11                 STORAGE      1.00     1.00    16.00     0  00:00        1.00
  S497                 STORAGE      0.00     0.00     9.20     0  00:00        0.00
  S496                 STORAGE      0.00     0.00    10.00     0  00:00        0.00
  S387                 STORAGE      0.00     0.00     8.50     0  00:00        0.00
  S300                 STORAGE      0.00     0.00    15.00     0  00:00        0.00
  S962                 STORAGE      0.00     0.00    10.00     0  00:00        0.00
  S462                 STORAGE      0.00     0.00     9.10     0  00:00        0.00
  S319                 STORAGE      0.00     0.00     8.20     0  00:00        0.00
  S417                 STORAGE      0.00     0.00    10.60     0  00:00        0.00
  S416                 STORAGE      0.00     0.00    15.00     0  00:00        0.00
  S415                 STORAGE      0.00     0.00     7.10     0  00:00        0.00
  M-22                 STORAGE      8.59     8.73    23.73     1  00:00        8.73
  S310                 STORAGE      0.00     0.00     5.70     0  00:00        0.00
  S311                 STORAGE      0.00     0.00     6.10     0  00:00        0.00
  S314                 STORAGE      0.00     0.00    13.00     0  00:00        0.00
  J2314                STORAGE      0.00     0.00    10.00     0  00:00        0.00
  J4314                STORAGE      0.00     0.00    10.00     0  00:00        0.00
  J5314                STORAGE      0.00     0.00    10.00     0  00:00        0.00
  J6314                STORAGE      0.00     0.00    10.00     0  00:00        0.00
  J9314                STORAGE      0.00     0.00    10.00     0  00:00        0.00
  S312                 STORAGE      0.00     0.00     5.00     0  00:00        0.00
  J2312                STORAGE      0.00     0.00    10.50     0  00:00        0.00
  S313                 STORAGE      0.00     0.00     5.90     0  00:00        0.00
  J2313                STORAGE      0.00     0.00    10.00     0  00:00        0.00
  J3312                STORAGE      0.00     0.00    10.00     0  00:00        0.00
  J3314                STORAGE      0.00     0.00    10.00     0  00:00        0.00
  M-12                 STORAGE      1.00     1.00    16.00     0  00:00        1.00
  S401                 STORAGE      0.00     0.00     8.60     0  00:00        0.00
  S309                 STORAGE      0.00     0.00     6.80     0  00:00        0.00
  J2309                STORAGE      0.67     0.67    15.67     0  00:00        0.67
  S308                 STORAGE      0.00     0.00     6.50     0  00:00        0.00
  S323                 STORAGE      0.00     0.00     7.60     0  00:00        0.00
  S327                 STORAGE      0.00     0.00     9.40     0  00:00        0.00
  S328                 STORAGE      0.00     0.00     9.80     0  00:00        0.00
  S481                 STORAGE      0.00     0.00     7.60     0  00:00        0.00
  S326                 STORAGE      0.00     0.00    10.20     0  00:00        0.00
  S325                 STORAGE      0.00     0.00     8.50     0  00:00        0.00
  J2325                STORAGE      0.00     0.00    10.00     0  00:00        0.00
  J3325                STORAGE      0.00     0.00    10.00     0  00:00        0.00
  S334                 STORAGE      0.00     0.00    11.90     0  00:00        0.00
  S338                 STORAGE      0.00     0.00     6.80     0  00:00        0.00
  J3338                STORAGE      0.00     0.00    15.00     0  00:00        0.00
  S333                 STORAGE      0.00     0.00     6.60     0  00:00        0.00
  S434                 STORAGE      0.00     0.00     6.80     0  00:00        0.00
  S339                 STORAGE      0.00     0.00     8.80     0  00:00        0.00
  J2329                STORAGE      5.19     5.24    15.24     0  23:59        5.24
  S335                 STORAGE      0.00     3.80    11.10     0  00:00        0.00
  S341                 STORAGE      0.00     0.00     7.70     0  00:00        0.00
  S433                 STORAGE      0.00     0.00     9.70     0  00:00        0.00
  S337                 STORAGE      0.00     0.00     7.20     0  00:00        0.00
  S487                 STORAGE      0.00     0.00     8.40     0  00:00        0.00
  S332                 STORAGE      0.00     0.00     7.10     0  00:00        0.00
  S329                 STORAGE      0.00     0.00     8.80     0  00:00        0.00
  J4338                STORAGE      0.00     0.00    10.00     0  00:00        0.00
  J5338                STORAGE      0.00     0.00    10.00     0  00:00        0.00
  S336                 STORAGE      0.00     0.00     6.60     0  00:00        0.00
  J3336                STORAGE      0.00     0.00    15.00     0  00:00        0.00
  J4336                STORAGE      0.00     1.67    11.67     0  00:00        0.02
  S370                 STORAGE      0.00     0.00     8.40     0  00:00        0.00
  J415-US              STORAGE      0.00     0.00    10.00     0  00:00        0.00
  S364                 STORAGE      0.00     0.00     6.20     0  00:00        0.00
  S365                 STORAGE      0.00     0.00     6.20     0  00:00        0.00
  S369                 STORAGE      0.00     0.00     8.20     0  00:00        0.00
  S385                 STORAGE      0.00     0.00     7.80     0  00:00        0.00
  S419                 STORAGE      0.00     0.00     6.00     0  00:00        0.00
  S373                 STORAGE      0.00     0.00     6.70     0  00:00        0.00
  S374                 STORAGE      0.00     0.00     7.90     0  00:00        0.00
  S368                 STORAGE      0.00     0.00     9.00     0  00:00        0.00
  S366                 STORAGE      0.00     0.00     8.50     0  00:00        0.00
  S377                 STORAGE      0.00     0.00     8.40     0  00:00        0.00
  S356                 STORAGE      0.00     0.00     6.50     0  00:00        0.00
  S489                 STORAGE      0.00     0.00     6.70     0  00:00        0.00
  J489                 STORAGE      0.67     0.67    15.67     0  00:00        0.67
  S461                 STORAGE      0.00     0.00     8.30     0  00:00        0.00
  S362                 STORAGE      0.00     0.00     7.20     0  00:00        0.00
  S375                 STORAGE      0.00     0.00     6.90     0  00:00        0.00
  S427                 STORAGE      0.00     0.00     8.40     0  00:00        0.00
  S376                 STORAGE      0.00     0.00     7.50     0  00:00        0.00
  J2376                STORAGE      0.00     0.00    10.00     0  00:00        0.00
  S363                 STORAGE      0.00     0.00     6.50     0  00:00        0.00
  S367                 STORAGE      0.00     0.00     6.80     0  00:00        0.00
  J2367                STORAGE      0.00     0.00     7.80     0  00:00        0.00
  S359                 STORAGE      0.00     0.00     7.00     0  00:00        0.00
  J2359                STORAGE      1.17     1.21     9.01     0  00:16        1.19
  S354                 STORAGE      0.00     0.00     6.90     0  00:00        0.00
  S353                 STORAGE      0.00     0.00     8.70     0  00:00        0.00
  S352                 STORAGE      0.00     0.00     7.70     0  00:00        0.00
  S358                 STORAGE      0.00     0.00     7.30     0  00:00        0.00
  S351                 STORAGE      0.00     0.00     9.50     0  00:00        0.00
  J2351                STORAGE      0.00     0.00    10.00     0  00:00        0.00
  S361                 STORAGE      0.00     0.00     8.40     0  00:00        0.00
  J2361                STORAGE      0.00     0.00    10.00     0  00:00        0.00
  S360                 STORAGE      0.00     0.00     6.50     0  00:00        0.00
  S355                 STORAGE      0.00     0.00     7.30     0  00:00        0.00
  J2355                STORAGE      0.00     0.00    10.00     0  00:00        0.00
  S357                 STORAGE      0.00     0.00     6.90     0  00:00        0.00
  J3353                STORAGE      0.00     0.00    10.00     0  00:00        0.00
  S389                 STORAGE      0.00     0.00     6.60     0  00:00        0.00
  J3376                STORAGE      0.00     0.00    10.00     0  00:00        0.00
  J2363                STORAGE      0.00     0.00    10.00     0  00:00        0.00
  J4351                STORAGE      0.00     0.00    10.00     0  00:00        0.00
  J3351                STORAGE      0.00     0.00    10.00     0  00:00        0.00
  S378                 STORAGE      0.00     0.00     6.90     0  00:00        0.00
  J2358                STORAGE      0.00     0.00    10.00     0  00:00        0.00
  J2378                STORAGE      0.00     0.00    10.00     0  00:00        0.00
  S404                 STORAGE      0.00     0.00     6.80     0  00:00        0.00
  S405                 STORAGE      0.00     0.00     6.00     0  00:00        0.00
  J2405                STORAGE      0.00     0.00    15.00     0  00:00        0.00
  S380                 STORAGE      0.00     0.00     7.10     0  00:00        0.00
  J4380                STORAGE      0.00     0.00    10.00     0  00:00        0.00
  S381                 STORAGE      0.00     0.00     7.70     0  00:00        0.00
  J2381                STORAGE      0.00     0.00    10.00     0  00:00        0.00
  S484                 STORAGE      0.00     0.00     8.50     0  00:00        0.00
  S382                 STORAGE      0.00     0.00     8.20     0  00:00        0.00
  J2382                STORAGE      0.00     0.00    10.00     0  00:00        0.00
  S391                 STORAGE      0.00     0.00     6.70     0  00:00        0.00
  S463                 STORAGE      0.00     0.00     6.70     0  00:00        0.00
  S383                 STORAGE      0.00     0.00     7.60     0  00:00        0.00
  S379                 STORAGE      0.00     0.00     7.60     0  00:00        0.00
  J2379                STORAGE      0.00     0.00    10.00     0  00:00        0.00
  S477                 STORAGE      0.00     0.00     8.30     0  00:00        0.00
  J3379                STORAGE      0.58     1.33    11.33     0  00:00        0.72
  J3380                STORAGE      0.00     0.00    10.00     0  00:00        0.00
  J3382                STORAGE      0.00     0.00    10.00     0  00:00        0.00
  J4482                STORAGE      0.58     0.59    10.59     0  00:44        0.59
  S384                 STORAGE      0.00     0.00     7.90     0  00:00        0.00
  S1301                STORAGE      0.00     0.00     7.72     0  00:00        0.00
  S420                 STORAGE      0.00     0.00    13.70     0  00:00        0.00
  S305                 STORAGE      0.00     0.00     7.10     0  00:00        0.00
  S388                 STORAGE      0.00     0.00     9.50     0  00:00        0.00
  S304                 STORAGE      0.00     0.00     9.00     0  00:00        0.00
  S192                 STORAGE      0.00     0.00    10.00     0  00:00        0.00
  S22                  STORAGE      0.00     0.00    10.00     0  00:00        0.00
  S19                  STORAGE      0.00     0.00    10.00     0  00:00        0.00
  S330                 STORAGE      0.00     0.00     8.00     0  00:00        0.00
  S331                 STORAGE      0.00     0.00     7.70     0  00:00        0.00
  S182                 STORAGE      0.00     0.00    10.00     0  00:00        0.00
  S393                 STORAGE      0.00     0.00     5.60     0  00:00        0.00
  J2393                STORAGE      0.00     0.00    10.00     0  00:00        0.00
  S392                 STORAGE      0.00     0.00     6.76     0  00:00        0.00
  S320                 STORAGE      0.00     0.00     6.20     0  00:00        0.00
  S1310                STORAGE      0.00     0.00    15.00     0  00:00        0.00
  S347                 STORAGE      0.00     0.00    15.00     0  00:00        0.00
  S346                 STORAGE      0.00     0.00     6.10     0  00:00        0.00
  S348                 STORAGE      0.00     0.00    10.00     0  00:00        0.00
  S307                 STORAGE      0.00     0.00     6.00     0  00:00        0.00
  S418                 STORAGE      0.00     0.00     6.60     0  00:00        0.00
  J3383                STORAGE      0.00     0.00    15.00     0  00:00        0.00
  L2325                STORAGE      1.75     1.75    10.31     0  00:00        1.75
  L2322                STORAGE      1.75     1.75    10.04     0  00:00        1.75
  K2097                STORAGE      1.75     1.75    10.47     0  00:00        1.75
  K3090                STORAGE      0.45     1.75    10.28     0  00:00        0.45
  K3063                STORAGE      2.25     2.25    10.41     0  00:00        2.25
  K3047                STORAGE      2.25     2.25    10.36     0  00:00        2.25
  K3039                STORAGE      2.75     2.75     9.75     0  00:00        2.75
  J2357                STORAGE      0.00     0.00    15.00     0  00:00        0.00
  S486                 STORAGE      0.00     0.00     6.80     0  00:00        0.00
  J1486                STORAGE      0.67     0.67    10.67     0  00:00        0.67
  J2465                STORAGE      1.00     1.00    16.00     0  00:00        1.00
  J2485                STORAGE      1.00     1.00    16.00     0  00:00        1.00
  S485                 STORAGE      0.00     0.00     8.70     0  00:00        0.00
  S490                 STORAGE      5.00     5.00    12.60     0  00:00        5.00
  J1490                STORAGE      0.50     0.50    10.50     0  00:00        0.50
  J2490                STORAGE      0.67     0.67    15.67     0  00:00        0.67
  J2498                STORAGE      1.00     1.00    16.00     0  00:00        1.00
  S498                 STORAGE      0.00     0.00     7.50     0  00:00        0.00
  J1498                STORAGE      0.50     0.50    10.50     0  00:00        0.50
  J3498-P              STORAGE      0.03     1.00    16.00     0  00:00        0.03
  J2390                STORAGE      0.00     1.00    16.00     0  00:00        0.01
  J3485                STORAGE      1.00     1.00    16.00     0  00:00        1.00
  J2479                STORAGE      1.00     1.00    16.00     0  00:00        1.00
  S479                 STORAGE      0.00     0.00     8.10     0  00:00        0.00
  J479                 STORAGE      1.00     1.00     8.00     0  00:00        1.00
  J3479                STORAGE      1.33     1.33    16.33     0  00:00        1.33
  J3476                STORAGE      1.33     1.33    16.33     0  00:00        1.33
  S476                 STORAGE      0.00     0.00     7.00     0  00:00        0.00
  J476                 STORAGE      1.00     1.00    11.00     0  00:00        1.00
  J2476                STORAGE      1.00     1.00    16.00     0  00:00        1.00
  S410                 STORAGE      0.00     0.00     6.80     0  00:00        0.00
  J410                 STORAGE      0.50     0.50     7.50     0  00:00        0.50
  J2410                STORAGE      1.00     1.00    11.00     0  00:00        1.00
  J2408                STORAGE      1.00     1.00    16.00     0  00:00        1.00
  J408                 STORAGE      0.50     0.50     7.50     0  00:00        0.50
  J1485                STORAGE      0.67     0.67    10.67     0  00:00        0.67
  J2436                STORAGE      1.00     1.00    16.00     0  00:00        1.00
  J2431                STORAGE      0.67     0.67    10.67     0  00:00        0.67
  J2430                STORAGE      1.00     1.00     8.00     0  00:00        1.00
  S431                 STORAGE      0.00     0.00     7.80     0  00:00        0.00
  J431                 STORAGE      1.00     1.00     8.00     0  00:00        1.00
  S436                 STORAGE      0.00     0.00     8.10     0  00:00        0.00
  J436                 STORAGE      2.00     2.00     9.00     0  00:00        2.00
  S430                 STORAGE      0.00     0.00     8.30     0  00:00        0.00
  J430                 STORAGE      0.50     0.50     7.50     0  00:00        0.50
  J2437                STORAGE      1.00     1.00    16.00     0  00:00        1.00
  S437                 STORAGE      0.00     0.00     7.50     0  00:00        0.00
  J1437                STORAGE      1.00     1.00    11.00     0  00:00        1.00
  J4437-P              STORAGE      9.96    10.00    25.00     0  00:43       10.00
  J3413                STORAGE      1.33     1.33     8.33     0  00:00        1.33
  J406                 STORAGE      1.00     1.00     9.00     0  00:00        1.00
  J2413                STORAGE      1.00     1.00    16.00     0  00:00        1.00
  S413                 STORAGE      0.00     0.00     7.10     0  00:00        0.00
  J413                 STORAGE      1.00     1.00     8.00     0  00:00        1.00
  J4408                STORAGE      1.33     1.33    16.33     0  00:00        1.33
  S390                 STORAGE      0.00     0.00     8.00     0  00:00        0.00
  J390                 STORAGE      0.50     0.50     7.50     0  00:00        0.50
  S483                 STORAGE      0.00     0.00     8.70     0  00:00        0.00
  J2483                STORAGE      1.33     1.33    11.33     0  00:00        1.33
  J428                 STORAGE      0.67     0.67     7.67     0  00:00        0.67
  J2429                STORAGE      1.00     1.00    11.00     0  00:00        1.00
  S429                 STORAGE      0.00     0.00     6.90     0  00:00        0.00
  J429                 STORAGE      0.50     0.50    10.50     0  00:00        0.50
  J1404                STORAGE      0.50     0.50    10.50     0  00:00        0.50
  S428                 STORAGE      0.00     0.00     7.20     0  00:00        0.00
  S465                 STORAGE      0.00     0.00     6.80     0  00:00        0.00
  J465                 STORAGE      0.50     0.50     7.50     0  00:00        0.50
  S1305                STORAGE      9.91    10.00    20.00     0  01:23       10.00
  J1305                STORAGE      0.67     0.67     7.67     0  00:00        0.67
  J11305               STORAGE      1.00     1.00    16.00     0  00:00        1.00
  S406                 STORAGE      0.00     0.00     7.00     0  00:00        0.00
  J437                 STORAGE      0.67     0.67     7.67     0  00:00        0.67
  J403                 STORAGE      0.67     0.67     7.67     0  00:00        0.67
  J483                 STORAGE      0.50     0.50     7.50     0  00:00        0.50
  S408                 STORAGE      0.00     0.00     6.40     0  00:00        0.00
  S409                 STORAGE      0.00     0.00     6.60     0  00:00        0.00
  S407                 STORAGE      0.00     0.00     4.70     0  00:00        0.00
  J2407                STORAGE      0.00     0.00    15.00     0  00:00        0.00
  S414                 STORAGE      6.81     6.94    15.24     0  23:59        6.94
  S403                 STORAGE      0.00     0.00     6.50     0  00:00        0.00
  
  
  *******************
  Node Inflow Summary
  *******************
  
  -------------------------------------------------------------------------------------------------
                                  Maximum  Maximum                  Lateral       Total        Flow
                                  Lateral    Total  Time of Max      Inflow      Inflow     Balance
                                   Inflow   Inflow   Occurrence      Volume      Volume       Error
  Node                 Type           CFS      CFS  days hr:min    10^6 gal    10^6 gal     Percent
  -------------------------------------------------------------------------------------------------
  J450                 JUNCTION      0.00     0.08     0  10:02           0       0.017      18.497
  J449                 JUNCTION      0.00     0.03     0  04:26           0    0.000624     905.177
  J2449                JUNCTION      0.00     0.07     0  04:29           0     0.00766     128.269
  J2450                JUNCTION      0.00     0.10     0  01:40           0      0.0614       8.081
  J448                 JUNCTION      0.00     0.03     0  07:16           0     0.00272    1689.049
  J446                 JUNCTION      0.00     0.00     0  00:00           0           0       0.000 gal
  J457                 JUNCTION      0.00     0.00     0  00:00           0           0       0.000 gal
  J455                 JUNCTION      0.00     0.00     0  00:00           0           0       0.000 gal
  J2455                JUNCTION      0.00     0.00     0  00:00           0           0       0.000 gal
  J3455                JUNCTION      0.00     0.00     0  00:00           0           0       0.000 gal
  J454                 JUNCTION      0.00     0.00     0  00:00           0           0       0.000 gal
  J318                 JUNCTION      0.00     0.00     0  00:00           0           0       0.000 gal
  J411                 JUNCTION      0.00     0.00     0  00:00           0           0       0.000 gal
  J3349                JUNCTION      0.00     0.05     0  07:48           0     0.00668    6677.928 gal
  J3449                JUNCTION      0.00     0.10     1  00:00           0      0.0398       2.980
  J3450-P              JUNCTION      0.10     0.10     0  01:35      0.0646      0.0648       2.987
  J412                 JUNCTION      0.00     0.00     0  00:00           0           0       0.000 gal
  J460                 JUNCTION      0.00     0.00     0  00:00           0           0       0.000 gal
  J459                 JUNCTION      0.00     0.00     0  00:00           0           0       0.000 gal
  J2459                JUNCTION      0.00     0.00     0  00:00           0           0       0.000 gal
  J473                 JUNCTION      0.00     0.00     0  00:00           0           0       0.000 gal
  J2420                JUNCTION      0.00     0.00     0  00:00           0           0       0.000 gal
  J350                 JUNCTION      0.00     0.00     0  00:00           0           0       0.000 gal
  J420                 JUNCTION      0.00     0.00     0  00:00           0           0       0.000 gal
  J456                 JUNCTION      0.00     0.00     0  00:00           0           0       0.000 gal
  J458                 JUNCTION      0.00     0.00     0  00:00           0           0       0.000 gal
  J453                 JUNCTION      0.00     0.00     0  00:00           0           0       0.000 gal
  J452                 JUNCTION      0.00     0.00     0  00:00           0           0       0.000 gal
  J451                 JUNCTION      0.00     0.00     0  00:00           0           0       0.000 gal
  J421                 JUNCTION      0.00     0.00     0  00:00           0           0       0.000 gal
  J5442-P              JUNCTION      0.02     0.02     0  00:00      0.0129      0.0129      45.303
  J4422                JUNCTION      0.00     0.02     0  19:37           0     0.00694     984.116
  J3422                JUNCTION      0.00     0.00     1  00:00           0     0.00064     640.164 gal
  J3421                JUNCTION      0.04     3.38     0  00:00      0.0259       0.547      23.598
  J340                 JUNCTION      0.00     0.00     0  00:00           0           0       0.000 gal
  J2371                JUNCTION      0.00     0.00     0  00:00           0           0       0.000 gal
  J372                 JUNCTION      0.00     0.00     0  00:00           0           0       0.000 gal
  J422                 JUNCTION      0.00     0.00     1  00:00           0    3.06e-07       0.306 gal
  J441                 JUNCTION      0.00     0.00     0  20:02           0    0.000972     971.456 gal
  J2441                JUNCTION      0.00     0.01     0  11:49           0     0.00391     112.258
  J440                 JUNCTION      0.00     0.01     0  18:23           0    0.000868     866.965 gal
  J442                 JUNCTION      0.00     0.01     0  09:51           0    0.000604     597.294 gal
  J303                 JUNCTION      0.00     0.03     0  15:22           0      0.0146       6.423
  J2302                JUNCTION      0.00     0.08     0  04:00           0        0.02      30.109
  J3302                JUNCTION      0.00     0.18     0  02:22           0       0.113       5.070
  J302                 JUNCTION      0.00     0.04     0  03:57           0    0.000797     358.947
  J445                 JUNCTION      0.00     0.05     0  03:11           0     0.00228   25376.397
  J2444                JUNCTION      0.00     0.16     0  02:13           0      0.0877       6.830
  J2443                JUNCTION      0.00     0.15     0  15:31           0      0.0791       5.452
  J3443                JUNCTION      0.00     0.10     0  23:34           0      0.0493       4.483
  J443                 JUNCTION      0.00     0.06     0  15:20           0      0.0258       2.360
  J444                 JUNCTION      0.00     0.06     0  02:10           0    0.000707     981.165
  M-41                 JUNCTION      0.08     0.08     0  00:00      0.0515      0.0515       2.153
  M-27                 JUNCTION      0.18     0.18     0  00:00       0.118       0.118       0.649
  M-37                 JUNCTION      0.87    10.87     0  00:00       0.562        7.02       0.008
  J470                 JUNCTION      0.00     0.00     0  00:00           0           0       0.000 gal
  J471                 JUNCTION      0.00     0.00     0  22:01           0    6.22e-05      62.192 gal
  J2472                JUNCTION      0.00     0.02     0  17:38           0       0.011       6.011
  J472                 JUNCTION      0.00     0.00     0  21:55           0    8.54e-05      85.407 gal
  J474                 JUNCTION      0.00     0.02     0  03:05           0    0.000601     939.017
  J2474-P              JUNCTION      0.04     0.05     0  03:11      0.0259      0.0259      17.121
  J2499                JUNCTION      0.00     0.02     0  18:03           0      0.0106       8.771
  J499                 JUNCTION      0.00     0.00     0  23:54           0    0.000126     125.775 gal
  J469                 JUNCTION      0.00     0.00     0  00:00           0           0       0.000 gal
  J2468                JUNCTION      0.00     0.00     0  00:00           0           0       0.000 gal
  J468                 JUNCTION      0.00     0.00     0  00:00           0           0       0.000 gal
  J3468                JUNCTION      0.00     0.00     0  00:00           0           0       0.000 gal
  J4466                JUNCTION      0.00     0.00     1  00:00           0    0.000183     182.926 gal
  J2466                JUNCTION      0.00     0.00     0  19:58           0     0.00039     389.872 gal
  J426                 JUNCTION      0.00     2.61     0  04:20           0        1.05      17.229
  J3466-P              JUNCTION      0.02     0.02     0  21:46      0.0129      0.0129      16.748
  J467                 JUNCTION      0.00     0.00     0  23:54           0    9.27e-05      92.736 gal
  J3499                JUNCTION      0.00     0.00     0  10:56           0    0.000891     890.944 gal
  J466                 JUNCTION      0.00     0.02     0  19:56           0     0.00804       6.518
  J2426                JUNCTION      0.00     1.98     0  06:41           0       0.895      21.358
  J5466                JUNCTION      0.00     0.00     1  00:00           0     0.00214      63.146
  J493                 JUNCTION      0.00     0.00     0  00:00           0           0       0.000 gal
  J491                 JUNCTION      0.00     0.00     0  00:00           0           0       0.000 gal
  J2494                JUNCTION      0.00     0.00     0  00:00           0           0       0.000 gal
  J492                 JUNCTION      0.00     0.00     0  00:00           0           0       0.000 gal
  J2495                JUNCTION      0.00     0.00     0  00:00           0           0       0.000 gal
  J315                 JUNCTION      0.00    10.00     0  00:00           0        6.46       0.005
  J317                 JUNCTION      0.00    10.00     0  00:00           0        6.46       0.056
  J301                 JUNCTION      0.00     4.10     0  12:37           0        2.34       1.664
  J316                 JUNCTION      0.00     0.00     0  00:00           0           0       0.000 gal
  J494                 JUNCTION      0.00     0.00     0  00:00           0           0       0.000 gal
  J495                 JUNCTION      0.00     0.00     0  00:00           0           0       0.000 gal
  J475                 JUNCTION      0.00     0.00     0  00:00           0           0       0.000 gal
  J3342                JUNCTION      0.00     0.00     1  00:00           0    4.52e-05      45.158 gal
  J464                 JUNCTION      0.00     0.00     0  00:00           0           0       0.000 gal
  J344                 JUNCTION      0.00     0.00     0  00:00           0           0       0.000 gal
  J2344                JUNCTION      0.00     0.09     0  07:45           0      0.0134     378.250
  J2342                JUNCTION      0.00     0.00     1  00:00           0    0.000741     783.351
  J342                 JUNCTION      0.00     0.00     1  00:00           0    3.88e-05      38.774 gal
  J343                 JUNCTION      0.00     0.03     0  05:35           0    0.000948     947.598 gal
  J2343                JUNCTION      0.00     0.11     1  00:00           0       0.053       7.117
  J3343-P              JUNCTION      0.02     0.19     0  04:20      0.0129      0.0845      27.095
  J482                 JUNCTION      0.00     0.11     1  00:00           0       0.046       1.212
  J2482                JUNCTION      0.00     0.11     1  00:00           0      0.0486       5.567
  J2480                JUNCTION      0.00     0.52     0  01:48           0       0.301       6.385
  J2435                JUNCTION      0.00     0.90     0  00:41           0       0.494       1.693
  J324                 JUNCTION      0.00     0.06     0  02:48           0      0.0208       5.056
  J2324                JUNCTION      0.00     0.16     1  00:00           0      0.0892       7.678
  J478                 JUNCTION      0.00     0.00     0  00:00           0           0       0.000 gal
  J2478                JUNCTION      0.00     0.00     1  00:00           0    5.18e-05      51.770 gal
  J438                 JUNCTION      0.00     0.00     0  21:44           0    0.000374     373.652 gal
  J4438                JUNCTION      0.00     0.04     1  00:00           0      0.0188       6.373
  J4321                JUNCTION      0.00     0.01     0  13:35           0     0.00257      85.741
  J321                 JUNCTION      0.00     0.01     0  12:51           0     0.00136     175.490
  J3438                JUNCTION      0.00     0.12     0  21:29           0      0.0625       2.322
  J2438                JUNCTION      0.00     0.04     0  21:31           0      0.0185       4.610
  J435                 JUNCTION      0.00     0.30     0  23:57           0       0.184       0.515
  J480                 JUNCTION      0.00     0.21     1  00:00           0       0.119       0.451
  J439                 JUNCTION      0.00     0.03     0  01:18           0    0.000881    3222.110
  J2439                JUNCTION      0.00     0.69     0  23:55           0       0.438       0.302
  J3439-P              JUNCTION      0.08     2.53     0  00:19      0.0517       0.948       1.117
  J424                 JUNCTION      0.00     0.00     1  00:00           0       4e-05      40.043 gal
  J2424-P              JUNCTION      0.02     0.04     1  00:00      0.0129      0.0181       6.031
  J3324                JUNCTION      0.00     0.04     1  00:00           0      0.0198       5.586
  J2396                JUNCTION      0.00     0.02     0  22:39           0     0.00465     739.894
  J425                 JUNCTION      0.00     0.46     0  00:29           0     0.00327     105.847
  J3424                JUNCTION      0.00     0.04     1  00:00           0      0.0149      25.751
  J396                 JUNCTION      0.00     0.03     0  13:43           0     0.00672      77.793
  J2392-P              JUNCTION      0.10     0.11     1  00:00      0.0646      0.0652       4.191
  J402                 JUNCTION      0.00     0.00     0  00:00           0           0       0.000 gal
  J2402                JUNCTION      0.00     0.00     0  00:00           0           0       0.000 gal
  J398                 JUNCTION      0.00     0.00     0  00:00           0           0       0.000 gal
  J400                 JUNCTION      0.00     0.00     0  00:00           0           0       0.000 gal
  J2400                JUNCTION      0.00     0.00     0  00:00           0           0       0.000 gal
  J399                 JUNCTION      0.00     0.00     0  00:00           0           0       0.000 gal
  J423                 JUNCTION      0.00     0.04     1  00:00           0      0.0182      22.185
  J432                 JUNCTION      0.00     0.00     0  00:00           0           0       0.000 gal
  J395                 JUNCTION      0.00     0.00     0  00:00           0           0       0.000 gal
  J322                 JUNCTION      0.00     0.00     0  23:50           0    3.56e-05      35.605 gal
  J2322                JUNCTION      0.00     0.01     0  23:20           0     0.00292      25.731
  J2397-P              JUNCTION      0.04     0.12     0  01:01      0.0259      0.0743       9.459
  J3397                JUNCTION      0.00     0.12     0  23:14           0      0.0635       2.255
  J394                 JUNCTION      0.00     0.02     0  06:05           0     0.00322    3216.906 gal
  J397                 JUNCTION      0.00     0.02     0  02:52           0     0.00112    1117.058 gal
  M-51                 JUNCTION      0.08     0.08     0  00:00      0.0491      0.0491       1.294
  NEW                  JUNCTION      0.00     0.44     0  03:12           0      0.0597    2088.057
  J4318                JUNCTION      0.00     0.00     0  00:00           0           0       0.000 gal
  J3414                JUNCTION      0.00     0.00     0  00:00           0           0       0.000 gal
  J2386                JUNCTION      0.00     0.06     1  00:00           0      0.0337       0.029
  J386                 JUNCTION      0.00     0.06     0  01:01           0      0.0398      17.989
  J2387                JUNCTION      0.00     0.00     0  00:00           0           0       0.000 gal
  J387                 JUNCTION      0.00     0.00     0  00:00           0           0       0.000 gal
  J3387                JUNCTION      0.00     0.00     0  00:00           0           0       0.000 gal
  J348                 JUNCTION      0.00     0.19     0  03:22           0      0.0201   37834.353
  J3307                JUNCTION      0.00     1.73     0  09:41           0        1.12       0.000
  J307                 JUNCTION      0.00     0.00     0  00:00           0           0       0.000 gal
  J2307                JUNCTION      0.00     0.00     0  00:00           0           0       0.000 gal
  J3415-P              JUNCTION      0.04     4.50     0  22:47      0.0259        2.48      20.611
  J345                 JUNCTION      0.00     0.18     0  04:10           0     0.00906     412.385
  J300                 JUNCTION      0.00     1.18     0  00:35           0       0.429      15.029
  J2300                JUNCTION      0.00     1.02     0  04:39           0       0.373      70.700
  J3300                JUNCTION      0.00     0.66     0  22:29           0       0.313       5.799
  J4300                JUNCTION      0.00     0.03     1  00:00           0     0.00288      25.865
  J5300                JUNCTION      0.00     0.32     1  00:00           0      0.0535      14.038
  J346                 JUNCTION      0.00     0.02     1  00:00           0     0.00105     202.388
  J347                 JUNCTION      0.00     1.62     0  21:35           0        0.65      30.325
  J2347                JUNCTION      0.00     1.65     0  11:56           0       0.738      14.569
  J3346                JUNCTION      0.00     0.35     1  00:00           0      0.0331      13.559
  J4496                JUNCTION      0.00     0.77     0  17:02           0       0.274     103.901
  J3310                JUNCTION      0.00     0.74     0  07:40           0       0.376      41.430
  J3496                JUNCTION      0.00     0.46     0  19:12           0       0.113     133.310
  J497                 JUNCTION      0.00     0.02     0  18:51           0     0.00324    3242.609 gal
  J2496-P              JUNCTION      0.02     0.36     1  00:00      0.0129      0.0612      17.152
  J496                 JUNCTION      0.00     0.35     1  00:00           0      0.0483       1.009
  J2962                JUNCTION      0.00     3.55     1  00:00           0        1.56       0.930
  J2307.1              JUNCTION      0.00     0.00     0  00:00           0           0       0.000 gal
  J414                 JUNCTION      0.00     0.00     0  00:00           0           0       0.000 gal
  J14346               JUNCTION      1.00     1.00     0  00:00       0.646       0.646       3.213
  J12346               JUNCTION      0.00     0.36     0  01:23           0       0.147       8.677
  J18346               JUNCTION      0.00     0.29     0  03:52           0       0.135       4.447
  J15346               JUNCTION      0.00     0.29     0  03:30           0        0.13      37.072
  J4346                JUNCTION      0.00     0.84     1  00:00           0       0.171     213.373
  J6436                JUNCTION      0.00     0.02     0  01:57           0     0.00232     213.736
  J2311                JUNCTION      0.00     0.29     1  00:00           0       0.115      51.608
  J2310                JUNCTION      0.00     0.79     0  04:26           0       0.443      20.672
  J962                 JUNCTION      0.00     0.02     0  07:50           0     0.00173    1726.378 gal
  J2415                JUNCTION      0.00     4.44     0  01:07           0        2.86      13.242
  J2345                JUNCTION      0.00     0.29     0  06:11           0      0.0282     118.043
  J3345                JUNCTION      0.00     1.31     0  04:46           0       0.167     146.237
  J462                 JUNCTION      0.00     0.00     0  00:00           0           0       0.000 gal
  J2462                JUNCTION      0.00     0.00     0  00:00           0           0       0.000 gal
  J2401                JUNCTION      0.00     0.00     0  00:00           0           0       0.000 gal
  J401                 JUNCTION      0.00     0.00     0  00:00           0           0       0.000 gal
  J2319-P              JUNCTION      0.08     0.08     0  12:50      0.0517       0.052       0.000
  J6417                JUNCTION      0.00     0.01     0  06:07           0     0.00368    1175.573
  J2417                JUNCTION      0.00     0.95     0  00:07           0     0.00889     128.429
  J417                 JUNCTION      0.00     3.88     0  00:00           0      0.0097       9.376
  J416                 JUNCTION      0.00     0.01     0  01:03           0     0.00183    6897.772
  J415                 JUNCTION      0.00     1.24     0  01:43           0        0.08   80005.945 gal
  J2346                JUNCTION      0.00     0.02     1  00:00           0     0.00179      69.563
  J5346                JUNCTION      0.00     0.92     0  19:14           0       0.237      31.900
  J6346                JUNCTION      0.00     1.33     0  20:10           0        0.42      57.767
  J310                 JUNCTION      0.00     0.07     0  01:35           0     0.00123     515.891
  J311                 JUNCTION      0.00     0.00     0  00:00           0           0       0.000 gal
  J314                 JUNCTION      0.00     0.00     0  00:00           0           0       0.000 gal
  J312                 JUNCTION      0.00     0.00     0  00:00           0           0       0.000 gal
  J313                 JUNCTION      0.00     0.00     0  00:00           0           0       0.000 gal
  M-42                 JUNCTION      2.17     2.20     0  07:43         1.4         1.4       0.082
  M-45                 JUNCTION      0.00     0.00     0  00:00           0           0       0.000 gal
  M-38                 JUNCTION      0.00     0.00     0  00:00           0           0       0.000 gal
  M-39                 JUNCTION      0.00     0.00     0  00:00           0           0       0.000 gal
  J319                 JUNCTION      0.00     0.00     0  00:00           0           0       0.000 gal
  M-7                  JUNCTION      0.00     0.00     0  00:00           0           0       0.000 gal
  M-24                 JUNCTION      0.00     0.00     0  00:00           0           0       0.000 gal
  M-52                 JUNCTION      1.73     1.73     0  00:00        1.12        1.12       0.096
  M-13                 JUNCTION      1.18     1.18     0  00:00       0.763       0.763       0.134
  M-49                 JUNCTION      0.35     1.27     1  00:00       0.226       0.524       0.170
  M-48                 JUNCTION      0.10     0.39     1  00:00      0.0657       0.135       0.612
  M-4                  JUNCTION      0.02     0.02     0  00:00      0.0109      0.0109       7.515
  M-6                  JUNCTION      0.02     0.04     0  04:38      0.0123       0.013       6.409
  J309                 JUNCTION      0.00     0.00     0  00:00           0           0       0.000 gal
  J308                 JUNCTION      0.00     0.00     1  00:00           0     0.00023     229.742 gal
  J2323                JUNCTION      0.00     0.02     1  00:00           0     0.00552     625.965
  J323                 JUNCTION      0.00     0.00     1  00:00           0    0.000305     305.245 gal
  J305                 JUNCTION      0.00     0.03     0  05:22           0      0.0123     122.729
  J2388                JUNCTION      0.00     0.02     0  14:57           0      0.0103      71.821
  J388                 JUNCTION      0.00     0.01     0  12:36           0    0.000842     842.335 gal
  J2304                JUNCTION      0.00     0.02     1  00:00           0     0.00517      25.311
  J304                 JUNCTION      0.00     0.00     1  00:00           0    0.000403     403.309 gal
  J4304                JUNCTION      0.00     0.00     0  00:00           0           0       0.000 gal
  J3327                JUNCTION      0.00     0.00     0  00:00           0           0       0.000 gal
  J327                 JUNCTION      0.00     0.00     0  00:00           0           0       0.000 gal
  J2327                JUNCTION      0.00     0.00     0  00:00           0           0       0.000 gal
  J328                 JUNCTION      0.00     0.00     0  00:00           0           0       0.000 gal
  J2326                JUNCTION      0.00     0.00     0  00:00           0           0       0.000 gal
  J481                 JUNCTION      0.00     0.00     0  00:00           0           0       0.000 gal
  J326                 JUNCTION      0.00     0.00     0  00:00           0           0       0.000 gal
  J325                 JUNCTION      0.00     0.00     0  00:00           0           0       0.000 gal
  J2305-P              JUNCTION      0.04     0.04     0  00:00      0.0259      0.0259      14.215
  J334                 JUNCTION      0.00     0.00     0  00:00           0           0       0.000 gal
  J338                 JUNCTION      0.00     0.00     0  00:00           0           0       0.000 gal
  J333                 JUNCTION      0.00     0.00     0  00:00           0           0       0.000 gal
  J3339                JUNCTION      0.00     0.00     0  00:00           0           0       0.000 gal
  J434                 JUNCTION      0.00     0.00     0  00:00           0           0       0.000 gal
  J339                 JUNCTION      0.00     0.00     0  00:00           0           0       0.000 gal
  J2339                JUNCTION      0.00     0.00     0  00:00           0           0       0.000 gal
  J2335                JUNCTION      0.00     0.36     0  00:03           0     0.00636      10.966
  J335                 JUNCTION      0.00    10.00     0  00:00           0     0.00629      -0.644
  J341                 JUNCTION      0.00     0.00     0  00:00           0           0       0.000 gal
  J433                 JUNCTION      0.00     0.00     0  00:00           0           0       0.000 gal
  J2337                JUNCTION      0.00     0.00     0  00:00           0           0       0.000 gal
  J2487                JUNCTION      0.00     0.00     0  00:00           0           0       0.000 gal
  J337                 JUNCTION      0.00     0.00     0  00:00           0           0       0.000 gal
  J487                 JUNCTION      0.00     0.00     0  00:00           0           0       0.000 gal
  J332                 JUNCTION      0.00     0.00     0  00:00           0           0       0.000 gal
  J329                 JUNCTION      0.00     0.00     0  00:00           0           0       0.000 gal
  J336                 JUNCTION      0.00     0.00     0  00:00           0           0       0.000 gal
  J371                 JUNCTION      0.00     0.00     0  00:00           0           0       0.000 gal
  J2370                JUNCTION      0.00     0.00     0  00:00           0           0       0.000 gal
  J370                 JUNCTION      0.00     0.00     0  00:00           0           0       0.000 gal
  J3370                JUNCTION      0.00     0.00     0  00:00           0           0       0.000 gal
  J3359                JUNCTION      0.00     0.00     0  00:00           0           0       0.000 gal
  J2368                JUNCTION      0.00     0.00     0  00:00           0           0       0.000 gal
  J2377                JUNCTION      0.00     0.00     0  00:00           0           0       0.000 gal
  J364                 JUNCTION      0.00     0.00     0  00:00           0           0       0.000 gal
  J2364                JUNCTION      0.00     0.00     0  00:00           0           0       0.000 gal
  J3366                JUNCTION      0.00     0.00     0  00:00           0           0       0.000 gal
  J2369                JUNCTION      0.00     0.00     0  00:00           0           0       0.000 gal
  J365                 JUNCTION      0.00     0.00     0  00:00           0           0       0.000 gal
  J369                 JUNCTION      0.00     0.00     0  00:00           0           0       0.000 gal
  J385                 JUNCTION      0.00     0.00     0  00:00           0           0       0.000 gal
  J2385                JUNCTION      0.00     0.00     0  00:00           0           0       0.000 gal
  J2373                JUNCTION      0.00     0.00     0  00:00           0           0       0.000 gal
  J2419                JUNCTION      0.00     0.00     0  00:00           0           0       0.000 gal
  J419                 JUNCTION      0.00     0.00     0  00:00           0           0       0.000 gal
  J373                 JUNCTION      0.00     0.00     0  00:00           0           0       0.000 gal
  J374                 JUNCTION      0.00     0.00     0  00:00           0           0       0.000 gal
  J368                 JUNCTION      0.00     0.00     0  00:00           0           0       0.000 gal
  J366                 JUNCTION      0.00     0.00     0  00:00           0           0       0.000 gal
  J377                 JUNCTION      0.00     0.00     0  00:00           0           0       0.000 gal
  J2461-P              JUNCTION      0.00     0.00     0  00:00           0           0       0.000 gal
  J3356                JUNCTION      0.00     0.00     0  00:00           0           0       0.000 gal
  J2489                JUNCTION      0.00     0.00     0  00:00           0           0       0.000 gal
  J356                 JUNCTION      0.00     0.00     0  00:00           0           0       0.000 gal
  J461                 JUNCTION      0.00     0.00     0  00:00           0           0       0.000 gal
  J2356                JUNCTION      0.00     0.00     0  00:00           0           0       0.000 gal
  J362                 JUNCTION      0.00     0.00     0  00:00           0           0       0.000 gal
  J2362                JUNCTION      0.00     0.00     0  00:00           0           0       0.000 gal
  J375                 JUNCTION      0.00     0.00     0  00:00           0           0       0.000 gal
  J2375                JUNCTION      0.00     0.00     0  00:00           0           0       0.000 gal
  J427                 JUNCTION      0.00     0.00     0  00:00           0           0       0.000 gal
  J376                 JUNCTION      0.00     0.00     0  00:00           0           0       0.000 gal
  J363                 JUNCTION      0.00     0.00     0  00:00           0           0       0.000 gal
  J367                 JUNCTION      0.00     0.00     0  00:00           0           0       0.000 gal
  J359                 JUNCTION      0.00     0.00     0  00:00           0           0       0.000 gal
  J354                 JUNCTION      0.00     0.00     0  00:00           0           0       0.000 gal
  J353                 JUNCTION      0.00     0.00     0  00:00           0           0       0.000 gal
  J2353                JUNCTION      0.00     0.00     0  00:00           0           0       0.000 gal
  J352                 JUNCTION      0.00     0.00     0  00:00           0           0       0.000 gal
  J358                 JUNCTION      0.00     0.00     0  00:00           0           0       0.000 gal
  J351                 JUNCTION      0.00     0.00     0  00:00           0           0       0.000 gal
  J361                 JUNCTION      0.00     0.00     0  00:00           0           0       0.000 gal
  J360                 JUNCTION      0.00     0.00     0  00:00           0           0       0.000 gal
  J355                 JUNCTION      0.00     0.00     0  00:00           0           0       0.000 gal
  J357                 JUNCTION      0.00     0.00     0  00:00           0           0       0.000 gal
  J389                 JUNCTION      0.00     0.00     0  00:00           0           0       0.000 gal
  J2366                JUNCTION      0.00     0.00     0  00:00           0           0       0.000 gal
  J2374                JUNCTION      0.00     0.00     0  00:00           0           0       0.000 gal
  J378                 JUNCTION      0.00     0.00     0  00:00           0           0       0.000 gal
  J405                 JUNCTION      0.00     0.00     0  00:00           0           0       0.000 gal
  J380                 JUNCTION      0.00     0.00     0  00:00           0           0       0.000 gal
  J381                 JUNCTION      0.00     0.00     0  00:00           0           0       0.000 gal
  J484                 JUNCTION      0.00     0.00     0  00:00           0           0       0.000 gal
  J2484                JUNCTION      0.00     0.00     0  00:00           0           0       0.000 gal
  J382                 JUNCTION      0.00     0.00     0  00:00           0           0       0.000 gal
  J391                 JUNCTION      0.00     0.00     0  00:00           0           0       0.000 gal
  J2477                JUNCTION      0.00     0.00     0  00:00           0           0       0.000 gal
  J463                 JUNCTION      0.00     0.00     0  00:00           0           0       0.000 gal
  J477                 JUNCTION      0.00     0.00     0  00:00           0           0       0.000 gal
  J383                 JUNCTION      0.00     0.00     0  00:00           0           0       0.000 gal
  J2383                JUNCTION      0.00     0.00     0  00:00           0           0       0.000 gal
  J379                 JUNCTION      0.00     0.00     0  00:00           0           0       0.000 gal
  J2380                JUNCTION      0.00     0.00     0  00:00           0           0       0.000 gal
  J3484                JUNCTION      0.00     0.00     0  00:00           0           0       0.000 gal
  J384                 JUNCTION      0.00     0.00     0  00:00           0           0       0.000 gal
  J1301                JUNCTION      0.00     0.00     0  00:00           0           0       0.000 gal
  NTP-IN-1             JUNCTION      0.00     0.00     0  00:00           0           0       0.000 gal
  NTP-O-1              JUNCTION      0.00     0.00     0  00:00           0           0       0.000 gal
  NTP-IN-2             JUNCTION      0.00     0.00     0  00:00           0           0       0.000 gal
  NTP-O-2              JUNCTION      0.00     0.00     0  00:00           0           0       0.000 gal
  NTP-IN-3             JUNCTION      0.00     0.00     0  00:00           0           0       0.000 gal
  NTP-O-3              JUNCTION      0.00     0.00     0  00:00           0           0       0.000 gal
  J1384                JUNCTION      0.00     0.00     0  00:00           0           0       0.000 gal
  J1395                JUNCTION      0.00     0.00     0  00:00           0           0       0.000 gal
  J1182                JUNCTION      0.00     1.96     1  00:00           0        0.92      17.350
  J1192-P              JUNCTION      0.04     1.11     0  12:15      0.0271       0.492      20.216
  J182                 JUNCTION      0.00     0.85     1  00:00           0       0.318       0.231
  J192                 JUNCTION      0.00     1.06     1  00:00           0        0.41      29.512
  J2019                JUNCTION      0.00     1.02     1  00:00           0       0.317      72.846
  J22                  JUNCTION      0.00     0.00     0  15:27           0    0.000441     440.733 gal
  J1019                JUNCTION      0.00     0.97     1  00:00           0       0.205      81.723
  J19                  JUNCTION      0.00     1.00     1  00:00           0       0.149       3.401
  J3022                JUNCTION      0.04     0.06     0  15:23      0.0271      0.0394       2.274
  J4022                JUNCTION      0.00     0.06     0  15:24           0      0.0385       4.999
  J2022                JUNCTION      0.02     0.02     0  00:00      0.0136      0.0136       7.250
  M-43                 JUNCTION      2.11     2.11     0  00:00        1.37        1.37       0.403
  J2182                JUNCTION      0.00     2.17     0  00:28           0        1.39      29.456
  J331                 JUNCTION      0.00     0.00     0  00:00           0           0       0.000 gal
  J330                 JUNCTION      0.00     0.01     0  00:46           0    0.000554     867.073
  J1331                JUNCTION      0.00     0.00     0  06:24           0    2.57e-05      25.695 gal
  M-44                 JUNCTION      0.15     0.29     0  00:01      0.0961      0.0976       0.791
  M-50                 JUNCTION      0.05     0.09     0  00:21      0.0323      0.0325      13.945
  M-17                 JUNCTION      0.06     0.06     0  00:00      0.0405      0.0405       1.596
  J4415                JUNCTION      0.00     4.47     0  23:57           0           2       7.339
  J393                 JUNCTION      0.00     0.00     0  00:00           0           0       0.000 gal
  J392                 JUNCTION      0.00     0.00     0  00:00           0           0       0.000 gal
  J320                 JUNCTION      0.00     0.04     0  07:24           0     0.00281       0.000
  J3477                JUNCTION      0.00     0.00     0  00:00           0           0       0.000 gal
  J1310                JUNCTION      0.00     0.00     0  00:00           0           0       0.000 gal
  J4345                JUNCTION      0.00     0.46     0  08:05           0      0.0405       0.000
  J5436                JUNCTION      0.00     0.28     1  00:00           0      0.0225       0.000
  J447                 JUNCTION      0.00     0.00     0  00:00           0           0       0.000 gal
  J2447                JUNCTION      0.00     0.00     0  00:00           0           0       0.000 gal
  J1447                JUNCTION      0.00     0.00     0  00:00           0           0       0.000 gal
  J1318                JUNCTION      0.00     0.00     0  00:00           0           0       0.000 gal
  J3434                JUNCTION      0.00     0.00     0  00:00           0           0       0.000 gal
  J3462                JUNCTION      0.00     0.00     0  00:00           0           0       0.000 gal
  J3323                JUNCTION      0.00     0.00     1  00:00           0    0.000226       0.000
  J2434                JUNCTION      0.00     0.00     0  00:00           0           0       0.000 gal
  J1425                JUNCTION      0.00     0.74     0  00:27           0     0.00755       0.000
  J1362                JUNCTION      0.00     0.00     0  00:00           0           0       0.000 gal
  J1383                JUNCTION      0.00     0.00     0  00:00           0           0       0.000 gal
  J1450                JUNCTION      0.00     0.07     0  10:04           0      0.0144       0.000
  J4366                JUNCTION      0.00     0.00     0  00:00           0           0       0.000 gal
  J3304                JUNCTION      0.00     0.02     1  00:00           0     0.00372       0.000
  L2323                JUNCTION      0.00     0.00     0  00:00           0           0       0.000 gal
  L2319                JUNCTION      0.00     0.00     0  00:00           0           0       0.000 gal
  L2317                JUNCTION      1.00     1.00     0  00:00       0.646       0.646       0.000
  K2316                JUNCTION      0.00     0.00     0  00:00           0           0       0.000 gal
  K2096                JUNCTION      0.50     0.50     0  00:00       0.323       0.323       0.000
  K3089                JUNCTION      0.00     0.00     0  00:00           0           0       0.000 gal
  K3088                JUNCTION      0.00     0.00     0  00:00           0           0       0.000 gal
  K3061                JUNCTION      0.00     0.00     0  00:00           0           0       0.000 gal
  K3045                JUNCTION      0.50     0.50     0  00:00       0.323       0.323       0.000
  K3044                JUNCTION      0.00     0.00     0  00:00           0           0       0.000 gal
  K3043                JUNCTION      0.00     0.00     0  00:00           0           0       0.000 gal
  K3041                JUNCTION      0.00     0.00     0  00:00           0           0       0.000 gal
  K3040                JUNCTION      0.00     0.00     0  00:00           0           0       0.000 gal
  M6-AC1               JUNCTION      0.00     0.00     0  00:00           0           0       0.000 gal
  M6-AC2               JUNCTION      0.00     0.00     0  00:00           0           0       0.000 gal
  M4-AC1               JUNCTION      0.00     0.00     0  00:00           0           0       0.000 gal
  M4-AC2               JUNCTION      0.00     0.00     0  00:00           0           0       0.000 gal
  F1-AC1               JUNCTION      0.00     0.00     0  00:00           0           0       0.000 gal
  F1-AC2               JUNCTION      0.00     0.00     0  00:00           0           0       0.000 gal
  K1-AC1               JUNCTION      0.00     0.00     0  00:00           0           0       0.000 gal
  K1-AC2               JUNCTION      0.00     0.00     0  00:00           0           0       0.000 gal
  M3-AC1               JUNCTION      0.00     0.00     0  00:00           0           0       0.000 gal
  M3-AC2               JUNCTION      0.06     0.06     0  00:00      0.0407      0.0407       0.000
  N4-AC1               JUNCTION      0.00     0.00     0  00:00           0           0       0.000 gal
  N4-AC2               JUNCTION      0.00     0.00     0  00:00           0           0       0.000 gal
  P5-AC1               JUNCTION      0.00     0.00     0  00:00           0           0       0.000 gal
  J4487                JUNCTION      0.00     0.00     0  00:00           0           0       0.000 gal
  D2-AC1               JUNCTION      0.00     0.00     0  00:00           0           0       0.000 gal
  D2-AC2               JUNCTION      0.00     0.00     0  00:00           0           0       0.000 gal
  E2-AC2               JUNCTION      0.00     0.00     0  00:00           0           0       0.000 gal
  E2-AC1               JUNCTION      0.00     0.00     0  00:00           0           0       0.000 gal
  C3-AC1               JUNCTION      0.00     0.01     0  04:57           0    0.000574       0.000
  C3-AC2               JUNCTION      0.00     0.00     0  00:00           0           0       0.000 gal
  C4-AC1               JUNCTION      0.00     0.00     0  00:00           0           0       0.000 gal
  C4-AC2               JUNCTION      0.00     0.00     0  00:00           0           0       0.000 gal
  D4-AC1               JUNCTION      0.00     0.00     0  00:00           0           0       0.000 gal
  D4-AC2               JUNCTION      0.00     0.00     0  00:00           0           0       0.000 gal
  F1-AC3               JUNCTION      0.00     0.00     0  00:00           0           0       0.000 gal
  F1-AC4               JUNCTION      0.00     0.00     0  00:00           0           0       0.000 gal
  J2421                JUNCTION      0.00     0.01     0  13:02           0     0.00195       0.000
  F1-AC5               JUNCTION      0.00     0.00     0  00:00           0           0       0.000 gal
  F1-AC6               JUNCTION      0.00     0.00     0  00:00           0           0       0.000 gal
  J349                 JUNCTION      0.00     0.00     0  00:00           0           0       0.000 gal
  H1-AC1               JUNCTION      0.00     0.18     0  00:23           0       0.117       0.000
  H1-AC2               JUNCTION      0.00     0.00     0  00:00           0           0       0.000 gal
  F4-AC1               JUNCTION      0.00     0.12     0  08:59           0     0.00897       0.000
  F4-AC2               JUNCTION      0.00     0.00     0  00:00           0           0       0.000 gal
  F5-AC1               JUNCTION      0.00     0.03     0  08:10           0     0.00133       0.000
  F5-AC2               JUNCTION      0.00     0.00     0  00:00           0           0       0.000 gal
  R7-AC1               JUNCTION      0.00     0.00     0  00:00           0           0       0.000 gal
  R7-AC2               JUNCTION      0.00     0.00     0  00:00           0           0       0.000 gal
  JM-44                JUNCTION      0.00     2.27     0  00:06           0       0.128       0.000
  J418                 JUNCTION      0.00     0.00     0  00:00           0           0       0.000 gal
  P6-AC1               JUNCTION      0.00     0.00     0  00:00           0           0       0.000 gal
  P6-AC2               JUNCTION      0.00     0.00     0  00:00           0           0       0.000 gal
  M6-AC3               JUNCTION      0.00     0.00     0  00:00           0           0       0.000 gal
  M6-AC4               JUNCTION      0.00     0.00     0  00:00           0           0       0.000 gal
  M5-AC1               JUNCTION      0.00     0.00     0  00:00           0           0       0.000 gal
  M5-AC2               JUNCTION      0.00     0.00     0  00:00           0           0       0.000 gal
  M5-AC3               JUNCTION      0.00     0.00     0  00:00           0           0       0.000 gal
  M5-AC4               JUNCTION      0.00     0.00     0  00:00           0           0       0.000 gal
  M7-AC1               JUNCTION      0.00     0.84     0  05:48           0       0.154       0.000
  M7-AC2               JUNCTION      0.00     0.00     0  00:00           0           0       0.000 gal
  L3-AC1               JUNCTION      0.00     0.00     0  00:00           0           0       0.000 gal
  L3-AC2               JUNCTION      0.00     0.00     0  00:00           0           0       0.000 gal
  J4499                JUNCTION      0.00     0.00     0  23:54           0    9.28e-05       0.000
  J306                 JUNCTION      0.00     0.00     0  00:00           0           0       0.000 gal
  S306                 JUNCTION      0.00     0.00     0  00:00           0           0       0.000 gal
  J3437                JUNCTION      0.00     0.00     0  00:00           0           0       0.000 gal
  J3429                JUNCTION      0.00     0.00     0  00:00           0           0       0.000 gal
  J1409                JUNCTION      0.40     0.40     0  00:00       0.259       0.259       0.000
  J409                 JUNCTION      0.00     0.00     0  00:00           0           0       0.000 gal
  1428                 JUNCTION      0.00     0.00     0  00:00           0           0       0.000 gal
  J1431                JUNCTION      0.00     0.00     0  00:00           0           0       0.000 gal
  J1476                JUNCTION      0.00     0.00     0  00:00           0           0       0.000 gal
  J485                 JUNCTION      0.00     0.00     0  00:00           0           0       0.000 gal
  J486                 JUNCTION      0.00     0.00     0  00:00           0           0       0.000 gal
  J490                 JUNCTION      0.00     0.00     0  00:00           0           0       0.000 gal
  J498                 JUNCTION      0.00     0.00     0  00:00           0           0       0.000 gal
  J407                 JUNCTION      0.00     0.00     0  00:00           0           0       0.000 gal
  PVT363               JUNCTION      0.00     0.00     0  00:00           0           0       0.000 gal
  PVT461               JUNCTION      0.00     0.00     0  00:00           0           0       0.000 gal
  PVT436               JUNCTION      0.00     0.00     0  00:00           0           0       0.000 gal
  Node_2421            JUNCTION      0.00     0.00     0  00:00           0           0       0.000 gal
  Node_1986271         JUNCTION      0.00     0.00     0  00:00           0           0       0.000 gal
  HW_1425              JUNCTION      0.00     0.11     1  00:00           0      0.0611      35.135
  HW_3418.1            JUNCTION      0.00     0.03     1  00:00           0      0.0124      49.764
  HW_414               JUNCTION      0.00     0.00     0  00:00           0           0    -100.000
  488-12"              JUNCTION      0.00     0.06     1  00:00           0      0.0337       0.891
  2307-48"             JUNCTION      0.00     1.73     0  12:58           0        1.05      13.280
  3307-48"             JUNCTION      0.00     0.00     0  00:00           0           0       0.000 gal
  Node_5414            JUNCTION      0.00     0.00     0  00:00           0           0       0.000 gal
  Node_20351714        JUNCTION      0.00     0.00     0  00:00           0           0       0.000 gal
  1310-48"             JUNCTION      0.00     0.00     0  00:00           0           0       0.000 gal
  HW_2414              JUNCTION      0.00     8.63     0  23:56           0        5.52       0.450
  3414-30"             JUNCTION      0.00     0.00     0  00:00           0           0       0.000 gal
  2319-16"             JUNCTION      0.00     0.09     0  02:41           0       0.038   38008.410 gal
  319-12               JUNCTION      0.00     0.08     0  13:08           0      0.0487       5.772
  HW_3319              JUNCTION      0.00     0.00     0  00:00           0           0       0.000 gal
  3387-42"             JUNCTION      0.00     0.00     0  00:00           0           0       0.000 gal
  HW_3304              JUNCTION      0.00     0.08     0  04:43           0      0.0504      11.824
  HW_3338              JUNCTION      0.00     0.11     1  00:00           0      0.0455       1.681
  5487_ll              JUNCTION      0.00     0.02     1  00:00           0    0.000349     348.558 gal
  2339_ll              JUNCTION      0.00     0.00     0  00:00           0           0       0.000 gal
  Node_461             JUNCTION      0.00     0.00     0  00:00           0           0       0.000 gal
  Node_2259681         JUNCTION      0.00     0.00     0  00:00           0           0       0.000 gal
  G2354                JUNCTION      0.00     0.00     0  00:00           0           0       0.000 gal
  Node_20571878        JUNCTION      0.00     0.00     0  00:00           0           0       0.000 gal
  Node_2357            JUNCTION      0.00     0.00     0  00:00           0           0       0.000 gal
  Node_20391881        JUNCTION      0.00     0.00     0  00:00           0           0       0.000 gal
  Node_10361           JUNCTION      0.00     0.00     0  00:00           0           0       0.000 gal
  Node_22581885        JUNCTION      0.00     0.00     0  00:00           0           0       0.000 gal
  Node_4436            JUNCTION      0.00     0.00     0  00:00           0           0       0.000 gal
  Node_22602113        JUNCTION      0.00     0.00     0  00:00           0           0       0.000 gal
  Node_3383            JUNCTION      0.00     0.00     0  00:00           0           0       0.000 gal
  Node_1820864         JUNCTION      0.00     0.00     0  00:00           0           0       0.000 gal
  Node_8393            JUNCTION      0.00     0.00     0  00:00           0           0    -100.000
  Node_16491650        JUNCTION      0.00    10.00     0  00:00           0        6.46       0.000
  HW_393               JUNCTION      0.00     0.00     0  00:00           0           0       0.000 gal
  Node_2393            JUNCTION      0.00     0.00     0  00:00           0           0       0.000 gal
  Node_16511652        JUNCTION      0.00     0.00     0  00:00           0           0       0.000 gal
  Node_8392            JUNCTION      0.00     0.00     0  00:00           0           0    -100.000
  Node_16521653        JUNCTION      0.00    10.00     0  00:00           0        6.46       0.000
  Node_92              JUNCTION      0.00     0.00     0  00:00           0           0       0.000 gal
  Node_1653425         JUNCTION      0.00     0.00     0  00:00           0           0       0.000 gal
  Node_8320            JUNCTION      0.00     0.00     0  00:00           0           0    -100.000
  Node_16551656        JUNCTION      0.00    10.00     0  00:00           0        6.46       0.000
  HW_320               JUNCTION      0.00     0.00     0  00:00           0           0       0.000 gal
  Node_1656380         JUNCTION      0.00     0.00     0  00:00           0           0       0.000 gal
  Node_477             JUNCTION      0.00     0.00     0  00:00           0           0       0.000 gal
  Node_1678851         JUNCTION      0.00     0.00     0  00:00           0           0       0.000 gal
  Node_81310           JUNCTION      0.00     0.00     0  00:00           0           0       0.000 gal
  Node_16801681        JUNCTION      0.00     0.00     0  00:00           0           0       0.000 gal
  Node_4345            JUNCTION      0.00     0.00     0  00:00           0           0       0.000 gal
  Node_16841680        JUNCTION      0.00     0.00     0  00:00           0           0       0.000 gal
  HW_5436              JUNCTION      0.00     0.00     0  00:00           0           0       0.000 gal
  HW_2336_2            JUNCTION      0.00     0.01     0  19:58           0     0.00716      11.314
  HW_3447              JUNCTION      0.00     0.00     0  00:00           0           0       0.000 gal
  HW_3318              JUNCTION      0.00     0.02     0  23:54           0      0.0094    9399.039 gal
  HW_447               JUNCTION      0.00     0.00     0  00:00           0           0       0.000 gal
  Node_1447            JUNCTION      0.00     0.00     0  00:00           0           0       0.000 gal
  Node_17121706        JUNCTION      0.00     0.00     0  00:00           0           0       0.000 gal
  Node_1318            JUNCTION      0.00     0.00     0  00:00           0           0       0.000 gal
  Node_17131938        JUNCTION      0.00     0.00     0  00:00           0           0       0.000 gal
  Node_17131712        JUNCTION      0.00     0.00     0  00:00           0           0       0.000 gal
  Node_2434            JUNCTION      0.00     0.00     0  00:00           0           0       0.000 gal
  Node_17201714        JUNCTION      0.00     0.00     0  00:00           0           0       0.000 gal
  Node_3434            JUNCTION      0.00     0.00     0  00:00           0           0       0.000 gal
  Node_17141715        JUNCTION      0.00     0.00     0  00:00           0           0       0.000 gal
  Node_1509            JUNCTION      0.00     0.00     0  00:00           0           0       0.000 gal
  Node_17151716        JUNCTION      0.00     0.00     0  00:00           0           0       0.000 gal
  Node_3323            JUNCTION      0.00     0.00     0  00:00           0           0       0.000 gal
  Node_17161684        JUNCTION      0.00     0.00     0  00:00           0           0       0.000 gal
  Node_1362            JUNCTION      0.00     0.00     0  00:00           0           0       0.000 gal
  Node_17461878        JUNCTION      0.00     0.00     0  00:00           0           0       0.000 gal
  1383-12"             JUNCTION      0.00     0.00     0  00:00           0           0       0.000 gal
  HW_1450              JUNCTION      0.00     0.08     0  23:20           0      0.0414      76.180
  HW_347_2             JUNCTION      0.00     0.00     0  00:00           0           0       0.000 gal
  HW_346_2             JUNCTION      0.00     0.00     0  00:00           0           0    -100.000
  HW_348_2             JUNCTION      0.00     0.00     0  00:00           0           0    -100.000
  HW_307_2             JUNCTION      0.00     0.00     0  00:00           0           0    -100.000
  Node_8418            JUNCTION      0.00     0.00     0  00:00           0           0    -100.000
  Node_17672019        JUNCTION      0.00    10.00     0  00:00           0        6.46       0.000
  HW_4366              JUNCTION      0.00     0.00     0  00:00           0           0       0.000 gal
  2383-12"             JUNCTION      0.00     0.00     0  00:00           0           0       0.000 gal
  Node_2325            JUNCTION      0.00     0.00     0  00:00           0           0       0.000 gal
  Node_18781879        JUNCTION      0.00     0.00     0  00:00           0           0       0.000 gal
  Node_3039            JUNCTION      0.00     0.00     0  00:00           0           0       0.000 gal
  Node_1898748         JUNCTION      0.00     0.00     0  00:00           0           0       0.000 gal
  Node_2323            JUNCTION      0.00     0.00     0  00:00           0           0       0.000 gal
  Node_18791881        JUNCTION      0.00     0.00     0  00:00           0           0       0.000 gal
  Node_2322            JUNCTION      0.00     0.00     0  00:00           0           0       0.000 gal
  Node_18811882        JUNCTION      0.00     0.00     0  00:00           0           0       0.000 gal
  Node_2319            JUNCTION      0.00     0.00     0  00:00           0           0       0.000 gal
  Node_18821883        JUNCTION      0.00     0.00     0  00:00           0           0       0.000 gal
  Node_2317            JUNCTION      0.00     0.00     0  00:00           0           0       0.000 gal
  Node_18831884        JUNCTION      0.00     0.00     0  00:00           0           0       0.000 gal
  Node_2316            JUNCTION      0.00     0.00     0  00:00           0           0       0.000 gal
  Node_18841885        JUNCTION      0.00     0.00     0  00:00           0           0       0.000 gal
  HW_PK2097            JUNCTION      0.00    10.91     0  00:00           0     0.00248    2478.039 gal
  HW_PK2096            JUNCTION      0.00    11.08     0  00:00           0       0.016      38.010
  Node_3090            JUNCTION      0.00     0.00     0  00:00           0           0       0.000 gal
  Node_18871888        JUNCTION      0.00     0.00     0  00:00           0           0       0.000 gal
  Node_3089            JUNCTION      0.00     0.00     0  00:00           0           0       0.000 gal
  Node_18881889        JUNCTION      0.00     0.00     0  00:00           0           0       0.000 gal
  Node_3088            JUNCTION      0.00     0.00     0  00:00           0           0       0.000 gal
  Node_18891890        JUNCTION      0.00     0.00     0  00:00           0           0       0.000 gal
  Node_3063            JUNCTION      0.00     0.00     0  00:00           0           0       0.000 gal
  Node_18901891        JUNCTION      0.00     0.00     0  00:00           0           0       0.000 gal
  Node_3061            JUNCTION      0.00     0.00     0  00:00           0           0       0.000 gal
  Node_18911892        JUNCTION      0.00     0.00     0  00:00           0           0       0.000 gal
  Node_3047            JUNCTION      0.00     0.00     0  00:00           0           0       0.000 gal
  Node_18921893        JUNCTION      0.00     0.00     0  00:00           0           0       0.000 gal
  Node_3045            JUNCTION      0.00     0.00     0  00:00           0           0       0.000 gal
  Node_18931894        JUNCTION      0.00     0.00     0  00:00           0           0       0.000 gal
  Node_3044            JUNCTION      0.00     0.00     0  00:00           0           0       0.000 gal
  Node_18941895        JUNCTION      0.00     0.00     0  00:00           0           0       0.000 gal
  Node_3043            JUNCTION      0.00     0.00     0  00:00           0           0       0.000 gal
  Node_18951896        JUNCTION      0.00     0.00     0  00:00           0           0       0.000 gal
  Node_3041            JUNCTION      0.00     0.00     0  00:00           0           0       0.000 gal
  Node_18961897        JUNCTION      0.00     0.00     0  00:00           0           0       0.000 gal
  Node_3040            JUNCTION      0.00     0.00     0  00:00           0           0       0.000 gal
  Node_18971898        JUNCTION      0.00     0.00     0  00:00           0           0       0.000 gal
  HW_M6-AC36           JUNCTION      0.00     0.00     0  00:00           0           0       0.000 gal
  Node_19321933        JUNCTION      0.00     0.00     0  00:00           0           0       0.000 gal
  HW_M4-AC6            JUNCTION      0.00     0.00     0  00:00           0           0       0.000 gal
  Node_19351936        JUNCTION      0.00     0.00     0  00:00           0           0       0.000 gal
  HW_F1-AC24           JUNCTION      0.00     0.00     0  00:00           0           0       0.000 gal
  Node_19381939        JUNCTION      0.00     0.00     0  00:00           0           0       0.000 gal
  HW_K1-AC12           JUNCTION      0.00     0.00     0  00:00           0           0       0.000 gal
  Node_19411942        JUNCTION      0.00     0.00     0  00:00           0           0       0.000 gal
  HW_3371              JUNCTION      0.00     0.00     0  00:00           0           0       0.000 gal
  HW_M3-AC24           JUNCTION      0.00     0.00     0  00:00           0           0       0.000 gal
  Node_19481949        JUNCTION      0.00     0.00     0  00:00           0           0       0.000 gal
  HW_N4-AC6            JUNCTION      0.00     0.00     0  00:00           0           0       0.000 gal
  Node_19531954        JUNCTION      0.00     0.00     0  00:00           0           0       0.000 gal
  HW_P5-AC12           JUNCTION      0.00     0.00     0  00:00           0           0       0.000 gal
  Node_19561957        JUNCTION      0.00     0.00     0  00:00           0           0       0.000 gal
  HW_D2-AC16           JUNCTION      0.00     0.00     0  00:00           0           0       0.000 gal
  Node_19591960        JUNCTION      0.00     0.00     0  00:00           0           0       0.000 gal
  Node_2457            JUNCTION      0.00     0.00     0  00:00           0           0       0.000 gal
  Node_19601964        JUNCTION      0.00     0.00     0  00:00           0           0       0.000 gal
  Node_3457            JUNCTION      0.00     0.00     0  00:00           0           0       0.000 gal
  Node_19661938        JUNCTION      0.00     0.00     0  00:00           0           0       0.000 gal
  HW_C3-AC36           JUNCTION      0.00     0.00     0  00:00           0           0       0.000 gal
  Node_19681969        JUNCTION      0.00     0.00     0  00:00           0           0       0.000 gal
  Node_3392            JUNCTION      0.00     0.00     0  00:00           0           0       0.000 gal
  Node_19691971        JUNCTION      0.00     0.00     0  00:00           0           0       0.000 gal
  HW_C4-AC36           JUNCTION      0.00     0.00     0  00:00           0           0       0.000 gal
  Node_19711973        JUNCTION      0.00     0.00     0  00:00           0           0       0.000 gal
  HW_4392              JUNCTION      0.00     0.00     0  00:00           0           0       0.000 gal
  HW_D4-AC16           JUNCTION      0.00     0.00     0  00:00           0           0       0.000 gal
  Node_19771978        JUNCTION      0.00     0.00     0  00:00           0           0       0.000 gal
  HW_1311              JUNCTION      0.00     0.02     0  21:55           0      0.0102      33.711
  HW_E2-AC16           JUNCTION      0.00     0.00     0  00:00           0           0       0.000 gal
  Node_19641966        JUNCTION      0.00     0.00     0  00:00           0           0       0.000 gal
  HW_F1-AC24-1         JUNCTION      0.00     0.00     0  00:00           0           0       0.000 gal
  Node_19831984        JUNCTION      0.00     0.00     0  00:00           0           0       0.000 gal
  Node_1421            JUNCTION      0.00     0.00     0  00:00           0           0       0.000 gal
  Node_19841986        JUNCTION      0.00     0.00     0  00:00           0           0       0.000 gal
  HW_F1-AC16           JUNCTION      0.00     0.00     0  00:00           0           0       0.000 gal
  Node_19881989        JUNCTION      0.00     0.00     0  00:00           0           0       0.000 gal
  HW_349               JUNCTION      0.00     5.19     0  00:50           0        3.35       0.031
  HW_2349              JUNCTION      0.00     4.81     0  00:50           0        3.11       0.196
  HW_H1-AC16           JUNCTION      0.00     0.00     0  00:00           0           0       0.000 gal
  Node_19951996        JUNCTION      0.00     0.00     0  00:00           0           0       0.000 gal
  HW_4302              JUNCTION      0.00     0.08     1  00:00           0      0.0014    1402.146 gal
  Node_72              JUNCTION      0.00     0.00     0  00:00           0           0       0.000 gal
  Node_20002001        JUNCTION      0.00     0.00     0  00:00           0           0       0.000 gal
  Node_962             JUNCTION      0.00     0.00     0  00:00           0           0       0.000 gal
  Node_2001493         JUNCTION      0.00     0.00     0  00:00           0           0       0.000 gal
  Node_1766            JUNCTION      0.00     0.00     0  00:00           0           0       0.000 gal
  Node_20072008        JUNCTION      0.00     0.00     0  00:00           0           0       0.000 gal
  HW_3300              JUNCTION      0.00     0.00     0  00:00           0           0       0.000 gal
  HW_R7-AC24           JUNCTION      0.00     0.00     0  00:00           0           0       0.000 gal
  Node_20142015        JUNCTION      0.00     0.00     0  00:00           0           0       0.000 gal
  HW_PJM-44            JUNCTION      0.00     0.00     0  00:00           0           0       0.000 gal
  Node_20172014        JUNCTION      0.00     0.00     0  00:00           0           0       0.000 gal
  HW_418-1             JUNCTION      0.00     0.00     1  00:00           0    0.000355     355.092 gal
  HW_P6-AC36           JUNCTION      0.00     0.00     0  00:00           0           0       0.000 gal
  Node_20212022        JUNCTION      0.00     0.00     0  00:00           0           0       0.000 gal
  HW_418               JUNCTION      0.00     0.01     1  00:00           0     0.00421    4210.062 gal
  Node_1418            JUNCTION      0.00     0.00     0  00:00           0           0       0.000 gal
  Node_20221932        JUNCTION      0.00     0.00     0  00:00           0           0       0.000 gal
  HW_M6-AC42           JUNCTION      0.00     0.00     0  00:00           0           0       0.000 gal
  Node_20262027        JUNCTION      0.00     0.00     0  00:00           0           0       0.000 gal
  HW_M5-AC30           JUNCTION      0.00     0.00     0  00:00           0           0       0.000 gal
  Node_20292030        JUNCTION      0.00     0.00     0  00:00           0           0       0.000 gal
  HW_M5-AC42           JUNCTION      0.00     0.00     0  00:00           0           0       0.000 gal
  Node_20342035        JUNCTION      0.00     0.00     0  00:00           0           0       0.000 gal
  Node_4414            JUNCTION      0.00     0.00     0  00:00           0           0       0.000 gal
  Node_20302035        JUNCTION      0.00     0.00     0  00:00           0           0       0.000 gal
  Node_4187            JUNCTION      0.00     0.00     0  00:00           0           0       0.000 gal
  Node_20272034        JUNCTION      0.00     0.00     0  00:00           0           0       0.000 gal
  HW_M7-AC42           JUNCTION      0.00     0.00     0  00:00           0           0       0.000 gal
  Node_20442045        JUNCTION      0.00     0.00     0  00:00           0           0       0.000 gal
  Node_182             JUNCTION      0.00     0.00     0  00:00           0           0       0.000 gal
  Node_2045460         JUNCTION      0.00     0.00     0  00:00           0           0       0.000 gal
  HW_L3-AC10           JUNCTION      0.00     0.00     0  00:00           0           0       0.000 gal
  Node_20562057        JUNCTION      0.00     0.00     0  00:00           0           0       0.000 gal
  HW_4499              JUNCTION      0.00     3.55     1  00:00           0        1.54       0.061
  HW_306               JUNCTION      0.00     0.00     0  00:00           0           0       0.000 gal
  Node_2069516         JUNCTION      0.00     0.00     0  00:00           0           0       0.000 gal
  Node_8306            JUNCTION      0.00     0.00     0  00:00           0           0    -100.000
  Node_20712069        JUNCTION      0.00    10.00     0  00:00           0        6.46       0.000
  Node_8486            JUNCTION      0.00     0.00     0  00:00           0           0    -100.000
  Node_20852243        JUNCTION      0.00    10.00     0  00:00           0        6.46       0.000
  Node_1486            JUNCTION      0.00     0.00     0  00:00           0           0       0.000 gal
  Node_20862212        JUNCTION      0.00     0.00     0  00:00           0           0       0.000 gal
  Node_2465            JUNCTION      0.00     0.00     0  00:00           0           0       0.000 gal
  Node_20872088        JUNCTION      0.00     0.00     0  00:00           0           0       0.000 gal
  Node_8490            JUNCTION      0.00     0.00     0  00:00           0           0    -100.000
  Node_20902245        JUNCTION      0.00    10.00     0  00:00           0        6.46       0.000
  Node_1490            JUNCTION      0.00     0.00     0  00:00           0           0       0.000 gal
  Node_20912092        JUNCTION      0.00     0.00     0  00:00           0           0       0.000 gal
  Node_2490            JUNCTION      0.00     0.00     0  00:00           0           0       0.000 gal
  Node_20922093        JUNCTION      0.00     0.00     0  00:00           0           0       0.000 gal
  Node_8498            JUNCTION      0.00     0.00     0  00:00           0           0    -100.000
  Node_20942247        JUNCTION      0.00    10.00     0  00:00           0        6.46       0.000
  Node_1498            JUNCTION      0.00     0.00     0  00:00           0           0       0.000 gal
  Node_20952093        JUNCTION      0.00     0.00     0  00:00           0           0       0.000 gal
  Node_2498            JUNCTION      0.00     0.00     0  00:00           0           0       0.000 gal
  Node_20932096        JUNCTION      0.00     0.00     0  00:00           0           0       0.000 gal
  Node_3498            JUNCTION      0.00     0.00     0  00:00           0           0       0.000 gal
  Node_20962097        JUNCTION      0.00     0.00     0  00:00           0           0       0.000 gal
  Node_2390            JUNCTION      0.00     0.00     0  00:00           0           0       0.000 gal
  Node_20972098        JUNCTION      0.00     0.00     0  00:00           0           0       0.000 gal
  Node_2485            JUNCTION      0.00     0.00     0  00:00           0           0       0.000 gal
  Node_20882098        JUNCTION      0.00     0.00     0  00:00           0           0       0.000 gal
  Node_3485            JUNCTION      0.00     0.00     0  00:00           0           0       0.000 gal
  Node_20982099        JUNCTION      0.00     0.00     0  00:00           0           0       0.000 gal
  Node_8479            JUNCTION      0.00     0.00     0  00:00           0           0    -100.000
  Node_21002101        JUNCTION      0.00    10.00     0  00:00           0        6.46       0.000
  HW_479               JUNCTION      0.00     0.00     0  00:00           0           0       0.000 gal
  Node_2479            JUNCTION      0.00     0.00     0  00:00           0           0       0.000 gal
  Node_20992102        JUNCTION      0.00     0.00     0  00:00           0           0       0.000 gal
  Node_3479            JUNCTION      0.00     0.00     0  00:00           0           0       0.000 gal
  Node_21022103        JUNCTION      0.00     0.00     0  00:00           0           0       0.000 gal
  Node_8476            JUNCTION      0.00     0.00     0  00:00           0           0    -100.000
  Node_21042105        JUNCTION      0.00    10.00     0  00:00           0        6.46       0.000
  Node_1476            JUNCTION      0.00     0.00     0  00:00           0           0       0.000 gal
  Node_22392106        JUNCTION      0.00     0.00     0  00:00           0           0       0.000 gal
  Node_8410            JUNCTION      0.00     0.00     0  00:00           0           0    -100.000
  Node_21072108        JUNCTION      0.00    10.00     0  00:00           0        6.46       0.000
  HW_410               JUNCTION      0.00     0.21     1  00:00           0       0.118       0.524
  Node_2410            JUNCTION      0.00     0.00     0  00:00           0           0       0.000 gal
  Node_21092110        JUNCTION      0.00     0.00     0  00:00           0           0       0.000 gal
  Node_8408            JUNCTION      0.00     0.00     0  00:00           0           0    -100.000
  Node_22322111        JUNCTION      0.00    10.00     0  00:00           0        6.46       0.000
  HW_408               JUNCTION      0.00     0.00     0  00:00           0           0       0.000 gal
  Node_8485            JUNCTION      0.00     0.00     0  00:00           0           0    -100.000
  Node_20892241        JUNCTION      0.00    10.00     0  00:00           0        6.46       0.000
  Node_1485            JUNCTION      0.00     0.00     0  00:00           0           0       0.000 gal
  Node_21122088        JUNCTION      0.00     0.00     0  00:00           0           0       0.000 gal
  Node_2408            JUNCTION      0.00     0.00     0  00:00           0           0       0.000 gal
  Node_21102132        JUNCTION      0.00     0.00     0  00:00           0           0       0.000 gal
  Node_2436            JUNCTION      0.00     0.00     0  00:00           0           0       0.000 gal
  Node_21132114        JUNCTION      0.00     0.00     0  00:00           0           0       0.000 gal
  Node_2431            JUNCTION      0.00     0.00     0  00:00           0           0       0.000 gal
  Node_21142115        JUNCTION      0.00     0.00     0  00:00           0           0       0.000 gal
  Node_8431            JUNCTION      0.00     0.00     0  00:00           0           0    -100.000
  Node_21162117        JUNCTION      0.00    10.00     0  00:00           0        6.46       0.000
  HW_431               JUNCTION      0.00     0.00     0  00:00           0           0       0.000 gal
  Node_8436            JUNCTION      0.00     0.00     0  00:00           0           0    -100.000
  Node_21182119        JUNCTION      0.00    10.00     0  00:00           0        6.46       0.000
  HW_436               JUNCTION      0.00     0.00     0  00:00           0           0       0.000 gal
  Node_8430            JUNCTION      0.00     0.00     0  00:00           0           0    -100.000
  Node_21202121        JUNCTION      0.00    10.00     0  00:00           0        6.46       0.000
  HW_430               JUNCTION      0.00     0.00     0  00:00           0           0       0.000 gal
  Node_2430            JUNCTION      0.00     0.00     0  00:00           0           0       0.000 gal
  Node_21152122        JUNCTION      0.00     0.00     0  00:00           0           0       0.000 gal
  Node_2437            JUNCTION      0.00     0.00     0  00:00           0           0       0.000 gal
  Node_21222123        JUNCTION      0.00     0.00     0  00:00           0           0       0.000 gal
  Node_8437            JUNCTION      0.00     0.00     0  00:00           0           0    -100.000
  Node_21242221        JUNCTION      0.00    10.00     0  00:00           0        6.46       0.000
  Node_1437            JUNCTION      0.00     0.00     0  00:00           0           0       0.000 gal
  Node_21252122        JUNCTION      0.00     0.00     0  00:00           0           0       0.000 gal
  Node_3437            JUNCTION      0.00     0.00     0  00:00           0           0       0.000 gal
  Node_21232126        JUNCTION      0.00     0.00     0  00:00           0           0       0.000 gal
  Node_5437            JUNCTION      0.00     0.00     0  00:00           0           0       0.000 gal
  Node_21272103        JUNCTION      0.00     0.00     0  00:00           0           0       0.000 gal
  406-a                JUNCTION      0.00     0.12     0  21:35           0       0.057       9.990
  Node_2476            JUNCTION      0.00     0.00     0  00:00           0           0       0.000 gal
  Node_21062103        JUNCTION      0.00     0.00     0  00:00           0           0       0.000 gal
  Node_4413            JUNCTION      0.00     0.00     0  00:00           0           0       0.000 gal
  Node_21272129        JUNCTION      0.00     0.00     0  00:00           0           0       0.000 gal
  Node_3413            JUNCTION      0.00     0.00     0  00:00           0           0       0.000 gal
  Node_21292132        JUNCTION      0.00     0.00     0  00:00           0           0       0.000 gal
  Node_8413            JUNCTION      0.00     0.00     0  00:00           0           0    -100.000
  Node_21302131        JUNCTION      0.00    10.00     0  00:00           0        6.46       0.000
  HW_413               JUNCTION      0.00     0.69     0  23:56           0       0.436       0.139
  Node_8390            JUNCTION      0.00     0.00     0  00:00           0           0    -100.000
  Node_21332134        JUNCTION      0.00    10.00     0  00:00           0        6.46       0.000
  HW_390               JUNCTION      0.00     0.01     1  00:00           0      0.0031      42.151
  Node_8483            JUNCTION      0.00     0.00     0  00:00           0           0    -100.000
  Node_21352230        JUNCTION      0.00    10.00     0  00:00           0        6.46       0.000
  Node_2483            JUNCTION      0.00     0.00     0  00:00           0           0       0.000 gal
  Node_21362137        JUNCTION      0.00     0.00     0  00:00           0           0       0.000 gal
  HW_428               JUNCTION      0.00     0.00     0  00:00           0           0       0.000 gal
  Node_2429            JUNCTION      0.00     0.00     0  00:00           0           0       0.000 gal
  Node_21392137        JUNCTION      0.00     0.00     0  00:00           0           0       0.000 gal
  Node_8429            JUNCTION      0.00     0.00     0  00:00           0           0    -100.000
  Node_21402141        JUNCTION      0.00    10.00     0  00:00           0        6.46       0.000
  HW_429               JUNCTION      0.00     0.00     0  00:00           0           0       0.000 gal
  Node_3429            JUNCTION      0.00     0.00     0  00:00           0           0       0.000 gal
  Node_21372123        JUNCTION      0.00     0.00     0  00:00           0           0       0.000 gal
  Node_1404            JUNCTION      0.00     0.00     0  00:00           0           0       0.000 gal
  Node_21432109        JUNCTION      0.00     0.00     0  00:00           0           0       0.000 gal
  Node_8428            JUNCTION      0.00     0.00     0  00:00           0           0    -100.000
  Node_21442138        JUNCTION      0.00    10.00     0  00:00           0        6.46       0.000
  HW_4408              JUNCTION      0.00     0.00     0  00:00           0           0       0.000 gal
  Node_8465            JUNCTION      0.00     0.00     0  00:00           0           0    -100.000
  Node_21452146        JUNCTION      0.00    10.00     0  00:00           0        6.46       0.000
  HW_465               JUNCTION      0.00     0.00     0  00:00           0           0       0.000 gal
  Node_81305           JUNCTION      0.00     0.00     0  00:00           0           0    -100.000
  Node_22092210        JUNCTION      0.00    10.00     0  00:00           0        6.46       0.000
  Node_1305            JUNCTION      0.00     0.00     0  00:00           0           0       0.000 gal
  Node_22102212        JUNCTION      0.00     0.00     0  00:00           0           0       0.000 gal
  Node_11305           JUNCTION      0.00     0.00     0  00:00           0           0       0.000 gal
  Node_22122087        JUNCTION      0.00     0.00     0  00:00           0           0       0.000 gal
  Node_8406            JUNCTION      0.00     0.00     0  00:00           0           0    -100.000
  Node_22152128        JUNCTION      0.00    10.00     0  00:00           0        6.46       0.000
  HW_NL436             JUNCTION      0.00     0.00     0  00:00           0           0       0.000 gal
  HW_409               JUNCTION      0.00     0.30     0  23:58           0       0.184       0.486
  Node_1409            JUNCTION      0.00     0.00     0  00:00           0           0       0.000 gal
  Node_22182109        JUNCTION      0.00     0.00     0  00:00           0           0       0.000 gal
  HW_437               JUNCTION      0.00     0.00     0  00:00           0           0       0.000 gal
  Node_4437            JUNCTION      0.00     0.00     0  00:00           0           0       0.000 gal
  Node_21262127        JUNCTION      0.00     0.00     0  00:00           0           0       0.000 gal
  Node_3476            JUNCTION      0.00     0.00     0  00:00           0           0       0.000 gal
  Node_21032132        JUNCTION      0.00     0.00     0  00:00           0           0       0.000 gal
  Node_8403            JUNCTION      0.00     0.00     0  00:00           0           0    -100.000
  Node_22622226        JUNCTION      0.00    10.00     0  00:00           0        6.46       0.000
  HW_403               JUNCTION      0.00     0.00     0  00:00           0           0       0.000 gal
  HW_483               JUNCTION      0.00     0.66     0  23:52           0       0.294       0.244
  Node_8409            JUNCTION      0.00     0.00     0  00:00           0           0    -100.000
  Node_22332229        JUNCTION      0.00    10.00     0  00:00           0        6.46       0.000
  Node_1428            JUNCTION      0.00     0.00     0  00:00           0           0       0.000 gal
  Node_22352139        JUNCTION      0.00     0.00     0  00:00           0           0       0.000 gal
  HW_1431              JUNCTION      0.00     0.02     1  00:00           0     0.00318      49.699
  HW_476               JUNCTION      0.00     0.00     0  00:00           0           0       0.000 gal
  HW_485               JUNCTION      0.00     0.32     1  00:00           0      0.0454       1.355
  HW_486               JUNCTION      0.00     0.00     0  00:00           0           0       0.000 gal
  HW_490               JUNCTION      0.00     0.29     1  00:00           0       0.026       1.990
  HW_498               JUNCTION      0.00     0.35     1  00:00           0      0.0479       1.061
  Node_8407            JUNCTION      0.00     0.00     0  00:00           0           0    -100.000
  Node_22512252        JUNCTION      0.00    10.00     0  00:00           0        6.46       0.000
  HW_407               JUNCTION      0.00     0.04     0  21:44           0      0.0173       4.310
  Node_2407            JUNCTION      0.00     0.00     0  00:00           0           0       0.000 gal
  Node_22532232        JUNCTION      0.00     0.00     0  00:00           0           0       0.000 gal
  J488                 OUTFALL       0.00     0.00     0  00:00           0           0       0.000 gal
  S349                 STORAGE       0.00     0.00     0  00:00           0           0       0.000 gal
  S449                 STORAGE       0.00     0.00     0  00:00           0           0       0.000 gal
  S448                 STORAGE       0.00     0.00     0  00:00           0           0       0.000 gal
  S446                 STORAGE       0.00     0.00     0  00:00           0           0       0.000 gal
  S421                 STORAGE       0.00     0.10     0  00:46           0     0.00149      10.388
  S447                 STORAGE       0.00     0.00     0  00:00           0           0       0.000 gal
  S457                 STORAGE       0.00     0.00     0  00:00           0           0       0.000 gal
  S455                 STORAGE       0.00     0.00     0  00:00           0           0       0.000 gal
  S454                 STORAGE       0.00     0.00     0  00:00           0           0       0.000 gal
  S318                 STORAGE       0.00     0.00     0  00:00           0           0       0.000 gal
  S411                 STORAGE       0.00     0.00     0  00:00           0           0       0.000 gal
  S412                 STORAGE       0.00     0.00     0  00:00           0           0       0.000 gal
  S450                 STORAGE       0.00     0.00     0  00:00           0           0       0.000 gal
  S460                 STORAGE       0.00     0.00     0  00:00           0           0       0.000 gal
  J2460                STORAGE       0.00     0.00     0  00:00           0           0       0.000 gal
  S459                 STORAGE       0.00     0.00     0  00:00           0           0       0.000 gal
  S473                 STORAGE       0.00     0.00     0  00:00           0           0       0.000 gal
  S350                 STORAGE       0.00     0.00     0  00:00           0           0       0.000 gal
  J2350                STORAGE       0.00     0.00     0  00:00           0           0       0.000 gal
  J3350                STORAGE       0.00     0.00     0  00:00           0           0       0.000 gal
  S456                 STORAGE       0.00     0.00     0  00:00           0           0       0.000 gal
  J2456                STORAGE       0.00     0.00     0  00:00           0           0       0.000 gal
  J3456                STORAGE       0.00     0.00     0  00:00           0           0       0.000 gal
  S458                 STORAGE       0.00     0.00     0  00:00           0           0       0.000 gal
  J4456                STORAGE       0.00     0.00     0  00:00           0           0       0.000 gal
  S453                 STORAGE       0.00     0.00     0  00:00           0           0       0.000 gal
  J2453                STORAGE       0.00     0.00     0  00:00           0           0       0.000 gal
  S452                 STORAGE       0.00     0.00     0  00:00           0           0       0.000 gal
  J2452                STORAGE       0.00     0.00     0  00:00           0           0       0.000 gal
  J3452                STORAGE       0.00     0.00     0  00:00           0           0       0.000 gal
  S451                 STORAGE       0.00     0.00     0  00:00           0           0       0.000 gal
  J2451                STORAGE       0.00     0.00     0  00:00           0           0       0.000 gal
  J4350                STORAGE       0.00     0.00     0  00:00           0           0       0.000 gal
  S372                 STORAGE       0.00     0.00     0  00:00           0           0       0.000 gal
  J2372                STORAGE       0.00     0.00     0  00:00           0           0       0.000 gal
  S371                 STORAGE       0.00     0.00     0  00:00           0           0       0.000 gal
  S441                 STORAGE       0.00     0.00     0  00:00           0           0       0.000 gal
  S440                 STORAGE       0.00     0.00     0  00:00           0           0       0.000 gal
  S442                 STORAGE       0.00     0.00     0  00:00           0           0       0.000 gal
  J4443                STORAGE       0.00     0.10     1  00:00           0      0.0481       1.342
  S303                 STORAGE       0.00     0.00     0  00:00           0           0       0.000 gal
  S302                 STORAGE       0.00     0.00     0  00:00           0           0       0.000 gal
  S445                 STORAGE       0.00     0.00     0  00:00           0           0       0.000 gal
  S443                 STORAGE       0.00     0.00     0  00:00           0           0       0.000 gal
  S444                 STORAGE       0.00     0.00     0  00:00           0           0       0.000 gal
  S422                 STORAGE       0.00     0.10     1  00:00           0       0.041       3.262
  S470                 STORAGE       0.00     0.00     0  00:00           0           0       0.000 gal
  S471                 STORAGE       0.00     0.00     0  00:00           0           0       0.000 gal
  S472                 STORAGE       0.00     0.00     0  00:00           0           0       0.000 gal
  S474                 STORAGE       0.00     0.00     0  00:00           0           0       0.000 gal
  S499                 STORAGE       0.00     0.00     0  00:00           0           0       0.000 gal
  S469                 STORAGE       0.00     0.00     0  00:00           0           0       0.000 gal
  S468                 STORAGE       0.00     0.00     0  00:00           0           0       0.000 gal
  S426                 STORAGE       0.00     0.00     1  00:00           0     0.00113       0.001
  S467                 STORAGE       0.00     0.00     0  00:00           0           0       0.000 gal
  S466                 STORAGE       0.00     0.00     0  00:00           0           0       0.000 gal
  S493                 STORAGE       0.00     0.00     0  00:00           0           0       0.000 gal
  S315                 STORAGE       0.00     0.00     0  00:00           0           0       0.000 gal
  J6315                STORAGE       0.00     6.42     0  00:21           0         2.7       0.919
  S317                 STORAGE       0.00    10.00     0  00:00           0        6.46       0.000
  J2317                STORAGE       0.00     0.00     0  00:00           0           0       0.000 gal
  J3317                STORAGE       0.00     0.00     0  00:00           0           0       0.000 gal
  J4317                STORAGE       0.00     0.00     0  00:00           0           0       0.000 gal
  J5317                STORAGE       0.00     0.26     0  02:20           0     0.00523    3097.251
  J5316                STORAGE       0.00     4.10     0  10:47           0        2.38       1.534
  S301                 STORAGE       0.00     4.10     0  12:37           0        2.34       0.000
  S316                 STORAGE       0.00     0.00     0  00:00           0           0       0.000 gal
  J2316                STORAGE       0.00     5.57     0  00:18           0        2.63       3.448
  J7315                STORAGE       0.00     6.07     0  00:21           0        2.67       1.378
  J3316                STORAGE       0.00     4.16     0  01:50           0        2.54       2.328
  J4316                STORAGE       0.00     4.10     0  14:44           0        2.49       4.307
  S491                 STORAGE       0.00     0.00     0  00:00           0           0       0.000 gal
  S494                 STORAGE       0.00     0.00     0  00:00           0           0       0.000 gal
  S492                 STORAGE       0.00     0.00     0  00:00           0           0       0.000 gal
  S495                 STORAGE       0.00     0.00     0  00:00           0           0       0.000 gal
  J5315                STORAGE       0.00     8.02     0  00:03           0        2.74       1.446
  J4315                STORAGE       0.00    11.28     0  00:00           0        2.75       0.298
  J2493                STORAGE       0.00     0.00     0  00:00           0           0       0.000 gal
  S475                 STORAGE       0.00     0.00     0  00:00           0           0       0.000 gal
  S464                 STORAGE       0.00     0.00     0  00:00           0           0       0.000 gal
  S344                 STORAGE       0.00     0.00     0  00:00           0           0       0.000 gal
  S342                 STORAGE       0.00     0.00     0  00:00           0           0       0.000 gal
  S343                 STORAGE       0.00     0.00     0  00:00           0           0       0.000 gal
  S482                 STORAGE       0.00     0.00     0  00:00           0           0       0.000 gal
  S480                 STORAGE       0.00     0.00     0  00:00           0           0       0.000 gal
  S324                 STORAGE       0.00     0.00     0  00:00           0           0       0.000 gal
  S478                 STORAGE       0.00     0.00     0  00:00           0           0       0.000 gal
  S438                 STORAGE       0.00     0.00     0  00:00           0           0       0.000 gal
  S321                 STORAGE       0.00     0.00     0  00:00           0           0       0.000 gal
  S435                 STORAGE       0.00     0.00     0  00:00           0           0       0.000 gal
  S439                 STORAGE       0.00     0.00     0  00:00           0           0       0.000 gal
  S425                 STORAGE       0.00    10.00     0  00:00           0        6.46       0.114
  S424                 STORAGE       0.00     0.00     0  00:00           0           0       0.000 gal
  S396                 STORAGE       0.00     0.00     0  00:00           0           0       0.000 gal
  S402                 STORAGE       0.00     0.00     0  00:00           0           0       0.000 gal
  S398                 STORAGE       0.00     0.00     0  00:00           0           0       0.000 gal
  J2398                STORAGE       0.00     0.00     0  00:00           0           0       0.000 gal
  S400                 STORAGE       0.00     0.00     0  00:00           0           0       0.000 gal
  S399                 STORAGE       0.00     0.00     0  00:00           0           0       0.000 gal
  S423                 STORAGE       0.00     0.04     1  00:00           0      0.0182       0.000
  S432                 STORAGE       0.00     0.00     0  00:00           0           0       0.000 gal
  J3395                STORAGE       0.00     0.00     0  00:00           0           0       0.000 gal
  S395                 STORAGE       0.00     0.00     0  00:00           0           0       0.000 gal
  J2395                STORAGE       0.00     0.00     0  00:00           0           0       0.000 gal
  J4395                STORAGE       0.00     0.03     0  23:20           0      0.0178      10.544
  S322                 STORAGE       0.00     0.00     0  00:00           0           0       0.000 gal
  S394                 STORAGE       0.00     0.00     0  00:00           0           0       0.000 gal
  423-1                STORAGE       0.00     0.04     1  00:00           0      0.0183       0.645
  S397                 STORAGE       0.00     0.00     0  00:00           0           0       0.000 gal
  S488                 STORAGE       0.00     0.00     0  00:00           0           0       0.000 gal
  S386                 STORAGE       0.00     0.00     0  00:00           0           0       0.000 gal
  S345                 STORAGE       0.00     0.00     0  00:00           0           0       0.000 gal
  M-11                 STORAGE       0.00     0.00     0  00:00           0    0.000209       0.000
  S497                 STORAGE       0.00     0.00     0  00:00           0           0       0.000 gal
  S496                 STORAGE       0.00     0.00     0  00:00           0           0       0.000 gal
  S387                 STORAGE       0.00     0.00     0  00:00           0           0       0.000 gal
  S300                 STORAGE       0.00     0.00     0  00:00           0           0       0.000 gal
  S962                 STORAGE       0.00     0.00     0  00:00           0           0       0.000 gal
  S462                 STORAGE       0.00     0.00     0  00:00           0           0       0.000 gal
  S319                 STORAGE       0.00     0.00     0  00:00           0           0       0.000 gal
  S417                 STORAGE       0.00     3.88     0  00:00           0     0.00968       0.000
  S416                 STORAGE       0.00     0.00     0  00:00           0           0       0.000 gal
  S415                 STORAGE       0.00     0.00     0  00:00           0           0       0.000 gal
  M-22                 STORAGE       4.44     4.44     0  00:00        2.87        2.87       0.044
  S310                 STORAGE       0.00     0.00     0  00:00           0           0       0.000 gal
  S311                 STORAGE       0.00     0.00     0  00:00           0           0       0.000 gal
  S314                 STORAGE       0.00     0.00     0  00:00           0           0       0.000 gal
  J2314                STORAGE       0.00     0.00     0  00:00           0           0       0.000 gal
  J4314                STORAGE       0.00     0.00     0  00:00           0           0       0.000 gal
  J5314                STORAGE       0.00     0.00     0  00:00           0           0       0.000 gal
  J6314                STORAGE       0.00     0.00     0  00:00           0           0       0.000 gal
  J9314                STORAGE       0.00     0.00     0  00:00           0           0       0.000 gal
  S312                 STORAGE       0.00     0.00     0  00:00           0           0       0.000 gal
  J2312                STORAGE       0.00     0.00     0  00:00           0           0       0.000 gal
  S313                 STORAGE       0.00     0.00     0  00:00           0           0       0.000 gal
  J2313                STORAGE       0.00     0.00     0  00:00           0           0       0.000 gal
  J3312                STORAGE       0.00     0.00     0  00:00           0           0       0.000 gal
  J3314                STORAGE       0.00     0.00     0  00:00           0           0       0.000 gal
  M-12                 STORAGE       0.00     0.00     0  00:00           0     0.00748       0.000
  S401                 STORAGE       0.00     0.00     0  00:00           0           0       0.000 gal
  S309                 STORAGE       0.00     0.00     0  00:00           0           0       0.000 gal
  J2309                STORAGE       0.00     0.00     0  00:00           0     0.00014       0.000
  S308                 STORAGE       0.00     0.00     0  00:00           0           0       0.000 gal
  S323                 STORAGE       0.00     0.00     0  00:00           0           0       0.000 gal
  S327                 STORAGE       0.00     0.00     0  00:00           0           0       0.000 gal
  S328                 STORAGE       0.00     0.00     0  00:00           0           0       0.000 gal
  S481                 STORAGE       0.00     0.00     0  00:00           0           0       0.000 gal
  S326                 STORAGE       0.00     0.00     0  00:00           0           0       0.000 gal
  S325                 STORAGE       0.00     0.00     0  00:00           0           0       0.000 gal
  J2325                STORAGE       0.00     0.00     0  00:00           0           0       0.000 gal
  J3325                STORAGE       0.00     0.00     0  00:00           0           0       0.000 gal
  S334                 STORAGE       0.00     0.00     0  00:00           0           0       0.000 gal
  S338                 STORAGE       0.00     0.00     0  00:00           0           0       0.000 gal
  J3338                STORAGE       0.00     0.00     0  00:00           0           0       0.000 gal
  S333                 STORAGE       0.00     0.00     0  00:00           0           0       0.000 gal
  S434                 STORAGE       0.00     0.00     0  00:00           0           0       0.000 gal
  S339                 STORAGE       0.00     0.00     0  00:00           0           0       0.000 gal
  J2329                STORAGE       0.00     0.09     0  02:11           0     0.00595      58.004
  S335                 STORAGE       0.00    26.04     0  00:00           0     0.00621      -1.299
  S341                 STORAGE       0.00     0.00     0  00:00           0           0       0.000 gal
  S433                 STORAGE       0.00     0.00     0  00:00           0           0       0.000 gal
  S337                 STORAGE       0.00     0.00     0  00:00           0           0       0.000 gal
  S487                 STORAGE       0.00     0.00     0  00:00           0           0       0.000 gal
  S332                 STORAGE       0.00     0.00     0  00:00           0           0       0.000 gal
  S329                 STORAGE       0.00     0.00     0  00:00           0           0       0.000 gal
  J4338                STORAGE       0.00     0.00     0  00:00           0           0       0.000 gal
  J5338                STORAGE       0.00     0.00     0  00:00           0           0       0.000 gal
  S336                 STORAGE       0.00     0.00     0  00:00           0           0       0.000 gal
  J3336                STORAGE       0.00     0.00     0  00:00           0           0       0.000 gal
  J4336                STORAGE       0.00     0.00     0  00:00           0     0.00035     -94.369
  S370                 STORAGE       0.00     0.00     0  00:00           0           0       0.000 gal
  J415-US              STORAGE       0.00     0.00     0  00:00           0           0       0.000 gal
  S364                 STORAGE       0.00     0.00     0  00:00           0           0       0.000 gal
  S365                 STORAGE       0.00     0.00     0  00:00           0           0       0.000 gal
  S369                 STORAGE       0.00     0.00     0  00:00           0           0       0.000 gal
  S385                 STORAGE       0.00     0.00     0  00:00           0           0       0.000 gal
  S419                 STORAGE       0.00     0.00     0  00:00           0           0       0.000 gal
  S373                 STORAGE       0.00     0.00     0  00:00           0           0       0.000 gal
  S374                 STORAGE       0.00     0.00     0  00:00           0           0       0.000 gal
  S368                 STORAGE       0.00     0.00     0  00:00           0           0       0.000 gal
  S366                 STORAGE       0.00     0.00     0  00:00           0           0       0.000 gal
  S377                 STORAGE       0.00     0.00     0  00:00           0           0       0.000 gal
  S356                 STORAGE       0.00     0.00     0  00:00           0           0       0.000 gal
  S489                 STORAGE       0.00     0.00     0  00:00           0           0       0.000 gal
  J489                 STORAGE       0.00     0.00     0  00:00           0     0.00014       0.000
  S461                 STORAGE       0.00     0.00     0  00:00           0           0       0.000 gal
  S362                 STORAGE       0.00     0.00     0  00:00           0           0       0.000 gal
  S375                 STORAGE       0.00     0.00     0  00:00           0           0       0.000 gal
  S427                 STORAGE       0.00     0.00     0  00:00           0           0       0.000 gal
  S376                 STORAGE       0.00     0.00     0  00:00           0           0       0.000 gal
  J2376                STORAGE       0.00     0.00     0  00:00           0           0       0.000 gal
  S363                 STORAGE       0.00     0.00     0  00:00           0           0       0.000 gal
  S367                 STORAGE       0.00     0.00     0  00:00           0           0       0.000 gal
  J2367                STORAGE       0.00     0.00     0  00:00           0           0       0.000 gal
  S359                 STORAGE       0.00     0.00     0  00:00           0           0       0.000 gal
  J2359                STORAGE       0.00     0.46     0  00:06           0     0.00244     272.347
  S354                 STORAGE       0.00     0.00     0  00:00           0           0       0.000 gal
  S353                 STORAGE       0.00     0.00     0  00:00           0           0       0.000 gal
  S352                 STORAGE       0.00     0.00     0  00:00           0           0       0.000 gal
  S358                 STORAGE       0.00     0.00     0  00:00           0           0       0.000 gal
  S351                 STORAGE       0.00     0.00     0  00:00           0           0       0.000 gal
  J2351                STORAGE       0.00     0.00     0  00:00           0           0       0.000 gal
  S361                 STORAGE       0.00     0.00     0  00:00           0           0       0.000 gal
  J2361                STORAGE       0.00     0.00     0  00:00           0           0       0.000 gal
  S360                 STORAGE       0.00     0.00     0  00:00           0           0       0.000 gal
  S355                 STORAGE       0.00     0.00     0  00:00           0           0       0.000 gal
  J2355                STORAGE       0.00     0.00     0  00:00           0           0       0.000 gal
  S357                 STORAGE       0.00     0.00     0  00:00           0           0       0.000 gal
  J3353                STORAGE       0.00     0.00     0  00:00           0           0       0.000 gal
  S389                 STORAGE       0.00     0.00     0  00:00           0           0       0.000 gal
  J3376                STORAGE       0.00     0.00     0  00:00           0           0       0.000 gal
  J2363                STORAGE       0.00     0.00     0  00:00           0           0       0.000 gal
  J4351                STORAGE       0.00     0.00     0  00:00           0           0       0.000 gal
  J3351                STORAGE       0.00     0.00     0  00:00           0           0       0.000 gal
  S378                 STORAGE       0.00     0.00     0  00:00           0           0       0.000 gal
  J2358                STORAGE       0.00     0.00     0  00:00           0           0       0.000 gal
  J2378                STORAGE       0.00     0.00     0  00:00           0           0       0.000 gal
  S404                 STORAGE       0.00     0.00     0  00:00           0           0       0.000 gal
  S405                 STORAGE       0.00     0.00     0  00:00           0           0       0.000 gal
  J2405                STORAGE       0.00     0.00     0  00:00           0           0       0.000 gal
  S380                 STORAGE       0.00     0.00     0  00:00           0           0       0.000 gal
  J4380                STORAGE       0.00     0.00     0  00:00           0           0       0.000 gal
  S381                 STORAGE       0.00     0.00     0  00:00           0           0       0.000 gal
  J2381                STORAGE       0.00     0.00     0  00:00           0           0       0.000 gal
  S484                 STORAGE       0.00     0.00     0  00:00           0           0       0.000 gal
  S382                 STORAGE       0.00     0.00     0  00:00           0           0       0.000 gal
  J2382                STORAGE       0.00     0.00     0  00:00           0           0       0.000 gal
  S391                 STORAGE       0.00     0.00     0  00:00           0           0       0.000 gal
  S463                 STORAGE       0.00     0.00     0  00:00           0           0       0.000 gal
  S383                 STORAGE       0.00     0.00     0  00:00           0           0       0.000 gal
  S379                 STORAGE       0.00     0.00     0  00:00           0           0       0.000 gal
  J2379                STORAGE       0.00     0.00     0  00:00           0           0       0.000 gal
  S477                 STORAGE       0.00     0.00     0  00:00           0           0       0.000 gal
  J3379                STORAGE       0.00     0.05     0  00:51           0     0.00106     -93.277
  J3380                STORAGE       0.00     0.00     0  00:00           0           0       0.000 gal
  J3382                STORAGE       0.00     0.00     0  00:00           0           0       0.000 gal
  J4482                STORAGE       0.00     0.67     0  00:01           0     0.00593     558.955
  S384                 STORAGE       0.00     0.00     0  00:00           0           0       0.000 gal
  S1301                STORAGE       0.00     0.00     0  00:00           0           0       0.000 gal
  S420                 STORAGE       0.00     0.00     0  00:00           0           0       0.000 gal
  S305                 STORAGE       0.00     0.00     0  00:00           0           0       0.000 gal
  S388                 STORAGE       0.00     0.00     0  00:00           0           0       0.000 gal
  S304                 STORAGE       0.00     0.00     0  00:00           0           0       0.000 gal
  S192                 STORAGE       0.00     0.00     0  00:00           0           0       0.000 gal
  S22                  STORAGE       0.00     0.00     0  00:00           0           0       0.000 gal
  S19                  STORAGE       0.00     0.06     0  19:22           0      0.0366       0.000
  S330                 STORAGE       0.00     0.00     0  00:00           0           0       0.000 gal
  S331                 STORAGE       0.00     0.00     0  00:00           0           0       0.000 gal
  S182                 STORAGE       0.00     0.00     0  00:00           0           0       0.000 gal
  S393                 STORAGE       0.00     0.00     0  00:00           0           0       0.000 gal
  J2393                STORAGE       0.00     0.00     0  00:00           0           0       0.000 gal
  S392                 STORAGE       0.00     0.00     0  00:00           0           0       0.000 gal
  S320                 STORAGE       0.00     0.00     0  00:00           0           0       0.000 gal
  S1310                STORAGE       0.00     0.00     0  00:00           0           0       0.000 gal
  S347                 STORAGE       0.00     0.00     0  00:00           0           0       0.000 gal
  S346                 STORAGE       0.00     0.00     0  00:00           0           0       0.000 gal
  S348                 STORAGE       0.00     0.00     0  00:00           0           0       0.000 gal
  S307                 STORAGE       0.00     0.00     0  00:00           0           0       0.000 gal
  S418                 STORAGE       0.00     0.00     0  00:00           0           0       0.000 gal
  J3383                STORAGE       0.00     0.00     0  00:00           0           0       0.000 gal
  L2325                STORAGE       0.00     0.00     0  00:00           0    0.000367       0.000
  L2322                STORAGE       0.00     0.00     0  00:00           0    0.000367       0.000
  K2097                STORAGE       0.00     0.00     0  00:00           0    0.000367       0.000
  K3090                STORAGE       0.00     0.05     0  00:19           0    0.000775     -69.363
  K3063                STORAGE       0.00     0.00     0  00:00           0    0.000471       0.000
  K3047                STORAGE       0.00     0.00     0  00:00           0    0.000471       0.000
  K3039                STORAGE       0.00     0.00     0  00:00           0    0.000576       0.000
  J2357                STORAGE       0.00     0.00     0  00:00           0           0       0.000 gal
  S486                 STORAGE       0.00     0.00     0  00:00           0           0       0.000 gal
  J1486                STORAGE       0.00     0.00     0  00:00           0    5.01e-06       0.000 gal
  J2465                STORAGE       0.00     0.00     0  00:00           0    7.48e-07       0.000 gal
  J2485                STORAGE       0.00     0.00     0  00:00           0    7.48e-07       0.000 gal
  S485                 STORAGE       0.00     0.00     0  00:00           0           0       0.000 gal
  S490                 STORAGE       0.00     0.00     0  00:00           0     0.00105       0.000
  J1490                STORAGE       0.00     0.00     0  00:00           0    3.74e-06       0.000 gal
  J2490                STORAGE       0.00     0.00     0  00:00           0    5.01e-07       0.000 gal
  J2498                STORAGE       0.00     0.00     0  00:00           0    7.48e-07       0.000 gal
  S498                 STORAGE       0.00     0.00     0  00:00           0           0       0.000 gal
  J1498                STORAGE       0.00     0.00     0  00:00           0    3.74e-06       0.000 gal
  J3498-P              STORAGE       0.02     0.02     0  00:00      0.0136      0.0136     -15.242
  J2390                STORAGE       0.00     0.00     0  00:00           0    7.48e-07     -99.970
  J3485                STORAGE       0.00     0.00     0  00:00           0    7.48e-07       0.000 gal
  J2479                STORAGE       0.00     0.00     0  00:00           0    7.48e-07       0.000 gal
  S479                 STORAGE       0.00     0.00     0  00:00           0           0       0.000 gal
  J479                 STORAGE       0.00     0.00     0  00:00           0    7.48e-06       0.000
  J3479                STORAGE       0.00     0.00     0  00:00           0    9.95e-07       0.000 gal
  J3476                STORAGE       0.00     0.00     0  00:00           0    9.95e-07       0.000 gal
  S476                 STORAGE       0.00     0.00     0  00:00           0           0       0.000 gal
  J476                 STORAGE       0.00     0.00     0  00:00           0    7.48e-06       0.000
  J2476                STORAGE       0.00     0.00     0  00:00           0    7.48e-07       0.000 gal
  S410                 STORAGE       0.00     0.00     0  00:00           0           0       0.000 gal
  J410                 STORAGE       0.00     0.00     0  00:00           0    3.74e-06       0.000 gal
  J2410                STORAGE       0.00     0.00     0  00:00           0    7.48e-07       0.000 gal
  J2408                STORAGE       0.00     0.00     0  00:00           0    7.48e-07       0.000 gal
  J408                 STORAGE       0.00     0.00     0  00:00           0    3.74e-06       0.000 gal
  J1485                STORAGE       0.00     0.00     0  00:00           0    5.01e-06       0.000 gal
  J2436                STORAGE       0.00     0.00     0  00:00           0    7.48e-07       0.000 gal
  J2431                STORAGE       0.00     0.00     0  00:00           0    5.01e-07       0.000 gal
  J2430                STORAGE       0.00     0.00     0  00:00           0    7.48e-07       0.000 gal
  S431                 STORAGE       0.00     0.00     0  00:00           0           0       0.000 gal
  J431                 STORAGE       0.00     0.00     0  00:00           0    7.48e-06       0.000
  S436                 STORAGE       0.00     0.00     0  00:00           0           0       0.000 gal
  J436                 STORAGE       0.00     0.00     0  00:00           0     1.5e-05       0.000
  S430                 STORAGE       0.00     0.00     0  00:00           0           0       0.000 gal
  J430                 STORAGE       0.00     0.00     0  00:00           0    3.74e-06       0.000 gal
  J2437                STORAGE       0.00     0.00     0  00:00           0    7.48e-07       0.000 gal
  S437                 STORAGE       0.00     0.00     0  00:00           0           0       0.000 gal
  J1437                STORAGE       0.00     0.00     0  00:00           0    7.48e-07       0.000 gal
  J4437-P              STORAGE       0.04     0.04     0  00:00      0.0271      0.0271       3.068
  J3413                STORAGE       0.00     0.00     0  00:00           0    9.95e-07       0.000 gal
  J406                 STORAGE       0.00     0.00     0  00:00           0    7.48e-06       0.000
  J2413                STORAGE       0.00     0.00     0  00:00           0    3.74e-06       0.000 gal
  S413                 STORAGE       0.00     0.00     0  00:00           0           0       0.000 gal
  J413                 STORAGE       0.00     0.00     0  00:00           0    3.74e-06       0.000 gal
  J4408                STORAGE       0.00     0.00     0  00:00           0    9.95e-07       0.000 gal
  S390                 STORAGE       0.00     0.00     0  00:00           0           0       0.000 gal
  J390                 STORAGE       0.00     0.00     0  00:00           0    3.74e-06       0.000 gal
  S483                 STORAGE       0.00     0.00     0  00:00           0           0       0.000 gal
  J2483                STORAGE       0.00     0.00     0  00:00           0    9.95e-07       0.000 gal
  J428                 STORAGE       0.00     0.00     0  00:00           0    5.01e-07       0.000 gal
  J2429                STORAGE       0.00     0.00     0  00:00           0    7.48e-07       0.000 gal
  S429                 STORAGE       0.00     0.00     0  00:00           0           0       0.000 gal
  J429                 STORAGE       0.00     0.00     0  00:00           0    3.74e-07       0.000 gal
  J1404                STORAGE       0.00     0.00     0  00:00           0    3.74e-06       0.000 gal
  S428                 STORAGE       0.00     0.00     0  00:00           0           0       0.000 gal
  S465                 STORAGE       0.00     0.00     0  00:00           0           0       0.000 gal
  J465                 STORAGE       0.00     0.00     0  00:00           0    3.74e-06       0.000 gal
  S1305                STORAGE       0.10     0.10     0  00:00      0.0646      0.0646       0.001
  J1305                STORAGE       0.00     0.00     0  00:00           0    5.01e-06       0.000 gal
  J11305               STORAGE       0.00     0.00     0  00:00           0    7.48e-07       0.000 gal
  S406                 STORAGE       0.00     0.00     0  00:00           0           0       0.000 gal
  J437                 STORAGE       0.00     0.00     0  00:00           0    5.01e-06       0.000 gal
  J403                 STORAGE       0.00     0.00     0  00:00           0    5.01e-07       0.000 gal
  J483                 STORAGE       0.00     0.00     0  00:00           0    1.87e-06       0.000 gal
  S408                 STORAGE       0.00     0.00     0  00:00           0           0       0.000 gal
  S409                 STORAGE       0.00     0.00     0  00:00           0           0       0.000 gal
  S407                 STORAGE       0.00     0.00     0  00:00           0           0       0.000 gal
  J2407                STORAGE       0.00     0.00     0  00:00           0           0       0.000 gal
  S414                 STORAGE       0.00     0.08     0  01:01           0     0.00267      20.146
  S403                 STORAGE       0.00     0.00     0  00:00           0           0       0.000 gal
  
  
  **********************
  Node Surcharge Summary
  **********************
  
  Surcharging occurs when water rises above the top of the highest conduit.
  ---------------------------------------------------------------------
                                               Max. Height   Min. Depth
                                   Hours       Above Crown    Below Rim
  Node                 Type      Surcharged           Feet         Feet
  ---------------------------------------------------------------------
  J449                 JUNCTION       14.00          0.000        0.000
  J2449                JUNCTION       13.99          0.000        0.000
  J448                 JUNCTION       13.97          0.000        0.000
  J3449                JUNCTION       14.01          0.000        0.000
  J303                 JUNCTION       18.17          0.000        0.000
  J443                 JUNCTION       17.30          0.000        0.000
  M-37                 JUNCTION       24.00          0.000        0.000
  J315                 JUNCTION       23.97          0.000        0.000
  J301                 JUNCTION       20.70          0.000        0.000
  J3414                JUNCTION       24.00          0.000        0.000
  J14346               JUNCTION       23.16          0.000        0.000
  M-42                 JUNCTION       23.97          0.000        0.000
  J319                 JUNCTION       24.00          0.000        0.000
  M-13                 JUNCTION       21.58          0.000        0.000
  M-49                 JUNCTION       14.73          0.000        0.000
  M-48                 JUNCTION       10.62          0.000        0.000
  M-6                  JUNCTION       19.37          0.000        0.000
  J2383                JUNCTION       24.00          0.000        0.000
  J182                 JUNCTION       19.13          0.000        0.000
  J19                  JUNCTION        6.23          0.000        0.000
  M-44                 JUNCTION       18.53          0.000        0.000
  J393                 JUNCTION       24.00          0.000        0.000
  J392                 JUNCTION       24.00          0.000        0.000
  J1310                JUNCTION       24.00          0.000        0.000
  J2447                JUNCTION       24.00          0.000        0.000
  J1447                JUNCTION       24.00          0.000        0.000
  J3434                JUNCTION       24.00          0.000        0.000
  L2323                JUNCTION       24.00          0.000        0.000
  L2319                JUNCTION       24.00          0.000        0.000
  L2317                JUNCTION       24.00          0.000        0.000
  K2316                JUNCTION       24.00          0.000        0.000
  K2096                JUNCTION       24.00          0.000        0.000
  K3089                JUNCTION       24.00          0.000        0.000
  K3088                JUNCTION       24.00          0.000        0.000
  K3061                JUNCTION       24.00          0.000        0.000
  K3045                JUNCTION       24.00          0.000        0.000
  K3044                JUNCTION       24.00          0.000        0.000
  K3043                JUNCTION       24.00          0.000        0.000
  K3041                JUNCTION       24.00          0.000        0.000
  M6-AC1               JUNCTION       24.00          0.000        0.000
  M4-AC2               JUNCTION       24.00          0.000        0.000
  F1-AC1               JUNCTION       24.00          0.000        0.000
  F1-AC2               JUNCTION       24.00          0.000        0.000
  K1-AC2               JUNCTION       24.00          0.000        0.000
  N4-AC2               JUNCTION       24.00          0.000        0.000
  J4487                JUNCTION       24.00          0.000        0.000
  D2-AC2               JUNCTION       24.00          0.000        0.000
  E2-AC2               JUNCTION       24.00          0.000        0.000
  E2-AC1               JUNCTION       24.00          0.000        0.000
  C3-AC2               JUNCTION       24.00          0.000        0.000
  C4-AC1               JUNCTION       24.00          0.000        0.000
  C4-AC2               JUNCTION       24.00          0.000        0.000
  D4-AC2               JUNCTION       24.00          0.000        0.000
  F1-AC4               JUNCTION       24.00          0.000        0.000
  F1-AC5               JUNCTION       24.00          0.000        0.000
  F1-AC6               JUNCTION       24.00          0.000        0.000
  J349                 JUNCTION       24.00          0.000        0.000
  H1-AC2               JUNCTION       24.00          0.000        0.000
  F4-AC2               JUNCTION       24.00          0.000        0.000
  F5-AC2               JUNCTION       24.00          0.000        0.000
  R7-AC1               JUNCTION       24.00          0.000        0.000
  R7-AC2               JUNCTION       24.00          0.000        0.000
  P6-AC1               JUNCTION       24.00          0.000        0.000
  P6-AC2               JUNCTION       24.00          0.000        0.000
  M6-AC4               JUNCTION       24.00          0.000        0.000
  M5-AC3               JUNCTION       24.00          0.000        0.000
  M5-AC4               JUNCTION       24.00          0.000        0.000
  M7-AC2               JUNCTION       24.00          0.000        0.000
  L3-AC2               JUNCTION       24.00          0.000        0.000
  J306                 JUNCTION       24.00          0.000        0.000
  S306                 JUNCTION       24.00          0.000        0.000
  J3437                JUNCTION       24.00          0.000        0.000
  J3429                JUNCTION       24.00          0.000        0.000
  J1409                JUNCTION       24.00          0.000        0.000
  J409                 JUNCTION       24.00          0.000        0.000
  1428                 JUNCTION       24.00          0.000        0.000
  J1431                JUNCTION       24.00          0.000        0.000
  J1476                JUNCTION       24.00          0.000        0.000
  J485                 JUNCTION       24.00          0.000        0.000
  J486                 JUNCTION       24.00          0.000        0.000
  J490                 JUNCTION       24.00          0.000        0.000
  J498                 JUNCTION       24.00          0.000        0.000
  J407                 JUNCTION       24.00          0.000        0.000
  PVT363               JUNCTION       24.00          0.000        0.000
  PVT461               JUNCTION       24.00          0.000        0.000
  PVT436               JUNCTION       24.00          0.000        0.000
  HW_1425              JUNCTION       16.86          0.000        0.000
  HW_3418.1            JUNCTION       12.46          0.000        0.000
  HW_414               JUNCTION       24.00          0.000        0.000
  488-12"              JUNCTION       21.60          0.000        0.000
  2307-48"             JUNCTION       20.03          0.000        0.000
  HW_2414              JUNCTION       23.70          0.000        0.000
  319-12               JUNCTION       21.93          0.000        0.000
  HW_3304              JUNCTION       21.01          0.000        0.000
  HW_3338              JUNCTION       17.14          0.000        0.000
  Node_8393            JUNCTION       24.00          0.000        0.000
  Node_16491650        JUNCTION       24.00          0.000        0.000
  Node_8392            JUNCTION       24.00          0.000        0.000
  Node_16521653        JUNCTION       24.00          0.000        0.000
  Node_8320            JUNCTION       24.00          0.000        0.000
  Node_16551656        JUNCTION       24.00          0.000        0.000
  Node_81310           JUNCTION       24.00          0.000        0.000
  Node_16801681        JUNCTION       24.00          0.000        0.000
  HW_2336_2            JUNCTION       17.39          0.000        0.000
  HW_1450              JUNCTION       11.32          0.000        0.000
  HW_347_2             JUNCTION       24.00          0.000        0.000
  HW_346_2             JUNCTION       24.00          0.000        0.000
  HW_348_2             JUNCTION       24.00          0.000        0.000
  HW_307_2             JUNCTION       24.00          0.000        0.000
  Node_8418            JUNCTION       24.00          0.000        0.000
  Node_17672019        JUNCTION       24.00          0.000        0.000
  HW_PK2096            JUNCTION       20.52          0.000        0.000
  HW_1311              JUNCTION       14.10          0.000        0.000
  HW_349               JUNCTION       23.99          0.000        0.000
  HW_2349              JUNCTION       23.94          0.000        0.000
  HW_4499              JUNCTION       21.61          0.000        0.000
  Node_8306            JUNCTION       24.00          0.000        0.000
  Node_20712069        JUNCTION       24.00          0.000        0.000
  Node_8486            JUNCTION       24.00          0.000        0.000
  Node_20852243        JUNCTION       24.00          0.000        0.000
  Node_8490            JUNCTION       24.00          0.000        0.000
  Node_20902245        JUNCTION       24.00          0.000        0.000
  Node_8498            JUNCTION       24.00          0.000        0.000
  Node_20942247        JUNCTION       24.00          0.000        0.000
  Node_8479            JUNCTION       24.00          0.000        0.000
  Node_21002101        JUNCTION       24.00          0.000        0.000
  Node_8476            JUNCTION       24.00          0.000        0.000
  Node_21042105        JUNCTION       24.00          0.000        0.000
  Node_8410            JUNCTION       24.00          0.000        0.000
  Node_21072108        JUNCTION       24.00          0.000        0.000
  HW_410               JUNCTION       22.23          0.000        0.000
  Node_8408            JUNCTION       24.00          0.000        0.000
  Node_22322111        JUNCTION       24.00          0.000        0.000
  Node_8485            JUNCTION       24.00          0.000        0.000
  Node_20892241        JUNCTION       24.00          0.000        0.000
  Node_8431            JUNCTION       24.00          0.000        0.000
  Node_21162117        JUNCTION       24.00          0.000        0.000
  Node_8436            JUNCTION       24.00          0.000        0.000
  Node_21182119        JUNCTION       24.00          0.000        0.000
  Node_8430            JUNCTION       24.00          0.000        0.000
  Node_21202121        JUNCTION       24.00          0.000        0.000
  Node_8437            JUNCTION       24.00          0.000        0.000
  Node_21242221        JUNCTION       24.00          0.000        0.000
  406-a                JUNCTION       17.97          0.000        0.000
  Node_8413            JUNCTION       24.00          0.000        0.000
  Node_21302131        JUNCTION       24.00          0.000        0.000
  HW_413               JUNCTION       23.59          0.000        0.000
  Node_8390            JUNCTION       24.00          0.000        0.000
  Node_21332134        JUNCTION       24.00          0.000        0.000
  HW_390               JUNCTION        8.38          0.000        0.000
  Node_8483            JUNCTION       24.00          0.000        0.000
  Node_21352230        JUNCTION       24.00          0.000        0.000
  Node_8429            JUNCTION       24.00          0.000        0.000
  Node_21402141        JUNCTION       24.00          0.000        0.000
  Node_8428            JUNCTION       24.00          0.000        0.000
  Node_21442138        JUNCTION       24.00          0.000        0.000
  Node_8465            JUNCTION       24.00          0.000        0.000
  Node_21452146        JUNCTION       24.00          0.000        0.000
  Node_81305           JUNCTION       24.00          0.000        0.000
  Node_22092210        JUNCTION       24.00          0.000        0.000
  Node_8406            JUNCTION       24.00          0.000        0.000
  Node_22152128        JUNCTION       24.00          0.000        0.000
  HW_409               JUNCTION       23.15          0.000        0.000
  Node_8403            JUNCTION       24.00          0.000        0.000
  Node_22622226        JUNCTION       24.00          0.000        0.000
  HW_483               JUNCTION       19.18          0.000        0.000
  Node_8409            JUNCTION       24.00          0.000        0.000
  Node_22332229        JUNCTION       24.00          0.000        0.000
  HW_1431              JUNCTION        4.37          0.000        0.000
  HW_485               JUNCTION        8.51          0.000        0.000
  HW_490               JUNCTION        5.04          0.000        0.000
  HW_498               JUNCTION       17.32          0.000        0.000
  Node_8407            JUNCTION       24.00          0.000        0.000
  Node_22512252        JUNCTION       24.00          0.000        0.000
  HW_407               JUNCTION       17.10          0.000        0.000
  
  
  *********************
  Node Flooding Summary
  *********************
  
  Flooding refers to all water that overflows a node, whether it ponds or not.
  --------------------------------------------------------------------------
                                                             Total   Maximum
                                 Maximum   Time of Max       Flood    Ponded
                        Hours       Rate    Occurrence      Volume     Depth
  Node                 Flooded       CFS   days hr:min    10^6 gal      Feet
  --------------------------------------------------------------------------
  J449                    2.17      0.00      0  10:00       0.000     0.000
  J2449                   0.31      0.00      0  10:00       0.000     0.000
  J448                   13.96      0.00      0  10:02       0.000     0.000
  J3449                  14.01      0.10      1  00:00       0.031     0.000
  J303                   18.17      0.03      0  15:22       0.014     0.000
  J443                   17.30      0.06      0  15:20       0.025     0.000
  M-37                   24.00     10.23      1  00:00       6.503     0.000
  J315                   23.97      5.90      0  18:17       3.714     0.000
  J301                   20.70      2.47      1  00:00       1.253     0.000
  J14346                 23.16      0.80      1  00:00       0.479     0.000
  M-42                   23.97      2.20      0  07:43       1.301     0.000
  M-13                   21.58      0.72      0  17:00       0.333     0.000
  M-49                   14.73      1.27      1  00:00       0.435     0.000
  M-48                   10.62      0.39      1  00:00       0.098     0.000
  M-6                    19.37      0.04      0  04:39       0.010     0.000
  J182                   19.13      0.85      1  00:00       0.318     0.000
  J19                     6.23      1.00      1  00:00       0.123     0.000
  M-44                   18.49      0.18      0  07:43       0.071     0.000
  L2317                  24.00      1.00      0  00:00       0.646     0.000
  K2096                  24.00      0.50      0  00:00       0.323     0.000
  K3045                  24.00      0.50      0  00:00       0.323     0.000
  J1409                  24.00      0.40      0  00:01       0.259     0.000
  HW_1425                16.86      0.11      1  00:00       0.045     0.000
  HW_3418.1              12.46      0.03      1  00:00       0.008     0.000
  488-12"                21.60      0.06      1  00:00       0.033     0.000
  2307-48"               20.03      1.73      0  12:58       0.925     0.000
  HW_2414                23.70      8.63      0  23:56       5.491     0.000
  319-12                 21.93      0.08      0  13:08       0.046     0.000
  HW_3304                21.01      0.08      0  05:14       0.045     0.000
  HW_3338                17.14      0.11      1  00:00       0.045     0.000
  Node_16491650          24.00     10.00      0  00:01       6.463     0.000
  Node_16521653          24.00     10.00      0  00:01       6.463     0.000
  Node_16551656          24.00     10.00      0  00:01       6.463     0.000
  HW_2336_2              17.39      0.01      0  19:58       0.006     0.000
  HW_1450                11.32      0.08      0  23:20       0.023     0.000
  Node_17672019          24.00     10.00      0  00:01       6.463     0.000
  HW_PK2096              20.52      0.02      0  04:59       0.012     0.000
  HW_1311                14.10      0.02      0  21:55       0.008     0.000
  HW_349                 23.99      5.19      0  01:20       3.352     0.000
  HW_2349                23.94      4.81      0  01:31       3.099     0.000
  HW_4499                21.61      3.55      1  00:00       1.539     0.000
  Node_20712069          24.00     10.00      0  00:01       6.463     0.000
  Node_20852243          24.00     10.00      0  00:01       6.463     0.000
  Node_20902245          24.00     10.00      0  00:01       6.463     0.000
  Node_20942247          24.00     10.00      0  00:01       6.463     0.000
  Node_21002101          24.00     10.00      0  00:01       6.463     0.000
  Node_21042105          24.00     10.00      0  00:01       6.463     0.000
  Node_21072108          24.00     10.00      0  00:01       6.463     0.000
  HW_410                 22.23      0.21      1  00:00       0.118     0.000
  Node_22322111          24.00     10.00      0  00:01       6.463     0.000
  Node_20892241          24.00     10.00      0  00:01       6.463     0.000
  Node_21162117          24.00     10.00      0  00:01       6.463     0.000
  Node_21182119          24.00     10.00      0  00:01       6.463     0.000
  Node_21202121          24.00     10.00      0  00:01       6.463     0.000
  Node_21242221          24.00     10.00      0  00:01       6.463     0.000
  406-a                  17.97      0.12      0  21:35       0.052     0.000
  Node_21302131          24.00     10.00      0  00:01       6.463     0.000
  HW_413                 23.59      0.69      0  23:56       0.436     0.000
  Node_21332134          24.00     10.00      0  00:01       6.463     0.000
  HW_390                  8.38      0.01      1  00:00       0.002     0.000
  Node_21352230          24.00     10.00      0  00:01       6.463     0.000
  Node_21402141          24.00     10.00      0  00:01       6.463     0.000
  Node_21442138          24.00     10.00      0  00:01       6.463     0.000
  Node_21452146          24.00     10.00      0  00:01       6.463     0.000
  Node_22092210          24.00     10.00      0  00:01       6.463     0.000
  Node_22152128          24.00     10.00      0  00:01       6.463     0.000
  HW_409                 23.15      0.30      0  23:58       0.183     0.000
  Node_22622226          24.00     10.00      0  00:01       6.463     0.000
  HW_483                 19.18      0.66      0  23:52       0.294     0.000
  Node_22332229          24.00     10.00      0  00:01       6.463     0.000
  HW_1431                 4.37      0.02      1  00:00       0.002     0.000
  HW_485                  8.51      0.32      1  00:00       0.045     0.000
  HW_490                  5.04      0.29      1  00:00       0.025     0.000
  HW_498                 17.32      0.35      1  00:00       0.047     0.000
  Node_22512252          24.00     10.00      0  00:01       6.463     0.000
  HW_407                 17.10      0.04      0  21:44       0.017     0.000
  J4437-P                23.28      0.04      0  01:20       0.026     0.000
  S1305                  22.60      0.10      0  01:31       0.061     0.000
  
  
  **********************
  Storage Volume Summary
  **********************
  
  ------------------------------------------------------------------------------------------------
                         Average    Avg   Evap  Exfil     Maximum    Max    Time of Max    Maximum
                          Volume   Pcnt   Pcnt   Pcnt      Volume   Pcnt     Occurrence    Outflow
  Storage Unit          1000 ft³   Full   Loss   Loss    1000 ft³   Full    days hr:min        CFS
  ------------------------------------------------------------------------------------------------
  S349                     0.000    0.0    0.0    0.0       0.000    0.0       0  00:00       0.00
  S449                     0.000    0.0    0.0    0.0       0.000    0.0       0  00:00       0.00
  S448                     0.000    0.0    0.0    0.0       0.000    0.0       0  00:00       0.00
  S446                     0.000    0.0    0.0    0.0       0.000    0.0       0  00:00       0.00
  S421                     0.154   55.1    0.0    0.0       0.157   56.1       0  23:59       0.00
  S447                     0.000    0.0    0.0    0.0       0.000    0.0       0  00:00       0.00
  S457                     0.000    0.0    0.0    0.0       0.000    0.0       0  00:00       0.00
  S455                     0.000    0.0    0.0    0.0       0.000    0.0       0  00:00       0.00
  S454                     0.000    0.0    0.0    0.0       0.000    0.0       0  00:00       0.00
  S318                     0.000    0.0    0.0    0.0       0.000    0.0       0  00:00       0.00
  S411                     0.000    0.0    0.0    0.0       0.000    0.0       0  00:00       0.00
  S412                     0.000    0.0    0.0    0.0       0.000    0.0       0  00:00       0.00
  S450                     0.000    0.0    0.0    0.0       0.000    0.0       0  00:00       0.00
  S460                     0.000    0.0    0.0    0.0       0.000    0.0       0  00:00       0.00
  J2460                    0.000    0.0    0.0    0.0       0.000    0.0       0  00:00       0.00
  S459                     0.000    0.0    0.0    0.0       0.000    0.0       0  00:00       0.00
  S473                     0.000    0.0    0.0    0.0       0.000    0.0       0  00:00       0.00
  S350                     0.000    0.0    0.0    0.0       0.000    0.0       0  00:00       0.00
  J2350                    0.000    0.0    0.0    0.0       0.000    0.0       0  00:00       0.00
  J3350                    0.000    0.0    0.0    0.0       0.000    0.0       0  00:00       0.00
  S456                     0.000    0.0    0.0    0.0       0.000    0.0       0  00:00       0.00
  J2456                    0.000    0.0    0.0    0.0       0.000    0.0       0  00:00       0.00
  J3456                    0.000    0.0    0.0    0.0       0.000    0.0       0  00:00       0.00
  S458                     0.000    0.0    0.0    0.0       0.000    0.0       0  00:00       0.00
  J4456                    0.000    0.0    0.0    0.0       0.000    0.0       0  00:00       0.00
  S453                     0.000    0.0    0.0    0.0       0.000    0.0       0  00:00       0.00
  J2453                    0.000    0.0    0.0    0.0       0.000    0.0       0  00:00       0.00
  S452                     0.000    0.0    0.0    0.0       0.000    0.0       0  00:00       0.00
  J2452                    0.000    0.0    0.0    0.0       0.000    0.0       0  00:00       0.00
  J3452                    0.000    0.0    0.0    0.0       0.000    0.0       0  00:00       0.00
  S451                     0.000    0.0    0.0    0.0       0.000    0.0       0  00:00       0.00
  J2451                    0.000    0.0    0.0    0.0       0.000    0.0       0  00:00       0.00
  J4350                    0.000    0.0    0.0    0.0       0.000    0.0       0  00:00       0.00
  S372                     0.000    0.0    0.0    0.0       0.000    0.0       0  00:00       0.00
  J2372                    0.000    0.0    0.0    0.0       0.000    0.0       0  00:00       0.00
  S371                     0.000    0.0    0.0    0.0       0.000    0.0       0  00:00       0.00
  S441                     0.000    0.0    0.0    0.0       0.000    0.0       0  00:00       0.00
  S440                     0.000    0.0    0.0    0.0       0.000    0.0       0  00:00       0.00
  S442                     0.000    0.0    0.0    0.0       0.000    0.0       0  00:00       0.00
  J4443                    0.243   48.5    0.0    0.0       0.259   51.8       0  23:29       0.10
  S303                     0.000    0.0    0.0    0.0       0.000    0.0       0  00:00       0.00
  S302                     0.000    0.0    0.0    0.0       0.000    0.0       0  00:00       0.00
  S445                     0.000    0.0    0.0    0.0       0.000    0.0       0  00:00       0.00
  S443                     0.000    0.0    0.0    0.0       0.000    0.0       0  00:00       0.00
  S444                     0.000    0.0    0.0    0.0       0.000    0.0       0  00:00       0.00
  S422                     2.476   24.8    0.0    0.0       5.124   51.2       1  00:00       0.08
  S470                     0.000    0.0    0.0    0.0       0.000    0.0       0  00:00       0.00
  S471                     0.000    0.0    0.0    0.0       0.000    0.0       0  00:00       0.00
  S472                     0.000    0.0    0.0    0.0       0.000    0.0       0  00:00       0.00
  S474                     0.000    0.0    0.0    0.0       0.000    0.0       0  00:00       0.00
  S499                     0.000    0.0    0.0    0.0       0.000    0.0       0  00:00       0.00
  S469                     0.000    0.0    0.0    0.0       0.000    0.0       0  00:00       0.00
  S468                     0.000    0.0    0.0    0.0       0.000    0.0       0  00:00       0.00
  S426                     0.047    3.1    0.0    0.0       0.151   10.0       1  00:00       0.00
  S467                     0.000    0.0    0.0    0.0       0.000    0.0       0  00:00       0.00
  S466                     0.000    0.0    0.0    0.0       0.000    0.0       0  00:00       0.00
  S493                     0.000    0.0    0.0    0.0       0.000    0.0       0  00:00       0.00
  S315                     0.000    0.0    0.0    0.0       0.000    0.0       0  00:00       0.00
  J6315                    0.229   82.0    0.0    0.0       0.232   82.8       0  18:08       6.07
  S317                     0.067   23.8    0.0    0.0       0.067   23.8       0  00:00      10.00
  J2317                    0.000    0.0    0.0    0.0       0.000    0.0       0  00:00       0.00
  J3317                    0.000    0.0    0.0    0.0       0.000    0.0       0  00:00       0.00
  J4317                    0.000    0.0    0.0    0.0       0.000    0.0       0  00:00       0.00
  J5317                    0.021    7.4    0.0    0.0       0.022    7.8       0  11:16       0.00
  J5316                    0.021    7.4    0.0    0.0       0.022    7.8       0  12:37       4.10
  S301                     0.000    0.0    0.0    0.0       0.000    0.0       0  00:00       4.10
  S316                     0.000    0.0    0.0    0.0       0.000    0.0       0  00:00       0.00
  J2316                    0.207   73.9    0.0    0.0       0.210   74.8       0  17:03       4.16
  J7315                    0.214   76.6    0.0    0.0       0.217   77.4       0  17:20       5.57
  J3316                    0.064   22.9    0.0    0.0       0.066   23.5       0  16:46       4.10
  J4316                    0.058   20.8    0.0    0.0       0.060   21.4       0  15:41       4.10
  S491                     0.000    0.0    0.0    0.0       0.000    0.0       0  00:00       0.00
  S494                     0.000    0.0    0.0    0.0       0.000    0.0       0  00:00       0.00
  S492                     0.000    0.0    0.0    0.0       0.000    0.0       0  00:00       0.00
  S495                     0.000    0.0    0.0    0.0       0.000    0.0       0  00:00       0.00
  J5315                    0.235   83.9    0.0    0.0       0.237   84.7       0  18:09       6.42
  J4315                    0.270   96.3    0.0    0.0       0.271   96.7       0  18:09       8.02
  J2493                    0.000    0.0    0.0    0.0       0.000    0.0       0  00:00       0.00
  S475                     0.000    0.0    0.0    0.0       0.000    0.0       0  00:00       0.00
  S464                     0.000    0.0    0.0    0.0       0.000    0.0       0  00:00       0.00
  S344                     0.000    0.0    0.0    0.0       0.000    0.0       0  00:00       0.00
  S342                     0.000    0.0    0.0    0.0       0.000    0.0       0  00:00       0.00
  S343                     0.000    0.0    0.0    0.0       0.000    0.0       0  00:00       0.00
  S482                     0.000    0.0    0.0    0.0       0.000    0.0       0  00:00       0.00
  S480                     0.000    0.0    0.0    0.0       0.000    0.0       0  00:00       0.00
  S324                     0.000    0.0    0.0    0.0       0.000    0.0       0  00:00       0.00
  S478                     0.000    0.0    0.0    0.0       0.000    0.0       0  00:00       0.00
  S438                     0.000    0.0    0.0    0.0       0.000    0.0       0  00:00       0.00
  S321                     0.000    0.0    0.0    0.0       0.000    0.0       0  00:00       0.00
  S435                     0.000    0.0    0.0    0.0       0.000    0.0       0  00:00       0.00
  S439                     0.000    0.0    0.0    0.0       0.000    0.0       0  00:00       0.00
  S425                     5.740   57.4    0.0    0.0       5.748   57.5       0  23:56      10.01
  S424                     0.000    0.0    0.0    0.0       0.000    0.0       0  00:00       0.00
  S396                     0.000    0.0    0.0    0.0       0.000    0.0       0  00:00       0.00
  S402                     0.000    0.0    0.0    0.0       0.000    0.0       0  00:00       0.00
  S398                     0.000    0.0    0.0    0.0       0.000    0.0       0  00:00       0.00
  J2398                    0.000    0.0    0.0    0.0       0.000    0.0       0  00:00       0.00
  S400                     0.000    0.0    0.0    0.0       0.000    0.0       0  00:00       0.00
  S399                     0.000    0.0    0.0    0.0       0.000    0.0       0  00:00       0.00
  S423                     0.000    0.0    0.0    0.0       0.000    0.0       0  00:00       0.04
  S432                     0.000    0.0    0.0    0.0       0.000    0.0       0  00:00       0.00
  J3395                    0.000    0.0    0.0    0.0       0.000    0.0       0  00:00       0.00
  S395                     0.000    0.0    0.0    0.0       0.000    0.0       0  00:00       0.00
  J2395                    0.000    0.0    0.0    0.0       0.000    0.0       0  00:00       0.00
  J4395                    0.008    2.9    0.0    0.0       0.009    3.3       1  00:00       0.03
  S322                     0.000    0.0    0.0    0.0       0.000    0.0       0  00:00       0.00
  S394                     0.000    0.0    0.0    0.0       0.000    0.0       0  00:00       0.00
  423-1                    0.002    0.7    0.0    0.0       0.002    0.7       1  00:00       0.04
  S397                     0.000    0.0    0.0    0.0       0.000    0.0       0  00:00       0.00
  S488                     0.000    0.0    0.0    0.0       0.000    0.0       0  00:00       0.00
  S386                     0.000    0.0    0.0    0.0       0.000    0.0       0  00:00       0.00
  S345                     0.000    0.0    0.0    0.0       0.000    0.0       0  00:00       0.00
  M-11                     0.028   10.0    0.0    0.0       0.028   10.0       0  00:00       0.00
  S497                     0.000    0.0    0.0    0.0       0.000    0.0       0  00:00       0.00
  S496                     0.000    0.0    0.0    0.0       0.000    0.0       0  00:00       0.00
  S387                     0.000    0.0    0.0    0.0       0.000    0.0       0  00:00       0.00
  S300                     0.000    0.0    0.0    0.0       0.000    0.0       0  00:00       0.00
  S962                     0.000    0.0    0.0    0.0       0.000    0.0       0  00:00       0.00
  S462                     0.000    0.0    0.0    0.0       0.000    0.0       0  00:00       0.00
  S319                     0.000    0.0    0.0    0.0       0.000    0.0       0  00:00       0.00
  S417                     0.000    0.0    0.0    0.0       0.000    0.0       0  00:00       3.88
  S416                     0.000    0.0    0.0    0.0       0.000    0.0       0  00:00       0.00
  S415                     0.000    0.0    0.0    0.0       0.000    0.0       0  00:00       0.00
  M-22                     0.241   85.9    0.0    0.0       0.245   87.3       1  00:00       4.44
  S310                     0.000    0.0    0.0    0.0       0.000    0.0       0  00:00       0.00
  S311                     0.000    0.0    0.0    0.0       0.000    0.0       0  00:00       0.00
  S314                     0.000    0.0    0.0    0.0       0.000    0.0       0  00:00       0.00
  J2314                    0.000    0.0    0.0    0.0       0.000    0.0       0  00:00       0.00
  J4314                    0.000    0.0    0.0    0.0       0.000    0.0       0  00:00       0.00
  J5314                    0.000    0.0    0.0    0.0       0.000    0.0       0  00:00       0.00
  J6314                    0.000    0.0    0.0    0.0       0.000    0.0       0  00:00       0.00
  J9314                    0.000    0.0    0.0    0.0       0.000    0.0       0  00:00       0.00
  S312                     0.000    0.0    0.0    0.0       0.000    0.0       0  00:00       0.00
  J2312                    0.000    0.0    0.0    0.0       0.000    0.0       0  00:00       0.00
  S313                     0.000    0.0    0.0    0.0       0.000    0.0       0  00:00       0.00
  J2313                    0.000    0.0    0.0    0.0       0.000    0.0       0  00:00       0.00
  J3312                    0.000    0.0    0.0    0.0       0.000    0.0       0  00:00       0.00
  J3314                    0.000    0.0    0.0    0.0       0.000    0.0       0  00:00       0.00
  M-12                     1.000   10.0    0.0    0.0       1.000   10.0       0  00:00       0.00
  S401                     0.000    0.0    0.0    0.0       0.000    0.0       0  00:00       0.00
  S309                     0.000    0.0    0.0    0.0       0.000    0.0       0  00:00       0.00
  J2309                    0.019    6.7    0.0    0.0       0.019    6.7       0  00:00       0.00
  S308                     0.000    0.0    0.0    0.0       0.000    0.0       0  00:00       0.00
  S323                     0.000    0.0    0.0    0.0       0.000    0.0       0  00:00       0.00
  S327                     0.000    0.0    0.0    0.0       0.000    0.0       0  00:00       0.00
  S328                     0.000    0.0    0.0    0.0       0.000    0.0       0  00:00       0.00
  S481                     0.000    0.0    0.0    0.0       0.000    0.0       0  00:00       0.00
  S326                     0.000    0.0    0.0    0.0       0.000    0.0       0  00:00       0.00
  S325                     0.000    0.0    0.0    0.0       0.000    0.0       0  00:00       0.00
  J2325                    0.000    0.0    0.0    0.0       0.000    0.0       0  00:00       0.00
  J3325                    0.000    0.0    0.0    0.0       0.000    0.0       0  00:00       0.00
  S334                     0.000    0.0    0.0    0.0       0.000    0.0       0  00:00       0.00
  S338                     0.000    0.0    0.0    0.0       0.000    0.0       0  00:00       0.00
  J3338                    0.000    0.0    0.0    0.0       0.000    0.0       0  00:00       0.00
  S333                     0.000    0.0    0.0    0.0       0.000    0.0       0  00:00       0.00
  S434                     0.000    0.0    0.0    0.0       0.000    0.0       0  00:00       0.00
  S339                     0.000    0.0    0.0    0.0       0.000    0.0       0  00:00       0.00
  J2329                    0.145   51.9    0.0    0.0       0.147   52.4       0  23:59       0.08
  S335                     0.000    0.0    0.0    0.0       0.106   38.0       0  00:00      10.00
  S341                     0.000    0.0    0.0    0.0       0.000    0.0       0  00:00       0.00
  S433                     0.000    0.0    0.0    0.0       0.000    0.0       0  00:00       0.00
  S337                     0.000    0.0    0.0    0.0       0.000    0.0       0  00:00       0.00
  S487                     0.000    0.0    0.0    0.0       0.000    0.0       0  00:00       0.00
  S332                     0.000    0.0    0.0    0.0       0.000    0.0       0  00:00       0.00
  S329                     0.000    0.0    0.0    0.0       0.000    0.0       0  00:00       0.00
  J4338                    0.000    0.0    0.0    0.0       0.000    0.0       0  00:00       0.00
  J5338                    0.000    0.0    0.0    0.0       0.000    0.0       0  00:00       0.00
  S336                     0.000    0.0    0.0    0.0       0.000    0.0       0  00:00       0.00
  J3336                    0.000    0.0    0.0    0.0       0.000    0.0       0  00:00       0.00
  J4336                    0.000    0.0    0.0    0.0       0.047   16.7       0  00:00      26.04
  S370                     0.000    0.0    0.0    0.0       0.000    0.0       0  00:00       0.00
  J415-US                  0.000    0.0    0.0    0.0       0.000    0.0       0  00:00       0.00
  S364                     0.000    0.0    0.0    0.0       0.000    0.0       0  00:00       0.00
  S365                     0.000    0.0    0.0    0.0       0.000    0.0       0  00:00       0.00
  S369                     0.000    0.0    0.0    0.0       0.000    0.0       0  00:00       0.00
  S385                     0.000    0.0    0.0    0.0       0.000    0.0       0  00:00       0.00
  S419                     0.000    0.0    0.0    0.0       0.000    0.0       0  00:00       0.00
  S373                     0.000    0.0    0.0    0.0       0.000    0.0       0  00:00       0.00
  S374                     0.000    0.0    0.0    0.0       0.000    0.0       0  00:00       0.00
  S368                     0.000    0.0    0.0    0.0       0.000    0.0       0  00:00       0.00
  S366                     0.000    0.0    0.0    0.0       0.000    0.0       0  00:00       0.00
  S377                     0.000    0.0    0.0    0.0       0.000    0.0       0  00:00       0.00
  S356                     0.000    0.0    0.0    0.0       0.000    0.0       0  00:00       0.00
  S489                     0.000    0.0    0.0    0.0       0.000    0.0       0  00:00       0.00
  J489                     0.019    6.7    0.0    0.0       0.019    6.7       0  00:00       0.00
  S461                     0.000    0.0    0.0    0.0       0.000    0.0       0  00:00       0.00
  S362                     0.000    0.0    0.0    0.0       0.000    0.0       0  00:00       0.00
  S375                     0.000    0.0    0.0    0.0       0.000    0.0       0  00:00       0.00
  S427                     0.000    0.0    0.0    0.0       0.000    0.0       0  00:00       0.00
  S376                     0.000    0.0    0.0    0.0       0.000    0.0       0  00:00       0.00
  J2376                    0.000    0.0    0.0    0.0       0.000    0.0       0  00:00       0.00
  S363                     0.000    0.0    0.0    0.0       0.000    0.0       0  00:00       0.00
  S367                     0.000    0.0    0.0    0.0       0.000    0.0       0  00:00       0.00
  J2367                    0.000    0.0    0.0    0.0       0.000    0.0       0  00:00       0.00
  S359                     0.000    0.0    0.0    0.0       0.000    0.0       0  00:00       0.00
  J2359                    0.033   11.7    0.0    0.0       0.034   12.1       0  00:16       0.05
  S354                     0.000    0.0    0.0    0.0       0.000    0.0       0  00:00       0.00
  S353                     0.000    0.0    0.0    0.0       0.000    0.0       0  00:00       0.00
  S352                     0.000    0.0    0.0    0.0       0.000    0.0       0  00:00       0.00
  S358                     0.000    0.0    0.0    0.0       0.000    0.0       0  00:00       0.00
  S351                     0.000    0.0    0.0    0.0       0.000    0.0       0  00:00       0.00
  J2351                    0.000    0.0    0.0    0.0       0.000    0.0       0  00:00       0.00
  S361                     0.000    0.0    0.0    0.0       0.000    0.0       0  00:00       0.00
  J2361                    0.000    0.0    0.0    0.0       0.000    0.0       0  00:00       0.00
  S360                     0.000    0.0    0.0    0.0       0.000    0.0       0  00:00       0.00
  S355                     0.000    0.0    0.0    0.0       0.000    0.0       0  00:00       0.00
  J2355                    0.000    0.0    0.0    0.0       0.000    0.0       0  00:00       0.00
  S357                     0.000    0.0    0.0    0.0       0.000    0.0       0  00:00       0.00
  J3353                    0.000    0.0    0.0    0.0       0.000    0.0       0  00:00       0.00
  S389                     0.000    0.0    0.0    0.0       0.000    0.0       0  00:00       0.00
  J3376                    0.000    0.0    0.0    0.0       0.000    0.0       0  00:00       0.00
  J2363                    0.000    0.0    0.0    0.0       0.000    0.0       0  00:00       0.00
  J4351                    0.000    0.0    0.0    0.0       0.000    0.0       0  00:00       0.00
  J3351                    0.000    0.0    0.0    0.0       0.000    0.0       0  00:00       0.00
  S378                     0.000    0.0    0.0    0.0       0.000    0.0       0  00:00       0.00
  J2358                    0.000    0.0    0.0    0.0       0.000    0.0       0  00:00       0.00
  J2378                    0.000    0.0    0.0    0.0       0.000    0.0       0  00:00       0.00
  S404                     0.000    0.0    0.0    0.0       0.000    0.0       0  00:00       0.00
  S405                     0.000    0.0    0.0    0.0       0.000    0.0       0  00:00       0.00
  J2405                    0.000    0.0    0.0    0.0       0.000    0.0       0  00:00       0.00
  S380                     0.000    0.0    0.0    0.0       0.000    0.0       0  00:00       0.00
  J4380                    0.000    0.0    0.0    0.0       0.000    0.0       0  00:00       0.00
  S381                     0.000    0.0    0.0    0.0       0.000    0.0       0  00:00       0.00
  J2381                    0.000    0.0    0.0    0.0       0.000    0.0       0  00:00       0.00
  S484                     0.000    0.0    0.0    0.0       0.000    0.0       0  00:00       0.00
  S382                     0.000    0.0    0.0    0.0       0.000    0.0       0  00:00       0.00
  J2382                    0.000    0.0    0.0    0.0       0.000    0.0       0  00:00       0.00
  S391                     0.000    0.0    0.0    0.0       0.000    0.0       0  00:00       0.00
  S463                     0.000    0.0    0.0    0.0       0.000    0.0       0  00:00       0.00
  S383                     0.000    0.0    0.0    0.0       0.000    0.0       0  00:00       0.00
  S379                     0.000    0.0    0.0    0.0       0.000    0.0       0  00:00       0.00
  J2379                    0.000    0.0    0.0    0.0       0.000    0.0       0  00:00       0.00
  S477                     0.000    0.0    0.0    0.0       0.000    0.0       0  00:00       0.00
  J3379                    0.016    5.8    0.0    0.0       0.037   13.3       0  00:00       4.35
  J3380                    0.000    0.0    0.0    0.0       0.000    0.0       0  00:00       0.00
  J3382                    0.000    0.0    0.0    0.0       0.000    0.0       0  00:00       0.00
  J4482                    0.016    5.8    0.0    0.0       0.017    5.9       0  00:44       0.05
  S384                     0.000    0.0    0.0    0.0       0.000    0.0       0  00:00       0.00
  S1301                    0.000    0.0    0.0    0.0       0.000    0.0       0  00:00       0.00
  S420                     0.000    0.0    0.0    0.0       0.000    0.0       0  00:00       0.00
  S305                     0.000    0.0    0.0    0.0       0.000    0.0       0  00:00       0.00
  S388                     0.000    0.0    0.0    0.0       0.000    0.0       0  00:00       0.00
  S304                     0.000    0.0    0.0    0.0       0.000    0.0       0  00:00       0.00
  S192                     0.000    0.0    0.0    0.0       0.000    0.0       0  00:00       0.00
  S22                      0.000    0.0    0.0    0.0       0.000    0.0       0  00:00       0.00
  S19                      0.000    0.0    0.0    0.0       0.000    0.0       0  00:00       0.06
  S330                     0.000    0.0    0.0    0.0       0.000    0.0       0  00:00       0.00
  S331                     0.000    0.0    0.0    0.0       0.000    0.0       0  00:00       0.00
  S182                     0.000    0.0    0.0    0.0       0.000    0.0       0  00:00       0.00
  S393                     0.000    0.0    0.0    0.0       0.000    0.0       0  00:00       0.00
  J2393                    0.000    0.0    0.0    0.0       0.000    0.0       0  00:00       0.00
  S392                     0.000    0.0    0.0    0.0       0.000    0.0       0  00:00       0.00
  S320                     0.000    0.0    0.0    0.0       0.000    0.0       0  00:00       0.00
  S1310                    0.000    0.0    0.0    0.0       0.000    0.0       0  00:00       0.00
  S347                     0.000    0.0    0.0    0.0       0.000    0.0       0  00:00       0.00
  S346                     0.000    0.0    0.0    0.0       0.000    0.0       0  00:00       0.00
  S348                     0.000    0.0    0.0    0.0       0.000    0.0       0  00:00       0.00
  S307                     0.000    0.0    0.0    0.0       0.000    0.0       0  00:00       0.00
  S418                     0.000    0.0    0.0    0.0       0.000    0.0       0  00:00       0.00
  J3383                    0.000    0.0    0.0    0.0       0.000    0.0       0  00:00       0.00
  L2325                    0.049   17.5    0.0    0.0       0.049   17.5       0  00:00       0.00
  L2322                    0.049   17.5    0.0    0.0       0.049   17.5       0  00:00       0.00
  K2097                    0.049   17.5    0.0    0.0       0.049   17.5       0  00:00       0.00
  K3090                    0.013    4.5    0.0    0.0       0.049   17.5       0  00:00       0.46
  K3063                    0.063   22.5    0.0    0.0       0.063   22.5       0  00:00       0.00
  K3047                    0.063   22.5    0.0    0.0       0.063   22.5       0  00:00       0.00
  K3039                    0.077   27.5    0.0    0.0       0.077   27.5       0  00:00       0.00
  J2357                    0.000    0.0    0.0    0.0       0.000    0.0       0  00:00       0.00
  S486                     0.000    0.0    0.0    0.0       0.000    0.0       0  00:00       0.00
  J1486                    0.001    6.7    0.0    0.0       0.001    6.7       0  00:00       0.00
  J2465                    0.000   10.0    0.0    0.0       0.000   10.0       0  00:00       0.00
  J2485                    0.000   10.0    0.0    0.0       0.000   10.0       0  00:00       0.00
  S485                     0.000    0.0    0.0    0.0       0.000    0.0       0  00:00       0.00
  S490                     0.140   50.0    0.0    0.0       0.140   50.0       0  00:00       0.00
  J1490                    0.001    5.0    0.0    0.0       0.001    5.0       0  00:00       0.00
  J2490                    0.000    6.7    0.0    0.0       0.000    6.7       0  00:00       0.00
  J2498                    0.000   10.0    0.0    0.0       0.000   10.0       0  00:00       0.00
  S498                     0.000    0.0    0.0    0.0       0.000    0.0       0  00:00       0.00
  J1498                    0.001    5.0    0.0    0.0       0.001    5.0       0  00:00       0.00
  J3498-P                  0.000    0.3    0.0    0.0       0.000   10.0       0  00:00      11.08
  J2390                    0.000    0.0    0.0    0.0       0.000   10.0       0  00:00      10.91
  J3485                    0.000   10.0    0.0    0.0       0.000   10.0       0  00:00       0.00
  J2479                    0.000   10.0    0.0    0.0       0.000   10.0       0  00:00       0.00
  S479                     0.000    0.0    0.0    0.0       0.000    0.0       0  00:00       0.00
  J479                     0.001   10.0    0.0    0.0       0.001   10.0       0  00:00       0.00
  J3479                    0.000   13.3    0.0    0.0       0.000   13.3       0  00:00       0.00
  J3476                    0.000   13.3    0.0    0.0       0.000   13.3       0  00:00       0.00
  S476                     0.000    0.0    0.0    0.0       0.000    0.0       0  00:00       0.00
  J476                     0.001   10.0    0.0    0.0       0.001   10.0       0  00:00       0.00
  J2476                    0.000   10.0    0.0    0.0       0.000   10.0       0  00:00       0.00
  S410                     0.000    0.0    0.0    0.0       0.000    0.0       0  00:00       0.00
  J410                     0.001    5.0    0.0    0.0       0.001    5.0       0  00:00       0.00
  J2410                    0.000   10.0    0.0    0.0       0.000   10.0       0  00:00       0.00
  J2408                    0.000   10.0    0.0    0.0       0.000   10.0       0  00:00       0.00
  J408                     0.001    5.0    0.0    0.0       0.001    5.0       0  00:00       0.00
  J1485                    0.001    6.7    0.0    0.0       0.001    6.7       0  00:00       0.00
  J2436                    0.000   10.0    0.0    0.0       0.000   10.0       0  00:00       0.00
  J2431                    0.000    6.7    0.0    0.0       0.000    6.7       0  00:00       0.00
  J2430                    0.000   10.0    0.0    0.0       0.000   10.0       0  00:00       0.00
  S431                     0.000    0.0    0.0    0.0       0.000    0.0       0  00:00       0.00
  J431                     0.001   10.0    0.0    0.0       0.001   10.0       0  00:00       0.00
  S436                     0.000    0.0    0.0    0.0       0.000    0.0       0  00:00       0.00
  J436                     0.002   20.0    0.0    0.0       0.002   20.0       0  00:00       0.00
  S430                     0.000    0.0    0.0    0.0       0.000    0.0       0  00:00       0.00
  J430                     0.001    5.0    0.0    0.0       0.001    5.0       0  00:00       0.00
  J2437                    0.000   10.0    0.0    0.0       0.000   10.0       0  00:00       0.00
  S437                     0.000    0.0    0.0    0.0       0.000    0.0       0  00:00       0.00
  J1437                    0.000   10.0    0.0    0.0       0.000   10.0       0  00:00       0.00
  J4437-P                  0.001   99.6    0.0    0.0       0.001  100.0       0  00:43       0.00
  J3413                    0.000   13.3    0.0    0.0       0.000   13.3       0  00:00       0.00
  J406                     0.001   10.0    0.0    0.0       0.001   10.0       0  00:00       0.00
  J2413                    0.001   10.0    0.0    0.0       0.001   10.0       0  00:00       0.00
  S413                     0.000    0.0    0.0    0.0       0.000    0.0       0  00:00       0.00
  J413                     0.001   10.0    0.0    0.0       0.001   10.0       0  00:00       0.00
  J4408                    0.000   13.3    0.0    0.0       0.000   13.3       0  00:00       0.00
  S390                     0.000    0.0    0.0    0.0       0.000    0.0       0  00:00       0.00
  J390                     0.001    5.0    0.0    0.0       0.001    5.0       0  00:00       0.00
  S483                     0.000    0.0    0.0    0.0       0.000    0.0       0  00:00       0.00
  J2483                    0.000   13.3    0.0    0.0       0.000   13.3       0  00:00       0.00
  J428                     0.000    6.7    0.0    0.0       0.000    6.7       0  00:00       0.00
  J2429                    0.000   10.0    0.0    0.0       0.000   10.0       0  00:00       0.00
  S429                     0.000    0.0    0.0    0.0       0.000    0.0       0  00:00       0.00
  J429                     0.000    5.0    0.0    0.0       0.000    5.0       0  00:00       0.00
  J1404                    0.001    5.0    0.0    0.0       0.001    5.0       0  00:00       0.00
  S428                     0.000    0.0    0.0    0.0       0.000    0.0       0  00:00       0.00
  S465                     0.000    0.0    0.0    0.0       0.000    0.0       0  00:00       0.00
  J465                     0.001    5.0    0.0    0.0       0.001    5.0       0  00:00       0.00
  S1305                    0.498   99.1    0.0    0.0       0.503  100.0       0  01:23       0.00
  J1305                    0.001    6.7    0.0    0.0       0.001    6.7       0  00:00       0.00
  J11305                   0.000   10.0    0.0    0.0       0.000   10.0       0  00:00       0.00
  S406                     0.000    0.0    0.0    0.0       0.000    0.0       0  00:00       0.00
  J437                     0.001    6.7    0.0    0.0       0.001    6.7       0  00:00       0.00
  J403                     0.000    6.7    0.0    0.0       0.000    6.7       0  00:00       0.00
  J483                     0.000    5.0    0.0    0.0       0.000    5.0       0  00:00       0.00
  S408                     0.000    0.0    0.0    0.0       0.000    0.0       0  00:00       0.00
  S409                     0.000    0.0    0.0    0.0       0.000    0.0       0  00:00       0.00
  S407                     0.000    0.0    0.0    0.0       0.000    0.0       0  00:00       0.00
  J2407                    0.000    0.0    0.0    0.0       0.000    0.0       0  00:00       0.00
  S414                     0.191   68.1    0.0    0.0       0.194   69.4       0  23:59       0.04
  S403                     0.000    0.0    0.0    0.0       0.000    0.0       0  00:00       0.00
  
  
  ***********************
  Outfall Loading Summary
  ***********************
  
  -----------------------------------------------------------
                         Flow       Avg       Max       Total
                         Freq      Flow      Flow      Volume
  Outfall Node           Pcnt       CFS       CFS    10^6 gal
  -----------------------------------------------------------
  J488                   0.00      0.00      0.00       0.000
  -----------------------------------------------------------
  System                 0.00      0.00      0.00       0.000
  
  
  ********************
  Link Flow Summary
  ********************
  
  -----------------------------------------------------------------------------
                                 Maximum  Time of Max   Maximum    Max/    Max/
                                  |Flow|   Occurrence   |Veloc|    Full    Full
  Link                 Type          CFS  days hr:min    ft/sec    Flow   Depth
  -----------------------------------------------------------------------------
  449                  CONDUIT      0.03     0  04:26      0.65    1.75    1.00
  3449                 CONDUIT      0.10     1  00:00      0.58   10.02    1.00
  450                  CONDUIT      0.08     0  10:02      0.34    7.45    0.90
  448                  CONDUIT      0.03     0  07:16      0.26    8.37    1.00
  2450                 CONDUIT      0.10     0  01:40      0.67    3.17    0.73
  455                  CONDUIT      0.00     0  00:00      0.00    0.00    0.00
  2455                 CONDUIT      0.00     0  00:00      0.00    0.00    0.00
  3455                 CONDUIT      0.00     0  00:00      0.00    0.00    0.00
  454                  CONDUIT      0.00     0  00:00      0.00    0.00    0.00
  411                  CONDUIT      0.00     0  00:00      0.00    0.00    0.00
  446                  CONDUIT      0.00     0  00:00      0.00    0.00    0.00
  2449                 CONDUIT      0.05     0  04:29      0.63    5.41    1.00
  3450                 CONDUIT      0.10     0  00:46      0.91    0.09    0.31
  412                  CONDUIT      0.00     0  00:00      0.00    0.00    0.00
  460                  CONDUIT      0.00     0  00:00      0.00    0.00    0.00
  G2460                CONDUIT      0.00     0  00:00      0.00    0.00    0.00
  459                  CONDUIT      0.00     0  00:00      0.00    0.00    0.00
  2459                 CONDUIT      0.00     0  00:00      0.00    0.00    0.00
  473                  CONDUIT      0.00     0  00:00      0.00    0.00    0.00
  2420                 CONDUIT      0.00     0  00:00      0.00    0.00    0.00
  420                  CONDUIT      0.00     0  00:00      0.00    0.00    0.00
  350                  CONDUIT      0.00     0  00:00      0.00    0.00    0.00
  G2350                CONDUIT      0.00     0  00:00      0.00    0.00    0.00
  G3350                CONDUIT      0.00     0  00:00      0.00    0.00    0.00
  G4350                CONDUIT      0.00     0  00:00      0.00    0.00    0.00
  456                  CONDUIT      0.00     0  00:00      0.00    0.00    0.00
  G2458                CONDUIT      0.00     0  00:00      0.00    0.00    0.00
  458                  CONDUIT      0.00     0  00:00      0.00    0.00    0.00
  G2456                CONDUIT      0.00     0  00:00      0.00    0.00    0.00
  G4456                CONDUIT      0.00     0  00:00      0.00    0.00    0.00
  453                  CONDUIT      0.00     0  00:00      0.00    0.00    0.00
  G2543                CONDUIT      0.00     0  00:00      0.00    0.00    0.00
  1452                 CONDUIT      0.00     0  00:00      0.00    0.00    0.00
  G2452                CONDUIT      0.00     0  00:00      0.00    0.00    0.00
  451                  CONDUIT      0.00     0  00:00      0.00    0.00    0.00
  G2451                CONDUIT      0.00     0  00:00      0.00    0.00    0.00
  G3452                CONDUIT      0.00     0  00:00      0.00    0.00    0.00
  5442                 CONDUIT      0.01     0  13:02      0.10    0.02    0.06
  4422                 CONDUIT      0.02     0  19:37      0.19    0.02    0.06
  3442                 CONDUIT      0.00     1  00:00      0.08    0.03    0.03
  2421                 CONDUIT      0.00     0  00:00      0.00    0.00    0.00
  3421                 CONDUIT      0.79     0  04:26      0.56    6.18    0.43
  340                  CONDUIT      0.00     0  00:00      0.00    0.00    0.00
  372                  CONDUIT      0.00     0  00:00      0.00    0.00    0.00
  2371                 CONDUIT      0.00     0  00:00      0.00    0.00    0.00
  422                  CONDUIT      0.00     1  00:00      0.00    0.00    0.00
  441                  CONDUIT      0.00     0  20:02      0.14    1.07    0.36
  440                  CONDUIT      0.01     0  18:23      0.16    1.07    0.36
  442                  CONDUIT      0.01     0  09:51      0.25    2.96    0.55
  2441                 CONDUIT      0.01     0  11:49      0.28    1.40    0.36
  303                  CONDUIT      0.03     0  15:22      0.35   18.07    1.00
  2302                 CONDUIT      0.07     0  04:40      0.39    7.39    0.99
  3302                 CONDUIT      0.18     0  02:22      0.73   15.64    1.00
  302                  CONDUIT      0.04     0  03:57      0.63    0.91    0.98
  445                  CONDUIT      0.05     0  03:11      0.37    4.51    0.99
  2445                 CONDUIT      0.15     0  15:22      1.51    1.65    0.99
  2444                 CONDUIT      0.15     0  15:31      0.47   12.73    0.88
  2443                 CONDUIT      0.10     0  23:34      0.41    9.36    0.66
  3443                 CONDUIT      0.10     0  23:27      0.64    3.04    0.33
  443                  CONDUIT      0.06     0  15:20      0.64    3.88    1.00
  444                  CONDUIT      0.06     0  02:10      0.77    1.70    0.99
  2372                 CONDUIT      0.00     0  00:00      0.00    0.00    0.00
  0422                 CONDUIT      0.10     1  00:00      0.88    0.05    0.06
  PM-41                CONDUIT      0.00     0  00:00      0.00    0.00    0.00
  PM-27                CONDUIT      0.18     0  00:23      1.62    0.11    0.80
  PM-37                CONDUIT      3.34     0  00:00      4.52    2.26    1.00
  470                  CONDUIT      0.00     0  00:00      0.00    0.00    0.00
  471                  CONDUIT      0.00     0  22:01      0.03    0.00    0.02
  472                  CONDUIT      0.00     0  21:55      0.05    0.01    0.03
  474                  CONDUIT      0.02     0  03:05      0.43    0.57    0.34
  2472                 CONDUIT      0.02     0  17:38      0.26    0.22    0.09
  2474                 CONDUIT      0.02     0  18:03      0.25    0.22    0.09
  499                  CONDUIT      0.00     0  23:54      0.07    0.03    0.05
  2469                 CONDUIT      0.00     0  00:00      0.00    0.00    0.00
  468                  CONDUIT      0.00     0  00:00      0.00    0.00    0.00
  2468                 CONDUIT      0.00     0  00:00      0.00    0.00    0.00
  3468                 CONDUIT      0.00     0  00:00      0.00    0.00    0.00
  2466                 CONDUIT      0.00     0  00:00      0.00    0.00    0.00
  3466                 CONDUIT      0.00     1  00:00      0.13    0.27    0.12
  4466                 CONDUIT      0.00     1  00:00      0.06    0.00    0.02
  2499                 CONDUIT      0.00     0  23:54      0.04    0.01    0.02
  467                  CONDUIT      0.00     0  00:00      0.00    0.00    0.00
  2499-A               CONDUIT      0.00     0  23:54      0.04    0.01    0.02
  3499                 CONDUIT      0.00     0  10:56      0.13    0.24    0.17
  466                  CONDUIT      0.00     0  19:58      0.19    0.01    0.03
  466-A                CONDUIT      0.02     0  19:56      0.56    0.69    0.20
  426                  CONDUIT      1.98     0  06:41      0.82    3.45    0.35
  G426                 CONDUIT      0.00     1  00:00      0.32    0.00    0.02
  493                  CONDUIT      0.00     0  00:00      0.00    0.00    0.00
  491                  CONDUIT      0.00     0  00:00      0.00    0.00    0.00
  2494                 CONDUIT      0.00     0  00:00      0.00    0.00    0.00
  492                  CONDUIT      0.00     0  00:00      0.00    0.00    0.00
  2495                 CONDUIT      0.00     0  00:00      0.00    0.00    0.50
  315                  CONDUIT     11.28     0  00:00     16.49    1.00    1.00
  317                  CONDUIT      0.00     0  00:00      0.00    0.00    0.00
  2317                 CONDUIT      0.00     0  00:00      0.00    0.00    0.00
  3317                 CONDUIT      0.00     0  00:00      0.00    0.00    0.00
  4317                 CONDUIT      0.00     0  00:00      0.00    0.00    0.19
  5317                 CONDUIT      0.26     0  02:20      0.77    0.54    0.39
  5316                 CONDUIT      4.10     0  12:37      7.00    0.07    0.11
  316                  CONDUIT      0.00     0  00:00      0.00    0.00    0.50
  2316                 CONDUIT      4.16     0  01:50      0.95    0.18    0.97
  3316                 CONDUIT      4.10     0  14:44      1.37   15.15    0.90
  4316                 CONDUIT      4.10     0  13:31      1.41    0.77    0.43
  301                  CONDUIT      2.61     0  04:20      1.62   25.84    0.93
  494                  CONDUIT      0.00     0  00:00      0.00    0.00    0.00
  495                  CONDUIT      0.00     0  00:00      0.00    0.00    0.00
  7315                 CONDUIT      5.57     0  00:18      2.52   21.96    1.00
  5315                 CONDUIT      6.42     0  00:21      4.10   21.58    1.00
  4315                 CONDUIT      8.02     0  00:03      6.65   67.79    1.00
  2493                 CONDUIT      0.00     0  00:00      0.00    0.00    0.00
  475                  CONDUIT      0.00     0  00:00      0.00    0.00    0.00
  464                  CONDUIT      0.00     0  00:00      0.00    0.00    0.00
  344                  CONDUIT      0.00     0  00:00      0.00    0.00    0.00
  342                  CONDUIT      0.00     1  00:00      0.15    0.09    0.08
  2342                 CONDUIT      0.00     1  00:00      0.12    0.01    0.03
  343                  CONDUIT      0.03     0  05:35      0.40    3.59    0.97
  2343                 CONDUIT      0.11     1  00:00      0.40    3.02    0.50
  482                  CONDUIT      0.11     1  00:00      0.69    7.52    0.46
  2482                 CONDUIT      0.11     1  00:00      0.48    1.86    0.48
  3344                 CONDUIT      0.09     0  07:45      0.30    1.33    0.35
  3343                 CONDUIT      0.17     0  04:20      0.44    1.47    0.29
  2480                 CONDUIT      0.52     0  01:48      0.97    2.05    0.29
  324X                 CONDUIT      0.06     0  02:48      0.70    1.71    0.67
  324                  CONDUIT      0.16     1  00:00      0.47    2.80    0.37
  478                  CONDUIT      0.00     0  00:00      0.00    0.00    0.00
  2478                 CONDUIT      0.00     1  00:00      0.03    0.00    0.01
  3342                 CONDUIT      0.00     0  00:00      0.00    0.00    0.00
  4438                 CONDUIT      0.01     0  14:13      0.17    1.13    0.29
  3321                 CONDUIT      0.00     0  12:45      0.20    0.09    0.19
  2321                 CONDUIT      0.00     0  13:09      0.11    0.12    0.12
  438                  CONDUIT      0.00     0  21:44      0.09    0.51    0.16
  2438-A               CONDUIT      0.03     0  21:30      0.55    0.27    0.13
  2438                 CONDUIT      0.01     0  21:33      0.37    1.13    0.32
  324-A                CONDUIT      0.04     1  00:00      0.54   13.27    0.94
  3438                 CONDUIT      0.12     1  00:00      0.62    3.19    0.29
  435                  CONDUIT      0.30     0  23:57      1.20   14.42    0.66
  4321                 CONDUIT      0.00     1  00:00      0.13    0.33    0.14
  480                  CONDUIT      0.21     1  00:00      1.04   10.32    0.56
  439                  CONDUIT      0.03     0  01:18      0.40    2.29    0.41
  2435                 CONDUIT      0.90     0  00:41      1.24    2.75    0.34
  2439                 CONDUIT      0.69     0  23:55      1.36    6.12    0.39
  G425                 CONDUIT      2.45     0  00:19      2.94    2.24    0.37
  424                  CONDUIT      0.00     1  00:00      0.03    0.00    0.01
  3324                 CONDUIT      0.04     1  00:00      0.46    4.75    0.45
  1425                 CONDUIT      0.11     1  00:00      1.43    0.01    0.53
  2424                 CONDUIT      0.02     1  00:00      0.27    0.14    0.07
  3424                 CONDUIT      0.03     0  13:43      0.30    0.04    0.08
  396                  CONDUIT      0.02     0  22:39      0.14    0.08    0.07
  2396                 CONDUIT      0.01     1  00:00      0.08    0.02    0.04
  402                  CONDUIT      0.00     0  00:00      0.00    0.00    0.00
  398                  CONDUIT      0.00     0  00:00      0.00    0.00    0.00
  400                  CONDUIT      0.00     0  00:00      0.00    0.00    0.00
  2400                 CONDUIT      0.00     0  00:00      0.00    0.00    0.00
  399                  CONDUIT      0.00     0  00:00      0.00    0.00    0.00
  2398                 CONDUIT      0.00     0  00:00      0.00    0.00    0.00
  432                  CONDUIT      0.00     0  00:00      0.00    0.00    0.00
  1395                 CONDUIT      0.00     0  00:00      0.00    0.00    0.00
  2395                 CONDUIT      0.00     0  00:00      0.00    0.00    0.00
  3395                 CONDUIT      0.00     0  00:00      0.00    0.00    0.24
  4395                 CONDUIT      0.03     1  00:00      0.38    3.01    0.30
  423                  CONDUIT      0.04     1  00:00      0.24    0.38    0.15
  322                  CONDUIT      0.00     0  23:50      0.03    0.02    0.04
  2322                 CONDUIT      0.01     0  23:50      0.77    0.01    0.05
  2397                 CONDUIT      0.12     0  23:14      1.08    7.18    0.53
  3397                 CONDUIT      0.03     0  23:20      1.27    0.08    0.19
  4397                 CONDUIT      0.01     0  23:20      0.33    0.33    0.14
  394                  CONDUIT      0.02     0  06:05      0.20    6.66    0.73
  2402                 CONDUIT      0.00     0  00:00      0.00    0.00    0.00
  G423-1               CONDUIT      0.04     1  00:00      4.15    0.01    0.04
  397                  CONDUIT      0.02     0  02:52      0.32    4.25    0.73
  2426                 CONDUIT      1.65     0  11:56      0.71    2.33    0.32
  PM-51                CONDUIT      0.08     0  01:01      1.06    0.40    0.60
  FUTURE               CONDUIT      0.44     0  03:12      0.45    6.67    0.50
  3418.1               CONDUIT      0.03     1  00:00      2.30    0.00    0.50
  414_2                CONDUIT      0.00     0  00:00      0.00    0.00    0.00
  488-8"               CONDUIT      0.06     1  00:00      0.41    0.00    0.52
  386_2                CONDUIT      0.06     1  00:00      0.36    2.95    0.27
  2386                 CONDUIT      0.00     0  00:00      0.00    0.00    0.00
  387                  CONDUIT      0.00     0  00:00      0.00    0.00    0.00
  2387                 CONDUIT      0.00     0  00:00      0.00    0.00    0.00
  348                  CONDUIT      0.19     0  03:22      0.32    0.68    0.19
  307                  CONDUIT      0.00     0  00:00      0.00    0.00    0.00
  2307-30"             CONDUIT      1.73     0  12:58      1.65    0.12    0.62
  3307-42"             CONDUIT      0.00     0  00:00      0.00    0.00    0.00
  5414                 CONDUIT      0.00     0  00:00      0.00    0.00    0.00
  1310-72"             CONDUIT      0.00     0  00:00      0.00    0.00    0.00
  300                  CONDUIT      1.02     0  04:39      0.73    1.48    0.24
  2300                 CONDUIT      0.46     0  23:51      0.40    1.26    0.15
  4300                 CONDUIT      0.03     1  00:00      0.30    0.01    0.04
  346                  CONDUIT      0.02     1  00:00      0.37    0.05    0.05
  5300                 CONDUIT      0.29     1  00:00      0.33    0.82    0.12
  347                  CONDUIT      1.62     0  21:35      0.83    1.92    0.29
  4300.1               CONDUIT      0.03     1  00:00      0.30    0.01    0.05
  2346                 CONDUIT      0.02     1  00:00      0.29    0.01    0.04
  4496                 CONDUIT      0.69     0  14:52      0.46    0.41    0.14
  3310                 CONDUIT      0.00     0  00:00      0.00    0.00    0.07
  2347                 CONDUIT      0.00     0  00:00      0.00    0.00    0.13
  3496                 CONDUIT      0.46     0  19:12      0.30    0.30    0.13
  497_2                CONDUIT      0.02     0  18:51      0.15    2.93    0.75
  2496                 CONDUIT      0.34     1  00:00      0.51    7.68    0.48
  496_2                CONDUIT      0.35     1  00:00      1.63    8.45    0.58
  4962                 CONDUIT      4.47     0  23:57      0.84    3.62    0.24
  2187                 CONDUIT      0.00     0  00:00      0.00    0.00    0.00
  2414                 CONDUIT      8.63     0  23:56      4.38    0.14    0.62
  3414-24"             CONDUIT      0.00     0  00:00      0.00    0.00    0.00
  14346                CONDUIT      0.36     0  01:23      0.67   20.48    0.94
  16346                CONDUIT      0.29     0  03:52      0.58   11.58    0.86
  19346                CONDUIT      0.29     0  03:30      0.91    2.90    0.62
  18346                CONDUIT      0.20     0  23:52      0.41    7.78    0.39
  88346                CONDUIT      0.35     1  00:00      0.47    0.57    0.11
  4346                 CONDUIT      0.28     1  00:00      0.29    0.52    0.11
  5346.1               CONDUIT      0.17     0  14:22      0.25    0.42    0.24
  2311                 CONDUIT      0.29     1  00:00      0.22    7.73    0.70
  2310                 CONDUIT      0.73     0  07:40      0.65    1.98    0.31
  962_2                CONDUIT      0.02     0  07:50      0.24    2.63    0.61
  2415                 CONDUIT      4.43     0  23:40      1.08   20.03    0.71
  345_2                CONDUIT      0.18     0  04:10      0.57    0.68    0.93
  2345                 CONDUIT      0.29     0  06:11      0.58    0.30    0.62
  2210                 CONDUIT      0.49     0  08:00      0.43    0.15    0.31
  3345                 CONDUIT      1.31     0  04:46      0.70    0.45    0.31
  462_2                CONDUIT      0.00     0  00:00      0.00    0.00    0.00
  2462                 CONDUIT      0.00     0  00:00      0.00    0.00    0.00
  2319-30"             CONDUIT      0.09     0  02:41      0.93    0.01    0.26
  417_2                CONDUIT      0.95     0  00:07      1.76   11.61    0.50
  6436                 CONDUIT      0.00     0  00:00      0.00    0.00    0.11
  415_2                CONDUIT      1.24     0  01:43      0.68    3.74    0.80
  307.1                CONDUIT      0.00     0  00:00      0.00    0.00    0.00
  20346                CONDUIT      1.33     0  20:10      0.74    2.07    0.24
  5346                 CONDUIT      0.92     0  19:14      0.92    0.29    0.27
  310                  CONDUIT      0.07     0  01:35      0.68    0.30    0.73
  314                  CONDUIT      0.00     0  00:00      0.00    0.00    0.00
  3314                 CONDUIT      0.00     0  00:00      0.00    0.00    0.00
  4314                 CONDUIT      0.00     0  00:00      0.00    0.00    0.00
  5314                 CONDUIT      0.00     0  00:00      0.00    0.00    0.00
  6314                 CONDUIT      0.00     0  00:00      0.00    0.00    0.00
  7314                 CONDUIT      0.00     0  00:00      0.00    0.00    0.00
  312                  CONDUIT      0.00     0  00:00      0.00    0.00    0.00
  313                  CONDUIT      0.00     0  00:00      0.00    0.00    0.00
  2313                 CONDUIT      0.00     0  00:00      0.00    0.00    0.00
  2312                 CONDUIT      0.00     0  00:00      0.00    0.00    0.00
  3312                 CONDUIT      0.00     0  00:00      0.00    0.00    0.00
  2314                 CONDUIT      0.00     0  00:00      0.00    0.00    0.00
  PM-42                CONDUIT      2.04     0  00:41      3.01   16.71    1.00
  PM-45                CONDUIT      0.00     0  00:00      0.00    0.00    0.00
  PM-38                CONDUIT      0.00     0  00:00      0.00    0.00    0.00
  416_2                CONDUIT      0.01     0  01:03      0.12    0.17    0.10
  2417                 CONDUIT      0.01     0  04:44      0.10    0.04    0.05
  319-8                CONDUIT      0.08     0  13:08      1.50    0.08    0.60
  6417                 CONDUIT      0.01     0  06:39      0.14    0.02    0.05
  401                  CONDUIT      0.00     0  00:00      0.00    0.00    0.00
  3319                 CONDUIT      0.00     0  00:00      0.00    0.00    0.00
  PM-7                 CONDUIT      0.00     0  00:00      0.00    0.00    0.00
  PM-24                CONDUIT      0.00     0  00:00      0.00    0.00    0.00
  PM-52                CONDUIT      1.73     0  00:03      2.82   14.21    0.74
  3387-48"             CONDUIT      0.00     0  00:00      0.00    0.00    0.00
  PM-13                CONDUIT      1.18     0  00:35      2.43    9.67    0.99
  4346.1               CONDUIT      0.84     1  00:00      0.77    1.13    0.22
  PM-49                CONDUIT      0.92     1  00:00      1.52    7.51    1.00
  PM-48                CONDUIT      0.29     1  00:00      0.95    2.35    1.00
  PM-4                 CONDUIT      0.02     0  02:37      0.49    0.14    0.89
  PM-6                 CONDUIT      0.02     0  01:57      0.51    0.17    1.00
  PM-11                CONDUIT      0.00     0  00:00      0.00    0.00    0.00
  PM-22                CONDUIT      4.44     0  01:07      5.79    3.64    1.00
  PM-12                CONDUIT      0.00     0  00:00      0.00    0.00    0.00
  PM-39                CONDUIT      0.00     0  00:00      0.00    0.00    0.00
  309_2                CONDUIT      0.00     0  00:00      0.00    0.00    0.00
  323_2                CONDUIT      0.00     1  00:00      0.13    0.23    0.10
  2323                 CONDUIT      0.02     1  00:00      0.15    1.26    0.21
  2305                 CONDUIT      0.02     0  14:57      0.17    1.06    0.28
  388_2                CONDUIT      0.01     0  12:36      0.20    0.65    0.40
  2388                 CONDUIT      0.02     1  00:00      0.20    0.97    0.19
  304                  CONDUIT      0.00     1  00:00      0.15    0.93    0.21
  3304                 CONDUIT      0.08     0  04:43      1.44    0.03    0.56
  4304                 CONDUIT      0.00     0  00:00      0.00    0.00    0.00
  3327                 CONDUIT      0.00     0  00:00      0.00    0.00    0.00
  327_2                CONDUIT      0.00     0  00:00      0.00    0.00    0.00
  2327                 CONDUIT      0.00     0  00:00      0.00    0.00    0.00
  328_2                CONDUIT      0.00     0  00:00      0.00    0.00    0.00
  2326                 CONDUIT      0.00     0  00:00      0.00    0.00    0.00
  481_2                CONDUIT      0.00     0  00:00      0.00    0.00    0.00
  326_2                CONDUIT      0.00     0  00:00      0.00    0.00    0.00
  325_2                CONDUIT      0.00     0  00:00      0.00    0.00    0.00
  2325                 CONDUIT      0.00     0  00:00      0.00    0.00    0.00
  3325                 CONDUIT      0.00     0  00:00      0.00    0.00    0.00
  305_2                CONDUIT      0.03     0  05:22      0.57    2.23    0.60
  334                  CONDUIT      0.00     0  00:00      0.00    0.00    0.00
  338                  CONDUIT      0.00     0  00:00      0.00    0.00    0.00
  3338                 CONDUIT      0.11     1  00:00      2.52    0.11    0.61
  333                  CONDUIT      0.00     0  00:00      0.00    0.00    0.00
  434                  CONDUIT      0.00     0  00:00      0.00    0.00    0.00
  339                  CONDUIT      0.00     0  00:00      0.00    0.00    0.00
  3339                 CONDUIT      0.00     0  00:00      0.00    0.00    0.00
  2330                 CONDUIT      0.01     0  00:46      0.25    0.14    0.08
  2335                 CONDUIT      0.08     0  00:46      1.08    0.02    0.10
  335                  CONDUIT      0.36     0  00:03      0.87   12.20    0.52
  341                  CONDUIT      0.00     0  00:00      0.00    0.00    0.00
  2433                 CONDUIT      0.00     0  00:00      0.00    0.00    0.00
  2337                 CONDUIT      0.00     0  00:00      0.00    0.00    0.00
  337                  CONDUIT      0.00     0  00:00      0.00    0.00    0.00
  487                  CONDUIT      0.00     0  00:00      0.00    0.00    0.00
  5487                 CONDUIT      0.02     1  00:00      1.13    0.01    0.06
  2487                 CONDUIT      0.00     0  00:00      0.00    0.00    0.00
  332                  CONDUIT      0.00     0  00:00      0.00    0.00    0.00
  2339                 CONDUIT      0.00     0  00:00      0.00    0.00    0.00
  329                  CONDUIT      0.00     0  00:00      0.00    0.00    0.18
  3338_2               CONDUIT      0.00     0  00:00      0.00    0.00    0.00
  4338                 CONDUIT      0.00     0  00:00      0.00    0.00    0.00
  5338                 CONDUIT      0.00     0  00:00      0.00    0.00    0.00
  2336                 CONDUIT      0.00     0  00:00      0.00    0.00    0.50
  G414                 CONDUIT      0.08     0  01:01      2.60    0.00    0.58
  336                  CONDUIT     26.04     0  00:00     16.90    0.86    0.87
  370                  CONDUIT      0.00     0  00:00      0.00    0.00    0.00
  2370                 CONDUIT      0.00     0  00:00      0.00    0.00    0.00
  3370                 CONDUIT      0.00     0  00:00      0.00    0.00    0.00
  3390                 CONDUIT      0.00     0  00:00      0.00    0.00    0.00
  2368                 CONDUIT      0.00     0  00:00      0.00    0.00    0.00
  2377                 CONDUIT      0.00     0  00:00      0.00    0.00    0.00
  364                  CONDUIT      0.00     0  00:00      0.00    0.00    0.00
  2364                 CONDUIT      0.00     0  00:00      0.00    0.00    0.00
  3366                 CONDUIT      0.00     0  00:00      0.00    0.00    0.00
  2369                 CONDUIT      0.00     0  00:00      0.00    0.00    0.00
  365                  CONDUIT      0.00     0  00:00      0.00    0.00    0.00
  369                  CONDUIT      0.00     0  00:00      0.00    0.00    0.00
  385                  CONDUIT      0.00     0  00:00      0.00    0.00    0.00
  2385                 CONDUIT      0.00     0  00:00      0.00    0.00    0.00
  2373                 CONDUIT      0.00     0  00:00      0.00    0.00    0.00
  2419                 CONDUIT      0.00     0  00:00      0.00    0.00    0.00
  419                  CONDUIT      0.00     0  00:00      0.00    0.00    0.00
  373                  CONDUIT      0.00     0  00:00      0.00    0.00    0.00
  374                  CONDUIT      0.00     0  00:00      0.00    0.00    0.00
  368                  CONDUIT      0.00     0  00:00      0.00    0.00    0.00
  366                  CONDUIT      0.00     0  00:00      0.00    0.00    0.00
  377                  CONDUIT      0.00     0  00:00      0.00    0.00    0.00
  10461                CONDUIT      0.00     0  00:00      0.00    0.00    0.00
  2461                 CONDUIT      0.00     0  00:00      0.00    0.00    0.00
  489                  CONDUIT      0.00     0  00:00      0.00    0.00    0.00
  461                  CONDUIT      0.00     0  00:00      0.00    0.00    0.00
  356                  CONDUIT      0.00     0  00:00      0.00    0.00    0.00
  2356                 CONDUIT      0.00     0  00:00      0.00    0.00    0.00
  362                  CONDUIT      0.00     0  00:00      0.00    0.00    0.00
  2362                 CONDUIT      0.00     0  00:00      0.00    0.00    0.00
  3356                 CONDUIT      0.00     0  00:00      0.00    0.00    0.00
  375                  CONDUIT      0.00     0  00:00      0.00    0.00    0.00
  427                  CONDUIT      0.00     0  00:00      0.00    0.00    0.00
  376                  CONDUIT      0.00     0  00:00      0.00    0.00    0.00
  2375                 CONDUIT      0.00     0  00:00      0.00    0.00    0.00
  367                  CONDUIT      0.00     0  00:00      0.00    0.00    0.00
  359                  CONDUIT      0.00     0  00:00      0.00    0.00    0.00
  354                  CONDUIT      0.00     0  00:00      0.00    0.00    0.00
  2354                 CONDUIT      0.00     0  00:00      0.00    0.00    0.00
  353                  CONDUIT      0.00     0  00:00      0.00    0.00    0.00
  2353                 CONDUIT      0.00     0  00:00      0.00    0.00    0.00
  352                  CONDUIT      0.00     0  00:00      0.00    0.00    0.00
  351                  CONDUIT      0.00     0  00:00      0.00    0.00    0.00
  361                  CONDUIT      0.00     0  00:00      0.00    0.00    0.00
  360                  CONDUIT      0.00     0  00:00      0.00    0.00    0.00
  355                  CONDUIT      0.00     0  00:00      0.00    0.00    0.00
  G2355                CONDUIT      0.00     0  00:00      0.00    0.00    0.50
  2489                 CONDUIT      0.00     0  00:00      0.00    0.00    0.00
  G2357                CONDUIT      0.00     0  00:00      0.00    0.00    0.00
  3353                 CONDUIT      0.00     0  00:00      0.00    0.00    0.00
  G3353                CONDUIT      0.00     0  00:00      0.00    0.00    0.50
  G2367                CONDUIT      0.00     0  00:00      0.00    0.00    0.50
  389                  CONDUIT      0.00     0  00:00      0.00    0.00    0.00
  G2359                CONDUIT      0.46     0  00:06      1.65    1.45    1.00
  G2358                CONDUIT      0.00     0  00:00      0.00    0.00    0.50
  2376                 CONDUIT      0.00     0  00:00      0.00    0.00    0.00
  G3376                CONDUIT      0.00     0  00:00      0.00    0.00    0.50
  363                  CONDUIT      0.00     0  00:00      0.00    0.00    0.00
  2363                 CONDUIT      0.00     0  00:00      0.00    0.00    0.00
  G2361                CONDUIT      0.00     0  00:00      0.00    0.00    0.50
  10361                CONDUIT      0.00     0  00:00      0.00    0.00    0.00
  415_3                CONDUIT      0.00     0  00:00      0.00    0.00    0.00
  2351                 CONDUIT      0.00     0  00:00      0.00    0.00    0.00
  4351                 CONDUIT      0.00     0  00:00      0.00    0.00    0.00
  2366                 CONDUIT      0.00     0  00:00      0.00    0.00    0.00
  2374                 CONDUIT      0.00     0  00:00      0.00    0.00    0.00
  3351                 CONDUIT      0.00     0  00:00      0.00    0.00    0.00
  378                  CONDUIT      0.00     0  00:00      0.00    0.00    0.00
  358                  CONDUIT      0.00     0  00:00      0.00    0.00    0.00
  378_2                CONDUIT      0.00     0  00:00      0.00    0.00    0.00
  4436                 CONDUIT      0.00     0  00:00      0.00    0.00    0.00
  405                  CONDUIT      0.00     0  00:00      0.00    0.00    0.00
  G2405                CONDUIT      0.00     0  00:00      0.00    0.00    0.00
  381                  CONDUIT      0.00     0  00:00      0.00    0.00    0.00
  484                  CONDUIT      0.00     0  00:00      0.00    0.00    0.00
  382                  CONDUIT      0.00     0  00:00      0.00    0.00    0.00
  391                  CONDUIT      0.00     0  00:00      0.00    0.00    0.00
  2477                 CONDUIT      0.00     0  00:00      0.00    0.00    0.00
  2463                 CONDUIT      0.00     0  00:00      0.00    0.00    0.00
  477                  CONDUIT      0.00     0  00:00      0.00    0.00    0.00
  383                  CONDUIT      0.00     0  00:00      0.00    0.00    0.00
  379                  CONDUIT      0.00     0  00:00      0.00    0.00    0.00
  2381                 CONDUIT      0.00     0  00:00      0.00    0.00    0.00
  3380                 CONDUIT      0.00     0  00:00      0.00    0.00    0.50
  2380                 CONDUIT      0.00     0  00:00      0.00    0.00    0.00
  2380_2               CONDUIT      0.00     0  00:00      0.00    0.00    0.00
  380                  CONDUIT      0.00     0  00:00      0.00    0.00    0.00
  2382                 CONDUIT      0.00     0  00:00      0.00    0.00    0.00
  3382                 CONDUIT      0.00     0  00:00      0.00    0.00    0.30
  4382                 CONDUIT      0.67     0  00:01      1.13   15.02    0.51
  2379                 CONDUIT      0.00     0  00:00      0.00    0.00    0.50
  3484                 CONDUIT      0.00     0  00:00      0.00    0.00    0.00
  4484                 CONDUIT      0.00     0  00:00      0.00    0.00    0.00
  3383                 CONDUIT      0.00     0  00:00      0.00    0.00    0.00
  417-US               CONDUIT      3.88     0  00:00      5.87    0.50    0.50
  1384                 CONDUIT      0.00     0  00:00      0.00    0.00    0.00
  1301                 CONDUIT      0.00     0  00:00      0.00    0.00    0.00
  6315                 CONDUIT      6.07     0  00:21      2.64   34.16    1.00
  NTP-1                CONDUIT      0.00     0  00:00      0.00    0.00    0.00
  NTP-2                CONDUIT      0.00     0  00:00      0.00    0.00    0.00
  NTP-3                CONDUIT      0.00     0  00:00      0.00    0.00    0.00
  384                  CONDUIT      0.00     0  00:00      0.00    0.00    0.00
  395                  CONDUIT      0.00     0  00:00      0.00    0.00    0.00
  1182                 CONDUIT      1.96     1  00:00      0.61    3.07    0.39
  1192                 CONDUIT      1.07     0  12:15      0.54    1.05    0.37
  182_2                CONDUIT      0.85     1  00:00      2.42   28.78    1.00
  192                  CONDUIT      1.06     1  00:00      0.62    1.13    0.37
  2192                 CONDUIT      1.02     1  00:00      0.59    1.12    0.37
  22                   CONDUIT      0.00     0  15:27      0.08    0.07    0.06
  1019                 CONDUIT      0.97     1  00:00      0.30    1.49    0.36
  19                   CONDUIT      0.93     1  00:00      0.67    9.80    1.00
  022_2                CONDUIT      0.06     0  15:24      1.28    0.01    0.18
  022_3                CONDUIT      0.06     0  19:22      0.59    0.77    0.14
  2022                 CONDUIT      0.02     0  15:23      0.71    0.03    0.14
  PM-43                CONDUIT      2.12     0  01:30      2.06    5.12    0.80
  2331                 CONDUIT      0.00     0  00:00      0.00    0.00    0.00
  1331                 CONDUIT      0.00     0  06:24      0.03    0.00    0.01
  PM-44                CONDUIT      0.24     0  00:06      1.42    1.93    1.00
  PM-50                CONDUIT      0.05     0  00:28      0.41    0.13    0.80
  PM-17                CONDUIT      0.06     0  01:01      0.80    0.52    0.44
  4415                 CONDUIT      3.55     1  00:00      1.66    0.77    0.13
  393                  CONDUIT      0.00     0  00:00      0.00    0.00    0.00
  G2393                CONDUIT      0.00     0  00:00      0.00    0.00    0.00
  392                  CONDUIT      0.00     0  00:00      0.00    0.00    0.00
  2344                 CONDUIT      0.04     0  07:24      0.28    0.65    0.39
  320                  CONDUIT      0.00     0  00:00      0.00    0.00    0.00
  3477                 CONDUIT      0.00     0  00:00      0.00    0.00    0.00
  4345                 CONDUIT      0.00     0  00:00      0.00    0.00    0.00
  5436                 CONDUIT      0.00     0  00:00      0.00    0.00    0.00
  336_2                CONDUIT      0.00     0  00:00      0.00    0.00    0.00
  2336_2               CONDUIT      0.01     0  19:58      1.76    0.01    0.54
  3447                 CONDUIT      0.00     0  00:00      0.00    0.00    0.00
  3318                 CONDUIT      0.02     0  23:54      1.33    0.00    0.35
  447                  CONDUIT      0.00     0  00:00      0.00    0.00    0.00
  1447                 CONDUIT      0.00     0  00:00      0.00    0.00    0.00
  1318                 CONDUIT      0.00     0  00:00      0.00    0.00    0.00
  1318.1               CONDUIT      0.00     0  00:00      0.00    0.00    0.00
  318                  CONDUIT      0.00     0  00:00      0.00    0.00    0.00
  2434                 CONDUIT      0.00     0  00:00      0.00    0.00    0.00
  3434                 CONDUIT      0.00     0  00:00      0.00    0.00    0.00
  3462                 CONDUIT      0.00     0  00:00      0.00    0.00    0.00
  3323                 CONDUIT      0.00     0  00:00      0.00    0.00    0.00
  2309                 CONDUIT      0.00     0  00:00      0.00    0.00    0.00
  308_2                CONDUIT      0.00     1  00:00      0.08    0.09    0.06
  2323.1               CONDUIT      0.00     1  00:00      0.07    0.05    0.05
  3439                 CONDUIT      0.74     0  00:27      1.13    2.34    0.36
  425_2                CONDUIT      0.46     0  00:29      1.02    1.12    0.36
  1362                 CONDUIT      0.00     0  00:00      0.00    0.00    0.00
  1383-6"              CONDUIT      0.00     0  00:00      0.00    0.00    0.00
  3349                 CONDUIT      0.05     0  07:48      0.25    0.46    0.36
  1450                 CONDUIT      0.08     0  23:20      1.14    0.01    0.53
  450.1                CONDUIT      0.07     0  10:04      0.75    1.55    0.90
  4366                 CONDUIT      0.00     0  00:00      0.00    0.00    0.00
  2304                 CONDUIT      0.02     1  00:00      0.55    0.11    0.09
  2383-6"              CONDUIT      0.00     0  00:00      0.00    0.00    0.00
  PL2325               CONDUIT      0.00     0  00:00      0.00    0.00    0.00
  K3039                CONDUIT      0.00     0  00:00      0.00    0.00    0.00
  PL2323               CONDUIT      0.00     0  00:00      0.00    0.00    0.00
  PL2322               CONDUIT      0.00     0  00:00      0.00    0.00    0.00
  PL2319               CONDUIT      0.00     0  00:00      0.00    0.00    0.00
  PK2317               CONDUIT      0.00     0  00:00      0.00    0.00    0.00
  PL2316               CONDUIT      0.00     0  00:00      0.00    0.00    0.00
  PK2097               CONDUIT     10.91     0  00:00     17.53    0.30    0.31
  PK2096               CONDUIT     11.08     0  00:00     17.80    0.30    0.51
  PK3090               CONDUIT      0.00     0  00:00      0.00    0.00    0.00
  PK3089               CONDUIT      0.00     0  00:00      0.00    0.00    0.00
  PK3088               CONDUIT      0.00     0  00:00      0.00    0.00    0.00
  PK3063               CONDUIT      0.00     0  00:00      0.00    0.00    0.00
  PK3061               CONDUIT      0.00     0  00:00      0.00    0.00    0.00
  PK3047               CONDUIT      0.00     0  00:00      0.00    0.00    0.00
  PK3045               CONDUIT      0.00     0  00:00      0.00    0.00    0.00
  PK3044               CONDUIT      0.00     0  00:00      0.00    0.00    0.00
  PK3043               CONDUIT      0.00     0  00:00      0.00    0.00    0.00
  PK3041               CONDUIT      0.00     0  00:00      0.00    0.00    0.00
  PK3040               CONDUIT      0.00     0  00:00      0.00    0.00    0.00
  M6-AC36              CONDUIT      0.00     0  00:00      0.00    0.00    0.00
  M4-AC6               CONDUIT      0.00     0  00:00      0.00    0.00    0.00
  F1-AC24              CONDUIT      0.00     0  00:00      0.00    0.00    0.00
  K1-AC12              CONDUIT      0.00     0  00:00      0.00    0.00    0.00
  371                  CONDUIT      0.00     0  00:00      0.00    0.00    0.00
  3371                 CONDUIT      0.00     0  00:00      0.00    0.00    0.00
  M3-AC24              CONDUIT      0.00     0  00:00      0.00    0.00    0.00
  2401                 CONDUIT      0.00     0  00:00      0.00    0.00    0.00
  N4-AC6               CONDUIT      0.00     0  00:00      0.00    0.00    0.00
  P5-AC12              CONDUIT      0.00     0  00:00      0.00    0.00    0.00
  D2-AC16              CONDUIT      0.00     0  00:00      0.00    0.00    0.00
  457                  CONDUIT      0.00     0  00:00      0.00    0.00    0.00
  2457                 CONDUIT      0.00     0  00:00      0.00    0.00    0.00
  3457                 CONDUIT      0.00     0  00:00      0.00    0.00    0.00
  C3-AC36              CONDUIT      0.00     0  00:00      0.00    0.00    0.00
  3392                 CONDUIT      0.00     0  00:00      0.00    0.00    0.00
  C4-AC36              CONDUIT      0.00     0  00:00      0.00    0.00    0.00
  4392                 CONDUIT      0.00     0  00:00      0.00    0.00    0.00
  D4-AC16              CONDUIT      0.00     0  00:00      0.00    0.00    0.00
  1311                 CONDUIT      0.02     0  21:55      1.59    0.00    0.51
  E2-AC16              CONDUIT      0.00     0  00:00      0.00    0.00    0.00
  F1-AC24-1            CONDUIT      0.00     0  00:00      0.00    0.00    0.00
  1421                 CONDUIT      0.00     0  00:00      0.00    0.00    0.00
  F1-AC16              CONDUIT      0.00     0  00:00      0.00    0.00    0.00
  349                  CONDUIT      5.19     0  00:50      6.95    0.99    0.90
  2349                 CONDUIT      4.81     0  00:50      4.69    0.68    0.80
  H1-AC16              CONDUIT      0.00     0  00:00      0.00    0.00    0.00
  4302                 CONDUIT      0.08     1  00:00      1.14    0.02    0.12
  F4-AC72              CONDUIT      0.00     0  00:00      0.00    0.00    0.00
  2962                 CONDUIT      0.12     0  08:59      0.23    0.05    0.07
  3962                 CONDUIT      0.00     0  00:00      0.00    0.00    0.00
  F5-AC36              CONDUIT      0.00     0  00:00      0.00    0.00    0.00
  3300.1               CONDUIT      0.03     0  08:10      0.22    0.02    0.05
  3300                 CONDUIT      0.00     0  00:00      0.00    0.00    0.00
  R7-AC24              CONDUIT      0.00     0  00:00      0.00    0.00    0.00
  PJM-44               CONDUIT      0.00     0  00:00      0.00    0.00    0.00
  418-1                CONDUIT      0.00     1  00:00      0.20    0.00    0.01
  P6-AC36              CONDUIT      0.00     0  00:00      0.00    0.00    0.00
  418                  CONDUIT      0.01     1  00:00      0.95    0.00    0.09
  1418                 CONDUIT      0.00     0  00:00      0.00    0.00    0.00
  M6-AC42              CONDUIT      0.00     0  00:00      0.00    0.00    0.00
  M5-AC30              CONDUIT      0.00     0  00:00      0.00    0.00    0.00
  2307.1               CONDUIT      0.00     0  00:00      0.00    0.00    0.00
  M5-AC42              CONDUIT      0.00     0  00:00      0.00    0.00    0.00
  4414                 CONDUIT      0.00     0  00:00      0.00    0.00    0.00
  4187                 CONDUIT      0.00     0  00:00      0.00    0.00    0.00
  357                  CONDUIT      0.00     0  00:00      0.00    0.00    0.00
  M7-AC42              CONDUIT      0.00     0  00:00      0.00    0.00    0.00
  2182                 CONDUIT      0.84     0  05:48      0.48    1.82    0.40
  3182                 CONDUIT      0.00     0  00:00      0.00    0.00    0.00
  2392                 CONDUIT      0.01     0  04:57      0.19    0.01    0.03
  311                  CONDUIT      0.00     0  00:00      0.00    0.00    0.00
  421                  CONDUIT      0.00     0  00:00      0.00    0.00    0.00
  L3-AC10              CONDUIT      0.00     0  00:00      0.00    0.00    0.00
  4499                 CONDUIT      3.55     1  00:00      5.99    0.36    0.71
  306                  CONDUIT      0.00     0  00:00      0.00    0.00    0.00
  1486                 CONDUIT      0.00     0  00:00      0.00    0.00    0.00
  2465                 CONDUIT      0.00     0  00:00      0.00    0.00    0.00
  1490                 CONDUIT      0.00     0  00:00      0.00    0.00    0.00
  2490                 CONDUIT      0.00     0  00:00      0.00    0.00    0.00
  1498                 CONDUIT      0.00     0  00:00      0.00    0.00    0.00
  2498                 CONDUIT      0.00     0  00:00      0.00    0.00    0.00
  3498                 CONDUIT      0.00     0  00:00      0.00    0.00    0.00
  2390                 CONDUIT      0.00     0  00:00      0.00    0.00    0.00
  2485                 CONDUIT      0.00     0  00:00      0.00    0.00    0.00
  3485                 CONDUIT      0.00     0  00:00      0.00    0.00    0.00
  479                  CONDUIT      0.00     0  00:00      0.00    0.00    0.00
  2479                 CONDUIT      0.00     0  00:00      0.00    0.00    0.00
  3479                 CONDUIT      0.00     0  00:00      0.00    0.00    0.00
  1476                 CONDUIT      0.00     0  00:00      0.00    0.00    0.00
  410                  CONDUIT      0.21     1  00:00      3.19    0.20    0.65
  2410                 CONDUIT      0.00     0  00:00      0.00    0.00    0.00
  408                  CONDUIT      0.00     0  00:00      0.00    0.00    0.00
  1485                 CONDUIT      0.00     0  00:00      0.00    0.00    0.00
  2408                 CONDUIT      0.00     0  00:00      0.00    0.00    0.00
  2436                 CONDUIT      0.00     0  00:00      0.00    0.00    0.00
  2431                 CONDUIT      0.00     0  00:00      0.00    0.00    0.00
  431                  CONDUIT      0.00     0  00:00      0.00    0.00    0.00
  436                  CONDUIT      0.00     0  00:00      0.00    0.00    0.00
  430                  CONDUIT      0.00     0  00:00      0.00    0.00    0.00
  2430                 CONDUIT      0.00     0  00:00      0.00    0.00    0.00
  2437                 CONDUIT      0.00     0  00:00      0.00    0.00    0.00
  1437                 CONDUIT      0.00     0  00:00      0.00    0.00    0.00
  3437                 CONDUIT      0.00     0  00:00      0.00    0.00    0.00
  5437                 CONDUIT      0.00     0  00:00      0.00    0.00    0.00
  406                  CONDUIT      0.12     0  21:35      1.53    0.02    0.55
  2476                 CONDUIT      0.00     0  00:00      0.00    0.00    0.00
  4413                 CONDUIT      0.00     0  00:00      0.00    0.00    0.00
  3413                 CONDUIT      0.00     0  00:00      0.00    0.00    0.00
  413                  CONDUIT      0.69     0  23:56      5.23    0.59    0.78
  390                  CONDUIT      0.01     1  00:00      1.26    0.01    0.54
  2483                 CONDUIT      0.00     0  00:00      0.00    0.00    0.00
  428                  CONDUIT      0.00     0  00:00      0.00    0.00    0.00
  2429                 CONDUIT      0.00     0  00:00      0.00    0.00    0.00
  429                  CONDUIT      0.00     0  00:00      0.00    0.00    0.00
  3429                 CONDUIT      0.00     0  00:00      0.00    0.00    0.00
  1404                 CONDUIT      0.00     0  00:00      0.00    0.00    0.00
  4408                 CONDUIT      0.00     0  00:00      0.00    0.00    0.00
  465                  CONDUIT      0.00     0  00:00      0.00    0.00    0.00
  1305                 CONDUIT      0.00     0  00:00      0.00    0.00    0.00
  11305                CONDUIT      0.00     0  00:00      0.00    0.00    0.00
  NL436                CONDUIT      0.00     0  00:00      0.00    0.00    0.00
  409                  CONDUIT      0.30     0  23:58      2.95    0.44    0.73
  1409                 CONDUIT      0.00     0  00:00      0.00    0.00    0.00
  437                  CONDUIT      0.00     0  00:00      0.00    0.00    0.00
  4437                 CONDUIT      0.00     0  00:00      0.00    0.00    0.00
  3476                 CONDUIT      0.00     0  00:00      0.00    0.00    0.00
  403                  CONDUIT      0.00     0  00:00      0.00    0.00    0.00
  483                  CONDUIT      0.66     0  23:52      2.95    0.21    0.66
  1428-1               CONDUIT      0.00     0  00:00      0.00    0.00    0.00
  1431                 CONDUIT      0.02     1  00:00      1.26    0.03    0.56
  476                  CONDUIT      0.00     0  00:00      0.00    0.00    0.00
  485                  CONDUIT      0.32     1  00:00      2.84    0.10    0.60
  486                  CONDUIT      0.00     0  00:00      0.00    0.00    0.00
  490                  CONDUIT      0.29     1  00:00      4.34    0.46    0.74
  498                  CONDUIT      0.35     1  00:00      5.38    0.35    0.70
  407                  CONDUIT      0.04     0  21:44      1.78    0.17    0.64
  G2407                CONDUIT      0.00     0  00:00      0.00    0.00    0.00
  8349                 PUMP         0.00     0  00:00              0.00
  8449                 PUMP         0.00     0  00:00              0.00
  8448                 PUMP         0.00     0  00:00              0.00
  8446                 PUMP         0.00     0  00:00              0.00
  8447                 PUMP         0.00     0  00:00              0.00
  8457                 PUMP         0.00     0  00:00              0.00
  8455                 PUMP         0.00     0  00:00              0.00
  8318                 PUMP         0.00     0  00:00              0.00
  8411                 PUMP         0.00     0  00:00              0.00
  8412                 PUMP         0.00     0  00:00              0.00
  8454                 PUMP         0.00     0  00:00              0.00
  8450                 PUMP         0.00     0  00:00              0.00
  8460-nc              PUMP         0.00     0  00:00              0.00
  8459                 PUMP         0.00     0  00:00              0.00
  8473                 PUMP         0.00     0  00:00              0.00
  8350                 PUMP         0.00     0  00:00              0.00
  8420                 PUMP         0.00     0  00:00              0.00
  8456                 PUMP         0.00     0  00:00              0.00
  8458                 PUMP         0.00     0  00:00              0.00
  8453                 PUMP         0.00     0  00:00              0.00
  8452                 PUMP         0.00     0  00:00              0.00
  8451                 PUMP         0.00     0  00:00              0.00
  8421                 PUMP         0.00     0  00:00              0.00
  8372                 PUMP         0.00     0  00:00              0.00
  8371                 PUMP         0.00     0  00:00              0.00
  8441                 PUMP         0.00     0  00:00              0.00
  8440                 PUMP         0.00     0  00:00              0.00
  8442                 PUMP         0.00     0  00:00              0.00
  8303                 PUMP         0.00     0  00:00              0.00
  8302                 PUMP         0.00     0  00:00              0.00
  8445                 PUMP         0.00     0  00:00              0.00
  8443                 PUMP         0.00     0  00:00              0.00
  8444                 PUMP         0.00     0  00:00              0.00
  422_2                PUMP         0.00     0  00:00              0.00
  8470                 PUMP         0.00     0  00:00              0.00
  8471                 PUMP         0.00     0  00:00              0.00
  8472                 PUMP         0.00     0  00:00              0.00
  8474                 PUMP         0.00     0  00:00              0.00
  8499                 PUMP         0.00     0  00:00              0.00
  8469                 PUMP         0.00     0  00:00              0.00
  8468DX               PUMP         0.00     0  00:00              0.00
  8426                 PUMP         0.00     0  00:00              0.00
  8467                 PUMP         0.00     0  00:00              0.00
  8466                 PUMP         0.00     0  00:00              0.00
  8493                 PUMP         0.00     0  00:00              0.00
  8315                 PUMP         0.00     0  00:00              0.00
  8317                 PUMP        10.00     0  00:00              1.00
  8301                 PUMP         4.10     0  12:37              0.41
  8316                 PUMP         0.00     0  00:00              0.00
  8491                 PUMP         0.00     0  00:00              0.00
  8494                 PUMP         0.00     0  00:00              0.00
  8492                 PUMP         0.00     0  00:00              0.00
  8495                 PUMP         0.00     0  00:00              0.00
  8475                 PUMP         0.00     0  00:00              0.00
  8464                 PUMP         0.00     0  00:00              0.00
  8344                 PUMP         0.00     0  00:00              0.00
  8342                 PUMP         0.00     0  00:00              0.00
  8343                 PUMP         0.00     0  00:00              0.00
  8482                 PUMP         0.00     0  00:00              0.00
  8324                 PUMP         0.00     0  00:00              0.00
  8478                 PUMP         0.00     0  00:00              0.00
  8438                 PUMP         0.00     0  00:00              0.00
  8321                 PUMP         0.00     0  00:00              0.00
  8435                 PUMP         0.00     0  00:00              0.00
  8480                 PUMP         0.00     0  00:00              0.00
  8439                 PUMP         0.00     0  00:00              0.00
  8424                 PUMP         0.00     0  00:00              0.00
  425                  PUMP         0.00     0  00:00              0.00
  8396                 PUMP         0.00     0  00:00              0.00
  8402                 PUMP         0.00     0  00:00              0.00
  8398                 PUMP         0.00     0  00:00              0.00
  8400                 PUMP         0.00     0  00:00              0.00
  8399                 PUMP         0.00     0  00:00              0.00
  8423                 PUMP         0.04     1  00:00              0.00
  8432                 PUMP         0.00     0  00:00              0.00
  8395                 PUMP         0.00     0  00:00              0.00
  8322                 PUMP         0.00     0  00:00              0.00
  8394                 PUMP         0.00     0  00:00              0.00
  8397                 PUMP         0.00     0  00:00              0.00
  414                  PUMP        10.00     0  00:00              1.00
  488                  PUMP         0.00     0  00:00              0.00
  386                  PUMP         0.00     0  00:00              0.00
  345                  PUMP         0.00     0  00:00              0.00
  497                  PUMP         0.00     0  00:00              0.00
  496                  PUMP         0.00     0  00:00              0.00
  387_2                PUMP         0.00     0  00:00              0.00
  300_2                PUMP         0.00     0  00:00              0.00
  962                  PUMP         0.00     0  00:00              0.00
  462                  PUMP         0.00     0  00:00              0.00
  319                  PUMP         0.00     0  00:00              0.00
  417                  PUMP         3.88     0  00:00              0.39
  416                  PUMP         0.00     0  00:00              0.00
  415                  PUMP         0.00     0  00:00              0.00
  8310                 PUMP         0.00     0  00:00              0.00
  8311                 PUMP         0.00     0  00:00              0.00
  8314                 PUMP         0.00     0  00:00              0.00
  8312                 PUMP         0.00     0  00:00              0.00
  8313                 PUMP         0.00     0  00:00              0.00
  401_2                PUMP         0.00     0  00:00              0.00
  309                  PUMP         0.00     0  00:00              0.00
  308                  PUMP         0.00     0  00:00              0.00
  323                  PUMP         0.00     0  00:00              0.00
  305                  PUMP         0.00     0  00:00              0.00
  388                  PUMP         0.00     0  00:00              0.00
  304_2                PUMP         0.00     0  00:00              0.00
  327                  PUMP         0.00     0  00:00              0.00
  328                  PUMP         0.00     0  00:00              0.00
  481                  PUMP         0.00     0  00:00              0.00
  326                  PUMP         0.00     0  00:00              0.00
  325                  PUMP         0.00     0  00:00              0.00
  8334                 PUMP         0.00     0  00:00              0.00
  8338                 PUMP         0.00     0  00:00              0.00
  8333                 PUMP         0.00     0  00:00              0.00
  8434                 PUMP         0.00     0  00:00              0.00
  8339                 PUMP         0.00     0  00:00              0.00
  8335                 PUMP        10.00     0  00:00              1.00
  8341                 PUMP         0.00     0  00:00              0.00
  8433                 PUMP         0.00     0  00:00              0.00
  8337                 PUMP         0.00     0  00:00              0.00
  8487                 PUMP         0.00     0  00:00              0.00
  8332                 PUMP         0.00     0  00:00              0.00
  8329                 PUMP         0.00     0  00:00              0.00
  8336-nc              PUMP         0.00     0  00:00              0.00
  8370                 PUMP         0.00     0  00:00              0.00
  8364                 PUMP         0.00     0  00:00              0.00
  8365                 PUMP         0.00     0  00:00              0.00
  8369                 PUMP         0.00     0  00:00              0.00
  8385                 PUMP         0.00     0  00:00              0.00
  8419                 PUMP         0.00     0  00:00              0.00
  8373                 PUMP         0.00     0  00:00              0.00
  8374                 PUMP         0.00     0  00:00              0.00
  8368                 PUMP         0.00     0  00:00              0.00
  8366                 PUMP         0.00     0  00:00              0.00
  8377                 PUMP         0.00     0  00:00              0.00
  8356                 PUMP         0.00     0  00:00              0.00
  8489                 PUMP         0.00     0  00:00              0.00
  8461                 PUMP         0.00     0  00:00              0.00
  8362                 PUMP         0.00     0  00:00              0.00
  8375                 PUMP         0.00     0  00:00              0.00
  8427                 PUMP         0.00     0  00:00              0.00
  8376                 PUMP         0.00     0  00:00              0.00
  8363                 PUMP         0.00     0  00:00              0.00
  8367                 PUMP         0.00     0  00:00              0.00
  8359                 PUMP         0.00     0  00:00              0.00
  8354                 PUMP         0.00     0  00:00              0.00
  8353                 PUMP         0.00     0  00:00              0.00
  8352                 PUMP         0.00     0  00:00              0.00
  8358-nc              PUMP         0.00     0  00:00              0.00
  8351                 PUMP         0.00     0  00:00              0.00
  8361                 PUMP         0.00     0  00:00              0.00
  8360                 PUMP         0.00     0  00:00              0.00
  8355                 PUMP         0.00     0  00:00              0.00
  8357-nc              PUMP         0.00     0  00:00              0.00
  8389                 PUMP         0.00     0  00:00              0.00
  8378                 PUMP         0.00     0  00:00              0.00
  8404                 PUMP         0.00     0  00:00              0.00
  8405                 PUMP         0.00     0  00:00              0.00
  8380                 PUMP         0.00     0  00:00              0.00
  8381                 PUMP         0.00     0  00:00              0.00
  8484                 PUMP         0.00     0  00:00              0.00
  8382                 PUMP         0.00     0  00:00              0.00
  8391                 PUMP         0.00     0  00:00              0.00
  8463                 PUMP         0.00     0  00:00              0.00
  8383                 PUMP         0.00     0  00:00              0.00
  8379                 PUMP         0.00     0  00:00              0.00
  8477                 PUMP         0.00     0  00:00              0.00
  8384                 PUMP         0.00     0  00:00              0.00
  81301                PUMP         0.00     0  00:00              0.00
  182                  PUMP         0.00     0  00:00              0.00
  192_2                PUMP         0.00     0  00:00              0.00
  022                  PUMP         0.00     0  00:00              0.00
  8019                 PUMP         0.06     0  19:22              0.01
  8330                 PUMP         0.00     0  00:00              0.00
  8331                 PUMP         0.00     0  00:00              0.00
  8393                 PUMP        10.00     0  00:00              1.00
  8392                 PUMP        10.00     0  00:00              1.00
  8320                 PUMP        10.00     0  00:00              1.00
  81310                PUMP         0.00     0  00:00              0.00
  347_2                PUMP         0.00     0  00:00              0.00
  346_2                PUMP        10.00     0  00:00              1.00
  348_2                PUMP        10.00     0  00:00              1.00
  307_2                PUMP        10.00     0  00:00              1.00
  8418                 PUMP        10.00     0  00:00              1.00
  8306                 PUMP        10.00     0  00:00              1.00
  8486                 PUMP        10.00     0  00:00              1.00
  8490                 PUMP        10.00     0  00:00              1.00
  8498                 PUMP        10.00     0  00:00              1.00
  8479                 PUMP        10.00     0  00:00              1.00
  8476                 PUMP        10.00     0  00:00              1.00
  8410                 PUMP        10.00     0  00:00              1.00
  8408                 PUMP        10.00     0  00:00              1.00
  8485                 PUMP        10.00     0  00:00              1.00
  8431                 PUMP        10.00     0  00:00              1.00
  8436                 PUMP        10.00     0  00:00              1.00
  8430                 PUMP        10.00     0  00:00              1.00
  8437                 PUMP        10.00     0  00:00              1.00
  8413P                PUMP        10.00     0  00:00              1.00
  8390                 PUMP        10.00     0  00:00              1.00
  8483                 PUMP        10.00     0  00:00              1.00
  8429                 PUMP        10.00     0  00:00              1.00
  8428                 PUMP        10.00     0  00:00              1.00
  8465                 PUMP        10.00     0  00:00              1.00
  81305                PUMP        10.00     0  00:00              1.00
  8406                 PUMP        10.00     0  00:00              1.00
  8403                 PUMP        10.00     0  00:00              1.00
  8409                 PUMP        10.00     0  00:00              1.00
  8407                 PUMP        10.00     0  00:00              1.00
  
  
  ***************************
  Flow Classification Summary
  ***************************
  
  -------------------------------------------------------------------------------------
                      Adjusted    ---------- Fraction of Time in Flow Class ---------- 
                       /Actual         Up    Down  Sub   Sup   Up    Down  Norm  Inlet 
  Conduit               Length    Dry  Dry   Dry   Crit  Crit  Crit  Crit  Ltd   Ctrl  
  -------------------------------------------------------------------------------------
  449                     1.00   0.12  0.00  0.00  0.82  0.00  0.06  0.00  0.00  0.00
  3449                    1.00   0.04  0.00  0.00  0.91  0.00  0.05  0.00  0.00  0.00
  450                     1.00   0.04  0.00  0.00  0.89  0.00  0.06  0.00  0.00  0.00
  448                     1.00   0.12  0.00  0.00  0.76  0.00  0.12  0.00  0.00  0.00
  2450                    1.00   0.01  0.00  0.00  0.94  0.00  0.05  0.00  0.00  0.00
  455                     1.00   1.00  0.00  0.00  0.00  0.00  0.00  0.00  0.00  0.00
  2455                    1.00   1.00  0.00  0.00  0.00  0.00  0.00  0.00  0.00  0.00
  3455                    1.00   1.00  0.00  0.00  0.00  0.00  0.00  0.00  0.00  0.00
  454                     1.00   1.00  0.00  0.00  0.00  0.00  0.00  0.00  0.00  0.00
  411                     1.00   1.00  0.00  0.00  0.00  0.00  0.00  0.00  0.00  0.00
  446                     1.00   1.00  0.00  0.00  0.00  0.00  0.00  0.00  0.00  0.00
  2449                    1.00   0.09  0.00  0.00  0.86  0.00  0.05  0.00  0.00  0.00
  3450                    1.00   0.01  0.00  0.00  0.97  0.00  0.00  0.03  0.00  0.00
  412                     1.00   1.00  0.00  0.00  0.00  0.00  0.00  0.00  0.00  0.00
  460                     1.00   1.00  0.00  0.00  0.00  0.00  0.00  0.00  0.00  0.00
  G2460                   1.00   1.00  0.00  0.00  0.00  0.00  0.00  0.00  0.00  0.00
  459                     1.00   1.00  0.00  0.00  0.00  0.00  0.00  0.00  0.00  0.00
  2459                    1.00   1.00  0.00  0.00  0.00  0.00  0.00  0.00  0.00  0.00
  473                     1.00   1.00  0.00  0.00  0.00  0.00  0.00  0.00  0.00  0.00
  2420                    1.00   1.00  0.00  0.00  0.00  0.00  0.00  0.00  0.00  0.00
  420                     1.00   1.00  0.00  0.00  0.00  0.00  0.00  0.00  0.00  0.00
  350                     1.00   1.00  0.00  0.00  0.00  0.00  0.00  0.00  0.00  0.00
  G2350                   1.00   1.00  0.00  0.00  0.00  0.00  0.00  0.00  0.00  0.00
  G3350                   1.00   1.00  0.00  0.00  0.00  0.00  0.00  0.00  0.00  0.00
  G4350                   1.00   1.00  0.00  0.00  0.00  0.00  0.00  0.00  0.00  0.00
  456                     1.00   1.00  0.00  0.00  0.00  0.00  0.00  0.00  0.00  0.00
  G2458                   1.00   1.00  0.00  0.00  0.00  0.00  0.00  0.00  0.00  0.00
  458                     1.00   1.00  0.00  0.00  0.00  0.00  0.00  0.00  0.00  0.00
  G2456                   1.00   1.00  0.00  0.00  0.00  0.00  0.00  0.00  0.00  0.00
  G4456                   1.00   1.00  0.00  0.00  0.00  0.00  0.00  0.00  0.00  0.00
  453                     1.00   1.00  0.00  0.00  0.00  0.00  0.00  0.00  0.00  0.00
  G2543                   1.00   1.00  0.00  0.00  0.00  0.00  0.00  0.00  0.00  0.00
  1452                    1.00   1.00  0.00  0.00  0.00  0.00  0.00  0.00  0.00  0.00
  G2452                   1.00   1.00  0.00  0.00  0.00  0.00  0.00  0.00  0.00  0.00
  451                     1.00   1.00  0.00  0.00  0.00  0.00  0.00  0.00  0.00  0.00
  G2451                   1.00   1.00  0.00  0.00  0.00  0.00  0.00  0.00  0.00  0.00
  G3452                   1.00   1.00  0.00  0.00  0.00  0.00  0.00  0.00  0.00  0.00
  5442                    1.00   0.04  0.00  0.00  0.61  0.00  0.00  0.35  0.00  0.00
  4422                    1.00   0.04  0.00  0.00  0.71  0.00  0.25  0.00  0.00  0.00
  3442                    1.00   0.29  0.00  0.00  0.07  0.00  0.65  0.00  0.00  0.00
  2421                    1.00   1.00  0.00  0.00  0.00  0.00  0.00  0.00  0.00  0.00
  3421                    1.00   0.00  0.00  0.00  0.94  0.00  0.00  0.06  0.00  0.00
  340                     1.00   1.00  0.00  0.00  0.00  0.00  0.00  0.00  0.00  0.00
  372                     1.00   1.00  0.00  0.00  0.00  0.00  0.00  0.00  0.00  0.00
  2371                    1.00   1.00  0.00  0.00  0.00  0.00  0.00  0.00  0.00  0.00
  422                     1.00   0.93  0.00  0.00  0.00  0.00  0.07  0.00  0.00  0.00
  441                     1.00   0.36  0.00  0.00  0.26  0.00  0.39  0.00  0.00  0.00
  440                     1.00   0.36  0.00  0.00  0.28  0.00  0.36  0.00  0.00  0.00
  442                     1.00   0.25  0.00  0.00  0.60  0.00  0.14  0.00  0.00  0.00
  2441                    1.00   0.25  0.00  0.00  0.61  0.00  0.14  0.00  0.00  0.00
  303                     1.00   0.10  0.00  0.00  0.78  0.00  0.11  0.00  0.00  0.00
  2302                    1.00   0.03  0.00  0.00  0.89  0.00  0.08  0.00  0.00  0.00
  3302                    1.00   0.01  0.00  0.00  0.95  0.00  0.04  0.00  0.00  0.00
  302                     1.00   0.10  0.00  0.00  0.84  0.00  0.06  0.00  0.00  0.00
  445                     1.00   0.06  0.00  0.00  0.89  0.00  0.06  0.00  0.00  0.00
  2445                    1.00   0.03  0.00  0.00  0.92  0.00  0.04  0.00  0.00  0.00
  2444                    1.00   0.06  0.00  0.00  0.87  0.00  0.00  0.07  0.00  0.00
  2443                    1.00   0.11  0.00  0.00  0.80  0.00  0.00  0.09  0.00  0.00
  3443                    1.00   0.19  0.00  0.00  0.74  0.00  0.00  0.07  0.00  0.00
  443                     1.00   0.11  0.00  0.00  0.83  0.00  0.06  0.00  0.00  0.00
  444                     1.00   0.06  0.00  0.00  0.91  0.00  0.03  0.00  0.00  0.00
  2372                    1.00   1.00  0.00  0.00  0.00  0.00  0.00  0.00  0.00  0.00
  0422                    1.00   0.25  0.00  0.00  0.02  0.00  0.00  0.72  0.00  0.00
  PM-41                   1.00   1.00  0.00  0.00  0.00  0.00  0.00  0.00  0.00  0.00
  PM-27                   1.00   0.00  0.00  0.00  0.99  0.00  0.00  0.01  0.01  0.00
  PM-37                   1.00   0.00  0.00  0.00  0.96  0.00  0.00  0.04  0.00  0.00
  470                     1.00   1.00  0.00  0.00  0.00  0.00  0.00  0.00  0.00  0.00
  471                     1.00   0.17  0.00  0.00  0.00  0.00  0.83  0.00  0.00  0.00
  472                     1.00   0.17  0.00  0.00  0.00  0.00  0.83  0.00  0.00  0.00
  474                     1.00   0.02  0.00  0.00  0.87  0.00  0.11  0.00  0.00  0.00
  2472                    1.00   0.02  0.00  0.00  0.00  0.00  0.98  0.00  0.00  0.00
  2474                    1.00   0.02  0.00  0.00  0.79  0.00  0.00  0.19  0.00  0.00
  499                     1.00   0.18  0.00  0.00  0.00  0.00  0.82  0.00  0.00  0.00
  2469                    1.00   1.00  0.00  0.00  0.00  0.00  0.00  0.00  0.00  0.00
  468                     1.00   1.00  0.00  0.00  0.00  0.00  0.00  0.00  0.00  0.00
  2468                    1.00   1.00  0.00  0.00  0.00  0.00  0.00  0.00  0.00  0.00
  3468                    1.00   1.00  0.00  0.00  0.00  0.00  0.00  0.00  0.00  0.00
  2466                    1.00   1.00  0.00  0.00  0.00  0.00  0.00  0.00  0.00  0.00
  3466                    1.00   0.04  0.00  0.00  0.61  0.00  0.00  0.36  0.00  0.00
  4466                    1.00   0.38  0.00  0.00  0.00  0.00  0.62  0.00  0.00  0.00
  2499                    1.00   0.18  0.00  0.00  0.00  0.00  0.00  0.82  0.00  0.00
  467                     1.00   1.00  0.00  0.00  0.00  0.00  0.00  0.00  0.00  0.00
  2499-A                  1.00   0.18  0.00  0.00  0.00  0.00  0.00  0.82  0.00  0.00
  3499                    1.00   0.04  0.00  0.00  0.62  0.00  0.35  0.00  0.00  0.00
  466                     1.00   0.18  0.00  0.00  0.00  0.00  0.00  0.82  0.00  0.00
  466-A                   1.00   0.04  0.00  0.00  0.00  0.00  0.96  0.00  0.00  0.00
  426                     1.00   0.10  0.00  0.00  0.82  0.00  0.00  0.08  0.00  0.00
  G426                    1.00   0.38  0.00  0.00  0.00  0.00  0.00  0.62  0.00  0.00
  493                     1.00   1.00  0.00  0.00  0.00  0.00  0.00  0.00  0.00  0.00
  491                     1.00   1.00  0.00  0.00  0.00  0.00  0.00  0.00  0.00  0.00
  2494                    1.00   1.00  0.00  0.00  0.00  0.00  0.00  0.00  0.00  0.00
  492                     1.00   1.00  0.00  0.00  0.00  0.00  0.00  0.00  0.00  0.00
  2495                    1.00   0.00  1.00  0.00  0.00  0.00  0.00  0.00  0.00  0.00
  315                     1.00   0.00  0.00  0.00  1.00  0.00  0.00  0.00  0.00  0.00
  317                     1.00   1.00  0.00  0.00  0.00  0.00  0.00  0.00  0.00  0.00
  2317                    1.00   1.00  0.00  0.00  0.00  0.00  0.00  0.00  0.00  0.00
  3317                    1.00   1.00  0.00  0.00  0.00  0.00  0.00  0.00  0.00  0.00
  4317                    1.00   0.06  0.94  0.00  0.00  0.00  0.00  0.00  0.00  0.00
  5317                    1.00   0.05  0.00  0.00  0.95  0.00  0.00  0.00  0.00  0.00
  5316                    1.00   0.05  0.00  0.00  0.02  0.93  0.00  0.00  0.00  0.00
  316                     1.00   0.00  1.00  0.00  0.00  0.00  0.00  0.00  0.00  0.00
  2316                    1.00   0.00  0.03  0.00  0.97  0.00  0.00  0.00  0.00  0.00
  3316                    1.00   0.03  0.00  0.00  0.97  0.00  0.00  0.00  0.00  0.00
  4316                    1.00   0.05  0.00  0.00  0.95  0.00  0.00  0.00  0.00  0.00
  301                     1.00   0.08  0.00  0.00  0.84  0.00  0.00  0.08  0.00  0.00
  494                     1.00   1.00  0.00  0.00  0.00  0.00  0.00  0.00  0.00  0.00
  495                     1.00   1.00  0.00  0.00  0.00  0.00  0.00  0.00  0.00  0.00
  7315                    1.00   0.00  0.00  0.00  1.00  0.00  0.00  0.00  0.00  0.00
  5315                    1.00   0.00  0.00  0.00  1.00  0.00  0.00  0.00  0.00  0.00
  4315                    1.00   0.00  0.00  0.00  1.00  0.00  0.00  0.00  0.00  0.00
  2493                    1.00   1.00  0.00  0.00  0.00  0.00  0.00  0.00  0.00  0.00
  475                     1.00   1.00  0.00  0.00  0.00  0.00  0.00  0.00  0.00  0.00
  464                     1.00   1.00  0.00  0.00  0.00  0.00  0.00  0.00  0.00  0.00
  344                     1.00   1.00  0.00  0.00  0.00  0.00  0.00  0.00  0.00  0.00
  342                     1.00   0.87  0.00  0.00  0.00  0.00  0.13  0.00  0.00  0.00
  2342                    1.00   0.87  0.00  0.00  0.00  0.00  0.00  0.13  0.00  0.00
  343                     1.00   0.14  0.00  0.00  0.77  0.00  0.08  0.00  0.00  0.00
  2343                    1.00   0.04  0.00  0.00  0.85  0.00  0.12  0.00  0.00  0.00
  482                     1.00   0.21  0.00  0.00  0.00  0.00  0.79  0.00  0.00  0.00
  2482                    1.00   0.14  0.00  0.00  0.79  0.00  0.07  0.00  0.00  0.00
  3344                    1.00   0.04  0.00  0.00  0.83  0.00  0.13  0.00  0.00  0.00
  3343                    1.00   0.02  0.00  0.00  0.94  0.00  0.03  0.00  0.00  0.00
  2480                    1.00   0.01  0.00  0.00  0.95  0.00  0.04  0.00  0.00  0.00
  324X                    1.00   0.07  0.00  0.00  0.89  0.00  0.05  0.00  0.00  0.00
  324                     1.00   0.02  0.00  0.00  0.93  0.00  0.05  0.00  0.00  0.00
  478                     1.00   1.00  0.00  0.00  0.00  0.00  0.00  0.00  0.00  0.00
  2478                    1.00   0.04  0.00  0.00  0.00  0.00  0.96  0.00  0.00  0.00
  3342                    1.00   1.00  0.00  0.00  0.00  0.00  0.00  0.00  0.00  0.00
  4438                    1.00   0.20  0.00  0.00  0.59  0.00  0.00  0.22  0.00  0.00
  3321                    1.00   0.39  0.00  0.00  0.50  0.00  0.10  0.00  0.00  0.00
  2321                    1.00   0.13  0.00  0.00  0.51  0.00  0.37  0.00  0.00  0.00
  438                     1.00   0.24  0.00  0.00  0.00  0.00  0.76  0.00  0.00  0.00
  2438-A                  1.00   0.20  0.00  0.00  0.75  0.00  0.05  0.00  0.00  0.00
  2438                    1.00   0.13  0.00  0.00  0.76  0.00  0.12  0.00  0.00  0.00
  324-A                   1.00   0.11  0.00  0.00  0.85  0.00  0.00  0.04  0.00  0.00
  3438                    1.00   0.07  0.00  0.00  0.00  0.00  0.93  0.00  0.00  0.00
  435                     1.00   0.01  0.00  0.00  0.00  0.00  0.99  0.00  0.00  0.00
  4321                    1.00   0.39  0.00  0.00  0.13  0.00  0.00  0.48  0.00  0.00
  480                     1.00   0.02  0.00  0.00  0.00  0.00  0.98  0.00  0.00  0.00
  439                     1.00   0.01  0.00  0.00  0.95  0.00  0.03  0.00  0.00  0.00
  2435                    1.00   0.01  0.00  0.00  0.98  0.00  0.01  0.00  0.00  0.00
  2439                    1.00   0.01  0.00  0.00  0.00  0.00  0.99  0.00  0.00  0.00
  G425                    1.00   0.01  0.00  0.00  0.99  0.00  0.01  0.00  0.00  0.00
  424                     1.00   0.04  0.00  0.00  0.00  0.00  0.96  0.00  0.00  0.00
  3324                    1.00   0.15  0.00  0.00  0.79  0.00  0.00  0.06  0.00  0.00
  1425                    1.00   0.01  0.00  0.00  0.96  0.00  0.00  0.03  0.96  0.00
  2424                    1.00   0.04  0.00  0.00  0.30  0.00  0.32  0.34  0.00  0.00
  3424                    1.00   0.38  0.00  0.00  0.48  0.00  0.00  0.14  0.00  0.00
  396                     1.00   0.51  0.00  0.00  0.48  0.00  0.00  0.00  0.00  0.00
  2396                    1.00   0.01  0.00  0.00  0.48  0.00  0.51  0.00  0.00  0.00
  402                     1.00   1.00  0.00  0.00  0.00  0.00  0.00  0.00  0.00  0.00
  398                     1.00   1.00  0.00  0.00  0.00  0.00  0.00  0.00  0.00  0.00
  400                     1.00   1.00  0.00  0.00  0.00  0.00  0.00  0.00  0.00  0.00
  2400                    1.00   1.00  0.00  0.00  0.00  0.00  0.00  0.00  0.00  0.00
  399                     1.00   1.00  0.00  0.00  0.00  0.00  0.00  0.00  0.00  0.00
  2398                    1.00   1.00  0.00  0.00  0.00  0.00  0.00  0.00  0.00  0.00
  432                     1.00   1.00  0.00  0.00  0.00  0.00  0.00  0.00  0.00  0.00
  1395                    1.00   1.00  0.00  0.00  0.00  0.00  0.00  0.00  0.00  0.00
  2395                    1.00   1.00  0.00  0.00  0.00  0.00  0.00  0.00  0.00  0.00
  3395                    1.00   0.07  0.93  0.00  0.00  0.00  0.00  0.00  0.00  0.00
  4395                    1.00   0.07  0.00  0.00  0.93  0.00  0.00  0.00  0.00  0.00
  423                     1.00   0.22  0.00  0.00  0.62  0.00  0.00  0.16  0.00  0.00
  322                     1.00   0.29  0.00  0.00  0.00  0.00  0.71  0.00  0.00  0.00
  2322                    1.00   0.29  0.00  0.00  0.00  0.00  0.00  0.71  0.00  0.00
  2397                    1.00   0.01  0.00  0.00  0.00  0.00  0.00  0.99  0.00  0.00
  3397                    1.00   0.07  0.00  0.00  0.00  0.00  0.00  0.93  0.00  0.00
  4397                    1.00   0.07  0.00  0.00  0.66  0.00  0.00  0.28  0.00  0.00
  394                     1.00   0.01  0.00  0.00  0.86  0.00  0.13  0.00  0.00  0.00
  2402                    1.00   1.00  0.00  0.00  0.00  0.00  0.00  0.00  0.00  0.00
  G423-1                  1.00   0.08  0.00  0.00  0.02  0.90  0.00  0.00  0.00  0.00
  397                     1.00   0.01  0.00  0.00  0.90  0.00  0.09  0.00  0.00  0.00
  2426                    1.00   0.14  0.00  0.00  0.79  0.00  0.00  0.07  0.00  0.00
  PM-51                   1.00   0.01  0.00  0.00  0.96  0.00  0.00  0.03  0.22  0.00
  FUTURE                  1.00   0.00  0.00  0.00  0.98  0.00  0.02  0.00  0.00  0.00
  3418.1                  1.00   0.04  0.00  0.00  0.89  0.00  0.00  0.07  0.89  0.00
  414_2                   1.00   1.00  0.00  0.00  0.00  0.00  0.00  0.00  0.00  0.00
  488-8"                  1.00   0.03  0.00  0.00  0.97  0.01  0.00  0.00  0.97  0.00
  386_2                   1.00   0.03  0.00  0.00  0.00  0.00  0.00  0.97  0.00  0.00
  2386                    1.00   1.00  0.00  0.00  0.00  0.00  0.00  0.00  0.00  0.00
  387                     1.00   1.00  0.00  0.00  0.00  0.00  0.00  0.00  0.00  0.00
  2387                    1.00   1.00  0.00  0.00  0.00  0.00  0.00  0.00  0.00  0.00
  348                     1.00   0.00  0.00  0.00  0.96  0.00  0.04  0.00  0.00  0.00
  307                     1.00   1.00  0.00  0.00  0.00  0.00  0.00  0.00  0.00  0.00
  2307-30"                1.00   0.00  0.00  0.00  0.98  0.00  0.00  0.02  0.96  0.00
  3307-42"                1.00   1.00  0.00  0.00  0.00  0.00  0.00  0.00  0.00  0.00
  5414                    1.00   1.00  0.00  0.00  0.00  0.00  0.00  0.00  0.00  0.00
  1310-72"                1.00   1.00  0.00  0.00  0.00  0.00  0.00  0.00  0.00  0.00
  300                     1.00   0.00  0.00  0.00  0.89  0.00  0.00  0.10  0.00  0.00
  2300                    1.00   0.02  0.00  0.00  0.86  0.00  0.00  0.12  0.00  0.00
  4300                    1.00   0.55  0.00  0.00  0.24  0.00  0.21  0.00  0.00  0.00
  346                     1.00   0.89  0.00  0.00  0.04  0.00  0.07  0.00  0.00  0.00
  5300                    1.00   0.37  0.00  0.00  0.25  0.00  0.38  0.00  0.00  0.00
  347                     1.00   0.17  0.00  0.00  0.77  0.00  0.02  0.04  0.00  0.00
  4300.1                  1.00   0.73  0.00  0.00  0.24  0.00  0.03  0.00  0.00  0.00
  2346                    1.00   0.73  0.00  0.00  0.11  0.00  0.16  0.00  0.00  0.00
  4496                    1.00   0.07  0.00  0.00  0.78  0.00  0.15  0.00  0.00  0.00
  3310                    1.00   0.07  0.93  0.00  0.00  0.00  0.00  0.00  0.00  0.00
  2347                    1.00   0.21  0.79  0.00  0.00  0.00  0.00  0.00  0.00  0.00
  3496                    1.00   0.22  0.00  0.00  0.62  0.00  0.16  0.00  0.00  0.00
  497_2                   1.00   0.04  0.00  0.00  0.45  0.00  0.51  0.00  0.00  0.00
  2496                    1.00   0.04  0.00  0.00  0.61  0.00  0.00  0.35  0.00  0.00
  496_2                   1.00   0.04  0.00  0.00  0.00  0.00  0.96  0.00  0.00  0.00
  4962                    1.00   0.01  0.00  0.00  0.99  0.00  0.01  0.00  0.00  0.00
  2187                    1.00   1.00  0.00  0.00  0.00  0.00  0.00  0.00  0.00  0.00
  2414                    1.00   0.01  0.00  0.00  0.99  0.00  0.00  0.00  0.99  0.00
  3414-24"                1.00   1.00  0.00  0.00  0.00  0.00  0.00  0.00  0.00  0.00
  14346                   1.00   0.00  0.00  0.00  0.97  0.00  0.00  0.03  0.00  0.00
  16346                   1.00   0.02  0.00  0.00  0.94  0.00  0.00  0.04  0.00  0.00
  19346                   1.00   0.05  0.00  0.00  0.87  0.00  0.00  0.07  0.00  0.00
  18346                   1.00   0.08  0.00  0.00  0.78  0.00  0.00  0.13  0.00  0.00
  88346                   1.00   0.54  0.00  0.00  0.19  0.00  0.27  0.00  0.00  0.00
  4346                    1.00   0.54  0.00  0.00  0.25  0.00  0.00  0.21  0.00  0.00
  5346.1                  1.00   0.22  0.00  0.00  0.57  0.00  0.21  0.00  0.00  0.00
  2311                    1.00   0.02  0.00  0.00  0.74  0.00  0.00  0.25  0.00  0.00
  2310                    1.00   0.03  0.00  0.00  0.86  0.00  0.00  0.12  0.00  0.00
  962_2                   1.00   0.06  0.00  0.00  0.72  0.00  0.23  0.00  0.00  0.00
  2415                    1.00   0.00  0.00  0.00  0.91  0.00  0.00  0.09  0.00  0.00
  345_2                   1.00   0.14  0.00  0.00  0.83  0.00  0.03  0.00  0.00  0.00
  2345                    1.00   0.08  0.00  0.00  0.85  0.00  0.06  0.00  0.00  0.00
  2210                    1.00   0.08  0.00  0.00  0.85  0.00  0.00  0.06  0.00  0.00
  3345                    1.00   0.01  0.00  0.00  0.92  0.00  0.07  0.00  0.00  0.00
  462_2                   1.00   1.00  0.00  0.00  0.00  0.00  0.00  0.00  0.00  0.00
  2462                    1.00   1.00  0.00  0.00  0.00  0.00  0.00  0.00  0.00  0.00
  2319-30"                1.00   0.01  0.00  0.00  0.92  0.00  0.00  0.07  0.89  0.00
  417_2                   1.00   0.00  0.00  0.00  0.98  0.00  0.00  0.02  0.00  0.00
  6436                    1.00   0.08  0.92  0.00  0.00  0.00  0.00  0.00  0.00  0.00
  415_2                   1.00   0.00  0.00  0.00  0.98  0.00  0.02  0.00  0.00  0.00
  307.1                   1.00   1.00  0.00  0.00  0.00  0.00  0.00  0.00  0.00  0.00
  20346                   1.00   0.17  0.00  0.00  0.50  0.00  0.33  0.00  0.00  0.00
  5346                    1.00   0.37  0.00  0.00  0.57  0.00  0.06  0.00  0.00  0.00
  310                     1.00   0.03  0.00  0.00  0.93  0.00  0.04  0.00  0.00  0.00
  314                     1.00   1.00  0.00  0.00  0.00  0.00  0.00  0.00  0.00  0.00
  3314                    1.00   1.00  0.00  0.00  0.00  0.00  0.00  0.00  0.00  0.00
  4314                    1.00   1.00  0.00  0.00  0.00  0.00  0.00  0.00  0.00  0.00
  5314                    1.00   1.00  0.00  0.00  0.00  0.00  0.00  0.00  0.00  0.00
  6314                    1.00   1.00  0.00  0.00  0.00  0.00  0.00  0.00  0.00  0.00
  7314                    1.00   1.00  0.00  0.00  0.00  0.00  0.00  0.00  0.00  0.00
  312                     1.00   1.00  0.00  0.00  0.00  0.00  0.00  0.00  0.00  0.00
  313                     1.00   1.00  0.00  0.00  0.00  0.00  0.00  0.00  0.00  0.00
  2313                    1.00   1.00  0.00  0.00  0.00  0.00  0.00  0.00  0.00  0.00
  2312                    1.00   1.00  0.00  0.00  0.00  0.00  0.00  0.00  0.00  0.00
  3312                    1.00   1.00  0.00  0.00  0.00  0.00  0.00  0.00  0.00  0.00
  2314                    1.00   1.00  0.00  0.00  0.00  0.00  0.00  0.00  0.00  0.00
  PM-42                   1.00   0.00  0.00  0.00  0.97  0.00  0.00  0.03  0.00  0.00
  PM-45                   1.00   1.00  0.00  0.00  0.00  0.00  0.00  0.00  0.00  0.00
  PM-38                   1.00   1.00  0.00  0.00  0.00  0.00  0.00  0.00  0.00  0.00
  416_2                   1.00   0.00  0.00  0.00  0.87  0.00  0.13  0.00  0.00  0.00
  2417                    1.00   0.00  0.00  0.00  0.91  0.00  0.00  0.08  0.00  0.00
  319-8                   1.00   0.01  0.00  0.00  0.96  0.00  0.00  0.03  0.96  0.00
  6417                    1.00   0.01  0.00  0.00  0.91  0.00  0.08  0.00  0.00  0.00
  401                     1.00   1.00  0.00  0.00  0.00  0.00  0.00  0.00  0.00  0.00
  3319                    1.00   1.00  0.00  0.00  0.00  0.00  0.00  0.00  0.00  0.00
  PM-7                    1.00   1.00  0.00  0.00  0.00  0.00  0.00  0.00  0.00  0.00
  PM-24                   1.00   1.00  0.00  0.00  0.00  0.00  0.00  0.00  0.00  0.00
  PM-52                   1.00   0.00  0.00  0.00  0.77  0.00  0.00  0.23  0.00  0.00
  3387-48"                1.00   1.00  0.00  0.00  0.00  0.00  0.00  0.00  0.00  0.00
  PM-13                   1.00   0.00  0.00  0.00  0.98  0.00  0.00  0.02  0.00  0.00
  4346.1                  1.00   0.43  0.00  0.00  0.30  0.00  0.27  0.00  0.00  0.00
  PM-49                   1.00   0.00  0.00  0.00  0.92  0.00  0.00  0.07  0.00  0.00
  PM-48                   1.00   0.01  0.00  0.00  0.94  0.00  0.00  0.06  0.00  0.00
  PM-4                    1.00   0.04  0.00  0.00  0.89  0.00  0.00  0.06  0.00  0.00
  PM-6                    1.00   0.04  0.00  0.00  0.92  0.00  0.00  0.04  0.00  0.00
  PM-11                   1.00   1.00  0.00  0.00  0.00  0.00  0.00  0.00  0.00  0.00
  PM-22                   1.00   0.00  0.00  0.00  0.95  0.00  0.00  0.05  0.00  0.00
  PM-12                   1.00   1.00  0.00  0.00  0.00  0.00  0.00  0.00  0.00  0.00
  PM-39                   1.00   1.00  0.00  0.00  0.00  0.00  0.00  0.00  0.00  0.00
  309_2                   1.00   1.00  0.00  0.00  0.00  0.00  0.00  0.00  0.00  0.00
  323_2                   1.00   0.41  0.00  0.00  0.00  0.00  0.59  0.00  0.00  0.00
  2323                    1.00   0.10  0.00  0.00  0.51  0.00  0.39  0.00  0.00  0.00
  2305                    1.00   0.02  0.00  0.00  0.80  0.00  0.00  0.18  0.00  0.00
  388_2                   1.00   0.17  0.00  0.00  0.49  0.00  0.33  0.00  0.00  0.00
  2388                    1.00   0.17  0.00  0.00  0.43  0.00  0.00  0.40  0.00  0.00
  304                     1.00   0.56  0.00  0.00  0.00  0.00  0.44  0.00  0.00  0.00
  3304                    1.00   0.01  0.00  0.00  0.97  0.00  0.00  0.02  0.97  0.00
  4304                    1.00   1.00  0.00  0.00  0.00  0.00  0.00  0.00  0.00  0.00
  3327                    1.00   1.00  0.00  0.00  0.00  0.00  0.00  0.00  0.00  0.00
  327_2                   1.00   1.00  0.00  0.00  0.00  0.00  0.00  0.00  0.00  0.00
  2327                    1.00   1.00  0.00  0.00  0.00  0.00  0.00  0.00  0.00  0.00
  328_2                   1.00   1.00  0.00  0.00  0.00  0.00  0.00  0.00  0.00  0.00
  2326                    1.00   1.00  0.00  0.00  0.00  0.00  0.00  0.00  0.00  0.00
  481_2                   1.00   1.00  0.00  0.00  0.00  0.00  0.00  0.00  0.00  0.00
  326_2                   1.00   1.00  0.00  0.00  0.00  0.00  0.00  0.00  0.00  0.00
  325_2                   1.00   1.00  0.00  0.00  0.00  0.00  0.00  0.00  0.00  0.00
  2325                    1.00   1.00  0.00  0.00  0.00  0.00  0.00  0.00  0.00  0.00
  3325                    1.00   1.00  0.00  0.00  0.00  0.00  0.00  0.00  0.00  0.00
  305_2                   1.00   0.02  0.00  0.00  0.83  0.00  0.15  0.00  0.00  0.00
  334                     1.00   1.00  0.00  0.00  0.00  0.00  0.00  0.00  0.00  0.00
  338                     1.00   1.00  0.00  0.00  0.00  0.00  0.00  0.00  0.00  0.00
  3338                    1.00   0.26  0.00  0.00  0.72  0.00  0.00  0.02  0.72  0.00
  333                     1.00   1.00  0.00  0.00  0.00  0.00  0.00  0.00  0.00  0.00
  434                     1.00   1.00  0.00  0.00  0.00  0.00  0.00  0.00  0.00  0.00
  339                     1.00   1.00  0.00  0.00  0.00  0.00  0.00  0.00  0.00  0.00
  3339                    1.00   1.00  0.00  0.00  0.00  0.00  0.00  0.00  0.00  0.00
  2330                    1.00   0.00  0.00  0.00  0.90  0.00  0.10  0.00  0.00  0.00
  2335                    1.00   0.00  0.00  0.00  0.92  0.00  0.00  0.08  0.91  0.00
  335                     1.00   0.00  0.00  0.00  0.98  0.00  0.00  0.02  0.00  0.00
  341                     1.00   1.00  0.00  0.00  0.00  0.00  0.00  0.00  0.00  0.00
  2433                    1.00   1.00  0.00  0.00  0.00  0.00  0.00  0.00  0.00  0.00
  2337                    1.00   1.00  0.00  0.00  0.00  0.00  0.00  0.00  0.00  0.00
  337                     1.00   1.00  0.00  0.00  0.00  0.00  0.00  0.00  0.00  0.00
  487                     1.00   1.00  0.00  0.00  0.00  0.00  0.00  0.00  0.00  0.00
  5487                    1.00   0.96  0.00  0.00  0.00  0.00  0.00  0.04  0.00  0.00
  2487                    1.00   1.00  0.00  0.00  0.00  0.00  0.00  0.00  0.00  0.00
  332                     1.00   1.00  0.00  0.00  0.00  0.00  0.00  0.00  0.00  0.00
  2339                    1.00   1.00  0.00  0.00  0.00  0.00  0.00  0.00  0.00  0.00
  329                     1.00   0.03  0.97  0.00  0.00  0.00  0.00  0.00  0.00  0.00
  3338_2                  1.00   1.00  0.00  0.00  0.00  0.00  0.00  0.00  0.00  0.00
  4338                    1.00   1.00  0.00  0.00  0.00  0.00  0.00  0.00  0.00  0.00
  5338                    1.00   1.00  0.00  0.00  0.00  0.00  0.00  0.00  0.00  0.00
  2336                    1.00   0.00  1.00  0.00  0.00  0.00  0.00  0.00  0.00  0.00
  G414                    1.00   0.03  0.00  0.00  0.94  0.00  0.00  0.02  0.02  0.00
  336                     1.00   0.00  0.00  0.00  0.97  0.03  0.00  0.00  0.00  0.00
  370                     1.00   1.00  0.00  0.00  0.00  0.00  0.00  0.00  0.00  0.00
  2370                    1.00   1.00  0.00  0.00  0.00  0.00  0.00  0.00  0.00  0.00
  3370                    1.00   1.00  0.00  0.00  0.00  0.00  0.00  0.00  0.00  0.00
  3390                    1.00   1.00  0.00  0.00  0.00  0.00  0.00  0.00  0.00  0.00
  2368                    1.00   1.00  0.00  0.00  0.00  0.00  0.00  0.00  0.00  0.00
  2377                    1.00   1.00  0.00  0.00  0.00  0.00  0.00  0.00  0.00  0.00
  364                     1.00   1.00  0.00  0.00  0.00  0.00  0.00  0.00  0.00  0.00
  2364                    1.00   1.00  0.00  0.00  0.00  0.00  0.00  0.00  0.00  0.00
  3366                    1.00   1.00  0.00  0.00  0.00  0.00  0.00  0.00  0.00  0.00
  2369                    1.00   1.00  0.00  0.00  0.00  0.00  0.00  0.00  0.00  0.00
  365                     1.00   1.00  0.00  0.00  0.00  0.00  0.00  0.00  0.00  0.00
  369                     1.00   1.00  0.00  0.00  0.00  0.00  0.00  0.00  0.00  0.00
  385                     1.00   1.00  0.00  0.00  0.00  0.00  0.00  0.00  0.00  0.00
  2385                    1.00   1.00  0.00  0.00  0.00  0.00  0.00  0.00  0.00  0.00
  2373                    1.00   1.00  0.00  0.00  0.00  0.00  0.00  0.00  0.00  0.00
  2419                    1.00   1.00  0.00  0.00  0.00  0.00  0.00  0.00  0.00  0.00
  419                     1.00   1.00  0.00  0.00  0.00  0.00  0.00  0.00  0.00  0.00
  373                     1.00   1.00  0.00  0.00  0.00  0.00  0.00  0.00  0.00  0.00
  374                     1.00   1.00  0.00  0.00  0.00  0.00  0.00  0.00  0.00  0.00
  368                     1.00   1.00  0.00  0.00  0.00  0.00  0.00  0.00  0.00  0.00
  366                     1.00   1.00  0.00  0.00  0.00  0.00  0.00  0.00  0.00  0.00
  377                     1.00   1.00  0.00  0.00  0.00  0.00  0.00  0.00  0.00  0.00
  10461                   1.00   1.00  0.00  0.00  0.00  0.00  0.00  0.00  0.00  0.00
  2461                    1.00   1.00  0.00  0.00  0.00  0.00  0.00  0.00  0.00  0.00
  489                     1.00   1.00  0.00  0.00  0.00  0.00  0.00  0.00  0.00  0.00
  461                     1.00   1.00  0.00  0.00  0.00  0.00  0.00  0.00  0.00  0.00
  356                     1.00   1.00  0.00  0.00  0.00  0.00  0.00  0.00  0.00  0.00
  2356                    1.00   1.00  0.00  0.00  0.00  0.00  0.00  0.00  0.00  0.00
  362                     1.00   1.00  0.00  0.00  0.00  0.00  0.00  0.00  0.00  0.00
  2362                    1.00   1.00  0.00  0.00  0.00  0.00  0.00  0.00  0.00  0.00
  3356                    1.00   1.00  0.00  0.00  0.00  0.00  0.00  0.00  0.00  0.00
  375                     1.00   1.00  0.00  0.00  0.00  0.00  0.00  0.00  0.00  0.00
  427                     1.00   1.00  0.00  0.00  0.00  0.00  0.00  0.00  0.00  0.00
  376                     1.00   1.00  0.00  0.00  0.00  0.00  0.00  0.00  0.00  0.00
  2375                    1.00   1.00  0.00  0.00  0.00  0.00  0.00  0.00  0.00  0.00
  367                     1.00   1.00  0.00  0.00  0.00  0.00  0.00  0.00  0.00  0.00
  359                     1.00   1.00  0.00  0.00  0.00  0.00  0.00  0.00  0.00  0.00
  354                     1.00   1.00  0.00  0.00  0.00  0.00  0.00  0.00  0.00  0.00
  2354                    1.00   1.00  0.00  0.00  0.00  0.00  0.00  0.00  0.00  0.00
  353                     1.00   1.00  0.00  0.00  0.00  0.00  0.00  0.00  0.00  0.00
  2353                    1.00   1.00  0.00  0.00  0.00  0.00  0.00  0.00  0.00  0.00
  352                     1.00   1.00  0.00  0.00  0.00  0.00  0.00  0.00  0.00  0.00
  351                     1.00   1.00  0.00  0.00  0.00  0.00  0.00  0.00  0.00  0.00
  361                     1.00   1.00  0.00  0.00  0.00  0.00  0.00  0.00  0.00  0.00
  360                     1.00   1.00  0.00  0.00  0.00  0.00  0.00  0.00  0.00  0.00
  355                     1.00   1.00  0.00  0.00  0.00  0.00  0.00  0.00  0.00  0.00
  G2355                   1.00   0.00  1.00  0.00  0.00  0.00  0.00  0.00  0.00  0.00
  2489                    1.00   1.00  0.00  0.00  0.00  0.00  0.00  0.00  0.00  0.00
  G2357                   1.00   1.00  0.00  0.00  0.00  0.00  0.00  0.00  0.00  0.00
  3353                    1.00   1.00  0.00  0.00  0.00  0.00  0.00  0.00  0.00  0.00
  G3353                   1.00   0.00  1.00  0.00  0.00  0.00  0.00  0.00  0.00  0.00
  G2367                   1.00   0.00  1.00  0.00  0.00  0.00  0.00  0.00  0.00  0.00
  389                     1.00   1.00  0.00  0.00  0.00  0.00  0.00  0.00  0.00  0.00
  G2359                   1.00   0.00  0.00  0.00  1.00  0.00  0.00  0.00  0.00  0.00
  G2358                   1.00   0.00  1.00  0.00  0.00  0.00  0.00  0.00  0.00  0.00
  2376                    1.00   1.00  0.00  0.00  0.00  0.00  0.00  0.00  0.00  0.00
  G3376                   1.00   0.00  1.00  0.00  0.00  0.00  0.00  0.00  0.00  0.00
  363                     1.00   1.00  0.00  0.00  0.00  0.00  0.00  0.00  0.00  0.00
  2363                    1.00   1.00  0.00  0.00  0.00  0.00  0.00  0.00  0.00  0.00
  G2361                   1.00   0.00  1.00  0.00  0.00  0.00  0.00  0.00  0.00  0.00
  10361                   1.00   1.00  0.00  0.00  0.00  0.00  0.00  0.00  0.00  0.00
  415_3                   1.00   1.00  0.00  0.00  0.00  0.00  0.00  0.00  0.00  0.00
  2351                    1.00   1.00  0.00  0.00  0.00  0.00  0.00  0.00  0.00  0.00
  4351                    1.00   1.00  0.00  0.00  0.00  0.00  0.00  0.00  0.00  0.00
  2366                    1.00   1.00  0.00  0.00  0.00  0.00  0.00  0.00  0.00  0.00
  2374                    1.00   1.00  0.00  0.00  0.00  0.00  0.00  0.00  0.00  0.00
  3351                    1.00   1.00  0.00  0.00  0.00  0.00  0.00  0.00  0.00  0.00
  378                     1.00   1.00  0.00  0.00  0.00  0.00  0.00  0.00  0.00  0.00
  358                     1.00   1.00  0.00  0.00  0.00  0.00  0.00  0.00  0.00  0.00
  378_2                   1.00   1.00  0.00  0.00  0.00  0.00  0.00  0.00  0.00  0.00
  4436                    1.00   1.00  0.00  0.00  0.00  0.00  0.00  0.00  0.00  0.00
  405                     1.00   1.00  0.00  0.00  0.00  0.00  0.00  0.00  0.00  0.00
  G2405                   1.00   1.00  0.00  0.00  0.00  0.00  0.00  0.00  0.00  0.00
  381                     1.00   1.00  0.00  0.00  0.00  0.00  0.00  0.00  0.00  0.00
  484                     1.00   1.00  0.00  0.00  0.00  0.00  0.00  0.00  0.00  0.00
  382                     1.00   1.00  0.00  0.00  0.00  0.00  0.00  0.00  0.00  0.00
  391                     1.00   1.00  0.00  0.00  0.00  0.00  0.00  0.00  0.00  0.00
  2477                    1.00   1.00  0.00  0.00  0.00  0.00  0.00  0.00  0.00  0.00
  2463                    1.00   1.00  0.00  0.00  0.00  0.00  0.00  0.00  0.00  0.00
  477                     1.00   1.00  0.00  0.00  0.00  0.00  0.00  0.00  0.00  0.00
  383                     1.00   1.00  0.00  0.00  0.00  0.00  0.00  0.00  0.00  0.00
  379                     1.00   1.00  0.00  0.00  0.00  0.00  0.00  0.00  0.00  0.00
  2381                    1.00   1.00  0.00  0.00  0.00  0.00  0.00  0.00  0.00  0.00
  3380                    1.00   0.00  1.00  0.00  0.00  0.00  0.00  0.00  0.00  0.00
  2380                    1.00   1.00  0.00  0.00  0.00  0.00  0.00  0.00  0.00  0.00
  2380_2                  1.00   1.00  0.00  0.00  0.00  0.00  0.00  0.00  0.00  0.00
  380                     1.00   1.00  0.00  0.00  0.00  0.00  0.00  0.00  0.00  0.00
  2382                    1.00   1.00  0.00  0.00  0.00  0.00  0.00  0.00  0.00  0.00
  3382                    1.00   0.00  1.00  0.00  0.00  0.00  0.00  0.00  0.00  0.00
  4382                    1.00   0.00  0.00  0.00  1.00  0.00  0.00  0.00  0.00  0.00
  2379                    1.00   0.00  1.00  0.00  0.00  0.00  0.00  0.00  0.00  0.00
  3484                    1.00   1.00  0.00  0.00  0.00  0.00  0.00  0.00  0.00  0.00
  4484                    1.00   1.00  0.00  0.00  0.00  0.00  0.00  0.00  0.00  0.00
  3383                    1.00   1.00  0.00  0.00  0.00  0.00  0.00  0.00  0.00  0.00
  417-US                  1.00   0.00  0.98  0.00  0.02  0.00  0.00  0.00  0.00  0.00
  1384                    1.00   1.00  0.00  0.00  0.00  0.00  0.00  0.00  0.00  0.00
  1301                    1.00   1.00  0.00  0.00  0.00  0.00  0.00  0.00  0.00  0.00
  6315                    1.00   0.00  0.00  0.00  1.00  0.00  0.00  0.00  0.00  0.00
  NTP-1                   1.00   1.00  0.00  0.00  0.00  0.00  0.00  0.00  0.00  0.00
  NTP-2                   1.00   1.00  0.00  0.00  0.00  0.00  0.00  0.00  0.00  0.00
  NTP-3                   1.00   1.00  0.00  0.00  0.00  0.00  0.00  0.00  0.00  0.00
  384                     1.00   1.00  0.00  0.00  0.00  0.00  0.00  0.00  0.00  0.00
  395                     1.00   1.00  0.00  0.00  0.00  0.00  0.00  0.00  0.00  0.00
  1182                    1.00   0.00  0.00  0.00  0.95  0.00  0.04  0.00  0.00  0.00
  1192                    1.00   0.02  0.00  0.00  0.96  0.00  0.00  0.02  0.00  0.00
  182_2                   1.00   0.04  0.00  0.00  0.89  0.00  0.06  0.00  0.00  0.00
  192                     1.00   0.02  0.00  0.00  0.84  0.00  0.14  0.00  0.00  0.00
  2192                    1.00   0.16  0.00  0.00  0.75  0.00  0.09  0.00  0.00  0.00
  22                      1.00   0.03  0.00  0.00  0.00  0.00  0.97  0.00  0.00  0.00
  1019                    1.00   0.13  0.00  0.00  0.76  0.00  0.00  0.11  0.00  0.00
  19                      1.00   0.08  0.00  0.00  0.81  0.00  0.00  0.11  0.00  0.00
  022_2                   1.00   0.02  0.00  0.00  0.97  0.01  0.00  0.00  0.96  0.00
  022_3                   1.00   0.02  0.00  0.00  0.98  0.00  0.00  0.00  0.00  0.00
  2022                    1.00   0.02  0.02  0.00  0.97  0.00  0.00  0.00  0.97  0.00
  PM-43                   1.00   0.00  0.00  0.00  0.94  0.00  0.00  0.06  0.00  0.00
  2331                    1.00   1.00  0.00  0.00  0.00  0.00  0.00  0.00  0.00  0.00
  1331                    1.00   0.10  0.00  0.00  0.00  0.00  0.90  0.00  0.00  0.00
  PM-44                   1.00   0.00  0.00  0.00  1.00  0.00  0.00  0.00  0.00  0.00
  PM-50                   1.00   0.00  0.00  0.00  0.99  0.00  0.01  0.00  0.00  0.00
  PM-17                   1.00   0.01  0.00  0.00  0.96  0.00  0.00  0.03  0.00  0.00
  4415                    1.00   0.01  0.00  0.00  0.15  0.00  0.00  0.85  0.00  0.00
  393                     1.00   1.00  0.00  0.00  0.00  0.00  0.00  0.00  0.00  0.00
  G2393                   1.00   1.00  0.00  0.00  0.00  0.00  0.00  0.00  0.00  0.00
  392                     1.00   1.00  0.00  0.00  0.00  0.00  0.00  0.00  0.00  0.00
  2344                    1.00   0.16  0.00  0.00  0.72  0.00  0.00  0.12  0.00  0.00
  320                     1.00   1.00  0.00  0.00  0.00  0.00  0.00  0.00  0.00  0.00
  3477                    1.00   1.00  0.00  0.00  0.00  0.00  0.00  0.00  0.00  0.00
  4345                    1.00   1.00  0.00  0.00  0.00  0.00  0.00  0.00  0.00  0.00
  5436                    1.00   1.00  0.00  0.00  0.00  0.00  0.00  0.00  0.00  0.00
  336_2                   1.00   1.00  0.00  0.00  0.00  0.00  0.00  0.00  0.00  0.00
  2336_2                  1.00   0.18  0.00  0.00  0.76  0.00  0.00  0.07  0.76  0.00
  3447                    1.00   1.00  0.00  0.00  0.00  0.00  0.00  0.00  0.00  0.00
  3318                    1.00   0.18  0.00  0.00  0.73  0.00  0.00  0.09  0.73  0.00
  447                     1.00   1.00  0.00  0.00  0.00  0.00  0.00  0.00  0.00  0.00
  1447                    1.00   1.00  0.00  0.00  0.00  0.00  0.00  0.00  0.00  0.00
  1318                    1.00   1.00  0.00  0.00  0.00  0.00  0.00  0.00  0.00  0.00
  1318.1                  1.00   1.00  0.00  0.00  0.00  0.00  0.00  0.00  0.00  0.00
  318                     1.00   1.00  0.00  0.00  0.00  0.00  0.00  0.00  0.00  0.00
  2434                    1.00   1.00  0.00  0.00  0.00  0.00  0.00  0.00  0.00  0.00
  3434                    1.00   1.00  0.00  0.00  0.00  0.00  0.00  0.00  0.00  0.00
  3462                    1.00   1.00  0.00  0.00  0.00  0.00  0.00  0.00  0.00  0.00
  3323                    1.00   1.00  0.00  0.00  0.00  0.00  0.00  0.00  0.00  0.00
  2309                    1.00   1.00  0.00  0.00  0.00  0.00  0.00  0.00  0.00  0.00
  308_2                   1.00   0.41  0.00  0.00  0.00  0.00  0.59  0.00  0.00  0.00
  2323.1                  1.00   0.41  0.00  0.00  0.00  0.00  0.00  0.59  0.00  0.00
  3439                    1.00   0.01  0.00  0.00  0.99  0.00  0.00  0.01  0.00  0.00
  425_2                   1.00   0.01  0.00  0.00  0.98  0.00  0.01  0.00  0.00  0.00
  1362                    1.00   1.00  0.00  0.00  0.00  0.00  0.00  0.00  0.00  0.00
  1383-6"                 1.00   1.00  0.00  0.00  0.00  0.00  0.00  0.00  0.00  0.00
  3349                    1.00   0.14  0.00  0.00  0.74  0.00  0.11  0.00  0.00  0.00
  1450                    1.00   0.07  0.00  0.00  0.89  0.00  0.00  0.04  0.89  0.00
  450.1                   1.00   0.11  0.00  0.00  0.83  0.00  0.00  0.07  0.00  0.00
  4366                    1.00   1.00  0.00  0.00  0.00  0.00  0.00  0.00  0.00  0.00
  2304                    1.00   0.56  0.00  0.00  0.29  0.00  0.00  0.15  0.00  0.00
  2383-6"                 1.00   1.00  0.00  0.00  0.00  0.00  0.00  0.00  0.00  0.00
  PL2325                  1.00   1.00  0.00  0.00  0.00  0.00  0.00  0.00  0.00  0.00
  K3039                   1.00   1.00  0.00  0.00  0.00  0.00  0.00  0.00  0.00  0.00
  PL2323                  1.00   1.00  0.00  0.00  0.00  0.00  0.00  0.00  0.00  0.00
  PL2322                  1.00   1.00  0.00  0.00  0.00  0.00  0.00  0.00  0.00  0.00
  PL2319                  1.00   1.00  0.00  0.00  0.00  0.00  0.00  0.00  0.00  0.00
  PK2317                  1.00   1.00  0.00  0.00  0.00  0.00  0.00  0.00  0.00  0.00
  PL2316                  1.00   1.00  0.00  0.00  0.00  0.00  0.00  0.00  0.00  0.00
  PK2097                  1.00   0.00  0.93  0.00  0.07  0.00  0.00  0.00  1.00  0.00
  PK2096                  1.00   0.00  0.00  0.00  1.00  0.00  0.00  0.00  1.00  0.00
  PK3090                  1.00   1.00  0.00  0.00  0.00  0.00  0.00  0.00  0.00  0.00
  PK3089                  1.00   1.00  0.00  0.00  0.00  0.00  0.00  0.00  0.00  0.00
  PK3088                  1.00   1.00  0.00  0.00  0.00  0.00  0.00  0.00  0.00  0.00
  PK3063                  1.00   1.00  0.00  0.00  0.00  0.00  0.00  0.00  0.00  0.00
  PK3061                  1.00   1.00  0.00  0.00  0.00  0.00  0.00  0.00  0.00  0.00
  PK3047                  1.00   1.00  0.00  0.00  0.00  0.00  0.00  0.00  0.00  0.00
  PK3045                  1.00   1.00  0.00  0.00  0.00  0.00  0.00  0.00  0.00  0.00
  PK3044                  1.00   1.00  0.00  0.00  0.00  0.00  0.00  0.00  0.00  0.00
  PK3043                  1.00   1.00  0.00  0.00  0.00  0.00  0.00  0.00  0.00  0.00
  PK3041                  1.00   1.00  0.00  0.00  0.00  0.00  0.00  0.00  0.00  0.00
  PK3040                  1.00   1.00  0.00  0.00  0.00  0.00  0.00  0.00  0.00  0.00
  M6-AC36                 1.00   1.00  0.00  0.00  0.00  0.00  0.00  0.00  0.00  0.00
  M4-AC6                  1.00   1.00  0.00  0.00  0.00  0.00  0.00  0.00  0.00  0.00
  F1-AC24                 1.00   1.00  0.00  0.00  0.00  0.00  0.00  0.00  0.00  0.00
  K1-AC12                 1.00   1.00  0.00  0.00  0.00  0.00  0.00  0.00  0.00  0.00
  371                     1.00   1.00  0.00  0.00  0.00  0.00  0.00  0.00  0.00  0.00
  3371                    1.00   1.00  0.00  0.00  0.00  0.00  0.00  0.00  0.00  0.00
  M3-AC24                 1.00   1.00  0.00  0.00  0.00  0.00  0.00  0.00  0.00  0.00
  2401                    1.00   1.00  0.00  0.00  0.00  0.00  0.00  0.00  0.00  0.00
  N4-AC6                  1.00   1.00  0.00  0.00  0.00  0.00  0.00  0.00  0.00  0.00
  P5-AC12                 1.00   1.00  0.00  0.00  0.00  0.00  0.00  0.00  0.00  0.00
  D2-AC16                 1.00   1.00  0.00  0.00  0.00  0.00  0.00  0.00  0.00  0.00
  457                     1.00   1.00  0.00  0.00  0.00  0.00  0.00  0.00  0.00  0.00
  2457                    1.00   1.00  0.00  0.00  0.00  0.00  0.00  0.00  0.00  0.00
  3457                    1.00   1.00  0.00  0.00  0.00  0.00  0.00  0.00  0.00  0.00
  C3-AC36                 1.00   1.00  0.00  0.00  0.00  0.00  0.00  0.00  0.00  0.00
  3392                    1.00   1.00  0.00  0.00  0.00  0.00  0.00  0.00  0.00  0.00
  C4-AC36                 1.00   1.00  0.00  0.00  0.00  0.00  0.00  0.00  0.00  0.00
  4392                    1.00   1.00  0.00  0.00  0.00  0.00  0.00  0.00  0.00  0.00
  D4-AC16                 1.00   1.00  0.00  0.00  0.00  0.00  0.00  0.00  0.00  0.00
  1311                    1.00   0.17  0.00  0.00  0.76  0.00  0.00  0.07  0.76  0.00
  E2-AC16                 1.00   1.00  0.00  0.00  0.00  0.00  0.00  0.00  0.00  0.00
  F1-AC24-1               1.00   1.00  0.00  0.00  0.00  0.00  0.00  0.00  0.00  0.00
  1421                    1.00   1.00  0.00  0.00  0.00  0.00  0.00  0.00  0.00  0.00
  F1-AC16                 1.00   1.00  0.00  0.00  0.00  0.00  0.00  0.00  0.00  0.00
  349                     1.00   0.00  0.00  0.00  0.00  1.00  0.00  0.00  1.00  0.00
  2349                    1.00   0.00  0.00  0.00  1.00  0.00  0.00  0.00  1.00  0.00
  H1-AC16                 1.00   1.00  0.00  0.00  0.00  0.00  0.00  0.00  0.00  0.00
  4302                    1.00   0.94  0.00  0.00  0.02  0.00  0.00  0.04  0.02  0.00
  F4-AC72                 1.00   1.00  0.00  0.00  0.00  0.00  0.00  0.00  0.00  0.00
  2962                    1.00   0.06  0.00  0.00  0.77  0.00  0.00  0.18  0.00  0.00
  3962                    1.00   1.00  0.00  0.00  0.00  0.00  0.00  0.00  0.00  0.00
  F5-AC36                 1.00   1.00  0.00  0.00  0.00  0.00  0.00  0.00  0.00  0.00
  3300.1                  1.00   0.13  0.00  0.00  0.69  0.00  0.00  0.18  0.00  0.00
  3300                    1.00   1.00  0.00  0.00  0.00  0.00  0.00  0.00  0.00  0.00
  R7-AC24                 1.00   1.00  0.00  0.00  0.00  0.00  0.00  0.00  0.00  0.00
  PJM-44                  1.00   1.00  0.00  0.00  0.00  0.00  0.00  0.00  0.00  0.00
  418-1                   1.00   0.04  0.00  0.00  0.00  0.00  0.00  0.96  0.00  0.00
  P6-AC36                 1.00   1.00  0.00  0.00  0.00  0.00  0.00  0.00  0.00  0.00
  418                     1.00   0.04  0.00  0.00  0.76  0.00  0.00  0.20  0.76  0.00
  1418                    1.00   1.00  0.00  0.00  0.00  0.00  0.00  0.00  0.00  0.00
  M6-AC42                 1.00   1.00  0.00  0.00  0.00  0.00  0.00  0.00  0.00  0.00
  M5-AC30                 1.00   1.00  0.00  0.00  0.00  0.00  0.00  0.00  0.00  0.00
  2307.1                  1.00   1.00  0.00  0.00  0.00  0.00  0.00  0.00  0.00  0.00
  M5-AC42                 1.00   1.00  0.00  0.00  0.00  0.00  0.00  0.00  0.00  0.00
  4414                    1.00   1.00  0.00  0.00  0.00  0.00  0.00  0.00  0.00  0.00
  4187                    1.00   1.00  0.00  0.00  0.00  0.00  0.00  0.00  0.00  0.00
  357                     1.00   1.00  0.00  0.00  0.00  0.00  0.00  0.00  0.00  0.00
  M7-AC42                 1.00   1.00  0.00  0.00  0.00  0.00  0.00  0.00  0.00  0.00
  2182                    1.00   0.00  0.00  0.00  0.95  0.00  0.00  0.05  0.00  0.00
  3182                    1.00   1.00  0.00  0.00  0.00  0.00  0.00  0.00  0.00  0.00
  2392                    1.00   0.01  0.00  0.00  0.81  0.00  0.00  0.19  0.00  0.00
  311                     1.00   1.00  0.00  0.00  0.00  0.00  0.00  0.00  0.00  0.00
  421                     1.00   1.00  0.00  0.00  0.00  0.00  0.00  0.00  0.00  0.00
  L3-AC10                 1.00   1.00  0.00  0.00  0.00  0.00  0.00  0.00  0.00  0.00
  4499                    1.00   0.06  0.00  0.00  0.27  0.64  0.00  0.03  0.91  0.00
  306                     1.00   1.00  0.00  0.00  0.00  0.00  0.00  0.00  0.00  0.00
  1486                    1.00   1.00  0.00  0.00  0.00  0.00  0.00  0.00  0.00  0.00
  2465                    1.00   1.00  0.00  0.00  0.00  0.00  0.00  0.00  0.00  0.00
  1490                    1.00   1.00  0.00  0.00  0.00  0.00  0.00  0.00  0.00  0.00
  2490                    1.00   1.00  0.00  0.00  0.00  0.00  0.00  0.00  0.00  0.00
  1498                    1.00   1.00  0.00  0.00  0.00  0.00  0.00  0.00  0.00  0.00
  2498                    1.00   1.00  0.00  0.00  0.00  0.00  0.00  0.00  0.00  0.00
  3498                    1.00   1.00  0.00  0.00  0.00  0.00  0.00  0.00  0.00  0.00
  2390                    1.00   1.00  0.00  0.00  0.00  0.00  0.00  0.00  0.00  0.00
  2485                    1.00   1.00  0.00  0.00  0.00  0.00  0.00  0.00  0.00  0.00
  3485                    1.00   1.00  0.00  0.00  0.00  0.00  0.00  0.00  0.00  0.00
  479                     1.00   1.00  0.00  0.00  0.00  0.00  0.00  0.00  0.00  0.00
  2479                    1.00   1.00  0.00  0.00  0.00  0.00  0.00  0.00  0.00  0.00
  3479                    1.00   1.00  0.00  0.00  0.00  0.00  0.00  0.00  0.00  0.00
  1476                    1.00   1.00  0.00  0.00  0.00  0.00  0.00  0.00  0.00  0.00
  410                     1.00   0.06  0.00  0.00  0.93  0.00  0.00  0.01  0.93  0.00
  2410                    1.00   1.00  0.00  0.00  0.00  0.00  0.00  0.00  0.00  0.00
  408                     1.00   1.00  0.00  0.00  0.00  0.00  0.00  0.00  0.00  0.00
  1485                    1.00   1.00  0.00  0.00  0.00  0.00  0.00  0.00  0.00  0.00
  2408                    1.00   1.00  0.00  0.00  0.00  0.00  0.00  0.00  0.00  0.00
  2436                    1.00   1.00  0.00  0.00  0.00  0.00  0.00  0.00  0.00  0.00
  2431                    1.00   1.00  0.00  0.00  0.00  0.00  0.00  0.00  0.00  0.00
  431                     1.00   1.00  0.00  0.00  0.00  0.00  0.00  0.00  0.00  0.00
  436                     1.00   1.00  0.00  0.00  0.00  0.00  0.00  0.00  0.00  0.00
  430                     1.00   1.00  0.00  0.00  0.00  0.00  0.00  0.00  0.00  0.00
  2430                    1.00   1.00  0.00  0.00  0.00  0.00  0.00  0.00  0.00  0.00
  2437                    1.00   1.00  0.00  0.00  0.00  0.00  0.00  0.00  0.00  0.00
  1437                    1.00   1.00  0.00  0.00  0.00  0.00  0.00  0.00  0.00  0.00
  3437                    1.00   1.00  0.00  0.00  0.00  0.00  0.00  0.00  0.00  0.00
  5437                    1.00   1.00  0.00  0.00  0.00  0.00  0.00  0.00  0.00  0.00
  406                     1.00   0.13  0.00  0.00  0.84  0.00  0.00  0.03  0.84  0.00
  2476                    1.00   1.00  0.00  0.00  0.00  0.00  0.00  0.00  0.00  0.00
  4413                    1.00   1.00  0.00  0.00  0.00  0.00  0.00  0.00  0.00  0.00
  3413                    1.00   1.00  0.00  0.00  0.00  0.00  0.00  0.00  0.00  0.00
  413                     1.00   0.01  0.00  0.00  0.01  0.98  0.00  0.00  0.98  0.00
  390                     1.00   0.19  0.00  0.00  0.43  0.00  0.00  0.38  0.43  0.00
  2483                    1.00   1.00  0.00  0.00  0.00  0.00  0.00  0.00  0.00  0.00
  428                     1.00   1.00  0.00  0.00  0.00  0.00  0.00  0.00  0.00  0.00
  2429                    1.00   1.00  0.00  0.00  0.00  0.00  0.00  0.00  0.00  0.00
  429                     1.00   1.00  0.00  0.00  0.00  0.00  0.00  0.00  0.00  0.00
  3429                    1.00   1.00  0.00  0.00  0.00  0.00  0.00  0.00  0.00  0.00
  1404                    1.00   1.00  0.00  0.00  0.00  0.00  0.00  0.00  0.00  0.00
  4408                    1.00   1.00  0.00  0.00  0.00  0.00  0.00  0.00  0.00  0.00
  465                     1.00   1.00  0.00  0.00  0.00  0.00  0.00  0.00  0.00  0.00
  1305                    1.00   1.00  0.00  0.00  0.00  0.00  0.00  0.00  0.00  0.00
  11305                   1.00   1.00  0.00  0.00  0.00  0.00  0.00  0.00  0.00  0.00
  NL436                   1.00   1.00  0.00  0.00  0.00  0.00  0.00  0.00  0.00  0.00
  409                     1.00   0.03  0.00  0.00  0.97  0.00  0.00  0.01  0.97  0.00
  1409                    1.00   1.00  0.00  0.00  0.00  0.00  0.00  0.00  0.00  0.00
  437                     1.00   1.00  0.00  0.00  0.00  0.00  0.00  0.00  0.00  0.00
  4437                    1.00   1.00  0.00  0.00  0.00  0.00  0.00  0.00  0.00  0.00
  3476                    1.00   1.00  0.00  0.00  0.00  0.00  0.00  0.00  0.00  0.00
  403                     1.00   1.00  0.00  0.00  0.00  0.00  0.00  0.00  0.00  0.00
  483                     1.00   0.13  0.00  0.00  0.81  0.00  0.00  0.06  0.81  0.00
  1428-1                  1.00   1.00  0.00  0.00  0.00  0.00  0.00  0.00  0.00  0.00
  1431                    1.00   0.70  0.00  0.00  0.24  0.00  0.00  0.06  0.24  0.00
  476                     1.00   1.00  0.00  0.00  0.00  0.00  0.00  0.00  0.00  0.00
  485                     1.00   0.55  0.00  0.00  0.36  0.00  0.00  0.08  0.36  0.00
  486                     1.00   1.00  0.00  0.00  0.00  0.00  0.00  0.00  0.00  0.00
  490                     1.00   0.73  0.00  0.00  0.07  0.14  0.00  0.06  0.21  0.00
  498                     1.00   0.21  0.00  0.00  0.50  0.22  0.00  0.07  0.73  0.00
  407                     1.00   0.24  0.00  0.00  0.72  0.00  0.00  0.04  0.72  0.00
  G2407                   1.00   1.00  0.00  0.00  0.00  0.00  0.00  0.00  0.00  0.00
  
  
  *************************
  Conduit Surcharge Summary
  *************************
  
  ----------------------------------------------------------------------------
                                                           Hours        Hours 
                         --------- Hours Full --------   Above Full   Capacity
  Conduit                Both Ends  Upstream  Dnstream   Normal Flow   Limited
  ----------------------------------------------------------------------------
  449                         1.07     14.00      1.07      0.48         0.01
  3449                       14.01     14.01     14.03     22.39         0.01
  450                         0.01      0.01      0.01     13.58         0.01
  448                         1.05     13.96      1.07      5.94         0.01
  2450                        0.01      0.01      0.01     23.11         0.01
  2449                        1.07      1.07     14.01      7.35         0.01
  3421                        0.01      0.01      0.01     23.15         0.01
  441                         0.01      0.01      0.01      2.01         0.01
  440                         0.01      0.01      0.01      1.08         0.01
  442                         0.01      0.01      0.01      3.95         0.01
  2441                        0.01      0.01      0.01     13.52         0.01
  303                         0.01      0.01     19.16     20.78         0.01
  2302                        0.01      0.01      0.01     22.54         0.01
  3302                        0.01      0.01     19.83     23.61         0.01
  445                         0.01      0.01      0.01      1.77         0.01
  2445                        0.01      0.01      0.01     22.57         0.01
  2444                        0.01      0.01      0.01     22.01         0.01
  2443                        0.01      0.01      0.01     20.01         0.01
  3443                        0.01      0.01      0.01     18.41         0.01
  443                        17.29     17.30     17.29     17.82         0.01
  444                         0.01      0.01      0.01      0.25         0.01
  PM-37                      22.31     24.00     22.31      1.69         0.01
  426                         0.01      0.01      0.01     19.56         0.01
  315                        23.96     23.97     23.99      0.01         0.01
  2316                        0.01      0.01     23.23      0.01         0.01
  3316                        0.01      0.01      0.01     22.99         0.01
  301                         0.01     20.70      0.01     21.61         0.01
  7315                       23.59     23.62     23.59     23.86        23.59
  5315                       23.86     23.89     23.86     23.97        23.86
  4315                       23.94     23.99     23.94     24.00        23.94
  343                         0.01      0.01      0.01      1.49         0.01
  2343                        0.01      0.01      0.01     20.14         0.01
  482                         0.01      0.01      0.01     18.41         0.01
  2482                        0.01      0.01      0.01     17.53         0.01
  3344                        0.01      0.01      0.01      3.47         0.01
  3343                        0.01      0.01      0.01      9.84         0.01
  2480                        0.01      0.01      0.01     23.33         0.01
  324X                        0.01      0.01      0.01     20.42         0.01
  324                         0.01      0.01      0.01     22.28         0.01
  4438                        0.01      0.01      0.01     12.93         0.01
  2438                        0.01      0.01      0.01     10.45         0.01
  324-A                       0.01     20.43      0.01     21.25         0.01
  3438                        0.01      0.01      0.01     20.88         0.01
  435                         0.01      0.01      0.01     23.61         0.01
  480                         0.01      0.01      0.01     22.96         0.01
  439                         0.01      0.01      0.01      1.16         0.01
  2435                        0.01      0.01      0.01     23.71         0.01
  2439                        0.01      0.01      0.01     23.76         0.01
  G425                        0.01      0.01      0.01     23.82         0.01
  3324                        0.01      0.01      0.01     20.08         0.01
  1425                        0.01      0.01     16.86      0.01         0.01
  4395                        0.01      0.01      0.01     19.54         0.01
  2397                        0.01      0.01      0.01     22.89         0.01
  394                         0.01      0.01      0.01      9.50         0.01
  397                         0.01      0.01      0.01      2.26         0.01
  2426                        0.01      0.01      0.01     17.23         0.01
  FUTURE                      0.01      0.01      0.01      6.28         0.01
  3418.1                      0.01      0.01     12.46      0.01         0.01
  488-8"                      0.01      0.01     21.60      0.01         0.01
  386_2                       0.01      0.01      0.01     21.24         0.01
  2307-30"                    0.01      0.01     20.03      0.01         0.01
  300                         0.01      0.01      0.01      6.35         0.01
  2300                        0.01      0.01      0.01     15.81         0.01
  347                         0.01      0.01      0.01     15.20         0.01
  497_2                       0.01      0.01      0.01      5.59         0.01
  2496                        0.01      0.01      0.01      8.22         0.01
  496_2                       0.01      0.01      0.01      8.01         0.01
  4962                        0.01      0.01      0.01     18.02         0.01
  2414                        0.01      0.01     23.70      0.01         0.01
  14346                       0.01     23.16      0.01     23.81         0.01
  16346                       0.01      0.01      0.01     23.03         0.01
  19346                       0.01      0.01      0.01     22.00         0.01
  18346                       0.01      0.01      0.01     19.66         0.01
  2311                        0.01      0.01      0.01     16.41         0.01
  2310                        0.01      0.01      0.01     19.39         0.01
  962_2                       0.01      0.01      0.01      2.35         0.01
  2415                        0.01      0.01      0.01     23.20         0.01
  417_2                       0.01      0.01      0.01      0.68         0.01
  415_2                       0.01      0.01      0.01      3.16         0.01
  20346                       0.01      0.01      0.01     11.72         0.01
  PM-42                       8.90     23.97      8.90      5.87         0.01
  319-8                       0.01      0.01     21.93      0.01         0.01
  PM-52                       0.01      0.01      0.01     23.99         0.01
  PM-13                       0.01     21.58      0.01     23.98         0.01
  4346.1                      0.01      0.01      0.01      5.15         0.01
  PM-49                      14.60     14.73     14.60     23.83         0.01
  PM-48                      10.46     10.62     10.46     10.07         0.01
  PM-6                        9.69     19.37      9.69      0.01         0.01
  PM-22                      22.63     23.98     22.63     23.99        22.63
  2323                        0.01      0.01      0.01      6.89         0.01
  2305                        0.01      0.01      0.01     10.86         0.01
  3304                        0.01      0.01     21.01      0.01         0.01
  305_2                       0.01      0.01      0.01     22.04         0.01
  3338                        0.01      0.01     17.14      0.01         0.01
  335                         0.01      0.01      0.01      1.46         0.01
  G414                        0.01      0.01     22.25      0.01         0.01
  336                         0.01      0.01      0.01      0.01         0.01
  G2359                       0.03      0.16     23.87      0.13         0.01
  4382                        0.01      0.01      0.01      0.74         0.01
  6315                       23.72     23.86     23.72     23.93        23.72
  1182                        0.01      0.01      0.01     21.05         0.01
  1192                        0.01      0.01      0.01      3.63         0.01
  182_2                      19.13     19.13     19.13     19.33         0.01
  192                         0.01      0.01      0.01      4.87         0.01
  2192                        0.01      0.01      0.01      2.23         0.01
  1019                        0.01      0.01      0.01      4.34         0.01
  19                          0.01      0.01      6.22      6.05         0.01
  PM-43                       0.01      0.01      0.01     23.97         0.01
  PM-44                       8.90     18.50      8.90      5.78         0.01
  2336_2                      0.01      0.01     17.39      0.01         0.01
  3439                        0.01      0.01      0.01      0.28         0.01
  425_2                       0.01      0.01      0.01      0.04         0.01
  1450                        0.01      0.01     11.32      0.01         0.01
  450.1                       0.01      0.01      0.01      7.64         0.01
  PK2096                      0.01      0.01     20.52      0.01         0.01
  1311                        0.01      0.01     14.10      0.01         0.01
  349                         0.01      0.01     23.99      0.01         0.01
  2349                        0.01      0.01     23.94      0.01         0.01
  2182                        0.01      0.01      0.01      4.88         0.01
  4499                        0.01      0.01     21.61      0.01         0.01
  410                         0.01      0.01     22.23      0.01         0.01
  406                         0.01      0.01     17.97      0.01         0.01
  413                         0.01      0.01     23.59      0.01         0.01
  390                         0.01      0.01      8.38      0.01         0.01
  409                         0.01      0.01     23.15      0.01         0.01
  483                         0.01      0.01     19.18      0.01         0.01
  1431                        0.01      0.01      4.37      0.01         0.01
  485                         0.01      0.01      8.51      0.01         0.01
  490                         0.01      0.01      5.04      0.01         0.01
  498                         0.01      0.01     17.32      0.01         0.01
  407                         0.01      0.01     17.10      0.01         0.01
  
  
  ***************
  Pumping Summary
  ***************
  
  ---------------------------------------------------------------------------------------------------------
                                                  Min       Avg       Max     Total     Power    % Time Off
                        Percent   Number of      Flow      Flow      Flow    Volume     Usage    Pump Curve
  Pump                 Utilized   Start-Ups       CFS       CFS       CFS  10^6 gal     Kw-hr    Low   High
  ---------------------------------------------------------------------------------------------------------
  8349                     0.00           0      0.00      0.00      0.00     0.000      0.00    0.0    0.0
  8449                     0.00           0      0.00      0.00      0.00     0.000      0.00    0.0    0.0
  8448                     0.00           0      0.00      0.00      0.00     0.000      0.00    0.0    0.0
  8446                     0.00           0      0.00      0.00      0.00     0.000      0.00    0.0    0.0
  8447                     0.00           0      0.00      0.00      0.00     0.000      0.00    0.0    0.0
  8457                     0.00           0      0.00      0.00      0.00     0.000      0.00    0.0    0.0
  8455                     0.00           0      0.00      0.00      0.00     0.000      0.00    0.0    0.0
  8318                     0.00           0      0.00      0.00      0.00     0.000      0.00    0.0    0.0
  8411                     0.00           0      0.00      0.00      0.00     0.000      0.00    0.0    0.0
  8412                     0.00           0      0.00      0.00      0.00     0.000      0.00    0.0    0.0
  8454                     0.00           0      0.00      0.00      0.00     0.000      0.00    0.0    0.0
  8450                     0.00           0      0.00      0.00      0.00     0.000      0.00    0.0    0.0
  8460-nc                  0.00           0      0.00      0.00      0.00     0.000      0.00    0.0    0.0
  8459                     0.00           0      0.00      0.00      0.00     0.000      0.00    0.0    0.0
  8473                     0.00           0      0.00      0.00      0.00     0.000      0.00    0.0    0.0
  8350                     0.00           0      0.00      0.00      0.00     0.000      0.00    0.0    0.0
  8420                     0.00           0      0.00      0.00      0.00     0.000      0.00    0.0    0.0
  8456                     0.00           0      0.00      0.00      0.00     0.000      0.00    0.0    0.0
  8458                     0.00           0      0.00      0.00      0.00     0.000      0.00    0.0    0.0
  8453                     0.00           0      0.00      0.00      0.00     0.000      0.00    0.0    0.0
  8452                     0.00           0      0.00      0.00      0.00     0.000      0.00    0.0    0.0
  8451                     0.00           0      0.00      0.00      0.00     0.000      0.00    0.0    0.0
  8421                     0.00           0      0.00      0.00      0.00     0.000      0.00    0.0    0.0
  8372                     0.00           0      0.00      0.00      0.00     0.000      0.00    0.0    0.0
  8371                     0.00           0      0.00      0.00      0.00     0.000      0.00    0.0    0.0
  8441                     0.00           0      0.00      0.00      0.00     0.000      0.00    0.0    0.0
  8440                     0.00           0      0.00      0.00      0.00     0.000      0.00    0.0    0.0
  8442                     0.00           0      0.00      0.00      0.00     0.000      0.00    0.0    0.0
  8303                     0.00           0      0.00      0.00      0.00     0.000      0.00    0.0    0.0
  8302                     0.00           0      0.00      0.00      0.00     0.000      0.00    0.0    0.0
  8445                     0.00           0      0.00      0.00      0.00     0.000      0.00    0.0    0.0
  8443                     0.00           0      0.00      0.00      0.00     0.000      0.00    0.0    0.0
  8444                     0.00           0      0.00      0.00      0.00     0.000      0.00    0.0    0.0
  422_2                    0.00           0      0.00      0.00      0.00     0.000      0.00    0.0    0.0
  8470                     0.00           0      0.00      0.00      0.00     0.000      0.00    0.0    0.0
  8471                     0.00           0      0.00      0.00      0.00     0.000      0.00    0.0    0.0
  8472                     0.00           0      0.00      0.00      0.00     0.000      0.00    0.0    0.0
  8474                     0.00           0      0.00      0.00      0.00     0.000      0.00    0.0    0.0
  8499                     0.00           0      0.00      0.00      0.00     0.000      0.00    0.0    0.0
  8469                     0.00           0      0.00      0.00      0.00     0.000      0.00    0.0    0.0
  8468DX                   0.00           0      0.00      0.00      0.00     0.000      0.00    0.0    0.0
  8426                     0.00           0      0.00      0.00      0.00     0.000      0.00    0.0    0.0
  8467                     0.00           0      0.00      0.00      0.00     0.000      0.00    0.0    0.0
  8466                     0.00           0      0.00      0.00      0.00     0.000      0.00    0.0    0.0
  8493                     0.00           0      0.00      0.00      0.00     0.000      0.00    0.0    0.0
  8315                     0.00           0      0.00      0.00      0.00     0.000      0.00    0.0    0.0
  8317                    99.99           1      0.00     10.00     10.00     6.462     79.76    0.0  100.0
  8301                    93.86           1      0.00      3.96      4.10     2.341    120.28    0.0    0.0
  8316                     0.00           0      0.00      0.00      0.00     0.000      0.00    0.0    0.0
  8491                     0.00           0      0.00      0.00      0.00     0.000      0.00    0.0    0.0
  8494                     0.00           0      0.00      0.00      0.00     0.000      0.00    0.0    0.0
  8492                     0.00           0      0.00      0.00      0.00     0.000      0.00    0.0    0.0
  8495                     0.00           0      0.00      0.00      0.00     0.000      0.00    0.0    0.0
  8475                     0.00           0      0.00      0.00      0.00     0.000      0.00    0.0    0.0
  8464                     0.00           0      0.00      0.00      0.00     0.000      0.00    0.0    0.0
  8344                     0.00           0      0.00      0.00      0.00     0.000      0.00    0.0    0.0
  8342                     0.00           0      0.00      0.00      0.00     0.000      0.00    0.0    0.0
  8343                     0.00           0      0.00      0.00      0.00     0.000      0.00    0.0    0.0
  8482                     0.00           0      0.00      0.00      0.00     0.000      0.00    0.0    0.0
  8324                     0.00           0      0.00      0.00      0.00     0.000      0.00    0.0    0.0
  8478                     0.00           0      0.00      0.00      0.00     0.000      0.00    0.0    0.0
  8438                     0.00           0      0.00      0.00      0.00     0.000      0.00    0.0    0.0
  8321                     0.00           0      0.00      0.00      0.00     0.000      0.00    0.0    0.0
  8435                     0.00           0      0.00      0.00      0.00     0.000      0.00    0.0    0.0
  8480                     0.00           0      0.00      0.00      0.00     0.000      0.00    0.0    0.0
  8439                     0.00           0      0.00      0.00      0.00     0.000      0.00    0.0    0.0
  8424                     0.00           0      0.00      0.00      0.00     0.000      0.00    0.0    0.0
  425                      0.00           0      0.00      0.00      0.00     0.000      0.00    0.0    0.0
  8396                     0.00           0      0.00      0.00      0.00     0.000      0.00    0.0    0.0
  8402                     0.00           0      0.00      0.00      0.00     0.000      0.00    0.0    0.0
  8398                     0.00           0      0.00      0.00      0.00     0.000      0.00    0.0    0.0
  8400                     0.00           0      0.00      0.00      0.00     0.000      0.00    0.0    0.0
  8399                     0.00           0      0.00      0.00      0.00     0.000      0.00    0.0    0.0
  8423                    87.02           1      0.00      0.03      0.04     0.018      0.65    0.0    0.0
  8432                     0.00           0      0.00      0.00      0.00     0.000      0.00    0.0    0.0
  8395                     0.00           0      0.00      0.00      0.00     0.000      0.00    0.0    0.0
  8322                     0.00           0      0.00      0.00      0.00     0.000      0.00    0.0    0.0
  8394                     0.00           0      0.00      0.00      0.00     0.000      0.00    0.0    0.0
  8397                     0.00           0      0.00      0.00      0.00     0.000      0.00    0.0    0.0
  414                    100.00           1      0.00     10.00     10.00     6.463    319.35    0.0    0.0
  488                      0.00           0      0.00      0.00      0.00     0.000      0.00    0.0    0.0
  386                      0.00           0      0.00      0.00      0.00     0.000      0.00    0.0    0.0
  345                      0.00           0      0.00      0.00      0.00     0.000      0.00    0.0    0.0
  497                      0.00           0      0.00      0.00      0.00     0.000      0.00    0.0    0.0
  496                      0.00           0      0.00      0.00      0.00     0.000      0.00    0.0    0.0
  387_2                    0.00           0      0.00      0.00      0.00     0.000      0.00    0.0    0.0
  300_2                    0.00           0      0.00      0.00      0.00     0.000      0.00    0.0    0.0
  962                      0.00           0      0.00      0.00      0.00     0.000      0.00    0.0    0.0
  462                      0.00           0      0.00      0.00      0.00     0.000      0.00    0.0    0.0
  319                      0.00           0      0.00      0.00      0.00     0.000      0.00    0.0    0.0
  417                      2.01           1      0.00      0.89      3.88     0.010      0.30    0.0    0.0
  416                      0.00           0      0.00      0.00      0.00     0.000      0.00    0.0    0.0
  415                      0.00           0      0.00      0.00      0.00     0.000      0.00    0.0    0.0
  8310                     0.00           0      0.00      0.00      0.00     0.000      0.00    0.0    0.0
  8311                     0.00           0      0.00      0.00      0.00     0.000      0.00    0.0    0.0
  8314                     0.00           0      0.00      0.00      0.00     0.000      0.00    0.0    0.0
  8312                     0.00           0      0.00      0.00      0.00     0.000      0.00    0.0    0.0
  8313                     0.00           0      0.00      0.00      0.00     0.000      0.00    0.0    0.0
  401_2                    0.00           0      0.00      0.00      0.00     0.000      0.00    0.0    0.0
  309                      0.00           0      0.00      0.00      0.00     0.000      0.00    0.0    0.0
  308                      0.00           0      0.00      0.00      0.00     0.000      0.00    0.0    0.0
  323                      0.00           0      0.00      0.00      0.00     0.000      0.00    0.0    0.0
  305                      0.00           0      0.00      0.00      0.00     0.000      0.00    0.0    0.0
  388                      0.00           0      0.00      0.00      0.00     0.000      0.00    0.0    0.0
  304_2                    0.00           0      0.00      0.00      0.00     0.000      0.00    0.0    0.0
  327                      0.00           0      0.00      0.00      0.00     0.000      0.00    0.0    0.0
  328                      0.00           0      0.00      0.00      0.00     0.000      0.00    0.0    0.0
  481                      0.00           0      0.00      0.00      0.00     0.000      0.00    0.0    0.0
  326                      0.00           0      0.00      0.00      0.00     0.000      0.00    0.0    0.0
  325                      0.00           0      0.00      0.00      0.00     0.000      0.00    0.0    0.0
  8334                     0.00           0      0.00      0.00      0.00     0.000      0.00    0.0    0.0
  8338                     0.00           0      0.00      0.00      0.00     0.000      0.00    0.0    0.0
  8333                     0.00           0      0.00      0.00      0.00     0.000      0.00    0.0    0.0
  8434                     0.00           0      0.00      0.00      0.00     0.000      0.00    0.0    0.0
  8339                     0.00           0      0.00      0.00      0.00     0.000      0.00    0.0    0.0
  8335                     1.94           1      0.00      0.93     10.00     0.006      0.22    0.0    3.8
  8341                     0.00           0      0.00      0.00      0.00     0.000      0.00    0.0    0.0
  8433                     0.00           0      0.00      0.00      0.00     0.000      0.00    0.0    0.0
  8337                     0.00           0      0.00      0.00      0.00     0.000      0.00    0.0    0.0
  8487                     0.00           0      0.00      0.00      0.00     0.000      0.00    0.0    0.0
  8332                     0.00           0      0.00      0.00      0.00     0.000      0.00    0.0    0.0
  8329                     0.00           0      0.00      0.00      0.00     0.000      0.00    0.0    0.0
  8336-nc                  0.00           0      0.00      0.00      0.00     0.000      0.00    0.0    0.0
  8370                     0.00           0      0.00      0.00      0.00     0.000      0.00    0.0    0.0
  8364                     0.00           0      0.00      0.00      0.00     0.000      0.00    0.0    0.0
  8365                     0.00           0      0.00      0.00      0.00     0.000      0.00    0.0    0.0
  8369                     0.00           0      0.00      0.00      0.00     0.000      0.00    0.0    0.0
  8385                     0.00           0      0.00      0.00      0.00     0.000      0.00    0.0    0.0
  8419                     0.00           0      0.00      0.00      0.00     0.000      0.00    0.0    0.0
  8373                     0.00           0      0.00      0.00      0.00     0.000      0.00    0.0    0.0
  8374                     0.00           0      0.00      0.00      0.00     0.000      0.00    0.0    0.0
  8368                     0.00           0      0.00      0.00      0.00     0.000      0.00    0.0    0.0
  8366                     0.00           0      0.00      0.00      0.00     0.000      0.00    0.0    0.0
  8377                     0.00           0      0.00      0.00      0.00     0.000      0.00    0.0    0.0
  8356                     0.00           0      0.00      0.00      0.00     0.000      0.00    0.0    0.0
  8489                     0.00           0      0.00      0.00      0.00     0.000      0.00    0.0    0.0
  8461                     0.00           0      0.00      0.00      0.00     0.000      0.00    0.0    0.0
  8362                     0.00           0      0.00      0.00      0.00     0.000      0.00    0.0    0.0
  8375                     0.00           0      0.00      0.00      0.00     0.000      0.00    0.0    0.0
  8427                     0.00           0      0.00      0.00      0.00     0.000      0.00    0.0    0.0
  8376                     0.00           0      0.00      0.00      0.00     0.000      0.00    0.0    0.0
  8363                     0.00           0      0.00      0.00      0.00     0.000      0.00    0.0    0.0
  8367                     0.00           0      0.00      0.00      0.00     0.000      0.00    0.0    0.0
  8359                     0.00           0      0.00      0.00      0.00     0.000      0.00    0.0    0.0
  8354                     0.00           0      0.00      0.00      0.00     0.000      0.00    0.0    0.0
  8353                     0.00           0      0.00      0.00      0.00     0.000      0.00    0.0    0.0
  8352                     0.00           0      0.00      0.00      0.00     0.000      0.00    0.0    0.0
  8358-nc                  0.00           0      0.00      0.00      0.00     0.000      0.00    0.0    0.0
  8351                     0.00           0      0.00      0.00      0.00     0.000      0.00    0.0    0.0
  8361                     0.00           0      0.00      0.00      0.00     0.000      0.00    0.0    0.0
  8360                     0.00           0      0.00      0.00      0.00     0.000      0.00    0.0    0.0
  8355                     0.00           0      0.00      0.00      0.00     0.000      0.00    0.0    0.0
  8357-nc                  0.00           0      0.00      0.00      0.00     0.000      0.00    0.0    0.0
  8389                     0.00           0      0.00      0.00      0.00     0.000      0.00    0.0    0.0
  8378                     0.00           0      0.00      0.00      0.00     0.000      0.00    0.0    0.0
  8404                     0.00           0      0.00      0.00      0.00     0.000      0.00    0.0    0.0
  8405                     0.00           0      0.00      0.00      0.00     0.000      0.00    0.0    0.0
  8380                     0.00           0      0.00      0.00      0.00     0.000      0.00    0.0    0.0
  8381                     0.00           0      0.00      0.00      0.00     0.000      0.00    0.0    0.0
  8484                     0.00           0      0.00      0.00      0.00     0.000      0.00    0.0    0.0
  8382                     0.00           0      0.00      0.00      0.00     0.000      0.00    0.0    0.0
  8391                     0.00           0      0.00      0.00      0.00     0.000      0.00    0.0    0.0
  8463                     0.00           0      0.00      0.00      0.00     0.000      0.00    0.0    0.0
  8383                     0.00           0      0.00      0.00      0.00     0.000      0.00    0.0    0.0
  8379                     0.00           0      0.00      0.00      0.00     0.000      0.00    0.0    0.0
  8477                     0.00           0      0.00      0.00      0.00     0.000      0.00    0.0    0.0
  8384                     0.00           0      0.00      0.00      0.00     0.000      0.00    0.0    0.0
  81301                    0.00           0      0.00      0.00      0.00     0.000      0.00    0.0    0.0
  182                      0.00           0      0.00      0.00      0.00     0.000      0.00    0.0    0.0
  192_2                    0.00           0      0.00      0.00      0.00     0.000      0.00    0.0    0.0
  022                      0.00           0      0.00      0.00      0.00     0.000      0.00    0.0    0.0
  8019                    96.56           1      0.00      0.06      0.06     0.037      1.24    0.0    0.0
  8330                     0.00           0      0.00      0.00      0.00     0.000      0.00    0.0    0.0
  8331                     0.00           0      0.00      0.00      0.00     0.000      0.00    0.0    0.0
  8393                   100.00           1      0.00     10.00     10.00     6.463      0.00    0.0    0.0
  8392                   100.00           1      0.00     10.00     10.00     6.463      0.00    0.0    0.0
  8320                   100.00           1      0.00     10.00     10.00     6.463      0.00    0.0    0.0
  81310                    0.00           0      0.00      0.00      0.00     0.000      0.00    0.0    0.0
  347_2                    0.00           0      0.00      0.00      0.00     0.000      0.00    0.0    0.0
  346_2                  100.00           1      0.00     10.00     10.00     6.463    324.87    0.0    0.0
  348_2                  100.00           1      0.00     10.00     10.00     6.463    251.36    0.0    0.0
  307_2                  100.00           1      0.00     10.00     10.00     6.463    430.46    0.0    0.0
  8418                   100.00           1      0.00     10.00     10.00     6.463      0.00    0.0    0.0
  8306                   100.00           1      0.00     10.00     10.00     6.463      0.00    0.0    0.0
  8486                   100.00           1      0.00     10.00     10.00     6.463      0.00    0.0    0.0
  8490                   100.00           1      0.00     10.00     10.00     6.463      0.00    0.0    0.0
  8498                   100.00           1      0.00     10.00     10.00     6.463      0.00    0.0    0.0
  8479                   100.00           1      0.00     10.00     10.00     6.463      0.00    0.0    0.0
  8476                   100.00           1      0.00     10.00     10.00     6.463      0.00    0.0    0.0
  8410                   100.00           1      0.00     10.00     10.00     6.463      0.00    0.0    0.0
  8408                   100.00           1      0.00     10.00     10.00     6.463      0.00    0.0    0.0
  8485                   100.00           1      0.00     10.00     10.00     6.463      0.00    0.0    0.0
  8431                   100.00           1      0.00     10.00     10.00     6.463      0.00    0.0    0.0
  8436                   100.00           1      0.00     10.00     10.00     6.463      0.00    0.0    0.0
  8430                   100.00           1      0.00     10.00     10.00     6.463      0.00    0.0    0.0
  8437                   100.00           1      0.00     10.00     10.00     6.463      0.00    0.0    0.0
  8413P                  100.00           1      0.00     10.00     10.00     6.463      0.00    0.0    0.0
  8390                   100.00           1      0.00     10.00     10.00     6.463      0.00    0.0    0.0
  8483                   100.00           1      0.00     10.00     10.00     6.463      0.00    0.0    0.0
  8429                   100.00           1      0.00     10.00     10.00     6.463      0.00    0.0    0.0
  8428                   100.00           1      0.00     10.00     10.00     6.463      0.00    0.0    0.0
  8465                   100.00           1      0.00     10.00     10.00     6.463      0.00    0.0    0.0
  81305                  100.00           1      0.00     10.00     10.00     6.463      0.00    0.0    0.0
  8406                   100.00           1      0.00     10.00     10.00     6.463      0.00    0.0    0.0
  8403                   100.00           1      0.00     10.00     10.00     6.463      0.00    0.0    0.0
  8409                   100.00           1      0.00     10.00     10.00     6.463      0.00    0.0    0.0
  8407                   100.00           1      0.00     10.00     10.00     6.463      0.00    0.0    0.0
  

  Analysis begun on:  Wed Jul 22 14:11:48 2026
  Analysis ended on:  Wed Jul 22 14:12:01 2026
  Total elapsed time: 00:00:13