
  EPA STORM WATER MANAGEMENT MODEL - VERSION 5.2 (Build 5.2.4)
  ------------------------------------------------------------

  PORT RICHMOND WPCP 
  WARNING 04: minimum elevation drop used for Conduit W190
  WARNING 04: minimum elevation drop used for Conduit W390
  WARNING 04: minimum elevation drop used for Conduit W490
  WARNING 04: minimum elevation drop used for Conduit W570
  WARNING 04: minimum elevation drop used for Conduit W590
  WARNING 04: minimum elevation drop used for Conduit W507
  WARNING 04: minimum elevation drop used for Conduit W680
  WARNING 04: minimum elevation drop used for Conduit W690
  WARNING 04: minimum elevation drop used for Conduit 3790
  WARNING 04: minimum elevation drop used for Conduit 3682
  WARNING 04: minimum elevation drop used for Conduit 3690
  WARNING 04: minimum elevation drop used for Conduit 3590
  WARNING 04: minimum elevation drop used for Conduit 190
  WARNING 04: minimum elevation drop used for Conduit 590
  WARNING 04: minimum elevation drop used for Conduit 690
  WARNING 04: minimum elevation drop used for Conduit 750
  WARNING 04: minimum elevation drop used for Conduit 790
  WARNING 04: minimum elevation drop used for Conduit 890
  WARNING 04: minimum elevation drop used for Conduit 990
  WARNING 04: minimum elevation drop used for Conduit 1390
  WARNING 04: minimum elevation drop used for Conduit 1590
  WARNING 04: minimum elevation drop used for Conduit 1690
  WARNING 04: minimum elevation drop used for Conduit 1602
  WARNING 04: minimum elevation drop used for Conduit 1790
  WARNING 04: minimum elevation drop used for Conduit 2090
  WARNING 04: minimum elevation drop used for Conduit 2880
  WARNING 04: minimum elevation drop used for Conduit 2890
  WARNING 04: minimum elevation drop used for Conduit 2990
  WARNING 04: minimum elevation drop used for Conduit 3190
  WARNING 04: minimum elevation drop used for Conduit 3390
  WARNING 04: minimum elevation drop used for Conduit 3470
  WARNING 04: minimum elevation drop used for Conduit INLET
  WARNING 04: minimum elevation drop used for Conduit 180
  WARNING 04: minimum elevation drop used for Conduit 580
  WARNING 04: minimum elevation drop used for Conduit 680
  WARNING 04: minimum elevation drop used for Conduit 880
  WARNING 04: minimum elevation drop used for Conduit 980
  WARNING 04: minimum elevation drop used for Conduit 1080
  WARNING 04: minimum elevation drop used for Conduit 1780
  WARNING 04: minimum elevation drop used for Conduit 1680
  WARNING 04: minimum elevation drop used for Conduit 2070
  WARNING 04: minimum elevation drop used for Conduit 2870
  WARNING 04: minimum elevation drop used for Conduit 2970
  WARNING 04: minimum elevation drop used for Conduit 3170
  WARNING 04: minimum elevation drop used for Conduit 3380
  WARNING 04: minimum elevation drop used for Conduit W101
  WARNING 04: minimum elevation drop used for Conduit W370
  WARNING 04: minimum elevation drop used for Conduit W380
  WARNING 04: minimum elevation drop used for Conduit W480
  WARNING 04: minimum elevation drop used for Conduit W470
  WARNING 04: minimum elevation drop used for Conduit W402
  WARNING 04: minimum elevation drop used for Conduit W580
  WARNING 04: minimum elevation drop used for Conduit W506
  WARNING 04: minimum elevation drop used for Conduit 3780
  WARNING 04: minimum elevation drop used for Conduit 3770
  WARNING 04: minimum elevation drop used for Conduit 3581
  WARNING 04: minimum elevation drop used for Conduit MR90
  WARNING 04: minimum elevation drop used for Conduit 3681
  WARNING 04: minimum elevation drop used for Conduit 3582
  WARNING 04: minimum elevation drop used for Conduit W681
  WARNING 04: minimum elevation drop used for Conduit 3680
  WARNING 10: crest elevation raised to downstream invert for regulator Link W-36
  
  ****************
  Analysis Options
  ****************
  Flow Units ............... CFS
  Process Models:
    Rainfall/Runoff ........ NO
    RDII ................... NO
    Snowmelt ............... NO
    Groundwater ............ NO
    Flow Routing ........... YES
    Ponding Allowed ........ NO
    Water Quality .......... NO
  Flow Routing Method ...... DYNWAVE
  Surcharge Method ......... EXTRAN
  Starting Date ............ 01/01/2001 00:00:00
  Ending Date .............. 01/02/2001 00:00:00
  Antecedent Dry Days ...... 0.0
  Report Time Step ......... 00:15:00
  Routing Time Step ........ 10.00 sec
  Variable Time Step ....... YES
  Maximum Trials ........... 30
  Number of Threads ........ 1
  Head Tolerance ........... 0.003300 ft
  
  
  **************************        Volume        Volume
  Flow Routing Continuity        acre-feet      10^6 gal
  **************************     ---------     ---------
  Dry Weather Inflow .......         0.000         0.000
  Wet Weather Inflow .......         0.000         0.000
  Groundwater Inflow .......         0.000         0.000
  RDII Inflow ..............         0.000         0.000
  External Inflow ..........        83.302        27.145
  External Outflow .........         3.206         1.045
  Flooding Loss ............        75.385        24.565
  Evaporation Loss .........         0.000         0.000
  Exfiltration Loss ........         0.000         0.000
  Initial Stored Volume ....         0.000         0.000
  Final Stored Volume ......         4.687         1.527
  Continuity Error (%) .....         0.029
  
  
  *************************
  Highest Continuity Errors
  *************************
  Node E1-33 (93.04%)
  Node E1-54 (93.00%)
  Node W-R35Z (87.41%)
  Node E2-R34 (85.16%)
  Node W1-02 (81.51%)
  
  
  ***************************
  Time-Step Critical Elements
  ***************************
  Link 3681 (1.69%)
  
  
  ********************************
  Highest Flow Instability Indexes
  ********************************
  Link W-15 (146)
  Link SG-15 (145)
  Link 1590 (136)
  Link W250 (130)
  Link W-06 (126)
  
  
  *********************************
  Most Frequent Nonconverging Nodes
  *********************************
  Node RW-W01 (98.16%)
  Node TG-15 (97.79%)
  Node R-18 (0.38%)
  Node R18Z (0.38%)
  Node R-23 (0.30%)
  
  
  *************************
  Routing Time Step Summary
  *************************
  Minimum Time Step           :     0.38 sec
  Average Time Step           :     9.94 sec
  Maximum Time Step           :    10.00 sec
  % of Time in Steady State   :     0.00
  Average Iterations per Step :    29.58
  % of Steps Not Converging   :    98.16
  Time Step Frequencies       :
     10.000 -  5.493 sec      :    99.65 %
      5.493 -  3.017 sec      :     0.32 %
      3.017 -  1.657 sec      :     0.02 %
      1.657 -  0.910 sec      :     0.00 %
      0.910 -  0.500 sec      :     0.00 %
  
  
  ******************
  Node Depth Summary
  ******************
  
  ---------------------------------------------------------------------------------
                                 Average  Maximum  Maximum  Time of Max    Reported
                                   Depth    Depth      HGL   Occurrence   Max Depth
  Node                 Type         Feet     Feet     Feet  days hr:min        Feet
  ---------------------------------------------------------------------------------
  R-01                 JUNCTION     1.02     1.04    11.24     0  01:13        1.04
  R-03                 JUNCTION     4.00     4.04    31.54     0  00:41        4.04
  R-04                 JUNCTION     0.53     0.54    12.74     0  00:08        0.54
  R-05                 JUNCTION     1.03     1.04     6.74     0  00:37        1.04
  R-06                 JUNCTION     1.00     1.02     5.92     0  00:42        1.02
  R-07                 JUNCTION     1.83     1.97     6.97     0  05:23        1.97
  R-08                 JUNCTION     1.02     1.04     5.74     0  00:45        1.04
  R-09                 JUNCTION     1.50     1.55     7.05     0  02:04        1.55
  R-10                 JUNCTION     0.88     0.88     8.08     0  00:12        0.88
  R-11                 JUNCTION     0.51     0.52     9.72     0  01:16        0.52
  R-13                 JUNCTION     1.89     2.00     6.80     0  02:21        2.00
  W2-01                JUNCTION     6.27     6.28    21.28     0  01:05        6.28
  W2-R01               JUNCTION     1.03     1.04     5.24     0  01:12        1.04
  WR-1                 JUNCTION     0.99     1.00     5.20     0  00:22        1.00
  TG-W01               JUNCTION     0.82     0.83     5.03     0  00:34        0.83
  W2-29                JUNCTION     0.41     0.42    10.42     0  00:18        0.41
  WR02Z                JUNCTION     1.77     1.79    12.49     0  00:07        1.78
  WR-02                JUNCTION     1.81     1.90    12.60     0  00:07        1.81
  TG-W02               JUNCTION     0.00     0.00    10.70     0  00:00        0.00
  RW-W02               JUNCTION     0.00     0.00    10.70     0  00:00        0.00
  W2-32                JUNCTION     0.41     0.42     8.92     0  00:22        0.42
  W2-40                JUNCTION     0.51     0.53     6.03     0  15:13        0.53
  WR03Z                JUNCTION     1.65     1.68     6.18     0  15:16        1.68
  WR-03                JUNCTION     1.68     1.73     6.23     0  02:22        1.73
  TG-W03               JUNCTION     1.68     1.72     6.22     0  22:20        1.72
  RW-W03               JUNCTION     1.68     1.72     6.22     0  09:21        1.72
  W2-41                JUNCTION     0.55     0.58     5.58     0  15:29        0.58
  W2-42                JUNCTION     1.52     1.57     5.57     0  15:26        1.57
  W2-R05               JUNCTION     1.10     1.18     5.48     0  02:33        1.18
  WR04Z                JUNCTION     0.73     0.77     5.27     0  00:51        0.75
  WR-04                JUNCTION     0.78     0.82     5.32     0  00:53        0.80
  TG-W04               JUNCTION     0.78     0.80     5.30     0  17:08        0.80
  RW-W04               JUNCTION     0.78     0.80     5.30     0  00:52        0.80
  WR05Z                JUNCTION     1.11     1.17     5.47     0  02:29        1.17
  WR-05                JUNCTION     1.14     1.21     5.51     0  03:04        1.21
  TG-W05               JUNCTION     1.14     1.21     5.51     1  00:00        1.21
  RW-W05               JUNCTION     1.14     1.21     5.51     0  23:59        1.21
  W1-15                JUNCTION     1.43     2.01     6.51     0  12:16        2.01
  CS-W06               JUNCTION     1.92     2.51     6.51     0  11:46        2.51
  WR-06                JUNCTION     1.92     2.51     6.51     0  11:47        2.51
  WR06Z                JUNCTION     1.91     2.50     6.50     0  11:40        2.50
  TG-W06               JUNCTION     1.91     2.50     6.50     0  11:44        2.50
  RW-W06               JUNCTION     1.91     2.51     6.51     0  12:00        2.51
  W1-07                JUNCTION     0.00     0.00     6.50     0  00:00        0.00
  R-37                 JUNCTION     1.24     1.27     4.27     0  00:46        1.27
  TG-37                JUNCTION     1.24     1.27     4.27     0  16:05        1.27
  R037Z                JUNCTION     1.23     1.25     4.25     0  00:44        1.25
  RW-37                JUNCTION     1.24     1.27     4.27     0  15:57        1.27
  W1-R36               JUNCTION     2.88     3.01     6.88     0  01:54        3.01
  CS-36                JUNCTION     2.88     3.00     6.87     0  01:53        3.00
  TG-36                JUNCTION     2.45     2.58     6.88     0  01:55        2.57
  RW-36                JUNCTION     2.45     2.59     6.89     0  01:54        2.58
  W-R35                JUNCTION     0.32     0.32     8.72     0  00:53        0.32
  CS-35A               JUNCTION     6.16     6.20    14.60     0  00:02        6.17
  R-35                 JUNCTION     0.50     0.51     8.91     0  00:58        0.51
  TG-35                JUNCTION     0.50     0.51     8.91     0  00:35        0.50
  RW-35                JUNCTION     0.50     0.51     8.91     0  00:33        0.51
  W-R35Z               JUNCTION     0.32     0.32     8.72     0  00:37        0.32
  JC                   JUNCTION     0.00     0.00    12.50     0  00:00        0.00
  R1Z                  JUNCTION     0.98     1.00    11.20     0  00:46        1.00
  E1-R03               JUNCTION     3.96     4.00    31.50     0  00:36        4.00
  E1-R04               JUNCTION     0.33     0.33    11.83     0  01:10        0.33
  TG-01                JUNCTION     1.01     1.04    11.24     0  00:53        1.04
  RW-01                JUNCTION     1.01     1.04    11.24     0  01:21        1.04
  RW-03                JUNCTION     0.00     0.00    27.50     0  00:00        0.00
  TG-04                JUNCTION     0.00     0.00    12.20     0  00:00        0.00
  R04Z                 JUNCTION     0.39     0.39    12.59     0  00:07        0.39
  RW-04                JUNCTION     0.00     0.00    12.20     0  00:00        0.00
  E1-21                JUNCTION     0.41     0.41     9.73     0  03:11        0.41
  E1-R05               JUNCTION     0.16     0.16     8.06     0  00:24        0.16
  R05Z                 JUNCTION     0.99     1.00     6.70     0  00:18        1.00
  TG-05                JUNCTION     1.03     1.04     6.74     1  00:00        1.04
  RW-05                JUNCTION     1.03     1.04     6.74     0  00:22        1.04
  E1-26                JUNCTION     0.44     0.49     6.89     0  09:31        0.49
  TG-06                JUNCTION     0.99     1.00     5.90     0  00:17        1.00
  R06Z                 JUNCTION     0.99     1.00     5.90     0  00:17        1.00
  RW-06                JUNCTION     0.99     1.00     5.90     0  00:17        1.00
  E1-28                JUNCTION     1.79     1.92     6.92     0  09:29        1.92
  TG-07                JUNCTION     1.83     1.96     6.96     0  23:45        1.96
  R07Z                 JUNCTION     1.80     1.94     6.94     0  05:21        1.94
  RW-07                JUNCTION     1.83     1.97     6.97     0  23:39        1.97
  E1-R08               JUNCTION     0.00     0.03     7.03     0  01:37        0.01
  R08Z                 JUNCTION     0.99     1.00     5.70     0  00:33        1.00
  TG-08                JUNCTION     1.02     1.04     5.74     0  15:07        1.04
  RW-08                JUNCTION     1.02     1.04     5.74     0  14:34        1.04
  E1-35                JUNCTION     1.18     1.24     7.02     0  01:37        1.22
  R09Z                 JUNCTION     1.46     1.50     7.00     0  01:31        1.50
  TG-09                JUNCTION     1.50     1.54     7.04     0  13:17        1.54
  RW-09                JUNCTION     1.49     1.54     7.04     0  01:43        1.54
  E1-40B               JUNCTION     0.21     0.22     7.52     0  00:16        0.21
  R10Z                 JUNCTION     0.86     0.87     8.07     0  00:12        0.87
  TG-10                JUNCTION     0.00     0.00     7.20     0  00:00        0.00
  RW-10                JUNCTION     0.00     0.00     7.20     0  00:00        0.00
  E1-42B               JUNCTION     1.44     1.52     6.82     0  02:23        1.51
  R11Z                 JUNCTION     0.35     0.35     9.55     0  01:16        0.35
  TG-11                JUNCTION     0.00     0.00     9.20     0  00:00        0.00
  RW-11                JUNCTION     0.00     0.00     9.20     0  00:00        0.00
  E1-R13               JUNCTION     1.89     2.00     6.81     0  02:22        1.99
  R13Z                 JUNCTION     1.90     2.00     6.80     0  02:20        2.00
  TG-13                JUNCTION     1.89     2.00     6.80     0  02:20        2.00
  RW-13                JUNCTION     1.89     2.00     6.80     0  03:49        2.00
  E1-R15               JUNCTION     0.42     0.66     7.51     0  00:04        0.64
  R15Z                 JUNCTION     0.50     1.16     7.96     0  00:02        0.68
  R-15                 JUNCTION     0.61     1.70     8.50     0  00:02        1.01
  TG-15                JUNCTION     0.61     1.50     8.30     0  00:02        1.01
  RW-15                JUNCTION     0.61     1.40     8.20     0  00:06        1.03
  E1-52                JUNCTION     0.00     0.00     7.70     0  00:00        0.00
  E1-R16               JUNCTION     1.95     2.03     6.33     0  01:05        2.01
  R-16                 JUNCTION     1.95     2.03     6.33     0  01:04        2.01
  TG-16                JUNCTION     1.95     2.00     6.30     0  01:02        2.00
  RW-16                JUNCTION     1.95     2.00     6.30     0  01:02        2.00
  R-17                 JUNCTION     0.32     0.32     7.82     0  00:44        0.32
  TG-17                JUNCTION     0.32     0.32     7.82     0  01:44        0.32
  RW-17                JUNCTION     0.32     0.32     7.82     0  00:47        0.32
  E2-01                JUNCTION     0.00     0.00    38.71     0  00:00        0.00
  E2-01Z               JUNCTION     0.00     0.00    52.70     0  00:00        0.00
  E2-01Y               JUNCTION     0.00     0.00    52.04     0  00:00        0.00
  E2-01X               JUNCTION     0.00     0.00    63.25     0  00:00        0.00
  E2-01W               JUNCTION     0.00     0.00    57.34     0  00:00        0.00
  E2-R18               JUNCTION     0.00     0.00    54.58     0  00:00        0.00
  R18Z                 JUNCTION    15.47    15.60    44.10     0  00:26       15.60
  TG-18                JUNCTION     0.00     0.00    28.50     0  00:00        0.00
  RW-18                JUNCTION     0.00     0.00    28.50     0  00:00        0.00
  R-18                 JUNCTION    15.51    15.64    44.14     0  00:36       15.64
  E2-R18Z              JUNCTION     0.00     0.00    34.50     0  00:00        0.00
  E2-R18Y              JUNCTION     0.00     0.00    27.86     0  00:00        0.00
  E2-02                JUNCTION     1.68     1.73    27.10     0  20:26        1.73
  R19Z                 JUNCTION     4.52     4.55    29.55     0  00:42        4.55
  R-19                 JUNCTION     4.56     4.59    29.59     0  05:56        4.59
  TG-19                JUNCTION     0.00     0.00    25.00     0  00:00        0.00
  RW-19                JUNCTION     0.00     0.00    25.00     0  00:00        0.00
  E2-02Z               JUNCTION     0.25     0.27    27.09     0  07:43        0.27
  E2-02Y               JUNCTION     0.17     0.18    24.68     0  15:33        0.18
  E2-03                JUNCTION     0.77     0.81    18.81     0  15:37        0.81
  R20Z                 JUNCTION     2.85     3.00    15.97     0  01:58        3.00
  R-20                 JUNCTION     2.86     3.01    15.98     0  02:01        3.01
  TG-20                JUNCTION     2.86     3.02    15.99     0  02:02        3.01
  RW-20                JUNCTION     2.86     3.02    15.99     0  02:01        3.01
  E2-03Z               JUNCTION     0.12     0.12    25.82     0  00:46        0.12
  E2-03Y               JUNCTION     0.20     0.21    28.24     0  00:43        0.21
  E2-04                JUNCTION     0.20     0.22    29.12     0  00:34        0.21
  R21Z                 JUNCTION    19.52    19.84    49.84     0  00:24       19.82
  E2-R23               JUNCTION     0.24     0.25    27.99     0  00:16        0.25
  R23Z                 JUNCTION     2.46     2.49    29.39     0  00:08        2.47
  R-23                 JUNCTION     2.50     2.61    29.51     0  00:08        2.51
  TG-23                JUNCTION     0.00     0.00    26.90     0  00:00        0.00
  RW-23                JUNCTION     0.00     0.00    26.90     0  00:00        0.00
  E2-06                JUNCTION     0.37     0.37    21.11     0  00:28        0.37
  R-27Z                JUNCTION     1.60     1.61    23.11     0  00:45        1.61
  R-27                 JUNCTION     5.55     5.57    27.07     0  00:44        5.57
  RW-27                JUNCTION     3.72     3.75    25.25     0  00:12        3.75
  E2-07                JUNCTION     2.04     2.10     7.38     0  00:44        2.10
  CS-28                JUNCTION     0.95     1.00     7.40     0  00:43        0.97
  R-28                 JUNCTION     0.89     0.94     7.34     0  00:42        0.92
  R28Z                 JUNCTION     0.86     0.93     7.33     0  00:42        0.88
  TG-28                JUNCTION     0.89     0.94     7.34     0  00:42        0.92
  RW-28                JUNCTION     0.89     0.97     7.37     0  00:43        0.91
  E2-08                JUNCTION     0.22     0.23     9.19     0  05:02        0.23
  R29Z                 JUNCTION     1.26     1.27     9.77     0  20:58        1.27
  R-29                 JUNCTION     1.29     1.31     9.81     0  06:25        1.31
  TG-29                JUNCTION     1.29     1.31     9.81     0  10:56        1.31
  RW-29                JUNCTION     1.29     1.31     9.81     0  20:43        1.31
  E2-09                JUNCTION     0.00     0.00    14.00     0  00:00        0.00
  E2-10                JUNCTION     0.59     0.60    10.39     0  10:56        0.60
  R31Z                 JUNCTION     0.99     1.00    10.20     0  00:20        1.00
  R-31                 JUNCTION     1.03     1.04    10.24     0  00:59        1.04
  TG-31                JUNCTION     1.03     1.04    10.24     0  00:36        1.04
  RW-31                JUNCTION     1.03     1.04    10.24     0  00:25        1.04
  E2-11                JUNCTION     0.14     0.15    16.26     0  00:13        0.15
  R32Z                 JUNCTION     1.86     1.89    18.39     0  00:09        1.87
  R-32                 JUNCTION     1.89     1.99    18.49     0  00:08        1.91
  TG-32                JUNCTION     0.00     0.00    16.50     0  00:00        0.00
  RW-32                JUNCTION     0.00     0.00    16.50     0  00:00        0.00
  E2-12                JUNCTION     1.22     1.27     6.27     0  01:05        1.26
  R33Z                 JUNCTION     1.23     1.26     6.26     0  01:08        1.26
  R-33                 JUNCTION     1.22     1.25     6.25     0  01:00        1.25
  TG-33                JUNCTION     1.22     1.25     6.25     0  01:18        1.25
  RW-33                JUNCTION     1.22     1.26     6.26     0  01:05        1.25
  E2-R34               JUNCTION     1.46     1.52    10.32     0  01:12        1.50
  R34Z                 JUNCTION     1.47     1.50    10.30     0  01:07        1.50
  R-34                 JUNCTION     1.48     1.51    10.31     0  01:10        1.51
  TG-34                JUNCTION     0.00     0.00     8.80     0  00:00        0.00
  RW-34                JUNCTION     0.00     0.00     8.40     0  00:00        0.00
  R-21                 JUNCTION    20.05    20.23    50.23     0  00:15       20.19
  DISCH                JUNCTION     0.00     0.00    12.50     0  00:00        0.00
  CS-13B               JUNCTION     3.32     3.50     8.30     0  02:18        3.50
  CS-13A               JUNCTION     3.32     3.50     8.30     0  02:18        3.50
  R-24                 JUNCTION    17.82    17.91    44.21     0  00:27       17.91
  R-25                 JUNCTION    15.72    15.79    40.79     0  00:34       15.79
  R-26                 JUNCTION    13.83    13.88    35.88     0  00:44       13.88
  CS-01                JUNCTION     1.02     1.04    11.24     0  00:52        1.04
  E1-05                JUNCTION     6.70     6.80    21.30     0  00:29        6.80
  CS-03                JUNCTION     4.03     4.04    31.54     0  00:39        4.04
  E1-10                JUNCTION     0.00     0.00    33.40     0  00:00        0.00
  E1-11                JUNCTION     0.00     0.00    31.00     0  00:00        0.00
  E1-13                JUNCTION     0.00     0.00    36.70     0  00:00        0.00
  E1-15                JUNCTION     0.00     0.00    39.22     0  00:00        0.00
  E1-17                JUNCTION     0.00     0.00    29.05     0  00:00        0.00
  CS-04                JUNCTION     2.32     2.36    14.56     0  00:02        2.32
  CS-05                JUNCTION     1.05     1.06     6.76     0  00:24        1.06
  CS-06                JUNCTION     1.00     1.00     5.90     0  00:14        1.00
  CS-07                JUNCTION     2.45     2.45     9.45     0  00:38        2.45
  E1-30                JUNCTION     0.46     0.52     6.92     0  09:27        0.52
  CS-08                JUNCTION     1.04     1.05     5.75     0  12:00        1.05
  E1-33                JUNCTION     1.67     1.75     7.02     0  01:38        1.73
  CS-09                JUNCTION     1.51     1.55     7.05     0  10:35        1.55
  E1-37                JUNCTION     0.83     0.89     7.03     0  01:36        0.87
  CS-10                JUNCTION     1.00     1.00     8.20     0  00:08        1.00
  CS-11                JUNCTION     1.93     1.98    11.18     0  00:00        1.93
  E1-44B               JUNCTION     0.30     0.42     7.06     0  00:26        0.42
  E1-45B               JUNCTION     0.76     0.98     7.38     0  00:23        0.94
  CS-15                JUNCTION     3.28     3.43    10.23     0  00:00        3.28
  E1-47                JUNCTION     0.59     0.82     7.50     0  00:17        0.82
  E1-48                JUNCTION     0.17     0.44     7.54     0  00:17        0.41
  E1-49                JUNCTION     0.00     0.00     8.15     0  00:00        0.00
  CS-17                JUNCTION     0.52     0.54     8.04     0  00:04        0.52
  R17Z                 JUNCTION     0.18     0.18     7.68     0  00:50        0.18
  CS-16                JUNCTION     1.95     2.00     6.30     0  01:02        2.00
  E1-56                JUNCTION     1.97     2.03     6.35     0  01:05        2.01
  E1-54                JUNCTION     2.24     2.34     6.34     0  01:04        2.31
  CS-18                JUNCTION    16.95    16.97    45.47     0  00:16       16.97
  R18Y                 JUNCTION     0.00     0.00    35.60     0  00:00        0.00
  CS-19                JUNCTION     7.28     7.29    32.29     0  00:27        7.29
  R19Y                 JUNCTION     3.87     3.91    29.28     0  00:13        3.90
  CS-20                JUNCTION     8.85     8.94    28.94     0  00:02        8.86
  R20Y                 JUNCTION     0.19     0.20    18.20     0  15:37        0.20
  CS-21                JUNCTION    22.96    23.00    53.00     0  00:06       23.00
  RW-21                JUNCTION     0.00     0.00    30.00     0  00:00        0.00
  E2-04Z               JUNCTION     0.00     0.00    33.40     0  00:00        0.00
  E2-04Y               JUNCTION     0.00     0.00    33.70     0  00:00        0.00
  E2-04X               JUNCTION     0.00     0.00    34.10     0  00:00        0.00
  E2-05                JUNCTION     0.00     0.00    31.21     0  00:00        0.00
  CS-23                JUNCTION     5.32     5.32    32.22     0  00:27        5.32
  E2-R23Z              JUNCTION     0.24     0.24    26.32     0  00:18        0.24
  E2-R23Y              JUNCTION     0.23     0.23    23.83     0  00:26        0.23
  CS-24                JUNCTION    20.39    20.42    46.72     0  00:26       20.42
  RW-24                JUNCTION     0.00     0.00    26.30     0  00:00        0.00
  CS-25                JUNCTION    18.23    18.26    43.26     0  00:18       18.26
  RW-25                JUNCTION     0.00     0.00    25.00     0  00:00        0.00
  CS-26                JUNCTION    16.09    16.11    38.11     0  00:09       16.11
  RW-26                JUNCTION     0.00     0.00    22.00     0  00:00        0.00
  R27Y                 JUNCTION     1.63     1.66    22.40     0  00:15        1.65
  CS-27                JUNCTION     5.64     5.65    27.15     0  00:16        5.65
  E2-06Z               JUNCTION     0.27     0.28    18.39     0  00:30        0.28
  E2-06Y               JUNCTION     0.31     0.31    10.56     0  16:47        0.31
  R28Y                 JUNCTION     1.96     2.00     7.28     0  00:40        2.00
  CS-29                JUNCTION     5.02     5.03    13.53     0  00:43        5.03
  R29Y                 JUNCTION     0.79     0.80     9.76     0  23:57        0.80
  CS-31                JUNCTION     1.06     1.06    10.26     0  00:36        1.06
  R31Y                 JUNCTION     0.40     0.43    10.22     0  00:24        0.42
  CS-32                JUNCTION     7.04     7.04    23.54     0  00:12        7.04
  R32Y                 JUNCTION     1.84     1.85    17.96     0  22:29        1.85
  E2-11Z               JUNCTION     0.14     0.15    13.65     0  00:22        0.14
  E2-11Y               JUNCTION     0.14     0.14     8.28     0  00:38        0.14
  E2-12Z               JUNCTION     0.00     0.00    16.50     0  00:00        0.00
  E2-12Y               JUNCTION     0.00     0.00    18.35     0  00:00        0.00
  E2-12X               JUNCTION     0.00     0.00    12.05     0  00:00        0.00
  R33Y                 JUNCTION     1.32     1.37     6.27     0  01:07        1.36
  CS-33                JUNCTION     3.99     4.01     9.01     0  00:03        4.00
  CS-34                JUNCTION     1.51     1.53    10.33     0  01:09        1.52
  W2-06                JUNCTION     3.82     3.83    16.83     0  01:06        3.83
  W2-10                JUNCTION     1.61     1.61     9.61     0  01:08        1.61
  W2-14                JUNCTION     0.40     0.40     6.40     0  01:18        0.40
  CS-W01               JUNCTION     1.24     1.25     5.45     0  00:06        1.24
  W2-20                JUNCTION     0.00     0.00    14.00     0  00:00        0.00
  W2-23                JUNCTION     0.00     0.00    14.00     0  00:00        0.00
  W2-26                JUNCTION     0.00     0.00    11.50     0  00:00        0.00
  CS-W02               JUNCTION     5.28     5.28    15.98     0  00:41        5.28
  WR02Y                JUNCTION     1.33     1.36    11.36     0  00:09        1.33
  W2-35                JUNCTION     0.38     0.38     7.38     0  00:28        0.38
  W2-37                JUNCTION     0.58     0.59     6.09     0  15:16        0.59
  W2-39                JUNCTION     1.53     1.58     6.08     0  15:14        1.58
  WR03Y                JUNCTION     0.64     0.67     6.17     0  22:22        0.67
  CS-W03               JUNCTION     1.69     1.72     6.22     0  22:20        1.72
  CS-W04               JUNCTION     0.80     0.83     5.33     0  00:54        0.81
  WR04Y                JUNCTION     1.23     1.25     5.25     0  00:49        1.25
  W2-43                JUNCTION     0.00     0.00     7.00     0  00:00        0.00
  W2-44                JUNCTION     0.00     0.00    12.00     0  00:00        0.00
  W2-45                JUNCTION     0.00     0.00    12.00     0  00:00        0.00
  W2-46                JUNCTION     0.00     0.00     8.00     0  00:00        0.00
  W2-47                JUNCTION     0.00     0.00     6.00     0  00:00        0.00
  CS-W05               JUNCTION     1.14     1.21     5.51     0  09:54        1.21
  W2-49                JUNCTION     0.00     0.00     8.00     0  00:00        0.00
  W2-50                JUNCTION     0.00     0.00     9.00     0  00:00        0.00
  W2-51                JUNCTION     0.00     0.00    11.00     0  00:00        0.00
  W2-52                JUNCTION     0.00     0.00     7.50     0  00:00        0.00
  W2-53                JUNCTION     0.00     0.02     6.52     0  11:47        0.01
  W2-54                JUNCTION     1.43     2.01     6.51     0  11:47        2.01
  W2-55                JUNCTION     1.43     2.01     6.51     0  11:47        2.01
  W1-13                JUNCTION     0.00     0.00    10.50     0  00:00        0.00
  W1-11                JUNCTION     0.00     0.00    21.00     0  00:00        0.00
  W1-10                JUNCTION     0.00     0.00    20.00     0  00:00        0.00
  W1-09                JUNCTION     0.00     0.00    14.00     0  00:00        0.00
  CS-37                JUNCTION     1.24     1.27     4.27     0  00:45        1.27
  R37Y                 JUNCTION     0.00     0.00     6.50     0  00:00        0.00
  W1-05                JUNCTION     0.00     0.00    10.00     0  00:00        0.00
  W1-03                JUNCTION     0.00     0.00     8.00     0  00:00        0.00
  W1-02                JUNCTION     1.57     1.70     6.90     0  01:55        1.69
  CS-35B               JUNCTION     0.64     0.65     9.05     0  00:17        0.65
  RW                   JUNCTION     0.00     0.00    10.50     0  00:00        0.00
  MR-FM1               JUNCTION     0.00     0.00    85.00     0  00:00        0.00
  MR-FM2               JUNCTION     0.00     0.00    80.00     0  00:00        0.00
  MR-FM3               JUNCTION     0.00     0.00    70.00     0  00:00        0.00
  MR-FM4               JUNCTION     0.00     0.00    60.00     0  00:00        0.00
  MR-FM5               JUNCTION     0.00     0.00    55.00     0  00:00        0.00
  MR-6                 JUNCTION     0.00     0.00    42.00     0  00:00        0.00
  MR-7                 JUNCTION     0.00     0.00    35.00     0  00:00        0.00
  CS-MR                JUNCTION     3.47     3.50    83.50     0  00:20        3.50
  TG-MR                JUNCTION     0.00     0.00     4.30     0  00:00        0.00
  RW-MR                JUNCTION     0.00     0.00     4.30     0  00:00        0.00
  CS-13C               JUNCTION     0.00     0.00    10.00     0  00:00        0.00
  CS-36Z               JUNCTION     2.88     3.00     6.87     0  01:53        3.00
  CS-35C               JUNCTION     0.71     0.72     9.12     0  00:18        0.72
  W6-01                JUNCTION     1.92     2.51     6.51     0  11:45        2.51
  R-07a                JUNCTION     0.49     0.53     7.53     0  00:13        0.53
  R15a                 JUNCTION     1.30     3.20    10.00     0  00:01        1.30
  R20a                 JUNCTION     0.91     0.99    15.99     0  02:00        0.99
  R32a                 JUNCTION     4.95     4.96    21.46     0  00:35        4.96
  R33a                 JUNCTION     1.23     1.25     6.25     0  00:57        1.25
  R29a                 JUNCTION     1.33     1.34     9.84     0  10:13        1.34
  CS-36y               JUNCTION     2.88     3.00     6.87     0  01:53        3.00
  RW-W01               OUTFALL      0.33     0.33     4.53     0  00:34        0.33
  R-02                 STORAGE      0.00     0.00     9.00     0  00:00        0.00
  HAN-PS               STORAGE      0.00     0.00     7.70     0  00:00        0.00
  WELL                 STORAGE      0.00     0.00    12.50     0  00:00        0.00
  MR-PS                STORAGE      0.00     0.00    85.00     0  00:00        0.00
  
  
  *******************
  Node Inflow Summary
  *******************
  
  -------------------------------------------------------------------------------------------------
                                  Maximum  Maximum                  Lateral       Total        Flow
                                  Lateral    Total  Time of Max      Inflow      Inflow     Balance
                                   Inflow   Inflow   Occurrence      Volume      Volume       Error
  Node                 Type           CFS      CFS  days hr:min    10^6 gal    10^6 gal     Percent
  -------------------------------------------------------------------------------------------------
  R-01                 JUNCTION      0.00     1.39     0  00:51           0        0.64       1.115
  R-03                 JUNCTION      0.00     1.09     0  00:37           0       0.645       0.958
  R-04                 JUNCTION      0.00     1.05     0  00:02           0       0.646       0.121
  R-05                 JUNCTION      0.00     1.75     0  00:19           0       0.647       0.575
  R-06                 JUNCTION      0.00     1.28     0  00:14           0      0.0149      22.333
  R-07                 JUNCTION      0.00     4.17     0  01:16           0       0.659       1.490
  R-08                 JUNCTION      0.00     2.70     0  00:40           0       0.645       0.882
  R-09                 JUNCTION      0.00     1.68     0  10:16           0       0.657       0.662
  R-10                 JUNCTION      0.00     1.03     0  00:03           0       0.468       0.290
  R-11                 JUNCTION      0.00     1.18     0  00:01           0       0.646       0.233
  R-13                 JUNCTION      0.00     7.12     0  01:58           0       0.114      53.012
  W2-01                JUNCTION      1.00     1.00     0  00:00       0.646       0.646       0.284
  W2-R01               JUNCTION      0.00     1.00     0  01:18           0       0.643       0.802
  WR-1                 JUNCTION      0.00     2.00     0  01:12           0        1.28       0.122
  TG-W01               JUNCTION      0.00     1.67     0  00:22           0        1.05       0.111
  W2-29                JUNCTION      0.00     1.04     0  00:10           0       0.643       0.285
  WR02Z                JUNCTION      0.00     1.82     0  00:07           0       0.644       0.184
  WR-02                JUNCTION      0.00     1.00     0  01:09           0       0.645       0.125
  TG-W02               JUNCTION      0.00     0.00     0  00:00           0           0       0.000 gal
  RW-W02               JUNCTION      0.00     0.00     0  00:00           0           0       0.000 gal
  W2-32                JUNCTION      0.00     1.03     0  00:20           0       0.641       0.264
  W2-40                JUNCTION      0.00     2.00     0  22:21           0        1.24       0.285
  WR03Z                JUNCTION      0.00     1.05     0  05:26           0       0.625       0.611
  WR-03                JUNCTION      0.00     2.49     0  00:41           0       0.647       0.925
  TG-W03               JUNCTION      0.00     2.51     0  00:25           0      0.0165      43.877
  RW-W03               JUNCTION      0.00     0.51     0  00:09           0     0.00563       0.000
  W2-41                JUNCTION      0.00     2.00     0  15:13           0        1.24       0.304
  W2-42                JUNCTION      0.00     2.00     0  15:20           0        1.24       1.163
  W2-R05               JUNCTION      0.00     0.26     0  02:21           0      0.0207     138.142
  WR04Z                JUNCTION      0.00     1.07     0  00:55           0       0.638       0.200
  WR-04                JUNCTION      0.00     2.16     0  00:45           0       0.645       0.392
  TG-W04               JUNCTION      0.00     1.58     0  00:45           0     0.00557      45.536
  RW-W04               JUNCTION      0.00     0.37     0  00:09           0     0.00283       0.000
  WR05Z                JUNCTION      0.00     1.19     0  02:48           0         0.6       0.295
  WR-05                JUNCTION      0.00     3.87     0  01:49           0       0.646       2.279
  TG-W05               JUNCTION      0.00     3.90     0  01:49           0      0.0407      49.477
  RW-W05               JUNCTION      0.00     0.62     0  00:17           0      0.0139       0.000
  W1-15                JUNCTION      0.00     0.47     0  11:31           0      0.0787      47.594
  CS-W06               JUNCTION      1.00     1.00     0  00:00       0.646       0.646       6.694
  WR-06                JUNCTION      0.00     4.88     0  03:48           0       0.693       6.714
  WR06Z                JUNCTION      0.00     2.47     0  08:36           0       0.431       2.891
  TG-W06               JUNCTION      0.00     4.72     0  03:48           0       0.248      19.596
  RW-W06               JUNCTION      0.00     0.66     0  11:26           0      0.0567       0.000
  W1-07                JUNCTION      0.00     0.00     0  00:00           0           0       0.000 gal
  R-37                 JUNCTION      0.00     1.82     0  00:28           0       0.642       1.115
  TG-37                JUNCTION      0.00     1.34     0  00:28           0     0.00651      57.091
  R037Z                JUNCTION      0.00     1.10     0  00:46           0       0.629       0.369
  RW-37                JUNCTION      0.00     0.38     0  00:07           0     0.00306       0.000
  W1-R36               JUNCTION      0.00     3.77     0  01:55           0        1.32       3.111
  CS-36                JUNCTION      1.00     1.00     0  00:00       0.646       0.646       2.492
  TG-36                JUNCTION      0.00     2.19     0  00:42           0      0.0709      43.897
  RW-36                JUNCTION      0.00     1.39     0  00:21           0      0.0234       0.000
  W-R35                JUNCTION      0.00     2.01     1  00:00           0        1.29       0.176
  CS-35A               JUNCTION      1.00     1.00     0  00:00       0.646       0.646       0.123
  R-35                 JUNCTION      0.00     1.06     0  00:03           0       0.646       0.131
  TG-35                JUNCTION      0.00     0.24     0  00:03           0     0.00178      29.161
  RW-35                JUNCTION      0.00     0.18     0  00:07           0     0.00107       0.000
  W-R35Z               JUNCTION      0.00     0.37     0  00:07           0      0.0013     694.395
  JC                   JUNCTION      0.00     0.00     0  00:00           0           0       0.000 gal
  R1Z                  JUNCTION      0.00     1.01     1  00:00           0        0.63       0.238
  E1-R03               JUNCTION      0.00     1.81     0  00:08           0       0.639       1.440
  E1-R04               JUNCTION      0.00     1.01     0  00:09           0       0.644       0.218
  TG-01                JUNCTION      0.00     0.61     0  00:37           0      0.0034      60.922
  RW-01                JUNCTION      0.00     0.42     0  00:37           0     0.00173       0.000
  RW-03                JUNCTION      0.00     0.00     0  00:00           0           0       0.000 gal
  TG-04                JUNCTION      0.00     0.00     0  00:00           0           0       0.000 gal
  R04Z                 JUNCTION      0.00     1.00     0  00:09           0       0.645       0.083
  RW-04                JUNCTION      0.00     0.00     0  00:00           0           0       0.000 gal
  E1-21                JUNCTION      0.00     1.00     0  01:10           0       0.643       0.242
  E1-R05               JUNCTION      0.00     1.00     0  03:17           0       0.641       0.086
  R05Z                 JUNCTION      0.00     1.88     0  02:00           0        1.17       0.132
  TG-05                JUNCTION      0.00     1.21     0  00:17           0     0.00503     119.155
  RW-05                JUNCTION      0.00     0.38     0  00:10           0     0.00182       0.000
  E1-26                JUNCTION      0.00     1.17     0  09:26           0       0.672       0.496
  TG-06                JUNCTION      0.00     0.87     0  00:14           0     0.00953      20.971
  R06Z                 JUNCTION      0.00     1.49     1  00:00           0       0.669       0.215
  RW-06                JUNCTION      0.00     0.30     0  00:09           0     0.00215       0.000
  E1-28                JUNCTION      0.00     1.06     0  05:18           0       0.588       3.030
  TG-07                JUNCTION      0.00     4.28     0  01:16           0      0.0633      58.024
  R07Z                 JUNCTION      0.00     1.09     0  04:44           0       0.587       0.620
  RW-07                JUNCTION      0.00     0.80     0  00:17           0       0.024       0.000
  E1-R08               JUNCTION      0.00     0.12     0  01:35           0    0.000694       1.220
  R08Z                 JUNCTION      0.00     1.05     0  01:37           0       0.633       0.238
  TG-08                JUNCTION      0.00     1.93     0  00:40           0     0.00759     155.461
  RW-08                JUNCTION      0.00     0.32     0  00:12           0     0.00255       0.000
  E1-35                JUNCTION      0.00     1.21     0  00:41           0       0.228       5.664
  R09Z                 JUNCTION      0.00     1.73     0  01:41           0       0.827       0.295
  TG-09                JUNCTION      0.00     1.07     0  00:29           0      0.0267      17.726
  RW-09                JUNCTION      0.00     0.51     0  00:09           0     0.00819       0.000
  E1-40B               JUNCTION      0.00     0.73     0  00:14           0       0.466       0.207
  R10Z                 JUNCTION      0.00     0.76     0  00:08           0       0.467       0.279
  TG-10                JUNCTION      0.00     0.00     0  00:00           0           0       0.000 gal
  RW-10                JUNCTION      0.00     0.00     0  00:00           0           0       0.000 gal
  E1-42B               JUNCTION      0.00     1.42     0  00:16           0       0.899       1.523
  R11Z                 JUNCTION      0.00     1.00     0  01:16           0       0.645       0.073
  TG-11                JUNCTION      0.00     0.00     0  00:00           0           0       0.000 gal
  RW-11                JUNCTION      0.00     0.00     0  00:00           0           0       0.000 gal
  E1-R13               JUNCTION      0.00     3.63     0  00:26           0        1.54       1.773
  R13Z                 JUNCTION      0.00     3.38     0  00:31           0        1.52       0.563
  TG-13                JUNCTION      0.00     5.38     0  01:58           0      0.0741      91.647
  RW-13                JUNCTION      0.00     2.08     0  00:29           0      0.0358       0.000
  E1-R15               JUNCTION      0.00     6.52     0  00:03           0       0.679       0.308
  R15Z                 JUNCTION      0.00     5.22     0  00:04           0       0.675       0.060
  R-15                 JUNCTION      0.00   106.60     0  00:01           0        0.71       1.185
  TG-15                JUNCTION      0.00    28.45     0  00:02           0      0.0299      12.244
  RW-15                JUNCTION      0.00     1.79     0  00:04           0     0.00357       0.000
  E1-52                JUNCTION      0.00     0.00     0  00:00           0           0       0.000 gal
  E1-R16               JUNCTION      0.00     1.92     0  00:48           0      0.0306      38.318
  R-16                 JUNCTION      0.00     1.90     0  01:06           0       0.663       1.433
  TG-16                JUNCTION      0.00     0.86     0  01:04           0       0.171       1.741
  RW-16                JUNCTION      0.00     0.26     0  00:10           0     0.00599       0.000
  R-17                 JUNCTION      0.00     1.13     1  00:00           0       0.646       0.172
  TG-17                JUNCTION      0.00     0.25     0  00:07           0     0.00219      27.379
  RW-17                JUNCTION      0.00     0.19     0  00:11           0     0.00138       0.000
  E2-01                JUNCTION      0.00     0.00     0  00:00           0           0       0.000 gal
  E2-01Z               JUNCTION      0.00     0.00     0  00:00           0           0       0.000 gal
  E2-01Y               JUNCTION      0.00     0.00     0  00:00           0           0       0.000 gal
  E2-01X               JUNCTION      0.00     0.00     0  00:00           0           0       0.000 gal
  E2-01W               JUNCTION      0.00     0.00     0  00:00           0           0       0.000 gal
  E2-R18               JUNCTION      0.00     0.00     0  00:00           0           0       0.000 gal
  R18Z                 JUNCTION      0.00     1.59     0  00:09           0        0.64       0.877
  TG-18                JUNCTION      0.00     0.00     0  00:00           0           0       0.000 gal
  RW-18                JUNCTION      0.00     0.00     0  00:00           0           0       0.000 gal
  R-18                 JUNCTION      0.00     1.00     0  00:16           0       0.644       0.643
  E2-R18Z              JUNCTION      0.00     0.00     0  00:00           0           0       0.000 gal
  E2-R18Y              JUNCTION      0.00     0.00     0  00:00           0           0       0.000 gal
  E2-02                JUNCTION      0.00     1.00     0  20:26           0       0.641       4.814
  R19Z                 JUNCTION      0.00     2.07     0  00:07           0       0.644       0.389
  R-19                 JUNCTION      0.00     1.00     0  00:39           0       0.645       0.156
  TG-19                JUNCTION      0.00     0.00     0  00:00           0           0       0.000 gal
  RW-19                JUNCTION      0.00     0.00     0  00:00           0           0       0.000 gal
  E2-02Z               JUNCTION      0.00     1.00     0  20:27           0       0.611       0.439
  E2-02Y               JUNCTION      0.00     1.00     0  07:43           0       0.609       0.161
  E2-03                JUNCTION      0.00     1.50     0  15:34           0       0.925       0.681
  R20Z                 JUNCTION      0.00     2.82     0  02:01           0        1.51       0.559
  R-20                 JUNCTION      0.00     2.36     0  02:04           0       0.654       3.478
  TG-20                JUNCTION      0.00     2.34     0  00:49           0      0.0354      90.610
  RW-20                JUNCTION      0.00     0.59     0  00:14           0      0.0173       0.000
  E2-03Z               JUNCTION      0.00     0.51     0  00:43           0       0.317       0.143
  E2-03Y               JUNCTION      0.00     0.52     0  00:38           0       0.318       0.299
  E2-04                JUNCTION      0.00     0.52     0  00:24           0       0.319       0.275
  R21Z                 JUNCTION      0.00     0.61     0  00:17           0       0.321       0.608
  E2-R23               JUNCTION      0.00     1.02     0  00:09           0       0.643       0.226
  R23Z                 JUNCTION      0.00     2.03     0  00:06           0       0.644       0.156
  R-23                 JUNCTION      0.00     1.00     0  00:12           0       0.645       0.162
  TG-23                JUNCTION      0.00     0.00     0  00:00           0           0       0.000 gal
  RW-23                JUNCTION      0.00     0.00     0  00:00           0           0       0.000 gal
  E2-06                JUNCTION      0.00     2.60     0  00:26           0        1.66       0.167
  R-27Z                JUNCTION      0.00     1.59     0  00:44           0        1.02       0.065
  R-27                 JUNCTION      0.00     3.99     0  00:44           0        2.56       0.167
  RW-27                JUNCTION      0.00     2.40     0  00:44           0        1.54       0.000
  E2-07                JUNCTION      0.00     3.65     0  00:31           0        2.29       1.677
  CS-28                JUNCTION      1.00     1.00     0  00:00       0.646       0.646       0.180
  R-28                 JUNCTION      0.00     1.49     0  00:44           0       0.646       0.299
  R28Z                 JUNCTION      0.00     1.39     0  00:44           0       0.641       0.308
  TG-28                JUNCTION      0.00     0.54     0  00:40           0     0.00327      49.965
  RW-28                JUNCTION      0.00     0.29     0  00:40           0     0.00162       0.000
  E2-08                JUNCTION      0.00     1.00     0  13:12           0       0.635       0.358
  R29Z                 JUNCTION      0.00     1.04     0  10:57           0       0.639       0.343
  R-29                 JUNCTION      0.00     1.22     1  00:00           0       0.645       0.392
  TG-29                JUNCTION      0.00     0.52     0  00:10           0     0.00394      60.015
  RW-29                JUNCTION      0.00     0.39     0  00:10           0     0.00198       0.000
  E2-09                JUNCTION      0.00     0.00     0  00:00           0           0       0.000 gal
  E2-10                JUNCTION      0.00     0.79     0  00:22           0       0.378       1.665
  R31Z                 JUNCTION      0.00     1.62     0  01:45           0        1.01       0.151
  R-31                 JUNCTION      0.00     1.24     0  00:36           0       0.661       0.424
  TG-31                JUNCTION      0.00     0.91     0  00:18           0      0.0195      11.104
  RW-31                JUNCTION      0.00     0.53     0  00:08           0     0.00257       0.000
  E2-11                JUNCTION      0.00     1.00     0  00:13           0       0.642       0.080
  R32Z                 JUNCTION      0.00     1.82     0  00:08           0       0.643       0.162
  R-32                 JUNCTION      0.00     1.00     0  00:38           0       0.644       0.126
  TG-32                JUNCTION      0.00     0.00     0  00:00           0           0       0.000 gal
  RW-32                JUNCTION      0.00     0.00     0  00:00           0           0       0.000 gal
  E2-12                JUNCTION      0.00     0.90     0  00:26           0       0.271       6.370
  R33Z                 JUNCTION      0.00     1.03     0  00:59           0       0.269       1.003
  R-33                 JUNCTION      0.00     1.04     0  01:00           0       0.281       0.702
  TG-33                JUNCTION      0.00     0.52     0  00:59           0     0.00736      63.030
  RW-33                JUNCTION      0.00     0.28     0  00:20           0     0.00394       0.000
  E2-R34               JUNCTION      0.00     1.01     0  00:18           0      0.0269     573.643
  R34Z                 JUNCTION      0.00     1.73     0  01:00           0       0.646       0.513
  R-34                 JUNCTION      0.00     1.04     0  01:09           0       0.645       0.606
  TG-34                JUNCTION      0.00     0.00     0  00:00           0           0       0.000 gal
  RW-34                JUNCTION      0.00     0.00     0  00:00           0           0       0.000 gal
  R-21                 JUNCTION      0.00     0.51     0  00:06           0       0.323       0.659
  DISCH                JUNCTION      0.00     0.00     0  00:00           0           0       0.000 gal
  CS-13B               JUNCTION      1.00     1.00     0  00:00       0.646       0.646      10.634
  CS-13A               JUNCTION      1.00     1.00     0  00:00       0.646       0.646      10.634
  R-24                 JUNCTION      0.00     1.00     0  00:28           0       0.644       0.286
  R-25                 JUNCTION      0.00     2.00     0  00:27           0        1.29       0.170
  R-26                 JUNCTION      0.00     3.00     0  00:34           0        1.93       0.170
  CS-01                JUNCTION      1.00     1.00     0  00:00       0.646       0.646       0.983
  E1-05                JUNCTION      0.00     0.42     0  00:46           0       0.266       0.504
  CS-03                JUNCTION      1.00     1.00     0  00:00       0.646       0.646       0.246
  E1-10                JUNCTION      0.00     0.00     0  00:00           0           0       0.000 gal
  E1-11                JUNCTION      0.00     0.00     0  00:00           0           0       0.000 gal
  E1-13                JUNCTION      0.00     0.00     0  00:00           0           0       0.000 gal
  E1-15                JUNCTION      0.00     0.00     0  00:00           0           0       0.000 gal
  E1-17                JUNCTION      0.00     0.00     0  00:00           0           0       0.000 gal
  CS-04                JUNCTION      1.00     1.00     0  00:00       0.646       0.646       0.080
  CS-05                JUNCTION      1.00     1.00     0  00:00       0.646       0.646       0.231
  CS-06                JUNCTION      1.00     1.01     0  02:07       0.646       0.646       0.121
  CS-07                JUNCTION      1.00     1.00     0  00:00       0.646       0.646       0.331
  E1-30                JUNCTION      0.00     0.12     0  03:35           0     0.00343     360.219
  CS-08                JUNCTION      1.00     1.00     0  00:00       0.646       0.646       0.300
  E1-33                JUNCTION      0.00     1.12     0  00:39           0      0.0187    1337.129
  CS-09                JUNCTION      1.00     1.00     0  00:00       0.646       0.646       0.523
  E1-37                JUNCTION      0.00     0.34     0  00:18           0       0.209       2.901
  CS-10                JUNCTION      1.00     1.00     0  00:00       0.646       0.646       0.119
  CS-11                JUNCTION      1.00     1.00     0  00:00       0.646       0.646       0.025
  E1-44B               JUNCTION      0.00     2.15     0  00:23           0        0.66       0.340
  E1-45B               JUNCTION      0.00     2.59     0  00:12           0       0.668       1.126
  CS-15                JUNCTION      1.00     1.00     0  00:00       0.646       0.646      -0.230
  E1-47                JUNCTION      0.00     3.53     0  00:05           0       0.011      42.894
  E1-48                JUNCTION      0.00     1.03     0  00:10           0     0.00319      36.827
  E1-49                JUNCTION      0.00     0.00     0  00:00           0           0       0.000 gal
  CS-17                JUNCTION      1.00     1.00     0  00:00       0.646       0.646       0.153
  R17Z                 JUNCTION      0.00     1.00     0  00:49           0       0.643       0.066
  CS-16                JUNCTION      1.00     2.00     0  01:07       0.646         1.1       0.269
  E1-56                JUNCTION      0.00     1.00     0  00:50           0       0.643       1.431
  E1-54                JUNCTION      0.00     1.18     0  00:19           0      0.0183    1329.500
  CS-18                JUNCTION      1.00     1.00     0  00:00       0.646       0.646       0.330
  R18Y                 JUNCTION      0.00     0.00     0  00:00           0           0       0.000 gal
  CS-19                JUNCTION      1.00     1.00     0  00:00       0.646       0.646       0.191
  R19Y                 JUNCTION      0.00     1.00     0  20:25           0       0.642       0.094
  CS-20                JUNCTION      1.00     1.00     0  00:00       0.646       0.646      -0.005
  R20Y                 JUNCTION      0.00     1.50     0  15:37           0       0.919       0.061
  CS-21                JUNCTION      1.00     1.00     0  00:00       0.646       0.646       0.396
  RW-21                JUNCTION      0.00     0.00     0  00:00           0           0       0.000 gal
  E2-04Z               JUNCTION      0.00     0.00     0  00:00           0           0       0.000 gal
  E2-04Y               JUNCTION      0.00     0.00     0  00:00           0           0       0.000 gal
  E2-04X               JUNCTION      0.00     0.00     0  00:00           0           0       0.000 gal
  E2-05                JUNCTION      0.00     0.00     0  00:00           0           0       0.000 gal
  CS-23                JUNCTION      1.00     1.00     0  00:00       0.646       0.646       0.160
  E2-R23Z              JUNCTION      0.00     1.00     0  00:17           0       0.642       0.179
  E2-R23Y              JUNCTION      0.00     1.01     0  00:20           0       0.641       0.198
  CS-24                JUNCTION      1.00     1.00     0  00:00       0.646       0.646       0.393
  RW-24                JUNCTION      0.00     0.00     0  00:00           0           0       0.000 gal
  CS-25                JUNCTION      1.00     1.00     0  00:00       0.646       0.646       0.354
  RW-25                JUNCTION      0.00     0.00     0  00:00           0           0       0.000 gal
  CS-26                JUNCTION      1.00     1.00     0  00:00       0.646       0.646       0.267
  RW-26                JUNCTION      0.00     0.00     0  00:00           0           0       0.000 gal
  R27Y                 JUNCTION      0.00     1.59     0  00:45           0        1.02       0.074
  CS-27                JUNCTION      1.00     1.23     0  00:08       0.646       0.646       0.274
  E2-06Z               JUNCTION      0.00     2.59     0  00:29           0        1.66       0.094
  E2-06Y               JUNCTION      0.00     2.59     0  00:30           0        1.66       0.132
  R28Y                 JUNCTION      0.00     4.98     0  00:44           0        2.89       0.210
  CS-29                JUNCTION      1.00     1.00     0  00:00       0.646       0.646       0.108
  R29Y                 JUNCTION      0.00     1.01     0  13:52           0       0.637       0.283
  CS-31                JUNCTION      1.00     1.00     0  00:00       0.646       0.646       0.097
  R31Y                 JUNCTION      0.00     0.59     0  02:35           0       0.373       0.164
  CS-32                JUNCTION      1.00     1.00     0  00:00       0.646       0.646       0.181
  R32Y                 JUNCTION      0.00     1.09     0  00:10           0       0.642       0.100
  E2-11Z               JUNCTION      0.00     0.41     0  00:19           0       0.264       0.230
  E2-11Y               JUNCTION      0.00     0.42     0  00:26           0       0.263       0.285
  E2-12Z               JUNCTION      0.00     0.00     0  00:00           0           0       0.000 gal
  E2-12Y               JUNCTION      0.00     0.00     0  00:00           0           0       0.000 gal
  E2-12X               JUNCTION      0.00     0.00     0  00:00           0           0       0.000 gal
  R33Y                 JUNCTION      0.00     0.66     0  00:26           0       0.267       1.593
  CS-33                JUNCTION      1.00     1.00     0  00:00       0.646       0.646       0.147
  CS-34                JUNCTION      1.00     1.00     0  00:00       0.646       0.646       0.131
  W2-06                JUNCTION      0.00     1.00     0  01:08           0       0.644       0.203
  W2-10                JUNCTION      0.00     1.00     0  01:06           0       0.643       0.098
  W2-14                JUNCTION      0.00     1.00     0  01:09           0       0.643       0.178
  CS-W01               JUNCTION      1.00     1.00     0  00:00       0.646       0.646       0.094
  W2-20                JUNCTION      0.00     0.00     0  00:00           0           0       0.000 gal
  W2-23                JUNCTION      0.00     0.00     0  00:00           0           0       0.000 gal
  W2-26                JUNCTION      0.00     0.00     0  00:00           0           0       0.000 gal
  CS-W02               JUNCTION      1.00     1.00     0  00:00       0.646       0.646       0.159
  WR02Y                JUNCTION      0.00     1.06     0  00:07           0       0.643       0.067
  W2-35                JUNCTION      0.00     1.02     0  00:24           0       0.639       0.208
  W2-37                JUNCTION      0.00     1.01     0  00:28           0       0.638       0.319
  W2-39                JUNCTION      0.00     1.04     0  00:26           0       0.636       2.422
  WR03Y                JUNCTION      0.00     1.01     0  22:20           0       0.621       0.345
  CS-W03               JUNCTION      1.00     1.00     0  00:00       0.646       0.646       0.778
  CS-W04               JUNCTION      1.00     1.00     0  00:00       0.646       0.646       0.280
  WR04Y                JUNCTION      0.00     3.02     0  04:07           0        1.87       0.131
  W2-43                JUNCTION      0.00     0.00     0  00:00           0           0       0.000 gal
  W2-44                JUNCTION      0.00     0.00     0  00:00           0           0       0.000 gal
  W2-45                JUNCTION      0.00     0.00     0  00:00           0           0       0.000 gal
  W2-46                JUNCTION      0.00     0.00     0  00:00           0           0       0.000 gal
  W2-47                JUNCTION      0.00     0.00     0  00:00           0           0       0.000 gal
  CS-W05               JUNCTION      1.00     1.00     0  00:00       0.646       0.646       2.135
  W2-49                JUNCTION      0.00     0.00     0  00:00           0           0       0.000 gal
  W2-50                JUNCTION      0.00     0.00     0  00:00           0           0       0.000 gal
  W2-51                JUNCTION      0.00     0.00     0  00:00           0           0       0.000 gal
  W2-52                JUNCTION      0.00     0.00     0  00:00           0           0       0.000 gal
  W2-53                JUNCTION      0.00     0.03     0  11:44           0    0.000301       1.061
  W2-54                JUNCTION      0.00     0.27     0  11:33           0      0.0215     309.372
  W2-55                JUNCTION      0.00     0.35     0  11:33           0      0.0452      51.648
  W1-13                JUNCTION      0.00     0.00     0  00:00           0           0       0.000 gal
  W1-11                JUNCTION      0.00     0.00     0  00:00           0           0       0.000 gal
  W1-10                JUNCTION      0.00     0.00     0  00:00           0           0       0.000 gal
  W1-09                JUNCTION      0.00     0.00     0  00:00           0           0       0.000 gal
  CS-37                JUNCTION      1.00     1.00     0  00:00       0.646       0.646       0.923
  R37Y                 JUNCTION      0.00     0.00     0  00:00           0           0       0.000 gal
  W1-05                JUNCTION      0.00     0.00     0  00:00           0           0       0.000 gal
  W1-03                JUNCTION      0.00     0.00     0  00:00           0           0       0.000 gal
  W1-02                JUNCTION      0.00     0.85     0  01:58           0      0.0178     440.805
  CS-35B               JUNCTION      0.00     1.06     0  00:04           0       0.645       0.296
  RW                   JUNCTION      0.00     0.00     0  00:00           0           0       0.000 gal
  MR-FM1               JUNCTION      0.00     0.00     0  00:00           0           0       0.000 gal
  MR-FM2               JUNCTION      0.00     0.00     0  00:00           0           0       0.000 gal
  MR-FM3               JUNCTION      0.00     0.00     0  00:00           0           0       0.000 gal
  MR-FM4               JUNCTION      0.00     0.00     0  00:00           0           0       0.000 gal
  MR-FM5               JUNCTION      0.00     0.00     0  00:00           0           0       0.000 gal
  MR-6                 JUNCTION      0.00     0.00     0  00:00           0           0       0.000 gal
  MR-7                 JUNCTION      0.00     0.00     0  00:00           0           0       0.000 gal
  CS-MR                JUNCTION      1.00     1.00     0  00:00       0.646       0.646       1.419
  TG-MR                JUNCTION      0.00     0.00     0  00:00           0           0       0.000 gal
  RW-MR                JUNCTION      0.00     0.00     0  00:00           0           0       0.000 gal
  CS-13C               JUNCTION      0.00     0.00     0  00:00           0           0       0.000 gal
  CS-36Z               JUNCTION      0.00     4.17     0  01:55           0        1.25       0.653
  CS-35C               JUNCTION      1.00     1.00     0  00:00       0.646       0.646       0.158
  W6-01                JUNCTION      0.00     1.48     0  10:36           0       0.606      15.468
  R-07a                JUNCTION      0.00     1.03     0  00:11           0       0.644       0.143
  R15a                 JUNCTION      0.00     6.32     0  00:00           0       0.648      -8.002
  R20a                 JUNCTION      0.00     2.74     0  00:02           0       0.648       2.777
  R32a                 JUNCTION      0.00     1.00     0  00:12           0       0.645       0.131
  R33a                 JUNCTION      0.00     1.07     0  00:04           0       0.645       0.571
  R29a                 JUNCTION      0.00     1.00     0  00:43           0       0.646       0.203
  CS-36y               JUNCTION      0.00     1.00     0  00:12           0      0.0826      38.295
  RW-W01               OUTFALL       0.00     1.63     0  00:34           0        1.04       0.000
  R-02                 STORAGE       0.00     0.42     0  00:46           0       0.266      -0.002
  HAN-PS               STORAGE       0.00     0.00     0  00:00           0           0       0.000 gal
  WELL                 STORAGE       0.00     0.00     0  00:00           0           0       0.000 gal
  MR-PS                STORAGE       0.00     0.00     0  00:00           0           0       0.000 gal
  
  
  **********************
  Node Surcharge Summary
  **********************
  
  Surcharging occurs when water rises above the top of the highest conduit.
  ---------------------------------------------------------------------
                                               Max. Height   Min. Depth
                                   Hours       Above Crown    Below Rim
  Node                 Type      Surcharged           Feet         Feet
  ---------------------------------------------------------------------
  WR-1                 JUNCTION       23.63          0.000        0.000
  WR05Z                JUNCTION       21.52          0.000        0.000
  WR06Z                JUNCTION       12.31          0.000        0.000
  R037Z                JUNCTION       23.27          0.000        0.000
  CS-36                JUNCTION       22.11          0.000        0.000
  R1Z                  JUNCTION       23.22          0.000        0.000
  E1-R03               JUNCTION       23.39          0.000        0.000
  R05Z                 JUNCTION       23.70          0.000        0.000
  R06Z                 JUNCTION       23.61          0.000        0.000
  RW-06                JUNCTION        4.83          0.000        0.000
  R08Z                 JUNCTION       23.44          0.000        0.000
  R09Z                 JUNCTION       22.47          0.000        0.000
  TG-15                JUNCTION        0.05          0.000        0.000
  TG-16                JUNCTION       22.96          0.000        0.000
  RW-16                JUNCTION       22.69          0.000        0.000
  R18Z                 JUNCTION       23.57          0.000        0.000
  R20Z                 JUNCTION       22.02          0.000        0.000
  RW-27                JUNCTION       23.80          0.000        0.000
  R31Z                 JUNCTION       23.65          0.000        0.000
  R-33                 JUNCTION       23.00          0.000        0.000
  R34Z                 JUNCTION       22.87          0.000        0.000
  CS-13B               JUNCTION       21.69          0.000        0.000
  CS-13A               JUNCTION       21.69          0.000        0.000
  E1-05                JUNCTION       23.51          0.000        0.000
  CS-06                JUNCTION       23.76          0.000        0.000
  CS-10                JUNCTION       23.87          0.000        0.000
  CS-16                JUNCTION       22.97          0.000        0.000
  CS-21                JUNCTION       23.90          0.000        0.000
  CS-27                JUNCTION       23.73          0.000        0.000
  R28Y                 JUNCTION       23.32          0.000        0.000
  WR04Y                JUNCTION       23.18          0.000        0.000
  CS-MR                JUNCTION       23.67          0.000        0.000
  CS-36Z               JUNCTION       22.11          0.000        0.000
  R33a                 JUNCTION       23.04          0.000        0.000
  CS-36y               JUNCTION       22.11          0.000        0.000
  
  
  *********************
  Node Flooding Summary
  *********************
  
  Flooding refers to all water that overflows a node, whether it ponds or not.
  --------------------------------------------------------------------------
                                                             Total   Maximum
                                 Maximum   Time of Max       Flood    Ponded
                        Hours       Rate    Occurrence      Volume     Depth
  Node                 Flooded       CFS   days hr:min    10^6 gal      Feet
  --------------------------------------------------------------------------
  WR-1                   23.63      0.37      1  00:00       0.234     0.000
  WR05Z                  21.52      1.19      0  02:48       0.578     0.000
  WR06Z                  12.31      1.71      0  12:19       0.331     0.000
  R037Z                  23.27      1.09      0  00:46       0.626     0.000
  CS-36                  22.11      0.98      1  00:00       0.548     0.000
  R1Z                    23.22      0.59      1  00:00       0.363     0.000
  E1-R03                 23.39      1.02      0  00:41       0.630     0.000
  R05Z                   23.70      1.88      0  02:00       1.171     0.000
  TG-06                  10.94      0.39      1  00:00       0.004     0.000
  R06Z                   23.60      1.33      1  00:00       0.666     0.000
  RW-06                   4.78      0.03      0  00:38       0.000     0.000
  R08Z                   23.44      1.05      0  01:37       0.631     0.000
  R09Z                   22.47      1.73      0  01:41       0.801     0.000
  R13Z                   21.66      2.84      0  02:24       1.398     0.000
  TG-15                   0.05     26.62      0  00:02       0.017     0.000
  TG-16                  22.96      0.79      0  01:05       0.162     0.000
  RW-16                  20.65      0.05      0  01:02       0.003     0.000
  R18Z                   23.57      1.00      0  00:36       0.634     0.000
  R20Z                   22.02      2.80      0  02:01       1.483     0.000
  RW-27                  23.80      2.40      0  00:44       1.537     0.000
  R31Z                   23.65      1.61      0  01:09       1.008     0.000
  R-33                   23.00      0.81      0  01:08       0.258     0.000
  R34Z                   22.87      1.36      0  01:14       0.615     0.000
  CS-13B                 21.69      1.00      0  02:18       0.584     0.000
  CS-13A                 21.69      1.00      0  02:18       0.584     0.000
  E1-05                  23.51      0.42      0  00:46       0.265     0.000
  CS-06                  23.76      1.00      0  02:07       0.634     0.000
  CS-10                  23.87      0.28      0  00:13       0.177     0.000
  CS-16                  22.97      2.00      0  01:07       1.072     0.000
  CS-21                  23.90      0.50      0  00:17       0.320     0.000
  CS-27                  23.73      0.01      0  01:08       0.005     0.000
  R28Y                   23.32      4.97      0  00:44       2.881     0.000
  WR04Y                  23.18      3.02      0  04:07       1.853     0.000
  CS-MR                  23.67      1.00      0  00:20       0.637     0.000
  CS-36Z                 22.11      4.15      0  01:56       1.234     0.000
  R33a                   23.04      1.00      1  00:00       0.615     0.000
  CS-36y                 22.11      0.21      0  01:53       0.003     0.000
  
  
  **********************
  Storage Volume Summary
  **********************
  
  ------------------------------------------------------------------------------------------------
                         Average    Avg   Evap  Exfil     Maximum    Max    Time of Max    Maximum
                          Volume   Pcnt   Pcnt   Pcnt      Volume   Pcnt     Occurrence    Outflow
  Storage Unit          1000 ft³   Full   Loss   Loss    1000 ft³   Full    days hr:min        CFS
  ------------------------------------------------------------------------------------------------
  R-02                     0.000    0.0    0.0    0.0       0.000    0.0       0  00:00       0.42
  HAN-PS                   0.000    0.0    0.0    0.0       0.000    0.0       0  00:00       0.00
  WELL                     0.000    0.0    0.0    0.0       0.000    0.0       0  00:00       0.00
  MR-PS                    0.000    0.0    0.0    0.0       0.000    0.0       0  00:00       0.00
  
  
  ***********************
  Outfall Loading Summary
  ***********************
  
  -----------------------------------------------------------
                         Flow       Avg       Max       Total
                         Freq      Flow      Flow      Volume
  Outfall Node           Pcnt       CFS       CFS    10^6 gal
  -----------------------------------------------------------
  RW-W01                99.85      1.62      1.63       1.045
  -----------------------------------------------------------
  System                99.85      1.62      1.63       1.045
  
  
  ********************
  Link Flow Summary
  ********************
  
  -----------------------------------------------------------------------------
                                 Maximum  Time of Max   Maximum    Max/    Max/
                                  |Flow|   Occurrence   |Veloc|    Full    Full
  Link                 Type          CFS  days hr:min    ft/sec    Flow   Depth
  -----------------------------------------------------------------------------
  001                  CONDUIT      1.00     0  01:08      3.09    0.12    0.24
  W190                 CONDUIT      1.63     0  00:34      1.88   12.25    0.58
  W100                 CONDUIT      0.00     0  00:00      0.00    0.00    0.26
  W250                 CONDUIT      1.06     0  00:07      5.16    0.18    0.36
  W290                 CONDUIT      0.00     0  00:00      0.00    0.00    0.00
  W200                 CONDUIT      1.03     0  00:20      2.54    0.09    0.21
  W201                 CONDUIT      1.02     0  00:24      2.35    0.09    0.20
  W350                 CONDUIT      1.01     0  22:20      0.44    0.04    0.47
  W390                 CONDUIT      0.51     0  00:09      0.86    0.17    0.40
  W300                 CONDUIT      2.00     0  15:13      1.91    0.03    0.12
  W301                 CONDUIT      2.00     0  15:20      0.71    0.02    0.24
  W400                 CONDUIT      0.00     0  00:00      0.00    0.00    0.16
  W450                 CONDUIT      1.09     0  00:54      2.81    0.16    0.81
  W490                 CONDUIT      0.37     0  00:09      0.74    0.26    0.26
  W570                 CONDUIT      0.26     0  02:21      1.29    0.92    1.00
  W590                 CONDUIT      0.62     0  00:17      0.41    0.08    0.44
  W500                 CONDUIT      0.00     0  00:00      0.00    0.00    0.12
  W507                 CONDUIT      0.35     0  11:33      0.35    0.08    0.40
  W680                 CONDUIT      1.40     0  11:47      0.40    0.05    0.50
  W670                 CONDUIT      0.47     0  11:31      0.27    0.00    0.90
  W690                 CONDUIT      0.66     0  11:26      0.31    0.02    0.50
  W600                 CONDUIT      0.00     0  00:00      0.00    0.00    0.22
  3750                 CONDUIT      0.00     0  00:00      0.00    0.00    0.50
  3790                 CONDUIT      0.38     0  00:07      0.55    0.08    0.42
  3700                 CONDUIT      0.00     0  00:00      0.00    0.00    0.00
  3682                 CONDUIT      1.00     0  00:12      1.14    1.25    1.00
  3690                 CONDUIT      1.39     0  00:21      0.70    0.15    0.65
  3600                 CONDUIT      2.00     1  00:00      2.80    0.01    0.28
  3580                 CONDUIT      1.06     0  00:03      6.41    0.12    0.32
  3590                 CONDUIT      0.18     0  00:07      0.79    1.61    0.40
  3500                 CONDUIT      0.00     0  00:00      0.00    0.00    0.03
  150                  CONDUIT      0.42     0  00:46      1.07    0.67    0.50
  300                  CONDUIT      0.00     0  00:00      0.00    0.00    0.50
  190                  CONDUIT      0.42     0  00:37      0.97    1.75    0.62
  390                  CONDUIT      0.00     0  00:00      0.00    0.00    0.00
  470                  CONDUIT      1.01     0  00:09      4.84    0.32    0.36
  490                  CONDUIT      0.00     0  00:00      0.00    0.00    0.00
  400                  CONDUIT      1.00     0  01:10      2.77    0.04    0.15
  401                  CONDUIT      1.00     0  03:17      3.24    0.05    0.11
  570                  CONDUIT      0.86     0  00:24      2.14    0.06    0.58
  590                  CONDUIT      0.38     0  00:10      0.84    1.33    0.59
  500                  CONDUIT      0.17     0  02:17      1.64    0.01    0.13
  650                  CONDUIT      1.17     0  09:31      1.86    0.49    0.75
  690                  CONDUIT      0.30     0  00:09      0.90    4.89    1.00
  600                  CONDUIT      1.00     0  09:26      0.84    0.06    0.48
  750                  CONDUIT      1.06     0  05:17      0.65    2.70    0.96
  790                  CONDUIT      0.80     0  00:17      0.45    0.09    0.66
  700                  CONDUIT      0.12     0  03:35      0.07    0.00    0.41
  870                  CONDUIT      0.05     0  01:37      0.12    0.00    0.52
  890                  CONDUIT      0.32     0  00:12      0.71    0.28    0.35
  800                  CONDUIT      0.12     0  01:35      0.07    0.00    0.25
  970                  CONDUIT      0.89     0  00:41      1.08    0.29    0.91
  990                  CONDUIT      0.51     0  00:09      0.85    0.21    0.39
  900                  CONDUIT      0.49     0  01:39      0.62    0.02    0.30
  1070                 CONDUIT      0.73     0  00:14      1.70    1.18    0.54
  1090                 CONDUIT      0.00     0  00:00      0.00    0.00    0.00
  1000                 CONDUIT      0.42     0  00:16      0.64    0.01    0.25
  1170                 CONDUIT      1.00     0  01:16      4.79    0.26    0.67
  1190                 CONDUIT      0.00     0  00:00      0.00    0.00    0.00
  1100                 CONDUIT      1.68     0  02:25      1.40    0.09    0.50
  1370                 CONDUIT      3.38     0  00:31      2.51    0.16    1.00
  1390                 CONDUIT      2.08     0  00:29      0.56    0.12    0.57
  1300                 CONDUIT      2.09     0  00:26      2.47    0.01    0.23
  1570                 CONDUIT      6.52     0  00:03     11.13    0.51    0.45
  1590                 CONDUIT      1.79     0  00:04      1.44   25.53    0.93
  1500                 CONDUIT      3.53     0  00:05      3.39    0.04    0.13
  1600                 CONDUIT      1.18     0  00:19      1.33    0.07    0.73
  1690                 CONDUIT      0.26     0  00:10      0.72    0.66    1.00
  1602                 CONDUIT      0.00     0  00:00      0.00    0.00    0.00
  1750                 CONDUIT      1.00     0  00:50      4.47    0.01    0.37
  1790                 CONDUIT      0.19     0  00:11      0.60    0.02    0.05
  HAN-01               CONDUIT      0.00     0  00:00      0.00    0.00    0.00
  HAN-02               CONDUIT      0.00     0  00:00      0.00    0.00    0.00
  HAN-03               CONDUIT      0.00     0  00:00      0.00    0.00    0.00
  HAN-04               CONDUIT      0.00     0  00:00      0.00    0.00    0.00
  HAN-05               CONDUIT      0.00     0  00:00      0.00    0.00    0.00
  1850                 CONDUIT      0.00     0  00:00      0.00    0.00    0.50
  1890                 CONDUIT      0.00     0  00:00      0.00    0.00    0.00
  1800                 CONDUIT      0.00     0  00:00      0.00    0.00    0.00
  1801                 CONDUIT      0.00     0  00:00      0.00    0.00    0.00
  1802                 CONDUIT      0.00     0  00:00      0.00    0.00    0.12
  1950                 CONDUIT      1.00     0  20:25      1.66    0.17    0.25
  1990                 CONDUIT      0.00     0  00:00      0.00    0.00    0.00
  1900                 CONDUIT      1.00     0  20:27      0.29    0.00    0.14
  1901                 CONDUIT      1.00     0  07:43      2.64    0.00    0.03
  1902                 CONDUIT      1.00     0  15:34      0.81    0.00    0.07
  2050                 CONDUIT      1.50     0  15:37      0.42    0.01    0.53
  2090                 CONDUIT      0.59     0  00:14      0.54    0.09    0.67
  2000                 CONDUIT      0.51     0  00:46      1.98    0.00    0.06
  2001                 CONDUIT      0.51     0  00:43      2.18    0.00    0.02
  2002                 CONDUIT      0.52     0  00:38      1.76    0.00    0.03
  2170                 CONDUIT      0.52     0  00:24      8.62    0.03    0.15
  2100                 CONDUIT      0.00     0  00:00      0.00    0.00    0.01
  2370                 CONDUIT      1.02     0  00:09      4.27    0.50    0.39
  2390                 CONDUIT      0.00     0  00:00      0.00    0.00    0.00
  2300                 CONDUIT      1.00     0  00:17      2.42    0.00    0.03
  2750                 CONDUIT      1.59     0  00:45      3.95    0.05    0.20
  2790                 CONDUIT      2.40     0  00:44      3.11    0.43    0.73
  2700                 CONDUIT      2.59     0  00:29      3.78    0.00    0.04
  2880                 CONDUIT      1.08     0  00:44      1.72    4.47    0.58
  2850                 CONDUIT      1.56     0  00:44      4.17    0.03    0.73
  2890                 CONDUIT      0.29     0  00:40      0.80    1.19    0.57
  2800                 CONDUIT      1.00     0  05:02      0.23    0.00    0.14
  2950                 CONDUIT      1.01     0  13:52      0.78    0.06    0.69
  2990                 CONDUIT      0.39     0  00:10      0.91    2.16    0.88
  2900                 CONDUIT      0.00     0  00:00      0.00    0.00    0.01
  2901                 CONDUIT      0.00     0  00:00      0.00    0.00    0.04
  3150                 CONDUIT      0.59     0  01:39      1.00    0.16    0.72
  3190                 CONDUIT      0.53     0  00:08      0.90    0.46    0.35
  3100                 CONDUIT      0.62     0  00:14      3.14    0.00    0.04
  3250                 CONDUIT      1.09     0  00:10      3.85    0.09    0.24
  3290                 CONDUIT      0.00     0  00:00      0.00    0.00    0.00
  3200                 CONDUIT      0.41     0  00:19      2.37    0.00    0.02
  3350                 CONDUIT      0.66     0  00:26      1.99    0.06    0.66
  3390                 CONDUIT      0.28     0  00:20      0.70    2.14    0.84
  3300                 CONDUIT      0.00     0  00:00      0.00    0.00    0.08
  3470                 CONDUIT      1.01     0  00:18      1.62    5.54    1.00
  3490                 CONDUIT      0.00     0  00:00      0.00    0.00    0.00
  3400                 CONDUIT      0.00     0  00:00      0.00    0.00    0.09
  INLET                CONDUIT      0.00     0  00:00      0.00    0.00    0.00
  1381                 CONDUIT      0.00     0  00:00      0.00    0.00    0.50
  2150                 CONDUIT      0.61     0  00:17      4.59    0.06    0.17
  1380                 CONDUIT      0.00     0  00:00      0.00    0.00    0.50
  2400                 CONDUIT      1.00     0  00:27      3.28    0.09    0.24
  2500                 CONDUIT      2.00     0  00:34      4.66    0.15    0.33
  2600                 CONDUIT      3.00     0  01:08      4.71    0.32    0.39
  180                  CONDUIT      1.07     0  00:51      0.74    0.10    0.18
  100                  CONDUIT      0.00     0  00:00      0.00    0.00    0.50
  380                  CONDUIT      1.09     0  00:37      2.32    0.00    0.16
  301                  CONDUIT      0.00     0  00:00      0.00    0.00    0.00
  302                  CONDUIT      0.00     0  00:00      0.00    0.00    0.00
  303                  CONDUIT      0.00     0  00:00      0.00    0.00    0.00
  304                  CONDUIT      0.00     0  00:00      0.00    0.00    0.00
  305                  CONDUIT      0.00     0  00:00      0.00    0.00    0.07
  480                  CONDUIT      1.05     0  00:02      4.50    0.60    0.60
  580                  CONDUIT      1.26     0  00:03      2.61    3.20    0.54
  680                  CONDUIT      1.02     0  00:06      2.29   15.47    1.00
  780                  CONDUIT      1.04     0  00:21      3.54    0.03    0.38
  701                  CONDUIT      0.00     0  01:37      0.24    0.00    0.09
  880                  CONDUIT      1.32     0  00:04      2.47    1.22    0.36
  801                  CONDUIT      1.12     0  00:39      1.33    0.04    0.43
  980                  CONDUIT      1.16     0  13:00      1.51    1.00    0.52
  901                  CONDUIT      0.34     0  00:18      1.69    0.01    0.16
  1080                 CONDUIT      1.03     0  00:03      1.93   16.72    0.94
  1180                 CONDUIT      1.18     0  00:01      3.45    0.02    0.10
  1301                 CONDUIT      2.15     0  00:23      1.30    0.04    0.14
  1302                 CONDUIT      2.59     0  00:12      2.67    0.04    0.16
  1580                 CONDUIT    106.60     0  00:01      7.77    0.34    0.35
  1501                 CONDUIT      1.03     0  00:10      0.91    0.01    0.11
  1502                 CONDUIT      0.00     0  00:00      0.00    0.00    0.04
  1503                 CONDUIT      0.00     0  00:00      0.00    0.00    0.00
  1780                 CONDUIT      1.05     0  00:05      1.34    0.13    0.07
  1680                 CONDUIT      1.05     0  00:04      1.91    2.68    1.00
  1700                 CONDUIT      1.12     0  01:07      0.48    1.03    0.68
  1601                 CONDUIT      0.00     0  00:00      0.00    0.00    0.39
  1880                 CONDUIT      1.00     0  00:16      3.09    0.02    0.28
  1870                 CONDUIT      0.00     0  00:00      0.00    0.00    0.00
  1980                 CONDUIT      1.00     0  00:39      3.18    0.03    0.12
  1970                 CONDUIT      1.00     0  20:26      4.94    0.04    0.50
  2080                 CONDUIT      1.55     0  02:01      1.92    0.01    0.44
  2070                 CONDUIT      1.50     0  15:37      1.91    1.30    0.17
  2180                 CONDUIT      0.51     0  00:06      2.87    1.04    0.86
  2190                 CONDUIT      0.00     0  00:00      0.00    0.00    0.00
  2101                 CONDUIT      0.00     0  00:00      0.00    0.00    0.00
  2102                 CONDUIT      0.00     0  00:00      0.00    0.00    0.00
  2103                 CONDUIT      0.00     0  00:00      0.00    0.00    0.00
  2104                 CONDUIT      0.00     0  00:00      0.00    0.00    0.02
  2380                 CONDUIT      1.00     0  00:29      3.11    0.02    0.09
  2301                 CONDUIT      1.01     0  00:20      2.57    0.00    0.03
  2302                 CONDUIT      1.00     0  00:26      1.66    0.00    0.04
  2480                 CONDUIT      1.00     0  00:28      3.35    0.08    0.19
  2490                 CONDUIT      0.00     0  00:00      0.00    0.00    0.00
  2580                 CONDUIT      1.00     0  00:18      3.45    0.18    0.30
  2590                 CONDUIT      0.00     0  00:00      0.00    0.00    0.00
  2680                 CONDUIT      1.00     0  00:09      3.27    0.05    0.22
  2690                 CONDUIT      0.00     0  00:00      0.00    0.00    0.00
  2770                 CONDUIT      1.61     0  00:17      4.09    0.12    0.21
  2780                 CONDUIT      1.24     0  00:10      3.20    0.22    1.00
  2701                 CONDUIT      2.59     0  00:30      4.66    0.00    0.04
  2702                 CONDUIT      2.59     0  16:47      1.68    0.00    0.15
  2870                 CONDUIT      3.78     0  00:46      1.52    9.64    1.00
  2980                 CONDUIT      1.02     0  13:51     12.04    0.16    0.56
  2970                 CONDUIT      1.00     0  13:12      1.87    5.51    0.34
  3180                 CONDUIT      1.06     0  00:05      2.88    0.04    0.24
  3170                 CONDUIT      0.59     0  02:35      1.49    6.35    0.50
  3280                 CONDUIT      1.00     0  00:38      3.45    0.33    0.40
  3270                 CONDUIT      1.00     0  00:13      4.33    0.15    0.19
  3201                 CONDUIT      0.42     0  00:26      2.19    0.00    0.02
  3202                 CONDUIT      0.41     0  00:38      1.00    0.00    0.09
  3301                 CONDUIT      0.00     0  00:00      0.00    0.00    0.00
  3302                 CONDUIT      0.00     0  00:00      0.00    0.00    0.00
  3303                 CONDUIT      0.00     0  00:00      0.00    0.00    0.09
  3370                 CONDUIT      0.58     0  01:09      1.02    0.15    0.66
  3380                 CONDUIT      1.00     0  00:17      1.67    8.97    1.00
  3480                 CONDUIT      1.04     0  01:09      3.47    0.12    0.59
  002                  CONDUIT      1.00     0  01:06      3.55    0.09    0.22
  003                  CONDUIT      1.00     0  01:09      3.79    0.12    0.25
  004                  CONDUIT      1.00     0  01:18      1.58    0.16    0.48
  W180                 CONDUIT      1.04     0  00:11      3.29    0.69    0.82
  W101                 CONDUIT      0.00     0  00:00      0.00    0.00    0.00
  W102                 CONDUIT      0.00     0  00:00      0.00    0.00    0.00
  W103                 CONDUIT      0.00     0  00:00      0.00    0.00    0.10
  W280                 CONDUIT      1.00     0  01:09      3.53    0.94    0.75
  W270                 CONDUIT      1.04     0  00:10      5.00    0.37    0.42
  W202                 CONDUIT      1.01     0  00:28      2.35    0.08    0.24
  W203                 CONDUIT      1.04     0  00:26      2.54    0.10    0.54
  W204                 CONDUIT      1.01     0  01:40      0.41    0.04    0.30
  W370                 CONDUIT      1.00     0  22:22      1.11    1.41    0.24
  W380                 CONDUIT      1.10     0  01:35      1.45    0.34    0.40
  W480                 CONDUIT      1.06     0  00:05      1.38    0.75    0.27
  W470                 CONDUIT      2.00     0  15:27      1.63   17.87    1.00
  W401                 CONDUIT      0.00     0  00:00      0.00    0.00    0.00
  W402                 CONDUIT      0.00     0  00:00      0.00    0.00    0.00
  W403                 CONDUIT      0.00     0  00:00      0.00    0.00    0.00
  W404                 CONDUIT      0.00     0  00:00      0.00    0.00    0.00
  W405                 CONDUIT      0.00     0  00:00      0.00    0.00    0.12
  W580                 CONDUIT      1.23     0  02:35      0.57    0.16    0.44
  W501                 CONDUIT      0.00     0  00:00      0.00    0.00    0.00
  W502                 CONDUIT      0.00     0  00:00      0.00    0.00    0.00
  W503                 CONDUIT      0.00     0  00:00      0.00    0.00    0.00
  W504                 CONDUIT      0.00     0  00:00      0.00    0.00    0.00
  W505                 CONDUIT      0.03     0  11:44      0.01    0.00    0.20
  W506                 CONDUIT      0.27     0  11:33      0.31    0.06    0.40
  W601                 CONDUIT      0.00     0  00:00      0.00    0.00    0.00
  W602                 CONDUIT      0.00     0  00:00      0.00    0.00    0.00
  W603                 CONDUIT      0.00     0  00:00      0.00    0.00    0.00
  W604                 CONDUIT      0.00     0  00:00      0.00    0.00    0.00
  3780                 CONDUIT      1.19     0  00:45      0.89    0.39    0.42
  3770                 CONDUIT      0.00     0  00:00      0.00    0.00    0.00
  3701                 CONDUIT      0.00     0  00:00      0.00    0.00    0.00
  3702                 CONDUIT      0.00     0  00:00      0.00    0.00    0.19
  3703                 CONDUIT      0.93     0  01:56      0.15    0.02    0.52
  3581                 CONDUIT      1.00     0  00:20      1.52    1.32    0.19
  OUTFALL              CONDUIT      0.00     0  00:00      0.00    0.00    0.00
  MR00FM               CONDUIT      0.00     0  00:00      0.00    0.00    0.00
  MR01FM               CONDUIT      0.00     0  00:00      0.00    0.00    0.00
  MR02FM               CONDUIT      0.00     0  00:00      0.00    0.00    0.00
  MR03FM               CONDUIT      0.00     0  00:00      0.00    0.00    0.00
  MR04FM               CONDUIT      0.00     0  00:00      0.00    0.00    0.00
  MR05                 CONDUIT      0.00     0  00:00      0.00    0.00    0.00
  MR06                 CONDUIT      0.00     0  00:00      0.00    0.00    0.26
  MR80                 CONDUIT      0.00     0  00:00      0.00    0.00    0.50
  MR90                 CONDUIT      0.00     0  00:00      0.00    0.00    0.00
  1382                 CONDUIT      0.00     0  00:00      0.00    0.00    0.29
  3681                 CONDUIT      3.55     0  01:55      0.85    1.28    1.00
  3582                 CONDUIT      1.06     0  00:04      1.53    1.40    0.27
  W681                 CONDUIT      1.48     0  10:36      0.49    0.05    0.50
  781                  CONDUIT      1.03     0  00:11      2.26    0.03    0.12
  1581                 CONDUIT      6.32     0  00:00      2.88    0.01    0.30
  2081                 CONDUIT      2.74     0  00:02      6.17    0.00    0.12
  3281                 CONDUIT      1.00     0  00:12      3.59    0.31    0.39
  3381                 CONDUIT      1.07     0  00:04      5.38    0.21    0.65
  2981                 CONDUIT      1.00     0  00:43      2.68    0.12    0.28
  3680                 CONDUIT      0.66     0  01:50      0.70    0.54    1.00
  SG-35                ORIFICE      1.00     1  00:00                      0.51
  11                   ORIFICE      0.37     0  00:07                      0.19
  R4W                  ORIFICE      0.00     0  00:00                      0.00
  R5W                  ORIFICE      1.21     0  00:17                      0.71
  W-06                 ORIFICE      0.87     0  00:14                      0.68
  W-08                 ORIFICE      1.93     0  00:40                      0.42
  W-10                 ORIFICE      0.00     0  00:00                      0.00
  SG-27                ORIFICE      1.59     0  00:44                      0.57
  SG-W01               ORIFICE      1.00     0  01:12                      1.00
  SG-W02               ORIFICE      1.82     0  00:07                      1.00
  SG-W03               ORIFICE      1.05     0  05:26                      1.00
  SG-W04               ORIFICE      1.07     0  00:55                      0.81
  SG-W05               ORIFICE      1.03     1  00:00                      1.00
  SG-W06               ORIFICE      2.47     0  08:36                      1.00
  SG-37                ORIFICE      1.10     0  00:46                      1.00
  SG-18                ORIFICE      1.59     0  00:09                      1.00
  SG-19                ORIFICE      2.07     0  00:07                      1.00
  SG-20                ORIFICE      1.42     0  01:58                      1.00
  SG-23                ORIFICE      2.03     0  00:06                      1.00
  SG-28                ORIFICE      1.39     0  00:44                      0.95
  SG-29                ORIFICE      1.04     0  10:57                      1.00
  SG-31                ORIFICE      1.03     0  01:00                      1.00
  SG-32                ORIFICE      1.82     0  00:08                      1.00
  SG-33                ORIFICE      1.03     0  00:59                      1.00
  SG-34                ORIFICE      1.73     0  01:00                      1.00
  SG-01                ORIFICE      1.01     1  00:00                      1.00
  SG-03                ORIFICE      1.81     0  00:08                      1.00
  SG-04                ORIFICE      1.00     0  00:09                      0.54
  SG-05                ORIFICE      1.02     1  00:00                      1.00
  SG-06                ORIFICE      0.58     0  00:17                      1.00
  SG-07                ORIFICE      1.09     0  04:44                      1.00
  SG-08                ORIFICE      1.05     0  18:22                      1.00
  SG-09                ORIFICE      1.09     0  01:44                      1.00
  SG-10                ORIFICE      0.76     0  00:08                      0.88
  SG-11                ORIFICE      1.00     0  01:16                      0.52
  SG-13                ORIFICE      4.62     0  02:18                      0.80
  SG-15                ORIFICE      5.22     0  00:04                      1.00
  SG-16                ORIFICE      1.92     0  00:48                      1.00
  SG-17                ORIFICE      1.00     0  00:49                      0.17
  WW-01                WEIR         1.67     0  00:22                      1.00
  WW-02                WEIR         0.00     0  00:00                      0.00
  WW-03                WEIR         2.51     0  00:25                      1.00
  WW-04                WEIR         1.58     0  00:45                      0.81
  WW-08                WEIR         3.90     0  01:49                      1.00
  WW-06                WEIR         4.72     0  03:48                      1.00
  W-37                 WEIR         1.34     0  00:28                      1.00
  W-36                 WEIR         2.19     0  00:42                      1.00
  W-35                 WEIR         0.24     0  00:03                      0.51
  R1W                  WEIR         0.61     0  00:37                      0.28
  W-07                 WEIR         4.28     0  01:16                      1.00
  W-09                 WEIR         1.07     0  00:29                      1.00
  W-11                 WEIR         0.00     0  00:00                      0.00
  W-13                 WEIR         5.38     0  01:58                      1.00
  W-15                 WEIR        28.45     0  00:02                      1.00
  W-16                 WEIR         0.86     0  01:04                      1.00
  W-17                 WEIR         0.25     0  00:07                      0.12
  W-18                 WEIR         0.00     0  00:00                      0.00
  W-19                 WEIR         0.00     0  00:00                      0.00
  472.1                WEIR         2.34     0  00:49                      1.00
  W-23                 WEIR         0.00     0  00:00                      0.00
  W-28                 WEIR         0.54     0  00:40                      0.95
  W-29                 WEIR         0.52     0  00:10                      1.00
  W-31                 WEIR         0.91     0  00:18                      1.00
  W-32                 WEIR         0.00     0  00:00                      0.00
  W-33                 WEIR         0.52     0  00:59                      1.00
  W-34                 WEIR         0.00     0  00:00                      0.00
  W-MR                 WEIR         0.00     0  00:00                      0.00
  E1FM                 PUMP         0.42     0  00:46              0.04
  FM                   PUMP         0.00     0  00:00              0.00
  PUMPS                PUMP         0.00     0  00:00              0.00
  MR-PUMP              PUMP         0.00     0  00:00              0.00
  
  
  ***************************
  Flow Classification Summary
  ***************************
  
  -------------------------------------------------------------------------------------
                      Adjusted    ---------- Fraction of Time in Flow Class ---------- 
                       /Actual         Up    Down  Sub   Sup   Up    Down  Norm  Inlet 
  Conduit               Length    Dry  Dry   Dry   Crit  Crit  Crit  Crit  Ltd   Ctrl  
  -------------------------------------------------------------------------------------
  001                     1.00   0.00  0.00  0.00  0.00  0.00  0.00  1.00  0.00  0.00
  W190                    1.00   0.00  0.00  0.00  1.00  0.00  0.00  0.00  0.00  0.00
  W100                    1.00   0.00  1.00  0.00  0.00  0.00  0.00  0.00  0.00  0.00
  W250                    1.00   0.00  0.00  0.00  0.00  0.99  0.00  0.00  0.99  0.00
  W290                    1.00   1.00  0.00  0.00  0.00  0.00  0.00  0.00  0.00  0.00
  W200                    1.00   0.00  0.00  0.00  0.99  0.00  0.00  0.00  0.99  0.00
  W201                    1.00   0.00  0.00  0.00  0.99  0.00  0.00  0.00  0.00  0.00
  W350                    1.00   0.00  0.02  0.00  0.98  0.00  0.00  0.00  0.00  0.00
  W390                    1.00   0.00  0.00  0.00  1.00  0.00  0.00  0.00  0.00  0.00
  W300                    1.00   0.02  0.00  0.00  0.98  0.00  0.00  0.00  0.94  0.00
  W301                    1.00   0.00  0.02  0.00  0.98  0.00  0.00  0.00  0.00  0.00
  W400                    1.00   0.00  1.00  0.00  0.00  0.00  0.00  0.00  0.00  0.00
  W450                    1.00   0.00  0.00  0.00  1.00  0.00  0.00  0.00  0.01  0.00
  W490                    1.00   0.00  0.00  0.00  1.00  0.00  0.00  0.00  0.00  0.00
  W570                    1.00   0.00  0.00  0.00  1.00  0.00  0.00  0.00  0.00  0.00
  W590                    1.00   0.00  0.00  0.00  1.00  0.00  0.00  0.00  0.00  0.00
  W500                    1.00   0.00  1.00  0.00  0.00  0.00  0.00  0.00  0.00  0.00
  W507                    1.00   0.08  0.00  0.00  0.92  0.00  0.00  0.00  0.00  0.00
  W680                    1.00   0.00  0.00  0.00  1.00  0.00  0.00  0.00  0.00  0.00
  W670                    1.00   0.01  0.07  0.00  0.92  0.00  0.00  0.00  0.00  0.00
  W690                    1.00   0.00  0.00  0.00  1.00  0.00  0.00  0.00  0.00  0.00
  W600                    1.00   0.08  0.92  0.00  0.00  0.00  0.00  0.00  0.00  0.00
  3750                    1.00   0.00  1.00  0.00  0.00  0.00  0.00  0.00  0.00  0.00
  3790                    1.00   0.00  0.00  0.00  1.00  0.00  0.00  0.00  0.00  0.00
  3700                    1.00   1.00  0.00  0.00  0.00  0.00  0.00  0.00  0.00  0.00
  3682                    1.00   0.00  0.00  0.00  1.00  0.00  0.00  0.00  0.00  0.00
  3690                    1.00   0.01  0.00  0.00  0.99  0.00  0.00  0.00  0.00  0.00
  3600                    1.00   0.00  0.00  0.00  0.99  0.00  0.00  0.00  0.99  0.00
  3580                    1.00   0.00  0.00  0.00  0.99  0.01  0.00  0.00  1.00  0.00
  3590                    1.00   0.00  0.00  0.00  1.00  0.00  0.00  0.00  0.00  0.00
  3500                    1.00   0.00  1.00  0.00  0.00  0.00  0.00  0.00  0.00  0.00
  150                     1.00   0.00  0.00  0.00  1.00  0.00  0.00  0.00  0.00  0.00
  300                     1.00   0.00  1.00  0.00  0.00  0.00  0.00  0.00  0.00  0.00
  190                     1.00   0.02  0.00  0.00  0.98  0.00  0.00  0.00  0.00  0.00
  390                     1.00   1.00  0.00  0.00  0.00  0.00  0.00  0.00  0.00  0.00
  470                     1.00   0.00  0.00  0.00  0.00  1.00  0.00  0.00  0.00  0.00
  490                     1.00   1.00  0.00  0.00  0.00  0.00  0.00  0.00  0.00  0.00
  400                     1.00   0.00  0.00  0.00  0.99  0.00  0.00  0.00  0.99  0.00
  401                     1.00   0.00  0.00  0.00  0.00  1.00  0.00  0.00  0.00  0.00
  570                     1.00   0.00  0.00  0.00  1.00  0.00  0.00  0.00  1.00  0.00
  590                     1.00   0.00  0.00  0.00  1.00  0.00  0.00  0.00  0.00  0.00
  500                     1.00   0.00  0.00  0.00  0.99  0.00  0.00  0.00  0.90  0.00
  650                     1.00   0.00  0.00  0.00  1.00  0.00  0.00  0.00  1.00  0.00
  690                     1.00   0.00  0.00  0.00  1.00  0.00  0.00  0.00  0.00  0.00
  600                     1.00   0.00  0.00  0.00  1.00  0.00  0.00  0.00  0.08  0.00
  750                     1.00   0.00  0.00  0.00  1.00  0.00  0.00  0.00  0.01  0.00
  790                     1.00   0.00  0.00  0.00  1.00  0.00  0.00  0.00  0.00  0.00
  700                     1.00   0.00  0.06  0.00  0.93  0.00  0.00  0.00  0.02  0.00
  870                     1.00   0.00  0.06  0.00  0.94  0.00  0.00  0.00  0.94  0.00
  890                     1.00   0.00  0.00  0.00  1.00  0.00  0.00  0.00  0.00  0.00
  800                     1.00   0.00  0.06  0.00  0.94  0.00  0.00  0.00  0.04  0.00
  970                     1.00   0.00  0.00  0.00  1.00  0.00  0.00  0.00  0.00  0.00
  990                     1.00   0.00  0.00  0.00  1.00  0.00  0.00  0.00  0.00  0.00
  900                     1.00   0.00  0.00  0.00  1.00  0.00  0.00  0.00  0.03  0.00
  1070                    1.00   0.00  0.00  0.00  1.00  0.00  0.00  0.00  0.00  0.00
  1090                    1.00   1.00  0.00  0.00  0.00  0.00  0.00  0.00  0.00  0.00
  1000                    1.00   0.00  0.00  0.00  1.00  0.00  0.00  0.00  1.00  0.00
  1170                    1.00   0.00  0.00  0.00  0.99  0.01  0.00  0.00  0.99  0.00
  1190                    1.00   1.00  0.00  0.00  0.00  0.00  0.00  0.00  0.00  0.00
  1100                    1.00   0.00  0.00  0.00  1.00  0.00  0.00  0.00  0.01  0.00
  1370                    1.00   0.00  0.00  0.00  1.00  0.00  0.00  0.00  0.00  0.00
  1390                    1.00   0.01  0.00  0.00  0.99  0.00  0.00  0.00  0.00  0.00
  1300                    1.00   0.00  0.00  0.00  1.00  0.00  0.00  0.00  0.99  0.00
  1570                    1.00   0.00  0.00  0.00  0.99  0.01  0.00  0.00  0.00  0.00
  1590                    1.00   0.00  0.00  0.00  1.00  0.00  0.00  0.00  0.00  0.00
  1500                    1.00   0.00  0.00  0.00  1.00  0.00  0.00  0.00  0.00  0.00
  1600                    1.00   0.00  0.00  0.00  1.00  0.00  0.00  0.00  0.00  0.00
  1690                    1.00   0.00  0.00  0.00  1.00  0.00  0.00  0.00  0.00  0.00
  1602                    1.00   1.00  0.00  0.00  0.00  0.00  0.00  0.00  0.00  0.00
  1750                    1.00   0.00  0.00  0.00  1.00  0.00  0.00  0.00  1.00  0.00
  1790                    1.00   0.00  0.00  0.00  1.00  0.00  0.00  0.00  0.00  0.00
  HAN-01                  1.00   1.00  0.00  0.00  0.00  0.00  0.00  0.00  0.00  0.00
  HAN-02                  1.00   1.00  0.00  0.00  0.00  0.00  0.00  0.00  0.00  0.00
  HAN-03                  1.00   1.00  0.00  0.00  0.00  0.00  0.00  0.00  0.00  0.00
  HAN-04                  1.00   1.00  0.00  0.00  0.00  0.00  0.00  0.00  0.00  0.00
  HAN-05                  1.00   1.00  0.00  0.00  0.00  0.00  0.00  0.00  0.00  0.00
  1850                    1.00   0.01  0.99  0.00  0.00  0.00  0.00  0.00  0.00  0.00
  1890                    1.00   1.00  0.00  0.00  0.00  0.00  0.00  0.00  0.00  0.00
  1800                    1.00   1.00  0.00  0.00  0.00  0.00  0.00  0.00  0.00  0.00
  1801                    1.00   1.00  0.00  0.00  0.00  0.00  0.00  0.00  0.00  0.00
  1802                    1.00   0.01  0.99  0.00  0.00  0.00  0.00  0.00  0.00  0.00
  1950                    1.00   0.00  0.00  0.00  0.00  0.00  1.00  0.00  0.00  0.00
  1990                    1.00   1.00  0.00  0.00  0.00  0.00  0.00  0.00  0.00  0.00
  1900                    1.00   0.01  0.04  0.00  0.96  0.00  0.00  0.00  0.00  0.00
  1901                    1.00   0.04  0.00  0.00  0.00  0.95  0.00  0.00  0.00  0.00
  1902                    1.00   0.02  0.03  0.00  0.96  0.00  0.00  0.00  0.96  0.00
  2050                    1.00   0.00  0.02  0.00  0.98  0.00  0.00  0.00  0.98  0.00
  2090                    1.00   0.00  0.00  0.00  1.00  0.00  0.00  0.00  0.00  0.00
  2000                    1.00   0.02  0.00  0.00  0.98  0.01  0.00  0.00  0.98  0.00
  2001                    1.00   0.02  0.00  0.00  0.00  0.98  0.00  0.00  0.00  0.00
  2002                    1.00   0.02  0.00  0.00  0.98  0.00  0.00  0.00  0.00  0.00
  2170                    1.00   0.02  0.00  0.00  0.00  0.98  0.00  0.00  0.98  0.00
  2100                    1.00   0.02  0.98  0.00  0.00  0.00  0.00  0.00  0.00  0.00
  2370                    1.00   0.00  0.00  0.00  0.00  1.00  0.00  0.00  0.00  0.00
  2390                    1.00   1.00  0.00  0.00  0.00  0.00  0.00  0.00  0.00  0.00
  2300                    1.00   0.00  0.00  0.00  0.99  0.01  0.00  0.00  0.00  0.00
  2750                    1.00   0.01  0.00  0.00  0.00  0.99  0.00  0.00  0.99  0.00
  2790                    1.00   0.01  0.00  0.00  0.99  0.00  0.00  0.00  0.99  0.00
  2700                    1.00   0.00  0.00  0.00  0.00  0.99  0.00  0.00  0.00  0.00
  2880                    1.00   0.00  0.00  0.00  1.00  0.00  0.00  0.00  0.00  0.00
  2850                    1.00   0.00  0.00  0.00  1.00  0.00  0.00  0.00  0.02  0.00
  2890                    1.00   0.00  0.00  0.00  1.00  0.00  0.00  0.00  0.00  0.00
  2800                    1.00   0.00  0.01  0.00  0.99  0.00  0.00  0.00  0.99  0.00
  2950                    1.00   0.00  0.00  0.00  0.99  0.00  0.00  0.00  0.00  0.00
  2990                    1.00   0.00  0.00  0.00  1.00  0.00  0.00  0.00  0.00  0.00
  2900                    1.00   0.01  0.99  0.00  0.00  0.00  0.00  0.00  0.00  0.00
  2901                    1.00   0.01  0.99  0.00  0.00  0.00  0.00  0.00  0.00  0.00
  3150                    1.00   0.00  0.01  0.00  0.99  0.00  0.00  0.00  0.00  0.00
  3190                    1.00   0.00  0.00  0.00  1.00  0.00  0.00  0.00  0.00  0.00
  3100                    1.00   0.01  0.00  0.00  0.99  0.00  0.00  0.00  0.99  0.00
  3250                    1.00   0.01  0.00  0.00  0.00  0.99  0.00  0.00  0.40  0.00
  3290                    1.00   1.00  0.00  0.00  0.00  0.00  0.00  0.00  0.00  0.00
  3200                    1.00   0.01  0.00  0.00  0.00  0.99  0.00  0.00  0.01  0.00
  3350                    1.00   0.00  0.00  0.00  1.00  0.00  0.00  0.00  0.00  0.00
  3390                    1.00   0.00  0.00  0.00  1.00  0.00  0.00  0.00  0.00  0.00
  3300                    1.00   0.01  0.99  0.00  0.00  0.00  0.00  0.00  0.00  0.00
  3470                    1.00   0.00  0.00  0.00  1.00  0.00  0.00  0.00  0.00  0.00
  3490                    1.00   1.00  0.00  0.00  0.00  0.00  0.00  0.00  0.00  0.00
  3400                    1.00   0.00  1.00  0.00  0.00  0.00  0.00  0.00  0.00  0.00
  INLET                   1.00   1.00  0.00  0.00  0.00  0.00  0.00  0.00  0.00  0.00
  1381                    1.00   0.00  1.00  0.00  0.00  0.00  0.00  0.00  0.00  0.00
  2150                    1.00   0.01  0.00  0.00  0.00  0.00  0.00  0.99  0.00  0.00
  1380                    1.00   0.00  1.00  0.00  0.00  0.00  0.00  0.00  0.00  0.00
  2400                    1.00   0.01  0.00  0.00  0.00  0.99  0.00  0.00  0.99  0.00
  2500                    1.00   0.00  0.00  0.00  0.00  0.99  0.00  0.00  0.99  0.00
  2600                    1.00   0.00  0.00  0.00  0.00  0.00  0.00  1.00  0.00  0.00
  180                     1.00   0.00  0.00  0.00  1.00  0.00  0.00  0.00  0.00  0.00
  100                     1.00   0.02  0.98  0.00  0.00  0.00  0.00  0.00  0.00  0.00
  380                     1.00   0.00  0.00  0.00  0.99  0.00  0.00  0.01  0.01  0.00
  301                     1.00   1.00  0.00  0.00  0.00  0.00  0.00  0.00  0.00  0.00
  302                     1.00   1.00  0.00  0.00  0.00  0.00  0.00  0.00  0.00  0.00
  303                     1.00   1.00  0.00  0.00  0.00  0.00  0.00  0.00  0.00  0.00
  304                     1.00   1.00  0.00  0.00  0.00  0.00  0.00  0.00  0.00  0.00
  305                     1.00   0.00  1.00  0.00  0.00  0.00  0.00  0.00  0.00  0.00
  480                     1.00   0.00  0.00  0.00  1.00  0.00  0.00  0.00  1.00  0.00
  580                     1.00   0.00  0.00  0.00  1.00  0.00  0.00  0.00  0.00  0.00
  680                     1.00   0.00  0.00  0.00  1.00  0.00  0.00  0.00  0.00  0.00
  780                     1.00   0.00  0.00  0.00  0.98  0.02  0.00  0.00  0.98  0.00
  701                     1.00   0.06  0.00  0.00  0.94  0.00  0.00  0.00  0.91  0.00
  880                     1.00   0.00  0.00  0.00  1.00  0.00  0.00  0.00  0.00  0.00
  801                     1.00   0.00  0.00  0.00  1.00  0.00  0.00  0.00  0.01  0.00
  980                     1.00   0.00  0.00  0.00  1.00  0.00  0.00  0.00  0.07  0.00
  901                     1.00   0.00  0.00  0.00  1.00  0.00  0.00  0.00  0.99  0.00
  1080                    1.00   0.00  0.00  0.00  1.00  0.00  0.00  0.00  0.00  0.00
  1180                    1.00   0.00  0.00  0.00  1.00  0.00  0.00  0.00  1.00  0.00
  1301                    1.00   0.00  0.00  0.00  1.00  0.00  0.00  0.00  0.00  0.00
  1302                    1.00   0.00  0.00  0.00  1.00  0.00  0.00  0.00  0.95  0.00
  1580                    1.00   0.00  0.00  0.00  1.00  0.00  0.00  0.00  1.00  0.00
  1501                    1.00   0.00  0.00  0.00  1.00  0.00  0.00  0.00  0.00  0.00
  1502                    1.00   0.00  1.00  0.00  0.00  0.00  0.00  0.00  0.00  0.00
  1503                    1.00   1.00  0.00  0.00  0.00  0.00  0.00  0.00  0.00  0.00
  1780                    1.00   0.00  0.00  0.00  1.00  0.00  0.00  0.00  0.00  0.00
  1680                    1.00   0.00  0.00  0.00  1.00  0.00  0.00  0.00  0.00  0.00
  1700                    1.00   0.00  0.00  0.00  1.00  0.00  0.00  0.00  0.00  0.00
  1601                    1.00   0.00  1.00  0.00  0.00  0.00  0.00  0.00  0.00  0.00
  1880                    1.00   0.00  0.00  0.00  0.99  0.00  0.00  0.01  0.99  0.00
  1870                    1.00   1.00  0.00  0.00  0.00  0.00  0.00  0.00  0.00  0.00
  1980                    1.00   0.00  0.00  0.00  0.00  0.00  0.00  1.00  0.00  0.00
  1970                    1.00   0.01  0.00  0.00  0.99  0.01  0.00  0.00  0.99  0.00
  2080                    1.00   0.00  0.00  0.00  1.00  0.00  0.00  0.00  0.06  0.00
  2070                    1.00   0.02  0.00  0.00  0.98  0.00  0.00  0.00  0.00  0.00
  2180                    1.00   0.00  0.00  0.00  0.00  0.00  0.00  1.00  0.00  0.00
  2190                    1.00   1.00  0.00  0.00  0.00  0.00  0.00  0.00  0.00  0.00
  2101                    1.00   1.00  0.00  0.00  0.00  0.00  0.00  0.00  0.00  0.00
  2102                    1.00   1.00  0.00  0.00  0.00  0.00  0.00  0.00  0.00  0.00
  2103                    1.00   1.00  0.00  0.00  0.00  0.00  0.00  0.00  0.00  0.00
  2104                    1.00   0.00  1.00  0.00  0.00  0.00  0.00  0.00  0.00  0.00
  2380                    1.00   0.00  0.00  0.00  0.00  0.00  0.00  1.00  0.00  0.00
  2301                    1.00   0.00  0.00  0.00  0.00  0.99  0.00  0.00  0.00  0.00
  2302                    1.00   0.00  0.00  0.00  1.00  0.00  0.00  0.00  0.99  0.00
  2480                    1.00   0.00  0.00  0.00  0.00  0.00  0.00  1.00  0.00  0.00
  2490                    1.00   1.00  0.00  0.00  0.00  0.00  0.00  0.00  0.00  0.00
  2580                    1.00   0.00  0.00  0.00  0.00  0.99  0.00  0.00  0.99  0.00
  2590                    1.00   1.00  0.00  0.00  0.00  0.00  0.00  0.00  0.00  0.00
  2680                    1.00   0.00  0.00  0.00  0.99  0.00  0.00  0.00  0.99  0.00
  2690                    1.00   1.00  0.00  0.00  0.00  0.00  0.00  0.00  0.00  0.00
  2770                    1.00   0.00  0.00  0.00  0.00  0.99  0.00  0.00  0.00  0.00
  2780                    1.00   0.00  0.00  0.00  1.00  0.00  0.00  0.00  0.00  0.00
  2701                    1.00   0.00  0.00  0.00  0.00  0.99  0.00  0.00  0.99  0.00
  2702                    1.00   0.00  0.00  0.00  1.00  0.00  0.00  0.00  1.00  0.00
  2870                    1.00   0.00  0.00  0.00  1.00  0.00  0.00  0.00  0.00  0.00
  2980                    1.00   0.00  0.00  0.00  1.00  0.00  0.00  0.00  0.01  0.00
  2970                    1.00   0.01  0.00  0.00  0.99  0.00  0.00  0.00  0.00  0.00
  3180                    1.00   0.00  0.00  0.00  1.00  0.00  0.00  0.00  0.01  0.00
  3170                    1.00   0.01  0.00  0.00  0.99  0.00  0.00  0.00  0.00  0.00
  3280                    1.00   0.00  0.00  0.00  0.00  0.00  0.00  1.00  0.00  0.00
  3270                    1.00   0.01  0.00  0.00  0.00  0.99  0.00  0.00  0.00  0.00
  3201                    1.00   0.01  0.00  0.00  0.00  0.99  0.00  0.00  0.57  0.00
  3202                    1.00   0.01  0.00  0.00  0.99  0.00  0.00  0.00  0.99  0.00
  3301                    1.00   1.00  0.00  0.00  0.00  0.00  0.00  0.00  0.00  0.00
  3302                    1.00   1.00  0.00  0.00  0.00  0.00  0.00  0.00  0.00  0.00
  3303                    1.00   0.00  1.00  0.00  0.00  0.00  0.00  0.00  0.00  0.00
  3370                    1.00   0.00  0.00  0.00  0.99  0.00  0.00  0.00  0.00  0.00
  3380                    1.00   0.00  0.00  0.00  1.00  0.00  0.00  0.00  0.00  0.00
  3480                    1.00   0.00  0.00  0.00  1.00  0.00  0.00  0.00  0.03  0.00
  002                     1.00   0.00  0.00  0.00  0.00  0.99  0.00  0.00  0.99  0.00
  003                     1.00   0.00  0.00  0.00  0.00  1.00  0.00  0.00  0.99  0.00
  004                     1.00   0.00  0.00  0.00  1.00  0.00  0.00  0.00  1.00  0.00
  W180                    1.00   0.00  0.00  0.00  1.00  0.00  0.00  0.00  0.00  0.00
  W101                    1.00   1.00  0.00  0.00  0.00  0.00  0.00  0.00  0.00  0.00
  W102                    1.00   1.00  0.00  0.00  0.00  0.00  0.00  0.00  0.00  0.00
  W103                    1.00   0.00  1.00  0.00  0.00  0.00  0.00  0.00  0.00  0.00
  W280                    1.00   0.00  0.00  0.00  0.00  0.00  0.00  1.00  0.00  0.00
  W270                    1.00   0.00  0.00  0.00  0.00  1.00  0.00  0.00  0.01  0.00
  W202                    1.00   0.01  0.00  0.00  0.99  0.00  0.00  0.00  0.98  0.00
  W203                    1.00   0.01  0.00  0.00  0.99  0.00  0.00  0.00  0.02  0.00
  W204                    1.00   0.01  0.01  0.00  0.98  0.00  0.00  0.00  0.01  0.00
  W370                    1.00   0.02  0.00  0.00  0.98  0.00  0.00  0.00  0.00  0.00
  W380                    1.00   0.00  0.00  0.00  1.00  0.00  0.00  0.00  0.00  0.00
  W480                    1.00   0.00  0.00  0.00  1.00  0.00  0.00  0.00  0.00  0.00
  W470                    1.00   0.00  0.00  0.00  1.00  0.00  0.00  0.00  0.00  0.00
  W401                    1.00   1.00  0.00  0.00  0.00  0.00  0.00  0.00  0.00  0.00
  W402                    1.00   1.00  0.00  0.00  0.00  0.00  0.00  0.00  0.00  0.00
  W403                    1.00   1.00  0.00  0.00  0.00  0.00  0.00  0.00  0.00  0.00
  W404                    1.00   1.00  0.00  0.00  0.00  0.00  0.00  0.00  0.00  0.00
  W405                    1.00   0.00  1.00  0.00  0.00  0.00  0.00  0.00  0.00  0.00
  W580                    1.00   0.00  0.00  0.00  1.00  0.00  0.00  0.00  0.00  0.00
  W501                    1.00   1.00  0.00  0.00  0.00  0.00  0.00  0.00  0.00  0.00
  W502                    1.00   1.00  0.00  0.00  0.00  0.00  0.00  0.00  0.00  0.00
  W503                    1.00   1.00  0.00  0.00  0.00  0.00  0.00  0.00  0.00  0.00
  W504                    1.00   0.49  0.51  0.00  0.00  0.00  0.00  0.00  0.00  0.00
  W505                    1.00   0.08  0.40  0.00  0.51  0.00  0.00  0.00  0.42  0.00
  W506                    1.00   0.08  0.00  0.00  0.92  0.00  0.00  0.00  0.00  0.00
  W601                    1.00   1.00  0.00  0.00  0.00  0.00  0.00  0.00  0.00  0.00
  W602                    1.00   1.00  0.00  0.00  0.00  0.00  0.00  0.00  0.00  0.00
  W603                    1.00   1.00  0.00  0.00  0.00  0.00  0.00  0.00  0.00  0.00
  W604                    1.00   1.00  0.00  0.00  0.00  0.00  0.00  0.00  0.00  0.00
  3780                    1.00   0.00  0.00  0.00  1.00  0.00  0.00  0.00  0.00  0.00
  3770                    1.00   1.00  0.00  0.00  0.00  0.00  0.00  0.00  0.00  0.00
  3701                    1.00   1.00  0.00  0.00  0.00  0.00  0.00  0.00  0.00  0.00
  3702                    1.00   0.03  0.97  0.00  0.00  0.00  0.00  0.00  0.00  0.00
  3703                    1.00   0.00  0.03  0.00  0.97  0.00  0.00  0.00  0.00  0.00
  3581                    1.00   0.00  0.00  0.00  1.00  0.00  0.00  0.00  0.00  0.00
  OUTFALL                 1.00   1.00  0.00  0.00  0.00  0.00  0.00  0.00  0.00  0.00
  MR00FM                  1.00   1.00  0.00  0.00  0.00  0.00  0.00  0.00  0.00  0.00
  MR01FM                  1.00   1.00  0.00  0.00  0.00  0.00  0.00  0.00  0.00  0.00
  MR02FM                  1.00   1.00  0.00  0.00  0.00  0.00  0.00  0.00  0.00  0.00
  MR03FM                  1.00   1.00  0.00  0.00  0.00  0.00  0.00  0.00  0.00  0.00
  MR04FM                  1.00   1.00  0.00  0.00  0.00  0.00  0.00  0.00  0.00  0.00
  MR05                    1.00   1.00  0.00  0.00  0.00  0.00  0.00  0.00  0.00  0.00
  MR06                    1.00   0.01  0.99  0.00  0.00  0.00  0.00  0.00  0.00  0.00
  MR80                    1.00   0.00  1.00  0.00  0.00  0.00  0.00  0.00  0.00  0.00
  MR90                    1.00   1.00  0.00  0.00  0.00  0.00  0.00  0.00  0.00  0.00
  1382                    1.00   0.01  0.99  0.00  0.00  0.00  0.00  0.00  0.00  0.00
  3681                    1.00   0.00  0.00  0.00  1.00  0.00  0.00  0.00  0.00  0.00
  3582                    1.00   0.00  0.00  0.00  1.00  0.00  0.00  0.00  0.00  0.00
  W681                    1.00   0.00  0.00  0.00  1.00  0.00  0.00  0.00  0.00  0.00
  781                     1.00   0.00  0.00  0.00  1.00  0.00  0.00  0.00  0.01  0.00
  1581                    1.00   0.00  0.00  0.00  1.00  0.00  0.00  0.00  1.00  0.00
  2081                    1.00   0.00  0.00  0.00  0.94  0.06  0.00  0.00  1.00  0.00
  3281                    1.00   0.00  0.00  0.00  0.00  1.00  0.00  0.00  1.00  0.00
  3381                    1.00   0.00  0.00  0.00  1.00  0.00  0.00  0.00  1.00  0.00
  2981                    1.00   0.00  0.00  0.00  1.00  0.00  0.00  0.00  1.00  0.00
  3680                    1.00   0.00  0.00  0.00  1.00  0.00  0.00  0.00  0.00  0.00
  
  
  *************************
  Conduit Surcharge Summary
  *************************
  
  ----------------------------------------------------------------------------
                                                           Hours        Hours 
                         --------- Hours Full --------   Above Full   Capacity
  Conduit                Both Ends  Upstream  Dnstream   Normal Flow   Limited
  ----------------------------------------------------------------------------
  W190                        0.01      0.01      0.01     23.93         0.01
  W450                        0.01      0.01     23.18      0.01         0.01
  W570                       10.77     21.52     10.77      0.01         0.01
  W670                        0.01      0.01     12.31      0.01         0.01
  3682                       22.11     22.11     22.11      0.35         0.01
  3590                        0.01      0.01      0.01      0.07         0.01
  150                         0.01     23.22      0.01      0.01         0.01
  190                         0.01      0.01      0.01      0.09         0.01
  570                         0.01      0.01     23.70      0.01         0.01
  590                         0.01      0.01      0.01      0.07         0.01
  650                         0.01      0.01     23.36      0.01         0.01
  690                         2.87     15.44      2.93      0.18         0.01
  750                         0.01      0.01      0.01     21.73         0.01
  870                         0.01      0.01     22.45      0.01         0.01
  970                         0.01      0.01     22.47      0.01         0.01
  1070                        0.01      0.01      0.01     23.85         0.01
  1170                        0.01      0.01     22.35      0.01         0.01
  1370                        0.02      0.02     21.67      0.01         0.02
  1590                        0.01      0.05      0.01      0.37         0.01
  1690                       22.64     22.79     22.67      0.01         0.01
  2050                        0.01      0.01     22.03      0.01         0.01
  2790                        0.01      0.01     23.80      0.01         0.01
  2880                        0.01      0.01      0.01     23.98         0.01
  2850                        0.01      0.01     23.32      0.01         0.01
  2890                        0.01      0.01      0.01      0.02         0.01
  2990                        0.01      0.01      0.01      0.07         0.01
  3150                        0.01      0.01     23.65      0.01         0.01
  3390                        0.01      0.01      0.01      0.30         0.01
  3470                       11.42     22.87     11.42      1.25         0.01
  580                         0.01      0.01      0.01     23.97         0.01
  680                         1.56     23.76      1.56      0.91         0.16
  880                         0.01      0.01      0.01      0.03         0.01
  980                         0.01      0.01      0.01      0.03         0.01
  1080                        0.01      0.01      0.01     23.99         0.01
  1680                       22.15     22.97     22.15     23.95         0.29
  1700                        0.01      0.01      0.01      0.03         0.01
  2070                        0.01      0.01      0.01     22.42         0.01
  2180                        0.01     23.90      0.01     23.90         0.01
  2780                       23.73     23.73     23.92      0.01         0.01
  2870                       23.32     23.32     23.32     23.70         0.01
  2970                        0.01      0.01      0.01     23.70         0.01
  3170                        0.01      0.01      0.01     23.63         0.01
  3380                       23.00     23.04     23.00      1.12         0.01
  W180                        0.01      0.01     23.63      0.01         0.01
  W370                        0.01      0.01      0.01     22.86         0.01
  W470                       23.18     23.18     23.18     23.84         0.01
  3581                        0.01      0.01      0.01     23.86         0.01
  3681                       21.91     22.11     21.91      0.06        13.23
  3582                        0.01      0.01      0.01     23.96         0.01
  3381                        0.01      0.01     23.04      0.01         0.01
  3680                       22.11     22.11     22.11      0.01         0.01
  
  
  ***************
  Pumping Summary
  ***************
  
  ---------------------------------------------------------------------------------------------------------
                                                  Min       Avg       Max     Total     Power    % Time Off
                        Percent   Number of      Flow      Flow      Flow    Volume     Usage    Pump Curve
  Pump                 Utilized   Start-Ups       CFS       CFS       CFS  10^6 gal     Kw-hr    Low   High
  ---------------------------------------------------------------------------------------------------------
  E1FM                    99.64           1      0.00      0.41      0.42     0.266     10.27    0.0    0.0
  FM                       0.00           0      0.00      0.00      0.00     0.000      0.00    0.0    0.0
  PUMPS                    0.00           0      0.00      0.00      0.00     0.000      0.00    0.0    0.0
  MR-PUMP                  0.00           0      0.00      0.00      0.00     0.000      0.00    0.0    0.0
  

  Analysis begun on:  Wed Jul 22 14:14:50 2026
  Analysis ended on:  Wed Jul 22 14:14:52 2026
  Total elapsed time: 00:00:02