category,file,detail
ERROR,"10X30.rpt","ERROR 141: Outfall 34530033 has more than 1 inlet link or an outlet link."
ERROR,"18POL.rpt","ERROR 211: invalid number  at line 72 of [XSECT] section:"
ERROR,"1CAM.rpt","ERROR 211: invalid number  at line 217 of [XSECT] section:"
ERROR,"1_5RainWQ.rpt","ERROR 211: invalid number  at line 217 of [XSECT] section:"
ERROR,"ALT3-100.rpt","ERROR 211: invalid number  at line 430 of [XSECT] section:"
ERROR,"BIGXP1.rpt","ERROR 211: invalid number  at line 56 of [XSECT] section:"
ERROR,"CDM.rpt","ERROR 205: invalid keyword DIFWAVE at line 12 of [OPTION] section:"
ERROR,"CollapsingWeir.rpt","ERROR 235: invalid infiltration parameters at line 94 of [INFIL] section:"
ERROR,"DATA11.rpt","ERROR 211: invalid number  at line 64 of [XSECT] section:"
ERROR,"DATA12.rpt","ERROR 211: invalid number  at line 64 of [XSECT] section:"
ERROR,"DATA13.rpt","ERROR 211: invalid number  at line 71 of [XSECT] section:"
ERROR,"DCHRS.rpt","ERROR 114: invalid number of barrels for Conduit 177."
ERROR,"EAST25YR.rpt","ERROR 211: invalid number  at line 426 of [XSECT] section:"
ERROR,"EAXMPL2.rpt","ERROR 211: invalid number  at line 75 of [XSECT] section:"
ERROR,"ERICMW.rpt","ERROR 211: invalid number  at line 407 of [XSECT] section:"
ERROR,"EROSBOD.rpt","ERROR 211: invalid number  at line 52 of [XSECT] section:"
ERROR,"EXI-TB.rpt","ERROR 211: invalid number  at line 2156 of [XSECT] section:"
ERROR,"EXWORK3.rpt","ERROR 211: invalid number  at line 59 of [XSECT] section:"
ERROR,"FRED-001.rpt","ERROR 211: invalid number  at line 52 of [XSECT] section:"
ERROR,"GRND4GAU.rpt","ERROR 211: invalid number  at line 64 of [XSECT] section:"
ERROR,"GWNODE.rpt","ERROR 211: invalid number  at line 50 of [XSECT] section:"
ERROR,"Gwnode1.rpt","ERROR 211: invalid number  at line 52 of [XSECT] section:"
ERROR,"HH-Exist-1_5rainWQ.rpt","ERROR 211: invalid number  at line 216 of [XSECT] section:"
ERROR,"HOSEINT.rpt","ERROR 141: Outfall f3 has more than 1 inlet link or an outlet link."
ERROR,"ICPOND.rpt","ERROR 141: Outfall InflowBn has more than 1 inlet link or an outlet link."
ERROR,"INLET.rpt","ERROR 141: Outfall INLETBOT has more than 1 inlet link or an outlet link."
ERROR,"JOHN1.rpt","ERROR 141: Outfall 205 has more than 1 inlet link or an outlet link."
ERROR,"JOHN1A.rpt","ERROR 141: Outfall 205 has more than 1 inlet link or an outlet link."
ERROR,"KIL1.rpt","ERROR 211: invalid number  at line 222 of [XSECT] section:"
ERROR,"KIL2.rpt","ERROR 211: invalid number  at line 222 of [XSECT] section:"
ERROR,"KIL3.rpt","ERROR 211: invalid number  at line 453 of [XSECT] section:"
ERROR,"KILMAR.rpt","ERROR 211: invalid number  at line 373 of [XSECT] section:"
ERROR,"KILMAR_v1.01.rpt","ERROR 211: invalid number  at line 374 of [XSECT] section:"
ERROR,"LAIETST.rpt","ERROR 211: invalid number  at line 367 of [XSECT] section:"
ERROR,"LAMB2.rpt","ERROR 114: invalid number of barrels for Conduit S-G-060."
ERROR,"LONGDA2.rpt","ERROR 211: invalid number  at line 503 of [XSECT] section:"
ERROR,"LONGDA3.rpt","ERROR 211: invalid number  at line 506 of [XSECT] section:"
ERROR,"MANDROP.rpt","ERROR 211: invalid number  at line 56 of [XSECT] section:"
ERROR,"MARKET.rpt","ERROR 207: duplicate ID name overflow1 at line 291 of [JUNC] section:"
ERROR,"MARKETST.rpt","ERROR 207: duplicate ID name overflow1 at line 278 of [JUNC] section:"
ERROR,"MCCUEN.rpt","ERROR 211: invalid number  at line 52 of [XSECT] section:"
ERROR,"MCCUEN_v1.01.rpt","ERROR 211: invalid number  at line 52 of [XSECT] section:"
ERROR,"My_San_2.rpt","ERROR 141: Outfall 86648900 has more than 1 inlet link or an outlet link."
ERROR,"My_San_3.rpt","ERROR 141: Outfall 86648900 has more than 1 inlet link or an outlet link."
ERROR,"My_San_4.rpt","ERROR 141: Outfall 86648900 has more than 1 inlet link or an outlet link."
ERROR,"My_San_5.rpt","ERROR 141: Outfall 86648900 has more than 1 inlet link or an outlet link."
ERROR,"My_San_Calibrated.rpt","ERROR 141: Outfall 86648900 has more than 1 inlet link or an outlet link."
ERROR,"P2ULT-GO.rpt","ERROR 211: invalid number  at line 1975 of [XSECT] section:"
ERROR,"PEBBLA13.rpt","ERROR 211: invalid number  at line 88 of [XSECT] section:"
ERROR,"PEBBLA13_v1.01.rpt","ERROR 211: invalid number  at line 88 of [XSECT] section:"
ERROR,"PEBBLE13.rpt","ERROR 211: invalid number  at line 88 of [XSECT] section:"
ERROR,"PEBBLE13_v1.01.rpt","ERROR 211: invalid number  at line 88 of [XSECT] section:"
ERROR,"POOLE.rpt","ERROR 211: invalid number  at line 355 of [XSECT] section:"
ERROR,"POOLE2.rpt","ERROR 211: invalid number  at line 355 of [XSECT] section:"
ERROR,"RN1.rpt","ERROR 211: invalid number  at line 64 of [XSECT] section:"
ERROR,"RUN1XP.rpt","ERROR 211: invalid number  at line 64 of [XSECT] section:"
ERROR,"RUN26.rpt","ERROR 211: invalid number  at line 64 of [XSECT] section:"
ERROR,"RUN7.rpt","ERROR 211: invalid number  at line 56 of [XSECT] section:"
ERROR,"RUN8.rpt","ERROR 211: invalid number  at line 64 of [XSECT] section:"
ERROR,"RUNOFF1.rpt","ERROR 211: invalid number  at line 68 of [XSECT] section:"
ERROR,"SNAIL.rpt","ERROR 141: Outfall New has more than 1 inlet link or an outlet link."
ERROR,"STPETE.rpt","ERROR 211: invalid number  at line 72 of [XSECT] section:"
ERROR,"STPETE2.rpt","ERROR 211: invalid number  at line 74 of [XSECT] section:"
ERROR,"STPETE2_v1.01.rpt","ERROR 211: invalid number  at line 74 of [XSECT] section:"
ERROR,"SW14.rpt","ERROR 211: invalid number  at line 75 of [XSECT] section:"
ERROR,"SWDAT14.rpt","ERROR 211: invalid number  at line 75 of [XSECT] section:"
ERROR,"T2.rpt","ERROR 211: invalid number  at line 75 of [XSECT] section:"
ERROR,"TANNER2.rpt","ERROR 211: invalid number  at line 185 of [XSECT] section:"
ERROR,"TBELLA.rpt","ERROR 211: invalid number  at line 74 of [XSECT] section:"
ERROR,"TC.rpt","ERROR 141: Outfall 204 has more than 1 inlet link or an outlet link."
ERROR,"TEMPE2.rpt","ERROR 211: invalid number  at line 65 of [XSECT] section:"
ERROR,"TEMPE3.rpt","ERROR 211: invalid number  at line 73 of [XSECT] section:"
ERROR,"TEMPE4.rpt","ERROR 211: invalid number  at line 72 of [XSECT] section:"
ERROR,"TEST2.rpt","ERROR 211: invalid number  at line 77 of [XSECT] section:"
ERROR,"TEST2EXT.rpt","ERROR 211: invalid number  at line 78 of [XSECT] section:"
ERROR,"TEST2SWM.rpt","ERROR 211: invalid number  at line 78 of [XSECT] section:"
ERROR,"TESTEXT2.rpt","ERROR 211: invalid number  at line 77 of [XSECT] section:"
ERROR,"TPR1_60E.rpt","ERROR 211: invalid number  at line 487 of [XSECT] section:"
ERROR,"TYLER1.rpt","ERROR 141: Outfall TC-4RS has more than 1 inlet link or an outlet link."
ERROR,"TYLER1_v2.23.rpt","ERROR 141: Outfall TC-4RS has more than 1 inlet link or an outlet link."
ERROR,"Testext2A.rpt","ERROR 211: invalid number  at line 78 of [XSECT] section:"
ERROR,"VERTICAL.rpt","ERROR 211: invalid number  at line 58 of [XSECT] section:"
ERROR,"WESTON.rpt","ERROR 211: invalid number  at line 56 of [XSECT] section:"
ERROR,"WETPOND.rpt","ERROR 211: invalid number  at line 54 of [XSECT] section:"
ERROR,"WRESX2.rpt","ERROR 211: invalid number  at line 77 of [XSECT] section:"
ERROR,"charl_mydata.rpt","ERROR 211: invalid number  at line 660 of [XSECT] section:"
ERROR,"eastnew.rpt","ERROR 211: invalid number  at line 425 of [XSECT] section:"
ERROR,"french drain.rpt","ERROR 211: invalid number  at line 74 of [XSECT] section:"
ERROR,"golf_community.rpt","ERROR 207: duplicate ID name Notch at line 93 of [JUNC] section:"
ERROR,"markinl.rpt","ERROR 207: duplicate ID name overflow1 at line 278 of [JUNC] section:"
ERROR,"mod23.rpt","ERROR 211: invalid number  at line 77 of [XSECT] section:"
ERROR,"mod23_v5.1.rpt","ERROR 211: invalid number  at line 77 of [XSECT] section:"
ERROR,"mod23a.rpt","ERROR 211: invalid number  at line 77 of [XSECT] section:"
ERROR,"mod78a.rpt","ERROR 211: invalid number  at line 77 of [XSECT] section:"
ERROR,"mod96.rpt","ERROR 211: invalid number  at line 77 of [XSECT] section:"
ERROR,"mod96a.rpt","ERROR 211: invalid number  at line 77 of [XSECT] section:"
ERROR,"mod96b.rpt","ERROR 211: invalid number  at line 77 of [XSECT] section:"
ERROR,"settling wave.rpt","ERROR 141: Outfall S1.1.1.1.1 has more than 1 inlet link or an outlet link."
ERROR,"variable_speed.rpt","ERROR 211: invalid number  at line 77 of [XSECT] section:"
HAS_FLOW,"050722_ALL_Updated2_Upper.rpt",""
HAS_FLOW,"06-1796J.rpt",""
HAS_FLOW,"1135fu.rpt",""
HAS_FLOW,"1year.rpt",""
HAS_FLOW,"416.rpt",""
HAS_FLOW,"420LP.rpt",""
HAS_FLOW,"422X1.rpt",""
HAS_FLOW,"422x.rpt",""
HAS_FLOW,"9d15shorttnl2.rpt",""
HAS_FLOW,"A-T.rpt",""
HAS_FLOW,"ALL9BOB.rpt",""
HAS_FLOW,"ALLEN9BO.rpt",""
HAS_FLOW,"ALLEN9M.rpt",""
HAS_FLOW,"ALVSEW1.rpt",""
HAS_FLOW,"ALVSEWER.rpt",""
HAS_FLOW,"Allen9a.rpt",""
HAS_FLOW,"BASE25YR.rpt",""
HAS_FLOW,"BASEALL2.rpt",""
HAS_FLOW,"BASIC3.rpt",""
HAS_FLOW,"BASIC4.rpt",""
HAS_FLOW,"BDARDEN.rpt",""
HAS_FLOW,"BDRY1.rpt",""
HAS_FLOW,"BENDDOWN.rpt",""
HAS_FLOW,"BENDWEIR.rpt",""
HAS_FLOW,"BINHONG.rpt",""
HAS_FLOW,"BIRMHM3.rpt",""
HAS_FLOW,"BRIDGE.rpt",""
HAS_FLOW,"BRIDGE1.rpt",""
HAS_FLOW,"BTEMP.rpt",""
HAS_FLOW,"Base(2).rpt",""
HAS_FLOW,"Base.rpt",""
HAS_FLOW,"CALIBR.rpt",""
HAS_FLOW,"CDMEXIST.rpt",""
HAS_FLOW,"CE.rpt",""
HAS_FLOW,"CO.rpt",""
HAS_FLOW,"COMBER1.rpt",""
HAS_FLOW,"COMBER2.rpt",""
HAS_FLOW,"CRW-JL80.rpt",""
HAS_FLOW,"CRW-JL81.rpt",""
HAS_FLOW,"CRWSMAL1.rpt",""
HAS_FLOW,"CRWSMALL.rpt",""
HAS_FLOW,"CS5YR01.rpt",""
HAS_FLOW,"CWEST5B.rpt",""
HAS_FLOW,"Cso37cal.rpt",""
HAS_FLOW,"Cw2bb.rpt",""
HAS_FLOW,"DATA14.rpt",""
HAS_FLOW,"DL14.rpt",""
HAS_FLOW,"DRY.rpt",""
HAS_FLOW,"Design.rpt",""
HAS_FLOW,"Design1.rpt",""
HAS_FLOW,"Design2.rpt",""
HAS_FLOW,"Design3.rpt",""
HAS_FLOW,"Design4.rpt",""
HAS_FLOW,"Detentionpond.rpt",""
HAS_FLOW,"E-TYPD.rpt",""
HAS_FLOW,"E-TYPD_v5.1.rpt",""
HAS_FLOW,"EASTMODE.rpt",""
HAS_FLOW,"EXAM2.rpt",""
HAS_FLOW,"EXAM2A.rpt",""
HAS_FLOW,"EXAM2AA.rpt",""
HAS_FLOW,"EXEVAP.rpt",""
HAS_FLOW,"EXIST2.rpt",""
HAS_FLOW,"EXQUAL2.rpt",""
HAS_FLOW,"EXTRAN2.rpt",""
HAS_FLOW,"EXWORK1C.rpt",""
HAS_FLOW,"EXWORK1D.rpt",""
HAS_FLOW,"EXWORK1E.rpt",""
HAS_FLOW,"EXWORK1F.rpt",""
HAS_FLOW,"FIRST.rpt",""
HAS_FLOW,"FLOOD.rpt",""
HAS_FLOW,"FLTEST.rpt",""
HAS_FLOW,"FORCE.rpt",""
HAS_FLOW,"FORCE1.rpt",""
HAS_FLOW,"FORCE1_v1.44.rpt",""
HAS_FLOW,"FORCE2.rpt",""
HAS_FLOW,"FORCE2_v1.44.rpt",""
HAS_FLOW,"FT2.rpt",""
HAS_FLOW,"FT3.rpt",""
HAS_FLOW,"FUNCTION.rpt",""
HAS_FLOW,"FW927TST.rpt",""
HAS_FLOW,"FW927TST_v2.23.rpt",""
HAS_FLOW,"FutureBase.xp.rpt",""
HAS_FLOW,"FutureBase.xp_v16.rpt",""
HAS_FLOW,"GAUGED.rpt",""
HAS_FLOW,"GOOD3M.rpt",""
HAS_FLOW,"GOOD3M_v7.5.rpt",""
HAS_FLOW,"GOOD3Ma.rpt",""
HAS_FLOW,"GR528.rpt",""
HAS_FLOW,"GREENE.rpt",""
HAS_FLOW,"HDREVAP.rpt",""
HAS_FLOW,"HEC2.rpt",""
HAS_FLOW,"HEC2EX1.rpt",""
HAS_FLOW,"HM06H10E.rpt",""
HAS_FLOW,"HM06H10E_v2.04.rpt",""
HAS_FLOW,"HOSMER1.rpt",""
HAS_FLOW,"HOSTST.rpt",""
HAS_FLOW,"HOT3.rpt",""
HAS_FLOW,"HOTONE.rpt",""
HAS_FLOW,"HOTTHREE.rpt",""
HAS_FLOW,"HOTTWO.rpt",""
HAS_FLOW,"HOU.rpt",""
HAS_FLOW,"HPEVNT01.rpt",""
HAS_FLOW,"HSD.rpt",""
HAS_FLOW,"HSD4.rpt",""
HAS_FLOW,"HYD1H-3A.rpt",""
HAS_FLOW,"JFC1N.rpt",""
HAS_FLOW,"JUSTTEST.rpt",""
HAS_FLOW,"KAILUA.rpt",""
HAS_FLOW,"LAIE.rpt",""
HAS_FLOW,"LEAH1.rpt",""
HAS_FLOW,"LEAH2.rpt",""
HAS_FLOW,"MAC.rpt",""
HAS_FLOW,"MAULEO.rpt",""
HAS_FLOW,"MING.rpt",""
HAS_FLOW,"MING_v1.44.rpt",""
HAS_FLOW,"MOD31.rpt",""
HAS_FLOW,"MULPUMP.rpt",""
HAS_FLOW,"MWWSSB.rpt",""
HAS_FLOW,"My_San_1.rpt",""
HAS_FLOW,"N-2TEST.rpt",""
HAS_FLOW,"NC1.rpt",""
HAS_FLOW,"NE.rpt",""
HAS_FLOW,"NEWPOLLY.rpt",""
HAS_FLOW,"NORTH.rpt",""
HAS_FLOW,"NORTH32.rpt",""
HAS_FLOW,"NORTH35.rpt",""
HAS_FLOW,"NRH_TRY.rpt",""
HAS_FLOW,"Ncb-m1a1.rpt",""
HAS_FLOW,"Neworifice2.rpt",""
HAS_FLOW,"North1.rpt",""
HAS_FLOW,"Nrh_try7.rpt",""
HAS_FLOW,"ORIFICE2.rpt",""
HAS_FLOW,"PETERKO.rpt",""
HAS_FLOW,"PLYDRY.rpt",""
HAS_FLOW,"PLYWET2.rpt",""
HAS_FLOW,"PLYWET2_v1.13506e-305.rpt",""
HAS_FLOW,"PLYWET2_v1.13506e-305_v1.41505e-305.rpt",""
HAS_FLOW,"PROJALL2.rpt",""
HAS_FLOW,"PROJALL6.rpt",""
HAS_FLOW,"PUMPDEEP.rpt",""
HAS_FLOW,"PUMPVH.rpt",""
HAS_FLOW,"PUMPWELL.rpt",""
HAS_FLOW,"Projtest.rpt",""
HAS_FLOW,"Pumpprob.rpt",""
HAS_FLOW,"RAW1.rpt",""
HAS_FLOW,"RAW1A.rpt",""
HAS_FLOW,"RAW1B.rpt",""
HAS_FLOW,"RAW1SM.rpt",""
HAS_FLOW,"RAW2.rpt",""
HAS_FLOW,"RAW2BOB.rpt",""
HAS_FLOW,"RAW3.rpt",""
HAS_FLOW,"RAW3A.rpt",""
HAS_FLOW,"REG23_1Y.rpt",""
HAS_FLOW,"REG8A.rpt",""
HAS_FLOW,"RIALTO.rpt",""
HAS_FLOW,"RIALTO1.rpt",""
HAS_FLOW,"RIALTO2.rpt",""
HAS_FLOW,"ROUTE.rpt",""
HAS_FLOW,"RTCdia.rpt",""
HAS_FLOW,"RTCpump.rpt",""
HAS_FLOW,"RUDSYP1.rpt",""
HAS_FLOW,"RUDSYP1_v2.23.rpt",""
HAS_FLOW,"Rec_Plan.xp.rpt",""
HAS_FLOW,"SB-DAM25.rpt",""
HAS_FLOW,"SIMPLE.rpt",""
HAS_FLOW,"SM2.rpt",""
HAS_FLOW,"SM3.rpt",""
HAS_FLOW,"SMR1A.rpt",""
HAS_FLOW,"SSO_SMPL.rpt",""
HAS_FLOW,"STEADY.rpt",""
HAS_FLOW,"STRICT.rpt",""
HAS_FLOW,"SW28I12.rpt",""
HAS_FLOW,"SWANWET2.rpt",""
HAS_FLOW,"SWANWET2_v2.2.rpt",""
HAS_FLOW,"SYSTEM.rpt",""
HAS_FLOW,"SYSTEM06.rpt",""
HAS_FLOW,"SYSTEM_v5.1.rpt",""
HAS_FLOW,"Session8_Yarra8.rpt",""
HAS_FLOW,"Sm22.rpt",""
HAS_FLOW,"Sm4.rpt",""
HAS_FLOW,"Sprenger.rpt",""
HAS_FLOW,"T10VALVE.rpt",""
HAS_FLOW,"T11VALVE.rpt",""
HAS_FLOW,"T1204_24.rpt",""
HAS_FLOW,"T12VALVE.rpt",""
HAS_FLOW,"T13VALVE.rpt",""
HAS_FLOW,"T14VALVE.rpt",""
HAS_FLOW,"T15VALVE.rpt",""
HAS_FLOW,"T1VALVE.rpt",""
HAS_FLOW,"T5VALVE.rpt",""
HAS_FLOW,"TAK.rpt",""
HAS_FLOW,"TAMPA.rpt",""
HAS_FLOW,"TEST1-44.rpt",""
HAS_FLOW,"TNL03C.rpt",""
HAS_FLOW,"TOT14.rpt",""
HAS_FLOW,"TREAT1.rpt",""
HAS_FLOW,"TREVOR.rpt",""
HAS_FLOW,"TSE3.rpt",""
HAS_FLOW,"TSE33.rpt",""
HAS_FLOW,"TSE3_v1.01.rpt",""
HAS_FLOW,"TestVar.rpt",""
HAS_FLOW,"TestVar3.rpt",""
HAS_FLOW,"Trevor1.rpt",""
HAS_FLOW,"UMACORR.rpt",""
HAS_FLOW,"UOFL.rpt",""
HAS_FLOW,"UPDATED.rpt",""
HAS_FLOW,"UpperModel 100yr 10day.rpt",""
HAS_FLOW,"VALVE2.rpt",""
HAS_FLOW,"VALVE2A.rpt",""
HAS_FLOW,"VALVE3.rpt",""
HAS_FLOW,"VALVE3A.rpt",""
HAS_FLOW,"VALVE5.rpt",""
HAS_FLOW,"VALVE5A.rpt",""
HAS_FLOW,"VQFEB95.rpt",""
HAS_FLOW,"WC.rpt",""
HAS_FLOW,"WEIR1.rpt",""
HAS_FLOW,"WINDBACK.rpt",""
HAS_FLOW,"WINDSOR.rpt",""
HAS_FLOW,"WINDSOR1.rpt",""
HAS_FLOW,"WQTESTA.rpt",""
HAS_FLOW,"Wtp0008.rpt",""
HAS_FLOW,"XC12_11.rpt",""
HAS_FLOW,"XCG.rpt",""
HAS_FLOW,"XPTEST.rpt",""
HAS_FLOW,"XPTEST1.rpt",""
HAS_FLOW,"alcosan1.rpt",""
HAS_FLOW,"alcosan1_v10.rpt",""
HAS_FLOW,"avgpond.rpt",""
HAS_FLOW,"base_weirs-1yr-x.rpt",""
HAS_FLOW,"basic3a.rpt",""
HAS_FLOW,"chekorif.rpt",""
HAS_FLOW,"e91599r.rpt",""
HAS_FLOW,"escs3.rpt",""
HAS_FLOW,"flume.rpt",""
HAS_FLOW,"french drain1.rpt",""
HAS_FLOW,"mod62.rpt",""
HAS_FLOW,"mod62_v6.rpt",""
HAS_FLOW,"mod63.rpt",""
HAS_FLOW,"mod63_v5.3.rpt",""
HAS_FLOW,"mod67.rpt",""
HAS_FLOW,"mod67A.rpt",""
HAS_FLOW,"mod67B.rpt",""
HAS_FLOW,"mod67C.rpt",""
HAS_FLOW,"mod67_v6.rpt",""
HAS_FLOW,"mod93.rpt",""
HAS_FLOW,"orfsmall.rpt",""
HAS_FLOW,"orfsmall_v5.3.rpt",""
HAS_FLOW,"pmpwell.rpt",""
HAS_FLOW,"pumpbyq.rpt",""
HAS_FLOW,"remote_depth_controlled_pump.rpt",""
HAS_FLOW,"remote_depth_controlled_pump_v14.1.rpt",""
HAS_FLOW,"saline.rpt",""
HAS_FLOW,"salmon_restoration.rpt",""
HAS_FLOW,"shktest.rpt",""
HAS_FLOW,"strict1.rpt",""
HAS_FLOW,"t1new.rpt",""
HAS_FLOW,"t1old.rpt",""
HAS_FLOW,"troyer.rpt",""
HAS_FLOW,"tstmgd.rpt",""
HAS_FLOW,"tunnel-1yr.rpt",""
HAS_FLOW,"varver1.rpt",""
HAS_FLOW,"whole_model.rpt",""
NO_INFLOW_SOURCES,"01WET.rpt","runoff off + zero DWF/GW/RDII/external inflow (conversion carried no inflow data)"
NO_INFLOW_SOURCES,"0308.rpt","runoff off + zero DWF/GW/RDII/external inflow (conversion carried no inflow data)"
NO_INFLOW_SOURCES,"031000.rpt","runoff off + zero DWF/GW/RDII/external inflow (conversion carried no inflow data)"
NO_INFLOW_SOURCES,"031000_v6.rpt","runoff off + zero DWF/GW/RDII/external inflow (conversion carried no inflow data)"
NO_INFLOW_SOURCES,"0619.rpt","runoff off + zero DWF/GW/RDII/external inflow (conversion carried no inflow data)"
NO_INFLOW_SOURCES,"072798.rpt","runoff off + zero DWF/GW/RDII/external inflow (conversion carried no inflow data)"
NO_INFLOW_SOURCES,"10-exist1.rpt","runoff off + zero DWF/GW/RDII/external inflow (conversion carried no inflow data)"
NO_INFLOW_SOURCES,"100-12.rpt","runoff off + zero DWF/GW/RDII/external inflow (conversion carried no inflow data)"
NO_INFLOW_SOURCES,"100-12I.rpt","runoff off + zero DWF/GW/RDII/external inflow (conversion carried no inflow data)"
NO_INFLOW_SOURCES,"100-12r.rpt","runoff off + zero DWF/GW/RDII/external inflow (conversion carried no inflow data)"
NO_INFLOW_SOURCES,"100Y.rpt","runoff off + zero DWF/GW/RDII/external inflow (conversion carried no inflow data)"
NO_INFLOW_SOURCES,"100YR.rpt","runoff off + zero DWF/GW/RDII/external inflow (conversion carried no inflow data)"
NO_INFLOW_SOURCES,"100_minn_low_lev10rev.rpt","runoff off + zero DWF/GW/RDII/external inflow (conversion carried no inflow data)"
NO_INFLOW_SOURCES,"100y8h.rpt","runoff off + zero DWF/GW/RDII/external inflow (conversion carried no inflow data)"
NO_INFLOW_SOURCES,"100yr24hr_prop.rpt","runoff off + zero DWF/GW/RDII/external inflow (conversion carried no inflow data)"
NO_INFLOW_SOURCES,"100yrhec1.rpt","runoff off + zero DWF/GW/RDII/external inflow (conversion carried no inflow data)"
NO_INFLOW_SOURCES,"100yrpphec1.rpt","runoff off + zero DWF/GW/RDII/external inflow (conversion carried no inflow data)"
NO_INFLOW_SOURCES,"100yrpphec1_test1.rpt","runoff off + zero DWF/GW/RDII/external inflow (conversion carried no inflow data)"
NO_INFLOW_SOURCES,"1019.rpt","runoff off + zero DWF/GW/RDII/external inflow (conversion carried no inflow data)"
NO_INFLOW_SOURCES,"1019A.rpt","runoff off + zero DWF/GW/RDII/external inflow (conversion carried no inflow data)"
NO_INFLOW_SOURCES,"1019taa re5yr cselrev.rpt","runoff off + zero DWF/GW/RDII/external inflow (conversion carried no inflow data)"
NO_INFLOW_SOURCES,"10POLUTE.rpt","runoff off + zero DWF/GW/RDII/external inflow (conversion carried no inflow data)"
NO_INFLOW_SOURCES,"10WS_1DS.rpt","runoff off + zero DWF/GW/RDII/external inflow (conversion carried no inflow data)"
NO_INFLOW_SOURCES,"10YR.rpt","runoff off + zero DWF/GW/RDII/external inflow (conversion carried no inflow data)"
NO_INFLOW_SOURCES,"10YR1314.rpt","runoff off + zero DWF/GW/RDII/external inflow (conversion carried no inflow data)"
NO_INFLOW_SOURCES,"10YR15.rpt","runoff off + zero DWF/GW/RDII/external inflow (conversion carried no inflow data)"
NO_INFLOW_SOURCES,"10YRTUNL.rpt","runoff off + zero DWF/GW/RDII/external inflow (conversion carried no inflow data)"
NO_INFLOW_SOURCES,"11-09NL.rpt","runoff off + zero DWF/GW/RDII/external inflow (conversion carried no inflow data)"
NO_INFLOW_SOURCES,"11411-1.rpt","runoff off + zero DWF/GW/RDII/external inflow (conversion carried no inflow data)"
NO_INFLOW_SOURCES,"11411-1A.rpt","runoff off + zero DWF/GW/RDII/external inflow (conversion carried no inflow data)"
NO_INFLOW_SOURCES,"11411-2.rpt","runoff off + zero DWF/GW/RDII/external inflow (conversion carried no inflow data)"
NO_INFLOW_SOURCES,"1226.rpt","runoff off + zero DWF/GW/RDII/external inflow (conversion carried no inflow data)"
NO_INFLOW_SOURCES,"1226_v2.04.rpt","runoff off + zero DWF/GW/RDII/external inflow (conversion carried no inflow data)"
NO_INFLOW_SOURCES,"1D Model.rpt","runoff off + zero DWF/GW/RDII/external inflow (conversion carried no inflow data)"
NO_INFLOW_SOURCES,"1D-2D_River_starter.rpt","runoff off + zero DWF/GW/RDII/external inflow (conversion carried no inflow data)"
NO_INFLOW_SOURCES,"1D-2D_Urban_Flood_Pond_m.rpt","runoff off + zero DWF/GW/RDII/external inflow (conversion carried no inflow data)"
NO_INFLOW_SOURCES,"1D-2D_Urban_Flood_buildings_m.rpt","runoff off + zero DWF/GW/RDII/external inflow (conversion carried no inflow data)"
NO_INFLOW_SOURCES,"1D-2D_Urban_Flood_m.rpt","runoff off + zero DWF/GW/RDII/external inflow (conversion carried no inflow data)"
NO_INFLOW_SOURCES,"1D-2D_Urban_Rain_Grid_m.rpt","runoff off + zero DWF/GW/RDII/external inflow (conversion carried no inflow data)"
NO_INFLOW_SOURCES,"1D2D_Urban_completed.rpt","runoff off + zero DWF/GW/RDII/external inflow (conversion carried no inflow data)"
NO_INFLOW_SOURCES,"1D2D_Urban_completed_buildings.rpt","runoff off + zero DWF/GW/RDII/external inflow (conversion carried no inflow data)"
NO_INFLOW_SOURCES,"1D2D_Urban_completed_buildings_Pond_mitigation.rpt","runoff off + zero DWF/GW/RDII/external inflow (conversion carried no inflow data)"
NO_INFLOW_SOURCES,"1D2D_Urban_starter_model.rpt","runoff off + zero DWF/GW/RDII/external inflow (conversion carried no inflow data)"
NO_INFLOW_SOURCES,"1N40.rpt","runoff off + zero DWF/GW/RDII/external inflow (conversion carried no inflow data)"
NO_INFLOW_SOURCES,"1NS-HCAICE.rpt","runoff off + zero DWF/GW/RDII/external inflow (conversion carried no inflow data)"
NO_INFLOW_SOURCES,"1NwNPS2100yr.rpt","runoff off + zero DWF/GW/RDII/external inflow (conversion carried no inflow data)"
NO_INFLOW_SOURCES,"1SedimentPond.rpt","runoff off + zero DWF/GW/RDII/external inflow (conversion carried no inflow data)"
NO_INFLOW_SOURCES,"2-hyd-1.rpt","runoff off + zero DWF/GW/RDII/external inflow (conversion carried no inflow data)"
NO_INFLOW_SOURCES,"2-hyd-2.rpt","runoff off + zero DWF/GW/RDII/external inflow (conversion carried no inflow data)"
NO_INFLOW_SOURCES,"2-st-1.rpt","runoff off + zero DWF/GW/RDII/external inflow (conversion carried no inflow data)"
NO_INFLOW_SOURCES,"2-st-2.rpt","runoff off + zero DWF/GW/RDII/external inflow (conversion carried no inflow data)"
NO_INFLOW_SOURCES,"23307100.rpt","runoff off + zero DWF/GW/RDII/external inflow (conversion carried no inflow data)"
NO_INFLOW_SOURCES,"25PSTDV11.rpt","runoff off + zero DWF/GW/RDII/external inflow (conversion carried no inflow data)"
NO_INFLOW_SOURCES,"25PSTDV12.rpt","runoff off + zero DWF/GW/RDII/external inflow (conversion carried no inflow data)"
NO_INFLOW_SOURCES,"25yrpphec1_test1.rpt","runoff off + zero DWF/GW/RDII/external inflow (conversion carried no inflow data)"
NO_INFLOW_SOURCES,"29STREET.rpt","runoff off + zero DWF/GW/RDII/external inflow (conversion carried no inflow data)"
NO_INFLOW_SOURCES,"29STREET_v1.01.rpt","runoff off + zero DWF/GW/RDII/external inflow (conversion carried no inflow data)"
NO_INFLOW_SOURCES,"29STREET_v1.01_v1.01.rpt","runoff off + zero DWF/GW/RDII/external inflow (conversion carried no inflow data)"
NO_INFLOW_SOURCES,"2E-v1.rpt","runoff off + zero DWF/GW/RDII/external inflow (conversion carried no inflow data)"
NO_INFLOW_SOURCES,"2OWSH2.rpt","runoff off + zero DWF/GW/RDII/external inflow (conversion carried no inflow data)"
NO_INFLOW_SOURCES,"3YEAR.rpt","runoff off + zero DWF/GW/RDII/external inflow (conversion carried no inflow data)"
NO_INFLOW_SOURCES,"414.rpt","runoff off + zero DWF/GW/RDII/external inflow (conversion carried no inflow data)"
NO_INFLOW_SOURCES,"414BOB.rpt","runoff off + zero DWF/GW/RDII/external inflow (conversion carried no inflow data)"
NO_INFLOW_SOURCES,"414FF.rpt","runoff off + zero DWF/GW/RDII/external inflow (conversion carried no inflow data)"
NO_INFLOW_SOURCES,"414S.rpt","runoff off + zero DWF/GW/RDII/external inflow (conversion carried no inflow data)"
NO_INFLOW_SOURCES,"414a.rpt","runoff off + zero DWF/GW/RDII/external inflow (conversion carried no inflow data)"
NO_INFLOW_SOURCES,"414b.rpt","runoff off + zero DWF/GW/RDII/external inflow (conversion carried no inflow data)"
NO_INFLOW_SOURCES,"414c.rpt","runoff off + zero DWF/GW/RDII/external inflow (conversion carried no inflow data)"
NO_INFLOW_SOURCES,"414ss.rpt","runoff off + zero DWF/GW/RDII/external inflow (conversion carried no inflow data)"
NO_INFLOW_SOURCES,"418T2D1.rpt","runoff off + zero DWF/GW/RDII/external inflow (conversion carried no inflow data)"
NO_INFLOW_SOURCES,"422T2D1.rpt","runoff off + zero DWF/GW/RDII/external inflow (conversion carried no inflow data)"
NO_INFLOW_SOURCES,"428T2D1.rpt","runoff off + zero DWF/GW/RDII/external inflow (conversion carried no inflow data)"
NO_INFLOW_SOURCES,"4A.rpt","runoff off + zero DWF/GW/RDII/external inflow (conversion carried no inflow data)"
NO_INFLOW_SOURCES,"50yrpphec1_test1.rpt","runoff off + zero DWF/GW/RDII/external inflow (conversion carried no inflow data)"
NO_INFLOW_SOURCES,"58301.rpt","runoff off + zero DWF/GW/RDII/external inflow (conversion carried no inflow data)"
NO_INFLOW_SOURCES,"583011.rpt","runoff off + zero DWF/GW/RDII/external inflow (conversion carried no inflow data)"
NO_INFLOW_SOURCES,"583012.rpt","runoff off + zero DWF/GW/RDII/external inflow (conversion carried no inflow data)"
NO_INFLOW_SOURCES,"583013.rpt","runoff off + zero DWF/GW/RDII/external inflow (conversion carried no inflow data)"
NO_INFLOW_SOURCES,"59th_100i.rpt","runoff off + zero DWF/GW/RDII/external inflow (conversion carried no inflow data)"
NO_INFLOW_SOURCES,"59th_10e.rpt","runoff off + zero DWF/GW/RDII/external inflow (conversion carried no inflow data)"
NO_INFLOW_SOURCES,"59th_10i.rpt","runoff off + zero DWF/GW/RDII/external inflow (conversion carried no inflow data)"
NO_INFLOW_SOURCES,"5N20.rpt","runoff off + zero DWF/GW/RDII/external inflow (conversion carried no inflow data)"
NO_INFLOW_SOURCES,"5N20_v1.01.rpt","runoff off + zero DWF/GW/RDII/external inflow (conversion carried no inflow data)"
NO_INFLOW_SOURCES,"6MO-WWF.rpt","runoff off + zero DWF/GW/RDII/external inflow (conversion carried no inflow data)"
NO_INFLOW_SOURCES,"6_FARM.rpt","runoff off + zero DWF/GW/RDII/external inflow (conversion carried no inflow data)"
NO_INFLOW_SOURCES,"721IP.rpt","runoff off + zero DWF/GW/RDII/external inflow (conversion carried no inflow data)"
NO_INFLOW_SOURCES,"77DENISC.rpt","runoff off + zero DWF/GW/RDII/external inflow (conversion carried no inflow data)"
NO_INFLOW_SOURCES,"77SPMAPR.rpt","runoff off + zero DWF/GW/RDII/external inflow (conversion carried no inflow data)"
NO_INFLOW_SOURCES,"77denisD.rpt","runoff off + zero DWF/GW/RDII/external inflow (conversion carried no inflow data)"
NO_INFLOW_SOURCES,"77denisa.rpt","runoff off + zero DWF/GW/RDII/external inflow (conversion carried no inflow data)"
NO_INFLOW_SOURCES,"7WST1.rpt","runoff off + zero DWF/GW/RDII/external inflow (conversion carried no inflow data)"
NO_INFLOW_SOURCES,"8_link.rpt","runoff off + zero DWF/GW/RDII/external inflow (conversion carried no inflow data)"
NO_INFLOW_SOURCES,"97SEP.rpt","runoff off + zero DWF/GW/RDII/external inflow (conversion carried no inflow data)"
NO_INFLOW_SOURCES,"98058hec1.rpt","runoff off + zero DWF/GW/RDII/external inflow (conversion carried no inflow data)"
NO_INFLOW_SOURCES,"98058pr1-nn.rpt","runoff off + zero DWF/GW/RDII/external inflow (conversion carried no inflow data)"
NO_INFLOW_SOURCES,"AB.rpt","runoff off + zero DWF/GW/RDII/external inflow (conversion carried no inflow data)"
NO_INFLOW_SOURCES,"ADSENV.rpt","runoff off + zero DWF/GW/RDII/external inflow (conversion carried no inflow data)"
NO_INFLOW_SOURCES,"AGANDE.rpt","runoff off + zero DWF/GW/RDII/external inflow (conversion carried no inflow data)"
NO_INFLOW_SOURCES,"ALEN10A5.rpt","runoff off + zero DWF/GW/RDII/external inflow (conversion carried no inflow data)"
NO_INFLOW_SOURCES,"ALEN10A7.rpt","runoff off + zero DWF/GW/RDII/external inflow (conversion carried no inflow data)"
NO_INFLOW_SOURCES,"ALENNEW1.rpt","runoff off + zero DWF/GW/RDII/external inflow (conversion carried no inflow data)"
NO_INFLOW_SOURCES,"ALENSMLL.rpt","runoff off + zero DWF/GW/RDII/external inflow (conversion carried no inflow data)"
NO_INFLOW_SOURCES,"ALL3LAY.rpt","runoff off + zero DWF/GW/RDII/external inflow (conversion carried no inflow data)"
NO_INFLOW_SOURCES,"ALL3LAYERS.rpt","runoff off + zero DWF/GW/RDII/external inflow (conversion carried no inflow data)"
NO_INFLOW_SOURCES,"ALL3MET.rpt","runoff off + zero DWF/GW/RDII/external inflow (conversion carried no inflow data)"
NO_INFLOW_SOURCES,"ALLAN.rpt","runoff off + zero DWF/GW/RDII/external inflow (conversion carried no inflow data)"
NO_INFLOW_SOURCES,"ALLEN.rpt","runoff off + zero DWF/GW/RDII/external inflow (conversion carried no inflow data)"
NO_INFLOW_SOURCES,"ALLEN1.rpt","runoff off + zero DWF/GW/RDII/external inflow (conversion carried no inflow data)"
NO_INFLOW_SOURCES,"ALLENS.rpt","runoff off + zero DWF/GW/RDII/external inflow (conversion carried no inflow data)"
NO_INFLOW_SOURCES,"ALLORF.rpt","runoff off + zero DWF/GW/RDII/external inflow (conversion carried no inflow data)"
NO_INFLOW_SOURCES,"ALLRUN.rpt","runoff off + zero DWF/GW/RDII/external inflow (conversion carried no inflow data)"
NO_INFLOW_SOURCES,"ALLTUT6.rpt","runoff off + zero DWF/GW/RDII/external inflow (conversion carried no inflow data)"
NO_INFLOW_SOURCES,"ALLTUT6A.rpt","runoff off + zero DWF/GW/RDII/external inflow (conversion carried no inflow data)"
NO_INFLOW_SOURCES,"ALLTUT7.rpt","runoff off + zero DWF/GW/RDII/external inflow (conversion carried no inflow data)"
NO_INFLOW_SOURCES,"ALLTUT7A.rpt","runoff off + zero DWF/GW/RDII/external inflow (conversion carried no inflow data)"
NO_INFLOW_SOURCES,"ALLTUT8.rpt","runoff off + zero DWF/GW/RDII/external inflow (conversion carried no inflow data)"
NO_INFLOW_SOURCES,"ALLTUT81.rpt","runoff off + zero DWF/GW/RDII/external inflow (conversion carried no inflow data)"
NO_INFLOW_SOURCES,"ALLTUT82.rpt","runoff off + zero DWF/GW/RDII/external inflow (conversion carried no inflow data)"
NO_INFLOW_SOURCES,"ALLTUT83.rpt","runoff off + zero DWF/GW/RDII/external inflow (conversion carried no inflow data)"
NO_INFLOW_SOURCES,"ALLTUT84.rpt","runoff off + zero DWF/GW/RDII/external inflow (conversion carried no inflow data)"
NO_INFLOW_SOURCES,"ALLTUT85.rpt","runoff off + zero DWF/GW/RDII/external inflow (conversion carried no inflow data)"
NO_INFLOW_SOURCES,"ALLTUT86.rpt","runoff off + zero DWF/GW/RDII/external inflow (conversion carried no inflow data)"
NO_INFLOW_SOURCES,"ALLTUT87.rpt","runoff off + zero DWF/GW/RDII/external inflow (conversion carried no inflow data)"
NO_INFLOW_SOURCES,"ALLTUT88.rpt","runoff off + zero DWF/GW/RDII/external inflow (conversion carried no inflow data)"
NO_INFLOW_SOURCES,"ALLTUT89.rpt","runoff off + zero DWF/GW/RDII/external inflow (conversion carried no inflow data)"
NO_INFLOW_SOURCES,"ALLTUT8A.rpt","runoff off + zero DWF/GW/RDII/external inflow (conversion carried no inflow data)"
NO_INFLOW_SOURCES,"ALLTUT8B.rpt","runoff off + zero DWF/GW/RDII/external inflow (conversion carried no inflow data)"
NO_INFLOW_SOURCES,"ALLTUT8C.rpt","runoff off + zero DWF/GW/RDII/external inflow (conversion carried no inflow data)"
NO_INFLOW_SOURCES,"ALLWEIR.rpt","runoff off + zero DWF/GW/RDII/external inflow (conversion carried no inflow data)"
NO_INFLOW_SOURCES,"ALT1.rpt","runoff off + zero DWF/GW/RDII/external inflow (conversion carried no inflow data)"
NO_INFLOW_SOURCES,"ALT2.rpt","runoff off + zero DWF/GW/RDII/external inflow (conversion carried no inflow data)"
NO_INFLOW_SOURCES,"ALT3.rpt","runoff off + zero DWF/GW/RDII/external inflow (conversion carried no inflow data)"
NO_INFLOW_SOURCES,"ALVISO.rpt","runoff off + zero DWF/GW/RDII/external inflow (conversion carried no inflow data)"
NO_INFLOW_SOURCES,"ANGELOS.rpt","runoff off + zero DWF/GW/RDII/external inflow (conversion carried no inflow data)"
NO_INFLOW_SOURCES,"AREA91.rpt","runoff off + zero DWF/GW/RDII/external inflow (conversion carried no inflow data)"
NO_INFLOW_SOURCES,"ARTEST2.rpt","runoff off + zero DWF/GW/RDII/external inflow (conversion carried no inflow data)"
NO_INFLOW_SOURCES,"ATTEN.rpt","runoff off + zero DWF/GW/RDII/external inflow (conversion carried no inflow data)"
NO_INFLOW_SOURCES,"ATTENA.rpt","runoff off + zero DWF/GW/RDII/external inflow (conversion carried no inflow data)"
NO_INFLOW_SOURCES,"ATTENA1.rpt","runoff off + zero DWF/GW/RDII/external inflow (conversion carried no inflow data)"
NO_INFLOW_SOURCES,"ATTENT.rpt","runoff off + zero DWF/GW/RDII/external inflow (conversion carried no inflow data)"
NO_INFLOW_SOURCES,"AUG5TO8.rpt","runoff off + zero DWF/GW/RDII/external inflow (conversion carried no inflow data)"
NO_INFLOW_SOURCES,"A_layoutdemo.rpt","runoff off + zero DWF/GW/RDII/external inflow (conversion carried no inflow data)"
NO_INFLOW_SOURCES,"A_layoutdemo_v18.1.rpt","runoff off + zero DWF/GW/RDII/external inflow (conversion carried no inflow data)"
NO_INFLOW_SOURCES,"Alt1asa.rpt","runoff off + zero DWF/GW/RDII/external inflow (conversion carried no inflow data)"
NO_INFLOW_SOURCES,"Alt2a.rpt","runoff off + zero DWF/GW/RDII/external inflow (conversion carried no inflow data)"
NO_INFLOW_SOURCES,"B15CWRD.rpt","runoff off + zero DWF/GW/RDII/external inflow (conversion carried no inflow data)"
NO_INFLOW_SOURCES,"B1F-D-PA.rpt","runoff off + zero DWF/GW/RDII/external inflow (conversion carried no inflow data)"
NO_INFLOW_SOURCES,"BACKT.rpt","runoff off + zero DWF/GW/RDII/external inflow (conversion carried no inflow data)"
NO_INFLOW_SOURCES,"BASIC2.rpt","runoff off + zero DWF/GW/RDII/external inflow (conversion carried no inflow data)"
NO_INFLOW_SOURCES,"BASICWQ5.rpt","runoff off + zero DWF/GW/RDII/external inflow (conversion carried no inflow data)"
NO_INFLOW_SOURCES,"BASIN.rpt","runoff off + zero DWF/GW/RDII/external inflow (conversion carried no inflow data)"
NO_INFLOW_SOURCES,"BASKET.rpt","runoff off + zero DWF/GW/RDII/external inflow (conversion carried no inflow data)"
NO_INFLOW_SOURCES,"BAYOUC.rpt","runoff off + zero DWF/GW/RDII/external inflow (conversion carried no inflow data)"
NO_INFLOW_SOURCES,"BB1.rpt","runoff off + zero DWF/GW/RDII/external inflow (conversion carried no inflow data)"
NO_INFLOW_SOURCES,"BCUPPER.rpt","runoff off + zero DWF/GW/RDII/external inflow (conversion carried no inflow data)"
NO_INFLOW_SOURCES,"BENDING.rpt","runoff off + zero DWF/GW/RDII/external inflow (conversion carried no inflow data)"
NO_INFLOW_SOURCES,"BETARE.rpt","runoff off + zero DWF/GW/RDII/external inflow (conversion carried no inflow data)"
NO_INFLOW_SOURCES,"BETARTE.rpt","runoff off + zero DWF/GW/RDII/external inflow (conversion carried no inflow data)"
NO_INFLOW_SOURCES,"BIGDROP1.rpt","runoff off + zero DWF/GW/RDII/external inflow (conversion carried no inflow data)"
NO_INFLOW_SOURCES,"BLAKE.rpt","runoff off + zero DWF/GW/RDII/external inflow (conversion carried no inflow data)"
NO_INFLOW_SOURCES,"BOB.rpt","runoff off + zero DWF/GW/RDII/external inflow (conversion carried no inflow data)"
NO_INFLOW_SOURCES,"BOBSCS.rpt","runoff off + zero DWF/GW/RDII/external inflow (conversion carried no inflow data)"
NO_INFLOW_SOURCES,"BOXP2.rpt","runoff off + zero DWF/GW/RDII/external inflow (conversion carried no inflow data)"
NO_INFLOW_SOURCES,"BOXP2_v2.2.rpt","runoff off + zero DWF/GW/RDII/external inflow (conversion carried no inflow data)"
NO_INFLOW_SOURCES,"BROWNEW1.rpt","runoff off + zero DWF/GW/RDII/external inflow (conversion carried no inflow data)"
NO_INFLOW_SOURCES,"BROWNEW2.rpt","runoff off + zero DWF/GW/RDII/external inflow (conversion carried no inflow data)"
NO_INFLOW_SOURCES,"BUG1.rpt","runoff off + zero DWF/GW/RDII/external inflow (conversion carried no inflow data)"
NO_INFLOW_SOURCES,"Bendable.rpt","runoff off + zero DWF/GW/RDII/external inflow (conversion carried no inflow data)"
NO_INFLOW_SOURCES,"C-1-100Y-1175_ST10_D_cdm.rpt","runoff off + zero DWF/GW/RDII/external inflow (conversion carried no inflow data)"
NO_INFLOW_SOURCES,"C-1-100Y-1175_ST10_F_D_cdm.rpt","runoff off + zero DWF/GW/RDII/external inflow (conversion carried no inflow data)"
NO_INFLOW_SOURCES,"C-1-75-SYNTH_B_newcdm.rpt","runoff off + zero DWF/GW/RDII/external inflow (conversion carried no inflow data)"
NO_INFLOW_SOURCES,"C-1-75-SYNTH_F_B_newcdm_newcdm_cdm.rpt","runoff off + zero DWF/GW/RDII/external inflow (conversion carried no inflow data)"
NO_INFLOW_SOURCES,"C-102-6-.rpt","runoff off + zero DWF/GW/RDII/external inflow (conversion carried no inflow data)"
NO_INFLOW_SOURCES,"C-102C0N.rpt","runoff off + zero DWF/GW/RDII/external inflow (conversion carried no inflow data)"
NO_INFLOW_SOURCES,"C102-100Y_1400m_F_2_cdm.rpt","runoff off + zero DWF/GW/RDII/external inflow (conversion carried no inflow data)"
NO_INFLOW_SOURCES,"C102-100y-2.rpt","runoff off + zero DWF/GW/RDII/external inflow (conversion carried no inflow data)"
NO_INFLOW_SOURCES,"C102_75_SYNTH-2_cdm.rpt","runoff off + zero DWF/GW/RDII/external inflow (conversion carried no inflow data)"
NO_INFLOW_SOURCES,"C102_75_SYNTH_F_2_cdm.rpt","runoff off + zero DWF/GW/RDII/external inflow (conversion carried no inflow data)"
NO_INFLOW_SOURCES,"C103-FC-.rpt","runoff off + zero DWF/GW/RDII/external inflow (conversion carried no inflow data)"
NO_INFLOW_SOURCES,"C103-FC-NC_100Y_1279m_cdm.rpt","runoff off + zero DWF/GW/RDII/external inflow (conversion carried no inflow data)"
NO_INFLOW_SOURCES,"C103_100Y_72H_cdm.rpt","runoff off + zero DWF/GW/RDII/external inflow (conversion carried no inflow data)"
NO_INFLOW_SOURCES,"C103_FC_NC_75_SYNTH_F_cdm.rpt","runoff off + zero DWF/GW/RDII/external inflow (conversion carried no inflow data)"
NO_INFLOW_SOURCES,"C103_FC_NC_75_SYNTH_cdm.rpt","runoff off + zero DWF/GW/RDII/external inflow (conversion carried no inflow data)"
NO_INFLOW_SOURCES,"C240004.rpt","runoff off + zero DWF/GW/RDII/external inflow (conversion carried no inflow data)"
NO_INFLOW_SOURCES,"C240004X.rpt","runoff off + zero DWF/GW/RDII/external inflow (conversion carried no inflow data)"
NO_INFLOW_SOURCES,"C240004Y.rpt","runoff off + zero DWF/GW/RDII/external inflow (conversion carried no inflow data)"
NO_INFLOW_SOURCES,"C24BOB1.rpt","runoff off + zero DWF/GW/RDII/external inflow (conversion carried no inflow data)"
NO_INFLOW_SOURCES,"C24BOB2.rpt","runoff off + zero DWF/GW/RDII/external inflow (conversion carried no inflow data)"
NO_INFLOW_SOURCES,"C24BOBNO.rpt","runoff off + zero DWF/GW/RDII/external inflow (conversion carried no inflow data)"
NO_INFLOW_SOURCES,"C24BOBS1.rpt","runoff off + zero DWF/GW/RDII/external inflow (conversion carried no inflow data)"
NO_INFLOW_SOURCES,"C24BOBS2.rpt","runoff off + zero DWF/GW/RDII/external inflow (conversion carried no inflow data)"
NO_INFLOW_SOURCES,"C24BOBSI.rpt","runoff off + zero DWF/GW/RDII/external inflow (conversion carried no inflow data)"
NO_INFLOW_SOURCES,"C24BOBTR.rpt","runoff off + zero DWF/GW/RDII/external inflow (conversion carried no inflow data)"
NO_INFLOW_SOURCES,"C24BOBX.rpt","runoff off + zero DWF/GW/RDII/external inflow (conversion carried no inflow data)"
NO_INFLOW_SOURCES,"C24bob.rpt","runoff off + zero DWF/GW/RDII/external inflow (conversion carried no inflow data)"
NO_INFLOW_SOURCES,"C24boby.rpt","runoff off + zero DWF/GW/RDII/external inflow (conversion carried no inflow data)"
NO_INFLOW_SOURCES,"C7-100_2.rpt","runoff off + zero DWF/GW/RDII/external inflow (conversion carried no inflow data)"
NO_INFLOW_SOURCES,"C7_WQ.rpt","runoff off + zero DWF/GW/RDII/external inflow (conversion carried no inflow data)"
NO_INFLOW_SOURCES,"C7_WQ1.rpt","runoff off + zero DWF/GW/RDII/external inflow (conversion carried no inflow data)"
NO_INFLOW_SOURCES,"C7_WQ2.rpt","runoff off + zero DWF/GW/RDII/external inflow (conversion carried no inflow data)"
NO_INFLOW_SOURCES,"C7_WQ3.rpt","runoff off + zero DWF/GW/RDII/external inflow (conversion carried no inflow data)"
NO_INFLOW_SOURCES,"C7_WQA.rpt","runoff off + zero DWF/GW/RDII/external inflow (conversion carried no inflow data)"
NO_INFLOW_SOURCES,"C7_wqa1.rpt","runoff off + zero DWF/GW/RDII/external inflow (conversion carried no inflow data)"
NO_INFLOW_SOURCES,"C8FREE.rpt","runoff off + zero DWF/GW/RDII/external inflow (conversion carried no inflow data)"
NO_INFLOW_SOURCES,"C8SMALL.rpt","runoff off + zero DWF/GW/RDII/external inflow (conversion carried no inflow data)"
NO_INFLOW_SOURCES,"C8_100.rpt","runoff off + zero DWF/GW/RDII/external inflow (conversion carried no inflow data)"
NO_INFLOW_SOURCES,"C8_100A.rpt","runoff off + zero DWF/GW/RDII/external inflow (conversion carried no inflow data)"
NO_INFLOW_SOURCES,"C8_100B.rpt","runoff off + zero DWF/GW/RDII/external inflow (conversion carried no inflow data)"
NO_INFLOW_SOURCES,"C8_TEST.rpt","runoff off + zero DWF/GW/RDII/external inflow (conversion carried no inflow data)"
NO_INFLOW_SOURCES,"C9-W2.rpt","runoff off + zero DWF/GW/RDII/external inflow (conversion carried no inflow data)"
NO_INFLOW_SOURCES,"CALDUM.rpt","runoff off + zero DWF/GW/RDII/external inflow (conversion carried no inflow data)"
NO_INFLOW_SOURCES,"CALIBRAT.rpt","runoff off + zero DWF/GW/RDII/external inflow (conversion carried no inflow data)"
NO_INFLOW_SOURCES,"CALTEX.rpt","runoff off + zero DWF/GW/RDII/external inflow (conversion carried no inflow data)"
NO_INFLOW_SOURCES,"CAPITAL.rpt","runoff off + zero DWF/GW/RDII/external inflow (conversion carried no inflow data)"
NO_INFLOW_SOURCES,"CAP_42.rpt","runoff off + zero DWF/GW/RDII/external inflow (conversion carried no inflow data)"
NO_INFLOW_SOURCES,"CAP_NOGG.rpt","runoff off + zero DWF/GW/RDII/external inflow (conversion carried no inflow data)"
NO_INFLOW_SOURCES,"CASE10.rpt","runoff off + zero DWF/GW/RDII/external inflow (conversion carried no inflow data)"
NO_INFLOW_SOURCES,"CAV2.rpt","runoff off + zero DWF/GW/RDII/external inflow (conversion carried no inflow data)"
NO_INFLOW_SOURCES,"CDDRAI~1.rpt","runoff off + zero DWF/GW/RDII/external inflow (conversion carried no inflow data)"
NO_INFLOW_SOURCES,"CEI3Y.rpt","runoff off + zero DWF/GW/RDII/external inflow (conversion carried no inflow data)"
NO_INFLOW_SOURCES,"CFBBASE.rpt","runoff off + zero DWF/GW/RDII/external inflow (conversion carried no inflow data)"
NO_INFLOW_SOURCES,"CFC5.rpt","runoff off + zero DWF/GW/RDII/external inflow (conversion carried no inflow data)"
NO_INFLOW_SOURCES,"CHAN-ST1.rpt","runoff off + zero DWF/GW/RDII/external inflow (conversion carried no inflow data)"
NO_INFLOW_SOURCES,"CHAP10A.rpt","runoff off + zero DWF/GW/RDII/external inflow (conversion carried no inflow data)"
NO_INFLOW_SOURCES,"CHAP10B.rpt","runoff off + zero DWF/GW/RDII/external inflow (conversion carried no inflow data)"
NO_INFLOW_SOURCES,"CHAP10D.rpt","runoff off + zero DWF/GW/RDII/external inflow (conversion carried no inflow data)"
NO_INFLOW_SOURCES,"CHAP10E.rpt","runoff off + zero DWF/GW/RDII/external inflow (conversion carried no inflow data)"
NO_INFLOW_SOURCES,"CHAP10F.rpt","runoff off + zero DWF/GW/RDII/external inflow (conversion carried no inflow data)"
NO_INFLOW_SOURCES,"CHECK.rpt","runoff off + zero DWF/GW/RDII/external inflow (conversion carried no inflow data)"
NO_INFLOW_SOURCES,"CHECK1.rpt","runoff off + zero DWF/GW/RDII/external inflow (conversion carried no inflow data)"
NO_INFLOW_SOURCES,"CHECK1A.rpt","runoff off + zero DWF/GW/RDII/external inflow (conversion carried no inflow data)"
NO_INFLOW_SOURCES,"CHECK1B.rpt","runoff off + zero DWF/GW/RDII/external inflow (conversion carried no inflow data)"
NO_INFLOW_SOURCES,"CHECK1C.rpt","runoff off + zero DWF/GW/RDII/external inflow (conversion carried no inflow data)"
NO_INFLOW_SOURCES,"CHILE.rpt","runoff off + zero DWF/GW/RDII/external inflow (conversion carried no inflow data)"
NO_INFLOW_SOURCES,"CHILE1.rpt","runoff off + zero DWF/GW/RDII/external inflow (conversion carried no inflow data)"
NO_INFLOW_SOURCES,"CHOO1.rpt","runoff off + zero DWF/GW/RDII/external inflow (conversion carried no inflow data)"
NO_INFLOW_SOURCES,"CHOO2.rpt","runoff off + zero DWF/GW/RDII/external inflow (conversion carried no inflow data)"
NO_INFLOW_SOURCES,"CHRIS.rpt","runoff off + zero DWF/GW/RDII/external inflow (conversion carried no inflow data)"
NO_INFLOW_SOURCES,"CHRIS1.rpt","runoff off + zero DWF/GW/RDII/external inflow (conversion carried no inflow data)"
NO_INFLOW_SOURCES,"CHUTE.rpt","runoff off + zero DWF/GW/RDII/external inflow (conversion carried no inflow data)"
NO_INFLOW_SOURCES,"CHUTEA.rpt","runoff off + zero DWF/GW/RDII/external inflow (conversion carried no inflow data)"
NO_INFLOW_SOURCES,"CHUTEN.rpt","runoff off + zero DWF/GW/RDII/external inflow (conversion carried no inflow data)"
NO_INFLOW_SOURCES,"CID1.rpt","runoff off + zero DWF/GW/RDII/external inflow (conversion carried no inflow data)"
NO_INFLOW_SOURCES,"CLAY.rpt","runoff off + zero DWF/GW/RDII/external inflow (conversion carried no inflow data)"
NO_INFLOW_SOURCES,"CM4.rpt","runoff off + zero DWF/GW/RDII/external inflow (conversion carried no inflow data)"
NO_INFLOW_SOURCES,"CMD-ANL1.rpt","runoff off + zero DWF/GW/RDII/external inflow (conversion carried no inflow data)"
NO_INFLOW_SOURCES,"CMD-ANL1_v5.5.rpt","runoff off + zero DWF/GW/RDII/external inflow (conversion carried no inflow data)"
NO_INFLOW_SOURCES,"CNTNTY.rpt","runoff off + zero DWF/GW/RDII/external inflow (conversion carried no inflow data)"
NO_INFLOW_SOURCES,"COCO.rpt","runoff off + zero DWF/GW/RDII/external inflow (conversion carried no inflow data)"
NO_INFLOW_SOURCES,"COCOMAR.rpt","runoff off + zero DWF/GW/RDII/external inflow (conversion carried no inflow data)"
NO_INFLOW_SOURCES,"COCONEW.rpt","runoff off + zero DWF/GW/RDII/external inflow (conversion carried no inflow data)"
NO_INFLOW_SOURCES,"COCORNF.rpt","runoff off + zero DWF/GW/RDII/external inflow (conversion carried no inflow data)"
NO_INFLOW_SOURCES,"COHSML.rpt","runoff off + zero DWF/GW/RDII/external inflow (conversion carried no inflow data)"
NO_INFLOW_SOURCES,"COLLEGE.rpt","runoff off + zero DWF/GW/RDII/external inflow (conversion carried no inflow data)"
NO_INFLOW_SOURCES,"COLLEGE6.rpt","runoff off + zero DWF/GW/RDII/external inflow (conversion carried no inflow data)"
NO_INFLOW_SOURCES,"COLONIAL.rpt","runoff off + zero DWF/GW/RDII/external inflow (conversion carried no inflow data)"
NO_INFLOW_SOURCES,"COMB.rpt","runoff off + zero DWF/GW/RDII/external inflow (conversion carried no inflow data)"
NO_INFLOW_SOURCES,"COMBER3.rpt","runoff off + zero DWF/GW/RDII/external inflow (conversion carried no inflow data)"
NO_INFLOW_SOURCES,"COMBO.rpt","runoff off + zero DWF/GW/RDII/external inflow (conversion carried no inflow data)"
NO_INFLOW_SOURCES,"COMBTST.rpt","runoff off + zero DWF/GW/RDII/external inflow (conversion carried no inflow data)"
NO_INFLOW_SOURCES,"CONFUS.rpt","runoff off + zero DWF/GW/RDII/external inflow (conversion carried no inflow data)"
NO_INFLOW_SOURCES,"COOK-XPH.rpt","runoff off + zero DWF/GW/RDII/external inflow (conversion carried no inflow data)"
NO_INFLOW_SOURCES,"CORP.rpt","runoff off + zero DWF/GW/RDII/external inflow (conversion carried no inflow data)"
NO_INFLOW_SOURCES,"CORP2.rpt","runoff off + zero DWF/GW/RDII/external inflow (conversion carried no inflow data)"
NO_INFLOW_SOURCES,"COWRA2.rpt","runoff off + zero DWF/GW/RDII/external inflow (conversion carried no inflow data)"
NO_INFLOW_SOURCES,"COWRA5.rpt","runoff off + zero DWF/GW/RDII/external inflow (conversion carried no inflow data)"
NO_INFLOW_SOURCES,"COWRA51.rpt","runoff off + zero DWF/GW/RDII/external inflow (conversion carried no inflow data)"
NO_INFLOW_SOURCES,"COWRABD.rpt","runoff off + zero DWF/GW/RDII/external inflow (conversion carried no inflow data)"
NO_INFLOW_SOURCES,"CPTR54.rpt","runoff off + zero DWF/GW/RDII/external inflow (conversion carried no inflow data)"
NO_INFLOW_SOURCES,"CSO015.rpt","runoff off + zero DWF/GW/RDII/external inflow (conversion carried no inflow data)"
NO_INFLOW_SOURCES,"CSO13A14.rpt","runoff off + zero DWF/GW/RDII/external inflow (conversion carried no inflow data)"
NO_INFLOW_SOURCES,"CSO_SMPL.rpt","runoff off + zero DWF/GW/RDII/external inflow (conversion carried no inflow data)"
NO_INFLOW_SOURCES,"CSUL00SN.rpt","runoff off + zero DWF/GW/RDII/external inflow (conversion carried no inflow data)"
NO_INFLOW_SOURCES,"CSUL00SN_v2.04.rpt","runoff off + zero DWF/GW/RDII/external inflow (conversion carried no inflow data)"
NO_INFLOW_SOURCES,"CT.rpt","runoff off + zero DWF/GW/RDII/external inflow (conversion carried no inflow data)"
NO_INFLOW_SOURCES,"CTIA_EXI.rpt","runoff off + zero DWF/GW/RDII/external inflow (conversion carried no inflow data)"
NO_INFLOW_SOURCES,"CULCOV.rpt","runoff off + zero DWF/GW/RDII/external inflow (conversion carried no inflow data)"
NO_INFLOW_SOURCES,"CULV1.rpt","runoff off + zero DWF/GW/RDII/external inflow (conversion carried no inflow data)"
NO_INFLOW_SOURCES,"CULV2.rpt","runoff off + zero DWF/GW/RDII/external inflow (conversion carried no inflow data)"
NO_INFLOW_SOURCES,"CULVERT.rpt","runoff off + zero DWF/GW/RDII/external inflow (conversion carried no inflow data)"
NO_INFLOW_SOURCES,"CVOCSO.rpt","runoff off + zero DWF/GW/RDII/external inflow (conversion carried no inflow data)"
NO_INFLOW_SOURCES,"CVOMOD1.rpt","runoff off + zero DWF/GW/RDII/external inflow (conversion carried no inflow data)"
NO_INFLOW_SOURCES,"CVOMODEL.rpt","runoff off + zero DWF/GW/RDII/external inflow (conversion carried no inflow data)"
NO_INFLOW_SOURCES,"CWCD.rpt","runoff off + zero DWF/GW/RDII/external inflow (conversion carried no inflow data)"
NO_INFLOW_SOURCES,"Casey10yr.rpt","runoff off + zero DWF/GW/RDII/external inflow (conversion carried no inflow data)"
NO_INFLOW_SOURCES,"Chap10.rpt","runoff off + zero DWF/GW/RDII/external inflow (conversion carried no inflow data)"
NO_INFLOW_SOURCES,"Check2.rpt","runoff off + zero DWF/GW/RDII/external inflow (conversion carried no inflow data)"
NO_INFLOW_SOURCES,"Chute1.rpt","runoff off + zero DWF/GW/RDII/external inflow (conversion carried no inflow data)"
NO_INFLOW_SOURCES,"Clydewood01.rpt","runoff off + zero DWF/GW/RDII/external inflow (conversion carried no inflow data)"
NO_INFLOW_SOURCES,"Clydewood02.rpt","runoff off + zero DWF/GW/RDII/external inflow (conversion carried no inflow data)"
NO_INFLOW_SOURCES,"Combo(100yr861ex).rpt","runoff off + zero DWF/GW/RDII/external inflow (conversion carried no inflow data)"
NO_INFLOW_SOURCES,"D100y.rpt","runoff off + zero DWF/GW/RDII/external inflow (conversion carried no inflow data)"
NO_INFLOW_SOURCES,"DALLAS.rpt","runoff off + zero DWF/GW/RDII/external inflow (conversion carried no inflow data)"
NO_INFLOW_SOURCES,"DAMBREAK.rpt","runoff off + zero DWF/GW/RDII/external inflow (conversion carried no inflow data)"
NO_INFLOW_SOURCES,"DAMPER.rpt","runoff off + zero DWF/GW/RDII/external inflow (conversion carried no inflow data)"
NO_INFLOW_SOURCES,"DAMS_v1.01.rpt","runoff off + zero DWF/GW/RDII/external inflow (conversion carried no inflow data)"
NO_INFLOW_SOURCES,"DAT.rpt","runoff off + zero DWF/GW/RDII/external inflow (conversion carried no inflow data)"
NO_INFLOW_SOURCES,"DATA1.rpt","runoff off + zero DWF/GW/RDII/external inflow (conversion carried no inflow data)"
NO_INFLOW_SOURCES,"DATA2.rpt","runoff off + zero DWF/GW/RDII/external inflow (conversion carried no inflow data)"
NO_INFLOW_SOURCES,"DATA20.rpt","runoff off + zero DWF/GW/RDII/external inflow (conversion carried no inflow data)"
NO_INFLOW_SOURCES,"DATA3.rpt","runoff off + zero DWF/GW/RDII/external inflow (conversion carried no inflow data)"
NO_INFLOW_SOURCES,"DATA4.rpt","runoff off + zero DWF/GW/RDII/external inflow (conversion carried no inflow data)"
NO_INFLOW_SOURCES,"DATAN.rpt","runoff off + zero DWF/GW/RDII/external inflow (conversion carried no inflow data)"
NO_INFLOW_SOURCES,"DC48-XE.rpt","runoff off + zero DWF/GW/RDII/external inflow (conversion carried no inflow data)"
NO_INFLOW_SOURCES,"DDSWMM_example.rpt","runoff off + zero DWF/GW/RDII/external inflow (conversion carried no inflow data)"
NO_INFLOW_SOURCES,"DETAIL12.rpt","runoff off + zero DWF/GW/RDII/external inflow (conversion carried no inflow data)"
NO_INFLOW_SOURCES,"DETAIL51.rpt","runoff off + zero DWF/GW/RDII/external inflow (conversion carried no inflow data)"
NO_INFLOW_SOURCES,"DETMATT.rpt","runoff off + zero DWF/GW/RDII/external inflow (conversion carried no inflow data)"
NO_INFLOW_SOURCES,"DID.rpt","runoff off + zero DWF/GW/RDII/external inflow (conversion carried no inflow data)"
NO_INFLOW_SOURCES,"DJR.rpt","runoff off + zero DWF/GW/RDII/external inflow (conversion carried no inflow data)"
NO_INFLOW_SOURCES,"DOUBLE.rpt","runoff off + zero DWF/GW/RDII/external inflow (conversion carried no inflow data)"
NO_INFLOW_SOURCES,"DR75A.rpt","runoff off + zero DWF/GW/RDII/external inflow (conversion carried no inflow data)"
NO_INFLOW_SOURCES,"DRAIN.rpt","runoff off + zero DWF/GW/RDII/external inflow (conversion carried no inflow data)"
NO_INFLOW_SOURCES,"DRCRK-X.rpt","runoff off + zero DWF/GW/RDII/external inflow (conversion carried no inflow data)"
NO_INFLOW_SOURCES,"DROP.rpt","runoff off + zero DWF/GW/RDII/external inflow (conversion carried no inflow data)"
NO_INFLOW_SOURCES,"DROP1.rpt","runoff off + zero DWF/GW/RDII/external inflow (conversion carried no inflow data)"
NO_INFLOW_SOURCES,"DROP2.rpt","runoff off + zero DWF/GW/RDII/external inflow (conversion carried no inflow data)"
NO_INFLOW_SOURCES,"DROP2A.rpt","runoff off + zero DWF/GW/RDII/external inflow (conversion carried no inflow data)"
NO_INFLOW_SOURCES,"DSL2H.rpt","runoff off + zero DWF/GW/RDII/external inflow (conversion carried no inflow data)"
NO_INFLOW_SOURCES,"DSN4-100.rpt","runoff off + zero DWF/GW/RDII/external inflow (conversion carried no inflow data)"
NO_INFLOW_SOURCES,"DUBBOCUL.rpt","runoff off + zero DWF/GW/RDII/external inflow (conversion carried no inflow data)"
NO_INFLOW_SOURCES,"DUCKS.rpt","runoff off + zero DWF/GW/RDII/external inflow (conversion carried no inflow data)"
NO_INFLOW_SOURCES,"DUCKS1.rpt","runoff off + zero DWF/GW/RDII/external inflow (conversion carried no inflow data)"
NO_INFLOW_SOURCES,"DUMMTEST.rpt","runoff off + zero DWF/GW/RDII/external inflow (conversion carried no inflow data)"
NO_INFLOW_SOURCES,"DWFMAST.rpt","runoff off + zero DWF/GW/RDII/external inflow (conversion carried no inflow data)"
NO_INFLOW_SOURCES,"DWFMAST0.rpt","runoff off + zero DWF/GW/RDII/external inflow (conversion carried no inflow data)"
NO_INFLOW_SOURCES,"DWFMAST1.rpt","runoff off + zero DWF/GW/RDII/external inflow (conversion carried no inflow data)"
NO_INFLOW_SOURCES,"DWFMAST2.rpt","runoff off + zero DWF/GW/RDII/external inflow (conversion carried no inflow data)"
NO_INFLOW_SOURCES,"DWFTEST.rpt","runoff off + zero DWF/GW/RDII/external inflow (conversion carried no inflow data)"
NO_INFLOW_SOURCES,"DWFTEST1.rpt","runoff off + zero DWF/GW/RDII/external inflow (conversion carried no inflow data)"
NO_INFLOW_SOURCES,"DWFTUT.rpt","runoff off + zero DWF/GW/RDII/external inflow (conversion carried no inflow data)"
NO_INFLOW_SOURCES,"DWFTUT1.rpt","runoff off + zero DWF/GW/RDII/external inflow (conversion carried no inflow data)"
NO_INFLOW_SOURCES,"DWFTUTWQ.rpt","runoff off + zero DWF/GW/RDII/external inflow (conversion carried no inflow data)"
NO_INFLOW_SOURCES,"DWOOD.rpt","runoff off + zero DWF/GW/RDII/external inflow (conversion carried no inflow data)"
NO_INFLOW_SOURCES,"DWOOD1.rpt","runoff off + zero DWF/GW/RDII/external inflow (conversion carried no inflow data)"
NO_INFLOW_SOURCES,"DYPUMP.rpt","runoff off + zero DWF/GW/RDII/external inflow (conversion carried no inflow data)"
NO_INFLOW_SOURCES,"Detail54.rpt","runoff off + zero DWF/GW/RDII/external inflow (conversion carried no inflow data)"
NO_INFLOW_SOURCES,"Dntwnstm.rpt","runoff off + zero DWF/GW/RDII/external inflow (conversion carried no inflow data)"
NO_INFLOW_SOURCES,"Dntwnstm_v2.2.rpt","runoff off + zero DWF/GW/RDII/external inflow (conversion carried no inflow data)"
NO_INFLOW_SOURCES,"E1580ZDG.rpt","runoff off + zero DWF/GW/RDII/external inflow (conversion carried no inflow data)"
NO_INFLOW_SOURCES,"E1N-test.rpt","runoff off + zero DWF/GW/RDII/external inflow (conversion carried no inflow data)"
NO_INFLOW_SOURCES,"E1NBAK.rpt","runoff off + zero DWF/GW/RDII/external inflow (conversion carried no inflow data)"
NO_INFLOW_SOURCES,"E33L1F3.rpt","runoff off + zero DWF/GW/RDII/external inflow (conversion carried no inflow data)"
NO_INFLOW_SOURCES,"E33L25P1.rpt","runoff off + zero DWF/GW/RDII/external inflow (conversion carried no inflow data)"
NO_INFLOW_SOURCES,"E33L25P5.rpt","runoff off + zero DWF/GW/RDII/external inflow (conversion carried no inflow data)"
NO_INFLOW_SOURCES,"E33L25P9.rpt","runoff off + zero DWF/GW/RDII/external inflow (conversion carried no inflow data)"
NO_INFLOW_SOURCES,"E6MQDIAG.rpt","runoff off + zero DWF/GW/RDII/external inflow (conversion carried no inflow data)"
NO_INFLOW_SOURCES,"E80NDEMC.rpt","runoff off + zero DWF/GW/RDII/external inflow (conversion carried no inflow data)"
NO_INFLOW_SOURCES,"EAST.rpt","runoff off + zero DWF/GW/RDII/external inflow (conversion carried no inflow data)"
NO_INFLOW_SOURCES,"EAST10.rpt","runoff off + zero DWF/GW/RDII/external inflow (conversion carried no inflow data)"
NO_INFLOW_SOURCES,"EASTDITC.rpt","runoff off + zero DWF/GW/RDII/external inflow (conversion carried no inflow data)"
NO_INFLOW_SOURCES,"EASTSALE.rpt","runoff off + zero DWF/GW/RDII/external inflow (conversion carried no inflow data)"
NO_INFLOW_SOURCES,"EASTTEMP.rpt","runoff off + zero DWF/GW/RDII/external inflow (conversion carried no inflow data)"
NO_INFLOW_SOURCES,"EASTWWF2.rpt","runoff off + zero DWF/GW/RDII/external inflow (conversion carried no inflow data)"
NO_INFLOW_SOURCES,"EDDIE2.rpt","runoff off + zero DWF/GW/RDII/external inflow (conversion carried no inflow data)"
NO_INFLOW_SOURCES,"EDFAST.rpt","runoff off + zero DWF/GW/RDII/external inflow (conversion carried no inflow data)"
NO_INFLOW_SOURCES,"EDSYPH1.rpt","runoff off + zero DWF/GW/RDII/external inflow (conversion carried no inflow data)"
NO_INFLOW_SOURCES,"EDWARDS8.rpt","runoff off + zero DWF/GW/RDII/external inflow (conversion carried no inflow data)"
NO_INFLOW_SOURCES,"EL25K3N.rpt","runoff off + zero DWF/GW/RDII/external inflow (conversion carried no inflow data)"
NO_INFLOW_SOURCES,"EL25K3NH.rpt","runoff off + zero DWF/GW/RDII/external inflow (conversion carried no inflow data)"
NO_INFLOW_SOURCES,"EL25QK3D.rpt","runoff off + zero DWF/GW/RDII/external inflow (conversion carried no inflow data)"
NO_INFLOW_SOURCES,"ELCOMB.rpt","runoff off + zero DWF/GW/RDII/external inflow (conversion carried no inflow data)"
NO_INFLOW_SOURCES,"ELEANOR_v6.rpt","runoff off + zero DWF/GW/RDII/external inflow (conversion carried no inflow data)"
NO_INFLOW_SOURCES,"ELMCREEK.rpt","runoff off + zero DWF/GW/RDII/external inflow (conversion carried no inflow data)"
NO_INFLOW_SOURCES,"EM0331.rpt","runoff off + zero DWF/GW/RDII/external inflow (conversion carried no inflow data)"
NO_INFLOW_SOURCES,"EMCWQ.rpt","runoff off + zero DWF/GW/RDII/external inflow (conversion carried no inflow data)"
NO_INFLOW_SOURCES,"EMCWQ1.rpt","runoff off + zero DWF/GW/RDII/external inflow (conversion carried no inflow data)"
NO_INFLOW_SOURCES,"ER42403R.rpt","runoff off + zero DWF/GW/RDII/external inflow (conversion carried no inflow data)"
NO_INFLOW_SOURCES,"ERASE3.rpt","runoff off + zero DWF/GW/RDII/external inflow (conversion carried no inflow data)"
NO_INFLOW_SOURCES,"ERASE_EA.rpt","runoff off + zero DWF/GW/RDII/external inflow (conversion carried no inflow data)"
NO_INFLOW_SOURCES,"ERODE.rpt","runoff off + zero DWF/GW/RDII/external inflow (conversion carried no inflow data)"
NO_INFLOW_SOURCES,"ERPONDS.rpt","runoff off + zero DWF/GW/RDII/external inflow (conversion carried no inflow data)"
NO_INFLOW_SOURCES,"ESTERO C.rpt","runoff off + zero DWF/GW/RDII/external inflow (conversion carried no inflow data)"
NO_INFLOW_SOURCES,"EX-98058.rpt","runoff off + zero DWF/GW/RDII/external inflow (conversion carried no inflow data)"
NO_INFLOW_SOURCES,"EX-NYA~1.rpt","runoff off + zero DWF/GW/RDII/external inflow (conversion carried no inflow data)"
NO_INFLOW_SOURCES,"EX-hec1.rpt","runoff off + zero DWF/GW/RDII/external inflow (conversion carried no inflow data)"
NO_INFLOW_SOURCES,"EX25MRTZ.rpt","runoff off + zero DWF/GW/RDII/external inflow (conversion carried no inflow data)"
NO_INFLOW_SOURCES,"EX4.rpt","runoff off + zero DWF/GW/RDII/external inflow (conversion carried no inflow data)"
NO_INFLOW_SOURCES,"EX5.rpt","runoff off + zero DWF/GW/RDII/external inflow (conversion carried no inflow data)"
NO_INFLOW_SOURCES,"EX7.rpt","runoff off + zero DWF/GW/RDII/external inflow (conversion carried no inflow data)"
NO_INFLOW_SOURCES,"EX8.rpt","runoff off + zero DWF/GW/RDII/external inflow (conversion carried no inflow data)"
NO_INFLOW_SOURCES,"EX9.rpt","runoff off + zero DWF/GW/RDII/external inflow (conversion carried no inflow data)"
NO_INFLOW_SOURCES,"EXAM10.rpt","runoff off + zero DWF/GW/RDII/external inflow (conversion carried no inflow data)"
NO_INFLOW_SOURCES,"EXAM80.rpt","runoff off + zero DWF/GW/RDII/external inflow (conversion carried no inflow data)"
NO_INFLOW_SOURCES,"EXAM80A.rpt","runoff off + zero DWF/GW/RDII/external inflow (conversion carried no inflow data)"
NO_INFLOW_SOURCES,"EXAM9.rpt","runoff off + zero DWF/GW/RDII/external inflow (conversion carried no inflow data)"
NO_INFLOW_SOURCES,"EXINT.rpt","runoff off + zero DWF/GW/RDII/external inflow (conversion carried no inflow data)"
NO_INFLOW_SOURCES,"EXINT1.rpt","runoff off + zero DWF/GW/RDII/external inflow (conversion carried no inflow data)"
NO_INFLOW_SOURCES,"EXIST-10.rpt","runoff off + zero DWF/GW/RDII/external inflow (conversion carried no inflow data)"
NO_INFLOW_SOURCES,"EXIST.rpt","runoff off + zero DWF/GW/RDII/external inflow (conversion carried no inflow data)"
NO_INFLOW_SOURCES,"EXIST_4.rpt","runoff off + zero DWF/GW/RDII/external inflow (conversion carried no inflow data)"
NO_INFLOW_SOURCES,"EXMGD1.rpt","runoff off + zero DWF/GW/RDII/external inflow (conversion carried no inflow data)"
NO_INFLOW_SOURCES,"EXQ2.rpt","runoff off + zero DWF/GW/RDII/external inflow (conversion carried no inflow data)"
NO_INFLOW_SOURCES,"EXQ2A.rpt","runoff off + zero DWF/GW/RDII/external inflow (conversion carried no inflow data)"
NO_INFLOW_SOURCES,"EXQ2B.rpt","runoff off + zero DWF/GW/RDII/external inflow (conversion carried no inflow data)"
NO_INFLOW_SOURCES,"EXQ2C.rpt","runoff off + zero DWF/GW/RDII/external inflow (conversion carried no inflow data)"
NO_INFLOW_SOURCES,"EXQ3.rpt","runoff off + zero DWF/GW/RDII/external inflow (conversion carried no inflow data)"
NO_INFLOW_SOURCES,"EXQUAL.rpt","runoff off + zero DWF/GW/RDII/external inflow (conversion carried no inflow data)"
NO_INFLOW_SOURCES,"EXQUAL1.rpt","runoff off + zero DWF/GW/RDII/external inflow (conversion carried no inflow data)"
NO_INFLOW_SOURCES,"EXQUAL3.rpt","runoff off + zero DWF/GW/RDII/external inflow (conversion carried no inflow data)"
NO_INFLOW_SOURCES,"EXQUAL4.rpt","runoff off + zero DWF/GW/RDII/external inflow (conversion carried no inflow data)"
NO_INFLOW_SOURCES,"EXQUAL5.rpt","runoff off + zero DWF/GW/RDII/external inflow (conversion carried no inflow data)"
NO_INFLOW_SOURCES,"EXSYPH.rpt","runoff off + zero DWF/GW/RDII/external inflow (conversion carried no inflow data)"
NO_INFLOW_SOURCES,"EXTEST1.rpt","runoff off + zero DWF/GW/RDII/external inflow (conversion carried no inflow data)"
NO_INFLOW_SOURCES,"EXTR05L.rpt","runoff off + zero DWF/GW/RDII/external inflow (conversion carried no inflow data)"
NO_INFLOW_SOURCES,"EXTR5K2.rpt","runoff off + zero DWF/GW/RDII/external inflow (conversion carried no inflow data)"
NO_INFLOW_SOURCES,"EXTUT1.rpt","runoff off + zero DWF/GW/RDII/external inflow (conversion carried no inflow data)"
NO_INFLOW_SOURCES,"EXTUT10.rpt","runoff off + zero DWF/GW/RDII/external inflow (conversion carried no inflow data)"
NO_INFLOW_SOURCES,"EXTUT11.rpt","runoff off + zero DWF/GW/RDII/external inflow (conversion carried no inflow data)"
NO_INFLOW_SOURCES,"EXTUT12.rpt","runoff off + zero DWF/GW/RDII/external inflow (conversion carried no inflow data)"
NO_INFLOW_SOURCES,"EXTUT13.rpt","runoff off + zero DWF/GW/RDII/external inflow (conversion carried no inflow data)"
NO_INFLOW_SOURCES,"EXTUT14.rpt","runoff off + zero DWF/GW/RDII/external inflow (conversion carried no inflow data)"
NO_INFLOW_SOURCES,"EXTUT15.rpt","runoff off + zero DWF/GW/RDII/external inflow (conversion carried no inflow data)"
NO_INFLOW_SOURCES,"EXTUT16.rpt","runoff off + zero DWF/GW/RDII/external inflow (conversion carried no inflow data)"
NO_INFLOW_SOURCES,"EXTUT17.rpt","runoff off + zero DWF/GW/RDII/external inflow (conversion carried no inflow data)"
NO_INFLOW_SOURCES,"EXTUT18.rpt","runoff off + zero DWF/GW/RDII/external inflow (conversion carried no inflow data)"
NO_INFLOW_SOURCES,"EXTUT2.rpt","runoff off + zero DWF/GW/RDII/external inflow (conversion carried no inflow data)"
NO_INFLOW_SOURCES,"EXTUT20.rpt","runoff off + zero DWF/GW/RDII/external inflow (conversion carried no inflow data)"
NO_INFLOW_SOURCES,"EXTUT2A.rpt","runoff off + zero DWF/GW/RDII/external inflow (conversion carried no inflow data)"
NO_INFLOW_SOURCES,"EXTUT3.rpt","runoff off + zero DWF/GW/RDII/external inflow (conversion carried no inflow data)"
NO_INFLOW_SOURCES,"EXTUT3A.rpt","runoff off + zero DWF/GW/RDII/external inflow (conversion carried no inflow data)"
NO_INFLOW_SOURCES,"EXTUT4.rpt","runoff off + zero DWF/GW/RDII/external inflow (conversion carried no inflow data)"
NO_INFLOW_SOURCES,"EXTUT5.rpt","runoff off + zero DWF/GW/RDII/external inflow (conversion carried no inflow data)"
NO_INFLOW_SOURCES,"EXTUT6.rpt","runoff off + zero DWF/GW/RDII/external inflow (conversion carried no inflow data)"
NO_INFLOW_SOURCES,"EXTUT7.rpt","runoff off + zero DWF/GW/RDII/external inflow (conversion carried no inflow data)"
NO_INFLOW_SOURCES,"EXTUT8.rpt","runoff off + zero DWF/GW/RDII/external inflow (conversion carried no inflow data)"
NO_INFLOW_SOURCES,"EXTUT9.rpt","runoff off + zero DWF/GW/RDII/external inflow (conversion carried no inflow data)"
NO_INFLOW_SOURCES,"EXWOR1A.rpt","runoff off + zero DWF/GW/RDII/external inflow (conversion carried no inflow data)"
NO_INFLOW_SOURCES,"EXWOR1B.rpt","runoff off + zero DWF/GW/RDII/external inflow (conversion carried no inflow data)"
NO_INFLOW_SOURCES,"EXWOR3G.rpt","runoff off + zero DWF/GW/RDII/external inflow (conversion carried no inflow data)"
NO_INFLOW_SOURCES,"EXWORK1.rpt","runoff off + zero DWF/GW/RDII/external inflow (conversion carried no inflow data)"
NO_INFLOW_SOURCES,"EXWORK1A.rpt","runoff off + zero DWF/GW/RDII/external inflow (conversion carried no inflow data)"
NO_INFLOW_SOURCES,"EXWORK1B.rpt","runoff off + zero DWF/GW/RDII/external inflow (conversion carried no inflow data)"
NO_INFLOW_SOURCES,"EXWORK2.rpt","runoff off + zero DWF/GW/RDII/external inflow (conversion carried no inflow data)"
NO_INFLOW_SOURCES,"EXWORK2A.rpt","runoff off + zero DWF/GW/RDII/external inflow (conversion carried no inflow data)"
NO_INFLOW_SOURCES,"EXWORK2B.rpt","runoff off + zero DWF/GW/RDII/external inflow (conversion carried no inflow data)"
NO_INFLOW_SOURCES,"EXWORK2C.rpt","runoff off + zero DWF/GW/RDII/external inflow (conversion carried no inflow data)"
NO_INFLOW_SOURCES,"EXWORK3A.rpt","runoff off + zero DWF/GW/RDII/external inflow (conversion carried no inflow data)"
NO_INFLOW_SOURCES,"EXWORK3B.rpt","runoff off + zero DWF/GW/RDII/external inflow (conversion carried no inflow data)"
NO_INFLOW_SOURCES,"EXWORK4.rpt","runoff off + zero DWF/GW/RDII/external inflow (conversion carried no inflow data)"
NO_INFLOW_SOURCES,"EXWORK4G.rpt","runoff off + zero DWF/GW/RDII/external inflow (conversion carried no inflow data)"
NO_INFLOW_SOURCES,"EXWORK5.rpt","runoff off + zero DWF/GW/RDII/external inflow (conversion carried no inflow data)"
NO_INFLOW_SOURCES,"EXWORK5A.rpt","runoff off + zero DWF/GW/RDII/external inflow (conversion carried no inflow data)"
NO_INFLOW_SOURCES,"EXWORK5B.rpt","runoff off + zero DWF/GW/RDII/external inflow (conversion carried no inflow data)"
NO_INFLOW_SOURCES,"EXWORK5G.rpt","runoff off + zero DWF/GW/RDII/external inflow (conversion carried no inflow data)"
NO_INFLOW_SOURCES,"EXWORK6.rpt","runoff off + zero DWF/GW/RDII/external inflow (conversion carried no inflow data)"
NO_INFLOW_SOURCES,"EXWORK6G.rpt","runoff off + zero DWF/GW/RDII/external inflow (conversion carried no inflow data)"
NO_INFLOW_SOURCES,"Edsyphon.rpt","runoff off + zero DWF/GW/RDII/external inflow (conversion carried no inflow data)"
NO_INFLOW_SOURCES,"EdsyphonA.rpt","runoff off + zero DWF/GW/RDII/external inflow (conversion carried no inflow data)"
NO_INFLOW_SOURCES,"Edsyphonb.rpt","runoff off + zero DWF/GW/RDII/external inflow (conversion carried no inflow data)"
NO_INFLOW_SOURCES,"ExCondtr.rpt","runoff off + zero DWF/GW/RDII/external inflow (conversion carried no inflow data)"
NO_INFLOW_SOURCES,"Exis2.rpt","runoff off + zero DWF/GW/RDII/external inflow (conversion carried no inflow data)"
NO_INFLOW_SOURCES,"Existing Northeast Storm.rpt","runoff off + zero DWF/GW/RDII/external inflow (conversion carried no inflow data)"
NO_INFLOW_SOURCES,"FAIL.rpt","runoff off + zero DWF/GW/RDII/external inflow (conversion carried no inflow data)"
NO_INFLOW_SOURCES,"FATCLLJN.rpt","runoff off + zero DWF/GW/RDII/external inflow (conversion carried no inflow data)"
NO_INFLOW_SOURCES,"FATCLLJN_v1.4.rpt","runoff off + zero DWF/GW/RDII/external inflow (conversion carried no inflow data)"
NO_INFLOW_SOURCES,"FC-NC-~1.rpt","runoff off + zero DWF/GW/RDII/external inflow (conversion carried no inflow data)"
NO_INFLOW_SOURCES,"FG-3.rpt","runoff off + zero DWF/GW/RDII/external inflow (conversion carried no inflow data)"
NO_INFLOW_SOURCES,"FHTSFB6.rpt","runoff off + zero DWF/GW/RDII/external inflow (conversion carried no inflow data)"
NO_INFLOW_SOURCES,"FIETEST.rpt","runoff off + zero DWF/GW/RDII/external inflow (conversion carried no inflow data)"
NO_INFLOW_SOURCES,"FINAL30.rpt","runoff off + zero DWF/GW/RDII/external inflow (conversion carried no inflow data)"
NO_INFLOW_SOURCES,"FINALEX.rpt","runoff off + zero DWF/GW/RDII/external inflow (conversion carried no inflow data)"
NO_INFLOW_SOURCES,"FL-DUM~1.rpt","runoff off + zero DWF/GW/RDII/external inflow (conversion carried no inflow data)"
NO_INFLOW_SOURCES,"FL-DUM~2.rpt","runoff off + zero DWF/GW/RDII/external inflow (conversion carried no inflow data)"
NO_INFLOW_SOURCES,"FL-TEST2.rpt","runoff off + zero DWF/GW/RDII/external inflow (conversion carried no inflow data)"
NO_INFLOW_SOURCES,"FL.rpt","runoff off + zero DWF/GW/RDII/external inflow (conversion carried no inflow data)"
NO_INFLOW_SOURCES,"FLAPTST.rpt","runoff off + zero DWF/GW/RDII/external inflow (conversion carried no inflow data)"
NO_INFLOW_SOURCES,"FLASCS.rpt","runoff off + zero DWF/GW/RDII/external inflow (conversion carried no inflow data)"
NO_INFLOW_SOURCES,"FLASCS1.rpt","runoff off + zero DWF/GW/RDII/external inflow (conversion carried no inflow data)"
NO_INFLOW_SOURCES,"FLASCS2.rpt","runoff off + zero DWF/GW/RDII/external inflow (conversion carried no inflow data)"
NO_INFLOW_SOURCES,"FLDTEST.rpt","runoff off + zero DWF/GW/RDII/external inflow (conversion carried no inflow data)"
NO_INFLOW_SOURCES,"FLDTEST1.rpt","runoff off + zero DWF/GW/RDII/external inflow (conversion carried no inflow data)"
NO_INFLOW_SOURCES,"FLGIL.rpt","runoff off + zero DWF/GW/RDII/external inflow (conversion carried no inflow data)"
NO_INFLOW_SOURCES,"FLGIL1.rpt","runoff off + zero DWF/GW/RDII/external inflow (conversion carried no inflow data)"
NO_INFLOW_SOURCES,"FLOOD1.rpt","runoff off + zero DWF/GW/RDII/external inflow (conversion carried no inflow data)"
NO_INFLOW_SOURCES,"FLOOD2.rpt","runoff off + zero DWF/GW/RDII/external inflow (conversion carried no inflow data)"
NO_INFLOW_SOURCES,"FLOOD3.rpt","runoff off + zero DWF/GW/RDII/external inflow (conversion carried no inflow data)"
NO_INFLOW_SOURCES,"FLOODBAD.rpt","runoff off + zero DWF/GW/RDII/external inflow (conversion carried no inflow data)"
NO_INFLOW_SOURCES,"FLOWNET.rpt","runoff off + zero DWF/GW/RDII/external inflow (conversion carried no inflow data)"
NO_INFLOW_SOURCES,"FLYANXXO.rpt","runoff off + zero DWF/GW/RDII/external inflow (conversion carried no inflow data)"
NO_INFLOW_SOURCES,"FM10.rpt","runoff off + zero DWF/GW/RDII/external inflow (conversion carried no inflow data)"
NO_INFLOW_SOURCES,"FM20-20.rpt","runoff off + zero DWF/GW/RDII/external inflow (conversion carried no inflow data)"
NO_INFLOW_SOURCES,"FM20.rpt","runoff off + zero DWF/GW/RDII/external inflow (conversion carried no inflow data)"
NO_INFLOW_SOURCES,"FM30.rpt","runoff off + zero DWF/GW/RDII/external inflow (conversion carried no inflow data)"
NO_INFLOW_SOURCES,"FN-A2-R2.rpt","runoff off + zero DWF/GW/RDII/external inflow (conversion carried no inflow data)"
NO_INFLOW_SOURCES,"FRAN5OR.rpt","runoff off + zero DWF/GW/RDII/external inflow (conversion carried no inflow data)"
NO_INFLOW_SOURCES,"FRED-SCS.rpt","runoff off + zero DWF/GW/RDII/external inflow (conversion carried no inflow data)"
NO_INFLOW_SOURCES,"FRED1-SC.rpt","runoff off + zero DWF/GW/RDII/external inflow (conversion carried no inflow data)"
NO_INFLOW_SOURCES,"FT1.rpt","runoff off + zero DWF/GW/RDII/external inflow (conversion carried no inflow data)"
NO_INFLOW_SOURCES,"FUBAR.rpt","runoff off + zero DWF/GW/RDII/external inflow (conversion carried no inflow data)"
NO_INFLOW_SOURCES,"FUNC1.rpt","runoff off + zero DWF/GW/RDII/external inflow (conversion carried no inflow data)"
NO_INFLOW_SOURCES,"FUNCONE.rpt","runoff off + zero DWF/GW/RDII/external inflow (conversion carried no inflow data)"
NO_INFLOW_SOURCES,"FUNCRUN.rpt","runoff off + zero DWF/GW/RDII/external inflow (conversion carried no inflow data)"
NO_INFLOW_SOURCES,"FW100F.rpt","runoff off + zero DWF/GW/RDII/external inflow (conversion carried no inflow data)"
NO_INFLOW_SOURCES,"FW927RN.rpt","runoff off + zero DWF/GW/RDII/external inflow (conversion carried no inflow data)"
NO_INFLOW_SOURCES,"FWSAN.rpt","runoff off + zero DWF/GW/RDII/external inflow (conversion carried no inflow data)"
NO_INFLOW_SOURCES,"FWSAN1.rpt","runoff off + zero DWF/GW/RDII/external inflow (conversion carried no inflow data)"
NO_INFLOW_SOURCES,"FWSAN2.rpt","runoff off + zero DWF/GW/RDII/external inflow (conversion carried no inflow data)"
NO_INFLOW_SOURCES,"FWSANO.rpt","runoff off + zero DWF/GW/RDII/external inflow (conversion carried no inflow data)"
NO_INFLOW_SOURCES,"Fairwd_5.rpt","runoff off + zero DWF/GW/RDII/external inflow (conversion carried no inflow data)"
NO_INFLOW_SOURCES,"French_Drains.rpt","runoff off + zero DWF/GW/RDII/external inflow (conversion carried no inflow data)"
NO_INFLOW_SOURCES,"Future Northeast Storm.rpt","runoff off + zero DWF/GW/RDII/external inflow (conversion carried no inflow data)"
NO_INFLOW_SOURCES,"GABIONS.rpt","runoff off + zero DWF/GW/RDII/external inflow (conversion carried no inflow data)"
NO_INFLOW_SOURCES,"GABIONS_v1.rpt","runoff off + zero DWF/GW/RDII/external inflow (conversion carried no inflow data)"
NO_INFLOW_SOURCES,"GAUGE1.rpt","runoff off + zero DWF/GW/RDII/external inflow (conversion carried no inflow data)"
NO_INFLOW_SOURCES,"GEORAIN.rpt","runoff off + zero DWF/GW/RDII/external inflow (conversion carried no inflow data)"
NO_INFLOW_SOURCES,"GETEST3.rpt","runoff off + zero DWF/GW/RDII/external inflow (conversion carried no inflow data)"
NO_INFLOW_SOURCES,"GLAKE.rpt","runoff off + zero DWF/GW/RDII/external inflow (conversion carried no inflow data)"
NO_INFLOW_SOURCES,"GL_1.rpt","runoff off + zero DWF/GW/RDII/external inflow (conversion carried no inflow data)"
NO_INFLOW_SOURCES,"GRAY1.rpt","runoff off + zero DWF/GW/RDII/external inflow (conversion carried no inflow data)"
NO_INFLOW_SOURCES,"GRAY2.rpt","runoff off + zero DWF/GW/RDII/external inflow (conversion carried no inflow data)"
NO_INFLOW_SOURCES,"GUY.rpt","runoff off + zero DWF/GW/RDII/external inflow (conversion carried no inflow data)"
NO_INFLOW_SOURCES,"G_EX10.rpt","runoff off + zero DWF/GW/RDII/external inflow (conversion carried no inflow data)"
NO_INFLOW_SOURCES,"Grande-Prarie_Master 2004.rpt","runoff off + zero DWF/GW/RDII/external inflow (conversion carried no inflow data)"
NO_INFLOW_SOURCES,"HA30-100.rpt","runoff off + zero DWF/GW/RDII/external inflow (conversion carried no inflow data)"
NO_INFLOW_SOURCES,"HA30SM.rpt","runoff off + zero DWF/GW/RDII/external inflow (conversion carried no inflow data)"
NO_INFLOW_SOURCES,"HA5-100.rpt","runoff off + zero DWF/GW/RDII/external inflow (conversion carried no inflow data)"
NO_INFLOW_SOURCES,"HASAN.rpt","runoff off + zero DWF/GW/RDII/external inflow (conversion carried no inflow data)"
NO_INFLOW_SOURCES,"HASAN1.rpt","runoff off + zero DWF/GW/RDII/external inflow (conversion carried no inflow data)"
NO_INFLOW_SOURCES,"HB1.rpt","runoff off + zero DWF/GW/RDII/external inflow (conversion carried no inflow data)"
NO_INFLOW_SOURCES,"HBNIPPON.rpt","runoff off + zero DWF/GW/RDII/external inflow (conversion carried no inflow data)"
NO_INFLOW_SOURCES,"HDR1.rpt","runoff off + zero DWF/GW/RDII/external inflow (conversion carried no inflow data)"
NO_INFLOW_SOURCES,"HDR1A.rpt","runoff off + zero DWF/GW/RDII/external inflow (conversion carried no inflow data)"
NO_INFLOW_SOURCES,"HDR1BAK.rpt","runoff off + zero DWF/GW/RDII/external inflow (conversion carried no inflow data)"
NO_INFLOW_SOURCES,"HDR1BMP.rpt","runoff off + zero DWF/GW/RDII/external inflow (conversion carried no inflow data)"
NO_INFLOW_SOURCES,"HDR1OLD.rpt","runoff off + zero DWF/GW/RDII/external inflow (conversion carried no inflow data)"
NO_INFLOW_SOURCES,"HDR1T.rpt","runoff off + zero DWF/GW/RDII/external inflow (conversion carried no inflow data)"
NO_INFLOW_SOURCES,"HDR1TWQ.rpt","runoff off + zero DWF/GW/RDII/external inflow (conversion carried no inflow data)"
NO_INFLOW_SOURCES,"HDR1X.rpt","runoff off + zero DWF/GW/RDII/external inflow (conversion carried no inflow data)"
NO_INFLOW_SOURCES,"HDR2.rpt","runoff off + zero DWF/GW/RDII/external inflow (conversion carried no inflow data)"
NO_INFLOW_SOURCES,"HDR2BMP.rpt","runoff off + zero DWF/GW/RDII/external inflow (conversion carried no inflow data)"
NO_INFLOW_SOURCES,"HDR2T.rpt","runoff off + zero DWF/GW/RDII/external inflow (conversion carried no inflow data)"
NO_INFLOW_SOURCES,"HDR2T1.rpt","runoff off + zero DWF/GW/RDII/external inflow (conversion carried no inflow data)"
NO_INFLOW_SOURCES,"HDR2X.rpt","runoff off + zero DWF/GW/RDII/external inflow (conversion carried no inflow data)"
NO_INFLOW_SOURCES,"HDR3.rpt","runoff off + zero DWF/GW/RDII/external inflow (conversion carried no inflow data)"
NO_INFLOW_SOURCES,"HEATHER.rpt","runoff off + zero DWF/GW/RDII/external inflow (conversion carried no inflow data)"
NO_INFLOW_SOURCES,"HEATHER1.rpt","runoff off + zero DWF/GW/RDII/external inflow (conversion carried no inflow data)"
NO_INFLOW_SOURCES,"HEATHER2.rpt","runoff off + zero DWF/GW/RDII/external inflow (conversion carried no inflow data)"
NO_INFLOW_SOURCES,"HEATHER9.rpt","runoff off + zero DWF/GW/RDII/external inflow (conversion carried no inflow data)"
NO_INFLOW_SOURCES,"HEATHFR.rpt","runoff off + zero DWF/GW/RDII/external inflow (conversion carried no inflow data)"
NO_INFLOW_SOURCES,"HEATHREQ.rpt","runoff off + zero DWF/GW/RDII/external inflow (conversion carried no inflow data)"
NO_INFLOW_SOURCES,"HEATHRHT.rpt","runoff off + zero DWF/GW/RDII/external inflow (conversion carried no inflow data)"
NO_INFLOW_SOURCES,"HEC-Conversion-1.rpt","runoff off + zero DWF/GW/RDII/external inflow (conversion carried no inflow data)"
NO_INFLOW_SOURCES,"HEC-Conversion-2-complete.rpt","runoff off + zero DWF/GW/RDII/external inflow (conversion carried no inflow data)"
NO_INFLOW_SOURCES,"HEC-Conversion-3-complete.rpt","runoff off + zero DWF/GW/RDII/external inflow (conversion carried no inflow data)"
NO_INFLOW_SOURCES,"HEC-Conversion-4-complete nex x sections.rpt","runoff off + zero DWF/GW/RDII/external inflow (conversion carried no inflow data)"
NO_INFLOW_SOURCES,"HEC-Conversion-4-complete.rpt","runoff off + zero DWF/GW/RDII/external inflow (conversion carried no inflow data)"
NO_INFLOW_SOURCES,"HEC-Conversion-5-complete.rpt","runoff off + zero DWF/GW/RDII/external inflow (conversion carried no inflow data)"
NO_INFLOW_SOURCES,"HEC-Conversion-5-complete_v15.rpt","runoff off + zero DWF/GW/RDII/external inflow (conversion carried no inflow data)"
NO_INFLOW_SOURCES,"HEDGEX2.rpt","runoff off + zero DWF/GW/RDII/external inflow (conversion carried no inflow data)"
NO_INFLOW_SOURCES,"HERR3.rpt","runoff off + zero DWF/GW/RDII/external inflow (conversion carried no inflow data)"
NO_INFLOW_SOURCES,"HERR3_v19.1.rpt","runoff off + zero DWF/GW/RDII/external inflow (conversion carried no inflow data)"
NO_INFLOW_SOURCES,"HERR3_v2.23.rpt","runoff off + zero DWF/GW/RDII/external inflow (conversion carried no inflow data)"
NO_INFLOW_SOURCES,"HERRTST.rpt","runoff off + zero DWF/GW/RDII/external inflow (conversion carried no inflow data)"
NO_INFLOW_SOURCES,"HESS-N.rpt","runoff off + zero DWF/GW/RDII/external inflow (conversion carried no inflow data)"
NO_INFLOW_SOURCES,"HH-Exist-97TrialWQ.rpt","runoff off + zero DWF/GW/RDII/external inflow (conversion carried no inflow data)"
NO_INFLOW_SOURCES,"HLAKE.rpt","runoff off + zero DWF/GW/RDII/external inflow (conversion carried no inflow data)"
NO_INFLOW_SOURCES,"HN2005FP.rpt","runoff off + zero DWF/GW/RDII/external inflow (conversion carried no inflow data)"
NO_INFLOW_SOURCES,"HOGADONE.rpt","runoff off + zero DWF/GW/RDII/external inflow (conversion carried no inflow data)"
NO_INFLOW_SOURCES,"HOOD.rpt","runoff off + zero DWF/GW/RDII/external inflow (conversion carried no inflow data)"
NO_INFLOW_SOURCES,"HOOD1.rpt","runoff off + zero DWF/GW/RDII/external inflow (conversion carried no inflow data)"
NO_INFLOW_SOURCES,"HOOD2.rpt","runoff off + zero DWF/GW/RDII/external inflow (conversion carried no inflow data)"
NO_INFLOW_SOURCES,"HOSMER.rpt","runoff off + zero DWF/GW/RDII/external inflow (conversion carried no inflow data)"
NO_INFLOW_SOURCES,"HP5.rpt","runoff off + zero DWF/GW/RDII/external inflow (conversion carried no inflow data)"
NO_INFLOW_SOURCES,"HP5A.rpt","runoff off + zero DWF/GW/RDII/external inflow (conversion carried no inflow data)"
NO_INFLOW_SOURCES,"HYBRIDT.rpt","runoff off + zero DWF/GW/RDII/external inflow (conversion carried no inflow data)"
NO_INFLOW_SOURCES,"Hwy26_2-2_50yr.rpt","runoff off + zero DWF/GW/RDII/external inflow (conversion carried no inflow data)"
NO_INFLOW_SOURCES,"I10.rpt","runoff off + zero DWF/GW/RDII/external inflow (conversion carried no inflow data)"
NO_INFLOW_SOURCES,"IH11.rpt","runoff off + zero DWF/GW/RDII/external inflow (conversion carried no inflow data)"
NO_INFLOW_SOURCES,"IMC1.rpt","runoff off + zero DWF/GW/RDII/external inflow (conversion carried no inflow data)"
NO_INFLOW_SOURCES,"IMC1_SW.rpt","runoff off + zero DWF/GW/RDII/external inflow (conversion carried no inflow data)"
NO_INFLOW_SOURCES,"IMC1_XT.rpt","runoff off + zero DWF/GW/RDII/external inflow (conversion carried no inflow data)"
NO_INFLOW_SOURCES,"IMC2T.rpt","runoff off + zero DWF/GW/RDII/external inflow (conversion carried no inflow data)"
NO_INFLOW_SOURCES,"IMCTST.rpt","runoff off + zero DWF/GW/RDII/external inflow (conversion carried no inflow data)"
NO_INFLOW_SOURCES,"IMPERIAL.rpt","runoff off + zero DWF/GW/RDII/external inflow (conversion carried no inflow data)"
NO_INFLOW_SOURCES,"IMPORT.rpt","runoff off + zero DWF/GW/RDII/external inflow (conversion carried no inflow data)"
NO_INFLOW_SOURCES,"IMPORTLL.rpt","runoff off + zero DWF/GW/RDII/external inflow (conversion carried no inflow data)"
NO_INFLOW_SOURCES,"IMPROVE5.rpt","runoff off + zero DWF/GW/RDII/external inflow (conversion carried no inflow data)"
NO_INFLOW_SOURCES,"IMPTST.rpt","runoff off + zero DWF/GW/RDII/external inflow (conversion carried no inflow data)"
NO_INFLOW_SOURCES,"INFIL.rpt","runoff off + zero DWF/GW/RDII/external inflow (conversion carried no inflow data)"
NO_INFLOW_SOURCES,"INFLOW.rpt","runoff off + zero DWF/GW/RDII/external inflow (conversion carried no inflow data)"
NO_INFLOW_SOURCES,"INPUT1.rpt","runoff off + zero DWF/GW/RDII/external inflow (conversion carried no inflow data)"
NO_INFLOW_SOURCES,"INPUT1A.rpt","runoff off + zero DWF/GW/RDII/external inflow (conversion carried no inflow data)"
NO_INFLOW_SOURCES,"INT1.rpt","runoff off + zero DWF/GW/RDII/external inflow (conversion carried no inflow data)"
NO_INFLOW_SOURCES,"INT1A.rpt","runoff off + zero DWF/GW/RDII/external inflow (conversion carried no inflow data)"
NO_INFLOW_SOURCES,"INTER.rpt","runoff off + zero DWF/GW/RDII/external inflow (conversion carried no inflow data)"
NO_INFLOW_SOURCES,"INTL2.rpt","runoff off + zero DWF/GW/RDII/external inflow (conversion carried no inflow data)"
NO_INFLOW_SOURCES,"INVERT1.rpt","runoff off + zero DWF/GW/RDII/external inflow (conversion carried no inflow data)"
NO_INFLOW_SOURCES,"INVERT2.rpt","runoff off + zero DWF/GW/RDII/external inflow (conversion carried no inflow data)"
NO_INFLOW_SOURCES,"IOP-EX2.rpt","runoff off + zero DWF/GW/RDII/external inflow (conversion carried no inflow data)"
NO_INFLOW_SOURCES,"IS-F010.rpt","runoff off + zero DWF/GW/RDII/external inflow (conversion carried no inflow data)"
NO_INFLOW_SOURCES,"JACK_RUN.rpt","runoff off + zero DWF/GW/RDII/external inflow (conversion carried no inflow data)"
NO_INFLOW_SOURCES,"JACK_RUN_v6.rpt","runoff off + zero DWF/GW/RDII/external inflow (conversion carried no inflow data)"
NO_INFLOW_SOURCES,"JC.rpt","runoff off + zero DWF/GW/RDII/external inflow (conversion carried no inflow data)"
NO_INFLOW_SOURCES,"JDUMB.rpt","runoff off + zero DWF/GW/RDII/external inflow (conversion carried no inflow data)"
NO_INFLOW_SOURCES,"JEANNE.rpt","runoff off + zero DWF/GW/RDII/external inflow (conversion carried no inflow data)"
NO_INFLOW_SOURCES,"JESSIE.rpt","runoff off + zero DWF/GW/RDII/external inflow (conversion carried no inflow data)"
NO_INFLOW_SOURCES,"JFC1.rpt","runoff off + zero DWF/GW/RDII/external inflow (conversion carried no inflow data)"
NO_INFLOW_SOURCES,"JJA.rpt","runoff off + zero DWF/GW/RDII/external inflow (conversion carried no inflow data)"
NO_INFLOW_SOURCES,"JOEDATA.rpt","runoff off + zero DWF/GW/RDII/external inflow (conversion carried no inflow data)"
NO_INFLOW_SOURCES,"JUNCTION.rpt","runoff off + zero DWF/GW/RDII/external inflow (conversion carried no inflow data)"
NO_INFLOW_SOURCES,"JUNK.rpt","runoff off + zero DWF/GW/RDII/external inflow (conversion carried no inflow data)"
NO_INFLOW_SOURCES,"JUNK1.rpt","runoff off + zero DWF/GW/RDII/external inflow (conversion carried no inflow data)"
NO_INFLOW_SOURCES,"JUNK2J.rpt","runoff off + zero DWF/GW/RDII/external inflow (conversion carried no inflow data)"
NO_INFLOW_SOURCES,"JURGEN_v1.01.rpt","runoff off + zero DWF/GW/RDII/external inflow (conversion carried no inflow data)"
NO_INFLOW_SOURCES,"JUST.rpt","runoff off + zero DWF/GW/RDII/external inflow (conversion carried no inflow data)"
NO_INFLOW_SOURCES,"Jadoug.rpt","runoff off + zero DWF/GW/RDII/external inflow (conversion carried no inflow data)"
NO_INFLOW_SOURCES,"Japan WQ Example.rpt","runoff off + zero DWF/GW/RDII/external inflow (conversion carried no inflow data)"
NO_INFLOW_SOURCES,"Japan WQ Example_v16.rpt","runoff off + zero DWF/GW/RDII/external inflow (conversion carried no inflow data)"
NO_INFLOW_SOURCES,"Japan WQ Example_v16_v16.rpt","runoff off + zero DWF/GW/RDII/external inflow (conversion carried no inflow data)"
NO_INFLOW_SOURCES,"Japan WQ Example_v19.1.rpt","runoff off + zero DWF/GW/RDII/external inflow (conversion carried no inflow data)"
NO_INFLOW_SOURCES,"KA1022A1.rpt","runoff off + zero DWF/GW/RDII/external inflow (conversion carried no inflow data)"
NO_INFLOW_SOURCES,"KA1022A2.rpt","runoff off + zero DWF/GW/RDII/external inflow (conversion carried no inflow data)"
NO_INFLOW_SOURCES,"KAN930_1.rpt","runoff off + zero DWF/GW/RDII/external inflow (conversion carried no inflow data)"
NO_INFLOW_SOURCES,"KASENSE.rpt","runoff off + zero DWF/GW/RDII/external inflow (conversion carried no inflow data)"
NO_INFLOW_SOURCES,"KCCG.rpt","runoff off + zero DWF/GW/RDII/external inflow (conversion carried no inflow data)"
NO_INFLOW_SOURCES,"KI-100.rpt","runoff off + zero DWF/GW/RDII/external inflow (conversion carried no inflow data)"
NO_INFLOW_SOURCES,"KI-100A.rpt","runoff off + zero DWF/GW/RDII/external inflow (conversion carried no inflow data)"
NO_INFLOW_SOURCES,"KI-100B.rpt","runoff off + zero DWF/GW/RDII/external inflow (conversion carried no inflow data)"
NO_INFLOW_SOURCES,"KI-100C.rpt","runoff off + zero DWF/GW/RDII/external inflow (conversion carried no inflow data)"
NO_INFLOW_SOURCES,"KI-100CA.rpt","runoff off + zero DWF/GW/RDII/external inflow (conversion carried no inflow data)"
NO_INFLOW_SOURCES,"KI-100D.rpt","runoff off + zero DWF/GW/RDII/external inflow (conversion carried no inflow data)"
NO_INFLOW_SOURCES,"KI-100E.rpt","runoff off + zero DWF/GW/RDII/external inflow (conversion carried no inflow data)"
NO_INFLOW_SOURCES,"KICK1003.rpt","runoff off + zero DWF/GW/RDII/external inflow (conversion carried no inflow data)"
NO_INFLOW_SOURCES,"KINHILL.rpt","runoff off + zero DWF/GW/RDII/external inflow (conversion carried no inflow data)"
NO_INFLOW_SOURCES,"KIRKWOOD-8.rpt","runoff off + zero DWF/GW/RDII/external inflow (conversion carried no inflow data)"
NO_INFLOW_SOURCES,"KIT9596.rpt","runoff off + zero DWF/GW/RDII/external inflow (conversion carried no inflow data)"
NO_INFLOW_SOURCES,"KKE1A.rpt","runoff off + zero DWF/GW/RDII/external inflow (conversion carried no inflow data)"
NO_INFLOW_SOURCES,"KKEQ20TF.rpt","runoff off + zero DWF/GW/RDII/external inflow (conversion carried no inflow data)"
NO_INFLOW_SOURCES,"KKFP01.rpt","runoff off + zero DWF/GW/RDII/external inflow (conversion carried no inflow data)"
NO_INFLOW_SOURCES,"KKFP01_v2.03.rpt","runoff off + zero DWF/GW/RDII/external inflow (conversion carried no inflow data)"
NO_INFLOW_SOURCES,"KKFP2001.rpt","runoff off + zero DWF/GW/RDII/external inflow (conversion carried no inflow data)"
NO_INFLOW_SOURCES,"KKFPTEST.rpt","runoff off + zero DWF/GW/RDII/external inflow (conversion carried no inflow data)"
NO_INFLOW_SOURCES,"KPTEST.rpt","runoff off + zero DWF/GW/RDII/external inflow (conversion carried no inflow data)"
NO_INFLOW_SOURCES,"KRISTEN.rpt","runoff off + zero DWF/GW/RDII/external inflow (conversion carried no inflow data)"
NO_INFLOW_SOURCES,"LAKE1.rpt","runoff off + zero DWF/GW/RDII/external inflow (conversion carried no inflow data)"
NO_INFLOW_SOURCES,"LAKE1A.rpt","runoff off + zero DWF/GW/RDII/external inflow (conversion carried no inflow data)"
NO_INFLOW_SOURCES,"LAKE2.rpt","runoff off + zero DWF/GW/RDII/external inflow (conversion carried no inflow data)"
NO_INFLOW_SOURCES,"LAKE3.rpt","runoff off + zero DWF/GW/RDII/external inflow (conversion carried no inflow data)"
NO_INFLOW_SOURCES,"LAUR&T1(1).rpt","runoff off + zero DWF/GW/RDII/external inflow (conversion carried no inflow data)"
NO_INFLOW_SOURCES,"LAUR&T1(2).rpt","runoff off + zero DWF/GW/RDII/external inflow (conversion carried no inflow data)"
NO_INFLOW_SOURCES,"LAUR&T1.rpt","runoff off + zero DWF/GW/RDII/external inflow (conversion carried no inflow data)"
NO_INFLOW_SOURCES,"LC.rpt","runoff off + zero DWF/GW/RDII/external inflow (conversion carried no inflow data)"
NO_INFLOW_SOURCES,"LC6.rpt","runoff off + zero DWF/GW/RDII/external inflow (conversion carried no inflow data)"
NO_INFLOW_SOURCES,"LEENA.rpt","runoff off + zero DWF/GW/RDII/external inflow (conversion carried no inflow data)"
NO_INFLOW_SOURCES,"LI.rpt","runoff off + zero DWF/GW/RDII/external inflow (conversion carried no inflow data)"
NO_INFLOW_SOURCES,"LID-ExampleA.rpt","runoff off + zero DWF/GW/RDII/external inflow (conversion carried no inflow data)"
NO_INFLOW_SOURCES,"LID-ExampleB.rpt","runoff off + zero DWF/GW/RDII/external inflow (conversion carried no inflow data)"
NO_INFLOW_SOURCES,"LID-ExampleC.rpt","runoff off + zero DWF/GW/RDII/external inflow (conversion carried no inflow data)"
NO_INFLOW_SOURCES,"LINCOLN.rpt","runoff off + zero DWF/GW/RDII/external inflow (conversion carried no inflow data)"
NO_INFLOW_SOURCES,"LO1.rpt","runoff off + zero DWF/GW/RDII/external inflow (conversion carried no inflow data)"
NO_INFLOW_SOURCES,"LO1A.rpt","runoff off + zero DWF/GW/RDII/external inflow (conversion carried no inflow data)"
NO_INFLOW_SOURCES,"LO1B.rpt","runoff off + zero DWF/GW/RDII/external inflow (conversion carried no inflow data)"
NO_INFLOW_SOURCES,"LOCALT3.rpt","runoff off + zero DWF/GW/RDII/external inflow (conversion carried no inflow data)"
NO_INFLOW_SOURCES,"LOWFLOW.rpt","runoff off + zero DWF/GW/RDII/external inflow (conversion carried no inflow data)"
NO_INFLOW_SOURCES,"LP_CALIBRATION.rpt","runoff off + zero DWF/GW/RDII/external inflow (conversion carried no inflow data)"
NO_INFLOW_SOURCES,"LP_design.rpt","runoff off + zero DWF/GW/RDII/external inflow (conversion carried no inflow data)"
NO_INFLOW_SOURCES,"LYNCH.rpt","runoff off + zero DWF/GW/RDII/external inflow (conversion carried no inflow data)"
NO_INFLOW_SOURCES,"LYNCH1.rpt","runoff off + zero DWF/GW/RDII/external inflow (conversion carried no inflow data)"
NO_INFLOW_SOURCES,"LYNCHTR.rpt","runoff off + zero DWF/GW/RDII/external inflow (conversion carried no inflow data)"
NO_INFLOW_SOURCES,"Lakes at Creekside Section 4_1D-2D Model.rpt","runoff off + zero DWF/GW/RDII/external inflow (conversion carried no inflow data)"
NO_INFLOW_SOURCES,"Laur&t(1).rpt","runoff off + zero DWF/GW/RDII/external inflow (conversion carried no inflow data)"
NO_INFLOW_SOURCES,"Laur&t(2).rpt","runoff off + zero DWF/GW/RDII/external inflow (conversion carried no inflow data)"
NO_INFLOW_SOURCES,"Laur&t.rpt","runoff off + zero DWF/GW/RDII/external inflow (conversion carried no inflow data)"
NO_INFLOW_SOURCES,"LexingtonContinuous.rpt","runoff off + zero DWF/GW/RDII/external inflow (conversion carried no inflow data)"
NO_INFLOW_SOURCES,"LexingtonEvent.rpt","runoff off + zero DWF/GW/RDII/external inflow (conversion carried no inflow data)"
NO_INFLOW_SOURCES,"Lowflow1.rpt","runoff off + zero DWF/GW/RDII/external inflow (conversion carried no inflow data)"
NO_INFLOW_SOURCES,"MAJMIN1.rpt","runoff off + zero DWF/GW/RDII/external inflow (conversion carried no inflow data)"
NO_INFLOW_SOURCES,"MALAY.rpt","runoff off + zero DWF/GW/RDII/external inflow (conversion carried no inflow data)"
NO_INFLOW_SOURCES,"MARTING.rpt","runoff off + zero DWF/GW/RDII/external inflow (conversion carried no inflow data)"
NO_INFLOW_SOURCES,"MARWWINT.rpt","runoff off + zero DWF/GW/RDII/external inflow (conversion carried no inflow data)"
NO_INFLOW_SOURCES,"MASTER1_v1.01.rpt","runoff off + zero DWF/GW/RDII/external inflow (conversion carried no inflow data)"
NO_INFLOW_SOURCES,"MASTER2.rpt","runoff off + zero DWF/GW/RDII/external inflow (conversion carried no inflow data)"
NO_INFLOW_SOURCES,"MASTER3.rpt","runoff off + zero DWF/GW/RDII/external inflow (conversion carried no inflow data)"
NO_INFLOW_SOURCES,"MASTER4.rpt","runoff off + zero DWF/GW/RDII/external inflow (conversion carried no inflow data)"
NO_INFLOW_SOURCES,"MASTER5_v1.31.rpt","runoff off + zero DWF/GW/RDII/external inflow (conversion carried no inflow data)"
NO_INFLOW_SOURCES,"MAULEON.rpt","runoff off + zero DWF/GW/RDII/external inflow (conversion carried no inflow data)"
NO_INFLOW_SOURCES,"MAULEON1.rpt","runoff off + zero DWF/GW/RDII/external inflow (conversion carried no inflow data)"
NO_INFLOW_SOURCES,"MAULEON2.rpt","runoff off + zero DWF/GW/RDII/external inflow (conversion carried no inflow data)"
NO_INFLOW_SOURCES,"MAY7ROFF.rpt","runoff off + zero DWF/GW/RDII/external inflow (conversion carried no inflow data)"
NO_INFLOW_SOURCES,"MAYBR.rpt","runoff off + zero DWF/GW/RDII/external inflow (conversion carried no inflow data)"
NO_INFLOW_SOURCES,"MCWET.rpt","runoff off + zero DWF/GW/RDII/external inflow (conversion carried no inflow data)"
NO_INFLOW_SOURCES,"MIARUN.rpt","runoff off + zero DWF/GW/RDII/external inflow (conversion carried no inflow data)"
NO_INFLOW_SOURCES,"MISDRAIN.rpt","runoff off + zero DWF/GW/RDII/external inflow (conversion carried no inflow data)"
NO_INFLOW_SOURCES,"MOD100.rpt","runoff off + zero DWF/GW/RDII/external inflow (conversion carried no inflow data)"
NO_INFLOW_SOURCES,"MOD100_v6.rpt","runoff off + zero DWF/GW/RDII/external inflow (conversion carried no inflow data)"
NO_INFLOW_SOURCES,"MOD103.rpt","runoff off + zero DWF/GW/RDII/external inflow (conversion carried no inflow data)"
NO_INFLOW_SOURCES,"MOD157.rpt","runoff off + zero DWF/GW/RDII/external inflow (conversion carried no inflow data)"
NO_INFLOW_SOURCES,"MOD180.rpt","runoff off + zero DWF/GW/RDII/external inflow (conversion carried no inflow data)"
NO_INFLOW_SOURCES,"MOD181.rpt","runoff off + zero DWF/GW/RDII/external inflow (conversion carried no inflow data)"
NO_INFLOW_SOURCES,"MOD202.rpt","runoff off + zero DWF/GW/RDII/external inflow (conversion carried no inflow data)"
NO_INFLOW_SOURCES,"MOD40.rpt","runoff off + zero DWF/GW/RDII/external inflow (conversion carried no inflow data)"
NO_INFLOW_SOURCES,"MOD47.rpt","runoff off + zero DWF/GW/RDII/external inflow (conversion carried no inflow data)"
NO_INFLOW_SOURCES,"MOD61.rpt","runoff off + zero DWF/GW/RDII/external inflow (conversion carried no inflow data)"
NO_INFLOW_SOURCES,"MOD61_v5.3.rpt","runoff off + zero DWF/GW/RDII/external inflow (conversion carried no inflow data)"
NO_INFLOW_SOURCES,"MOD99.rpt","runoff off + zero DWF/GW/RDII/external inflow (conversion carried no inflow data)"
NO_INFLOW_SOURCES,"MOD99_v5.3.rpt","runoff off + zero DWF/GW/RDII/external inflow (conversion carried no inflow data)"
NO_INFLOW_SOURCES,"MODIFY.rpt","runoff off + zero DWF/GW/RDII/external inflow (conversion carried no inflow data)"
NO_INFLOW_SOURCES,"MODIFY1.rpt","runoff off + zero DWF/GW/RDII/external inflow (conversion carried no inflow data)"
NO_INFLOW_SOURCES,"MODIFY2.rpt","runoff off + zero DWF/GW/RDII/external inflow (conversion carried no inflow data)"
NO_INFLOW_SOURCES,"MODIFY3.rpt","runoff off + zero DWF/GW/RDII/external inflow (conversion carried no inflow data)"
NO_INFLOW_SOURCES,"MODIFY4.rpt","runoff off + zero DWF/GW/RDII/external inflow (conversion carried no inflow data)"
NO_INFLOW_SOURCES,"MODIFY5.rpt","runoff off + zero DWF/GW/RDII/external inflow (conversion carried no inflow data)"
NO_INFLOW_SOURCES,"MODIFY_v2.04.rpt","runoff off + zero DWF/GW/RDII/external inflow (conversion carried no inflow data)"
NO_INFLOW_SOURCES,"MONT04.rpt","runoff off + zero DWF/GW/RDII/external inflow (conversion carried no inflow data)"
NO_INFLOW_SOURCES,"MONT08.rpt","runoff off + zero DWF/GW/RDII/external inflow (conversion carried no inflow data)"
NO_INFLOW_SOURCES,"MPORF.rpt","runoff off + zero DWF/GW/RDII/external inflow (conversion carried no inflow data)"
NO_INFLOW_SOURCES,"MULDWF.rpt","runoff off + zero DWF/GW/RDII/external inflow (conversion carried no inflow data)"
NO_INFLOW_SOURCES,"MWPUMP1.rpt","runoff off + zero DWF/GW/RDII/external inflow (conversion carried no inflow data)"
NO_INFLOW_SOURCES,"Majmin.rpt","runoff off + zero DWF/GW/RDII/external inflow (conversion carried no inflow data)"
NO_INFLOW_SOURCES,"Model3_1D-2D_Urban_10m Grid.rpt","runoff off + zero DWF/GW/RDII/external inflow (conversion carried no inflow data)"
NO_INFLOW_SOURCES,"Model4_1D-2D_Urban_2m Grid.rpt","runoff off + zero DWF/GW/RDII/external inflow (conversion carried no inflow data)"
NO_INFLOW_SOURCES,"Model5_1D-2D-2D_5m-2m.rpt","runoff off + zero DWF/GW/RDII/external inflow (conversion carried no inflow data)"
NO_INFLOW_SOURCES,"Model5_1D-2D-2D_5m-2m_extra vertices.rpt","runoff off + zero DWF/GW/RDII/external inflow (conversion carried no inflow data)"
NO_INFLOW_SOURCES,"Model5_1D-2D-2D_5m-2m_extra vertices_new location.rpt","runoff off + zero DWF/GW/RDII/external inflow (conversion carried no inflow data)"
NO_INFLOW_SOURCES,"Module99.rpt","runoff off + zero DWF/GW/RDII/external inflow (conversion carried no inflow data)"
NO_INFLOW_SOURCES,"N30.rpt","runoff off + zero DWF/GW/RDII/external inflow (conversion carried no inflow data)"
NO_INFLOW_SOURCES,"NADA.rpt","runoff off + zero DWF/GW/RDII/external inflow (conversion carried no inflow data)"
NO_INFLOW_SOURCES,"NAPLES.rpt","runoff off + zero DWF/GW/RDII/external inflow (conversion carried no inflow data)"
NO_INFLOW_SOURCES,"NASH.rpt","runoff off + zero DWF/GW/RDII/external inflow (conversion carried no inflow data)"
NO_INFLOW_SOURCES,"NATSMALL.rpt","runoff off + zero DWF/GW/RDII/external inflow (conversion carried no inflow data)"
NO_INFLOW_SOURCES,"NATURE.rpt","runoff off + zero DWF/GW/RDII/external inflow (conversion carried no inflow data)"
NO_INFLOW_SOURCES,"NATURE1.rpt","runoff off + zero DWF/GW/RDII/external inflow (conversion carried no inflow data)"
NO_INFLOW_SOURCES,"NATURE1_v19.1.rpt","runoff off + zero DWF/GW/RDII/external inflow (conversion carried no inflow data)"
NO_INFLOW_SOURCES,"NATURE1_v2.2.rpt","runoff off + zero DWF/GW/RDII/external inflow (conversion carried no inflow data)"
NO_INFLOW_SOURCES,"NATUREL.rpt","runoff off + zero DWF/GW/RDII/external inflow (conversion carried no inflow data)"
NO_INFLOW_SOURCES,"NCHANNEL.rpt","runoff off + zero DWF/GW/RDII/external inflow (conversion carried no inflow data)"
NO_INFLOW_SOURCES,"NECALIB1.rpt","runoff off + zero DWF/GW/RDII/external inflow (conversion carried no inflow data)"
NO_INFLOW_SOURCES,"NEQTST.rpt","runoff off + zero DWF/GW/RDII/external inflow (conversion carried no inflow data)"
NO_INFLOW_SOURCES,"NEWLINE.rpt","runoff off + zero DWF/GW/RDII/external inflow (conversion carried no inflow data)"
NO_INFLOW_SOURCES,"NEWPBS.rpt","runoff off + zero DWF/GW/RDII/external inflow (conversion carried no inflow data)"
NO_INFLOW_SOURCES,"NEWPMP1.rpt","runoff off + zero DWF/GW/RDII/external inflow (conversion carried no inflow data)"
NO_INFLOW_SOURCES,"NEWPMP10.rpt","runoff off + zero DWF/GW/RDII/external inflow (conversion carried no inflow data)"
NO_INFLOW_SOURCES,"NEWPMP13.rpt","runoff off + zero DWF/GW/RDII/external inflow (conversion carried no inflow data)"
NO_INFLOW_SOURCES,"NEWPMP14.rpt","runoff off + zero DWF/GW/RDII/external inflow (conversion carried no inflow data)"
NO_INFLOW_SOURCES,"NEWPMP15.rpt","runoff off + zero DWF/GW/RDII/external inflow (conversion carried no inflow data)"
NO_INFLOW_SOURCES,"NEWPMP2.rpt","runoff off + zero DWF/GW/RDII/external inflow (conversion carried no inflow data)"
NO_INFLOW_SOURCES,"NEWPMP20.rpt","runoff off + zero DWF/GW/RDII/external inflow (conversion carried no inflow data)"
NO_INFLOW_SOURCES,"NEWPMP21.rpt","runoff off + zero DWF/GW/RDII/external inflow (conversion carried no inflow data)"
NO_INFLOW_SOURCES,"NEWPMP22.rpt","runoff off + zero DWF/GW/RDII/external inflow (conversion carried no inflow data)"
NO_INFLOW_SOURCES,"NEWPMP25.rpt","runoff off + zero DWF/GW/RDII/external inflow (conversion carried no inflow data)"
NO_INFLOW_SOURCES,"NEWPMP3.rpt","runoff off + zero DWF/GW/RDII/external inflow (conversion carried no inflow data)"
NO_INFLOW_SOURCES,"NEWPMP4.rpt","runoff off + zero DWF/GW/RDII/external inflow (conversion carried no inflow data)"
NO_INFLOW_SOURCES,"NEWPMP5.rpt","runoff off + zero DWF/GW/RDII/external inflow (conversion carried no inflow data)"
NO_INFLOW_SOURCES,"NEWPMP6.rpt","runoff off + zero DWF/GW/RDII/external inflow (conversion carried no inflow data)"
NO_INFLOW_SOURCES,"NEWPMP7.rpt","runoff off + zero DWF/GW/RDII/external inflow (conversion carried no inflow data)"
NO_INFLOW_SOURCES,"NEWPMP8.rpt","runoff off + zero DWF/GW/RDII/external inflow (conversion carried no inflow data)"
NO_INFLOW_SOURCES,"NEWPMP9.rpt","runoff off + zero DWF/GW/RDII/external inflow (conversion carried no inflow data)"
NO_INFLOW_SOURCES,"NEWPUMP.rpt","runoff off + zero DWF/GW/RDII/external inflow (conversion carried no inflow data)"
NO_INFLOW_SOURCES,"NEWPUMP1.rpt","runoff off + zero DWF/GW/RDII/external inflow (conversion carried no inflow data)"
NO_INFLOW_SOURCES,"NEWPUMP2.rpt","runoff off + zero DWF/GW/RDII/external inflow (conversion carried no inflow data)"
NO_INFLOW_SOURCES,"NEWT150.rpt","runoff off + zero DWF/GW/RDII/external inflow (conversion carried no inflow data)"
NO_INFLOW_SOURCES,"NOAH1.rpt","runoff off + zero DWF/GW/RDII/external inflow (conversion carried no inflow data)"
NO_INFLOW_SOURCES,"NORTH25.rpt","runoff off + zero DWF/GW/RDII/external inflow (conversion carried no inflow data)"
NO_INFLOW_SOURCES,"NT134-XE.rpt","runoff off + zero DWF/GW/RDII/external inflow (conversion carried no inflow data)"
NO_INFLOW_SOURCES,"NT134XEN.rpt","runoff off + zero DWF/GW/RDII/external inflow (conversion carried no inflow data)"
NO_INFLOW_SOURCES,"NW_Lake_N.rpt","runoff off + zero DWF/GW/RDII/external inflow (conversion carried no inflow data)"
NO_INFLOW_SOURCES,"New_Hope_NW_Lake_N_Example.rpt","runoff off + zero DWF/GW/RDII/external inflow (conversion carried no inflow data)"
NO_INFLOW_SOURCES,"Newpmp12.rpt","runoff off + zero DWF/GW/RDII/external inflow (conversion carried no inflow data)"
NO_INFLOW_SOURCES,"Noorholl.rpt","runoff off + zero DWF/GW/RDII/external inflow (conversion carried no inflow data)"
NO_INFLOW_SOURCES,"Noorholl_v2.2.rpt","runoff off + zero DWF/GW/RDII/external inflow (conversion carried no inflow data)"
NO_INFLOW_SOURCES,"OAK.rpt","runoff off + zero DWF/GW/RDII/external inflow (conversion carried no inflow data)"
NO_INFLOW_SOURCES,"OFC5S.rpt","runoff off + zero DWF/GW/RDII/external inflow (conversion carried no inflow data)"
NO_INFLOW_SOURCES,"OFFLINE1.rpt","runoff off + zero DWF/GW/RDII/external inflow (conversion carried no inflow data)"
NO_INFLOW_SOURCES,"OFFLINE2.rpt","runoff off + zero DWF/GW/RDII/external inflow (conversion carried no inflow data)"
NO_INFLOW_SOURCES,"OFFLINE3.rpt","runoff off + zero DWF/GW/RDII/external inflow (conversion carried no inflow data)"
NO_INFLOW_SOURCES,"OFFLINE4.rpt","runoff off + zero DWF/GW/RDII/external inflow (conversion carried no inflow data)"
NO_INFLOW_SOURCES,"OFFLINE5.rpt","runoff off + zero DWF/GW/RDII/external inflow (conversion carried no inflow data)"
NO_INFLOW_SOURCES,"OFFLINE6.rpt","runoff off + zero DWF/GW/RDII/external inflow (conversion carried no inflow data)"
NO_INFLOW_SOURCES,"OFFLINE7.rpt","runoff off + zero DWF/GW/RDII/external inflow (conversion carried no inflow data)"
NO_INFLOW_SOURCES,"OGDEN.rpt","runoff off + zero DWF/GW/RDII/external inflow (conversion carried no inflow data)"
NO_INFLOW_SOURCES,"OGDEN1.rpt","runoff off + zero DWF/GW/RDII/external inflow (conversion carried no inflow data)"
NO_INFLOW_SOURCES,"OH10191A.rpt","runoff off + zero DWF/GW/RDII/external inflow (conversion carried no inflow data)"
NO_INFLOW_SOURCES,"OR288.rpt","runoff off + zero DWF/GW/RDII/external inflow (conversion carried no inflow data)"
NO_INFLOW_SOURCES,"ORIF-OS.rpt","runoff off + zero DWF/GW/RDII/external inflow (conversion carried no inflow data)"
NO_INFLOW_SOURCES,"ORIF.rpt","runoff off + zero DWF/GW/RDII/external inflow (conversion carried no inflow data)"
NO_INFLOW_SOURCES,"ORIF2.rpt","runoff off + zero DWF/GW/RDII/external inflow (conversion carried no inflow data)"
NO_INFLOW_SOURCES,"ORIF2_v5.62.rpt","runoff off + zero DWF/GW/RDII/external inflow (conversion carried no inflow data)"
NO_INFLOW_SOURCES,"ORIG50.rpt","runoff off + zero DWF/GW/RDII/external inflow (conversion carried no inflow data)"
NO_INFLOW_SOURCES,"ORLEAN1.rpt","runoff off + zero DWF/GW/RDII/external inflow (conversion carried no inflow data)"
NO_INFLOW_SOURCES,"ORLEAN2.rpt","runoff off + zero DWF/GW/RDII/external inflow (conversion carried no inflow data)"
NO_INFLOW_SOURCES,"ORLEANS.rpt","runoff off + zero DWF/GW/RDII/external inflow (conversion carried no inflow data)"
NO_INFLOW_SOURCES,"ORLOFF1.rpt","runoff off + zero DWF/GW/RDII/external inflow (conversion carried no inflow data)"
NO_INFLOW_SOURCES,"ORLOFF2.rpt","runoff off + zero DWF/GW/RDII/external inflow (conversion carried no inflow data)"
NO_INFLOW_SOURCES,"ORME614.rpt","runoff off + zero DWF/GW/RDII/external inflow (conversion carried no inflow data)"
NO_INFLOW_SOURCES,"OUTFALLS.rpt","runoff off + zero DWF/GW/RDII/external inflow (conversion carried no inflow data)"
NO_INFLOW_SOURCES,"OWASSO.rpt","runoff off + zero DWF/GW/RDII/external inflow (conversion carried no inflow data)"
NO_INFLOW_SOURCES,"Offline-Storage.rpt","runoff off + zero DWF/GW/RDII/external inflow (conversion carried no inflow data)"
NO_INFLOW_SOURCES,"Offline.rpt","runoff off + zero DWF/GW/RDII/external inflow (conversion carried no inflow data)"
NO_INFLOW_SOURCES,"PARRA.rpt","runoff off + zero DWF/GW/RDII/external inflow (conversion carried no inflow data)"
NO_INFLOW_SOURCES,"PAVCHN.rpt","runoff off + zero DWF/GW/RDII/external inflow (conversion carried no inflow data)"
NO_INFLOW_SOURCES,"PBS&JSEN(1).rpt","runoff off + zero DWF/GW/RDII/external inflow (conversion carried no inflow data)"
NO_INFLOW_SOURCES,"PBS&JSEN(2).rpt","runoff off + zero DWF/GW/RDII/external inflow (conversion carried no inflow data)"
NO_INFLOW_SOURCES,"PBS&JSEN.rpt","runoff off + zero DWF/GW/RDII/external inflow (conversion carried no inflow data)"
NO_INFLOW_SOURCES,"PBS&JSEN_v1.4(1).rpt","runoff off + zero DWF/GW/RDII/external inflow (conversion carried no inflow data)"
NO_INFLOW_SOURCES,"PBS&JSEN_v1.4(2).rpt","runoff off + zero DWF/GW/RDII/external inflow (conversion carried no inflow data)"
NO_INFLOW_SOURCES,"PBS&JSEN_v1.4.rpt","runoff off + zero DWF/GW/RDII/external inflow (conversion carried no inflow data)"
NO_INFLOW_SOURCES,"PBSJ.rpt","runoff off + zero DWF/GW/RDII/external inflow (conversion carried no inflow data)"
NO_INFLOW_SOURCES,"PBSJ1.rpt","runoff off + zero DWF/GW/RDII/external inflow (conversion carried no inflow data)"
NO_INFLOW_SOURCES,"PBSJ11.rpt","runoff off + zero DWF/GW/RDII/external inflow (conversion carried no inflow data)"
NO_INFLOW_SOURCES,"PEARCE1.rpt","runoff off + zero DWF/GW/RDII/external inflow (conversion carried no inflow data)"
NO_INFLOW_SOURCES,"PEARCEDE.rpt","runoff off + zero DWF/GW/RDII/external inflow (conversion carried no inflow data)"
NO_INFLOW_SOURCES,"PEARCEXT.rpt","runoff off + zero DWF/GW/RDII/external inflow (conversion carried no inflow data)"
NO_INFLOW_SOURCES,"PEBBLE.rpt","runoff off + zero DWF/GW/RDII/external inflow (conversion carried no inflow data)"
NO_INFLOW_SOURCES,"PH003.rpt","runoff off + zero DWF/GW/RDII/external inflow (conversion carried no inflow data)"
NO_INFLOW_SOURCES,"PIETER.rpt","runoff off + zero DWF/GW/RDII/external inflow (conversion carried no inflow data)"
NO_INFLOW_SOURCES,"PINELLAS.rpt","runoff off + zero DWF/GW/RDII/external inflow (conversion carried no inflow data)"
NO_INFLOW_SOURCES,"PND2_LYR.rpt","runoff off + zero DWF/GW/RDII/external inflow (conversion carried no inflow data)"
NO_INFLOW_SOURCES,"POLKAB.rpt","runoff off + zero DWF/GW/RDII/external inflow (conversion carried no inflow data)"
NO_INFLOW_SOURCES,"PORT02.rpt","runoff off + zero DWF/GW/RDII/external inflow (conversion carried no inflow data)"
NO_INFLOW_SOURCES,"POST15E.rpt","runoff off + zero DWF/GW/RDII/external inflow (conversion carried no inflow data)"
NO_INFLOW_SOURCES,"POST_NEW.rpt","runoff off + zero DWF/GW/RDII/external inflow (conversion carried no inflow data)"
NO_INFLOW_SOURCES,"PR5yr BaseFile.rpt","runoff off + zero DWF/GW/RDII/external inflow (conversion carried no inflow data)"
NO_INFLOW_SOURCES,"PROP-10Y.rpt","runoff off + zero DWF/GW/RDII/external inflow (conversion carried no inflow data)"
NO_INFLOW_SOURCES,"PROP.rpt","runoff off + zero DWF/GW/RDII/external inflow (conversion carried no inflow data)"
NO_INFLOW_SOURCES,"PROPLOSS.rpt","runoff off + zero DWF/GW/RDII/external inflow (conversion carried no inflow data)"
NO_INFLOW_SOURCES,"PS6.rpt","runoff off + zero DWF/GW/RDII/external inflow (conversion carried no inflow data)"
NO_INFLOW_SOURCES,"PS6204.rpt","runoff off + zero DWF/GW/RDII/external inflow (conversion carried no inflow data)"
NO_INFLOW_SOURCES,"PST.rpt","runoff off + zero DWF/GW/RDII/external inflow (conversion carried no inflow data)"
NO_INFLOW_SOURCES,"PUMP.rpt","runoff off + zero DWF/GW/RDII/external inflow (conversion carried no inflow data)"
NO_INFLOW_SOURCES,"PUMP5.rpt","runoff off + zero DWF/GW/RDII/external inflow (conversion carried no inflow data)"
NO_INFLOW_SOURCES,"PUMPNEW.rpt","runoff off + zero DWF/GW/RDII/external inflow (conversion carried no inflow data)"
NO_INFLOW_SOURCES,"PUSH.rpt","runoff off + zero DWF/GW/RDII/external inflow (conversion carried no inflow data)"
NO_INFLOW_SOURCES,"Parawqm9.rpt","runoff off + zero DWF/GW/RDII/external inflow (conversion carried no inflow data)"
NO_INFLOW_SOURCES,"Peter.rpt","runoff off + zero DWF/GW/RDII/external inflow (conversion carried no inflow data)"
NO_INFLOW_SOURCES,"Ph003a.rpt","runoff off + zero DWF/GW/RDII/external inflow (conversion carried no inflow data)"
NO_INFLOW_SOURCES,"Phase_3.rpt","runoff off + zero DWF/GW/RDII/external inflow (conversion carried no inflow data)"
NO_INFLOW_SOURCES,"Post100y8H.rpt","runoff off + zero DWF/GW/RDII/external inflow (conversion carried no inflow data)"
NO_INFLOW_SOURCES,"Postswl1.rpt","runoff off + zero DWF/GW/RDII/external inflow (conversion carried no inflow data)"
NO_INFLOW_SOURCES,"Ps110297 mfc9.rpt","runoff off + zero DWF/GW/RDII/external inflow (conversion carried no inflow data)"
NO_INFLOW_SOURCES,"Ps110297dwf11.rpt","runoff off + zero DWF/GW/RDII/external inflow (conversion carried no inflow data)"
NO_INFLOW_SOURCES,"Q20SML.rpt","runoff off + zero DWF/GW/RDII/external inflow (conversion carried no inflow data)"
NO_INFLOW_SOURCES,"Q3LAHEY.rpt","runoff off + zero DWF/GW/RDII/external inflow (conversion carried no inflow data)"
NO_INFLOW_SOURCES,"QSURGE1.rpt","runoff off + zero DWF/GW/RDII/external inflow (conversion carried no inflow data)"
NO_INFLOW_SOURCES,"QSURGE_v1.rpt","runoff off + zero DWF/GW/RDII/external inflow (conversion carried no inflow data)"
NO_INFLOW_SOURCES,"QUICKQ1.rpt","runoff off + zero DWF/GW/RDII/external inflow (conversion carried no inflow data)"
NO_INFLOW_SOURCES,"QUICKQ1A.rpt","runoff off + zero DWF/GW/RDII/external inflow (conversion carried no inflow data)"
NO_INFLOW_SOURCES,"QUICKQ1_v16.rpt","runoff off + zero DWF/GW/RDII/external inflow (conversion carried no inflow data)"
NO_INFLOW_SOURCES,"QUICKQ4.rpt","runoff off + zero DWF/GW/RDII/external inflow (conversion carried no inflow data)"
NO_INFLOW_SOURCES,"QUICKQ4A.rpt","runoff off + zero DWF/GW/RDII/external inflow (conversion carried no inflow data)"
NO_INFLOW_SOURCES,"QUICKQ4B.rpt","runoff off + zero DWF/GW/RDII/external inflow (conversion carried no inflow data)"
NO_INFLOW_SOURCES,"QUICKQ4C.rpt","runoff off + zero DWF/GW/RDII/external inflow (conversion carried no inflow data)"
NO_INFLOW_SOURCES,"Quickq.rpt","runoff off + zero DWF/GW/RDII/external inflow (conversion carried no inflow data)"
NO_INFLOW_SOURCES,"Quickq2.rpt","runoff off + zero DWF/GW/RDII/external inflow (conversion carried no inflow data)"
NO_INFLOW_SOURCES,"Quickq3.rpt","runoff off + zero DWF/GW/RDII/external inflow (conversion carried no inflow data)"
NO_INFLOW_SOURCES,"Quickq5.rpt","runoff off + zero DWF/GW/RDII/external inflow (conversion carried no inflow data)"
NO_INFLOW_SOURCES,"Quickqa.rpt","runoff off + zero DWF/GW/RDII/external inflow (conversion carried no inflow data)"
NO_INFLOW_SOURCES,"RAFTEST1.rpt","runoff off + zero DWF/GW/RDII/external inflow (conversion carried no inflow data)"
NO_INFLOW_SOURCES,"RAFTS.rpt","runoff off + zero DWF/GW/RDII/external inflow (conversion carried no inflow data)"
NO_INFLOW_SOURCES,"RAFTS05.rpt","runoff off + zero DWF/GW/RDII/external inflow (conversion carried no inflow data)"
NO_INFLOW_SOURCES,"RAFTS1.rpt","runoff off + zero DWF/GW/RDII/external inflow (conversion carried no inflow data)"
NO_INFLOW_SOURCES,"RAFTS2.rpt","runoff off + zero DWF/GW/RDII/external inflow (conversion carried no inflow data)"
NO_INFLOW_SOURCES,"RAILWAY.rpt","runoff off + zero DWF/GW/RDII/external inflow (conversion carried no inflow data)"
NO_INFLOW_SOURCES,"RAILWY1.rpt","runoff off + zero DWF/GW/RDII/external inflow (conversion carried no inflow data)"
NO_INFLOW_SOURCES,"RAILWY2.rpt","runoff off + zero DWF/GW/RDII/external inflow (conversion carried no inflow data)"
NO_INFLOW_SOURCES,"RAILWY3.rpt","runoff off + zero DWF/GW/RDII/external inflow (conversion carried no inflow data)"
NO_INFLOW_SOURCES,"RAILWY4.rpt","runoff off + zero DWF/GW/RDII/external inflow (conversion carried no inflow data)"
NO_INFLOW_SOURCES,"RAILWY5.rpt","runoff off + zero DWF/GW/RDII/external inflow (conversion carried no inflow data)"
NO_INFLOW_SOURCES,"RAIN.rpt","runoff off + zero DWF/GW/RDII/external inflow (conversion carried no inflow data)"
NO_INFLOW_SOURCES,"RAIN1CHK.rpt","runoff off + zero DWF/GW/RDII/external inflow (conversion carried no inflow data)"
NO_INFLOW_SOURCES,"RAINCHK.rpt","runoff off + zero DWF/GW/RDII/external inflow (conversion carried no inflow data)"
NO_INFLOW_SOURCES,"RAINUTIL.rpt","runoff off + zero DWF/GW/RDII/external inflow (conversion carried no inflow data)"
NO_INFLOW_SOURCES,"RATING.rpt","runoff off + zero DWF/GW/RDII/external inflow (conversion carried no inflow data)"
NO_INFLOW_SOURCES,"RATION1.rpt","runoff off + zero DWF/GW/RDII/external inflow (conversion carried no inflow data)"
NO_INFLOW_SOURCES,"RATRUN.rpt","runoff off + zero DWF/GW/RDII/external inflow (conversion carried no inflow data)"
NO_INFLOW_SOURCES,"RCONFLU.rpt","runoff off + zero DWF/GW/RDII/external inflow (conversion carried no inflow data)"
NO_INFLOW_SOURCES,"REACT.rpt","runoff off + zero DWF/GW/RDII/external inflow (conversion carried no inflow data)"
NO_INFLOW_SOURCES,"REACT1.rpt","runoff off + zero DWF/GW/RDII/external inflow (conversion carried no inflow data)"
NO_INFLOW_SOURCES,"REACT2.rpt","runoff off + zero DWF/GW/RDII/external inflow (conversion carried no inflow data)"
NO_INFLOW_SOURCES,"REACT3.rpt","runoff off + zero DWF/GW/RDII/external inflow (conversion carried no inflow data)"
NO_INFLOW_SOURCES,"REGUL.rpt","runoff off + zero DWF/GW/RDII/external inflow (conversion carried no inflow data)"
NO_INFLOW_SOURCES,"REGULATE.rpt","runoff off + zero DWF/GW/RDII/external inflow (conversion carried no inflow data)"
NO_INFLOW_SOURCES,"RIVERTCH.rpt","runoff off + zero DWF/GW/RDII/external inflow (conversion carried no inflow data)"
NO_INFLOW_SOURCES,"RN44TRPR.rpt","runoff off + zero DWF/GW/RDII/external inflow (conversion carried no inflow data)"
NO_INFLOW_SOURCES,"RNF1.rpt","runoff off + zero DWF/GW/RDII/external inflow (conversion carried no inflow data)"
NO_INFLOW_SOURCES,"RNFTEST.rpt","runoff off + zero DWF/GW/RDII/external inflow (conversion carried no inflow data)"
NO_INFLOW_SOURCES,"RSA_FM.rpt","runoff off + zero DWF/GW/RDII/external inflow (conversion carried no inflow data)"
NO_INFLOW_SOURCES,"RTCflow.rpt","runoff off + zero DWF/GW/RDII/external inflow (conversion carried no inflow data)"
NO_INFLOW_SOURCES,"RUN11.rpt","runoff off + zero DWF/GW/RDII/external inflow (conversion carried no inflow data)"
NO_INFLOW_SOURCES,"RUN192.rpt","runoff off + zero DWF/GW/RDII/external inflow (conversion carried no inflow data)"
NO_INFLOW_SOURCES,"RUN35.rpt","runoff off + zero DWF/GW/RDII/external inflow (conversion carried no inflow data)"
NO_INFLOW_SOURCES,"RUNEXTRN.rpt","runoff off + zero DWF/GW/RDII/external inflow (conversion carried no inflow data)"
NO_INFLOW_SOURCES,"RUNOFF31.rpt","runoff off + zero DWF/GW/RDII/external inflow (conversion carried no inflow data)"
NO_INFLOW_SOURCES,"RUNTEST.rpt","runoff off + zero DWF/GW/RDII/external inflow (conversion carried no inflow data)"
NO_INFLOW_SOURCES,"RUNTEST1.rpt","runoff off + zero DWF/GW/RDII/external inflow (conversion carried no inflow data)"
NO_INFLOW_SOURCES,"RUNTEST2.rpt","runoff off + zero DWF/GW/RDII/external inflow (conversion carried no inflow data)"
NO_INFLOW_SOURCES,"RUNTRNEX.rpt","runoff off + zero DWF/GW/RDII/external inflow (conversion carried no inflow data)"
NO_INFLOW_SOURCES,"RUNTST.rpt","runoff off + zero DWF/GW/RDII/external inflow (conversion carried no inflow data)"
NO_INFLOW_SOURCES,"RUNTSTA.rpt","runoff off + zero DWF/GW/RDII/external inflow (conversion carried no inflow data)"
NO_INFLOW_SOURCES,"RainControlledRegulator.rpt","runoff off + zero DWF/GW/RDII/external inflow (conversion carried no inflow data)"
NO_INFLOW_SOURCES,"Rd701-d.rpt","runoff off + zero DWF/GW/RDII/external inflow (conversion carried no inflow data)"
NO_INFLOW_SOURCES,"Rsa_wet.rpt","runoff off + zero DWF/GW/RDII/external inflow (conversion carried no inflow data)"
NO_INFLOW_SOURCES,"SAMPLE2.rpt","runoff off + zero DWF/GW/RDII/external inflow (conversion carried no inflow data)"
NO_INFLOW_SOURCES,"SCANLON.rpt","runoff off + zero DWF/GW/RDII/external inflow (conversion carried no inflow data)"
NO_INFLOW_SOURCES,"SCATP.rpt","runoff off + zero DWF/GW/RDII/external inflow (conversion carried no inflow data)"
NO_INFLOW_SOURCES,"SCS1.rpt","runoff off + zero DWF/GW/RDII/external inflow (conversion carried no inflow data)"
NO_INFLOW_SOURCES,"SCS1A.rpt","runoff off + zero DWF/GW/RDII/external inflow (conversion carried no inflow data)"
NO_INFLOW_SOURCES,"SCS2.rpt","runoff off + zero DWF/GW/RDII/external inflow (conversion carried no inflow data)"
NO_INFLOW_SOURCES,"SCS3.rpt","runoff off + zero DWF/GW/RDII/external inflow (conversion carried no inflow data)"
NO_INFLOW_SOURCES,"SCSALL.rpt","runoff off + zero DWF/GW/RDII/external inflow (conversion carried no inflow data)"
NO_INFLOW_SOURCES,"SCSALL1.rpt","runoff off + zero DWF/GW/RDII/external inflow (conversion carried no inflow data)"
NO_INFLOW_SOURCES,"SCSCALIB.rpt","runoff off + zero DWF/GW/RDII/external inflow (conversion carried no inflow data)"
NO_INFLOW_SOURCES,"SCSCOMP.rpt","runoff off + zero DWF/GW/RDII/external inflow (conversion carried no inflow data)"
NO_INFLOW_SOURCES,"SCSCOMP1.rpt","runoff off + zero DWF/GW/RDII/external inflow (conversion carried no inflow data)"
NO_INFLOW_SOURCES,"SCSCURV.rpt","runoff off + zero DWF/GW/RDII/external inflow (conversion carried no inflow data)"
NO_INFLOW_SOURCES,"SCSIMP.rpt","runoff off + zero DWF/GW/RDII/external inflow (conversion carried no inflow data)"
NO_INFLOW_SOURCES,"SCSL1.rpt","runoff off + zero DWF/GW/RDII/external inflow (conversion carried no inflow data)"
NO_INFLOW_SOURCES,"SCSL2.rpt","runoff off + zero DWF/GW/RDII/external inflow (conversion carried no inflow data)"
NO_INFLOW_SOURCES,"SCSMETRI.rpt","runoff off + zero DWF/GW/RDII/external inflow (conversion carried no inflow data)"
NO_INFLOW_SOURCES,"SCSTEST.rpt","runoff off + zero DWF/GW/RDII/external inflow (conversion carried no inflow data)"
NO_INFLOW_SOURCES,"SCSTK.rpt","runoff off + zero DWF/GW/RDII/external inflow (conversion carried no inflow data)"
NO_INFLOW_SOURCES,"SCS_WA.rpt","runoff off + zero DWF/GW/RDII/external inflow (conversion carried no inflow data)"
NO_INFLOW_SOURCES,"SEACL2.rpt","runoff off + zero DWF/GW/RDII/external inflow (conversion carried no inflow data)"
NO_INFLOW_SOURCES,"SEACL2A.rpt","runoff off + zero DWF/GW/RDII/external inflow (conversion carried no inflow data)"
NO_INFLOW_SOURCES,"SEASON2.rpt","runoff off + zero DWF/GW/RDII/external inflow (conversion carried no inflow data)"
NO_INFLOW_SOURCES,"SEASON3.rpt","runoff off + zero DWF/GW/RDII/external inflow (conversion carried no inflow data)"
NO_INFLOW_SOURCES,"SENSTVTY.rpt","runoff off + zero DWF/GW/RDII/external inflow (conversion carried no inflow data)"
NO_INFLOW_SOURCES,"SEWER.rpt","runoff off + zero DWF/GW/RDII/external inflow (conversion carried no inflow data)"
NO_INFLOW_SOURCES,"SHADY.rpt","runoff off + zero DWF/GW/RDII/external inflow (conversion carried no inflow data)"
NO_INFLOW_SOURCES,"SHAMSI.rpt","runoff off + zero DWF/GW/RDII/external inflow (conversion carried no inflow data)"
NO_INFLOW_SOURCES,"SHAPES.rpt","runoff off + zero DWF/GW/RDII/external inflow (conversion carried no inflow data)"
NO_INFLOW_SOURCES,"SHEET.rpt","runoff off + zero DWF/GW/RDII/external inflow (conversion carried no inflow data)"
NO_INFLOW_SOURCES,"SHEPHERD.rpt","runoff off + zero DWF/GW/RDII/external inflow (conversion carried no inflow data)"
NO_INFLOW_SOURCES,"SHRP1.rpt","runoff off + zero DWF/GW/RDII/external inflow (conversion carried no inflow data)"
NO_INFLOW_SOURCES,"SHRPPROP.rpt","runoff off + zero DWF/GW/RDII/external inflow (conversion carried no inflow data)"
NO_INFLOW_SOURCES,"SIC07.rpt","runoff off + zero DWF/GW/RDII/external inflow (conversion carried no inflow data)"
NO_INFLOW_SOURCES,"SM.rpt","runoff off + zero DWF/GW/RDII/external inflow (conversion carried no inflow data)"
NO_INFLOW_SOURCES,"SMT1_2.rpt","runoff off + zero DWF/GW/RDII/external inflow (conversion carried no inflow data)"
NO_INFLOW_SOURCES,"SMTCA.rpt","runoff off + zero DWF/GW/RDII/external inflow (conversion carried no inflow data)"
NO_INFLOW_SOURCES,"SMTCA1.rpt","runoff off + zero DWF/GW/RDII/external inflow (conversion carried no inflow data)"
NO_INFLOW_SOURCES,"SN2002PN.rpt","runoff off + zero DWF/GW/RDII/external inflow (conversion carried no inflow data)"
NO_INFLOW_SOURCES,"SNOWJOB.rpt","runoff off + zero DWF/GW/RDII/external inflow (conversion carried no inflow data)"
NO_INFLOW_SOURCES,"SP128B.rpt","runoff off + zero DWF/GW/RDII/external inflow (conversion carried no inflow data)"
NO_INFLOW_SOURCES,"SPC20B.rpt","runoff off + zero DWF/GW/RDII/external inflow (conversion carried no inflow data)"
NO_INFLOW_SOURCES,"SSM.rpt","runoff off + zero DWF/GW/RDII/external inflow (conversion carried no inflow data)"
NO_INFLOW_SOURCES,"STAGE3L.rpt","runoff off + zero DWF/GW/RDII/external inflow (conversion carried no inflow data)"
NO_INFLOW_SOURCES,"STAGE3L_v1.05.rpt","runoff off + zero DWF/GW/RDII/external inflow (conversion carried no inflow data)"
NO_INFLOW_SOURCES,"STBRY3.rpt","runoff off + zero DWF/GW/RDII/external inflow (conversion carried no inflow data)"
NO_INFLOW_SOURCES,"STBRY3A.rpt","runoff off + zero DWF/GW/RDII/external inflow (conversion carried no inflow data)"
NO_INFLOW_SOURCES,"STBRY3B.rpt","runoff off + zero DWF/GW/RDII/external inflow (conversion carried no inflow data)"
NO_INFLOW_SOURCES,"STEELE2.rpt","runoff off + zero DWF/GW/RDII/external inflow (conversion carried no inflow data)"
NO_INFLOW_SOURCES,"STONER.rpt","runoff off + zero DWF/GW/RDII/external inflow (conversion carried no inflow data)"
NO_INFLOW_SOURCES,"STORAGE1.rpt","runoff off + zero DWF/GW/RDII/external inflow (conversion carried no inflow data)"
NO_INFLOW_SOURCES,"STORAGE2.rpt","runoff off + zero DWF/GW/RDII/external inflow (conversion carried no inflow data)"
NO_INFLOW_SOURCES,"STORM.rpt","runoff off + zero DWF/GW/RDII/external inflow (conversion carried no inflow data)"
NO_INFLOW_SOURCES,"STPETE1.rpt","runoff off + zero DWF/GW/RDII/external inflow (conversion carried no inflow data)"
NO_INFLOW_SOURCES,"STPETE1_v2.2.rpt","runoff off + zero DWF/GW/RDII/external inflow (conversion carried no inflow data)"
NO_INFLOW_SOURCES,"STPTEST.rpt","runoff off + zero DWF/GW/RDII/external inflow (conversion carried no inflow data)"
NO_INFLOW_SOURCES,"STRT10.rpt","runoff off + zero DWF/GW/RDII/external inflow (conversion carried no inflow data)"
NO_INFLOW_SOURCES,"STRT11.rpt","runoff off + zero DWF/GW/RDII/external inflow (conversion carried no inflow data)"
NO_INFLOW_SOURCES,"STRT12.rpt","runoff off + zero DWF/GW/RDII/external inflow (conversion carried no inflow data)"
NO_INFLOW_SOURCES,"STRT13.rpt","runoff off + zero DWF/GW/RDII/external inflow (conversion carried no inflow data)"
NO_INFLOW_SOURCES,"STRT17.rpt","runoff off + zero DWF/GW/RDII/external inflow (conversion carried no inflow data)"
NO_INFLOW_SOURCES,"STRT18.rpt","runoff off + zero DWF/GW/RDII/external inflow (conversion carried no inflow data)"
NO_INFLOW_SOURCES,"STRTHB.rpt","runoff off + zero DWF/GW/RDII/external inflow (conversion carried no inflow data)"
NO_INFLOW_SOURCES,"STRTMAS.rpt","runoff off + zero DWF/GW/RDII/external inflow (conversion carried no inflow data)"
NO_INFLOW_SOURCES,"STRTMAT.rpt","runoff off + zero DWF/GW/RDII/external inflow (conversion carried no inflow data)"
NO_INFLOW_SOURCES,"STRTMS1.rpt","runoff off + zero DWF/GW/RDII/external inflow (conversion carried no inflow data)"
NO_INFLOW_SOURCES,"STRTMS2.rpt","runoff off + zero DWF/GW/RDII/external inflow (conversion carried no inflow data)"
NO_INFLOW_SOURCES,"STRTMS3.rpt","runoff off + zero DWF/GW/RDII/external inflow (conversion carried no inflow data)"
NO_INFLOW_SOURCES,"STRTMS4.rpt","runoff off + zero DWF/GW/RDII/external inflow (conversion carried no inflow data)"
NO_INFLOW_SOURCES,"STRTMS5.rpt","runoff off + zero DWF/GW/RDII/external inflow (conversion carried no inflow data)"
NO_INFLOW_SOURCES,"SUB1.rpt","runoff off + zero DWF/GW/RDII/external inflow (conversion carried no inflow data)"
NO_INFLOW_SOURCES,"SUB2.rpt","runoff off + zero DWF/GW/RDII/external inflow (conversion carried no inflow data)"
NO_INFLOW_SOURCES,"SUB3.rpt","runoff off + zero DWF/GW/RDII/external inflow (conversion carried no inflow data)"
NO_INFLOW_SOURCES,"SUB4.rpt","runoff off + zero DWF/GW/RDII/external inflow (conversion carried no inflow data)"
NO_INFLOW_SOURCES,"SUTORDB.rpt","runoff off + zero DWF/GW/RDII/external inflow (conversion carried no inflow data)"
NO_INFLOW_SOURCES,"SW1.rpt","runoff off + zero DWF/GW/RDII/external inflow (conversion carried no inflow data)"
NO_INFLOW_SOURCES,"SW7.rpt","runoff off + zero DWF/GW/RDII/external inflow (conversion carried no inflow data)"
NO_INFLOW_SOURCES,"SWEC1.rpt","runoff off + zero DWF/GW/RDII/external inflow (conversion carried no inflow data)"
NO_INFLOW_SOURCES,"SWMMCONT.rpt","runoff off + zero DWF/GW/RDII/external inflow (conversion carried no inflow data)"
NO_INFLOW_SOURCES,"SWMM_SCS.rpt","runoff off + zero DWF/GW/RDII/external inflow (conversion carried no inflow data)"
NO_INFLOW_SOURCES,"SYPHON.rpt","runoff off + zero DWF/GW/RDII/external inflow (conversion carried no inflow data)"
NO_INFLOW_SOURCES,"SYPHON1.rpt","runoff off + zero DWF/GW/RDII/external inflow (conversion carried no inflow data)"
NO_INFLOW_SOURCES,"SYPHON2.rpt","runoff off + zero DWF/GW/RDII/external inflow (conversion carried no inflow data)"
NO_INFLOW_SOURCES,"SYPHON3.rpt","runoff off + zero DWF/GW/RDII/external inflow (conversion carried no inflow data)"
NO_INFLOW_SOURCES,"Sbuh.rpt","runoff off + zero DWF/GW/RDII/external inflow (conversion carried no inflow data)"
NO_INFLOW_SOURCES,"Sewers.rpt","runoff off + zero DWF/GW/RDII/external inflow (conversion carried no inflow data)"
NO_INFLOW_SOURCES,"Stell-exist-50yr-des-parow.rpt","runoff off + zero DWF/GW/RDII/external inflow (conversion carried no inflow data)"
NO_INFLOW_SOURCES,"Stemp.rpt","runoff off + zero DWF/GW/RDII/external inflow (conversion carried no inflow data)"
NO_INFLOW_SOURCES,"T100.rpt","runoff off + zero DWF/GW/RDII/external inflow (conversion carried no inflow data)"
NO_INFLOW_SOURCES,"T16VALVE.rpt","runoff off + zero DWF/GW/RDII/external inflow (conversion carried no inflow data)"
NO_INFLOW_SOURCES,"T17VALVE.rpt","runoff off + zero DWF/GW/RDII/external inflow (conversion carried no inflow data)"
NO_INFLOW_SOURCES,"T18VALVE.rpt","runoff off + zero DWF/GW/RDII/external inflow (conversion carried no inflow data)"
NO_INFLOW_SOURCES,"T19VALVE.rpt","runoff off + zero DWF/GW/RDII/external inflow (conversion carried no inflow data)"
NO_INFLOW_SOURCES,"T1X.rpt","runoff off + zero DWF/GW/RDII/external inflow (conversion carried no inflow data)"
NO_INFLOW_SOURCES,"T20VALVE.rpt","runoff off + zero DWF/GW/RDII/external inflow (conversion carried no inflow data)"
NO_INFLOW_SOURCES,"T21VALVE.rpt","runoff off + zero DWF/GW/RDII/external inflow (conversion carried no inflow data)"
NO_INFLOW_SOURCES,"T22VALVE.rpt","runoff off + zero DWF/GW/RDII/external inflow (conversion carried no inflow data)"
NO_INFLOW_SOURCES,"T23VALVE.rpt","runoff off + zero DWF/GW/RDII/external inflow (conversion carried no inflow data)"
NO_INFLOW_SOURCES,"T2VALVE.rpt","runoff off + zero DWF/GW/RDII/external inflow (conversion carried no inflow data)"
NO_INFLOW_SOURCES,"T3VALVE.rpt","runoff off + zero DWF/GW/RDII/external inflow (conversion carried no inflow data)"
NO_INFLOW_SOURCES,"T4VALVE.rpt","runoff off + zero DWF/GW/RDII/external inflow (conversion carried no inflow data)"
NO_INFLOW_SOURCES,"TACOMA.rpt","runoff off + zero DWF/GW/RDII/external inflow (conversion carried no inflow data)"
NO_INFLOW_SOURCES,"TAI2.rpt","runoff off + zero DWF/GW/RDII/external inflow (conversion carried no inflow data)"
NO_INFLOW_SOURCES,"TAI3.rpt","runoff off + zero DWF/GW/RDII/external inflow (conversion carried no inflow data)"
NO_INFLOW_SOURCES,"TAI8-13.rpt","runoff off + zero DWF/GW/RDII/external inflow (conversion carried no inflow data)"
NO_INFLOW_SOURCES,"TAIORF.rpt","runoff off + zero DWF/GW/RDII/external inflow (conversion carried no inflow data)"
NO_INFLOW_SOURCES,"TAITRANS.rpt","runoff off + zero DWF/GW/RDII/external inflow (conversion carried no inflow data)"
NO_INFLOW_SOURCES,"TALEXAM.rpt","runoff off + zero DWF/GW/RDII/external inflow (conversion carried no inflow data)"
NO_INFLOW_SOURCES,"TAMPA1.rpt","runoff off + zero DWF/GW/RDII/external inflow (conversion carried no inflow data)"
NO_INFLOW_SOURCES,"TCONFLU.rpt","runoff off + zero DWF/GW/RDII/external inflow (conversion carried no inflow data)"
NO_INFLOW_SOURCES,"TEH1.rpt","runoff off + zero DWF/GW/RDII/external inflow (conversion carried no inflow data)"
NO_INFLOW_SOURCES,"TEH1NEW.rpt","runoff off + zero DWF/GW/RDII/external inflow (conversion carried no inflow data)"
NO_INFLOW_SOURCES,"TEMP3.rpt","runoff off + zero DWF/GW/RDII/external inflow (conversion carried no inflow data)"
NO_INFLOW_SOURCES,"TEMPE.rpt","runoff off + zero DWF/GW/RDII/external inflow (conversion carried no inflow data)"
NO_INFLOW_SOURCES,"TEMPE1.rpt","runoff off + zero DWF/GW/RDII/external inflow (conversion carried no inflow data)"
NO_INFLOW_SOURCES,"TEMPE_v1.rpt","runoff off + zero DWF/GW/RDII/external inflow (conversion carried no inflow data)"
NO_INFLOW_SOURCES,"TEPA.rpt","runoff off + zero DWF/GW/RDII/external inflow (conversion carried no inflow data)"
NO_INFLOW_SOURCES,"TEST-1_.rpt","runoff off + zero DWF/GW/RDII/external inflow (conversion carried no inflow data)"
NO_INFLOW_SOURCES,"TEST144.rpt","runoff off + zero DWF/GW/RDII/external inflow (conversion carried no inflow data)"
NO_INFLOW_SOURCES,"TEST1EXT.rpt","runoff off + zero DWF/GW/RDII/external inflow (conversion carried no inflow data)"
NO_INFLOW_SOURCES,"TEST3.rpt","runoff off + zero DWF/GW/RDII/external inflow (conversion carried no inflow data)"
NO_INFLOW_SOURCES,"TEST4.rpt","runoff off + zero DWF/GW/RDII/external inflow (conversion carried no inflow data)"
NO_INFLOW_SOURCES,"TEST4000.rpt","runoff off + zero DWF/GW/RDII/external inflow (conversion carried no inflow data)"
NO_INFLOW_SOURCES,"TEST5.rpt","runoff off + zero DWF/GW/RDII/external inflow (conversion carried no inflow data)"
NO_INFLOW_SOURCES,"TESTCDM.rpt","runoff off + zero DWF/GW/RDII/external inflow (conversion carried no inflow data)"
NO_INFLOW_SOURCES,"TESTCHAN.rpt","runoff off + zero DWF/GW/RDII/external inflow (conversion carried no inflow data)"
NO_INFLOW_SOURCES,"TESTCOND.rpt","runoff off + zero DWF/GW/RDII/external inflow (conversion carried no inflow data)"
NO_INFLOW_SOURCES,"TESTEXT1.rpt","runoff off + zero DWF/GW/RDII/external inflow (conversion carried no inflow data)"
NO_INFLOW_SOURCES,"TESTEXT3.rpt","runoff off + zero DWF/GW/RDII/external inflow (conversion carried no inflow data)"
NO_INFLOW_SOURCES,"TESTEXTA.rpt","runoff off + zero DWF/GW/RDII/external inflow (conversion carried no inflow data)"
NO_INFLOW_SOURCES,"TESTEXTB.rpt","runoff off + zero DWF/GW/RDII/external inflow (conversion carried no inflow data)"
NO_INFLOW_SOURCES,"TESTEXTC.rpt","runoff off + zero DWF/GW/RDII/external inflow (conversion carried no inflow data)"
NO_INFLOW_SOURCES,"TESTREG.rpt","runoff off + zero DWF/GW/RDII/external inflow (conversion carried no inflow data)"
NO_INFLOW_SOURCES,"TESTREV1.rpt","runoff off + zero DWF/GW/RDII/external inflow (conversion carried no inflow data)"
NO_INFLOW_SOURCES,"TESTSEA.rpt","runoff off + zero DWF/GW/RDII/external inflow (conversion carried no inflow data)"
NO_INFLOW_SOURCES,"TESTSTOR.rpt","runoff off + zero DWF/GW/RDII/external inflow (conversion carried no inflow data)"
NO_INFLOW_SOURCES,"TESTSWM2.rpt","runoff off + zero DWF/GW/RDII/external inflow (conversion carried no inflow data)"
NO_INFLOW_SOURCES,"TESTSWM3.rpt","runoff off + zero DWF/GW/RDII/external inflow (conversion carried no inflow data)"
NO_INFLOW_SOURCES,"TESTSWM4.rpt","runoff off + zero DWF/GW/RDII/external inflow (conversion carried no inflow data)"
NO_INFLOW_SOURCES,"TESTSWM5.rpt","runoff off + zero DWF/GW/RDII/external inflow (conversion carried no inflow data)"
NO_INFLOW_SOURCES,"TESTWWF2.rpt","runoff off + zero DWF/GW/RDII/external inflow (conversion carried no inflow data)"
NO_INFLOW_SOURCES,"TESTdec.rpt","runoff off + zero DWF/GW/RDII/external inflow (conversion carried no inflow data)"
NO_INFLOW_SOURCES,"TFARR.rpt","runoff off + zero DWF/GW/RDII/external inflow (conversion carried no inflow data)"
NO_INFLOW_SOURCES,"TFC-E.rpt","runoff off + zero DWF/GW/RDII/external inflow (conversion carried no inflow data)"
NO_INFLOW_SOURCES,"TFunction.rpt","runoff off + zero DWF/GW/RDII/external inflow (conversion carried no inflow data)"
NO_INFLOW_SOURCES,"TG1N2.rpt","runoff off + zero DWF/GW/RDII/external inflow (conversion carried no inflow data)"
NO_INFLOW_SOURCES,"TG4-51_N.rpt","runoff off + zero DWF/GW/RDII/external inflow (conversion carried no inflow data)"
NO_INFLOW_SOURCES,"TG88N10.rpt","runoff off + zero DWF/GW/RDII/external inflow (conversion carried no inflow data)"
NO_INFLOW_SOURCES,"TG91N10.rpt","runoff off + zero DWF/GW/RDII/external inflow (conversion carried no inflow data)"
NO_INFLOW_SOURCES,"TG91N20.rpt","runoff off + zero DWF/GW/RDII/external inflow (conversion carried no inflow data)"
NO_INFLOW_SOURCES,"TGAB863.rpt","runoff off + zero DWF/GW/RDII/external inflow (conversion carried no inflow data)"
NO_INFLOW_SOURCES,"TGAB88.rpt","runoff off + zero DWF/GW/RDII/external inflow (conversion carried no inflow data)"
NO_INFLOW_SOURCES,"TH10&POL(1).rpt","runoff off + zero DWF/GW/RDII/external inflow (conversion carried no inflow data)"
NO_INFLOW_SOURCES,"TH10&POL.rpt","runoff off + zero DWF/GW/RDII/external inflow (conversion carried no inflow data)"
NO_INFLOW_SOURCES,"TH23SPI4.rpt","runoff off + zero DWF/GW/RDII/external inflow (conversion carried no inflow data)"
NO_INFLOW_SOURCES,"TIA.rpt","runoff off + zero DWF/GW/RDII/external inflow (conversion carried no inflow data)"
NO_INFLOW_SOURCES,"TIA_v1.01.rpt","runoff off + zero DWF/GW/RDII/external inflow (conversion carried no inflow data)"
NO_INFLOW_SOURCES,"TIDALS.rpt","runoff off + zero DWF/GW/RDII/external inflow (conversion carried no inflow data)"
NO_INFLOW_SOURCES,"TIMEAREA.rpt","runoff off + zero DWF/GW/RDII/external inflow (conversion carried no inflow data)"
NO_INFLOW_SOURCES,"TL1R.rpt","runoff off + zero DWF/GW/RDII/external inflow (conversion carried no inflow data)"
NO_INFLOW_SOURCES,"TORBEIN_v1.01.rpt","runoff off + zero DWF/GW/RDII/external inflow (conversion carried no inflow data)"
NO_INFLOW_SOURCES,"TORONT2.rpt","runoff off + zero DWF/GW/RDII/external inflow (conversion carried no inflow data)"
NO_INFLOW_SOURCES,"TORONT2_v1.01.rpt","runoff off + zero DWF/GW/RDII/external inflow (conversion carried no inflow data)"
NO_INFLOW_SOURCES,"TORONTO.rpt","runoff off + zero DWF/GW/RDII/external inflow (conversion carried no inflow data)"
NO_INFLOW_SOURCES,"TORONTO1.rpt","runoff off + zero DWF/GW/RDII/external inflow (conversion carried no inflow data)"
NO_INFLOW_SOURCES,"TORONTO1_v1.43.rpt","runoff off + zero DWF/GW/RDII/external inflow (conversion carried no inflow data)"
NO_INFLOW_SOURCES,"TORONTO2.rpt","runoff off + zero DWF/GW/RDII/external inflow (conversion carried no inflow data)"
NO_INFLOW_SOURCES,"TORONTO5.rpt","runoff off + zero DWF/GW/RDII/external inflow (conversion carried no inflow data)"
NO_INFLOW_SOURCES,"TOWN100.rpt","runoff off + zero DWF/GW/RDII/external inflow (conversion carried no inflow data)"
NO_INFLOW_SOURCES,"TR23SAVG.rpt","runoff off + zero DWF/GW/RDII/external inflow (conversion carried no inflow data)"
NO_INFLOW_SOURCES,"TR23SAVG_v2.04.rpt","runoff off + zero DWF/GW/RDII/external inflow (conversion carried no inflow data)"
NO_INFLOW_SOURCES,"TR23SNEX.rpt","runoff off + zero DWF/GW/RDII/external inflow (conversion carried no inflow data)"
NO_INFLOW_SOURCES,"TRACY.rpt","runoff off + zero DWF/GW/RDII/external inflow (conversion carried no inflow data)"
NO_INFLOW_SOURCES,"TRACY1.rpt","runoff off + zero DWF/GW/RDII/external inflow (conversion carried no inflow data)"
NO_INFLOW_SOURCES,"TRAMAS.rpt","runoff off + zero DWF/GW/RDII/external inflow (conversion carried no inflow data)"
NO_INFLOW_SOURCES,"TRAN2.rpt","runoff off + zero DWF/GW/RDII/external inflow (conversion carried no inflow data)"
NO_INFLOW_SOURCES,"TRANCOND.rpt","runoff off + zero DWF/GW/RDII/external inflow (conversion carried no inflow data)"
NO_INFLOW_SOURCES,"TRANSALL.rpt","runoff off + zero DWF/GW/RDII/external inflow (conversion carried no inflow data)"
NO_INFLOW_SOURCES,"TRANSTES.rpt","runoff off + zero DWF/GW/RDII/external inflow (conversion carried no inflow data)"
NO_INFLOW_SOURCES,"TRDESIGN.rpt","runoff off + zero DWF/GW/RDII/external inflow (conversion carried no inflow data)"
NO_INFLOW_SOURCES,"TRIAL1.rpt","runoff off + zero DWF/GW/RDII/external inflow (conversion carried no inflow data)"
NO_INFLOW_SOURCES,"TRSAM1.rpt","runoff off + zero DWF/GW/RDII/external inflow (conversion carried no inflow data)"
NO_INFLOW_SOURCES,"TRSTORE.rpt","runoff off + zero DWF/GW/RDII/external inflow (conversion carried no inflow data)"
NO_INFLOW_SOURCES,"TRTOEXMT.rpt","runoff off + zero DWF/GW/RDII/external inflow (conversion carried no inflow data)"
NO_INFLOW_SOURCES,"TRTOEXUS.rpt","runoff off + zero DWF/GW/RDII/external inflow (conversion carried no inflow data)"
NO_INFLOW_SOURCES,"TRY.rpt","runoff off + zero DWF/GW/RDII/external inflow (conversion carried no inflow data)"
NO_INFLOW_SOURCES,"TRYACAC.rpt","runoff off + zero DWF/GW/RDII/external inflow (conversion carried no inflow data)"
NO_INFLOW_SOURCES,"TST25.rpt","runoff off + zero DWF/GW/RDII/external inflow (conversion carried no inflow data)"
NO_INFLOW_SOURCES,"TUNNEL.rpt","runoff off + zero DWF/GW/RDII/external inflow (conversion carried no inflow data)"
NO_INFLOW_SOURCES,"TUNNEL1.rpt","runoff off + zero DWF/GW/RDII/external inflow (conversion carried no inflow data)"
NO_INFLOW_SOURCES,"TUT13.rpt","runoff off + zero DWF/GW/RDII/external inflow (conversion carried no inflow data)"
NO_INFLOW_SOURCES,"TWARD.rpt","runoff off + zero DWF/GW/RDII/external inflow (conversion carried no inflow data)"
NO_INFLOW_SOURCES,"TestVar1.rpt","runoff off + zero DWF/GW/RDII/external inflow (conversion carried no inflow data)"
NO_INFLOW_SOURCES,"TestVar2.rpt","runoff off + zero DWF/GW/RDII/external inflow (conversion carried no inflow data)"
NO_INFLOW_SOURCES,"UAE.rpt","runoff off + zero DWF/GW/RDII/external inflow (conversion carried no inflow data)"
NO_INFLOW_SOURCES,"UDDEX1.rpt","runoff off + zero DWF/GW/RDII/external inflow (conversion carried no inflow data)"
NO_INFLOW_SOURCES,"UDSPLIT.rpt","runoff off + zero DWF/GW/RDII/external inflow (conversion carried no inflow data)"
NO_INFLOW_SOURCES,"UDTST.rpt","runoff off + zero DWF/GW/RDII/external inflow (conversion carried no inflow data)"
NO_INFLOW_SOURCES,"UMA.rpt","runoff off + zero DWF/GW/RDII/external inflow (conversion carried no inflow data)"
NO_INFLOW_SOURCES,"UNIT.rpt","runoff off + zero DWF/GW/RDII/external inflow (conversion carried no inflow data)"
NO_INFLOW_SOURCES,"UPHILL.rpt","runoff off + zero DWF/GW/RDII/external inflow (conversion carried no inflow data)"
NO_INFLOW_SOURCES,"UPPER.rpt","runoff off + zero DWF/GW/RDII/external inflow (conversion carried no inflow data)"
NO_INFLOW_SOURCES,"UPPSAR.rpt","runoff off + zero DWF/GW/RDII/external inflow (conversion carried no inflow data)"
NO_INFLOW_SOURCES,"UPPSAR_v2.04.rpt","runoff off + zero DWF/GW/RDII/external inflow (conversion carried no inflow data)"
NO_INFLOW_SOURCES,"UPWSH1.rpt","runoff off + zero DWF/GW/RDII/external inflow (conversion carried no inflow data)"
NO_INFLOW_SOURCES,"UPWSH2.rpt","runoff off + zero DWF/GW/RDII/external inflow (conversion carried no inflow data)"
NO_INFLOW_SOURCES,"UPWSH3.rpt","runoff off + zero DWF/GW/RDII/external inflow (conversion carried no inflow data)"
NO_INFLOW_SOURCES,"USERCOND.rpt","runoff off + zero DWF/GW/RDII/external inflow (conversion carried no inflow data)"
NO_INFLOW_SOURCES,"USERCTRA.rpt","runoff off + zero DWF/GW/RDII/external inflow (conversion carried no inflow data)"
NO_INFLOW_SOURCES,"USEREXT.rpt","runoff off + zero DWF/GW/RDII/external inflow (conversion carried no inflow data)"
NO_INFLOW_SOURCES,"USERTST.rpt","runoff off + zero DWF/GW/RDII/external inflow (conversion carried no inflow data)"
NO_INFLOW_SOURCES,"USL.rpt","runoff off + zero DWF/GW/RDII/external inflow (conversion carried no inflow data)"
NO_INFLOW_SOURCES,"USUNIT~1.rpt","runoff off + zero DWF/GW/RDII/external inflow (conversion carried no inflow data)"
NO_INFLOW_SOURCES,"V7 FINAL.rpt","runoff off + zero DWF/GW/RDII/external inflow (conversion carried no inflow data)"
NO_INFLOW_SOURCES,"VALVE.rpt","runoff off + zero DWF/GW/RDII/external inflow (conversion carried no inflow data)"
NO_INFLOW_SOURCES,"VALVE1.rpt","runoff off + zero DWF/GW/RDII/external inflow (conversion carried no inflow data)"
NO_INFLOW_SOURCES,"VALVE1A.rpt","runoff off + zero DWF/GW/RDII/external inflow (conversion carried no inflow data)"
NO_INFLOW_SOURCES,"VALVE4.rpt","runoff off + zero DWF/GW/RDII/external inflow (conversion carried no inflow data)"
NO_INFLOW_SOURCES,"VALVE4A.rpt","runoff off + zero DWF/GW/RDII/external inflow (conversion carried no inflow data)"
NO_INFLOW_SOURCES,"VALVEA.rpt","runoff off + zero DWF/GW/RDII/external inflow (conversion carried no inflow data)"
NO_INFLOW_SOURCES,"VISGM10.rpt","runoff off + zero DWF/GW/RDII/external inflow (conversion carried no inflow data)"
NO_INFLOW_SOURCES,"WA.rpt","runoff off + zero DWF/GW/RDII/external inflow (conversion carried no inflow data)"
NO_INFLOW_SOURCES,"WAL1_10.rpt","runoff off + zero DWF/GW/RDII/external inflow (conversion carried no inflow data)"
NO_INFLOW_SOURCES,"WAL8809.rpt","runoff off + zero DWF/GW/RDII/external inflow (conversion carried no inflow data)"
NO_INFLOW_SOURCES,"WARDR1.rpt","runoff off + zero DWF/GW/RDII/external inflow (conversion carried no inflow data)"
NO_INFLOW_SOURCES,"WARDROP2.rpt","runoff off + zero DWF/GW/RDII/external inflow (conversion carried no inflow data)"
NO_INFLOW_SOURCES,"WATERSHD.rpt","runoff off + zero DWF/GW/RDII/external inflow (conversion carried no inflow data)"
NO_INFLOW_SOURCES,"WAXTN.rpt","runoff off + zero DWF/GW/RDII/external inflow (conversion carried no inflow data)"
NO_INFLOW_SOURCES,"WCREEK.rpt","runoff off + zero DWF/GW/RDII/external inflow (conversion carried no inflow data)"
NO_INFLOW_SOURCES,"WDWF.rpt","runoff off + zero DWF/GW/RDII/external inflow (conversion carried no inflow data)"
NO_INFLOW_SOURCES,"WDWFTST.rpt","runoff off + zero DWF/GW/RDII/external inflow (conversion carried no inflow data)"
NO_INFLOW_SOURCES,"WEI.rpt","runoff off + zero DWF/GW/RDII/external inflow (conversion carried no inflow data)"
NO_INFLOW_SOURCES,"WEIR-DN.rpt","runoff off + zero DWF/GW/RDII/external inflow (conversion carried no inflow data)"
NO_INFLOW_SOURCES,"WEIR-SUB.rpt","runoff off + zero DWF/GW/RDII/external inflow (conversion carried no inflow data)"
NO_INFLOW_SOURCES,"WEIR.rpt","runoff off + zero DWF/GW/RDII/external inflow (conversion carried no inflow data)"
NO_INFLOW_SOURCES,"WEIR2.rpt","runoff off + zero DWF/GW/RDII/external inflow (conversion carried no inflow data)"
NO_INFLOW_SOURCES,"WEIRTEST.rpt","runoff off + zero DWF/GW/RDII/external inflow (conversion carried no inflow data)"
NO_INFLOW_SOURCES,"WHIT.rpt","runoff off + zero DWF/GW/RDII/external inflow (conversion carried no inflow data)"
NO_INFLOW_SOURCES,"WHO97WC2.rpt","runoff off + zero DWF/GW/RDII/external inflow (conversion carried no inflow data)"
NO_INFLOW_SOURCES,"WILL1.rpt","runoff off + zero DWF/GW/RDII/external inflow (conversion carried no inflow data)"
NO_INFLOW_SOURCES,"WILL2.rpt","runoff off + zero DWF/GW/RDII/external inflow (conversion carried no inflow data)"
NO_INFLOW_SOURCES,"WINGATE.rpt","runoff off + zero DWF/GW/RDII/external inflow (conversion carried no inflow data)"
NO_INFLOW_SOURCES,"WINNEPEG.rpt","runoff off + zero DWF/GW/RDII/external inflow (conversion carried no inflow data)"
NO_INFLOW_SOURCES,"WINOVER.rpt","runoff off + zero DWF/GW/RDII/external inflow (conversion carried no inflow data)"
NO_INFLOW_SOURCES,"WINTRANS.rpt","runoff off + zero DWF/GW/RDII/external inflow (conversion carried no inflow data)"
NO_INFLOW_SOURCES,"WJ.rpt","runoff off + zero DWF/GW/RDII/external inflow (conversion carried no inflow data)"
NO_INFLOW_SOURCES,"WJZ3L.rpt","runoff off + zero DWF/GW/RDII/external inflow (conversion carried no inflow data)"
NO_INFLOW_SOURCES,"WJZJJJJJ.rpt","runoff off + zero DWF/GW/RDII/external inflow (conversion carried no inflow data)"
NO_INFLOW_SOURCES,"WJZSM2P9.rpt","runoff off + zero DWF/GW/RDII/external inflow (conversion carried no inflow data)"
NO_INFLOW_SOURCES,"WK.rpt","runoff off + zero DWF/GW/RDII/external inflow (conversion carried no inflow data)"
NO_INFLOW_SOURCES,"WOLFORD.rpt","runoff off + zero DWF/GW/RDII/external inflow (conversion carried no inflow data)"
NO_INFLOW_SOURCES,"WOLFORD1.rpt","runoff off + zero DWF/GW/RDII/external inflow (conversion carried no inflow data)"
NO_INFLOW_SOURCES,"WOLFORD2.rpt","runoff off + zero DWF/GW/RDII/external inflow (conversion carried no inflow data)"
NO_INFLOW_SOURCES,"WOLFORD3.rpt","runoff off + zero DWF/GW/RDII/external inflow (conversion carried no inflow data)"
NO_INFLOW_SOURCES,"WOLFORD4.rpt","runoff off + zero DWF/GW/RDII/external inflow (conversion carried no inflow data)"
NO_INFLOW_SOURCES,"WOLFORD5.rpt","runoff off + zero DWF/GW/RDII/external inflow (conversion carried no inflow data)"
NO_INFLOW_SOURCES,"WOLFRD2A.rpt","runoff off + zero DWF/GW/RDII/external inflow (conversion carried no inflow data)"
NO_INFLOW_SOURCES,"WOY1.rpt","runoff off + zero DWF/GW/RDII/external inflow (conversion carried no inflow data)"
NO_INFLOW_SOURCES,"WQ-DEMO.rpt","runoff off + zero DWF/GW/RDII/external inflow (conversion carried no inflow data)"
NO_INFLOW_SOURCES,"WQ.rpt","runoff off + zero DWF/GW/RDII/external inflow (conversion carried no inflow data)"
NO_INFLOW_SOURCES,"WQALL.rpt","runoff off + zero DWF/GW/RDII/external inflow (conversion carried no inflow data)"
NO_INFLOW_SOURCES,"WQTEST.rpt","runoff off + zero DWF/GW/RDII/external inflow (conversion carried no inflow data)"
NO_INFLOW_SOURCES,"WQTEST1.rpt","runoff off + zero DWF/GW/RDII/external inflow (conversion carried no inflow data)"
NO_INFLOW_SOURCES,"WQ_VOR~1.rpt","runoff off + zero DWF/GW/RDII/external inflow (conversion carried no inflow data)"
NO_INFLOW_SOURCES,"WRDATA.rpt","runoff off + zero DWF/GW/RDII/external inflow (conversion carried no inflow data)"
NO_INFLOW_SOURCES,"Waipahu1.rpt","runoff off + zero DWF/GW/RDII/external inflow (conversion carried no inflow data)"
NO_INFLOW_SOURCES,"WiltseFlats v02.rpt","runoff off + zero DWF/GW/RDII/external inflow (conversion carried no inflow data)"
NO_INFLOW_SOURCES,"WiltseFlats.rpt","runoff off + zero DWF/GW/RDII/external inflow (conversion carried no inflow data)"
NO_INFLOW_SOURCES,"Woy1d.rpt","runoff off + zero DWF/GW/RDII/external inflow (conversion carried no inflow data)"
NO_INFLOW_SOURCES,"Woy1d_v2.23.rpt","runoff off + zero DWF/GW/RDII/external inflow (conversion carried no inflow data)"
NO_INFLOW_SOURCES,"Woy1dt.rpt","runoff off + zero DWF/GW/RDII/external inflow (conversion carried no inflow data)"
NO_INFLOW_SOURCES,"XP641_01.rpt","runoff off + zero DWF/GW/RDII/external inflow (conversion carried no inflow data)"
NO_INFLOW_SOURCES,"YOUNG.rpt","runoff off + zero DWF/GW/RDII/external inflow (conversion carried no inflow data)"
NO_INFLOW_SOURCES,"YOUNG1.rpt","runoff off + zero DWF/GW/RDII/external inflow (conversion carried no inflow data)"
NO_INFLOW_SOURCES,"YOUNG2.rpt","runoff off + zero DWF/GW/RDII/external inflow (conversion carried no inflow data)"
NO_INFLOW_SOURCES,"YOUNG3.rpt","runoff off + zero DWF/GW/RDII/external inflow (conversion carried no inflow data)"
NO_INFLOW_SOURCES,"YOUNG4.rpt","runoff off + zero DWF/GW/RDII/external inflow (conversion carried no inflow data)"
NO_INFLOW_SOURCES,"Yarra8.rpt","runoff off + zero DWF/GW/RDII/external inflow (conversion carried no inflow data)"
NO_INFLOW_SOURCES,"Yarra9.rpt","runoff off + zero DWF/GW/RDII/external inflow (conversion carried no inflow data)"
NO_INFLOW_SOURCES,"Yarra9_v18.1.rpt","runoff off + zero DWF/GW/RDII/external inflow (conversion carried no inflow data)"
NO_INFLOW_SOURCES,"after.rpt","runoff off + zero DWF/GW/RDII/external inflow (conversion carried no inflow data)"
NO_INFLOW_SOURCES,"alennew.rpt","runoff off + zero DWF/GW/RDII/external inflow (conversion carried no inflow data)"
NO_INFLOW_SOURCES,"allkin.rpt","runoff off + zero DWF/GW/RDII/external inflow (conversion carried no inflow data)"
NO_INFLOW_SOURCES,"austin_pond.rpt","runoff off + zero DWF/GW/RDII/external inflow (conversion carried no inflow data)"
NO_INFLOW_SOURCES,"autopmp.rpt","runoff off + zero DWF/GW/RDII/external inflow (conversion carried no inflow data)"
NO_INFLOW_SOURCES,"autopump.rpt","runoff off + zero DWF/GW/RDII/external inflow (conversion carried no inflow data)"
NO_INFLOW_SOURCES,"baseball.rpt","runoff off + zero DWF/GW/RDII/external inflow (conversion carried no inflow data)"
NO_INFLOW_SOURCES,"basic2a.rpt","runoff off + zero DWF/GW/RDII/external inflow (conversion carried no inflow data)"
NO_INFLOW_SOURCES,"bendableweirs.rpt","runoff off + zero DWF/GW/RDII/external inflow (conversion carried no inflow data)"
NO_INFLOW_SOURCES,"brownew.rpt","runoff off + zero DWF/GW/RDII/external inflow (conversion carried no inflow data)"
NO_INFLOW_SOURCES,"bsteele.rpt","runoff off + zero DWF/GW/RDII/external inflow (conversion carried no inflow data)"
NO_INFLOW_SOURCES,"c24rate.rpt","runoff off + zero DWF/GW/RDII/external inflow (conversion carried no inflow data)"
NO_INFLOW_SOURCES,"cedarhills_pipe_breach_evacuationno street.rpt","runoff off + zero DWF/GW/RDII/external inflow (conversion carried no inflow data)"
NO_INFLOW_SOURCES,"coco1.rpt","runoff off + zero DWF/GW/RDII/external inflow (conversion carried no inflow data)"
NO_INFLOW_SOURCES,"coh.rpt","runoff off + zero DWF/GW/RDII/external inflow (conversion carried no inflow data)"
NO_INFLOW_SOURCES,"coh_v2.23.rpt","runoff off + zero DWF/GW/RDII/external inflow (conversion carried no inflow data)"
NO_INFLOW_SOURCES,"coldicutt.rpt","runoff off + zero DWF/GW/RDII/external inflow (conversion carried no inflow data)"
NO_INFLOW_SOURCES,"ctia_model2areas.rpt","runoff off + zero DWF/GW/RDII/external inflow (conversion carried no inflow data)"
NO_INFLOW_SOURCES,"ctia_model2rev2.rpt","runoff off + zero DWF/GW/RDII/external inflow (conversion carried no inflow data)"
NO_INFLOW_SOURCES,"current_modified_noponding.rpt","runoff off + zero DWF/GW/RDII/external inflow (conversion carried no inflow data)"
NO_INFLOW_SOURCES,"data-2.rpt","runoff off + zero DWF/GW/RDII/external inflow (conversion carried no inflow data)"
NO_INFLOW_SOURCES,"depthpump.rpt","runoff off + zero DWF/GW/RDII/external inflow (conversion carried no inflow data)"
NO_INFLOW_SOURCES,"detention.rpt","runoff off + zero DWF/GW/RDII/external inflow (conversion carried no inflow data)"
NO_INFLOW_SOURCES,"dynamic_head.rpt","runoff off + zero DWF/GW/RDII/external inflow (conversion carried no inflow data)"
NO_INFLOW_SOURCES,"e001-2.rpt","runoff off + zero DWF/GW/RDII/external inflow (conversion carried no inflow data)"
NO_INFLOW_SOURCES,"e1n.rpt","runoff off + zero DWF/GW/RDII/external inflow (conversion carried no inflow data)"
NO_INFLOW_SOURCES,"example1.rpt","runoff off + zero DWF/GW/RDII/external inflow (conversion carried no inflow data)"
NO_INFLOW_SOURCES,"exjuly5.rpt","runoff off + zero DWF/GW/RDII/external inflow (conversion carried no inflow data)"
NO_INFLOW_SOURCES,"exq1.rpt","runoff off + zero DWF/GW/RDII/external inflow (conversion carried no inflow data)"
NO_INFLOW_SOURCES,"exsaline.rpt","runoff off + zero DWF/GW/RDII/external inflow (conversion carried no inflow data)"
NO_INFLOW_SOURCES,"extowq.rpt","runoff off + zero DWF/GW/RDII/external inflow (conversion carried no inflow data)"
NO_INFLOW_SOURCES,"fastext.rpt","runoff off + zero DWF/GW/RDII/external inflow (conversion carried no inflow data)"
NO_INFLOW_SOURCES,"fc1.rpt","runoff off + zero DWF/GW/RDII/external inflow (conversion carried no inflow data)"
NO_INFLOW_SOURCES,"flxalloy.rpt","runoff off + zero DWF/GW/RDII/external inflow (conversion carried no inflow data)"
NO_INFLOW_SOURCES,"force_main.rpt","runoff off + zero DWF/GW/RDII/external inflow (conversion carried no inflow data)"
NO_INFLOW_SOURCES,"giles.rpt","runoff off + zero DWF/GW/RDII/external inflow (conversion carried no inflow data)"
NO_INFLOW_SOURCES,"glen2.rpt","runoff off + zero DWF/GW/RDII/external inflow (conversion carried no inflow data)"
NO_INFLOW_SOURCES,"glen3.rpt","runoff off + zero DWF/GW/RDII/external inflow (conversion carried no inflow data)"
NO_INFLOW_SOURCES,"griffith.rpt","runoff off + zero DWF/GW/RDII/external inflow (conversion carried no inflow data)"
NO_INFLOW_SOURCES,"hchan.rpt","runoff off + zero DWF/GW/RDII/external inflow (conversion carried no inflow data)"
NO_INFLOW_SOURCES,"headpmp.rpt","runoff off + zero DWF/GW/RDII/external inflow (conversion carried no inflow data)"
NO_INFLOW_SOURCES,"headpmp1.rpt","runoff off + zero DWF/GW/RDII/external inflow (conversion carried no inflow data)"
NO_INFLOW_SOURCES,"hhtest.rpt","runoff off + zero DWF/GW/RDII/external inflow (conversion carried no inflow data)"
NO_INFLOW_SOURCES,"jeansim.rpt","runoff off + zero DWF/GW/RDII/external inflow (conversion carried no inflow data)"
NO_INFLOW_SOURCES,"kwdw.rpt","runoff off + zero DWF/GW/RDII/external inflow (conversion carried no inflow data)"
NO_INFLOW_SOURCES,"kwdw_v6.rpt","runoff off + zero DWF/GW/RDII/external inflow (conversion carried no inflow data)"
NO_INFLOW_SOURCES,"largewr.rpt","runoff off + zero DWF/GW/RDII/external inflow (conversion carried no inflow data)"
NO_INFLOW_SOURCES,"latestSeparation.rpt","runoff off + zero DWF/GW/RDII/external inflow (conversion carried no inflow data)"
NO_INFLOW_SOURCES,"latestSeparation_v8.51.rpt","runoff off + zero DWF/GW/RDII/external inflow (conversion carried no inflow data)"
NO_INFLOW_SOURCES,"leecond.rpt","runoff off + zero DWF/GW/RDII/external inflow (conversion carried no inflow data)"
NO_INFLOW_SOURCES,"magdy.rpt","runoff off + zero DWF/GW/RDII/external inflow (conversion carried no inflow data)"
NO_INFLOW_SOURCES,"maji-2.rpt","runoff off + zero DWF/GW/RDII/external inflow (conversion carried no inflow data)"
NO_INFLOW_SOURCES,"marsh.rpt","runoff off + zero DWF/GW/RDII/external inflow (conversion carried no inflow data)"
NO_INFLOW_SOURCES,"minor44.rpt","runoff off + zero DWF/GW/RDII/external inflow (conversion carried no inflow data)"
NO_INFLOW_SOURCES,"mod100a.rpt","runoff off + zero DWF/GW/RDII/external inflow (conversion carried no inflow data)"
NO_INFLOW_SOURCES,"mod101.rpt","runoff off + zero DWF/GW/RDII/external inflow (conversion carried no inflow data)"
NO_INFLOW_SOURCES,"mod102.rpt","runoff off + zero DWF/GW/RDII/external inflow (conversion carried no inflow data)"
NO_INFLOW_SOURCES,"mod161.rpt","runoff off + zero DWF/GW/RDII/external inflow (conversion carried no inflow data)"
NO_INFLOW_SOURCES,"mod161_v6.rpt","runoff off + zero DWF/GW/RDII/external inflow (conversion carried no inflow data)"
NO_INFLOW_SOURCES,"mod170.rpt","runoff off + zero DWF/GW/RDII/external inflow (conversion carried no inflow data)"
NO_INFLOW_SOURCES,"mod170_v6.rpt","runoff off + zero DWF/GW/RDII/external inflow (conversion carried no inflow data)"
NO_INFLOW_SOURCES,"mod171.rpt","runoff off + zero DWF/GW/RDII/external inflow (conversion carried no inflow data)"
NO_INFLOW_SOURCES,"mod182.rpt","runoff off + zero DWF/GW/RDII/external inflow (conversion carried no inflow data)"
NO_INFLOW_SOURCES,"mod59.rpt","runoff off + zero DWF/GW/RDII/external inflow (conversion carried no inflow data)"
NO_INFLOW_SOURCES,"mod59_v6.rpt","runoff off + zero DWF/GW/RDII/external inflow (conversion carried no inflow data)"
NO_INFLOW_SOURCES,"mod68.rpt","runoff off + zero DWF/GW/RDII/external inflow (conversion carried no inflow data)"
NO_INFLOW_SOURCES,"mod68a.rpt","runoff off + zero DWF/GW/RDII/external inflow (conversion carried no inflow data)"
NO_INFLOW_SOURCES,"mod69.rpt","runoff off + zero DWF/GW/RDII/external inflow (conversion carried no inflow data)"
NO_INFLOW_SOURCES,"mod70.rpt","runoff off + zero DWF/GW/RDII/external inflow (conversion carried no inflow data)"
NO_INFLOW_SOURCES,"mod71.rpt","runoff off + zero DWF/GW/RDII/external inflow (conversion carried no inflow data)"
NO_INFLOW_SOURCES,"mod78.rpt","runoff off + zero DWF/GW/RDII/external inflow (conversion carried no inflow data)"
NO_INFLOW_SOURCES,"mod86.rpt","runoff off + zero DWF/GW/RDII/external inflow (conversion carried no inflow data)"
NO_INFLOW_SOURCES,"mod87.rpt","runoff off + zero DWF/GW/RDII/external inflow (conversion carried no inflow data)"
NO_INFLOW_SOURCES,"mod88.rpt","runoff off + zero DWF/GW/RDII/external inflow (conversion carried no inflow data)"
NO_INFLOW_SOURCES,"mod89.rpt","runoff off + zero DWF/GW/RDII/external inflow (conversion carried no inflow data)"
NO_INFLOW_SOURCES,"mod89_v5.3.rpt","runoff off + zero DWF/GW/RDII/external inflow (conversion carried no inflow data)"
NO_INFLOW_SOURCES,"mod90.rpt","runoff off + zero DWF/GW/RDII/external inflow (conversion carried no inflow data)"
NO_INFLOW_SOURCES,"mod90a.rpt","runoff off + zero DWF/GW/RDII/external inflow (conversion carried no inflow data)"
NO_INFLOW_SOURCES,"mod91.rpt","runoff off + zero DWF/GW/RDII/external inflow (conversion carried no inflow data)"
NO_INFLOW_SOURCES,"mod91a.rpt","runoff off + zero DWF/GW/RDII/external inflow (conversion carried no inflow data)"
NO_INFLOW_SOURCES,"mod92.rpt","runoff off + zero DWF/GW/RDII/external inflow (conversion carried no inflow data)"
NO_INFLOW_SOURCES,"mod92a.rpt","runoff off + zero DWF/GW/RDII/external inflow (conversion carried no inflow data)"
NO_INFLOW_SOURCES,"mod92b.rpt","runoff off + zero DWF/GW/RDII/external inflow (conversion carried no inflow data)"
NO_INFLOW_SOURCES,"mod94.rpt","runoff off + zero DWF/GW/RDII/external inflow (conversion carried no inflow data)"
NO_INFLOW_SOURCES,"mod95.rpt","runoff off + zero DWF/GW/RDII/external inflow (conversion carried no inflow data)"
NO_INFLOW_SOURCES,"mod97.rpt","runoff off + zero DWF/GW/RDII/external inflow (conversion carried no inflow data)"
NO_INFLOW_SOURCES,"mod97_v19.1.rpt","runoff off + zero DWF/GW/RDII/external inflow (conversion carried no inflow data)"
NO_INFLOW_SOURCES,"mod97_v5.3.rpt","runoff off + zero DWF/GW/RDII/external inflow (conversion carried no inflow data)"
NO_INFLOW_SOURCES,"modnat.rpt","runoff off + zero DWF/GW/RDII/external inflow (conversion carried no inflow data)"
NO_INFLOW_SOURCES,"n87-97.rpt","runoff off + zero DWF/GW/RDII/external inflow (conversion carried no inflow data)"
NO_INFLOW_SOURCES,"n87-97_v6.rpt","runoff off + zero DWF/GW/RDII/external inflow (conversion carried no inflow data)"
NO_INFLOW_SOURCES,"n87-97a.rpt","runoff off + zero DWF/GW/RDII/external inflow (conversion carried no inflow data)"
NO_INFLOW_SOURCES,"n87-97a_v6.rpt","runoff off + zero DWF/GW/RDII/external inflow (conversion carried no inflow data)"
NO_INFLOW_SOURCES,"n87-97b.rpt","runoff off + zero DWF/GW/RDII/external inflow (conversion carried no inflow data)"
NO_INFLOW_SOURCES,"ncflood.rpt","runoff off + zero DWF/GW/RDII/external inflow (conversion carried no inflow data)"
NO_INFLOW_SOURCES,"note1.rpt","runoff off + zero DWF/GW/RDII/external inflow (conversion carried no inflow data)"
NO_INFLOW_SOURCES,"note1a.rpt","runoff off + zero DWF/GW/RDII/external inflow (conversion carried no inflow data)"
NO_INFLOW_SOURCES,"note2a.rpt","runoff off + zero DWF/GW/RDII/external inflow (conversion carried no inflow data)"
NO_INFLOW_SOURCES,"note3a.rpt","runoff off + zero DWF/GW/RDII/external inflow (conversion carried no inflow data)"
NO_INFLOW_SOURCES,"overland_rating_by_depth.rpt","runoff off + zero DWF/GW/RDII/external inflow (conversion carried no inflow data)"
NO_INFLOW_SOURCES,"overland_with_inlet_rating.rpt","runoff off + zero DWF/GW/RDII/external inflow (conversion carried no inflow data)"
NO_INFLOW_SOURCES,"piper.rpt","runoff off + zero DWF/GW/RDII/external inflow (conversion carried no inflow data)"
NO_INFLOW_SOURCES,"post_bob.rpt","runoff off + zero DWF/GW/RDII/external inflow (conversion carried no inflow data)"
NO_INFLOW_SOURCES,"ra.rpt","runoff off + zero DWF/GW/RDII/external inflow (conversion carried no inflow data)"
NO_INFLOW_SOURCES,"river.rpt","runoff off + zero DWF/GW/RDII/external inflow (conversion carried no inflow data)"
NO_INFLOW_SOURCES,"runepa.rpt","runoff off + zero DWF/GW/RDII/external inflow (conversion carried no inflow data)"
NO_INFLOW_SOURCES,"runk.rpt","runoff off + zero DWF/GW/RDII/external inflow (conversion carried no inflow data)"
NO_INFLOW_SOURCES,"runr.rpt","runoff off + zero DWF/GW/RDII/external inflow (conversion carried no inflow data)"
NO_INFLOW_SOURCES,"runs.rpt","runoff off + zero DWF/GW/RDII/external inflow (conversion carried no inflow data)"
NO_INFLOW_SOURCES,"runta.rpt","runoff off + zero DWF/GW/RDII/external inflow (conversion carried no inflow data)"
NO_INFLOW_SOURCES,"s119_test.rpt","runoff off + zero DWF/GW/RDII/external inflow (conversion carried no inflow data)"
NO_INFLOW_SOURCES,"s119_test_v8.51.rpt","runoff off + zero DWF/GW/RDII/external inflow (conversion carried no inflow data)"
NO_INFLOW_SOURCES,"san_antonio_five_pipe_network.rpt","runoff off + zero DWF/GW/RDII/external inflow (conversion carried no inflow data)"
NO_INFLOW_SOURCES,"san_antonio_five_pipe_network_cip.rpt","runoff off + zero DWF/GW/RDII/external inflow (conversion carried no inflow data)"
NO_INFLOW_SOURCES,"san_antonio_five_pipe_network_new_slip_line.rpt","runoff off + zero DWF/GW/RDII/external inflow (conversion carried no inflow data)"
NO_INFLOW_SOURCES,"sansewer.rpt","runoff off + zero DWF/GW/RDII/external inflow (conversion carried no inflow data)"
NO_INFLOW_SOURCES,"sbuh1.rpt","runoff off + zero DWF/GW/RDII/external inflow (conversion carried no inflow data)"
NO_INFLOW_SOURCES,"smallex.rpt","runoff off + zero DWF/GW/RDII/external inflow (conversion carried no inflow data)"
NO_INFLOW_SOURCES,"srini.rpt","runoff off + zero DWF/GW/RDII/external inflow (conversion carried no inflow data)"
NO_INFLOW_SOURCES,"static_head.rpt","runoff off + zero DWF/GW/RDII/external inflow (conversion carried no inflow data)"
NO_INFLOW_SOURCES,"stormwater4a.rpt","runoff off + zero DWF/GW/RDII/external inflow (conversion carried no inflow data)"
NO_INFLOW_SOURCES,"stormwater5.rpt","runoff off + zero DWF/GW/RDII/external inflow (conversion carried no inflow data)"
NO_INFLOW_SOURCES,"t150real.rpt","runoff off + zero DWF/GW/RDII/external inflow (conversion carried no inflow data)"
NO_INFLOW_SOURCES,"test.rpt","runoff off + zero DWF/GW/RDII/external inflow (conversion carried no inflow data)"
NO_INFLOW_SOURCES,"test_LARRY.rpt","runoff off + zero DWF/GW/RDII/external inflow (conversion carried no inflow data)"
NO_INFLOW_SOURCES,"testext4.rpt","runoff off + zero DWF/GW/RDII/external inflow (conversion carried no inflow data)"
NO_INFLOW_SOURCES,"testext5.rpt","runoff off + zero DWF/GW/RDII/external inflow (conversion carried no inflow data)"
NO_INFLOW_SOURCES,"testext6.rpt","runoff off + zero DWF/GW/RDII/external inflow (conversion carried no inflow data)"
NO_INFLOW_SOURCES,"testnew.rpt","runoff off + zero DWF/GW/RDII/external inflow (conversion carried no inflow data)"
NO_INFLOW_SOURCES,"trans_nc.rpt","runoff off + zero DWF/GW/RDII/external inflow (conversion carried no inflow data)"
NO_INFLOW_SOURCES,"transq.rpt","runoff off + zero DWF/GW/RDII/external inflow (conversion carried no inflow data)"
NO_INFLOW_SOURCES,"trqsplit.rpt","runoff off + zero DWF/GW/RDII/external inflow (conversion carried no inflow data)"
NO_INFLOW_SOURCES,"userdefinedweirs.rpt","runoff off + zero DWF/GW/RDII/external inflow (conversion carried no inflow data)"
NO_INFLOW_SOURCES,"vis-rr-dr.rpt","runoff off + zero DWF/GW/RDII/external inflow (conversion carried no inflow data)"
NO_INFLOW_SOURCES,"vor0919.rpt","runoff off + zero DWF/GW/RDII/external inflow (conversion carried no inflow data)"
NO_INFLOW_SOURCES,"w129-prtrunc.rpt","runoff off + zero DWF/GW/RDII/external inflow (conversion carried no inflow data)"
NO_INFLOW_SOURCES,"weirtst.rpt","runoff off + zero DWF/GW/RDII/external inflow (conversion carried no inflow data)"
ROUTING_OFF,"1D-2D_LeveeBreak_Flood_Initial_m.rpt","Flow Routing = NO in Analysis Options (nothing simulated)"
ROUTING_OFF,"1D-2D_LeveeBreak_Flood_m.rpt","Flow Routing = NO in Analysis Options (nothing simulated)"
ROUTING_OFF,"1D-2D_River_Flood_m.rpt","Flow Routing = NO in Analysis Options (nothing simulated)"
ROUTING_OFF,"A-d-Pa.rpt","Flow Routing = NO in Analysis Options (nothing simulated)"
ROUTING_OFF,"ALT1ROD.rpt","Flow Routing = NO in Analysis Options (nothing simulated)"
ROUTING_OFF,"ARTE.rpt","Flow Routing = NO in Analysis Options (nothing simulated)"
ROUTING_OFF,"B20ARI.rpt","Flow Routing = NO in Analysis Options (nothing simulated)"
ROUTING_OFF,"BASIC.rpt","Flow Routing = NO in Analysis Options (nothing simulated)"
ROUTING_OFF,"BASIC1.rpt","Flow Routing = NO in Analysis Options (nothing simulated)"
ROUTING_OFF,"BASIN6.rpt","Flow Routing = NO in Analysis Options (nothing simulated)"
ROUTING_OFF,"BIGHYD.rpt","Flow Routing = NO in Analysis Options (nothing simulated)"
ROUTING_OFF,"BIGTEST.rpt","Flow Routing = NO in Analysis Options (nothing simulated)"
ROUTING_OFF,"BIGTEST1.rpt","Flow Routing = NO in Analysis Options (nothing simulated)"
ROUTING_OFF,"BMP1.rpt","Flow Routing = NO in Analysis Options (nothing simulated)"
ROUTING_OFF,"BMP11.rpt","Flow Routing = NO in Analysis Options (nothing simulated)"
ROUTING_OFF,"BMP2.rpt","Flow Routing = NO in Analysis Options (nothing simulated)"
ROUTING_OFF,"BMP3.rpt","Flow Routing = NO in Analysis Options (nothing simulated)"
ROUTING_OFF,"BRYAN.rpt","Flow Routing = NO in Analysis Options (nothing simulated)"
ROUTING_OFF,"BYE.rpt","Flow Routing = NO in Analysis Options (nothing simulated)"
ROUTING_OFF,"CALIB.rpt","Flow Routing = NO in Analysis Options (nothing simulated)"
ROUTING_OFF,"CALWQ.rpt","Flow Routing = NO in Analysis Options (nothing simulated)"
ROUTING_OFF,"CHAR.rpt","Flow Routing = NO in Analysis Options (nothing simulated)"
ROUTING_OFF,"CHARL.rpt","Flow Routing = NO in Analysis Options (nothing simulated)"
ROUTING_OFF,"CHUTE2.rpt","Flow Routing = NO in Analysis Options (nothing simulated)"
ROUTING_OFF,"CONTRUN.rpt","Flow Routing = NO in Analysis Options (nothing simulated)"
ROUTING_OFF,"CVOR.rpt","Flow Routing = NO in Analysis Options (nothing simulated)"
ROUTING_OFF,"D-A-NUT.rpt","Flow Routing = NO in Analysis Options (nothing simulated)"
ROUTING_OFF,"DAMS.rpt","Flow Routing = NO in Analysis Options (nothing simulated)"
ROUTING_OFF,"DATA10.rpt","Flow Routing = NO in Analysis Options (nothing simulated)"
ROUTING_OFF,"DCTEST.rpt","Flow Routing = NO in Analysis Options (nothing simulated)"
ROUTING_OFF,"DEMOFILE.rpt","Flow Routing = NO in Analysis Options (nothing simulated)"
ROUTING_OFF,"ELEANOR.rpt","Flow Routing = NO in Analysis Options (nothing simulated)"
ROUTING_OFF,"EMASTER.rpt","Flow Routing = NO in Analysis Options (nothing simulated)"
ROUTING_OFF,"EMCTEST.rpt","Flow Routing = NO in Analysis Options (nothing simulated)"
ROUTING_OFF,"EX1.rpt","Flow Routing = NO in Analysis Options (nothing simulated)"
ROUTING_OFF,"EX2.rpt","Flow Routing = NO in Analysis Options (nothing simulated)"
ROUTING_OFF,"EX3.rpt","Flow Routing = NO in Analysis Options (nothing simulated)"
ROUTING_OFF,"EXTUT19.rpt","Flow Routing = NO in Analysis Options (nothing simulated)"
ROUTING_OFF,"Edmonton_Master.rpt","Flow Routing = NO in Analysis Options (nothing simulated)"
ROUTING_OFF,"FLSRN1.rpt","Flow Routing = NO in Analysis Options (nothing simulated)"
ROUTING_OFF,"FONTS.rpt","Flow Routing = NO in Analysis Options (nothing simulated)"
ROUTING_OFF,"FORBOB.rpt","Flow Routing = NO in Analysis Options (nothing simulated)"
ROUTING_OFF,"FRED-002.rpt","Flow Routing = NO in Analysis Options (nothing simulated)"
ROUTING_OFF,"FRESH.rpt","Flow Routing = NO in Analysis Options (nothing simulated)"
ROUTING_OFF,"GRASS1.rpt","Flow Routing = NO in Analysis Options (nothing simulated)"
ROUTING_OFF,"GRASS1A.rpt","Flow Routing = NO in Analysis Options (nothing simulated)"
ROUTING_OFF,"GRASS2.rpt","Flow Routing = NO in Analysis Options (nothing simulated)"
ROUTING_OFF,"HEL2.rpt","Flow Routing = NO in Analysis Options (nothing simulated)"
ROUTING_OFF,"HPG1.rpt","Flow Routing = NO in Analysis Options (nothing simulated)"
ROUTING_OFF,"HRC.rpt","Flow Routing = NO in Analysis Options (nothing simulated)"
ROUTING_OFF,"Hourly Rainfall.rpt","Flow Routing = NO in Analysis Options (nothing simulated)"
ROUTING_OFF,"ICLOSS.rpt","Flow Routing = NO in Analysis Options (nothing simulated)"
ROUTING_OFF,"ILSAX.rpt","Flow Routing = NO in Analysis Options (nothing simulated)"
ROUTING_OFF,"JOB1.rpt","Flow Routing = NO in Analysis Options (nothing simulated)"
ROUTING_OFF,"JONES1.rpt","Flow Routing = NO in Analysis Options (nothing simulated)"
ROUTING_OFF,"JONESHEN.rpt","Flow Routing = NO in Analysis Options (nothing simulated)"
ROUTING_OFF,"JURGEN.rpt","Flow Routing = NO in Analysis Options (nothing simulated)"
ROUTING_OFF,"KELLEY.rpt","Flow Routing = NO in Analysis Options (nothing simulated)"
ROUTING_OFF,"LRAIN.rpt","Flow Routing = NO in Analysis Options (nothing simulated)"
ROUTING_OFF,"M15_final.rpt","Flow Routing = NO in Analysis Options (nothing simulated)"
ROUTING_OFF,"M15_final_v16.rpt","Flow Routing = NO in Analysis Options (nothing simulated)"
ROUTING_OFF,"M15_start.rpt","Flow Routing = NO in Analysis Options (nothing simulated)"
ROUTING_OFF,"M18-1D2D Culvert_Start_final.rpt","Flow Routing = NO in Analysis Options (nothing simulated)"
ROUTING_OFF,"M18-1D2D Culvert_complete_final.rpt","Flow Routing = NO in Analysis Options (nothing simulated)"
ROUTING_OFF,"MAIRUN.rpt","Flow Routing = NO in Analysis Options (nothing simulated)"
ROUTING_OFF,"MASTER.rpt","Flow Routing = NO in Analysis Options (nothing simulated)"
ROUTING_OFF,"MASTER1.rpt","Flow Routing = NO in Analysis Options (nothing simulated)"
ROUTING_OFF,"MASTER5.rpt","Flow Routing = NO in Analysis Options (nothing simulated)"
ROUTING_OFF,"MMASTER.rpt","Flow Routing = NO in Analysis Options (nothing simulated)"
ROUTING_OFF,"MOD5.rpt","Flow Routing = NO in Analysis Options (nothing simulated)"
ROUTING_OFF,"MOD5_v1.52.rpt","Flow Routing = NO in Analysis Options (nothing simulated)"
ROUTING_OFF,"NEW1.rpt","Flow Routing = NO in Analysis Options (nothing simulated)"
ROUTING_OFF,"NEWERASC.rpt","Flow Routing = NO in Analysis Options (nothing simulated)"
ROUTING_OFF,"NEWFILE.rpt","Flow Routing = NO in Analysis Options (nothing simulated)"
ROUTING_OFF,"NEWRATE.rpt","Flow Routing = NO in Analysis Options (nothing simulated)"
ROUTING_OFF,"ONENODE.rpt","Flow Routing = NO in Analysis Options (nothing simulated)"
ROUTING_OFF,"OTTAWA.rpt","Flow Routing = NO in Analysis Options (nothing simulated)"
ROUTING_OFF,"OTTAWA1.rpt","Flow Routing = NO in Analysis Options (nothing simulated)"
ROUTING_OFF,"OTTAWA2.rpt","Flow Routing = NO in Analysis Options (nothing simulated)"
ROUTING_OFF,"OWASEW.rpt","Flow Routing = NO in Analysis Options (nothing simulated)"
ROUTING_OFF,"OWASOO.rpt","Flow Routing = NO in Analysis Options (nothing simulated)"
ROUTING_OFF,"OWASSS.rpt","Flow Routing = NO in Analysis Options (nothing simulated)"
ROUTING_OFF,"OWATTT.rpt","Flow Routing = NO in Analysis Options (nothing simulated)"
ROUTING_OFF,"PBSF.rpt","Flow Routing = NO in Analysis Options (nothing simulated)"
ROUTING_OFF,"PJSJ11.rpt","Flow Routing = NO in Analysis Options (nothing simulated)"
ROUTING_OFF,"PROSEX1.rpt","Flow Routing = NO in Analysis Options (nothing simulated)"
ROUTING_OFF,"QSURGE.rpt","Flow Routing = NO in Analysis Options (nothing simulated)"
ROUTING_OFF,"RAFTEST2.rpt","Flow Routing = NO in Analysis Options (nothing simulated)"
ROUTING_OFF,"RAINDATA.rpt","Flow Routing = NO in Analysis Options (nothing simulated)"
ROUTING_OFF,"RAINTEST.rpt","Flow Routing = NO in Analysis Options (nothing simulated)"
ROUTING_OFF,"RATBND.rpt","Flow Routing = NO in Analysis Options (nothing simulated)"
ROUTING_OFF,"REXAM1.rpt","Flow Routing = NO in Analysis Options (nothing simulated)"
ROUTING_OFF,"RITTIMAN.rpt","Flow Routing = NO in Analysis Options (nothing simulated)"
ROUTING_OFF,"RITTIMP.rpt","Flow Routing = NO in Analysis Options (nothing simulated)"
ROUTING_OFF,"RN3.rpt","Flow Routing = NO in Analysis Options (nothing simulated)"
ROUTING_OFF,"RN33.rpt","Flow Routing = NO in Analysis Options (nothing simulated)"
ROUTING_OFF,"RN4.rpt","Flow Routing = NO in Analysis Options (nothing simulated)"
ROUTING_OFF,"RNDATA.rpt","Flow Routing = NO in Analysis Options (nothing simulated)"
ROUTING_OFF,"RNTALL.rpt","Flow Routing = NO in Analysis Options (nothing simulated)"
ROUTING_OFF,"RNW20.rpt","Flow Routing = NO in Analysis Options (nothing simulated)"
ROUTING_OFF,"RUN21.rpt","Flow Routing = NO in Analysis Options (nothing simulated)"
ROUTING_OFF,"RUN24.rpt","Flow Routing = NO in Analysis Options (nothing simulated)"
ROUTING_OFF,"RUN9.rpt","Flow Routing = NO in Analysis Options (nothing simulated)"
ROUTING_OFF,"RUNAS.rpt","Flow Routing = NO in Analysis Options (nothing simulated)"
ROUTING_OFF,"RUN_AES.rpt","Flow Routing = NO in Analysis Options (nothing simulated)"
ROUTING_OFF,"Rational Formula Method.rpt","Flow Routing = NO in Analysis Options (nothing simulated)"
ROUTING_OFF,"RationalFormulawithIDF.rpt","Flow Routing = NO in Analysis Options (nothing simulated)"
ROUTING_OFF,"Rational_method.rpt","Flow Routing = NO in Analysis Options (nothing simulated)"
ROUTING_OFF,"SCS Storms.rpt","Flow Routing = NO in Analysis Options (nothing simulated)"
ROUTING_OFF,"SCSAMER.rpt","Flow Routing = NO in Analysis Options (nothing simulated)"
ROUTING_OFF,"SCSAMER1.rpt","Flow Routing = NO in Analysis Options (nothing simulated)"
ROUTING_OFF,"SCSSF.rpt","Flow Routing = NO in Analysis Options (nothing simulated)"
ROUTING_OFF,"SCSSRF.rpt","Flow Routing = NO in Analysis Options (nothing simulated)"
ROUTING_OFF,"SCSTE1.rpt","Flow Routing = NO in Analysis Options (nothing simulated)"
ROUTING_OFF,"SCSTEST1.rpt","Flow Routing = NO in Analysis Options (nothing simulated)"
ROUTING_OFF,"SEASON1.rpt","Flow Routing = NO in Analysis Options (nothing simulated)"
ROUTING_OFF,"SEGRAIN.rpt","Flow Routing = NO in Analysis Options (nothing simulated)"
ROUTING_OFF,"SENSITIV.rpt","Flow Routing = NO in Analysis Options (nothing simulated)"
ROUTING_OFF,"SNOWJ1.rpt","Flow Routing = NO in Analysis Options (nothing simulated)"
ROUTING_OFF,"SNOWMELT.rpt","Flow Routing = NO in Analysis Options (nothing simulated)"
ROUTING_OFF,"STACK.rpt","Flow Routing = NO in Analysis Options (nothing simulated)"
ROUTING_OFF,"STATS1.rpt","Flow Routing = NO in Analysis Options (nothing simulated)"
ROUTING_OFF,"STATS2.rpt","Flow Routing = NO in Analysis Options (nothing simulated)"
ROUTING_OFF,"STB3.rpt","Flow Routing = NO in Analysis Options (nothing simulated)"
ROUTING_OFF,"STRT.rpt","Flow Routing = NO in Analysis Options (nothing simulated)"
ROUTING_OFF,"STRT1.rpt","Flow Routing = NO in Analysis Options (nothing simulated)"
ROUTING_OFF,"STRT14.rpt","Flow Routing = NO in Analysis Options (nothing simulated)"
ROUTING_OFF,"STRT15.rpt","Flow Routing = NO in Analysis Options (nothing simulated)"
ROUTING_OFF,"STRT16.rpt","Flow Routing = NO in Analysis Options (nothing simulated)"
ROUTING_OFF,"STRT1XP.rpt","Flow Routing = NO in Analysis Options (nothing simulated)"
ROUTING_OFF,"STRT2.rpt","Flow Routing = NO in Analysis Options (nothing simulated)"
ROUTING_OFF,"STRT3.rpt","Flow Routing = NO in Analysis Options (nothing simulated)"
ROUTING_OFF,"STRT4.rpt","Flow Routing = NO in Analysis Options (nothing simulated)"
ROUTING_OFF,"STRT5.rpt","Flow Routing = NO in Analysis Options (nothing simulated)"
ROUTING_OFF,"STRT6.rpt","Flow Routing = NO in Analysis Options (nothing simulated)"
ROUTING_OFF,"STRT7.rpt","Flow Routing = NO in Analysis Options (nothing simulated)"
ROUTING_OFF,"STRT8.rpt","Flow Routing = NO in Analysis Options (nothing simulated)"
ROUTING_OFF,"STRT9.rpt","Flow Routing = NO in Analysis Options (nothing simulated)"
ROUTING_OFF,"SW3.rpt","Flow Routing = NO in Analysis Options (nothing simulated)"
ROUTING_OFF,"SWFWMD.rpt","Flow Routing = NO in Analysis Options (nothing simulated)"
ROUTING_OFF,"SWRUN1.rpt","Flow Routing = NO in Analysis Options (nothing simulated)"
ROUTING_OFF,"Saskatoon_Master.rpt","Flow Routing = NO in Analysis Options (nothing simulated)"
ROUTING_OFF,"T1.rpt","Flow Routing = NO in Analysis Options (nothing simulated)"
ROUTING_OFF,"TANK1.rpt","Flow Routing = NO in Analysis Options (nothing simulated)"
ROUTING_OFF,"TEST1.rpt","Flow Routing = NO in Analysis Options (nothing simulated)"
ROUTING_OFF,"TGAB913.rpt","Flow Routing = NO in Analysis Options (nothing simulated)"
ROUTING_OFF,"TORBEIN.rpt","Flow Routing = NO in Analysis Options (nothing simulated)"
ROUTING_OFF,"TPA.rpt","Flow Routing = NO in Analysis Options (nothing simulated)"
ROUTING_OFF,"TRLOSS.rpt","Flow Routing = NO in Analysis Options (nothing simulated)"
ROUTING_OFF,"W20GR.rpt","Flow Routing = NO in Analysis Options (nothing simulated)"
ROUTING_OFF,"WALKER.rpt","Flow Routing = NO in Analysis Options (nothing simulated)"
ROUTING_OFF,"WANILISTA.rpt","Flow Routing = NO in Analysis Options (nothing simulated)"
ROUTING_OFF,"WARDROP0.rpt","Flow Routing = NO in Analysis Options (nothing simulated)"
ROUTING_OFF,"WARDROP1.rpt","Flow Routing = NO in Analysis Options (nothing simulated)"
ROUTING_OFF,"WESTLAK1.rpt","Flow Routing = NO in Analysis Options (nothing simulated)"
ROUTING_OFF,"WOOLLY.rpt","Flow Routing = NO in Analysis Options (nothing simulated)"
ROUTING_OFF,"WQEXAML1.rpt","Flow Routing = NO in Analysis Options (nothing simulated)"
ROUTING_OFF,"WRCRAN.rpt","Flow Routing = NO in Analysis Options (nothing simulated)"
ROUTING_OFF,"XPRUN1.rpt","Flow Routing = NO in Analysis Options (nothing simulated)"
ROUTING_OFF,"adsxy.rpt","Flow Routing = NO in Analysis Options (nothing simulated)"
ROUTING_OFF,"b11.rpt","Flow Routing = NO in Analysis Options (nothing simulated)"
ROUTING_OFF,"basic1a.rpt","Flow Routing = NO in Analysis Options (nothing simulated)"
ROUTING_OFF,"cityofsurrey_master.rpt","Flow Routing = NO in Analysis Options (nothing simulated)"
ROUTING_OFF,"cypresscrk.rpt","Flow Routing = NO in Analysis Options (nothing simulated)"
ROUTING_OFF,"datHHa.rpt","Flow Routing = NO in Analysis Options (nothing simulated)"
ROUTING_OFF,"data.rpt","Flow Routing = NO in Analysis Options (nothing simulated)"
ROUTING_OFF,"datax.rpt","Flow Routing = NO in Analysis Options (nothing simulated)"
ROUTING_OFF,"dbmp.rpt","Flow Routing = NO in Analysis Options (nothing simulated)"
ROUTING_OFF,"drunoff.rpt","Flow Routing = NO in Analysis Options (nothing simulated)"
ROUTING_OFF,"evaptest.rpt","Flow Routing = NO in Analysis Options (nothing simulated)"
ROUTING_OFF,"geopak_master.rpt","Flow Routing = NO in Analysis Options (nothing simulated)"
ROUTING_OFF,"glen4.rpt","Flow Routing = NO in Analysis Options (nothing simulated)"
ROUTING_OFF,"gui.rpt","Flow Routing = NO in Analysis Options (nothing simulated)"
ROUTING_OFF,"huff.rpt","Flow Routing = NO in Analysis Options (nothing simulated)"
ROUTING_OFF,"longrun.rpt","Flow Routing = NO in Analysis Options (nothing simulated)"
ROUTING_OFF,"mchenrn.rpt","Flow Routing = NO in Analysis Options (nothing simulated)"
ROUTING_OFF,"mod15.rpt","Flow Routing = NO in Analysis Options (nothing simulated)"
ROUTING_OFF,"mod153.rpt","Flow Routing = NO in Analysis Options (nothing simulated)"
ROUTING_OFF,"mod15a.rpt","Flow Routing = NO in Analysis Options (nothing simulated)"
ROUTING_OFF,"mydata.rpt","Flow Routing = NO in Analysis Options (nothing simulated)"
ROUTING_OFF,"ponds.rpt","Flow Routing = NO in Analysis Options (nothing simulated)"
ROUTING_OFF,"rainminn.rpt","Flow Routing = NO in Analysis Options (nothing simulated)"
ROUTING_OFF,"rnlms.rpt","Flow Routing = NO in Analysis Options (nothing simulated)"
ROUTING_OFF,"roralsun.rpt","Flow Routing = NO in Analysis Options (nothing simulated)"
ROUTING_OFF,"runofftest.rpt","Flow Routing = NO in Analysis Options (nothing simulated)"
ROUTING_OFF,"shntb.rpt","Flow Routing = NO in Analysis Options (nothing simulated)"
ROUTING_OFF,"tank rupture.rpt","Flow Routing = NO in Analysis Options (nothing simulated)"
ROUTING_OFF,"temp.rpt","Flow Routing = NO in Analysis Options (nothing simulated)"
ROUTING_OFF,"tipping.rpt","Flow Routing = NO in Analysis Options (nothing simulated)"
ROUTING_OFF,"ursrain.rpt","Flow Routing = NO in Analysis Options (nothing simulated)"
ROUTING_OFF,"y2k10.rpt","Flow Routing = NO in Analysis Options (nothing simulated)"
ROUTING_OFF,"y2krain.rpt","Flow Routing = NO in Analysis Options (nothing simulated)"
