
  EPA STORM WATER MANAGEMENT MODEL - VERSION 5.2 (Build 5.2.4)
  ------------------------------------------------------------

  ALCOSAN's Saw Mill Run Interceptor Extension Project 
  WARNING 04: minimum elevation drop used for Conduit R3A
  WARNING 10: crest elevation raised to downstream invert for regulator Link MUL10
  WARNING 10: crest elevation raised to downstream invert for regulator Link MUL16
  
  ****************
  Analysis Options
  ****************
  Flow Units ............... CFS
  Process Models:
    Rainfall/Runoff ........ NO
    RDII ................... NO
    Snowmelt ............... NO
    Groundwater ............ NO
    Flow Routing ........... YES
    Ponding Allowed ........ NO
    Water Quality .......... NO
  Flow Routing Method ...... DYNWAVE
  Surcharge Method ......... EXTRAN
  Starting Date ............ 01/01/2001 00:00:00
  Ending Date .............. 01/02/2001 00:00:00
  Antecedent Dry Days ...... 0.0
  Report Time Step ......... 00:15:00
  Routing Time Step ........ 5.00 sec
  Variable Time Step ....... YES
  Maximum Trials ........... 30
  Number of Threads ........ 1
  Head Tolerance ........... 2.000000 ft
  
  
  **************************        Volume        Volume
  Flow Routing Continuity        acre-feet      10^6 gal
  **************************     ---------     ---------
  Dry Weather Inflow .......         0.000         0.000
  Wet Weather Inflow .......         0.000         0.000
  Groundwater Inflow .......         0.000         0.000
  RDII Inflow ..............         0.000         0.000
  External Inflow ..........        75.686        24.663
  External Outflow .........         0.018         0.006
  Flooding Loss ............        63.916        20.828
  Evaporation Loss .........         0.000         0.000
  Exfiltration Loss ........         0.000         0.000
  Initial Stored Volume ....         0.000         0.000
  Final Stored Volume ......         1.071         0.349
  Continuity Error (%) .....        14.114
  
  
  *************************
  Highest Continuity Errors
  *************************
  Node O14 (100.00%)
  Node 1 (100.00%)
  Node 4 (100.00%)
  Node 6 (100.00%)
  Node 8 (100.00%)
  
  
  ***************************
  Time-Step Critical Elements
  ***************************
  None
  
  
  ********************************
  Highest Flow Instability Indexes
  ********************************
  Link OR18 (150)
  Link MUL15 (150)
  Link MUL16 (149)
  Link MUL4 (149)
  Link OR36 (149)
  
  
  *********************************
  Most Frequent Nonconverging Nodes
  *********************************
  Convergence obtained at all time steps.
  
  
  *************************
  Routing Time Step Summary
  *************************
  Minimum Time Step           :     4.50 sec
  Average Time Step           :     5.00 sec
  Maximum Time Step           :     5.00 sec
  % of Time in Steady State   :     0.00
  Average Iterations per Step :     2.00
  % of Steps Not Converging   :     0.00
  Time Step Frequencies       :
      5.000 -  3.155 sec      :   100.00 %
      3.155 -  1.991 sec      :     0.00 %
      1.991 -  1.256 sec      :     0.00 %
      1.256 -  0.792 sec      :     0.00 %
      0.792 -  0.500 sec      :     0.00 %
  
  
  ******************
  Node Depth Summary
  ******************
  
  ---------------------------------------------------------------------------------
                                 Average  Maximum  Maximum  Time of Max    Reported
                                   Depth    Depth      HGL   Occurrence   Max Depth
  Node                 Type         Feet     Feet     Feet  days hr:min        Feet
  ---------------------------------------------------------------------------------
  O14                  JUNCTION    30.94    61.88   780.28     1  00:00       61.88
  1                    JUNCTION    30.94    61.88   793.48     1  00:00       61.88
  4                    JUNCTION    30.94    61.88   793.08     1  00:00       61.88
  4B                   JUNCTION   337.14   712.03  1442.73     0  15:57      712.03
  4A                   JUNCTION   480.79   712.55  1443.85     0  15:23      712.55
  5                    JUNCTION   635.70   714.98  1446.28     0  05:57      714.98
  6                    JUNCTION    32.54    66.00   796.50     1  00:00       66.00
  8                    JUNCTION    44.18   417.23  1147.23     1  00:00      417.23
  9                    JUNCTION   126.79   718.70  1449.80     0  22:21      718.70
  9B                   JUNCTION   225.35   721.24  1453.54     0  22:12      721.24
  10                   JUNCTION   327.58   723.99  1459.89     0  15:56      723.99
  O43                  JUNCTION   547.34   728.90  1469.80     0  11:39      728.89
  D43                  JUNCTION   697.72   762.96  1532.56     0  07:56      762.96
  W43                  JUNCTION    30.94    61.88   831.48     1  00:00       61.88
  12                   JUNCTION   434.87   726.47  1467.37     0  15:15      726.47
  12A                  JUNCTION    30.94    61.88   805.88     1  00:00       61.88
  W42A                 JUNCTION    30.94    61.88   805.58     1  00:00       61.88
  W42                  JUNCTION    30.94    61.88   806.38     1  00:00       61.88
  13                   JUNCTION    30.94    61.88   808.98     1  00:00       61.88
  13A                  JUNCTION    30.94    61.88   810.88     1  00:00       61.88
  13B                  JUNCTION    30.94    61.88   811.08     1  00:00       61.88
  O41                  JUNCTION   278.37   749.98  1512.18     0  20:26      749.98
  15                   JUNCTION    51.41   331.30  1093.20     1  00:00      331.30
  D41                  JUNCTION   586.21   750.88  1512.38     0  11:09      750.88
  O18                  JUNCTION   739.78   751.45  1526.45     0  00:44      751.45
  18A                  JUNCTION    30.94    61.88   832.58     1  00:00       61.88
  20                   JUNCTION    30.94    61.88   836.38     1  00:00       61.88
  22                   JUNCTION    30.94    61.88   834.08     1  00:00       61.88
  23                   JUNCTION    30.94    61.88   838.18     1  00:00       61.88
  24                   JUNCTION    65.32   130.64   907.44     1  00:00      130.64
  25                   JUNCTION    30.94    61.88   849.58     1  00:00       61.88
  25A                  JUNCTION    30.94    61.88   850.38     1  00:00       61.88
  O39                  JUNCTION     9.78    10.02   798.62     0  01:01        9.99
  27                   JUNCTION    30.94    61.88   866.68     1  00:00       61.88
  27A                  JUNCTION    30.94    61.88   861.92     1  00:00       61.88
  29                   JUNCTION    30.94    61.88   877.88     1  00:00       61.88
  O36                  JUNCTION    13.12    13.35   834.95     0  00:48       13.27
  30                   JUNCTION    30.94    61.88   880.53     1  00:00       61.88
  32                   JUNCTION    30.94    61.88   883.78     1  00:00       61.88
  O35                  JUNCTION    16.69    17.59   844.69     0  03:15       17.57
  34A                  JUNCTION     9.09    10.10   837.91     0  04:43       10.09
  35                   JUNCTION    30.94    61.88   890.68     1  00:00       61.88
  O33                  JUNCTION    12.22    12.82   856.82     0  02:37       12.82
  39                   JUNCTION   807.97   832.36  1678.66     0  01:53      832.36
  60391                JUNCTION    30.94    61.88   908.18     1  00:00       61.88
  60393                JUNCTION    14.44    15.01   882.91     0  02:26       15.01
  40                   JUNCTION    30.94    61.88   911.02     1  00:00       61.88
  41                   JUNCTION    30.94    61.88   915.33     1  00:00       61.88
  O30                  JUNCTION     9.00    11.18   869.98     0  09:17       11.16
  49                   JUNCTION    30.94    61.88   928.11     1  00:00       61.88
  54                   JUNCTION    30.94    61.88   943.74     1  00:00       61.88
  60551                JUNCTION    30.94    61.88   949.78     1  00:00       61.88
  60554                JUNCTION     9.92    10.11   915.81     0  00:23       10.09
  60555                JUNCTION     9.74     9.92   900.32     0  00:46        9.89
  56                   JUNCTION    30.94    61.88   950.58     1  00:00       61.88
  59                   JUNCTION    30.94    61.88   948.78     1  00:00       61.88
  61                   JUNCTION    30.94    61.88   949.13     1  00:00       61.88
  64                   JUNCTION    78.70   404.68  1294.42     1  00:00      404.68
  M51A                 JUNCTION   566.27   883.11  1777.11     0  19:03      883.11
  67                   JUNCTION    30.94    61.88   962.34     1  00:00       61.88
  70                   JUNCTION    30.94    61.88   966.88     1  00:00       61.88
  72                   JUNCTION    32.06   152.53  1053.83     1  00:00      152.53
  73                   JUNCTION   147.18   891.15  1793.65     0  23:41      891.15
  74                   JUNCTION   345.40   892.64  1798.54     0  18:13      892.64
  76                   JUNCTION   557.64   896.22  1806.22     0  12:56      896.22
  77                   JUNCTION   783.72   899.27  1810.67     0  07:16      899.27
  79A                  JUNCTION    46.72   247.61  1175.96     1  00:00      247.61
  80                   JUNCTION   530.62   906.23  1835.16     0  20:30      906.23
  81                   JUNCTION    30.94    61.88   994.33     1  00:00       61.88
  84                   JUNCTION     9.90    10.04   942.04     0  00:27       10.03
  84A                  JUNCTION    30.94    61.88   993.28     1  00:00       61.88
  M71A                 JUNCTION    32.17   130.21  1061.11     1  00:00      130.21
  87                   JUNCTION   262.49   918.22  1848.22     1  00:00      918.22
  88                   JUNCTION   691.13   919.91  1854.51     0  12:19      919.91
  M74                  JUNCTION    30.94    61.88  1005.58     1  00:00       61.88
  M75                  JUNCTION    30.94    61.88  1000.63     1  00:00       61.88
  M76                  JUNCTION    30.94    61.88  1000.88     1  00:00       61.88
  M77                  JUNCTION    30.94    61.88  1002.88     1  00:00       61.88
  M80                  JUNCTION    30.94    61.88  1013.88     1  00:00       61.88
  M81                  JUNCTION    30.94    61.88  1011.88     1  00:00       61.88
  M84                  JUNCTION    30.94    61.88  1010.88     1  00:00       61.88
  M86                  JUNCTION    30.94    61.88  1007.88     1  00:00       61.88
  101                  JUNCTION    30.94    61.88  1016.48     1  00:00       61.88
  103                  JUNCTION   928.04   945.17  1909.07     0  00:52      945.07
  C2                   JUNCTION    30.94    61.88  1036.68     1  00:00       61.88
  C3                   JUNCTION    30.94    61.88  1036.38     1  00:00       61.88
  C6                   JUNCTION    30.94    61.88  1047.98     1  00:00       61.88
  C8                   JUNCTION    30.94    61.88  1046.78     1  00:00       61.88
  C9                   JUNCTION    30.94    61.88  1048.58     1  00:00       61.88
  C12                  JUNCTION    30.94    61.88  1053.28     1  00:00       61.88
  C14                  JUNCTION    30.94    61.88  1057.88     1  00:00       61.88
  C15                  JUNCTION    30.94    61.88  1057.98     1  00:00       61.88
  C16                  JUNCTION    30.94    61.88  1061.18     1  00:00       61.88
  C17                  JUNCTION    30.94    61.88  1063.28     1  00:00       61.88
  C21                  JUNCTION   937.44   998.43  2006.63     0  03:28      998.43
  C28                  JUNCTION    30.94    61.88  1078.98     1  00:00       61.88
  C29                  JUNCTION    30.94    61.88  1082.48     1  00:00       61.88
  C32                  JUNCTION    30.94    61.88  1087.48     1  00:00       61.88
  C35                  JUNCTION    30.94    61.88  1087.78     1  00:00       61.88
  C36                  JUNCTION    30.94    61.88  1096.38     1  00:00       61.88
  C38                  JUNCTION    30.94    61.88  1099.78     1  00:00       61.88
  C40                  JUNCTION    30.94    61.88  1109.58     1  00:00       61.88
  C41                  JUNCTION    30.94    61.88  1114.38     1  00:00       61.88
  C43                  JUNCTION    30.94    61.88  1119.28     1  00:00       61.88
  C45                  JUNCTION    30.94    61.88  1121.08     1  00:00       61.88
  C46                  JUNCTION    30.94    61.88  1123.98     1  00:00       61.88
  C48                  JUNCTION    30.94    61.88  1129.38     1  00:00       61.88
  C49                  JUNCTION    30.94    61.88  1128.98     1  00:00       61.88
  C50                  JUNCTION    30.94    61.88  1129.58     1  00:00       61.88
  C51                  JUNCTION    30.94    61.88  1130.38     1  00:00       61.88
  N1                   JUNCTION    30.94    61.88   784.88     1  00:00       61.88
  N2                   JUNCTION   134.08   268.15  1000.45     1  00:00      268.15
  N3A                  JUNCTION   134.08   268.15  1018.25     1  00:00      268.15
  N4A                  JUNCTION    30.94    61.88   802.58     1  00:00       61.88
  N8                   JUNCTION    30.94    61.88   791.38     1  00:00       61.88
  N9                   JUNCTION    30.94    61.88   786.28     1  00:00       61.88
  N10                  JUNCTION    30.94    61.88   785.98     1  00:00       61.88
  N12                  JUNCTION    30.94    61.88   795.88     1  00:00       61.88
  N15A                 JUNCTION    30.94    61.88   804.18     1  00:00       61.88
  N16                  JUNCTION    30.94    61.88   803.88     1  00:00       61.88
  N17                  JUNCTION    30.94    61.88   805.68     1  00:00       61.88
  N21                  JUNCTION    30.94    61.88   828.48     1  00:00       61.88
  N24                  JUNCTION   164.47   666.33  1441.23     1  00:00      666.33
  D40                  JUNCTION   550.42   763.38  1537.88     0  13:33      763.38
  W40                  JUNCTION    30.94    61.88   836.38     1  00:00       61.88
  N26                  JUNCTION    30.94    61.88   841.78     1  00:00       61.88
  N27                  JUNCTION    30.94    61.88   845.88     1  00:00       61.88
  N28                  JUNCTION    30.94    61.88   839.68     1  00:00       61.88
  N29                  JUNCTION    41.25   356.84  1133.84     1  00:00      356.84
  N31                  JUNCTION   140.55   760.27  1545.67     0  23:28      760.27
  N33A                 JUNCTION   266.03   765.66  1560.80     0  22:38      765.66
  O1A                  JUNCTION    30.94    61.88   858.08     1  00:00       61.88
  N34                  JUNCTION   409.58   788.38  1590.28     0  14:08      788.38
  N35                  JUNCTION   559.14   794.58  1600.58     0  09:40      794.58
  N35A                 JUNCTION   722.89   804.11  1610.11     0  05:11      804.11
  M2                   JUNCTION    30.94    61.88   869.88     1  00:00       61.88
  M6                   JUNCTION    30.94    61.88   863.48     1  00:00       61.88
  M8                   JUNCTION    30.94    61.88   868.73     1  00:00       61.88
  M11                  JUNCTION    30.94    61.88   873.88     1  00:00       61.88
  M12                  JUNCTION    30.94    61.88   875.83     1  00:00       61.88
  M13                  JUNCTION    30.94    61.88   877.88     1  00:00       61.88
  M22                  JUNCTION    30.94    61.88   895.88     1  00:00       61.88
  M23                  JUNCTION    30.94    61.88   897.88     1  00:00       61.88
  M33                  JUNCTION    30.94    61.88   918.88     1  00:00       61.88
  M34                  JUNCTION    30.94    61.88   917.88     1  00:00       61.88
  M41                  JUNCTION    30.94    61.88   930.88     1  00:00       61.88
  M43                  JUNCTION    30.94    61.88   937.88     1  00:00       61.88
  M44                  JUNCTION    30.94    61.88   937.88     1  00:00       61.88
  M45                  JUNCTION    30.94    61.88   940.88     1  00:00       61.88
  M48                  JUNCTION    30.94    61.88   945.88     1  00:00       61.88
  M50                  JUNCTION    30.94    61.88   948.88     1  00:00       61.88
  M52                  JUNCTION    30.94    61.88   951.88     1  00:00       61.88
  M53                  JUNCTION    30.94    61.88   959.88     1  00:00       61.88
  M55                  JUNCTION    30.94    61.88   964.88     1  00:00       61.88
  M56                  JUNCTION    30.94    61.88   964.88     1  00:00       61.88
  M57                  JUNCTION    30.94    61.88   967.88     1  00:00       61.88
  M58                  JUNCTION    30.94    61.88   967.88     1  00:00       61.88
  M59                  JUNCTION    30.94    61.88   965.88     1  00:00       61.88
  M61                  JUNCTION    30.94    61.88   964.88     1  00:00       61.88
  M64                  JUNCTION    30.94    61.88   970.88     1  00:00       61.88
  M65                  JUNCTION    30.94    61.88   973.38     1  00:00       61.88
  M66                  JUNCTION    30.94    61.88   974.88     1  00:00       61.88
  M69                  JUNCTION    30.94    61.88   982.13     1  00:00       61.88
  M71                  JUNCTION    30.94    61.88   986.88     1  00:00       61.88
  M72                  JUNCTION    30.94    61.88   996.18     1  00:00       61.88
  M85                  JUNCTION    30.94    61.88  1011.88     1  00:00       61.88
  M82                  JUNCTION    30.94    61.88  1016.88     1  00:00       61.88
  M68                  JUNCTION    30.94    61.88   977.88     1  00:00       61.88
  M67                  JUNCTION     0.00     0.00   916.00     0  00:00        0.00
  M62                  JUNCTION    30.94    61.88   968.88     1  00:00       61.88
  M63                  JUNCTION    30.94    61.88   968.88     1  00:00       61.88
  M60                  JUNCTION    30.94    61.88   963.88     1  00:00       61.88
  M54                  JUNCTION    30.94    61.88   961.88     1  00:00       61.88
  M49                  JUNCTION    30.94    61.88   944.88     1  00:00       61.88
  M47                  JUNCTION    30.94    61.88   942.88     1  00:00       61.88
  M46                  JUNCTION    30.94    61.88   941.88     1  00:00       61.88
  M40                  JUNCTION    30.94    61.88   933.88     1  00:00       61.88
  M39                  JUNCTION    30.94    61.88   928.88     1  00:00       61.88
  M38                  JUNCTION    30.94    61.88   924.88     1  00:00       61.88
  M37                  JUNCTION    30.94    61.88   922.88     1  00:00       61.88
  M36                  JUNCTION    30.94    61.88   919.88     1  00:00       61.88
  M35                  JUNCTION    30.94    61.88   919.88     1  00:00       61.88
  M32                  JUNCTION     0.00     0.00   854.00     0  00:00        0.00
  M30                  JUNCTION     0.00     0.00   850.00     0  00:00        0.00
  M28                  JUNCTION     0.00     0.00   845.00     0  00:00        0.00
  M27                  JUNCTION     0.00     0.00   842.00     0  00:00        0.00
  M26                  JUNCTION     0.00     0.00   840.00     0  00:00        0.00
  M21                  JUNCTION    30.94    61.88   894.88     1  00:00       61.88
  M18                  JUNCTION    30.94    61.88   885.88     1  00:00       61.88
  M17                  JUNCTION    30.94    61.88   883.88     1  00:00       61.88
  M16                  JUNCTION    30.94    61.88   881.88     1  00:00       61.88
  M14                  JUNCTION    30.94    61.88   891.88     1  00:00       61.88
  M10                  JUNCTION    30.94    61.88   873.88     1  00:00       61.88
  M7                   JUNCTION    30.94    61.88   867.48     1  00:00       61.88
  M5                   JUNCTION    30.94    61.88   866.88     1  00:00       61.88
  M3                   JUNCTION    30.94    61.88   872.88     1  00:00       61.88
  37                   JUNCTION    30.94    61.88   906.58     1  00:00       61.88
  26A                  JUNCTION     0.00     0.00   797.80     0  00:00        0.00
  M4                   JUNCTION     0.00     0.00   814.00     0  00:00        0.00
  34                   JUNCTION     0.00     0.00   826.86     0  00:00        0.00
  36                   JUNCTION     0.00     0.00   836.00     0  00:00        0.00
  42                   JUNCTION     0.00     0.00   857.72     0  00:00        0.00
  43                   JUNCTION     0.00     0.00   865.00     0  00:00        0.00
  46                   JUNCTION     0.00     0.00   860.10     0  00:00        0.00
  M29A                 JUNCTION     0.00     0.00   865.00     0  00:00        0.00
  52                   JUNCTION    30.94    61.88   936.21     1  00:00       61.88
  M51                  JUNCTION     0.00     0.00   887.00     0  00:00        0.00
  M79                  JUNCTION     0.00     0.00   947.00     0  00:00        0.00
  W1                   OUTFALL      0.00     0.00   718.40     0  00:00        0.00
  O1                   STORAGE      3.89     7.78   726.18     1  00:00        7.78
  D1                   STORAGE      3.89     7.78   725.78     1  00:00        7.78
  ND1                  STORAGE      3.89     7.78   725.78     1  00:00        7.78
  3A                   STORAGE      5.15    10.00   741.20     0  15:43       10.00
  O42                  STORAGE      3.89     7.77   751.77     1  00:00        7.77
  D42A                 STORAGE      8.52    10.00   753.70     0  07:07       10.00
  D42                  STORAGE      9.47    10.00   754.50     0  02:33       10.00
  18                   STORAGE      9.68    10.00   779.60     0  00:49       10.00
  D39                  STORAGE      9.78    10.00   798.60     0  01:01       10.00
  1A                   STORAGE      3.89     7.77   803.97     1  00:00        7.77
  M0                   STORAGE      3.89     7.77   804.77     1  00:00        7.77
  M8A                  STORAGE      3.89     7.77   828.67     1  00:00        7.77
  D36                  STORAGE      9.82    10.00   834.90     0  00:48       10.00
  33                   STORAGE      3.89     7.77   831.27     1  00:00        7.77
  D34                  STORAGE      8.99    10.00   837.90     0  04:43       10.00
  D33                  STORAGE      9.42    10.00   856.80     0  02:37       10.00
  M19A                 STORAGE      3.17     3.22   857.62     0  00:04        3.18
  60383                STORAGE      9.99    10.00   857.50     0  00:04       10.00
  60394                STORAGE      9.45    10.00   882.90     0  02:26       10.00
  D30                  STORAGE      7.90     9.97   869.87     0  09:14        9.95
  44A                  STORAGE      9.91    10.00   874.30     0  00:25       10.00
  D29                  STORAGE      9.45     9.54   874.34     0  00:26        9.54
  M33B                 STORAGE      9.53    10.00   877.00     0  02:24       10.00
  D28                  STORAGE      1.02     1.10   877.00     0  02:24        1.10
  55                   STORAGE      9.96    10.00   896.50     0  00:12       10.00
  60557                STORAGE      9.92    10.00   915.70     0  00:22       10.00
  60556                STORAGE      9.83    10.00   900.30     0  00:46       10.00
  68                   STORAGE      9.90    10.00   911.52     0  00:29       10.00
  D18                  STORAGE      9.90    10.00   942.00     0  00:27       10.00
  89                   STORAGE      9.98    10.00   946.50     0  00:05       10.00
  102                  STORAGE      9.99    10.00   964.30     0  00:02       10.00
  C10                  STORAGE      6.78    10.00   997.70     0  15:26       10.00
  C11                  STORAGE      6.78    10.00   999.00     0  15:26       10.00
  C19                  STORAGE      8.87    10.00  1012.20     0  03:02       10.00
  C23                  STORAGE      6.78    10.00  1023.90     0  15:26       10.00
  C25                  STORAGE      3.89     7.77  1022.97     1  00:00        7.77
  C30                  STORAGE      3.89     7.77  1036.37     1  00:00        7.77
  C31                  STORAGE      3.89     7.77  1035.77     1  00:00        7.77
  C33                  STORAGE      9.96    10.00  1034.90     0  00:10       10.00
  C34                  STORAGE      3.89     7.77  1032.37     1  00:00        7.77
  C42                  STORAGE      9.89    10.00  1063.70     0  00:31       10.00
  C52                  STORAGE      3.89     7.77  1078.57     1  00:00        7.77
  C53                  STORAGE      9.94    10.00  1082.40     0  00:17       10.00
  N3                   STORAGE      3.89     7.77   755.77     1  00:00        7.77
  N4                   STORAGE      3.89     7.77   757.27     1  00:00        7.77
  M1                   STORAGE      0.39     0.78   797.78     1  00:00        0.78
  M19                  STORAGE      0.39     0.78   842.78     1  00:00        0.78
  M29                  STORAGE      0.39     0.78   847.88     1  00:00        0.78
  M42                  STORAGE      0.00     0.00   871.00     0  00:00        0.00
  D35                  STORAGE      9.23     9.98   844.58     0  03:15        9.96
  
  
  *******************
  Node Inflow Summary
  *******************
  
  -------------------------------------------------------------------------------------------------
                                  Maximum  Maximum                  Lateral       Total        Flow
                                  Lateral    Total  Time of Max      Inflow      Inflow     Balance
                                   Inflow   Inflow   Occurrence      Volume      Volume       Error
  Node                 Type           CFS      CFS  days hr:min    10^6 gal    10^6 gal     Percent
  -------------------------------------------------------------------------------------------------
  O14                  JUNCTION      0.01     0.01     0  00:00     0.00582     0.00582    5816.431 gal
  1                    JUNCTION      0.01     0.01     0  00:00     0.00582     0.00582    5816.431 gal
  4                    JUNCTION      0.01     0.01     0  00:00     0.00582     0.00582    5816.431 gal
  4B                   JUNCTION      0.01     0.49     0  15:23     0.00582        0.18      60.400
  4A                   JUNCTION      0.01     0.48     0  05:57     0.00582       0.241      38.566
  5                    JUNCTION      0.47     0.47     0  00:00       0.303       0.303      28.698
  6                    JUNCTION      0.01     0.01     0  05:58     0.00582      0.0062    6203.995 gal
  8                    JUNCTION      0.01     0.70     0  22:21     0.00582      0.0392   39220.888 gal
  9                    JUNCTION      0.01     0.70     0  22:12     0.00582       0.101     202.795
  9B                   JUNCTION      0.01     0.69     0  15:56     0.00582       0.165      72.682
  10                   JUNCTION      0.01     0.68     0  15:15     0.00582       0.227      43.164
  O43                  JUNCTION      0.01     0.67     0  07:56     0.00582       0.353      24.152
  D43                  JUNCTION      0.65     0.65     0  00:00       0.419       0.419      20.787
  W43                  JUNCTION      0.01     0.01     0  00:00     0.00582     0.00582       0.000
  12                   JUNCTION      0.01     0.68     0  11:39     0.00582        0.29      30.995
  12A                  JUNCTION      0.01     0.01     0  00:00     0.00582     0.00582    5816.431 gal
  W42A                 JUNCTION      0.01     0.01     0  00:00     0.00582     0.00582       0.000
  W42                  JUNCTION      0.01     0.01     0  00:00     0.00582     0.00582       0.000
  13                   JUNCTION      0.01     0.01     0  00:00     0.00582     0.00582    5816.431 gal
  13A                  JUNCTION      0.01     0.01     0  00:00     0.00582     0.00582    5816.431 gal
  13B                  JUNCTION      0.01     0.01     0  00:00     0.00582     0.00582    5816.431 gal
  O41                  JUNCTION      0.01     0.26     0  11:10     0.00582      0.0958     278.461
  15                   JUNCTION      0.01     0.27     0  20:27     0.00582      0.0311   31141.580 gal
  D41                  JUNCTION      0.25     0.25     0  00:00       0.161       0.161      78.743
  O18                  JUNCTION      3.53     3.53     0  00:00        2.28        2.28       3.208
  18A                  JUNCTION      0.01     0.01     0  00:00     0.00582     0.00582    5816.431 gal
  20                   JUNCTION      0.01     0.01     0  00:00     0.00582     0.00582    5816.431 gal
  22                   JUNCTION      0.01     0.01     0  00:00     0.00582     0.00582    5816.431 gal
  23                   JUNCTION      0.01     0.01     0  00:00     0.00582     0.00582    5816.431 gal
  24                   JUNCTION      0.02     0.02     0  00:00      0.0123      0.0123   12279.132 gal
  25                   JUNCTION      0.01     0.01     0  00:00     0.00582     0.00582    5816.431 gal
  25A                  JUNCTION      0.01     0.01     0  00:00     0.00582     0.00582    5816.431 gal
  O39                  JUNCTION      0.01     0.19     0  00:01     0.00582     0.00652    1928.085
  27                   JUNCTION      0.01     0.01     0  00:00     0.00582     0.00582    5816.431 gal
  27A                  JUNCTION      0.01     0.01     0  00:00     0.00582     0.00582    5816.431 gal
  29                   JUNCTION      0.01     0.01     0  00:00     0.00582     0.00582    5816.431 gal
  O36                  JUNCTION      0.01     0.41     0  00:02     0.00582     0.00699    2075.471
  30                   JUNCTION      0.01     0.01     0  00:00     0.00582     0.00582    5816.431 gal
  32                   JUNCTION      0.01     0.01     0  00:00     0.00582     0.00582    5816.431 gal
  O35                  JUNCTION      0.01     0.17     0  00:24     0.00582     0.00711    2129.055
  34A                  JUNCTION      0.01     0.06     0  00:11     0.00582     0.00625    1842.464
  35                   JUNCTION      0.01     0.01     0  00:00     0.00582     0.00582    5816.431 gal
  O33                  JUNCTION      0.01     0.15     0  00:14     0.00582     0.00664    1974.523
  39                   JUNCTION      2.07     2.07     0  00:00        1.34        1.34       8.567
  60391                JUNCTION      0.01     0.01     0  00:00     0.00582     0.00582    5816.431 gal
  60393                JUNCTION      0.01     0.14     0  00:17     0.00582     0.00677    2020.700
  40                   JUNCTION      0.01     0.01     0  00:00     0.00582     0.00582    5816.431 gal
  41                   JUNCTION      0.01     0.01     0  00:00     0.00582     0.00582    5816.431 gal
  O30                  JUNCTION      0.01     0.33     0  01:47     0.00582     0.00631    1863.401
  49                   JUNCTION      0.01     0.01     0  00:00     0.00582     0.00582    5816.431 gal
  54                   JUNCTION      0.01     0.01     0  00:00     0.00582     0.00582    5816.431 gal
  60551                JUNCTION      0.01     0.01     0  00:00     0.00582     0.00582    5816.431 gal
  60554                JUNCTION      0.01     0.65     0  00:01     0.00582     0.00706    2090.773
  60555                JUNCTION      0.01     0.25     0  00:01     0.00582     0.00653    1929.278
  56                   JUNCTION      0.01     0.01     0  00:00     0.00582     0.00582    5816.431 gal
  59                   JUNCTION      0.01     0.01     0  00:00     0.00582     0.00582    5816.431 gal
  61                   JUNCTION      0.01     0.01     0  00:00     0.00582     0.00582    5816.431 gal
  64                   JUNCTION      0.01     0.19     0  19:03     0.00582       0.038   38038.294 gal
  M51A                 JUNCTION      0.18     0.18     0  00:00       0.116       0.116     259.018
  67                   JUNCTION      0.01     0.01     0  00:00     0.00582     0.00582    5816.431 gal
  70                   JUNCTION      0.01     0.01     0  00:00     0.00582     0.00582    5816.431 gal
  72                   JUNCTION      0.01     0.54     0  23:42     0.00582      0.0143   14339.515 gal
  73                   JUNCTION      0.01     0.54     0  18:13     0.00582      0.0925     985.487
  74                   JUNCTION      0.01     0.53     0  12:56     0.00582       0.171      96.941
  76                   JUNCTION      0.01     0.52     0  07:16     0.00582        0.25      51.369
  77                   JUNCTION      0.51     0.51     0  00:00       0.329       0.329      34.904
  79A                  JUNCTION      0.01     0.17     0  20:30     0.00582      0.0233   23274.444 gal
  80                   JUNCTION      0.16     0.16     0  00:00       0.103       0.103     488.595
  81                   JUNCTION      0.01     0.01     0  00:00     0.00582     0.00582    5816.431 gal
  84                   JUNCTION      0.01     0.46     0  00:01     0.00582     0.00667    1970.102
  84A                  JUNCTION      0.01     0.01     0  00:00     0.00582     0.00582    5816.431 gal
  M71A                 JUNCTION      0.01     0.29     1  00:00     0.00582      0.0122   12240.686 gal
  87                   JUNCTION      0.01     0.28     0  23:06     0.00582      0.0931    1348.547
  88                   JUNCTION      0.27     0.27     0  00:00       0.174       0.174      99.270
  M74                  JUNCTION      0.01     0.01     0  00:00     0.00582     0.00582    5816.431 gal
  M75                  JUNCTION      0.01     0.01     0  00:00     0.00582     0.00582    5816.431 gal
  M76                  JUNCTION      0.01     0.01     0  00:00     0.00582     0.00582    5816.431 gal
  M77                  JUNCTION      0.01     0.01     0  00:00     0.00582     0.00582    5816.431 gal
  M80                  JUNCTION      0.01     0.01     0  00:00     0.00582     0.00582    5816.431 gal
  M81                  JUNCTION      0.01     0.01     0  00:00     0.00582     0.00582    5816.431 gal
  M84                  JUNCTION      0.01     0.01     0  00:00     0.00582     0.00582    5816.431 gal
  M86                  JUNCTION      0.01     0.01     0  00:00     0.00582     0.00582    5816.431 gal
  101                  JUNCTION      0.01     0.01     0  00:00     0.00582     0.00582    5816.431 gal
  103                  JUNCTION      3.82     3.82     0  00:00        2.47        2.47       3.690
  C2                   JUNCTION      0.01     0.01     0  00:00     0.00582     0.00582    5816.431 gal
  C3                   JUNCTION      0.01     0.01     0  00:00     0.00582     0.00582    5816.431 gal
  C6                   JUNCTION      0.01     0.01     0  00:00     0.00582     0.00582    5816.431 gal
  C8                   JUNCTION      0.01     0.01     0  00:00     0.00582     0.00582    5816.431 gal
  C9                   JUNCTION      0.01     0.01     0  00:00     0.00582     0.00582    5816.431 gal
  C12                  JUNCTION      0.01     0.01     0  00:00     0.00582     0.00582    5816.431 gal
  C14                  JUNCTION      0.01     0.01     0  00:00     0.00582     0.00582    5816.431 gal
  C15                  JUNCTION      0.01     0.01     0  00:00     0.00582     0.00582    5816.431 gal
  C16                  JUNCTION      0.01     0.01     0  00:00     0.00582     0.00582    5816.431 gal
  C17                  JUNCTION      0.01     0.01     0  00:00     0.00582     0.00582    5816.431 gal
  C21                  JUNCTION      1.19     1.19     0  00:00       0.768       0.768      14.027
  C28                  JUNCTION      0.01     0.01     0  00:00     0.00582     0.00582    5816.431 gal
  C29                  JUNCTION      0.01     0.01     0  00:00     0.00582     0.00582    5816.431 gal
  C32                  JUNCTION      0.01     0.01     0  00:00     0.00582     0.00582    5816.431 gal
  C35                  JUNCTION      0.01     0.01     0  00:00     0.00582     0.00582    5816.431 gal
  C36                  JUNCTION      0.01     0.01     0  00:00     0.00582     0.00582    5816.431 gal
  C38                  JUNCTION      0.01     0.01     0  00:00     0.00582     0.00582    5816.431 gal
  C40                  JUNCTION      0.01     0.01     0  00:00     0.00582     0.00582    5816.431 gal
  C41                  JUNCTION      0.01     0.01     0  00:00     0.00582     0.00582    5816.431 gal
  C43                  JUNCTION      0.01     0.01     0  00:00     0.00582     0.00582    5816.431 gal
  C45                  JUNCTION      0.01     0.01     0  00:00     0.00582     0.00582    5816.431 gal
  C46                  JUNCTION      0.01     0.01     0  00:00     0.00582     0.00582    5816.431 gal
  C48                  JUNCTION      0.01     0.01     0  00:00     0.00582     0.00582    5816.431 gal
  C49                  JUNCTION      0.01     0.01     0  00:00     0.00582     0.00582    5816.431 gal
  C50                  JUNCTION      0.01     0.01     0  00:00     0.00582     0.00582    5816.431 gal
  C51                  JUNCTION      0.01     0.01     0  00:00     0.00582     0.00582    5816.431 gal
  N1                   JUNCTION      0.01     0.01     0  00:00     0.00582     0.00582    5816.431 gal
  N2                   JUNCTION      0.04     0.04     0  00:00      0.0252      0.0252   25204.535 gal
  N3A                  JUNCTION      0.04     0.04     0  00:00      0.0252      0.0252   25204.535 gal
  N4A                  JUNCTION      0.01     0.01     0  00:00     0.00582     0.00582    5816.431 gal
  N8                   JUNCTION      0.01     0.01     0  00:00     0.00582     0.00582    5816.431 gal
  N9                   JUNCTION      0.01     0.01     0  00:00     0.00582     0.00582    5816.431 gal
  N10                  JUNCTION      0.01     0.01     0  00:00     0.00582     0.00582    5816.431 gal
  N12                  JUNCTION      0.01     0.01     0  00:00     0.00582     0.00582    5816.431 gal
  N15A                 JUNCTION      0.01     0.01     0  00:00     0.00582     0.00582    5816.431 gal
  N16                  JUNCTION      0.01     0.01     0  00:00     0.00582     0.00582    5816.431 gal
  N17                  JUNCTION      0.01     0.01     0  00:00     0.00582     0.00582    5816.431 gal
  N21                  JUNCTION      0.01     0.01     0  00:00     0.00582     0.00582    5816.431 gal
  N24                  JUNCTION      0.01     0.21     0  13:33     0.00582      0.0626   62632.788 gal
  D40                  JUNCTION      0.20     0.20     0  00:00       0.129       0.129     126.357
  W40                  JUNCTION      0.01     0.01     0  00:00     0.00582     0.00582       0.000
  N26                  JUNCTION      0.01     0.01     0  00:00     0.00582     0.00582    5816.431 gal
  N27                  JUNCTION      0.01     0.01     0  00:00     0.00582     0.00582    5816.431 gal
  N28                  JUNCTION      0.01     0.01     0  00:00     0.00582     0.00582    5816.431 gal
  N29                  JUNCTION      0.01     0.62     0  23:28     0.00582      0.0335   33544.681 gal
  N31                  JUNCTION      0.01     0.61     0  22:38     0.00582         0.1     260.658
  N33A                 JUNCTION      0.01     0.61     0  14:08     0.00582       0.167      77.054
  O1A                  JUNCTION      0.01     0.01     0  00:00     0.00582     0.00582    5816.431 gal
  N34                  JUNCTION      0.01     0.60     0  09:40     0.00582       0.235      46.108
  N35                  JUNCTION      0.01     0.59     0  05:12     0.00582       0.304      32.624
  N35A                 JUNCTION      0.58     0.58     0  00:00       0.374       0.374      25.423
  M2                   JUNCTION      0.01     0.01     0  00:00     0.00582     0.00582    5816.431 gal
  M6                   JUNCTION      0.01     0.01     0  00:00     0.00582     0.00582    5816.431 gal
  M8                   JUNCTION      0.01     0.01     0  00:00     0.00582     0.00582    5816.431 gal
  M11                  JUNCTION      0.01     0.01     0  00:00     0.00582     0.00582    5816.431 gal
  M12                  JUNCTION      0.01     0.01     0  00:00     0.00582     0.00582    5816.431 gal
  M13                  JUNCTION      0.01     0.01     0  00:00     0.00582     0.00582    5816.431 gal
  M22                  JUNCTION      0.01     0.01     0  00:00     0.00582     0.00582    5816.431 gal
  M23                  JUNCTION      0.01     0.01     0  00:00     0.00582     0.00582    5816.431 gal
  M33                  JUNCTION      0.01     0.01     0  00:00     0.00582     0.00582    5816.431 gal
  M34                  JUNCTION      0.01     0.01     0  00:00     0.00582     0.00582    5816.431 gal
  M41                  JUNCTION      0.01     0.01     0  00:00     0.00582     0.00582    5816.431 gal
  M43                  JUNCTION      0.01     0.01     0  00:00     0.00582     0.00582    5816.431 gal
  M44                  JUNCTION      0.01     0.01     0  00:00     0.00582     0.00582    5816.431 gal
  M45                  JUNCTION      0.01     0.01     0  00:00     0.00582     0.00582    5816.431 gal
  M48                  JUNCTION      0.01     0.01     0  00:00     0.00582     0.00582    5816.431 gal
  M50                  JUNCTION      0.01     0.01     0  00:00     0.00582     0.00582    5816.431 gal
  M52                  JUNCTION      0.01     0.01     0  00:00     0.00582     0.00582    5816.431 gal
  M53                  JUNCTION      0.01     0.01     0  00:00     0.00582     0.00582    5816.431 gal
  M55                  JUNCTION      0.01     0.01     0  00:00     0.00582     0.00582    5816.431 gal
  M56                  JUNCTION      0.01     0.01     0  00:00     0.00582     0.00582    5816.431 gal
  M57                  JUNCTION      0.01     0.01     0  00:00     0.00582     0.00582    5816.431 gal
  M58                  JUNCTION      0.01     0.01     0  00:00     0.00582     0.00582    5816.431 gal
  M59                  JUNCTION      0.01     0.01     0  00:00     0.00582     0.00582    5816.431 gal
  M61                  JUNCTION      0.01     0.01     0  00:00     0.00582     0.00582    5816.431 gal
  M64                  JUNCTION      0.01     0.01     0  00:00     0.00582     0.00582    5816.431 gal
  M65                  JUNCTION      0.01     0.01     0  00:00     0.00582     0.00582    5816.431 gal
  M66                  JUNCTION      0.01     0.01     0  00:00     0.00582     0.00582    5816.431 gal
  M69                  JUNCTION      0.01     0.01     0  00:00     0.00582     0.00582    5816.431 gal
  M71                  JUNCTION      0.01     0.01     0  00:00     0.00582     0.00582    5816.431 gal
  M72                  JUNCTION      0.01     0.01     0  00:00     0.00582     0.00582    5816.431 gal
  M85                  JUNCTION      0.01     0.01     0  00:00     0.00582     0.00582    5816.431 gal
  M82                  JUNCTION      0.01     0.01     0  00:00     0.00582     0.00582    5816.431 gal
  M68                  JUNCTION      0.01     0.01     0  00:00     0.00582     0.00582    5816.431 gal
  M67                  JUNCTION      0.00     0.00     0  00:00           0           0       0.000 gal
  M62                  JUNCTION      0.01     0.01     0  00:00     0.00582     0.00582    5816.431 gal
  M63                  JUNCTION      0.01     0.01     0  00:00     0.00582     0.00582    5816.431 gal
  M60                  JUNCTION      0.01     0.01     0  00:00     0.00582     0.00582    5816.431 gal
  M54                  JUNCTION      0.01     0.01     0  00:00     0.00582     0.00582    5816.431 gal
  M49                  JUNCTION      0.01     0.01     0  00:00     0.00582     0.00582    5816.431 gal
  M47                  JUNCTION      0.01     0.01     0  00:00     0.00582     0.00582    5816.431 gal
  M46                  JUNCTION      0.01     0.01     0  00:00     0.00582     0.00582    5816.431 gal
  M40                  JUNCTION      0.01     0.01     0  00:00     0.00582     0.00582    5816.431 gal
  M39                  JUNCTION      0.01     0.01     0  00:00     0.00582     0.00582    5816.431 gal
  M38                  JUNCTION      0.01     0.01     0  00:00     0.00582     0.00582    5816.431 gal
  M37                  JUNCTION      0.01     0.01     0  00:00     0.00582     0.00582    5816.431 gal
  M36                  JUNCTION      0.01     0.01     0  00:00     0.00582     0.00582    5816.431 gal
  M35                  JUNCTION      0.01     0.01     0  00:00     0.00582     0.00582    5816.431 gal
  M32                  JUNCTION      0.00     0.00     0  00:00           0           0       0.000 gal
  M30                  JUNCTION      0.00     0.00     0  00:00           0           0       0.000 gal
  M28                  JUNCTION      0.00     0.00     0  00:00           0           0       0.000 gal
  M27                  JUNCTION      0.00     0.00     0  00:00           0           0       0.000 gal
  M26                  JUNCTION      0.00     0.00     0  00:00           0           0       0.000 gal
  M21                  JUNCTION      0.01     0.01     0  00:00     0.00582     0.00582    5816.431 gal
  M18                  JUNCTION      0.01     0.01     0  00:00     0.00582     0.00582    5816.431 gal
  M17                  JUNCTION      0.01     0.01     0  00:00     0.00582     0.00582    5816.431 gal
  M16                  JUNCTION      0.01     0.01     0  00:00     0.00582     0.00582    5816.431 gal
  M14                  JUNCTION      0.01     0.01     0  00:00     0.00582     0.00582    5816.431 gal
  M10                  JUNCTION      0.01     0.01     0  00:00     0.00582     0.00582    5816.431 gal
  M7                   JUNCTION      0.01     0.01     0  00:00     0.00582     0.00582    5816.431 gal
  M5                   JUNCTION      0.01     0.01     0  00:00     0.00582     0.00582    5816.431 gal
  M3                   JUNCTION      0.01     0.01     0  00:00     0.00582     0.00582    5816.431 gal
  37                   JUNCTION      0.01     0.01     0  00:00     0.00582     0.00582    5816.431 gal
  26A                  JUNCTION      0.00     0.00     0  00:00           0           0       0.000 gal
  M4                   JUNCTION      0.00     0.00     0  00:00           0           0       0.000 gal
  34                   JUNCTION      0.00     0.00     0  00:00           0           0       0.000 gal
  36                   JUNCTION      0.00     0.00     0  00:00           0           0       0.000 gal
  42                   JUNCTION      0.00     0.00     0  00:00           0           0       0.000 gal
  43                   JUNCTION      0.00     0.00     0  00:00           0           0       0.000 gal
  46                   JUNCTION      0.00     0.00     0  00:00           0           0       0.000 gal
  M29A                 JUNCTION      0.00     0.00     0  00:00           0           0       0.000 gal
  52                   JUNCTION      0.01     0.01     0  00:00     0.00582     0.00582    5816.431 gal
  M51                  JUNCTION      0.00     0.00     0  00:00           0           0       0.000 gal
  M79                  JUNCTION      0.00     0.00     0  00:00           0           0       0.000 gal
  W1                   OUTFALL       0.01     0.01     0  00:00     0.00582     0.00582       0.000
  O1                   STORAGE       0.01     0.01     0  00:00     0.00582     0.00582       0.000
  D1                   STORAGE       0.01     0.01     0  00:00     0.00582     0.00582       0.010
  ND1                  STORAGE       0.01     0.01     0  00:00     0.00582     0.00582       0.010
  3A                   STORAGE       0.01     0.50     0  16:01     0.00582       0.118       0.009
  O42                  STORAGE       0.01     0.01     0  00:00     0.00582     0.00582       0.030
  D42A                 STORAGE       0.04     0.04     0  00:00      0.0252      0.0252       0.008
  D42                  STORAGE       0.11     0.11     0  00:00      0.0704      0.0704       0.004
  18                   STORAGE       0.01     3.92     0  00:45     0.00582        2.22       0.001
  D39                  STORAGE       0.31     0.31     0  00:06         0.2         0.2       0.325
  1A                   STORAGE       0.01     0.01     0  00:00     0.00582     0.00582       0.024
  M0                   STORAGE       0.01     0.01     0  00:00     0.00582     0.00582       0.015
  M8A                  STORAGE       0.01     0.01     0  00:00     0.00582     0.00582       0.045
  D36                  STORAGE       0.42     0.42     0  00:08       0.271       0.271       0.260
  33                   STORAGE       0.01     0.01     0  00:00     0.00582     0.00582       0.049
  D34                  STORAGE       0.06     0.06     0  00:11      0.0381      0.0385      -0.255
  D33                  STORAGE       0.12     0.12     0  00:14      0.0769      0.0772       0.528
  M19A                 STORAGE       1.79     3.63     0  00:02        1.16        1.16      -0.001
  60383                STORAGE       3.75     5.90     0  00:04        2.42        3.58       0.003
  60394                STORAGE       0.13     0.13     0  00:17      0.0834      0.0837       0.456
  D30                  STORAGE       0.03     0.03     0  00:18      0.0187      0.0191     140.318
  44A                  STORAGE       0.01     1.31     0  00:26     0.00582       0.806       0.003
  D29                  STORAGE       1.25     1.25     0  00:00       0.807       0.807      -0.001
  M33B                 STORAGE       0.01     0.15     0  02:11     0.00582      0.0819       0.005
  D28                  STORAGE       0.12     0.12     0  02:11      0.0769      0.0769       0.002
  55                   STORAGE       1.30     1.30     0  00:00        0.84        0.84       0.003
  60557                STORAGE       0.90     0.90     0  00:04       0.581       0.581       0.132
  60556                STORAGE       0.41     0.41     0  00:05       0.264       0.265       0.260
  68                   STORAGE       0.57     0.57     0  00:00       0.368       0.368       0.000
  D18                  STORAGE       0.71     0.71     0  00:03       0.458       0.459       0.164
  89                   STORAGE       3.29     3.29     0  00:00        2.13        2.13      -0.001
  102                  STORAGE       3.82     9.70     0  00:52        2.47        4.85       0.003
  C10                  STORAGE       0.01     0.01     0  00:00     0.00582     0.00582       0.026
  C11                  STORAGE       0.01     0.01     0  00:00     0.00582     0.00582       0.026
  C19                  STORAGE       0.01     1.20     0  03:28     0.00582        0.68       0.003
  C23                  STORAGE       0.01     0.01     0  00:00     0.00582     0.00582       0.026
  C25                  STORAGE       0.01     0.01     0  00:00     0.00582     0.00582       0.023
  C30                  STORAGE       0.01     0.01     0  00:00     0.00582     0.00582       0.020
  C31                  STORAGE       0.01     0.01     0  00:00     0.00582     0.00582       0.020
  C33                  STORAGE       1.65     1.65     0  00:00        1.07        1.07       0.002
  C34                  STORAGE       0.01     0.01     0  00:00     0.00582     0.00582       0.025
  C42                  STORAGE       0.53     0.53     0  00:00       0.342       0.342       0.003
  C52                  STORAGE       0.01     0.01     0  00:00     0.00582     0.00582       0.020
  C53                  STORAGE       0.97     0.97     0  00:00       0.626       0.626       0.001
  N3                   STORAGE       0.01     0.01     0  00:00     0.00582     0.00582       0.032
  N4                   STORAGE       0.01     0.01     0  00:00     0.00582     0.00582       0.066
  M1                   STORAGE       0.01     0.01     0  00:00     0.00582     0.00582       0.001
  M19                  STORAGE       0.01     0.01     0  00:00     0.00582     0.00582       0.004
  M29                  STORAGE       0.01     0.01     0  00:00     0.00582     0.00582       0.004
  M42                  STORAGE       0.00     0.00     0  00:00           0           0       0.000 gal
  D35                  STORAGE       0.11     0.11     0  00:23      0.0704      0.0708     708.645
  
  
  **********************
  Node Surcharge Summary
  **********************
  
  Surcharging occurs when water rises above the top of the highest conduit.
  ---------------------------------------------------------------------
                                               Max. Height   Min. Depth
                                   Hours       Above Crown    Below Rim
  Node                 Type      Surcharged           Feet         Feet
  ---------------------------------------------------------------------
  39                   JUNCTION       22.11          0.000        0.000
  
  
  *********************
  Node Flooding Summary
  *********************
  
  Flooding refers to all water that overflows a node, whether it ponds or not.
  --------------------------------------------------------------------------
                                                             Total   Maximum
                                 Maximum   Time of Max       Flood    Ponded
                        Hours       Rate    Occurrence      Volume     Depth
  Node                 Flooded       CFS   days hr:min    10^6 gal      Feet
  --------------------------------------------------------------------------
  39                     22.11      2.07      0  01:53       1.232     0.000
  3A                      8.28      0.50      0  16:01       0.110     0.000
  D42A                   16.88      0.04      0  07:07       0.018     0.000
  D42                    21.45      0.11      0  02:33       0.063     0.000
  18                     23.18      3.54      0  00:49       2.208     0.000
  D39                    22.98      0.31      0  01:01       0.191     0.000
  D36                    23.20      0.42      1  00:00       0.262     0.000
  D34                    19.28      0.06      0  04:43       0.031     0.000
  D33                    21.38      0.12      0  02:37       0.069     0.000
  60383                  23.93      5.84      0  00:04       3.570     0.000
  60394                  21.56      0.13      0  02:26       0.075     0.000
  44A                    23.57      1.30      0  00:26       0.798     0.000
  M33B                   21.59      0.13      0  02:25       0.074     0.000
  55                     23.79      1.30      0  00:12       0.832     0.000
  60557                  23.62      0.90      1  00:00       0.572     0.000
  60556                  23.22      0.41      0  00:46       0.256     0.000
  68                     23.51      0.57      0  00:29       0.360     0.000
  D18                    23.54      0.71      0  00:27       0.449     0.000
  89                     23.92      3.29      0  00:05       2.118     0.000
  102                    23.96      9.70      0  00:52       4.845     0.000
  C10                     8.56      0.01      0  15:26       0.002     0.000
  C11                     8.56      0.01      0  15:26       0.002     0.000
  C19                    20.95      1.20      0  03:28       0.676     0.000
  C23                     8.56      0.01      0  15:26       0.002     0.000
  C33                    23.83      1.65      0  00:10       1.058     0.000
  C42                    23.47      0.53      0  00:31       0.334     0.000
  C53                    23.71      0.97      0  00:17       0.619     0.000
  
  
  **********************
  Storage Volume Summary
  **********************
  
  ------------------------------------------------------------------------------------------------
                         Average    Avg   Evap  Exfil     Maximum    Max    Time of Max    Maximum
                          Volume   Pcnt   Pcnt   Pcnt      Volume   Pcnt     Occurrence    Outflow
  Storage Unit          1000 ft³   Full   Loss   Loss    1000 ft³   Full    days hr:min        CFS
  ------------------------------------------------------------------------------------------------
  O1                       0.389   38.9    0.0    0.0       0.778   77.8       1  00:00       0.00
  D1                       0.389   38.9    0.0    0.0       0.778   77.8       1  00:00       0.00
  ND1                      0.389   38.9    0.0    0.0       0.778   77.8       1  00:00       0.00
  3A                       0.515   51.5    0.0    0.0       1.000  100.0       0  15:43       0.00
  O42                      0.389   38.9    0.0    0.0       0.777   77.7       1  00:00       0.00
  D42A                     0.852   85.2    0.0    0.0       1.000  100.0       0  07:07       0.00
  D42                      0.947   94.7    0.0    0.0       1.000  100.0       0  02:33       0.00
  18                       0.968   96.8    0.0    0.0       1.000  100.0       0  00:49       0.00
  D39                      0.978   97.8    0.0    0.0       1.000  100.0       0  01:01       0.18
  1A                       0.389   38.9    0.0    0.0       0.777   77.7       1  00:00       0.00
  M0                       0.389   38.9    0.0    0.0       0.777   77.7       1  00:00       0.00
  M8A                      0.389   38.9    0.0    0.0       0.777   77.7       1  00:00       0.00
  D36                      0.982   98.2    0.0    0.0       1.000  100.0       0  00:48       0.40
  33                       0.389   38.9    0.0    0.0       0.777   77.7       1  00:00       0.00
  D34                      0.899   89.9    0.0    0.0       1.000  100.0       0  04:43       0.05
  D33                      0.942   94.2    0.0    0.0       1.000  100.0       0  02:37       0.14
  M19A                     0.317   31.7    0.0    0.0       0.322   32.2       0  00:04       2.15
  60383                    0.999   99.9    0.0    0.0       1.000  100.0       0  00:04       1.84
  60394                    0.945   94.5    0.0    0.0       1.000  100.0       0  02:26       0.13
  D30                      0.790   79.0    0.0    0.0       0.997   99.7       0  09:14       0.32
  44A                      0.991   99.1    0.0    0.0       1.000  100.0       0  00:25       0.00
  D29                      0.945   94.5    0.0    0.0       0.954   95.4       0  00:26       1.30
  M33B                     0.953   95.3    0.0    0.0       1.000  100.0       0  02:24       0.00
  D28                      0.102   10.2    0.0    0.0       0.110   11.0       0  02:24       0.14
  55                       0.996   99.6    0.0    0.0       1.000  100.0       0  00:12       0.00
  60557                    0.992   99.2    0.0    0.0       1.000  100.0       0  00:22       0.64
  60556                    0.983   98.3    0.0    0.0       1.000  100.0       0  00:46       0.24
  68                       0.990   99.0    0.0    0.0       1.000  100.0       0  00:29       0.00
  D18                      0.990   99.0    0.0    0.0       1.000  100.0       0  00:27       0.45
  89                       0.998   99.8    0.0    0.0       1.000  100.0       0  00:05       0.00
  102                      0.500   99.9    0.0    0.0       0.500  100.0       0  00:02       0.00
  C10                      0.339   67.8    0.0    0.0       0.500  100.0       0  15:26       0.00
  C11                      0.339   67.8    0.0    0.0       0.500  100.0       0  15:26       0.00
  C19                      0.444   88.7    0.0    0.0       0.500  100.0       0  03:02       0.00
  C23                      0.339   67.8    0.0    0.0       0.500  100.0       0  15:26       0.00
  C25                      0.389   38.9    0.0    0.0       0.777   77.7       1  00:00       0.00
  C30                      0.389   38.9    0.0    0.0       0.777   77.7       1  00:00       0.00
  C31                      0.389   38.9    0.0    0.0       0.777   77.7       1  00:00       0.00
  C33                      0.996   99.6    0.0    0.0       1.000  100.0       0  00:10       0.00
  C34                      0.389   38.9    0.0    0.0       0.777   77.7       1  00:00       0.00
  C42                      0.989   98.9    0.0    0.0       1.000  100.0       0  00:31       0.00
  C52                      0.389   38.9    0.0    0.0       0.777   77.7       1  00:00       0.00
  C53                      0.994   99.4    0.0    0.0       1.000  100.0       0  00:17       0.00
  N3                       0.389   38.9    0.0    0.0       0.777   77.7       1  00:00       0.00
  N4                       0.389   38.9    0.0    0.0       0.777   77.7       1  00:00       0.00
  M1                       0.389    3.9    0.0    0.0       0.778    7.8       1  00:00       0.00
  M19                      0.389    3.9    0.0    0.0       0.778    7.8       1  00:00       0.00
  M29                      0.389    3.9    0.0    0.0       0.778    7.8       1  00:00       0.00
  M42                      0.000    0.0    0.0    0.0       0.000    0.0       0  00:00       0.00
  D35                      0.923   92.3    0.0    0.0       0.998   99.8       0  03:15       0.16
  
  
  ***********************
  Outfall Loading Summary
  ***********************
  
  -----------------------------------------------------------
                         Flow       Avg       Max       Total
                         Freq      Flow      Flow      Volume
  Outfall Node           Pcnt       CFS       CFS    10^6 gal
  -----------------------------------------------------------
  W1                   100.00      0.01      0.01       0.006
  -----------------------------------------------------------
  System               100.00      0.01      0.01       0.006
  
  
  ********************
  Link Flow Summary
  ********************
  
  -----------------------------------------------------------------------------
                                 Maximum  Time of Max   Maximum    Max/    Max/
                                  |Flow|   Occurrence   |Veloc|    Full    Full
  Link                 Type          CFS  days hr:min    ft/sec    Flow   Depth
  -----------------------------------------------------------------------------
  B1                   CONDUIT      0.00     0  00:00      0.00    0.00    0.00
  R1                   CONDUIT      0.00     0  00:00      0.00    0.00    0.00
  R4                   CONDUIT      0.00     0  00:00      0.00    0.00    0.00
  R3A                  CONDUIT      0.00     0  00:00      0.00    0.00    0.00
  R4B                  CONDUIT      0.49     0  16:01      0.72    0.00    0.10
  R4A                  CONDUIT      0.48     0  15:23      3.06    0.00    0.10
  R5                   CONDUIT      0.47     0  05:57      2.30    0.00    0.05
  R6                   CONDUIT      0.00     1  00:00      0.00    0.00    0.00
  R8                   CONDUIT      0.00     0  00:00      0.00    0.00    0.00
  R9                   CONDUIT      0.69     0  22:21      2.86    0.00    0.05
  R9B                  CONDUIT      0.69     0  22:12      2.31    0.01    0.06
  R10                  CONDUIT      0.68     0  15:56      3.17    0.00    0.05
  R12                  CONDUIT      0.67     0  15:15      3.54    0.00    0.04
  K43                  CONDUIT      0.67     0  11:39      5.46    0.05    0.17
  L43                  CONDUIT      0.66     0  07:56      6.98    0.04    0.17
  B43                  CONDUIT      0.00     0  00:00      0.00    0.00    0.00
  R12A                 CONDUIT      0.00     0  00:00      0.00    0.00    0.02
  K42                  CONDUIT      0.00     0  00:00      0.00    0.00    0.00
  L42A                 CONDUIT      0.00     0  00:00      0.00    0.00    0.00
  B42A                 CONDUIT      0.00     0  00:00      0.00    0.00    0.00
  L42                  CONDUIT      0.00     0  00:00      0.00    0.00    0.00
  B42                  CONDUIT      0.00     0  00:00      0.00    0.00    0.00
  R13                  CONDUIT      0.00     0  00:00      0.00    0.00    0.00
  R13A                 CONDUIT      0.00     0  00:00      0.00    0.00    0.00
  R13B                 CONDUIT      0.00     0  00:00      0.00    0.00    0.00
  R15                  CONDUIT      0.00     0  00:00      0.00    0.00    0.00
  K41                  CONDUIT      0.26     0  20:27      9.45    0.01    0.08
  L41                  CONDUIT      0.25     0  11:10      1.29    0.11    0.29
  118                  CONDUIT      0.00     0  00:00      0.00    0.00    0.00
  L18                  CONDUIT      3.91     0  00:45      9.42    0.04    0.18
  118A                 CONDUIT      0.00     0  00:00      0.00    0.00    0.00
  120                  CONDUIT      0.00     0  00:00      0.00    0.00    0.00
  122                  CONDUIT      0.00     0  00:00      0.00    0.00    0.00
  123                  CONDUIT      0.00     0  00:00      0.00    0.00    0.00
  124                  CONDUIT      0.00     0  00:00      0.00    0.00    0.00
  125                  CONDUIT      0.00     0  00:00      0.00    0.00    0.00
  125A                 CONDUIT      0.00     0  00:00      0.00    0.00    0.00
  L39                  CONDUIT      0.00     0  00:00      0.00    0.00    0.00
  11A                  CONDUIT      0.00     0  00:00      0.00    0.00    0.00
  1M0                  CONDUIT      0.00     0  00:00      0.00    0.00    0.00
  127                  CONDUIT      0.00     0  00:00      0.00    0.00    0.00
  127A                 CONDUIT      0.00     0  00:00      0.00    0.00    0.00
  129                  CONDUIT      0.00     0  00:00      0.00    0.00    0.00
  130                  CONDUIT      0.00     0  00:00      0.00    0.00    0.00
  1M8A                 CONDUIT      0.00     0  00:00      0.00    0.00    0.00
  132                  CONDUIT      0.00     0  00:00      0.00    0.00    0.00
  133                  CONDUIT      0.00     0  00:00      0.00    0.00    0.00
  L36                  CONDUIT      0.00     0  00:00      0.00    0.00    0.00
  L35                  CONDUIT      0.00     0  00:00      0.00    0.00    0.00
  134A                 CONDUIT      0.00     0  00:00      0.00    0.00    0.00
  135                  CONDUIT      0.00     0  00:00      0.00    0.00    0.00
  L33                  CONDUIT      0.00     0  00:00      0.00    0.00    0.00
  1M19A                CONDUIT      0.00     0  00:00      0.00    0.00    0.00
  139                  CONDUIT      0.00     0  00:00      0.00    0.00    0.50
  160391               CONDUIT      0.00     0  00:00      0.00    0.00    0.50
  160393               CONDUIT      0.00     0  00:00      0.00    0.00    0.00
  140                  CONDUIT      0.00     0  00:00      0.00    0.00    0.50
  141                  CONDUIT      0.00     0  00:00      0.00    0.00    0.00
  L30                  CONDUIT      0.00     0  00:00      0.00    0.00    0.00
  142                  CONDUIT      0.00     0  00:00      0.00    0.00    0.00
  1M33B                CONDUIT      0.00     0  00:00      0.00    0.00    0.00
  149                  CONDUIT      0.00     0  00:00      0.00    0.00    0.00
  155                  CONDUIT      0.00     0  00:00      0.00    0.00    0.00
  160551               CONDUIT      0.00     0  00:00      0.00    0.00    0.00
  160555               CONDUIT      0.00     0  00:00      0.00    0.00    0.00
  160554               CONDUIT      0.00     0  00:00      0.00    0.00    0.00
  156                  CONDUIT      0.00     0  00:00      0.00    0.00    0.00
  159                  CONDUIT      0.00     0  00:00      0.00    0.00    0.00
  161                  CONDUIT      0.00     0  00:00      0.00    0.00    0.00
  164                  CONDUIT      0.00     0  00:00      0.00    0.00    0.00
  1M51A                CONDUIT      0.18     0  19:03      2.12    0.00    0.04
  167                  CONDUIT      0.00     0  00:00      0.00    0.00    0.02
  168                  CONDUIT      0.00     0  00:00      0.00    0.00    0.00
  170                  CONDUIT      0.00     0  00:00      0.00    0.00    0.00
  172                  CONDUIT      0.00     0  00:00      0.00    0.00    0.00
  173                  CONDUIT      0.54     0  23:42      3.04    0.01    0.06
  174                  CONDUIT      0.53     0  18:13      3.53    0.01    0.05
  176                  CONDUIT      0.52     0  12:56      3.17    0.01    0.06
  177                  CONDUIT      0.51     0  07:16      2.77    0.01    0.06
  179A                 CONDUIT      0.00     0  00:00      0.00    0.00    0.01
  180                  CONDUIT      0.16     0  20:30      2.09    0.00    0.03
  181                  CONDUIT      0.00     0  00:00      0.00    0.00    0.02
  184                  CONDUIT      0.00     0  00:00      0.00    0.00    0.00
  184A                 CONDUIT      0.00     0  00:00      0.00    0.00    0.00
  1M77A                CONDUIT      0.00     0  00:00      0.00    0.00    0.00
  187                  CONDUIT      0.28     1  00:00      1.76    0.01    0.06
  188                  CONDUIT      0.27     0  23:06      3.14    0.00    0.05
  189                  CONDUIT      0.00     0  00:00      0.00    0.00    0.00
  P74                  CONDUIT      0.00     0  00:00      0.00    0.00    0.00
  P75                  CONDUIT      0.00     0  00:00      0.00    0.00    0.00
  P76                  CONDUIT      0.00     0  00:00      0.00    0.00    0.00
  P77                  CONDUIT      0.00     0  00:00      0.00    0.00    0.00
  P81                  CONDUIT      0.00     0  00:00      0.00    0.00    0.00
  P84                  CONDUIT      0.00     0  00:00      0.00    0.00    0.00
  P86                  CONDUIT      0.00     0  00:00      0.00    0.00    0.00
  1101                 CONDUIT      0.00     0  00:00      0.00    0.00    0.00
  1102                 CONDUIT      0.00     0  00:00      0.00    0.00    0.00
  1103                 CONDUIT      5.89     0  00:52      9.46    0.07    0.23
  S2                   CONDUIT      0.00     0  00:00      0.00    0.00    0.23
  S3                   CONDUIT      0.00     0  00:00      0.00    0.00    0.00
  S6                   CONDUIT      0.00     0  00:00      0.00    0.00    0.00
  S8                   CONDUIT      0.00     0  00:00      0.00    0.00    0.00
  S9                   CONDUIT      0.00     0  00:00      0.00    0.00    0.00
  S10                  CONDUIT      0.00     0  00:00      0.00    0.00    0.00
  S11                  CONDUIT      0.00     0  00:00      0.00    0.00    0.00
  S12                  CONDUIT      0.00     0  00:00      0.00    0.00    0.00
  S14                  CONDUIT      0.00     0  00:00      0.00    0.00    0.00
  S15                  CONDUIT      0.00     0  00:00      0.00    0.00    0.00
  S16                  CONDUIT      0.00     0  00:00      0.00    0.00    0.00
  S17                  CONDUIT      0.00     0  00:00      0.00    0.00    0.00
  S19                  CONDUIT      0.00     0  00:00      0.00    0.00    0.00
  S21                  CONDUIT      1.19     0  03:28      5.17    0.02    0.09
  S23                  CONDUIT      0.00     0  00:00      0.00    0.00    0.04
  S25                  CONDUIT      0.00     0  00:00      0.00    0.00    0.00
  S28                  CONDUIT      0.00     0  00:00      0.00    0.00    0.00
  S29                  CONDUIT      0.00     0  00:00      0.00    0.00    0.00
  S30                  CONDUIT      0.00     0  00:00      0.00    0.00    0.00
  S31                  CONDUIT      0.00     0  00:00      0.00    0.00    0.00
  S32                  CONDUIT      0.00     0  00:00      0.00    0.00    0.00
  S33                  CONDUIT      0.00     0  00:00      0.00    0.00    0.00
  S34                  CONDUIT      0.00     0  00:00      0.00    0.00    0.00
  S35                  CONDUIT      0.00     0  00:00      0.00    0.00    0.00
  S36                  CONDUIT      0.00     0  00:00      0.00    0.00    0.00
  S38                  CONDUIT      0.00     0  00:00      0.00    0.00    0.00
  S40                  CONDUIT      0.00     0  00:00      0.00    0.00    0.00
  S41                  CONDUIT      0.00     0  00:00      0.00    0.00    0.00
  S42                  CONDUIT      0.00     0  00:00      0.00    0.00    0.00
  S43                  CONDUIT      0.00     0  00:00      0.00    0.00    0.00
  S45                  CONDUIT      0.00     0  00:00      0.00    0.00    0.00
  S46                  CONDUIT      0.00     0  00:00      0.00    0.00    0.00
  S48                  CONDUIT      0.00     0  00:00      0.00    0.00    0.00
  S49                  CONDUIT      0.00     0  00:00      0.00    0.00    0.00
  S50                  CONDUIT      0.00     0  00:00      0.00    0.00    0.00
  S51                  CONDUIT      0.00     0  00:00      0.00    0.00    0.00
  S52                  CONDUIT      0.00     0  00:00      0.00    0.00    0.00
  S53                  CONDUIT      0.00     0  00:00      0.00    0.00    0.00
  Q1                   CONDUIT      0.00     0  00:00      0.00    0.00    0.00
  Q2                   CONDUIT      0.00     0  00:00      0.00    0.00    0.00
  Q3                   CONDUIT      0.00     0  00:00      0.00    0.00    0.00
  Q3A                  CONDUIT      0.00     0  00:00      0.00    0.00    0.00
  Q4                   CONDUIT      0.00     0  00:00      0.00    0.00    0.00
  Q4A                  CONDUIT      0.00     0  00:00      0.00    0.00    0.00
  Q8                   CONDUIT      0.00     0  00:00      0.00    0.00    0.00
  Q9                   CONDUIT      0.00     0  00:00      0.00    0.00    0.00
  Q10                  CONDUIT      0.00     0  00:00      0.00    0.00    0.00
  Q12                  CONDUIT      0.00     0  00:00      0.00    0.00    0.00
  R15A                 CONDUIT      0.00     0  00:00      0.00    0.00    0.00
  Q16                  CONDUIT      0.00     0  00:00      0.00    0.00    0.00
  Q17                  CONDUIT      0.00     0  00:00      0.00    0.00    0.00
  Q21                  CONDUIT      0.00     0  00:00      0.00    0.00    0.00
  Q24                  CONDUIT      0.00     0  00:00      0.00    0.00    0.00
  L40                  CONDUIT      0.20     0  13:33      5.75    0.01    0.07
  B40                  CONDUIT      0.00     0  00:00      0.00    0.00    0.00
  Q26                  CONDUIT      0.00     0  00:00      0.00    0.00    0.00
  L1A                  CONDUIT      0.00     0  00:00      0.00    0.00    0.00
  Q27                  CONDUIT      0.00     0  00:00      0.00    0.00    0.00
  Q28                  CONDUIT      0.00     0  00:00      0.00    0.00    0.00
  Q29                  CONDUIT      0.00     0  00:00      0.00    0.00    0.00
  Q31                  CONDUIT      0.61     0  23:28      3.58    0.00    0.05
  Q33A                 CONDUIT      0.61     0  22:38      3.92    0.00    0.05
  Q34                  CONDUIT      0.60     0  14:08      6.34    0.07    0.18
  Q35                  CONDUIT      0.59     0  09:40      5.97    0.07    0.18
  Q35A                 CONDUIT      0.58     0  05:12      4.80    0.10    0.21
  P1                   CONDUIT      0.00     0  00:00      0.00    0.00    0.00
  P2                   CONDUIT      0.00     0  00:00      0.00    0.00    0.00
  P3                   CONDUIT      0.00     0  00:00      0.00    0.00    0.00
  P8                   CONDUIT      0.00     0  00:00      0.00    0.00    0.00
  CC1                  CONDUIT      0.00     0  00:00      0.00    0.00    0.00
  P10                  CONDUIT      0.00     0  00:00      0.00    0.00    0.00
  P12                  CONDUIT      0.00     0  00:00      0.00    0.00    0.00
  P13                  CONDUIT      0.00     0  00:00      0.00    0.00    0.00
  P14                  CONDUIT      0.00     0  00:00      0.00    0.00    0.00
  CC2                  CONDUIT      0.00     0  00:00      0.00    0.00    0.00
  P21                  CONDUIT      0.00     0  00:00      0.00    0.00    0.00
  P23                  CONDUIT      0.00     0  00:00      0.00    0.00    0.00
  P29                  CONDUIT      0.00     0  00:00      0.00    0.00    0.00
  ST1                  CONDUIT      0.00     0  00:00      0.00    0.00    0.00
  P33                  CONDUIT      0.00     0  00:00      0.00    0.00    0.00
  CC3                  CONDUIT      0.00     0  00:00      0.00    0.00    0.00
  P34                  CONDUIT      0.00     0  00:00      0.00    0.00    0.00
  P41                  CONDUIT      0.00     0  00:00      0.00    0.00    0.00
  P42                  CONDUIT      0.00     0  00:00      0.00    0.00    0.00
  169551               CONDUIT      0.00     0  00:00      0.00    0.00    0.00
  P43                  CONDUIT      0.00     0  00:00      0.00    0.00    0.00
  P44                  CONDUIT      0.00     0  00:00      0.00    0.00    0.00
  P45                  CONDUIT      0.00     0  00:00      0.00    0.00    0.00
  P48                  CONDUIT      0.00     0  00:00      0.00    0.00    0.00
  P50                  CONDUIT      0.00     0  00:00      0.00    0.00    0.00
  P52                  CONDUIT      0.00     0  00:00      0.00    0.00    0.00
  P53                  CONDUIT      0.00     0  00:00      0.00    0.00    0.00
  P55                  CONDUIT      0.00     0  00:00      0.00    0.00    0.00
  P56                  CONDUIT      0.00     0  00:00      0.00    0.00    0.00
  P57                  CONDUIT      0.00     0  00:00      0.00    0.00    0.00
  P58                  CONDUIT      0.00     0  00:00      0.00    0.00    0.00
  P59                  CONDUIT      0.00     0  00:00      0.00    0.00    0.00
  P61                  CONDUIT      0.00     0  00:00      0.00    0.00    0.00
  P64                  CONDUIT      0.00     0  00:00      0.00    0.00    0.00
  P65                  CONDUIT      0.00     0  00:00      0.00    0.00    0.00
  P66                  CONDUIT      0.00     0  00:00      0.00    0.00    0.00
  P69                  CONDUIT      0.00     0  00:00      0.00    0.00    0.00
  P71                  CONDUIT      0.00     0  00:00      0.00    0.00    0.00
  P72                  CONDUIT      0.00     0  00:00      0.00    0.00    0.00
  CC5                  CONDUIT      0.00     0  00:00      0.00    0.00    0.00
  P85                  CONDUIT      0.00     0  00:00      0.00    0.00    0.00
  P82                  CONDUIT      0.00     0  00:00      0.00    0.00    0.00
  P80                  CONDUIT      0.00     0  00:00      0.00    0.00    0.00
  P68                  CONDUIT      0.00     0  00:00      0.00    0.00    0.00
  P67                  CONDUIT      0.00     0  00:00      0.00    0.00    0.00
  P63                  CONDUIT      0.00     0  00:00      0.00    0.00    0.00
  P62                  CONDUIT      0.00     0  00:00      0.00    0.00    0.00
  P60                  CONDUIT      0.00     0  00:00      0.00    0.00    0.00
  P54                  CONDUIT      0.00     0  00:00      0.00    0.00    0.00
  P49                  CONDUIT      0.00     0  00:00      0.00    0.00    0.00
  P47                  CONDUIT      0.00     0  00:00      0.00    0.00    0.00
  P46                  CONDUIT      0.00     0  00:00      0.00    0.00    0.00
  P40                  CONDUIT      0.00     0  00:00      0.00    0.00    0.00
  P39                  CONDUIT      0.00     0  00:00      0.00    0.00    0.00
  P38                  CONDUIT      0.00     0  00:00      0.00    0.00    0.00
  P37                  CONDUIT      0.00     0  00:00      0.00    0.00    0.00
  P36                  CONDUIT      0.00     0  00:00      0.00    0.00    0.00
  P35                  CONDUIT      0.00     0  00:00      0.00    0.00    0.00
  P32                  CONDUIT      0.00     0  00:00      0.00    0.00    0.00
  P30                  CONDUIT      0.00     0  00:00      0.00    0.00    0.00
  P28                  CONDUIT      0.00     0  00:00      0.00    0.00    0.00
  P27                  CONDUIT      0.00     0  00:00      0.00    0.00    0.00
  P22                  CONDUIT      0.00     0  00:00      0.00    0.00    0.00
  P19                  CONDUIT      0.00     0  00:00      0.00    0.00    0.00
  P18                  CONDUIT      0.00     0  00:00      0.00    0.00    0.00
  P17                  CONDUIT      0.00     0  00:00      0.00    0.00    0.00
  P11                  CONDUIT      0.00     0  00:00      0.00    0.00    0.00
  P7                   CONDUIT      0.00     0  00:00      0.00    0.00    0.00
  P6                   CONDUIT      0.00     0  00:00      0.00    0.00    0.00
  P5                   CONDUIT      0.00     0  00:00      0.00    0.00    0.00
  P16                  CONDUIT      0.00     0  00:00      0.00    0.00    0.00
  136                  CONDUIT      0.00     0  00:00      0.00    0.00    0.00
  P26                  CONDUIT      0.00     0  00:00      0.00    0.00    0.00
  ST1A                 CONDUIT      0.00     0  00:00      0.00    0.00    0.00
  126A                 CONDUIT      0.00     0  00:00      0.00    0.00    0.00
  P4                   CONDUIT      0.00     0  00:00      0.00    0.00    0.00
  134                  CONDUIT      0.00     0  00:00      0.00    0.00    0.00
  137                  CONDUIT      0.00     0  00:00      0.00    0.00    0.00
  144A                 CONDUIT      0.00     0  00:00      0.00    0.00    0.00
  143                  CONDUIT      0.00     0  00:00      0.00    0.00    0.00
  146                  CONDUIT      0.00     0  00:00      0.00    0.00    0.00
  P0                   CONDUIT      0.00     0  00:00      0.00    0.00    0.00
  1M29A                CONDUIT      0.00     0  00:00      0.00    0.00    0.00
  152                  CONDUIT      0.00     0  00:00      0.00    0.00    0.00
  154                  CONDUIT      0.00     0  00:00      0.00    0.00    0.00
  CC4                  CONDUIT      0.00     0  00:00      0.00    0.00    0.00
  P51                  CONDUIT      0.00     0  00:00      0.00    0.00    0.00
  P79                  CONDUIT      0.00     0  00:00      0.00    0.00    0.00
  OR1                  ORIFICE      0.00     0  00:00                      0.00
  OR2                  ORIFICE      0.00     0  00:00                      0.00
  MUL4                 ORIFICE      0.18     0  00:01                      1.00
  OR1A                 ORIFICE      0.00     0  00:00                      0.00
  OR36                 ORIFICE      0.40     0  00:02                      1.00
  OR35                 ORIFICE      0.16     0  00:24                      1.00
  OR34                 ORIFICE      0.05     0  00:11                      1.00
  OR33                 ORIFICE      0.14     0  00:14                      1.00
  MUL10                ORIFICE      2.15     0  00:04                      1.00
  MUL11                ORIFICE      0.13     0  00:17                      1.00
  OR30                 ORIFICE      0.32     0  01:47                      1.00
  OR29                 ORIFICE      1.30     0  00:26                      1.00
  OR28                 ORIFICE      0.14     0  02:11                      1.00
  MUL15                ORIFICE      0.64     0  00:01                      1.00
  MUL16                ORIFICE      0.24     0  00:01                      1.00
  OR18                 ORIFICE      0.45     0  00:01                      1.00
  OR3                  ORIFICE      0.00     0  00:00                      0.00
  
  
  ***************************
  Flow Classification Summary
  ***************************
  
  -------------------------------------------------------------------------------------
                      Adjusted    ---------- Fraction of Time in Flow Class ---------- 
                       /Actual         Up    Down  Sub   Sup   Up    Down  Norm  Inlet 
  Conduit               Length    Dry  Dry   Dry   Crit  Crit  Crit  Crit  Ltd   Ctrl  
  -------------------------------------------------------------------------------------
  B1                      1.00   1.00  0.00  0.00  0.00  0.00  0.00  0.00  0.00  0.00
  R1                      1.00   1.00  0.00  0.00  0.00  0.00  0.00  0.00  0.00  0.00
  R4                      1.00   1.00  0.00  0.00  0.00  0.00  0.00  0.00  0.00  0.00
  R3A                     1.00   1.00  0.00  0.00  0.00  0.00  0.00  0.00  0.00  0.00
  R4B                     1.00   0.64  0.00  0.00  0.00  0.00  0.36  0.00  0.00  0.00
  R4A                     1.00   0.44  0.00  0.00  0.36  0.00  0.00  0.21  0.36  0.00
  R5                      1.00   0.22  0.00  0.00  0.00  0.00  0.00  0.78  0.00  0.00
  R6                      1.00   0.22  0.00  0.00  0.00  0.00  0.00  0.78  0.00  0.00
  R8                      1.00   1.00  0.00  0.00  0.00  0.00  0.00  0.00  0.00  0.00
  R9                      1.00   0.93  0.00  0.00  0.00  0.00  0.00  0.07  0.00  0.00
  R9B                     1.00   0.78  0.00  0.00  0.00  0.00  0.00  0.22  0.00  0.00
  R10                     1.00   0.64  0.00  0.00  0.00  0.00  0.00  0.36  0.00  0.00
  R12                     1.00   0.49  0.00  0.00  0.00  0.00  0.00  0.51  0.00  0.00
  K43                     1.00   0.33  0.00  0.00  0.00  0.00  0.00  0.67  0.00  0.00
  L43                     1.00   0.17  0.00  0.00  0.00  0.67  0.00  0.16  0.67  0.00
  B43                     1.00   1.00  0.00  0.00  0.00  0.00  0.00  0.00  0.00  0.00
  R12A                    1.00   0.49  0.51  0.00  0.00  0.00  0.00  0.00  0.00  0.00
  K42                     1.00   1.00  0.00  0.00  0.00  0.00  0.00  0.00  0.00  0.00
  L42A                    1.00   1.00  0.00  0.00  0.00  0.00  0.00  0.00  0.00  0.00
  B42A                    1.00   1.00  0.00  0.00  0.00  0.00  0.00  0.00  0.00  0.00
  L42                     1.00   1.00  0.00  0.00  0.00  0.00  0.00  0.00  0.00  0.00
  B42                     1.00   1.00  0.00  0.00  0.00  0.00  0.00  0.00  0.00  0.00
  R13                     1.00   1.00  0.00  0.00  0.00  0.00  0.00  0.00  0.00  0.00
  R13A                    1.00   1.00  0.00  0.00  0.00  0.00  0.00  0.00  0.00  0.00
  R13B                    1.00   1.00  0.00  0.00  0.00  0.00  0.00  0.00  0.00  0.00
  R15                     1.00   1.00  0.00  0.00  0.00  0.00  0.00  0.00  0.00  0.00
  K41                     1.00   0.85  0.00  0.00  0.00  0.00  0.00  0.15  0.00  0.00
  L41                     1.00   0.44  0.00  0.00  0.00  0.00  0.56  0.00  0.00  0.00
  118                     1.00   1.00  0.00  0.00  0.00  0.00  0.00  0.00  0.00  0.00
  L18                     1.00   0.03  0.00  0.00  0.00  0.00  0.00  0.97  0.00  0.00
  118A                    1.00   1.00  0.00  0.00  0.00  0.00  0.00  0.00  0.00  0.00
  120                     1.00   1.00  0.00  0.00  0.00  0.00  0.00  0.00  0.00  0.00
  122                     1.00   1.00  0.00  0.00  0.00  0.00  0.00  0.00  0.00  0.00
  123                     1.00   1.00  0.00  0.00  0.00  0.00  0.00  0.00  0.00  0.00
  124                     1.00   1.00  0.00  0.00  0.00  0.00  0.00  0.00  0.00  0.00
  125                     1.00   1.00  0.00  0.00  0.00  0.00  0.00  0.00  0.00  0.00
  125A                    1.00   1.00  0.00  0.00  0.00  0.00  0.00  0.00  0.00  0.00
  L39                     1.00   1.00  0.00  0.00  0.00  0.00  0.00  0.00  0.00  0.00
  11A                     1.00   1.00  0.00  0.00  0.00  0.00  0.00  0.00  0.00  0.00
  1M0                     1.00   1.00  0.00  0.00  0.00  0.00  0.00  0.00  0.00  0.00
  127                     1.00   1.00  0.00  0.00  0.00  0.00  0.00  0.00  0.00  0.00
  127A                    1.00   1.00  0.00  0.00  0.00  0.00  0.00  0.00  0.00  0.00
  129                     1.00   1.00  0.00  0.00  0.00  0.00  0.00  0.00  0.00  0.00
  130                     1.00   1.00  0.00  0.00  0.00  0.00  0.00  0.00  0.00  0.00
  1M8A                    1.00   1.00  0.00  0.00  0.00  0.00  0.00  0.00  0.00  0.00
  132                     1.00   1.00  0.00  0.00  0.00  0.00  0.00  0.00  0.00  0.00
  133                     1.00   1.00  0.00  0.00  0.00  0.00  0.00  0.00  0.00  0.00
  L36                     1.00   1.00  0.00  0.00  0.00  0.00  0.00  0.00  0.00  0.00
  L35                     1.00   1.00  0.00  0.00  0.00  0.00  0.00  0.00  0.00  0.00
  134A                    1.00   1.00  0.00  0.00  0.00  0.00  0.00  0.00  0.00  0.00
  135                     1.00   1.00  0.00  0.00  0.00  0.00  0.00  0.00  0.00  0.00
  L33                     1.00   1.00  0.00  0.00  0.00  0.00  0.00  0.00  0.00  0.00
  1M19A                   1.00   1.00  0.00  0.00  0.00  0.00  0.00  0.00  0.00  0.00
  139                     1.00   0.06  0.94  0.00  0.00  0.00  0.00  0.00  0.00  0.00
  160391                  1.00   0.06  0.94  0.00  0.00  0.00  0.00  0.00  0.00  0.00
  160393                  1.00   1.00  0.00  0.00  0.00  0.00  0.00  0.00  0.00  0.00
  140                     1.00   0.06  0.94  0.00  0.00  0.00  0.00  0.00  0.00  0.00
  141                     1.00   1.00  0.00  0.00  0.00  0.00  0.00  0.00  0.00  0.00
  L30                     1.00   1.00  0.00  0.00  0.00  0.00  0.00  0.00  0.00  0.00
  142                     1.00   1.00  0.00  0.00  0.00  0.00  0.00  0.00  0.00  0.00
  1M33B                   1.00   1.00  0.00  0.00  0.00  0.00  0.00  0.00  0.00  0.00
  149                     1.00   1.00  0.00  0.00  0.00  0.00  0.00  0.00  0.00  0.00
  155                     1.00   1.00  0.00  0.00  0.00  0.00  0.00  0.00  0.00  0.00
  160551                  1.00   1.00  0.00  0.00  0.00  0.00  0.00  0.00  0.00  0.00
  160555                  1.00   1.00  0.00  0.00  0.00  0.00  0.00  0.00  0.00  0.00
  160554                  1.00   1.00  0.00  0.00  0.00  0.00  0.00  0.00  0.00  0.00
  156                     1.00   1.00  0.00  0.00  0.00  0.00  0.00  0.00  0.00  0.00
  159                     1.00   1.00  0.00  0.00  0.00  0.00  0.00  0.00  0.00  0.00
  161                     1.00   1.00  0.00  0.00  0.00  0.00  0.00  0.00  0.00  0.00
  164                     1.00   1.00  0.00  0.00  0.00  0.00  0.00  0.00  0.00  0.00
  1M51A                   1.00   0.72  0.00  0.00  0.00  0.00  0.00  0.28  0.00  0.00
  167                     1.00   0.72  0.28  0.00  0.00  0.00  0.00  0.00  0.00  0.00
  168                     1.00   1.00  0.00  0.00  0.00  0.00  0.00  0.00  0.00  0.00
  170                     1.00   1.00  0.00  0.00  0.00  0.00  0.00  0.00  0.00  0.00
  172                     1.00   1.00  0.00  0.00  0.00  0.00  0.00  0.00  0.00  0.00
  173                     1.00   0.97  0.00  0.00  0.00  0.00  0.00  0.03  0.00  0.00
  174                     1.00   0.74  0.00  0.00  0.00  0.00  0.00  0.26  0.00  0.00
  176                     1.00   0.51  0.00  0.00  0.00  0.00  0.00  0.49  0.00  0.00
  177                     1.00   0.26  0.00  0.00  0.00  0.00  0.00  0.74  0.00  0.00
  179A                    1.00   0.26  0.74  0.00  0.00  0.00  0.00  0.00  0.00  0.00
  180                     1.00   0.83  0.00  0.00  0.00  0.00  0.00  0.17  0.00  0.00
  181                     1.00   0.83  0.17  0.00  0.00  0.00  0.00  0.00  0.00  0.00
  184                     1.00   1.00  0.00  0.00  0.00  0.00  0.00  0.00  0.00  0.00
  184A                    1.00   1.00  0.00  0.00  0.00  0.00  0.00  0.00  0.00  0.00
  1M77A                   1.00   1.00  0.00  0.00  0.00  0.00  0.00  0.00  0.00  0.00
  187                     1.00   0.96  0.00  0.00  0.00  0.00  0.00  0.04  0.00  0.00
  188                     1.00   0.50  0.00  0.00  0.00  0.04  0.00  0.47  0.04  0.00
  189                     1.00   1.00  0.00  0.00  0.00  0.00  0.00  0.00  0.00  0.00
  P74                     1.00   1.00  0.00  0.00  0.00  0.00  0.00  0.00  0.00  0.00
  P75                     1.00   1.00  0.00  0.00  0.00  0.00  0.00  0.00  0.00  0.00
  P76                     1.00   1.00  0.00  0.00  0.00  0.00  0.00  0.00  0.00  0.00
  P77                     1.00   1.00  0.00  0.00  0.00  0.00  0.00  0.00  0.00  0.00
  P81                     1.00   1.00  0.00  0.00  0.00  0.00  0.00  0.00  0.00  0.00
  P84                     1.00   1.00  0.00  0.00  0.00  0.00  0.00  0.00  0.00  0.00
  P86                     1.00   1.00  0.00  0.00  0.00  0.00  0.00  0.00  0.00  0.00
  1101                    1.00   1.00  0.00  0.00  0.00  0.00  0.00  0.00  0.00  0.00
  1102                    1.00   1.00  0.00  0.00  0.00  0.00  0.00  0.00  0.00  0.00
  1103                    1.00   0.04  0.00  0.00  0.00  0.00  0.00  0.96  0.00  0.00
  S2                      1.00   0.04  0.96  0.00  0.00  0.00  0.00  0.00  0.00  0.00
  S3                      1.00   1.00  0.00  0.00  0.00  0.00  0.00  0.00  0.00  0.00
  S6                      1.00   1.00  0.00  0.00  0.00  0.00  0.00  0.00  0.00  0.00
  S8                      1.00   1.00  0.00  0.00  0.00  0.00  0.00  0.00  0.00  0.00
  S9                      1.00   1.00  0.00  0.00  0.00  0.00  0.00  0.00  0.00  0.00
  S10                     1.00   1.00  0.00  0.00  0.00  0.00  0.00  0.00  0.00  0.00
  S11                     1.00   1.00  0.00  0.00  0.00  0.00  0.00  0.00  0.00  0.00
  S12                     1.00   1.00  0.00  0.00  0.00  0.00  0.00  0.00  0.00  0.00
  S14                     1.00   1.00  0.00  0.00  0.00  0.00  0.00  0.00  0.00  0.00
  S15                     1.00   1.00  0.00  0.00  0.00  0.00  0.00  0.00  0.00  0.00
  S16                     1.00   1.00  0.00  0.00  0.00  0.00  0.00  0.00  0.00  0.00
  S17                     1.00   1.00  0.00  0.00  0.00  0.00  0.00  0.00  0.00  0.00
  S19                     1.00   1.00  0.00  0.00  0.00  0.00  0.00  0.00  0.00  0.00
  S21                     1.00   0.12  0.00  0.00  0.00  0.00  0.00  0.88  0.00  0.00
  S23                     1.00   0.12  0.88  0.00  0.00  0.00  0.00  0.00  0.00  0.00
  S25                     1.00   1.00  0.00  0.00  0.00  0.00  0.00  0.00  0.00  0.00
  S28                     1.00   1.00  0.00  0.00  0.00  0.00  0.00  0.00  0.00  0.00
  S29                     1.00   1.00  0.00  0.00  0.00  0.00  0.00  0.00  0.00  0.00
  S30                     1.00   1.00  0.00  0.00  0.00  0.00  0.00  0.00  0.00  0.00
  S31                     1.00   1.00  0.00  0.00  0.00  0.00  0.00  0.00  0.00  0.00
  S32                     1.00   1.00  0.00  0.00  0.00  0.00  0.00  0.00  0.00  0.00
  S33                     1.00   1.00  0.00  0.00  0.00  0.00  0.00  0.00  0.00  0.00
  S34                     1.00   1.00  0.00  0.00  0.00  0.00  0.00  0.00  0.00  0.00
  S35                     1.00   1.00  0.00  0.00  0.00  0.00  0.00  0.00  0.00  0.00
  S36                     1.00   1.00  0.00  0.00  0.00  0.00  0.00  0.00  0.00  0.00
  S38                     1.00   1.00  0.00  0.00  0.00  0.00  0.00  0.00  0.00  0.00
  S40                     1.00   1.00  0.00  0.00  0.00  0.00  0.00  0.00  0.00  0.00
  S41                     1.00   1.00  0.00  0.00  0.00  0.00  0.00  0.00  0.00  0.00
  S42                     1.00   1.00  0.00  0.00  0.00  0.00  0.00  0.00  0.00  0.00
  S43                     1.00   1.00  0.00  0.00  0.00  0.00  0.00  0.00  0.00  0.00
  S45                     1.00   1.00  0.00  0.00  0.00  0.00  0.00  0.00  0.00  0.00
  S46                     1.00   1.00  0.00  0.00  0.00  0.00  0.00  0.00  0.00  0.00
  S48                     1.00   1.00  0.00  0.00  0.00  0.00  0.00  0.00  0.00  0.00
  S49                     1.00   1.00  0.00  0.00  0.00  0.00  0.00  0.00  0.00  0.00
  S50                     1.00   1.00  0.00  0.00  0.00  0.00  0.00  0.00  0.00  0.00
  S51                     1.00   1.00  0.00  0.00  0.00  0.00  0.00  0.00  0.00  0.00
  S52                     1.00   1.00  0.00  0.00  0.00  0.00  0.00  0.00  0.00  0.00
  S53                     1.00   1.00  0.00  0.00  0.00  0.00  0.00  0.00  0.00  0.00
  Q1                      1.00   1.00  0.00  0.00  0.00  0.00  0.00  0.00  0.00  0.00
  Q2                      1.00   1.00  0.00  0.00  0.00  0.00  0.00  0.00  0.00  0.00
  Q3                      1.00   1.00  0.00  0.00  0.00  0.00  0.00  0.00  0.00  0.00
  Q3A                     1.00   1.00  0.00  0.00  0.00  0.00  0.00  0.00  0.00  0.00
  Q4                      1.00   1.00  0.00  0.00  0.00  0.00  0.00  0.00  0.00  0.00
  Q4A                     1.00   1.00  0.00  0.00  0.00  0.00  0.00  0.00  0.00  0.00
  Q8                      1.00   1.00  0.00  0.00  0.00  0.00  0.00  0.00  0.00  0.00
  Q9                      1.00   1.00  0.00  0.00  0.00  0.00  0.00  0.00  0.00  0.00
  Q10                     1.00   1.00  0.00  0.00  0.00  0.00  0.00  0.00  0.00  0.00
  Q12                     1.00   1.00  0.00  0.00  0.00  0.00  0.00  0.00  0.00  0.00
  R15A                    1.00   1.00  0.00  0.00  0.00  0.00  0.00  0.00  0.00  0.00
  Q16                     1.00   1.00  0.00  0.00  0.00  0.00  0.00  0.00  0.00  0.00
  Q17                     1.00   1.00  0.00  0.00  0.00  0.00  0.00  0.00  0.00  0.00
  Q21                     1.00   1.00  0.00  0.00  0.00  0.00  0.00  0.00  0.00  0.00
  Q24                     1.00   1.00  0.00  0.00  0.00  0.00  0.00  0.00  0.00  0.00
  L40                     1.00   0.56  0.00  0.00  0.00  0.00  0.00  0.44  0.00  0.00
  B40                     1.00   1.00  0.00  0.00  0.00  0.00  0.00  0.00  0.00  0.00
  Q26                     1.00   1.00  0.00  0.00  0.00  0.00  0.00  0.00  0.00  0.00
  L1A                     1.00   1.00  0.00  0.00  0.00  0.00  0.00  0.00  0.00  0.00
  Q27                     1.00   1.00  0.00  0.00  0.00  0.00  0.00  0.00  0.00  0.00
  Q28                     1.00   1.00  0.00  0.00  0.00  0.00  0.00  0.00  0.00  0.00
  Q29                     1.00   1.00  0.00  0.00  0.00  0.00  0.00  0.00  0.00  0.00
  Q31                     1.00   0.93  0.00  0.00  0.00  0.00  0.00  0.07  0.00  0.00
  Q33A                    1.00   0.76  0.00  0.00  0.00  0.07  0.00  0.17  0.07  0.00
  Q34                     1.00   0.58  0.00  0.00  0.00  0.00  0.00  0.42  0.00  0.00
  Q35                     1.00   0.40  0.00  0.00  0.00  0.00  0.00  0.60  0.00  0.00
  Q35A                    1.00   0.20  0.00  0.00  0.00  0.00  0.00  0.80  0.00  0.00
  P1                      1.00   1.00  0.00  0.00  0.00  0.00  0.00  0.00  0.00  0.00
  P2                      1.00   1.00  0.00  0.00  0.00  0.00  0.00  0.00  0.00  0.00
  P3                      1.00   1.00  0.00  0.00  0.00  0.00  0.00  0.00  0.00  0.00
  P8                      1.00   1.00  0.00  0.00  0.00  0.00  0.00  0.00  0.00  0.00
  CC1                     1.00   1.00  0.00  0.00  0.00  0.00  0.00  0.00  0.00  0.00
  P10                     1.00   1.00  0.00  0.00  0.00  0.00  0.00  0.00  0.00  0.00
  P12                     1.00   1.00  0.00  0.00  0.00  0.00  0.00  0.00  0.00  0.00
  P13                     1.00   1.00  0.00  0.00  0.00  0.00  0.00  0.00  0.00  0.00
  P14                     1.00   1.00  0.00  0.00  0.00  0.00  0.00  0.00  0.00  0.00
  CC2                     1.00   1.00  0.00  0.00  0.00  0.00  0.00  0.00  0.00  0.00
  P21                     1.00   1.00  0.00  0.00  0.00  0.00  0.00  0.00  0.00  0.00
  P23                     1.00   1.00  0.00  0.00  0.00  0.00  0.00  0.00  0.00  0.00
  P29                     1.00   1.00  0.00  0.00  0.00  0.00  0.00  0.00  0.00  0.00
  ST1                     1.00   1.00  0.00  0.00  0.00  0.00  0.00  0.00  0.00  0.00
  P33                     1.00   1.00  0.00  0.00  0.00  0.00  0.00  0.00  0.00  0.00
  CC3                     1.00   1.00  0.00  0.00  0.00  0.00  0.00  0.00  0.00  0.00
  P34                     1.00   1.00  0.00  0.00  0.00  0.00  0.00  0.00  0.00  0.00
  P41                     1.00   1.00  0.00  0.00  0.00  0.00  0.00  0.00  0.00  0.00
  P42                     1.00   1.00  0.00  0.00  0.00  0.00  0.00  0.00  0.00  0.00
  169551                  1.00   1.00  0.00  0.00  0.00  0.00  0.00  0.00  0.00  0.00
  P43                     1.00   1.00  0.00  0.00  0.00  0.00  0.00  0.00  0.00  0.00
  P44                     1.00   1.00  0.00  0.00  0.00  0.00  0.00  0.00  0.00  0.00
  P45                     1.00   1.00  0.00  0.00  0.00  0.00  0.00  0.00  0.00  0.00
  P48                     1.00   1.00  0.00  0.00  0.00  0.00  0.00  0.00  0.00  0.00
  P50                     1.00   1.00  0.00  0.00  0.00  0.00  0.00  0.00  0.00  0.00
  P52                     1.00   1.00  0.00  0.00  0.00  0.00  0.00  0.00  0.00  0.00
  P53                     1.00   1.00  0.00  0.00  0.00  0.00  0.00  0.00  0.00  0.00
  P55                     1.00   1.00  0.00  0.00  0.00  0.00  0.00  0.00  0.00  0.00
  P56                     1.00   1.00  0.00  0.00  0.00  0.00  0.00  0.00  0.00  0.00
  P57                     1.00   1.00  0.00  0.00  0.00  0.00  0.00  0.00  0.00  0.00
  P58                     1.00   1.00  0.00  0.00  0.00  0.00  0.00  0.00  0.00  0.00
  P59                     1.00   1.00  0.00  0.00  0.00  0.00  0.00  0.00  0.00  0.00
  P61                     1.00   1.00  0.00  0.00  0.00  0.00  0.00  0.00  0.00  0.00
  P64                     1.00   1.00  0.00  0.00  0.00  0.00  0.00  0.00  0.00  0.00
  P65                     1.00   1.00  0.00  0.00  0.00  0.00  0.00  0.00  0.00  0.00
  P66                     1.00   1.00  0.00  0.00  0.00  0.00  0.00  0.00  0.00  0.00
  P69                     1.00   1.00  0.00  0.00  0.00  0.00  0.00  0.00  0.00  0.00
  P71                     1.00   1.00  0.00  0.00  0.00  0.00  0.00  0.00  0.00  0.00
  P72                     1.00   1.00  0.00  0.00  0.00  0.00  0.00  0.00  0.00  0.00
  CC5                     1.00   1.00  0.00  0.00  0.00  0.00  0.00  0.00  0.00  0.00
  P85                     1.00   1.00  0.00  0.00  0.00  0.00  0.00  0.00  0.00  0.00
  P82                     1.00   1.00  0.00  0.00  0.00  0.00  0.00  0.00  0.00  0.00
  P80                     1.00   1.00  0.00  0.00  0.00  0.00  0.00  0.00  0.00  0.00
  P68                     1.00   1.00  0.00  0.00  0.00  0.00  0.00  0.00  0.00  0.00
  P67                     1.00   1.00  0.00  0.00  0.00  0.00  0.00  0.00  0.00  0.00
  P63                     1.00   1.00  0.00  0.00  0.00  0.00  0.00  0.00  0.00  0.00
  P62                     1.00   1.00  0.00  0.00  0.00  0.00  0.00  0.00  0.00  0.00
  P60                     1.00   1.00  0.00  0.00  0.00  0.00  0.00  0.00  0.00  0.00
  P54                     1.00   1.00  0.00  0.00  0.00  0.00  0.00  0.00  0.00  0.00
  P49                     1.00   1.00  0.00  0.00  0.00  0.00  0.00  0.00  0.00  0.00
  P47                     1.00   1.00  0.00  0.00  0.00  0.00  0.00  0.00  0.00  0.00
  P46                     1.00   1.00  0.00  0.00  0.00  0.00  0.00  0.00  0.00  0.00
  P40                     1.00   1.00  0.00  0.00  0.00  0.00  0.00  0.00  0.00  0.00
  P39                     1.00   1.00  0.00  0.00  0.00  0.00  0.00  0.00  0.00  0.00
  P38                     1.00   1.00  0.00  0.00  0.00  0.00  0.00  0.00  0.00  0.00
  P37                     1.00   1.00  0.00  0.00  0.00  0.00  0.00  0.00  0.00  0.00
  P36                     1.00   1.00  0.00  0.00  0.00  0.00  0.00  0.00  0.00  0.00
  P35                     1.00   1.00  0.00  0.00  0.00  0.00  0.00  0.00  0.00  0.00
  P32                     1.00   1.00  0.00  0.00  0.00  0.00  0.00  0.00  0.00  0.00
  P30                     1.00   1.00  0.00  0.00  0.00  0.00  0.00  0.00  0.00  0.00
  P28                     1.00   1.00  0.00  0.00  0.00  0.00  0.00  0.00  0.00  0.00
  P27                     1.00   1.00  0.00  0.00  0.00  0.00  0.00  0.00  0.00  0.00
  P22                     1.00   1.00  0.00  0.00  0.00  0.00  0.00  0.00  0.00  0.00
  P19                     1.00   1.00  0.00  0.00  0.00  0.00  0.00  0.00  0.00  0.00
  P18                     1.00   1.00  0.00  0.00  0.00  0.00  0.00  0.00  0.00  0.00
  P17                     1.00   1.00  0.00  0.00  0.00  0.00  0.00  0.00  0.00  0.00
  P11                     1.00   1.00  0.00  0.00  0.00  0.00  0.00  0.00  0.00  0.00
  P7                      1.00   1.00  0.00  0.00  0.00  0.00  0.00  0.00  0.00  0.00
  P6                      1.00   1.00  0.00  0.00  0.00  0.00  0.00  0.00  0.00  0.00
  P5                      1.00   1.00  0.00  0.00  0.00  0.00  0.00  0.00  0.00  0.00
  P16                     1.00   1.00  0.00  0.00  0.00  0.00  0.00  0.00  0.00  0.00
  136                     1.00   1.00  0.00  0.00  0.00  0.00  0.00  0.00  0.00  0.00
  P26                     1.00   1.00  0.00  0.00  0.00  0.00  0.00  0.00  0.00  0.00
  ST1A                    1.00   1.00  0.00  0.00  0.00  0.00  0.00  0.00  0.00  0.00
  126A                    1.00   1.00  0.00  0.00  0.00  0.00  0.00  0.00  0.00  0.00
  P4                      1.00   1.00  0.00  0.00  0.00  0.00  0.00  0.00  0.00  0.00
  134                     1.00   1.00  0.00  0.00  0.00  0.00  0.00  0.00  0.00  0.00
  137                     1.00   1.00  0.00  0.00  0.00  0.00  0.00  0.00  0.00  0.00
  144A                    1.00   1.00  0.00  0.00  0.00  0.00  0.00  0.00  0.00  0.00
  143                     1.00   1.00  0.00  0.00  0.00  0.00  0.00  0.00  0.00  0.00
  146                     1.00   1.00  0.00  0.00  0.00  0.00  0.00  0.00  0.00  0.00
  P0                      1.00   1.00  0.00  0.00  0.00  0.00  0.00  0.00  0.00  0.00
  1M29A                   1.00   1.00  0.00  0.00  0.00  0.00  0.00  0.00  0.00  0.00
  152                     1.00   1.00  0.00  0.00  0.00  0.00  0.00  0.00  0.00  0.00
  154                     1.00   1.00  0.00  0.00  0.00  0.00  0.00  0.00  0.00  0.00
  CC4                     1.00   1.00  0.00  0.00  0.00  0.00  0.00  0.00  0.00  0.00
  P51                     1.00   1.00  0.00  0.00  0.00  0.00  0.00  0.00  0.00  0.00
  P79                     1.00   1.00  0.00  0.00  0.00  0.00  0.00  0.00  0.00  0.00
  
  
  *************************
  Conduit Surcharge Summary
  *************************
  
  No conduits were surcharged.
  

  Analysis begun on:  Wed Jul 22 14:17:21 2026
  Analysis ended on:  Wed Jul 22 14:17:22 2026
  Total elapsed time: 00:00:01