
  EPA STORM WATER MANAGEMENT MODEL - VERSION 5.2 (Build 5.2.4)
  ------------------------------------------------------------

  SWMM EXTRAN INPUT DATA FOR NBC SYSTEM               RIDEM 1yr DESIGN STORM 
  WARNING 04: minimum elevation drop used for Conduit Link_1
  WARNING 08: elevation drop exceeds length for Conduit 21075
  WARNING 04: minimum elevation drop used for Conduit 40017
  WARNING 04: minimum elevation drop used for Conduit 40018
  WARNING 04: minimum elevation drop used for Conduit 40019
  WARNING 04: minimum elevation drop used for Conduit 40020
  WARNING 04: minimum elevation drop used for Conduit 2016
  WARNING 08: elevation drop exceeds length for Conduit 221i
  WARNING 08: elevation drop exceeds length for Conduit 225i
  WARNING 10: crest elevation raised to downstream invert for regulator Link UL22
  WARNING 10: crest elevation raised to downstream invert for regulator Link UL67
  WARNING 10: crest elevation raised to downstream invert for regulator Link UL68
  WARNING 10: crest elevation raised to downstream invert for regulator Link UL69
  
  ****************
  Analysis Options
  ****************
  Flow Units ............... CFS
  Process Models:
    Rainfall/Runoff ........ NO
    RDII ................... NO
    Snowmelt ............... NO
    Groundwater ............ NO
    Flow Routing ........... YES
    Ponding Allowed ........ NO
    Water Quality .......... NO
  Flow Routing Method ...... DYNWAVE
  Surcharge Method ......... EXTRAN
  Starting Date ............ 01/01/2001 00:00:00
  Ending Date .............. 01/02/2001 00:00:00
  Antecedent Dry Days ...... 0.0
  Report Time Step ......... 00:15:00
  Routing Time Step ........ 10.00 sec
  Variable Time Step ....... YES
  Maximum Trials ........... 40
  Number of Threads ........ 1
  Head Tolerance ........... 0.003300 ft
  
  
  **************************        Volume        Volume
  Flow Routing Continuity        acre-feet      10^6 gal
  **************************     ---------     ---------
  Dry Weather Inflow .......         0.000         0.000
  Wet Weather Inflow .......         0.000         0.000
  Groundwater Inflow .......         0.000         0.000
  RDII Inflow ..............         0.000         0.000
  External Inflow ..........       135.188        44.053
  External Outflow .........         0.000         0.000
  Flooding Loss ............       125.630        40.938
  Evaporation Loss .........         0.000         0.000
  Exfiltration Loss ........         0.000         0.000
  Initial Stored Volume ....         0.459         0.150
  Final Stored Volume ......         5.147         1.677
  Continuity Error (%) .....         3.591
  
  
  *************************
  Highest Continuity Errors
  *************************
  Node x9010 (100.00%)
  Node d104 (100.00%)
  Node d126 (100.00%)
  Node x9028 (98.74%)
  Node a34002 (94.82%)
  
  
  ***************************
  Time-Step Critical Elements
  ***************************
  Link 2008 (87.73%)
  Link a2059 (9.98%)
  
  
  ********************************
  Highest Flow Instability Indexes
  ********************************
  Link UL4 (96)
  Link 29001sor (92)
  Link 2901 (40)
  Link a2059 (33)
  Link UL8 (5)
  
  
  *********************************
  Most Frequent Nonconverging Nodes
  *********************************
  Node x9553 (84.74%)
  Node 5502 (28.12%)
  Node d67 (25.84%)
  Node 4917 (25.80%)
  Node d63 (15.46%)
  
  
  *************************
  Routing Time Step Summary
  *************************
  Minimum Time Step           :     0.86 sec
  Average Time Step           :     7.31 sec
  Maximum Time Step           :    10.00 sec
  % of Time in Steady State   :     0.00
  Average Iterations per Step :    35.12
  % of Steps Not Converging   :    84.74
  Time Step Frequencies       :
     10.000 -  5.493 sec      :    90.08 %
      5.493 -  3.017 sec      :     0.30 %
      3.017 -  1.657 sec      :     0.36 %
      1.657 -  0.910 sec      :     9.25 %
      0.910 -  0.500 sec      :     0.01 %
  
  
  ******************
  Node Depth Summary
  ******************
  
  ---------------------------------------------------------------------------------
                                 Average  Maximum  Maximum  Time of Max    Reported
                                   Depth    Depth      HGL   Occurrence   Max Depth
  Node                 Type         Feet     Feet     Feet  days hr:min        Feet
  ---------------------------------------------------------------------------------
  x9001                JUNCTION   134.39   149.30   330.50     0  03:17      149.30
  x9002                JUNCTION   114.74   149.05   329.35     0  05:41      149.05
  x9003                JUNCTION    99.61   148.87   327.86     0  08:23      148.87
  x9004                JUNCTION    84.51   148.69   326.44     0  11:21      148.69
  x9005                JUNCTION    69.41   148.46   325.41     0  13:35      148.46
  x9006                JUNCTION    54.34   147.90   323.40     0  18:24      147.90
  x9007                JUNCTION    39.58   147.77   312.77     0  19:42      147.77
  x9008                JUNCTION    24.57   147.66   311.44     0  21:08      147.66
  x9009                JUNCTION     9.91   147.45   309.28     1  00:00      147.45
  x9010                JUNCTION     0.21    24.78   183.78     1  00:00       24.78
  x9011                JUNCTION     0.00     0.00   175.00     0  00:00        0.00
  x9012                JUNCTION     0.00     0.00   175.00     0  00:00        0.00
  x9015                JUNCTION     0.00     0.00   172.06     0  00:00        0.00
  x9016                JUNCTION     0.00     0.00   171.69     0  00:00        0.00
  x9017                JUNCTION     0.00     0.00   155.42     0  00:00        0.00
  x9018                JUNCTION     0.00     0.00   161.40     0  00:00        0.00
  x9019                JUNCTION     0.00     0.00   161.34     0  00:00        0.00
  x9041                JUNCTION     0.00     0.00   157.28     0  00:00        0.00
  x9020                JUNCTION     0.00     0.00   161.18     0  00:00        0.00
  x9021                JUNCTION     0.00     0.00   159.67     0  00:00        0.00
  x9022                JUNCTION     0.00     0.00   158.76     0  00:00        0.00
  x9023                JUNCTION     0.00     0.00   158.41     0  00:00        0.00
  x9024                JUNCTION     0.00     0.00   158.13     0  00:00        0.00
  x9026                JUNCTION     0.00     0.00   155.73     0  00:00        0.00
  x9028                JUNCTION   122.45   138.61   293.89     0  01:53      138.59
  x9029                JUNCTION   136.67   138.60   293.88     0  01:54      138.58
  x9030                JUNCTION   136.75   137.79   294.52     0  00:11      137.13
  x9032                JUNCTION   136.52   137.79   287.21     0  01:06      137.76
  x9033                JUNCTION   135.67   137.96   287.17     0  01:05      137.96
  x9034                JUNCTION     0.00     0.00   163.08     0  00:00        0.00
  x9530                JUNCTION     0.00     0.00   146.27     0  00:00        0.00
  x9037                JUNCTION     0.00     0.00   145.19     0  00:00        0.00
  x9038                JUNCTION     0.00     0.00   144.49     0  00:00        0.00
  x9039                JUNCTION     0.00     0.00   146.27     0  00:00        0.00
  x9040                JUNCTION     0.00     0.00   141.51     0  00:00        0.00
  x9043                JUNCTION     0.00     0.00   146.69     0  00:00        0.00
  x9044                JUNCTION     0.00     0.00   145.89     0  00:00        0.00
  x9045                JUNCTION     0.00     0.00   145.91     0  00:00        0.00
  x9046                JUNCTION     0.00     0.00   146.46     0  00:00        0.00
  x9047                JUNCTION     0.00     0.00   146.02     0  00:00        0.00
  x9048                JUNCTION     0.00     0.00   144.51     0  00:00        0.00
  x9049                JUNCTION     0.00     0.00   140.43     0  00:00        0.00
  x9050                JUNCTION     0.00     0.00   148.37     0  00:00        0.00
  x9051                JUNCTION     0.00     0.00   149.06     0  00:00        0.00
  x9053                JUNCTION     0.00     0.00   141.12     0  00:00        0.00
  x9054                JUNCTION     0.00     0.00   139.48     0  00:00        0.00
  x9055                JUNCTION     0.00     0.00   137.09     0  00:00        0.00
  x9500                JUNCTION   150.01   168.48   349.06     0  03:24      168.48
  x9501                JUNCTION   125.94   167.65   347.95     0  06:16      167.65
  x9502                JUNCTION   106.39   166.62   345.61     0  09:16      166.62
  x9503                JUNCTION    87.19   165.65   343.20     0  12:21      165.65
  x9504                JUNCTION    68.13   164.16   340.95     0  15:02      164.16
  x9505                JUNCTION    49.46   162.21   337.71     0  17:40      162.21
  x9506                JUNCTION    30.72   154.95   315.95     0  20:34      154.95
  x9507                JUNCTION     0.00     0.00   175.00     0  00:00        0.00
  x9509                JUNCTION     0.00     0.00   163.78     0  00:00        0.00
  x9511                JUNCTION     0.00     0.00   155.00     0  00:00        0.00
  x902                 JUNCTION     0.00     0.00   217.00     0  00:00        0.00
  x9512                JUNCTION     0.00     0.00   155.93     0  00:00        0.00
  x9513                JUNCTION     0.00     0.00   172.06     0  00:00        0.00
  x9514                JUNCTION     0.00     0.00   171.69     0  00:00        0.00
  x9515                JUNCTION     0.00     0.00   155.42     0  00:00        0.00
  x9516                JUNCTION     0.00     0.00   161.40     0  00:00        0.00
  x9517                JUNCTION     0.00     0.00   161.34     0  00:00        0.00
  x9518                JUNCTION     0.00     0.00   161.18     0  00:00        0.00
  x9519                JUNCTION     0.00     0.00   159.67     0  00:00        0.00
  x9520                JUNCTION     0.00     0.00   178.76     0  00:00        0.00
  x9521                JUNCTION     0.00     0.00   178.41     0  00:00        0.00
  x9522                JUNCTION     0.00     0.00   178.76     0  00:00        0.00
  x9523                JUNCTION     0.00     0.00   178.41     0  00:00        0.00
  x9527                JUNCTION     0.00     0.00   169.21     0  00:00        0.00
  x9532                JUNCTION     0.00     0.00   147.98     0  00:00        0.00
  x9534                JUNCTION     0.00     0.00   145.89     0  00:00        0.00
  x9535                JUNCTION     0.00     0.00   145.91     0  00:00        0.00
  x9536                JUNCTION     0.00     0.00   146.46     0  00:00        0.00
  x9537                JUNCTION     0.00     0.00   146.02     0  00:00        0.00
  x9538                JUNCTION     0.00     0.00   144.51     0  00:00        0.00
  x9539                JUNCTION     0.00     0.00   140.43     0  00:00        0.00
  x9540                JUNCTION     0.00     0.00   148.37     0  00:00        0.00
  x9541                JUNCTION     0.00     0.00   149.06     0  00:00        0.00
  x9545                JUNCTION     0.00     0.00   136.29     0  00:00        0.00
  x9546                JUNCTION     0.00     0.00   135.92     0  00:00        0.00
  x9547                JUNCTION     0.00     0.00   134.66     0  00:00        0.00
  x9550                JUNCTION     0.00     0.00   136.00     0  00:00        0.00
  x9552                JUNCTION     0.00     0.00   136.00     0  00:00        0.00
  480                  JUNCTION     0.00     0.00   189.50     0  00:00        0.00
  2102                 JUNCTION     0.00     0.00   150.70     0  00:00        0.00
  2104                 JUNCTION     0.00     0.00   124.00     0  00:00        0.00
  2105                 JUNCTION     0.00     0.00   122.00     0  00:00        0.00
  2106                 JUNCTION     0.00     0.00   122.00     0  00:00        0.00
  650                  JUNCTION     0.00     0.00   166.50     0  00:00        0.00
  2110                 JUNCTION     0.00     0.00   141.50     0  00:00        0.00
  2113                 JUNCTION     0.00     0.00   122.00     0  00:00        0.00
  2114                 JUNCTION     0.00     0.00   122.00     0  00:00        0.00
  2115                 JUNCTION     0.00     0.00   122.00     0  00:00        0.00
  2116                 JUNCTION     0.00     0.00   122.00     0  00:00        0.00
  2117                 JUNCTION     0.00     0.00   122.00     0  00:00        0.00
  2118                 JUNCTION     0.00     0.00   122.00     0  00:00        0.00
  2120                 JUNCTION     0.00     0.00   122.00     0  00:00        0.00
  461                  JUNCTION     0.00     0.00   136.00     0  00:00        0.00
  462                  JUNCTION     0.00     0.00   140.30     0  00:00        0.00
  2121                 JUNCTION     0.00     0.00   118.91     0  00:00        0.00
  2122                 JUNCTION     0.00     0.00   118.91     0  00:00        0.00
  4611                 JUNCTION     0.00     0.00   131.00     0  00:00        0.00
  4600                 JUNCTION     0.00     0.00   118.91     0  00:00        0.00
  4621                 JUNCTION     0.00     0.00   126.50     0  00:00        0.00
  2124                 JUNCTION     0.00     0.00   121.00     0  00:00        0.00
  2125                 JUNCTION     0.00     0.00   118.02     0  00:00        0.00
  2127                 JUNCTION     0.00     0.00   120.21     0  00:00        0.00
  2128                 JUNCTION     0.00     0.00   124.30     0  00:00        0.00
  580                  JUNCTION     0.00     0.00   119.88     0  00:00        0.00
  5801                 JUNCTION     0.00     0.00   119.70     0  00:00        0.00
  2005                 JUNCTION     0.00     0.00   188.00     0  00:00        0.00
  2011                 JUNCTION     0.00     0.00   185.00     0  00:00        0.00
  2015                 JUNCTION     0.00     0.00   183.00     0  00:00        0.00
  2020                 JUNCTION     0.00     0.00   182.00     0  00:00        0.00
  2030                 JUNCTION     0.00     0.00   178.00     0  00:00        0.00
  2035                 JUNCTION     0.00     0.00   177.00     0  00:00        0.00
  2041                 JUNCTION     0.00     0.00   175.00     0  00:00        0.00
  2045                 JUNCTION     0.00     0.00   177.00     0  00:00        0.00
  2051                 JUNCTION     0.00     0.00   175.00     0  00:00        0.00
  2055                 JUNCTION     0.00     0.00   170.00     0  00:00        0.00
  2060                 JUNCTION     0.00     0.00   170.00     0  00:00        0.00
  454                  JUNCTION     0.00     0.00   145.00     0  00:00        0.00
  452                  JUNCTION   116.83   128.11   270.11     0  02:34      128.11
  453                  JUNCTION   126.06   127.17   273.17     0  01:04      127.17
  4502                 JUNCTION     0.00     0.00   140.00     0  00:00        0.00
  4503                 JUNCTION     0.00     0.00   139.00     0  00:00        0.00
  4504                 JUNCTION     0.00     0.00   145.00     0  00:00        0.00
  4505                 JUNCTION     0.00     0.00   127.70     0  00:00        0.00
  4507                 JUNCTION     0.00     0.00   144.00     0  00:00        0.00
  4508                 JUNCTION     0.00     0.00   143.00     0  00:00        0.00
  2131                 JUNCTION     7.19     8.15   154.15     0  07:26        8.12
  2137                 JUNCTION     0.00     0.00   139.00     0  00:00        0.00
  2138                 JUNCTION     0.00     0.00   137.00     0  00:00        0.00
  2139                 JUNCTION     0.00     0.00   139.00     0  00:00        0.00
  2142                 JUNCTION     0.00     0.00   118.50     0  00:00        0.00
  2143                 JUNCTION     0.00     0.00   118.32     0  00:00        0.00
  2144                 JUNCTION     0.00     0.00   118.12     0  00:00        0.00
  2145                 JUNCTION     0.00     0.00   118.71     0  00:00        0.00
  2146                 JUNCTION     0.00     0.00   119.05     0  00:00        0.00
  2147                 JUNCTION     0.00     0.00   119.08     0  00:00        0.00
  2149                 JUNCTION     0.00     0.00   118.93     0  00:00        0.00
  2150                 JUNCTION     0.00     0.00   118.84     0  00:00        0.00
  440                  JUNCTION     0.00     0.00   126.57     0  00:00        0.00
  441                  JUNCTION     0.00     0.00   120.29     0  00:00        0.00
  2152                 JUNCTION     0.00     0.00   118.84     0  00:00        0.00
  2154                 JUNCTION     0.00     0.00   118.67     0  00:00        0.00
  430                  JUNCTION     0.00     0.00   122.00     0  00:00        0.00
  431                  JUNCTION     0.00     0.00   119.80     0  00:00        0.00
  420                  JUNCTION     0.00     0.00   129.00     0  00:00        0.00
  4201                 JUNCTION     0.00     0.00   125.00     0  00:00        0.00
  2156                 JUNCTION     0.00     0.00   118.59     0  00:00        0.00
  400                  JUNCTION     0.00     0.00   122.20     0  00:00        0.00
  2158                 JUNCTION     0.00     0.00   121.40     0  00:00        0.00
  2167                 JUNCTION     0.00     0.00   116.55     0  00:00        0.00
  2168                 JUNCTION     0.00     0.00   115.00     0  00:00        0.00
  2169                 JUNCTION     0.00     0.00   114.00     0  00:00        0.00
  2172                 JUNCTION     0.00     0.00   117.50     0  00:00        0.00
  2175                 JUNCTION     0.00     0.00   115.00     0  00:00        0.00
  a2                   JUNCTION     0.00     0.00   170.40     0  00:00        0.00
  a7                   JUNCTION     0.00     0.00   170.80     0  00:00        0.00
  a9                   JUNCTION     0.00     0.00   172.00     0  00:00        0.00
  a11                  JUNCTION     0.00     0.00   170.50     0  00:00        0.00
  a13                  JUNCTION     0.00     0.00   169.30     0  00:00        0.00
  a15                  JUNCTION     0.00     0.00   162.78     0  00:00        0.00
  a17                  JUNCTION     0.00     0.00   162.78     0  00:00        0.00
  a18                  JUNCTION     0.00     0.00   103.76     0  00:00        0.00
  a101                 JUNCTION   165.19   166.08   338.78     0  00:32      166.08
  a102                 JUNCTION   163.56   166.29   336.69     0  00:43      166.29
  a103                 JUNCTION     0.00     0.00   174.20     0  00:00        0.00
  a104                 JUNCTION     0.00     0.00   171.80     0  00:00        0.00
  a106                 JUNCTION     0.00     0.00   168.60     0  00:00        0.00
  a108                 JUNCTION     0.00     0.00   171.50     0  00:00        0.00
  a110                 JUNCTION     0.00     0.00   170.00     0  00:00        0.00
  a111                 JUNCTION     0.00     0.00   169.50     0  00:00        0.00
  a112                 JUNCTION     0.00     0.00   169.00     0  00:00        0.00
  a113                 JUNCTION     0.00     0.00   168.70     0  00:00        0.00
  a114                 JUNCTION     0.00     0.00   168.40     0  00:00        0.00
  a115                 JUNCTION     0.00     0.00   168.20     0  00:00        0.00
  a19                  JUNCTION     0.00     0.00   172.00     0  00:00        0.00
  a20                  JUNCTION     0.00     0.00   172.00     0  00:00        0.00
  a21                  JUNCTION     0.00     0.00   166.00     0  00:00        0.00
  a22                  JUNCTION     0.00     0.00   164.00     0  00:00        0.00
  a23                  JUNCTION     0.00     0.00   145.00     0  00:00        0.00
  a24                  JUNCTION     0.00     0.00   144.00     0  00:00        0.00
  a36                  JUNCTION     0.00     0.00   113.20     0  00:00        0.00
  a40                  JUNCTION     0.00     0.00   113.20     0  00:00        0.00
  a41                  JUNCTION     0.00     0.00   113.20     0  00:00        0.00
  a42                  JUNCTION     0.00     0.00   113.40     0  00:00        0.00
  a43                  JUNCTION     0.00     0.00   114.00     0  00:00        0.00
  a44                  JUNCTION     0.00     0.00   112.60     0  00:00        0.00
  a45                  JUNCTION     0.00     0.00   113.20     0  00:00        0.00
  a46                  JUNCTION     0.00     0.00   114.40     0  00:00        0.00
  a47                  JUNCTION     0.00     0.00   120.60     0  00:00        0.00
  a226                 JUNCTION     0.00     0.00   129.00     0  00:00        0.00
  a48                  JUNCTION     0.00     0.00   118.00     0  00:00        0.00
  a50                  JUNCTION     0.00     0.00   116.50     0  00:00        0.00
  a325                 JUNCTION     0.00     0.00   113.55     0  00:00        0.00
  a51                  JUNCTION     0.00     0.00   115.60     0  00:00        0.00
  a52                  JUNCTION     0.00     0.00   115.60     0  00:00        0.00
  a53                  JUNCTION     0.00     0.00   116.00     0  00:00        0.00
  a54                  JUNCTION     0.00     0.00   115.40     0  00:00        0.00
  a55                  JUNCTION     0.00     0.00   114.90     0  00:00        0.00
  a56                  JUNCTION     0.00     0.00   115.30     0  00:00        0.00
  a57                  JUNCTION     0.00     0.00   115.60     0  00:00        0.00
  a58                  JUNCTION     0.00     0.00   115.60     0  00:00        0.00
  a59                  JUNCTION     0.00     0.00   116.10     0  00:00        0.00
  a224                 JUNCTION     0.06     0.09   122.09     0  05:54        0.09
  a124                 JUNCTION    99.71   119.31   240.78     0  05:47      119.31
  a60                  JUNCTION     0.00     0.00   116.00     0  00:00        0.00
  a61                  JUNCTION     0.00     0.00   115.40     0  00:00        0.00
  a62                  JUNCTION     0.00     0.00   115.80     0  00:00        0.00
  a63                  JUNCTION     0.00     0.00   115.60     0  00:00        0.00
  a64                  JUNCTION     0.00     0.00   115.30     0  00:00        0.00
  a65                  JUNCTION     0.00     0.00   115.30     0  00:00        0.00
  a66                  JUNCTION     0.00     0.00   120.50     0  00:00        0.00
  a67                  JUNCTION     0.00     0.00   120.65     0  00:00        0.00
  a68                  JUNCTION     0.00     0.00   120.72     0  00:00        0.00
  a69                  JUNCTION     0.00     0.00   120.92     0  00:00        0.00
  a70                  JUNCTION     0.00     0.00   121.00     0  00:00        0.00
  a323                 JUNCTION   109.28   110.09   227.09     0  04:14      110.09
  a71                  JUNCTION     0.00     0.00   121.20     0  00:00        0.00
  a72                  JUNCTION     0.00     0.00   111.80     0  00:00        0.00
  a73                  JUNCTION     0.00     0.00   111.10     0  00:00        0.00
  a74                  JUNCTION     0.00     0.00   113.50     0  00:00        0.00
  a75                  JUNCTION     0.00     0.00   112.50     0  00:00        0.00
  a76                  JUNCTION     0.00     0.00   115.00     0  00:00        0.00
  a77                  JUNCTION     0.00     0.00   135.00     0  00:00        0.00
  a80                  JUNCTION     0.00     0.00   127.40     0  00:00        0.00
  a81                  JUNCTION     0.00     0.00   122.40     0  00:00        0.00
  a82                  JUNCTION     0.00     0.00   121.40     0  00:00        0.00
  a83                  JUNCTION     0.00     0.00   120.00     0  00:00        0.00
  a84                  JUNCTION     0.00     0.00   119.20     0  00:00        0.00
  a85                  JUNCTION     0.00     0.00   120.64     0  00:00        0.00
  a86                  JUNCTION     0.00     0.00   121.31     0  00:00        0.00
  a87                  JUNCTION     0.00     0.00   120.10     0  00:00        0.00
  a222                 JUNCTION     0.34     0.35   116.85     0  01:55        0.35
  a122                 JUNCTION   106.34   107.27   223.87     0  01:46      107.27
  a322                 JUNCTION     0.00     0.00   115.71     0  00:00        0.00
  a88                  JUNCTION     0.00     0.00   117.90     0  00:00        0.00
  a221                 JUNCTION     0.08     0.10   117.10     0  07:28        0.10
  a121                 JUNCTION    93.09   107.04   224.07     0  06:07      107.04
  a90                  JUNCTION     0.00     0.00   121.37     0  00:00        0.00
  a220                 JUNCTION     0.00     0.00   126.00     0  00:00        0.00
  a120                 JUNCTION   113.40   118.58   237.57     0  02:02      118.58
  a91                  JUNCTION     0.00     0.00   120.71     0  00:00        0.00
  a92                  JUNCTION     0.00     0.00   119.17     0  00:00        0.00
  a93                  JUNCTION     0.00     0.00   120.30     0  00:00        0.00
  a94                  JUNCTION     0.00     0.00   121.80     0  00:00        0.00
  a95                  JUNCTION     0.00     0.00   119.41     0  00:00        0.00
  a96                  JUNCTION     0.00     0.00   121.28     0  00:00        0.00
  a97                  JUNCTION     0.00     0.00   118.06     0  00:00        0.00
  a36001               JUNCTION     0.00     0.00   140.00     0  00:00        0.00
  a36002               JUNCTION     0.00     0.00   145.00     0  00:00        0.00
  a36040               JUNCTION     0.15     0.18   152.18     0  02:36        0.18
  a364                 JUNCTION   139.15   149.03   307.03     0  02:30      149.03
  a36020               JUNCTION     0.00     0.00   156.00     0  00:00        0.00
  a36021               JUNCTION     0.00     0.00   175.00     0  00:00        0.00
  a36022               JUNCTION     0.00     0.00   194.40     0  00:00        0.00
  a36023               JUNCTION     0.00     0.00   200.00     0  00:00        0.00
  a36098               JUNCTION     0.00     0.00   145.00     0  00:00        0.00
  a36099               JUNCTION     0.00     0.00   140.00     0  00:00        0.00
  a36000               JUNCTION     0.00     0.00   140.00     0  00:00        0.00
  a36011               JUNCTION     0.00     0.00   183.00     0  00:00        0.00
  a361                 JUNCTION   139.18   149.20   309.20     0  03:55      149.20
  a36030               JUNCTION     0.00     0.00   150.00     0  00:00        0.00
  a36031               JUNCTION     0.00     0.00   163.00     0  00:00        0.00
  a10036               JUNCTION     0.00     0.00   147.20     0  00:00        0.00
  a10043               JUNCTION   126.36   127.10   259.10     0  00:45      127.10
  a301                 JUNCTION   126.08   126.26   265.26     0  01:06      126.26
  a37001               JUNCTION     0.45     0.49   144.49     0  01:10        0.49
  a37000               JUNCTION     0.00     0.00   138.00     0  00:00        0.00
  a37004               JUNCTION   150.63   155.04   324.04     0  01:04      155.04
  a370                 JUNCTION   158.68   159.81   333.81     0  00:41      159.81
  a22222               JUNCTION     0.00     0.00   147.00     0  00:00        0.00
  a20003               JUNCTION     0.00     0.00   178.50     0  00:00        0.00
  a205                 JUNCTION   126.31   126.90   299.40     0  00:12      126.79
  a20007               JUNCTION   126.18   127.28   288.08     0  00:37      127.28
  a208                 JUNCTION   130.36   130.85   283.85     0  00:48      130.84
  a20009               JUNCTION   130.74   131.83   283.83     0  00:48      131.83
  a40001               JUNCTION   110.04   129.55   299.55     0  09:59      129.55
  a40007               JUNCTION   141.99   160.92   347.72     0  09:59      160.92
  a401                 JUNCTION   165.26   166.81   353.31     0  09:59      166.81
  a206                 JUNCTION   133.84   134.39   283.39     0  00:46      134.34
  a20017               JUNCTION   133.69   135.33   283.33     0  00:45      135.33
  a56000               JUNCTION     0.00     0.00   160.50     0  00:00        0.00
  a56002               JUNCTION     0.00     0.00   190.00     0  00:00        0.00
  a20028               JUNCTION   144.07   145.60   308.60     0  01:14      145.60
  a203                 JUNCTION   167.26   167.98   347.98     0  00:27      167.98
  a204                 JUNCTION   172.09   172.85   357.85     0  01:04      172.85
  a201                 JUNCTION   177.49   178.22   376.42     0  00:43      178.22
  a38004               JUNCTION     0.00     0.00   150.00     0  00:00        0.00
  a38003               JUNCTION     0.00     0.00   150.00     0  00:00        0.00
  a38001               JUNCTION     0.00     0.00   145.00     0  00:00        0.00
  a38007               JUNCTION     0.00     0.00   137.00     0  00:00        0.00
  a38000               JUNCTION     0.00     0.00   140.50     0  00:00        0.00
  a38008               JUNCTION     0.00     0.00   170.50     0  00:00        0.00
  a38009               JUNCTION     0.00     0.00   176.00     0  00:00        0.00
  a10027               JUNCTION     0.00     0.00   130.40     0  00:00        0.00
  a35001               JUNCTION     0.35     0.35   142.35     0  00:44        0.35
  a35000               JUNCTION     0.00     0.00   135.00     0  00:00        0.00
  a350                 JUNCTION   133.90   134.82   284.82     0  00:32      134.82
  a10024               JUNCTION     0.00     0.00   126.00     0  00:00        0.00
  a34000               JUNCTION     0.00     0.00   127.00     0  00:00        0.00
  a34002               JUNCTION    45.60   154.65   320.65     1  00:00      154.65
  a343                 JUNCTION   112.05   155.77   322.77     0  21:52      155.77
  a10023               JUNCTION     0.00     0.00   126.00     0  00:00        0.00
  a33001               JUNCTION     0.17     0.20   132.95     0  02:52        0.20
  a33000               JUNCTION     0.00     0.00   134.00     0  00:00        0.00
  a332                 JUNCTION   150.58   162.40   337.40     0  02:42      162.40
  a10022               JUNCTION     0.00     0.00   126.80     0  00:00        0.00
  a32000               JUNCTION     0.00     0.00   132.00     0  00:00        0.00
  a32003               JUNCTION     0.00     0.00   133.60     0  00:00        0.00
  a32005               JUNCTION     0.00     0.00   135.30     0  00:00        0.00
  a32006               JUNCTION     0.00     0.00   135.50     0  00:00        0.00
  a32007               JUNCTION     0.00     0.00   140.00     0  00:00        0.00
  a32008               JUNCTION     0.00     0.00   159.60     0  00:00        0.00
  a32010               JUNCTION     0.00     0.00   135.50     0  00:00        0.00
  a32011               JUNCTION     0.00     0.00   132.00     0  00:00        0.00
  a392                 JUNCTION     0.00     0.00   138.40     0  00:00        0.00
  a32013               JUNCTION     0.00     0.00   152.50     0  00:00        0.00
  a32014               JUNCTION     0.00     0.00   153.00     0  00:00        0.00
  a32017               JUNCTION     0.00     0.00   153.00     0  00:00        0.00
  a32018               JUNCTION     0.00     0.00   160.50     0  00:00        0.00
  a32019               JUNCTION     0.00     0.00   182.50     0  00:00        0.00
  a32021               JUNCTION     0.00     0.00   197.80     0  00:00        0.00
  a39005               JUNCTION     0.00     0.00   199.00     0  00:00        0.00
  a39006               JUNCTION     0.00     0.00   180.00     0  00:00        0.00
  a39007               JUNCTION     0.00     0.00   176.00     0  00:00        0.00
  a39000               JUNCTION     0.00     0.00   146.30     0  00:00        0.00
  a398                 JUNCTION   172.79   233.83   479.83     0  07:12      233.83
  a39003               JUNCTION   194.34   239.79   492.79     0  04:58      239.79
  a399                 JUNCTION   231.95   250.98   513.98     0  03:11      250.98
  a10020               JUNCTION     0.00     0.00   123.50     0  00:00        0.00
  a31001               JUNCTION     0.03     0.10   123.80     0  18:01        0.10
  a31002               JUNCTION     0.00     0.00   131.70     0  00:00        0.00
  a29002               JUNCTION    51.42   112.68   252.68     1  00:00      112.68
  a29001               JUNCTION    45.79   103.69   252.69     0  17:57      103.69
  a293                 JUNCTION   134.47   170.55   353.55     0  08:04      170.55
  a10018               JUNCTION     0.00     0.00   128.00     0  00:00        0.00
  a10014               JUNCTION     0.00     0.00   117.80     0  00:00        0.00
  a12001               JUNCTION     0.00     0.00   119.20     0  00:00        0.00
  a12005               JUNCTION     0.00     0.00   181.00     0  00:00        0.00
  a12007               JUNCTION     0.00     0.00   129.00     0  00:00        0.00
  a30000               JUNCTION     0.00     0.00   125.30     0  00:00        0.00
  a10013               JUNCTION     0.00     0.00   116.40     0  00:00        0.00
  a13000               JUNCTION     0.00     0.00   116.40     0  00:00        0.00
  a13001               JUNCTION     0.00     0.00   116.70     0  00:00        0.00
  a10012               JUNCTION     0.00     0.00   116.70     0  00:00        0.00
  a15000               JUNCTION     0.00     0.00   121.00     0  00:00        0.00
  a15001               JUNCTION     0.00     0.00   117.00     0  00:00        0.00
  a15002               JUNCTION     0.00     0.00   123.00     0  00:00        0.00
  a10003               JUNCTION     0.00     0.00   115.10     0  00:00        0.00
  a16000               JUNCTION     0.00     0.00   130.00     0  00:00        0.00
  a16001               JUNCTION     0.00     0.00   115.00     0  00:00        0.00
  a16002               JUNCTION     0.00     0.00   117.00     0  00:00        0.00
  a16003               JUNCTION     0.00     0.00   121.50     0  00:00        0.00
  a16004               JUNCTION     0.00     0.00   124.50     0  00:00        0.00
  a16005               JUNCTION     0.00     0.00   125.50     0  00:00        0.00
  9890                 JUNCTION     0.00     0.00   178.20     0  00:00        0.00
  9880                 JUNCTION     0.00     0.00   176.20     0  00:00        0.00
  9870                 JUNCTION     0.00     0.00   174.20     0  00:00        0.00
  9860                 JUNCTION   156.50   157.02   329.22     0  06:14      157.02
  9861                 JUNCTION   163.30   165.72   344.12     0  00:36      165.69
  9862                 JUNCTION   178.51   179.46   371.26     0  00:19      179.42
  9863                 JUNCTION   135.37   190.77   396.97     0  08:36      190.77
  9864                 JUNCTION   144.98   192.23   401.43     0  08:35      192.23
  9865                 JUNCTION   156.87   194.61   403.61     0  08:35      194.61
  9866                 JUNCTION   168.20   197.30   409.00     0  03:20      197.30
  9867                 JUNCTION   193.83   201.41   419.21     0  02:21      201.41
  9850                 JUNCTION   153.16   155.02   325.92     0  08:36      155.02
  9840                 JUNCTION   150.19   152.90   322.50     0  08:36      152.90
  9830                 JUNCTION   146.57   151.10   316.10     0  08:32      151.10
  9820                 JUNCTION   138.70   149.27   309.67     0  08:36      149.27
  9810                 JUNCTION   131.32   147.86   305.56     0  08:37      147.86
  9800                 JUNCTION   128.42   146.48   301.38     0  08:36      146.48
  9705                 JUNCTION     0.00     0.00   179.00     0  00:00        0.00
  9715                 JUNCTION   165.56   166.81   353.81     0  02:55      166.81
  9720                 JUNCTION   149.10   167.01   355.21     0  01:58      167.01
  9725                 JUNCTION   165.62   167.49   357.79     0  01:30      167.49
  9735                 JUNCTION   126.66   168.36   365.96     0  08:47      168.36
  9740                 JUNCTION   143.37   169.26   366.76     0  08:47      169.26
  9745                 JUNCTION   167.81   169.95   367.35     0  02:10      169.95
  9750                 JUNCTION   147.52   170.46   366.46     0  02:41      170.46
  9755                 JUNCTION   138.76   170.91   365.51     0  03:40      170.91
  9760                 JUNCTION   130.74   171.37   363.97     0  06:58      171.37
  9770                 JUNCTION   171.41   174.08   362.88     0  01:35      174.08
  9550                 JUNCTION     0.00     0.00   185.70     0  00:00        0.00
  5501                 JUNCTION     0.00     0.00   183.00     0  00:00        0.00
  9525                 JUNCTION     0.00     0.00   181.50     0  00:00        0.00
  9500                 JUNCTION     0.00     0.00   180.00     0  00:00        0.00
  9475                 JUNCTION     0.00     0.00   165.00     0  00:00        0.00
  9450                 JUNCTION     0.00     0.00   151.00     0  00:00        0.00
  5401                 JUNCTION     0.00     0.00   162.40     0  00:00        0.00
  5402                 JUNCTION     0.00     0.00   162.40     0  00:00        0.00
  c5420                JUNCTION   175.42   176.84   362.84     0  01:23      176.84
  9425                 JUNCTION     0.00     0.00   148.50     0  00:00        0.00
  9400                 JUNCTION     0.00     0.00   146.20     0  00:00        0.00
  9250                 JUNCTION     0.00     0.00   153.60     0  00:00        0.00
  5252                 JUNCTION     0.00     0.00   166.00     0  00:00        0.00
  9200                 JUNCTION     0.00     0.00   137.10     0  00:00        0.00
  9000                 JUNCTION     0.00     0.00   135.20     0  00:00        0.00
  5001                 JUNCTION     0.00     0.00   134.80     0  00:00        0.00
  5002                 JUNCTION     0.00     0.00   134.80     0  00:00        0.00
  4905                 JUNCTION   111.19   112.47   239.07     0  01:43      112.47
  4912                 JUNCTION   104.44   116.43   250.43     0  04:44      116.43
  4917                 JUNCTION     7.97    10.44   147.04     0  03:46       10.34
  4916                 JUNCTION   100.60   122.86   259.76     0  09:28      122.86
  4301                 JUNCTION     0.00     0.00   136.60     0  00:00        0.00
  4300                 JUNCTION     0.00     0.00   133.60     0  00:00        0.00
  c4200                JUNCTION     0.00     0.00   124.40     0  00:00        0.00
  4920                 JUNCTION   102.97   122.85   262.05     0  09:26      122.85
  c4930                JUNCTION   114.66   126.19   262.19     0  09:27      126.19
  4940                 JUNCTION   124.52   126.60   267.00     0  05:09      126.60
  4950                 JUNCTION   130.42   131.35   278.15     0  00:24      131.26
  4960                 JUNCTION   112.11   140.37   301.37     0  05:04      140.37
  4970                 JUNCTION   120.26   145.71   308.81     0  05:03      145.71
  4975                 JUNCTION   125.27   146.48   311.68     0  05:03      146.48
  4980                 JUNCTION   133.29   146.82   324.32     0  02:30      146.82
  c4990                JUNCTION   149.13   150.70   330.70     0  01:32      150.70
  9100                 JUNCTION     0.00     0.00   138.50     0  00:00        0.00
  9110                 JUNCTION     0.00     0.00   138.00     0  00:00        0.00
  9120                 JUNCTION     0.00     0.00   137.60     0  00:00        0.00
  9130                 JUNCTION     0.00     0.00   139.40     0  00:00        0.00
  9140                 JUNCTION     0.00     0.00   147.80     0  00:00        0.00
  5102                 JUNCTION     9.04    10.10   158.30     0  02:10       10.09
  c5150                JUNCTION   151.66   153.08   319.48     0  01:04      153.08
  9300                 JUNCTION     0.00     0.00   136.60     0  00:00        0.00
  9305                 JUNCTION     0.00     0.00   138.20     0  00:00        0.00
  9310                 JUNCTION     0.00     0.00   147.40     0  00:00        0.00
  5302                 JUNCTION     0.00     0.00   153.20     0  00:00        0.00
  5303                 JUNCTION     0.00     0.00   150.00     0  00:00        0.00
  5313                 JUNCTION     0.00     0.00   150.00     0  00:00        0.00
  5351                 JUNCTION     0.00     0.00   150.00     0  00:00        0.00
  5352                 JUNCTION     0.00     0.00   155.60     0  00:00        0.00
  d2                   JUNCTION    61.33   110.55   250.55     0  22:51      110.55
  d3                   JUNCTION    60.27   105.21   239.21     0  21:17      105.21
  d41                  JUNCTION     0.00     0.00   136.00     0  00:00        0.00
  d61                  JUNCTION     1.36    10.59   136.63     0  23:59       10.59
  d100                 JUNCTION     0.00     0.00   135.00     0  00:00        0.00
  d101                 JUNCTION     0.00     0.00   134.00     0  00:00        0.00
  d102                 JUNCTION     0.00     0.00   134.00     0  00:00        0.00
  d103                 JUNCTION     0.00     0.00   134.00     0  00:00        0.00
  d104                 JUNCTION     3.21    30.96   164.96     1  00:00       30.96
  d105                 JUNCTION     0.00     0.00   133.00     0  00:00        0.00
  d106                 JUNCTION     0.00     0.00   133.00     0  00:00        0.00
  d107                 JUNCTION     0.00     0.00   133.00     0  00:00        0.00
  d108                 JUNCTION     0.00     0.00   133.00     0  00:00        0.00
  d109                 JUNCTION     0.00     0.00   132.00     0  00:00        0.00
  d110                 JUNCTION     0.00     0.00   132.00     0  00:00        0.00
  d111                 JUNCTION     0.00     0.00   132.00     0  00:00        0.00
  d113                 JUNCTION     0.00     0.00   129.00     0  00:00        0.00
  d63                  JUNCTION    16.12    20.08   145.53     0  02:47       19.98
  d43                  JUNCTION     0.00     0.00   125.00     0  00:00        0.00
  d1                   JUNCTION   129.72   135.17   300.17     0  02:26      135.17
  d500                 JUNCTION   114.26   134.29   298.29     0  03:18      134.29
  d501                 JUNCTION   107.40   133.73   296.73     0  04:55      133.73
  d502                 JUNCTION    99.74   132.14   294.14     0  05:21      132.14
  d503                 JUNCTION    92.42   130.64   290.64     0  08:14      130.64
  d152                 JUNCTION     0.00     0.00   152.00     0  00:00        0.00
  d153                 JUNCTION     0.00     0.00   147.00     0  00:00        0.00
  d154                 JUNCTION     0.00     0.00   140.00     0  00:00        0.00
  d155                 JUNCTION     0.00     0.00   139.00     0  00:00        0.00
  d156                 JUNCTION     0.00     0.00   139.00     0  00:00        0.00
  d157                 JUNCTION     0.00     0.00   139.00     0  00:00        0.00
  d158                 JUNCTION     0.00     0.00   138.00     0  00:00        0.00
  d159                 JUNCTION     0.00     0.00   138.00     0  00:00        0.00
  d160                 JUNCTION     0.00     0.00   138.00     0  00:00        0.00
  d161                 JUNCTION     0.00     0.00   138.00     0  00:00        0.00
  d162                 JUNCTION     0.00     0.00   138.00     0  00:00        0.00
  d163                 JUNCTION     0.00     0.00   137.00     0  00:39        0.00
  d164                 JUNCTION   105.82   107.56   244.56     0  01:00      107.56
  d4                   JUNCTION   108.06   108.59   245.59     0  00:39      108.58
  d165                 JUNCTION   101.63   107.07   243.07     0  01:22      107.07
  d166                 JUNCTION    93.75   106.81   242.81     0  01:34      106.81
  d167                 JUNCTION    91.76   106.33   242.33     0  01:53      106.33
  d168                 JUNCTION    90.30   106.20   241.20     0  03:40      106.20
  d115                 JUNCTION     0.00     0.00   129.00     0  00:00        0.00
  d116                 JUNCTION     0.00     0.00   128.00     0  00:00        0.00
  d117                 JUNCTION     0.00     0.00   128.00     0  00:00        0.00
  d64                  JUNCTION     0.00     0.00   127.63     0  00:00        0.00
  d44                  JUNCTION     0.00     0.00   137.00     0  00:00        0.00
  d510                 JUNCTION     0.00     0.00   155.00     0  00:00        0.00
  d511                 JUNCTION     0.00     0.00   151.00     0  00:00        0.00
  d513                 JUNCTION     0.00     0.00   150.00     0  00:00        0.00
  d514                 JUNCTION     0.00     0.00   146.00     0  00:00        0.00
  d515                 JUNCTION     0.00     0.00   143.00     0  00:00        0.00
  d516                 JUNCTION     0.00     0.00   138.00     0  00:00        0.00
  d118                 JUNCTION     0.00     0.00   128.00     0  00:00        0.00
  d119                 JUNCTION     0.00     0.00   128.00     0  00:00        0.00
  d120                 JUNCTION     0.00     0.00   128.00     0  00:00        0.00
  d121                 JUNCTION     0.00     0.00   127.00     0  00:00        0.00
  d122                 JUNCTION     0.00     0.00   127.00     0  00:00        0.00
  d45                  JUNCTION     0.00     0.00   127.00     0  00:00        0.00
  d124                 JUNCTION     0.00     0.00   126.00     0  00:00        0.00
  d125                 JUNCTION     0.00     0.00   126.00     0  00:00        0.00
  d126                 JUNCTION     5.18    39.31   164.31     1  00:00       39.31
  d127                 JUNCTION     0.00     0.00   125.00     0  00:00        0.00
  d128                 JUNCTION     0.00     0.00   125.00     0  00:00        0.00
  d129                 JUNCTION     0.00     0.00   125.00     0  00:00        0.00
  d130                 JUNCTION     0.00     0.00   125.00     0  00:00        0.00
  d131                 JUNCTION     0.00     0.00   124.00     0  00:00        0.00
  d132                 JUNCTION     0.00     0.00   124.00     0  00:00        0.00
  d133                 JUNCTION     0.00     0.00   123.00     0  00:00        0.00
  d134                 JUNCTION     0.00     0.00   123.00     0  00:00        0.00
  d135                 JUNCTION     0.00     0.00   123.00     0  00:00        0.00
  d136                 JUNCTION     0.00     0.00   123.00     0  00:00        0.00
  d138                 JUNCTION     0.00     0.00   140.00     0  00:00        0.00
  d139                 JUNCTION     0.00     0.00   140.00     0  00:00        0.00
  d67                  JUNCTION    14.94    19.68   157.06     0  07:49       19.68
  d8                   JUNCTION    58.24    96.90   221.90     0  20:59       96.90
  d9                   JUNCTION   106.22   117.88   264.88     0  07:26      117.88
  d47                  JUNCTION     0.00     0.00   127.00     0  00:00        0.00
  d4604                JUNCTION     0.00     0.00   125.40     0  00:00        0.00
  d4605                JUNCTION     0.00     0.00   126.20     0  00:00        0.00
  d4661                JUNCTION     0.00     0.00   126.70     0  00:00        0.00
  d7561                JUNCTION     0.00     0.00   132.00     0  00:00        0.00
  d7461                JUNCTION     0.00     0.00   161.00     0  00:00        0.00
  d7905                JUNCTION     0.00     0.00   163.10     0  00:00        0.00
  d7105                JUNCTION     0.00     0.00   164.70     0  00:00        0.00
  d7205                JUNCTION     0.00     0.00   167.00     0  00:00        0.00
  c555                 JUNCTION   155.49   172.14   357.84     0  03:30      172.14
  d6                   JUNCTION   107.78   108.15   245.15     0  04:33      108.15
  d7261                JUNCTION     0.00     0.00   163.50     0  00:00        0.00
  d7104                JUNCTION     0.00     0.00   136.90     0  00:00        0.00
  5502                 JUNCTION     7.06    10.00   193.00     1  00:00       10.00
  045                  JUNCTION     0.00     0.00   122.00     0  00:00        0.00
  442                  JUNCTION     0.00     0.00   115.00     0  00:00        0.00
  443                  JUNCTION     0.00     0.00   118.00     0  00:00        0.00
  413                  JUNCTION     0.00     0.00   122.00     0  00:00        0.00
  a345                 JUNCTION     0.00     0.00   118.00     0  00:00        0.00
  a318                 JUNCTION     0.00     0.00   117.24     0  00:00        0.00
  a319                 JUNCTION     0.00     0.00   119.98     0  00:00        0.00
  a422                 JUNCTION     0.00     0.00   115.33     0  00:00        0.00
  a523                 JUNCTION     0.00     0.00   118.76     0  00:00        0.00
  a425                 JUNCTION     0.00     0.00   111.97     0  00:00        0.00
  a10030               JUNCTION     0.00     0.00   155.00     0  00:00        0.00
  d7505                JUNCTION     0.00     0.00   161.30     0  00:00        0.00
  d7204                JUNCTION     0.00     0.00   161.00     0  00:00        0.00
  d26050               JUNCTION     0.00     0.00   128.30     0  00:00        0.00
  x9510                JUNCTION     0.00     0.00   181.83     0  00:00        0.00
  x29                  JUNCTION     0.00     0.00   150.00     0  00:00        0.00
  a219s                JUNCTION     0.00     0.00   121.85     0  00:00        0.00
  a219w                JUNCTION     0.00     0.00   121.00     0  00:00        0.00
  a220s                JUNCTION     0.00     0.00   126.00     0  00:00        0.00
  a221s                JUNCTION     0.00     0.00   117.00     0  00:00        0.00
  a222s                JUNCTION     0.00     0.00   116.50     0  00:00        0.00
  a223s                JUNCTION     0.00     0.00   120.50     0  00:00        0.00
  a223w                JUNCTION     0.00     0.00   120.50     0  00:00        0.00
  a224s                JUNCTION     0.00     0.00   122.00     0  00:00        0.00
  a475                 JUNCTION     0.00     0.00   119.30     0  00:00        0.00
  a226s                JUNCTION     0.00     0.00   123.62     0  00:00        0.00
  a225s                JUNCTION     0.00     0.00   116.01     0  00:00        0.00
  d24w                 JUNCTION     0.00     0.00   136.00     0  00:00        0.00
  x16w                 JUNCTION     0.00     0.00   154.00     0  00:00        0.00
  x18s                 JUNCTION     0.00     0.00   153.00     0  00:00        0.00
  x19w                 JUNCTION     0.00     0.00   156.00     0  00:00        0.00
  a49                  JUNCTION     0.00     0.00   117.20     0  00:00        0.00
  a12000               JUNCTION     0.00     0.00   122.50     0  00:00        0.00
  a129                 JUNCTION     0.00     0.00   124.50     0  00:00        0.00
  a12001s              JUNCTION     0.00     0.00   119.20     0  00:00        0.00
  a13001s              JUNCTION     0.00     0.00   116.70     0  00:00        0.00
  x25w                 JUNCTION     0.00     0.00   169.00     0  00:00        0.00
  x27w                 JUNCTION     0.00     0.00   158.00     0  00:00        0.00
  a15001s              JUNCTION     0.00     0.00   117.00     0  00:00        0.00
  a16001s              JUNCTION     0.00     0.00   115.00     0  00:00        0.00
  a30001               JUNCTION     0.00     0.00   128.00     0  00:00        0.00
  a31001s              JUNCTION     0.00     0.00   123.70     0  00:00        0.00
  a1699n               JUNCTION     0.00     0.00   114.90     0  00:00        0.00
  a225w                JUNCTION     0.00     0.00   116.01     0  00:00        0.00
  a32001s              JUNCTION     0.00     0.00   132.47     0  00:00        0.00
  a32001n              JUNCTION     0.00     0.00   125.18     0  00:00        0.00
  a33001s              JUNCTION     0.00     0.00   132.75     0  00:00        0.00
  a34001s              JUNCTION     0.00     0.00   142.00     0  00:00        0.00
  a34001w              JUNCTION     0.00     0.00   142.00     0  00:00        0.00
  a35001s              JUNCTION     0.00     0.00   142.00     0  00:00        0.00
  a36010s              JUNCTION     0.00     0.00   150.00     0  00:00        0.00
  a36010n              JUNCTION     0.00     0.00   150.00     0  00:00        0.00
  a36020s              JUNCTION     0.00     0.00   156.00     0  00:00        0.00
  a36030s              JUNCTION     0.00     0.00   150.00     0  00:00        0.00
  a36040s              JUNCTION     0.00     0.00   152.00     0  00:00        0.00
  a37001s              JUNCTION     0.00     0.00   144.00     0  00:00        0.00
  a39001s              JUNCTION     0.00     0.00   197.63     0  00:00        0.00
  a56001s              JUNCTION     0.00     0.00   156.00     0  00:00        0.00
  a38035               JUNCTION     0.00     0.00   152.00     0  00:00        0.00
  2151s                JUNCTION     0.00     0.00   119.80     0  00:00        0.00
  2148s                JUNCTION     0.00     0.00   120.00     0  00:00        0.00
  2157s                JUNCTION     0.00     0.00   119.00     0  00:00        0.00
  2137s                JUNCTION     0.00     0.00   140.00     0  00:00        0.00
  2139s                JUNCTION     0.00     0.00   127.70     0  00:00        0.00
  2153s                JUNCTION     0.00     0.00   119.80     0  00:00        0.00
  2121s                JUNCTION     0.00     0.00   131.00     0  00:00        0.00
  x9057                JUNCTION     0.00     0.00   135.16     0  00:00        0.00
  046                  JUNCTION     0.00     0.00   115.00     0  00:00        0.00
  4602                 JUNCTION     0.00     0.00   120.00     0  00:00        0.00
  4501                 JUNCTION     0.00     0.00   129.00     0  00:00        0.00
  444                  JUNCTION     0.00     0.00   119.80     0  00:00        0.00
  446                  JUNCTION     0.00     0.00   118.00     0  00:00        0.00
  5314                 JUNCTION     0.00     0.00   122.00     0  00:00        0.00
  5309                 JUNCTION     0.00     0.00   136.60     0  00:00        0.00
  5311                 JUNCTION     0.00     0.00   123.90     0  00:00        0.00
  4101                 JUNCTION     0.00     0.00   123.00     0  00:00        0.00
  5307                 JUNCTION     0.00     0.00   148.60     0  00:00        0.00
  5308                 JUNCTION     0.00     0.00   148.60     0  00:00        0.00
  5101                 JUNCTION     0.00     0.00   148.60     0  00:00        0.00
  5435                 JUNCTION     0.00     0.00   200.00     0  00:00        0.00
  9599                 JUNCTION     0.00     0.00   178.00     0  00:00        0.00
  5422                 JUNCTION     0.00     0.00   181.00     0  00:00        0.00
  5424                 JUNCTION     0.00     0.00   183.00     0  00:00        0.00
  5430                 JUNCTION     0.00     0.00   178.00     0  00:00        0.00
  5316                 JUNCTION     0.00     0.00   121.00     0  00:00        0.00
  4506                 JUNCTION     0.00     0.00   140.00     0  00:00        0.00
  4512                 JUNCTION     0.00     0.00   130.00     0  00:00        0.00
  4510                 JUNCTION     0.00     0.00   125.00     0  00:00        0.00
  4509                 JUNCTION     0.00     0.00   127.00     0  00:00        0.00
  4513                 JUNCTION     0.00     0.00   140.00     0  00:00        0.00
  2109                 JUNCTION     0.00     0.00   200.00     0  00:00        0.00
  065                  JUNCTION     0.00     0.00   125.00     0  00:00        0.00
  2028                 JUNCTION     0.00     0.00   181.00     0  00:00        0.00
  d2059                JUNCTION     0.00     0.00   159.00     0  00:00        0.00
  d40                  JUNCTION     0.00     0.00   137.00     0  00:00        0.00
  a2071                JUNCTION   124.92   134.69   283.69     0  01:03      134.34
  a212                 JUNCTION     0.00     0.00   148.00     0  00:00        0.00
  a209                 JUNCTION     0.00     0.00   146.00     0  00:00        0.00
  a210                 JUNCTION     0.00     0.00   145.00     0  00:00        0.00
  d27w                 JUNCTION     0.00     0.00   127.00     0  00:00        0.00
  HW_Link_1            JUNCTION     0.00     0.00     0.00     0  00:00        0.00
  TW_Link_1            JUNCTION     0.00     0.00     0.00     0  00:00        0.00
  21076                JUNCTION     0.00     0.00     0.00     0  00:00        0.00
  Node_1125            JUNCTION     0.00     0.00   162.70     0  00:00        0.00
  Node_2115375         JUNCTION     0.00     0.00   161.88     0  00:00        0.00
  Node_45004           JUNCTION     0.00     0.00   111.13     0  00:00        0.00
  Node_20152101        JUNCTION     0.00     0.00   109.70     0  00:00        0.00
  Node_36013           JUNCTION     0.00     0.00   107.56     0  00:00        0.00
  Node_1144477         JUNCTION     0.00     0.00   107.39     0  00:00        0.00
  Node_1027            JUNCTION     0.00     0.00   118.40     0  00:00        0.00
  Node_1344612         JUNCTION     0.00     0.00   115.80     0  00:00        0.00
  Node_75050           JUNCTION     0.00     0.00   131.30     0  00:00        0.00
  Node_1452910         JUNCTION     0.00     0.00   131.20     0  00:00        0.00
  Node_26051           JUNCTION     0.00     0.00   108.28     0  00:00        0.00
  Node_1468896         JUNCTION     0.00     0.00   106.20     0  00:00        0.00
  Node_72040           JUNCTION     0.00     0.00   130.95     0  00:00        0.00
  Node_1458920         JUNCTION     0.00     0.00   106.90     0  00:00        0.00
  Node_26041           JUNCTION     0.00     0.00   106.20     0  00:00        0.00
  Node_1473895         JUNCTION     0.00     0.00   105.41     0  00:00        0.00
  Node_87              JUNCTION     0.00     0.00   117.37     0  00:00        0.00
  Node_2136894         JUNCTION     0.00     0.00   108.10     0  00:00        0.00
  Node_11010           JUNCTION     0.00     0.00   145.98     0  00:00        0.00
  Node_1495288         JUNCTION     0.00     0.00   145.83     0  00:00        0.00
  Node_90302           JUNCTION     0.00     0.00   147.00     0  00:00        0.00
  Node_1583292         JUNCTION     0.00     0.00   144.30     0  00:00        0.00
  Node_26024           JUNCTION     0.00     0.00   144.00     0  00:00        0.00
  Node_1586222         JUNCTION     0.00     0.00   143.06     0  00:00        0.00
  Node_90502           JUNCTION     0.00     0.00   148.00     0  00:00        0.00
  Node_1590218         JUNCTION     0.00     0.00   144.15     0  00:00        0.00
  Node_90503           JUNCTION     0.00     0.00   148.97     0  00:00        0.00
  Node_1590294         JUNCTION     0.00     0.00   138.38     0  00:00        0.00
  Node_90603           JUNCTION     0.00     0.00   144.00     0  00:00        0.00
  Node_1594226         JUNCTION     0.00     0.00   141.44     0  00:00        0.00
  Node_90802           JUNCTION     0.00     0.00   138.40     0  00:00        0.00
  Node_1601301         JUNCTION     0.00     0.00   131.49     0  00:00        0.00
  Node_90902           JUNCTION     0.00     0.00   137.00     0  00:00        0.00
  Node_1604241         JUNCTION     0.00     0.00   135.67     0  00:00        0.00
  Node_91002           JUNCTION     0.00     0.00   135.80     0  00:00        0.00
  Node_1607244         JUNCTION     0.00     0.00   135.21     0  00:00        0.00
  Node_91003           JUNCTION     0.00     0.00   136.30     0  00:00        0.00
  Node_1607303         JUNCTION     0.00     0.00   128.51     0  00:00        0.00
  Node_91402           JUNCTION     0.00     0.00   131.50     0  00:00        0.00
  Node_1621260         JUNCTION     0.00     0.00   130.48     0  00:00        0.00
  Node_91502           JUNCTION     0.00     0.00   134.00     0  00:00        0.00
  Node_1624263         JUNCTION     0.00     0.00   129.79     0  00:00        0.00
  Node_91702           JUNCTION     0.00     0.00   129.40     0  00:00        0.00
  Node_1629270         JUNCTION     0.00     0.00   125.57     0  00:00        0.00
  Node_91902           JUNCTION     0.00     0.00   124.73     0  00:00        0.00
  Node_1634321         JUNCTION     0.00     0.00   113.30     0  00:00        0.00
  HW_UL45              JUNCTION     0.00     0.00     0.00     0  00:00        0.00
  Node_1583213         JUNCTION     0.00     0.00     0.00     0  00:00        0.00
  Node_219             JUNCTION     0.00     0.00   106.30     0  00:00        0.00
  Node_1765548         JUNCTION     0.00     0.00   102.90     0  00:00        0.00
  Node_14219           JUNCTION     0.00     0.00   108.30     0  00:00        0.00
  Node_17661217        JUNCTION     0.00     0.00   106.50     0  00:00        0.00
  HW_220i              JUNCTION     0.00     0.00   113.00     0  00:00        0.00
  HW_221i              JUNCTION     0.00     0.00   105.24     0  00:00        0.00
  HW_222i              JUNCTION     0.00     0.00   106.14     0  00:00        0.00
  HW_223i              JUNCTION     0.00     0.00   104.97     0  00:00        0.00
  Node_14223           JUNCTION     0.00     0.00   106.29     0  00:00        0.00
  Node_17831224        JUNCTION     0.00     0.00   104.62     0  00:00        0.00
  HW_224i              JUNCTION     0.00     0.00   112.25     0  00:00        0.00
  Node_360025          JUNCTION     0.00     0.00   106.83     0  00:00        0.00
  Node_1789488         JUNCTION     0.00     0.00   106.79     0  00:00        0.00
  HW_225i              JUNCTION     0.00     0.00   108.40     0  00:00        0.00
  Node_83              JUNCTION     0.00     0.00   105.30     0  00:00        0.00
  Node_1811821         JUNCTION     0.00     0.00   103.10     0  00:00        0.00
  HW_MUL23W            JUNCTION     0.00     0.00     0.00     0  00:00        0.00
  Node_18131811        JUNCTION     0.00     0.00     0.00     0  00:00        0.00
  Node_84              JUNCTION     0.00     0.00   107.50     0  00:00        0.00
  Node_1821856         JUNCTION     0.00     0.00   104.31     0  00:00        0.00
  Node_90402           JUNCTION     0.00     0.00   144.33     0  00:00        0.00
  Node_1586296         JUNCTION     0.00     0.00   137.14     0  00:00        0.00
  HW_MULx16w           JUNCTION     0.00     0.00     0.00     0  00:00        0.00
  Node_15941827        JUNCTION     0.00     0.00     0.00     0  00:00        0.00
  Node_90602           JUNCTION     0.00     0.00   143.90     0  00:00        0.00
  Node_1827299         JUNCTION     0.00     0.00   134.23     0  00:00        0.00
  HW_MULx17w           JUNCTION     0.00     0.00     0.00     0  00:00        0.00
  Node_15981832        JUNCTION     0.00     0.00     0.00     0  00:00        0.00
  Node_90702           JUNCTION     0.00     0.00   143.40     0  00:00        0.00
  Node_1832300         JUNCTION     0.00     0.00   132.73     0  00:00        0.00
  HW_MULx17s           JUNCTION     0.00     0.00     0.00     0  00:00        0.00
  Node_15981836        JUNCTION     0.00     0.00     0.00     0  00:00        0.00
  Node_90017           JUNCTION     0.00     0.00   141.50     0  00:00        0.00
  Node_1836232         JUNCTION     0.00     0.00   139.15     0  00:00        0.00
  HW_MULx18s           JUNCTION     0.00     0.00     0.00     0  00:00        0.00
  Node_16011839        JUNCTION     0.00     0.00     0.00     0  00:00        0.00
  Node_90018           JUNCTION     0.00     0.00   138.00     0  00:00        0.00
  Node_1839236         JUNCTION     0.00     0.00   137.65     0  00:00        0.00
  Node_90019           JUNCTION     0.00     0.00   136.90     0  00:00        0.00
  Node_1842302         JUNCTION     0.00     0.00   129.22     0  00:00        0.00
  HW_MULx19w           JUNCTION     0.00     0.00     0.00     0  00:00        0.00
  Node_16041842        JUNCTION     0.00     0.00     0.00     0  00:00        0.00
  HW_MULx24w           JUNCTION     0.00     0.00     0.00     0  00:00        0.00
  Node_16211848        JUNCTION     0.00     0.00     0.00     0  00:00        0.00
  Node_90024           JUNCTION     0.00     0.00   127.50     0  00:00        0.00
  Node_1848308         JUNCTION     0.00     0.00   122.66     0  00:00        0.00
  Node_36027           JUNCTION     0.00     0.00   106.72     0  00:00        0.00
  Node_1851489         JUNCTION     0.00     0.00   106.69     0  00:00        0.00
  Node_1202            JUNCTION     0.00     0.00   110.50     0  00:00        0.00
  Node_1858668         JUNCTION     0.00     0.00   109.18     0  00:00        0.00
  Node_12001           JUNCTION     0.00     0.00   106.18     0  00:00        0.00
  Node_1860667         JUNCTION     0.00     0.00   104.81     0  00:00        0.00
  Node_13001           JUNCTION     0.00     0.00   104.92     0  00:00        0.00
  Node_1863676         JUNCTION     0.00     0.00   104.38     0  00:00        0.00
  HW_MULx25w           JUNCTION     0.00     0.00     0.00     0  00:00        0.00
  Node_16241866        JUNCTION     0.00     0.00     0.00     0  00:00        0.00
  Node_91503           JUNCTION     0.00     0.00   133.90     0  00:00        0.00
  Node_1866309         JUNCTION     0.00     0.00   121.74     0  00:00        0.00
  HW_MULx27w           JUNCTION     0.00     0.00     0.00     0  00:00        0.00
  Node_16291869        JUNCTION     0.00     0.00     0.00     0  00:00        0.00
  Node_91703           JUNCTION     0.00     0.00   129.30     0  00:00        0.00
  Node_1869320         JUNCTION     0.00     0.00   115.35     0  00:00        0.00
  HW_a226i             JUNCTION     0.00     0.00   117.90     0  00:00        0.00
  Node_15001           JUNCTION     0.00     0.00   106.14     0  00:00        0.00
  Node_1873680         JUNCTION     0.00     0.00   105.13     0  00:00        0.00
  Node_16001           JUNCTION     0.00     0.00   104.95     0  00:00        0.00
  Node_1876685         JUNCTION     0.00     0.00   102.43     0  00:00        0.00
  Node_3099            JUNCTION     0.00     0.00   115.00     0  00:00        0.00
  Node_1881673         JUNCTION     0.00     0.00   106.50     0  00:00        0.00
  Node_30001           JUNCTION     0.00     0.00     0.00     0  00:00        0.00
  Node_1881666         JUNCTION     0.00     0.00     0.00     0  00:00        0.00
  Node_31001           JUNCTION     0.00     0.00   109.70     0  00:00        0.00
  Node_1888656         JUNCTION     0.00     0.00   109.60     0  00:00        0.00
  Node_1699            JUNCTION     0.00     0.00   102.80     0  00:00        0.00
  Node_1891686         JUNCTION     0.00     0.00   102.76     0  00:00        0.00
  Node_72125           JUNCTION     0.00     0.00   109.30     0  00:00        0.00
  Node_1894492         JUNCTION     0.00     0.00   105.91     0  00:00        0.00
  Node_4224            JUNCTION     0.00     0.00   166.33     0  00:00        0.00
  Node_2083728         JUNCTION     0.00     0.00   164.00     0  00:00        0.00
  Node_32001           JUNCTION     0.00     0.00   116.98     0  00:00        0.00
  Node_19181921        JUNCTION     0.00     0.00   113.88     0  00:00        0.00
  Node_1921625         JUNCTION     0.00     0.00   112.38     0  00:00        0.00
  Node_33001           JUNCTION     0.00     0.00   118.70     0  00:00        0.00
  Node_1924621         JUNCTION     0.00     0.00   112.53     0  00:00        0.00
  Node_34001           JUNCTION     0.00     0.00   127.80     0  00:00        0.00
  Node_1928616         JUNCTION     0.00     0.00   114.60     0  00:00        0.00
  Node_3499            JUNCTION     0.00     0.00   128.95     0  00:00        0.00
  Node_1931618         JUNCTION     0.00     0.00   122.50     0  00:00        0.00
  Node_35001           JUNCTION     0.00     0.00   118.67     0  00:00        0.00
  Node_1936612         JUNCTION     0.00     0.00   117.80     0  00:00        0.00
  Node_36010           JUNCTION     0.00     0.00   135.15     0  00:00        0.00
  Node_19391940        JUNCTION     0.00     0.00   128.05     0  00:00        0.00
  Node_3611            JUNCTION     0.00     0.00   127.80     0  00:00        0.00
  Node_1940556         JUNCTION     0.00     0.00   123.10     0  00:00        0.00
  Node_36020           JUNCTION     0.00     0.00   144.87     0  00:00        0.00
  Node_1944557         JUNCTION     0.00     0.00   134.68     0  00:00        0.00
  Node_36030           JUNCTION     0.00     0.00   136.00     0  00:00        0.00
  Node_1947557         JUNCTION     0.00     0.00   134.68     0  00:00        0.00
  Node_36040           JUNCTION     0.00     0.00   138.45     0  00:00        0.00
  Node_1950557         JUNCTION     0.00     0.00   134.68     0  00:00        0.00
  Node_37001           JUNCTION     0.00     0.00   130.86     0  00:00        0.00
  Node_1953575         JUNCTION     0.00     0.00   124.10     0  00:00        0.00
  Node_39001           JUNCTION     0.00     0.00   182.94     0  00:00        0.00
  Node_1962647         JUNCTION     0.00     0.00   182.87     0  00:00        0.00
  Node_56001           JUNCTION     0.00     0.00   142.50     0  00:00        0.00
  Node_1965592         JUNCTION     0.00     0.00   132.00     0  00:00        0.00
  HW_023               JUNCTION     0.00     0.00   147.00     0  00:00        0.00
  Node_1968597         JUNCTION     0.00     0.00   145.00     0  00:00        0.00
  Node_8030            JUNCTION     0.00     0.00   125.30     0  00:00        0.00
  Node_1970603         JUNCTION     0.00     0.00   123.30     0  00:00        0.00
  Node_20070           JUNCTION     0.00     0.00   128.90     0  00:00        0.00
  Node_1972585         JUNCTION     0.00     0.00   126.90     0  00:00        0.00
  Node_1078            JUNCTION     0.00     0.00   103.50     0  00:00        0.00
  Node_1974435         JUNCTION     0.00     0.00   101.50     0  00:00        0.00
  Node_1127            JUNCTION     0.00     0.00   163.88     0  00:00        0.00
  Node_1976375         JUNCTION     0.00     0.00   161.88     0  00:00        0.00
  Node_50              JUNCTION     0.00     0.00   108.90     0  00:00        0.00
  Node_1978413         JUNCTION     0.00     0.00   105.11     0  00:00        0.00
  Node_148             JUNCTION     0.00     0.00   110.16     0  00:00        0.00
  Node_1980410         JUNCTION     0.00     0.00   105.44     0  00:00        0.00
  Node_56              JUNCTION     0.00     0.00   108.40     0  00:00        0.00
  Node_1982427         JUNCTION     0.00     0.00   104.55     0  00:00        0.00
  Node_136             JUNCTION     0.00     0.00   125.08     0  00:00        0.00
  Node_1984402         JUNCTION     0.00     0.00   115.96     0  00:00        0.00
  Node_139             JUNCTION     0.00     0.00   113.70     0  00:00        0.00
  Node_1986404         JUNCTION     0.00     0.00   108.46     0  00:00        0.00
  Node_52              JUNCTION     0.00     0.00   108.24     0  00:00        0.00
  Node_1988418         JUNCTION     0.00     0.00   106.91     0  00:00        0.00
  Node_121             JUNCTION     0.00     0.00   110.90     0  00:00        0.00
  Node_1990350         JUNCTION     0.00     0.00   108.08     0  00:00        0.00
  Node_11053           JUNCTION     0.00     0.00   121.51     0  00:00        0.00
  Node_1992277         JUNCTION     0.00     0.00   105.52     0  00:00        0.00
  Node_4601            JUNCTION     0.00     0.00     0.00     0  00:00        0.00
  Node_10572004        JUNCTION     0.00     0.00     0.00     0  00:00        0.00
  Node_46002           JUNCTION     0.00     0.00   107.54     0  00:00        0.00
  Node_20042002        JUNCTION     0.00     0.00   104.90     0  00:00        0.00
  Node_44001           JUNCTION     0.00     0.00   107.91     0  00:00        0.00
  Node_10961099        JUNCTION     0.00     0.00   107.47     0  00:00        0.00
  Node_44002           JUNCTION     0.00     0.00   106.47     0  00:00        0.00
  Node_10992019        JUNCTION     0.00     0.00   106.31     0  00:00        0.00
  Node_42002           JUNCTION     0.00     0.00   105.76     0  00:00        0.00
  Node_11022019        JUNCTION     0.00     0.00   104.51     0  00:00        0.00
  Node_44003           JUNCTION     0.00     0.00   104.00     0  00:00        0.00
  Node_20192021        JUNCTION     0.00     0.00   103.95     0  00:00        0.00
  Node_44004           JUNCTION     0.00     0.00   110.20     0  00:00        0.00
  Node_20212026        JUNCTION     0.00     0.00   110.10     0  00:00        0.00
  Node_53514           JUNCTION     0.00     0.00   101.00     0  00:00        0.00
  Node_20912031        JUNCTION     0.00     0.00   100.00     0  00:00        0.00
  Node_53512           JUNCTION     0.00     0.00   112.60     0  00:00        0.00
  Node_20342035        JUNCTION     0.00     0.00   112.50     0  00:00        0.00
  Node_53513           JUNCTION     0.00     0.00   112.63     0  00:00        0.00
  Node_20322030        JUNCTION     0.00     0.00   112.23     0  00:00        0.00
  Node_3501            JUNCTION     0.00     0.00   122.06     0  00:00        0.00
  Node_2033762         JUNCTION     0.00     0.00   121.20     0  00:00        0.00
  Node_53508           JUNCTION     0.00     0.00   126.90     0  00:00        0.00
  Node_20362033        JUNCTION     0.00     0.00   122.89     0  00:00        0.00
  Node_53507           JUNCTION     0.00     0.00   127.40     0  00:00        0.00
  Node_20372038        JUNCTION     0.00     0.00   130.00     0  00:00        0.00
  Node_51002           JUNCTION     0.00     0.00   134.60     0  00:00        0.00
  Node_21382036        JUNCTION     0.00     0.00   132.60     0  00:00        0.00
  Node_53509           JUNCTION     0.00     0.00   123.29     0  00:00        0.00
  Node_20332032        JUNCTION     0.00     0.00   113.39     0  00:00        0.00
  Node_5307            JUNCTION     0.00     0.00     0.00     0  00:00        0.00
  Node_20362037        JUNCTION     0.00     0.00     0.00     0  00:00        0.00
  Node_54230           JUNCTION     0.00     0.00   164.50     0  00:00        0.00
  Node_20652056        JUNCTION     0.00     0.00   163.62     0  00:00        0.00
  Node_54234           JUNCTION     0.00     0.00   153.00     0  00:00        0.00
  Node_21092057        JUNCTION     0.00     0.00   151.00     0  00:00        0.00
  Node_5429            JUNCTION     0.00     0.00     0.00     0  00:00        0.00
  Node_20582088        JUNCTION     0.00     0.00     0.00     0  00:00        0.00
  Node_20582059        JUNCTION     0.00     0.00     0.00     0  00:00        0.00
  Node_4232            JUNCTION     0.00     0.00   145.00     0  00:00        0.00
  Node_2059710         JUNCTION     0.00     0.00   144.40     0  00:00        0.00
  Node_5421            JUNCTION     0.00     0.00     0.00     0  00:00        0.00
  Node_20762077        JUNCTION     0.00     0.00     0.00     0  00:00        0.00
  Node_4222            JUNCTION     0.00     0.00   170.00     0  00:00        0.00
  Node_2077734         JUNCTION     0.00     0.00   144.60     0  00:00        0.00
  Node_20762080        JUNCTION     0.00     0.00     0.00     0  00:00        0.00
  Node_5423            JUNCTION     0.00     0.00     0.00     0  00:00        0.00
  Node_20822083        JUNCTION     0.00     0.00     0.00     0  00:00        0.00
  Node_54223           JUNCTION     0.00     0.00   172.98     0  00:00        0.00
  Node_20802082        JUNCTION     0.00     0.00   167.43     0  00:00        0.00
  Node_54226           JUNCTION     0.00     0.00   166.43     0  00:00        0.00
  Node_20822054        JUNCTION     0.00     0.00   164.29     0  00:00        0.00
  54228                JUNCTION     0.00     0.00   169.43     0  00:00        0.00
  54229                JUNCTION     0.00     0.00   166.79     0  00:00        0.00
  Node_54233           JUNCTION     0.00     0.00   157.90     0  00:00        0.00
  Node_20882108        JUNCTION     0.00     0.00   157.07     0  00:00        0.00
  Node_5312            JUNCTION     0.00     0.00     0.00     0  00:00        0.00
  Node_20302091        JUNCTION     0.00     0.00     0.00     0  00:00        0.00
  Node_92006           JUNCTION     0.00     0.00   120.00     0  00:00        0.00
  Node_20932095        JUNCTION     0.00     0.00   111.50     0  00:00        0.00
  Node_92007           JUNCTION     0.00     0.00   106.00     0  00:00        0.00
  Node_20952097        JUNCTION     0.00     0.00   105.00     0  00:00        0.00
  Node_4511            JUNCTION     0.00     0.00     0.00     0  00:00        0.00
  Node_20972099        JUNCTION     0.00     0.00     0.00     0  00:00        0.00
  Node_92008           JUNCTION     0.00     0.00   112.00     0  00:00        0.00
  Node_20992101        JUNCTION     0.00     0.00   109.70     0  00:00        0.00
  Node_92009           JUNCTION     0.00     0.00   124.98     0  00:00        0.00
  Node_21032093        JUNCTION     0.00     0.00   120.00     0  00:00        0.00
  Node_45005           JUNCTION     0.00     0.00   109.70     0  00:00        0.00
  Node_21011093        JUNCTION     0.00     0.00   107.00     0  00:00        0.00
  Node_5431            JUNCTION     0.00     0.00     0.00     0  00:00        0.00
  Node_20562109        JUNCTION     0.00     0.00     0.00     0  00:00        0.00
  Node_2111            JUNCTION     0.00     0.00     0.00     0  00:00        0.00
  Node_21082109        JUNCTION     0.00     0.00     0.00     0  00:00        0.00
  Node_2112            JUNCTION     0.00     0.00   150.10     0  00:00        0.00
  Node_21082056        JUNCTION     0.00     0.00   150.00     0  00:00        0.00
  Node_7059            JUNCTION     0.00     0.00   129.07     0  00:00        0.00
  Node_21172119        JUNCTION     0.00     0.00   107.51     0  00:00        0.00
  Node_2060            JUNCTION     0.00     0.00   130.72     0  00:00        0.00
  Node_21212123        JUNCTION     0.00     0.00   130.40     0  00:00        0.00
  Node_2062            JUNCTION     0.00     0.00   130.40     0  00:00        0.00
  Node_21232125        JUNCTION     0.00     0.00   127.20     0  00:00        0.00
  Node_2064            JUNCTION     0.00     0.00   127.20     0  00:00        0.00
  Node_21252127        JUNCTION     0.00     0.00   123.75     0  00:00        0.00
  Node_2066            JUNCTION     0.00     0.00   123.75     0  00:00        0.00
  Node_21272130        JUNCTION     0.00     0.00   123.68     0  00:00        0.00
  Node_2067            JUNCTION     0.00     0.00   123.68     0  00:00        0.00
  Node_2130603         JUNCTION     0.00     0.00   123.30     0  00:00        0.00
  Node_2068            JUNCTION     0.00     0.00   132.00     0  00:00        0.00
  Node_2130607         JUNCTION     0.00     0.00   127.60     0  00:00        0.00
  x9553                OUTFALL      0.00     0.00   136.00     0  00:00        0.00
  x9014                STORAGE      0.00     0.00   195.93     0  00:00        0.00
  x903                 STORAGE      0.00     0.00   165.00     0  00:00        0.00
  x905                 STORAGE      0.00     0.00   161.00     0  00:00        0.00
  x904                 STORAGE      0.00     0.00   165.00     0  00:00        0.00
  x906                 STORAGE      0.00     0.00   156.00     0  00:00        0.00
  x9025                STORAGE      0.00     0.00   157.38     0  00:00        0.00
  x907                 STORAGE      0.00     0.00   194.00     0  00:00        0.00
  x908                 STORAGE      0.00     0.00   155.00     0  00:00        0.00
  x909                 STORAGE      0.00     0.00   197.00     0  00:00        0.00
  x910                 STORAGE      0.00     0.00   152.00     0  00:00        0.00
  x9035                STORAGE      0.00     0.00   144.89     0  00:00        0.00
  x9036                STORAGE      0.00     0.00   146.11     0  00:00        0.00
  x911                 STORAGE      9.94    10.00   173.00     0  00:20       10.00
  x912                 STORAGE      0.00     0.00   201.00     0  00:00        0.00
  x2100                STORAGE      0.00     0.00   161.00     0  00:00        0.00
  x9042                STORAGE      0.00     0.00   147.98     0  00:00        0.00
  x914                 STORAGE      0.00     0.00   190.00     0  00:00        0.00
  x919                 STORAGE      0.00     0.00   140.00     0  00:00        0.00
  x9056                STORAGE      0.00     0.00   135.16     0  00:00        0.00
  x901                 STORAGE      0.00     0.00   169.00     0  00:00        0.00
  x9526                STORAGE      0.00     0.00   149.42     0  00:00        0.00
  x9528                STORAGE      0.00     0.00   144.89     0  00:00        0.00
  x9531                STORAGE      0.00     0.00   157.28     0  00:00        0.00
  x913                 STORAGE      0.00     0.00   198.00     0  00:00        0.00
  x916                 STORAGE      0.00     0.00   150.00     0  00:00        0.00
  x917                 STORAGE      0.00     0.00   158.00     0  00:00        0.00
  x918                 STORAGE      0.00     0.00   147.00     0  00:00        0.00
  x9548                STORAGE      0.00     0.00   136.20     0  00:00        0.00
  x920                 STORAGE      0.00     0.00   160.00     0  00:00        0.00
  2100                 STORAGE      0.00     0.00   181.30     0  00:00        0.00
  2103                 STORAGE      0.00     0.00   135.70     0  00:00        0.00
  2107                 STORAGE      0.00     0.00   151.00     0  00:00        0.00
  2119                 STORAGE      0.00     0.00   131.00     0  00:00        0.00
  2123                 STORAGE      0.00     0.00   126.50     0  00:00        0.00
  2126                 STORAGE      0.00     0.00   119.88     0  00:00        0.00
  2000                 STORAGE      9.93    10.00   200.00     0  00:27       10.00
  2010                 STORAGE      0.00     0.00   187.00     0  00:00        0.00
  2025                 STORAGE      0.00     0.00   181.00     0  00:00        0.00
  2040                 STORAGE      0.00     0.00   175.00     0  00:00        0.00
  2050                 STORAGE      0.00     0.00   175.00     0  00:00        0.00
  451                  STORAGE      8.28    10.00   139.70     0  05:33       10.00
  2141                 STORAGE      0.00     0.00   127.70     0  00:00        0.00
  2130                 STORAGE      0.00     0.00   143.00     0  00:00        0.00
  2132                 STORAGE      9.09    10.00   154.00     0  01:31       10.00
  2136                 STORAGE      0.13     0.15   140.15     0  03:20        0.15
  2148                 STORAGE      0.00     0.00   120.29     0  00:00        0.00
  2151                 STORAGE      0.00     0.00   119.80     0  00:00        0.00
  2153                 STORAGE      0.00     0.00   119.80     0  00:00        0.00
  2157                 STORAGE      0.00     0.00   119.10     0  00:00        0.00
  410                  STORAGE      0.00     0.00   129.30     0  00:00        0.00
  412                  STORAGE      0.00     0.00   119.10     0  00:00        0.00
  2162                 STORAGE      0.00     0.00   116.55     0  00:00        0.00
  2163                 STORAGE      0.00     0.00   120.00     0  00:00        0.00
  2178                 STORAGE      0.00     0.00   113.60     0  00:00        0.00
  a126                 STORAGE      7.63    10.00   157.55     0  08:40       10.00
  a225                 STORAGE      0.00     0.00   116.01     0  00:00        0.00
  a125                 STORAGE      9.94    10.00   131.32     0  00:23       10.00
  a223                 STORAGE      0.36     0.41   120.91     0  04:26        0.41
  a219                 STORAGE      0.00     0.00   121.85     0  00:00        0.00
  a119                 STORAGE      9.96    10.00   132.50     0  00:17       10.00
  a10000               STORAGE     10.00    10.00   126.58     0  00:00       10.00
  a10001               STORAGE     10.00    10.00   128.00     0  00:00       10.00
  a10002               STORAGE      0.00     0.00   116.30     0  00:00        0.00
  a362                 STORAGE      9.12    10.00   219.00     0  02:14       10.00
  a36010               STORAGE      0.00     0.00   150.00     0  00:00        0.00
  a363                 STORAGE      9.12    10.00   180.00     0  02:14       10.00
  a56001               STORAGE      0.00     0.00   156.00     0  00:00        0.00
  a563                 STORAGE      9.12    10.00   204.60     0  02:14       10.00
  a380                 STORAGE      8.49    10.00   193.00     0  04:37       10.00
  a34001               STORAGE      0.00     0.05   142.05     1  00:00        0.05
  a32001               STORAGE      0.00     0.00   132.47     0  00:00        0.00
  a394                 STORAGE      0.00     0.00   137.00     0  00:00        0.00
  a329                 STORAGE      0.00     0.00   186.20     0  00:00        0.00
  a395                 STORAGE      0.00     0.00   158.00     0  00:00        0.00
  a396                 STORAGE      0.00     0.00   149.00     0  00:00        0.00
  a397                 STORAGE      9.89    10.00   205.00     0  00:41       10.00
  a39001               STORAGE      0.10     0.14   197.77     0  07:15        0.14
  a313                 STORAGE      7.63    10.00   174.00     0  08:40       10.00
  a302                 STORAGE      9.42    10.00   150.00     0  01:30       10.00
  a130                 STORAGE      9.12    10.00   170.00     0  02:14       10.00
  a153                 STORAGE      7.63    10.00   136.00     0  08:40       10.00
  a160                 STORAGE      6.60    10.00   140.00     0  13:53       10.00
  9600                 STORAGE      1.75     2.00   154.90     0  01:19        2.00
  c9700                STORAGE      0.00     0.00   164.40     0  00:00        0.00
  c9710                STORAGE      8.76    10.00   191.60     0  02:19       10.00
  c9730                STORAGE      5.50    10.00   202.40     0  13:56       10.00
  c9765                STORAGE      8.93    10.00   196.00     0  02:18       10.00
  5500                 STORAGE      7.07    10.00   193.00     0  08:32       10.00
  5400                 STORAGE      0.00     0.00   162.40     0  00:00        0.00
  5250                 STORAGE      0.00     0.00   174.40     0  00:00        0.00
  c5255                STORAGE      6.85    10.00   190.00     0  12:37       10.00
  5000                 STORAGE      0.00     0.00   134.80     0  00:00        0.00
  c5005                STORAGE      8.23    10.00   169.40     0  05:47       10.00
  4910                 STORAGE      8.13    10.00   139.40     0  04:51       10.00
  4900                 STORAGE      8.76    10.00   133.30     0  02:03       10.00
  4915                 STORAGE      7.92    10.00   146.60     0  03:42       10.00
  4251                 STORAGE      0.00     0.00   129.70     0  00:00        0.00
  4102                 STORAGE      0.00     0.00   123.60     0  00:00        0.00
  4250                 STORAGE      0.00     0.00   129.70     0  00:00        0.00
  4100                 STORAGE      0.00     0.00   123.90     0  00:00        0.00
  c9105                STORAGE      9.07    10.00   146.00     0  02:23       10.00
  5100                 STORAGE      9.08    10.00   158.20     0  01:27       10.00
  5300                 STORAGE      0.00     0.00   153.20     0  00:00        0.00
  c5305                STORAGE      7.63    10.00   166.00     0  08:40       10.00
  5350                 STORAGE      0.00     0.00   155.60     0  00:00        0.00
  c5355                STORAGE      9.92    10.00   164.20     0  00:28       10.00
  d21                  STORAGE      0.04     0.64   136.64     1  00:00        0.64
  d112                 STORAGE      0.00     0.00   129.00     0  00:00        0.00
  d114                 STORAGE      0.00     0.00   129.00     0  00:00        0.00
  d23                  STORAGE      8.27    10.00   145.00     0  02:44       10.00
  d150                 STORAGE      6.48    10.00   169.00     0  08:00       10.00
  d5                   STORAGE      9.98    10.00   175.00     0  00:08       10.00
  d24                  STORAGE      0.00     0.00   136.00     0  00:00        0.00
  d123                 STORAGE      0.00     0.00   126.00     0  00:00        0.00
  d65                  STORAGE      9.65    10.00   137.18     0  00:57       10.00
  d25                  STORAGE      0.69     0.71   137.71     0  04:39        0.71
  d137                 STORAGE      0.00     0.00   122.00     0  00:00        0.00
  d27                  STORAGE      7.11    10.00   157.00     0  07:46       10.00
  d6605                STORAGE      0.00     0.00   126.45     0  00:00        0.00
  d2604                STORAGE      0.00     0.00   129.00     0  00:00        0.00
  d2605                STORAGE      0.00     0.00   128.30     0  00:00        0.00
  d7361                STORAGE      0.00     0.00   161.60     0  00:00        0.00
  d7805                STORAGE      0.00     0.00   161.20     0  00:00        0.00
  d7405                STORAGE      0.00     0.00   161.50     0  00:00        0.00
  d7705                STORAGE      0.00     0.00   163.60     0  00:00        0.00
  x915                 STORAGE      0.00     0.00   150.00     0  00:00        0.00
  4601                 STORAGE      0.00     0.00   120.00     0  00:00        0.00
  d26040               STORAGE      0.00     0.00   129.00     0  00:00        0.00
  x13                  STORAGE      0.00     0.00   162.00     0  00:00        0.00
  x14                  STORAGE      0.00     0.00   162.00     0  00:00        0.00
  x15                  STORAGE      0.00     0.00   160.00     0  00:00        0.00
  x16                  STORAGE      0.00     0.00   154.00     0  00:00        0.00
  x17                  STORAGE      0.00     0.00   152.00     0  00:00        0.00
  x18                  STORAGE      0.00     0.00   153.00     0  00:00        0.00
  x19                  STORAGE      0.00     0.00   156.00     0  00:00        0.00
  x20                  STORAGE      0.00     0.00   152.00     0  00:00        0.00
  x24                  STORAGE      0.00     0.00   160.00     0  00:00        0.00
  x25                  STORAGE      0.00     0.00   149.00     0  00:00        0.00
  x27                  STORAGE      0.00     0.00   158.00     0  00:00        0.00
  d23we                STORAGE      0.00     0.00   135.00     0  00:00        0.00
  d23w                 STORAGE      0.00     0.00   135.00     0  00:00        0.00
  x17w                 STORAGE      0.00     0.00   172.00     0  00:00        0.00
  x17s                 STORAGE      0.00     0.00   172.00     0  00:00        0.00
  x24w                 STORAGE      0.00     0.00   160.00     0  00:00        0.00
  a20023               STORAGE      0.00     0.00   180.00     0  00:00        0.00
  a207                 STORAGE      0.00     0.00   164.00     0  00:00        0.00
  2165                 STORAGE      0.00     0.00   121.00     0  00:00        0.00
  2027                 STORAGE      0.00     0.00   181.00     0  00:00        0.00
  445                  STORAGE      0.00     0.00   118.00     0  00:00        0.00
  5312                 STORAGE      0.00     0.00   128.00     0  00:00        0.00
  5310                 STORAGE      0.00     0.00   123.90     0  00:00        0.00
  5425                 STORAGE      0.00     0.00   184.00     0  00:00        0.00
  5431                 STORAGE      0.00     0.00   200.00     0  00:00        0.00
  5429                 STORAGE      0.00     0.00   178.00     0  00:00        0.00
  5427                 STORAGE      0.00     0.00   179.00     0  00:00        0.00
  5421                 STORAGE      9.41    10.00   191.00     0  01:07       10.00
  5432                 STORAGE      0.00     0.00   180.00     0  00:00        0.00
  5423                 STORAGE      0.00     0.00   184.00     0  00:00        0.00
  4511                 STORAGE      0.00     0.00   125.00     0  00:00        0.00
  c2108                STORAGE      0.00     0.00   200.00     0  00:00        0.00
  a211                 STORAGE      0.00     0.00   144.00     0  00:00        0.00
  5100w                STORAGE      0.00     0.00   148.20     0  00:00        0.00
  
  
  *******************
  Node Inflow Summary
  *******************
  
  -------------------------------------------------------------------------------------------------
                                  Maximum  Maximum                  Lateral       Total        Flow
                                  Lateral    Total  Time of Max      Inflow      Inflow     Balance
                                   Inflow   Inflow   Occurrence      Volume      Volume       Error
  Node                 Type           CFS      CFS  days hr:min    10^6 gal    10^6 gal     Percent
  -------------------------------------------------------------------------------------------------
  x9001                JUNCTION      0.20     0.20     0  00:00       0.129       0.129      12.365
  x9002                JUNCTION      0.00     0.20     0  03:17           0       0.115      14.009
  x9003                JUNCTION      0.00     0.20     0  05:41           0       0.101      16.306
  x9004                JUNCTION      0.00     0.20     0  10:32           0      0.0868      19.509
  x9005                JUNCTION      0.00     0.20     0  11:21           0      0.0726      24.070
  x9006                JUNCTION      0.00     0.20     0  13:35           0      0.0585      31.406
  x9007                JUNCTION      0.00     0.20     0  18:24           0      0.0445      47.076
  x9008                JUNCTION      0.00     0.20     0  19:42           0      0.0303      85.181
  x9009                JUNCTION      0.00     0.20     0  21:08           0      0.0163     601.850
  x9010                JUNCTION      0.00     0.20     1  00:00           0     0.00233    2329.188 gal
  x9011                JUNCTION      0.00     0.00     0  00:00           0           0       0.000 gal
  x9012                JUNCTION      0.00     0.00     0  00:00           0           0       0.000 gal
  x9015                JUNCTION      0.00     0.00     0  00:00           0           0       0.000 gal
  x9016                JUNCTION      0.00     0.00     0  00:00           0           0       0.000 gal
  x9017                JUNCTION      0.00     0.00     0  00:00           0           0       0.000 gal
  x9018                JUNCTION      0.00     0.00     0  00:00           0           0       0.000 gal
  x9019                JUNCTION      0.00     0.00     0  00:00           0           0       0.000 gal
  x9041                JUNCTION      0.00     0.00     0  00:00           0           0       0.000 gal
  x9020                JUNCTION      0.00     0.00     0  00:00           0           0       0.000 gal
  x9021                JUNCTION      0.00     0.00     0  00:00           0           0       0.000 gal
  x9022                JUNCTION      0.00     0.00     0  00:00           0           0       0.000 gal
  x9023                JUNCTION      0.00     0.00     0  00:00           0           0       0.000 gal
  x9024                JUNCTION      0.00     0.00     0  00:00           0           0       0.000 gal
  x9026                JUNCTION      0.00     0.00     0  00:00           0           0       0.000 gal
  x9028                JUNCTION      0.00     0.73     0  01:33           0      0.0173    7816.623
  x9029                JUNCTION      0.00     5.28     0  00:11           0      0.0341      93.686
  x9030                JUNCTION      2.68     2.93     0  01:54        1.73        1.73       0.572
  x9032                JUNCTION      0.00    18.58     0  00:11           0        1.69       1.236
  x9033                JUNCTION      0.00     8.03     0  00:22           0        1.67       1.823
  x9034                JUNCTION      0.00     0.00     0  00:00           0           0       0.000 gal
  x9530                JUNCTION      0.00     0.00     0  00:00           0           0       0.000 gal
  x9037                JUNCTION      0.00     0.00     0  00:00           0           0       0.000 gal
  x9038                JUNCTION      0.00     0.00     0  00:00           0           0       0.000 gal
  x9039                JUNCTION      0.00     0.00     0  00:00           0           0       0.000 gal
  x9040                JUNCTION      0.00     0.00     0  00:00           0           0       0.000 gal
  x9043                JUNCTION      0.00     0.00     0  00:00           0           0       0.000 gal
  x9044                JUNCTION      0.00     0.00     0  00:00           0           0       0.000 gal
  x9045                JUNCTION      0.00     0.00     0  00:00           0           0       0.000 gal
  x9046                JUNCTION      0.00     0.00     0  00:00           0           0       0.000 gal
  x9047                JUNCTION      0.00     0.00     0  00:00           0           0       0.000 gal
  x9048                JUNCTION      0.00     0.00     0  00:00           0           0       0.000 gal
  x9049                JUNCTION      0.00     0.00     0  00:00           0           0       0.000 gal
  x9050                JUNCTION      0.00     0.00     0  00:00           0           0       0.000 gal
  x9051                JUNCTION      0.00     0.00     0  00:00           0           0       0.000 gal
  x9053                JUNCTION      0.00     0.00     0  00:00           0           0       0.000 gal
  x9054                JUNCTION      0.00     0.00     0  00:00           0           0       0.000 gal
  x9055                JUNCTION      0.00     0.00     0  00:00           0           0       0.000 gal
  x9500                JUNCTION      0.20     0.20     0  00:00       0.129       0.129      14.086
  x9501                JUNCTION      0.00     0.20     0  03:24           0       0.113      16.282
  x9502                JUNCTION      0.00     0.20     0  06:16           0      0.0974      19.323
  x9503                JUNCTION      0.00     0.20     0  11:47           0      0.0817      23.807
  x9504                JUNCTION      0.00     0.20     0  12:21           0       0.066      30.835
  x9505                JUNCTION      0.00     0.20     0  15:03           0      0.0504      43.599
  x9506                JUNCTION      0.00     0.20     0  20:13           0      0.0351      90.531
  x9507                JUNCTION      0.00     0.00     0  00:00           0           0       0.000 gal
  x9509                JUNCTION      0.00     0.00     0  00:00           0           0       0.000 gal
  x9511                JUNCTION      0.00     0.00     0  00:00           0           0       0.000 gal
  x902                 JUNCTION      0.00     0.00     0  00:00           0           0       0.000 gal
  x9512                JUNCTION      0.00     0.00     0  00:00           0           0       0.000 gal
  x9513                JUNCTION      0.00     0.00     0  00:00           0           0       0.000 gal
  x9514                JUNCTION      0.00     0.00     0  00:00           0           0       0.000 gal
  x9515                JUNCTION      0.00     0.00     0  00:00           0           0       0.000 gal
  x9516                JUNCTION      0.00     0.00     0  00:00           0           0       0.000 gal
  x9517                JUNCTION      0.00     0.00     0  00:00           0           0       0.000 gal
  x9518                JUNCTION      0.00     0.00     0  00:00           0           0       0.000 gal
  x9519                JUNCTION      0.00     0.00     0  00:00           0           0       0.000 gal
  x9520                JUNCTION      0.00     0.00     0  00:00           0           0       0.000 gal
  x9521                JUNCTION      0.00     0.00     0  00:00           0           0       0.000 gal
  x9522                JUNCTION      0.00     0.00     0  00:00           0           0       0.000 gal
  x9523                JUNCTION      0.00     0.00     0  00:00           0           0       0.000 gal
  x9527                JUNCTION      0.00     0.00     0  00:00           0           0       0.000 gal
  x9532                JUNCTION      0.00     0.00     0  00:00           0           0       0.000 gal
  x9534                JUNCTION      0.00     0.00     0  00:00           0           0       0.000 gal
  x9535                JUNCTION      0.00     0.00     0  00:00           0           0       0.000 gal
  x9536                JUNCTION      0.00     0.00     0  00:00           0           0       0.000 gal
  x9537                JUNCTION      0.00     0.00     0  00:00           0           0       0.000 gal
  x9538                JUNCTION      0.00     0.00     0  00:00           0           0       0.000 gal
  x9539                JUNCTION      0.00     0.00     0  00:00           0           0       0.000 gal
  x9540                JUNCTION      0.00     0.00     0  00:00           0           0       0.000 gal
  x9541                JUNCTION      0.00     0.00     0  00:00           0           0       0.000 gal
  x9545                JUNCTION      0.00     0.00     0  00:00           0           0       0.000 gal
  x9546                JUNCTION      0.00     0.00     0  00:00           0           0       0.000 gal
  x9547                JUNCTION      0.00     0.00     0  00:00           0           0       0.000 gal
  x9550                JUNCTION      0.00     0.00     0  00:00           0           0       0.000 gal
  x9552                JUNCTION      0.00     0.00     0  00:00           0           0       0.000 gal
  480                  JUNCTION      0.00     0.00     0  00:00           0           0       0.000 gal
  2102                 JUNCTION      0.00     0.00     0  00:00           0           0       0.000 gal
  2104                 JUNCTION      0.00     0.00     0  00:00           0           0       0.000 gal
  2105                 JUNCTION      0.00     0.00     0  00:00           0           0       0.000 gal
  2106                 JUNCTION      0.00     0.00     0  00:00           0           0       0.000 gal
  650                  JUNCTION      0.00     0.00     0  00:00           0           0       0.000 gal
  2110                 JUNCTION      0.00     0.00     0  00:00           0           0       0.000 gal
  2113                 JUNCTION      0.00     0.00     0  00:00           0           0       0.000 gal
  2114                 JUNCTION      0.00     0.00     0  00:00           0           0       0.000 gal
  2115                 JUNCTION      0.00     0.00     0  00:00           0           0       0.000 gal
  2116                 JUNCTION      0.00     0.00     0  00:00           0           0       0.000 gal
  2117                 JUNCTION      0.00     0.00     0  00:00           0           0       0.000 gal
  2118                 JUNCTION      0.00     0.00     0  00:00           0           0       0.000 gal
  2120                 JUNCTION      0.00     0.00     0  00:00           0           0       0.000 gal
  461                  JUNCTION      0.00     0.00     0  00:00           0           0       0.000 gal
  462                  JUNCTION      0.00     0.00     0  00:00           0           0       0.000 gal
  2121                 JUNCTION      0.00     0.00     0  00:00           0           0       0.000 gal
  2122                 JUNCTION      0.00     0.00     0  00:00           0           0       0.000 gal
  4611                 JUNCTION      0.00     0.00     0  00:00           0           0       0.000 gal
  4600                 JUNCTION      0.00     0.00     0  00:00           0           0       0.000 gal
  4621                 JUNCTION      0.00     0.00     0  00:00           0           0       0.000 gal
  2124                 JUNCTION      0.00     0.00     0  00:00           0           0       0.000 gal
  2125                 JUNCTION      0.00     0.00     0  00:00           0           0       0.000 gal
  2127                 JUNCTION      0.00     0.00     0  00:00           0           0       0.000 gal
  2128                 JUNCTION      0.00     0.00     0  00:00           0           0       0.000 gal
  580                  JUNCTION      0.00     0.00     0  00:00           0           0       0.000 gal
  5801                 JUNCTION      0.00     0.00     0  00:00           0           0       0.000 gal
  2005                 JUNCTION      0.00     0.00     0  00:00           0           0       0.000 gal
  2011                 JUNCTION      0.00     0.00     0  00:00           0           0       0.000 gal
  2015                 JUNCTION      0.00     0.00     0  00:00           0           0       0.000 gal
  2020                 JUNCTION      0.00     0.00     0  00:00           0           0       0.000 gal
  2030                 JUNCTION      0.00     0.00     0  00:00           0           0       0.000 gal
  2035                 JUNCTION      0.00     0.00     0  00:00           0           0       0.000 gal
  2041                 JUNCTION      0.00     0.00     0  00:00           0           0       0.000 gal
  2045                 JUNCTION      0.00     0.00     0  00:00           0           0       0.000 gal
  2051                 JUNCTION      0.00     0.00     0  00:00           0           0       0.000 gal
  2055                 JUNCTION      0.00     0.00     0  00:00           0           0       0.000 gal
  2060                 JUNCTION      0.00     0.00     0  00:00           0           0       0.000 gal
  454                  JUNCTION      0.00     0.00     0  00:00           0           0       0.000 gal
  452                  JUNCTION      0.20     0.20     0  00:00       0.129       0.129      10.367
  453                  JUNCTION      0.80     0.80     0  00:00       0.517       0.517       2.434
  4502                 JUNCTION      0.00     0.00     0  00:00           0           0       0.000 gal
  4503                 JUNCTION      0.00     0.00     0  00:00           0           0       0.000 gal
  4504                 JUNCTION      0.00     0.00     0  00:00           0           0       0.000 gal
  4505                 JUNCTION      0.00     0.00     0  00:00           0           0       0.000 gal
  4507                 JUNCTION      0.00     0.00     0  00:00           0           0       0.000 gal
  4508                 JUNCTION      0.00     0.00     0  00:00           0           0       0.000 gal
  2131                 JUNCTION      0.00     2.24     0  02:10           0     0.00393      37.611
  2137                 JUNCTION      0.00     0.00     0  00:00           0           0       0.000 gal
  2138                 JUNCTION      0.00     0.00     0  00:00           0           0       0.000 gal
  2139                 JUNCTION      0.00     0.00     0  00:00           0           0       0.000 gal
  2142                 JUNCTION      0.00     0.00     0  00:00           0           0       0.000 gal
  2143                 JUNCTION      0.00     0.00     0  00:00           0           0       0.000 gal
  2144                 JUNCTION      0.00     0.00     0  00:00           0           0       0.000 gal
  2145                 JUNCTION      0.00     0.00     0  00:00           0           0       0.000 gal
  2146                 JUNCTION      0.00     0.00     0  00:00           0           0       0.000 gal
  2147                 JUNCTION      0.00     0.00     0  00:00           0           0       0.000 gal
  2149                 JUNCTION      0.00     0.00     0  00:00           0           0       0.000 gal
  2150                 JUNCTION      0.00     0.00     0  00:00           0           0       0.000 gal
  440                  JUNCTION      0.00     0.00     0  00:00           0           0       0.000 gal
  441                  JUNCTION      0.00     0.00     0  00:00           0           0       0.000 gal
  2152                 JUNCTION      0.00     0.00     0  00:00           0           0       0.000 gal
  2154                 JUNCTION      0.00     0.00     0  00:00           0           0       0.000 gal
  430                  JUNCTION      0.00     0.00     0  00:00           0           0       0.000 gal
  431                  JUNCTION      0.00     0.00     0  00:00           0           0       0.000 gal
  420                  JUNCTION      0.00     0.00     0  00:00           0           0       0.000 gal
  4201                 JUNCTION      0.00     0.00     0  00:00           0           0       0.000 gal
  2156                 JUNCTION      0.00     0.00     0  00:00           0           0       0.000 gal
  400                  JUNCTION      0.00     0.00     0  00:00           0           0       0.000 gal
  2158                 JUNCTION      0.00     0.00     0  00:00           0           0       0.000 gal
  2167                 JUNCTION      0.00     0.00     0  00:00           0           0       0.000 gal
  2168                 JUNCTION      0.00     0.00     0  00:00           0           0       0.000 gal
  2169                 JUNCTION      0.00     0.00     0  00:00           0           0       0.000 gal
  2172                 JUNCTION      0.00     0.00     0  00:00           0           0       0.000 gal
  2175                 JUNCTION      0.00     0.00     0  00:00           0           0       0.000 gal
  a2                   JUNCTION      0.00     0.00     0  00:00           0           0       0.000 gal
  a7                   JUNCTION      0.00     0.00     0  00:00           0           0       0.000 gal
  a9                   JUNCTION      0.00     0.00     0  00:00           0           0       0.000 gal
  a11                  JUNCTION      0.00     0.00     0  00:00           0           0       0.000 gal
  a13                  JUNCTION      0.00     0.00     0  00:00           0           0       0.000 gal
  a15                  JUNCTION      0.00     0.00     0  00:00           0           0       0.000 gal
  a17                  JUNCTION      0.00     0.00     0  00:00           0           0       0.000 gal
  a18                  JUNCTION      0.00     0.00     0  00:00           0           0       0.000 gal
  a101                 JUNCTION      1.70     1.70     0  00:00         1.1         1.1       1.498
  a102                 JUNCTION      0.00     1.70     0  00:42           0        1.08       1.592
  a103                 JUNCTION      0.00     0.00     0  00:00           0           0       0.000 gal
  a104                 JUNCTION      0.00     0.00     0  00:00           0           0       0.000 gal
  a106                 JUNCTION      0.00     0.00     0  00:00           0           0       0.000 gal
  a108                 JUNCTION      0.00     0.00     0  00:00           0           0       0.000 gal
  a110                 JUNCTION      0.00     0.00     0  00:00           0           0       0.000 gal
  a111                 JUNCTION      0.00     0.00     0  00:00           0           0       0.000 gal
  a112                 JUNCTION      0.00     0.00     0  00:00           0           0       0.000 gal
  a113                 JUNCTION      0.00     0.00     0  00:00           0           0       0.000 gal
  a114                 JUNCTION      0.00     0.00     0  00:00           0           0       0.000 gal
  a115                 JUNCTION      0.00     0.00     0  00:00           0           0       0.000 gal
  a19                  JUNCTION      0.00     0.00     0  00:00           0           0       0.000 gal
  a20                  JUNCTION      0.00     0.00     0  00:00           0           0       0.000 gal
  a21                  JUNCTION      0.00     0.00     0  00:00           0           0       0.000 gal
  a22                  JUNCTION      0.00     0.00     0  00:00           0           0       0.000 gal
  a23                  JUNCTION      0.00     0.00     0  00:00           0           0       0.000 gal
  a24                  JUNCTION      0.00     0.00     0  00:00           0           0       0.000 gal
  a36                  JUNCTION      0.00     0.00     0  00:00           0           0       0.000 gal
  a40                  JUNCTION      0.00     0.00     0  00:00           0           0       0.000 gal
  a41                  JUNCTION      0.00     0.00     0  00:00           0           0       0.000 gal
  a42                  JUNCTION      0.00     0.00     0  00:00           0           0       0.000 gal
  a43                  JUNCTION      0.00     0.00     0  00:00           0           0       0.000 gal
  a44                  JUNCTION      0.00     0.00     0  00:00           0           0       0.000 gal
  a45                  JUNCTION      0.00     0.00     0  00:00           0           0       0.000 gal
  a46                  JUNCTION      0.00     0.00     0  00:00           0           0       0.000 gal
  a47                  JUNCTION      0.00     0.00     0  00:00           0           0       0.000 gal
  a226                 JUNCTION      0.00     0.00     0  00:00           0           0       0.000 gal
  a48                  JUNCTION      0.00     0.00     0  00:00           0           0       0.000 gal
  a50                  JUNCTION      0.00     0.00     0  00:00           0           0       0.000 gal
  a325                 JUNCTION      0.00     0.00     0  00:00           0           0       0.000 gal
  a51                  JUNCTION      0.00     0.00     0  00:00           0           0       0.000 gal
  a52                  JUNCTION      0.00     0.00     0  00:00           0           0       0.000 gal
  a53                  JUNCTION      0.00     0.00     0  00:00           0           0       0.000 gal
  a54                  JUNCTION      0.00     0.00     0  00:00           0           0       0.000 gal
  a55                  JUNCTION      0.00     0.00     0  00:00           0           0       0.000 gal
  a56                  JUNCTION      0.00     0.00     0  00:00           0           0       0.000 gal
  a57                  JUNCTION      0.00     0.00     0  00:00           0           0       0.000 gal
  a58                  JUNCTION      0.00     0.00     0  00:00           0           0       0.000 gal
  a59                  JUNCTION      0.00     0.00     0  00:00           0           0       0.000 gal
  a224                 JUNCTION      0.00     0.08     0  05:47           0      0.0404       0.134
  a124                 JUNCTION      0.08     0.08     0  00:00      0.0517      0.0517      27.880
  a60                  JUNCTION      0.00     0.00     0  00:00           0           0       0.000 gal
  a61                  JUNCTION      0.00     0.00     0  00:00           0           0       0.000 gal
  a62                  JUNCTION      0.00     0.00     0  00:00           0           0       0.000 gal
  a63                  JUNCTION      0.00     0.00     0  00:00           0           0       0.000 gal
  a64                  JUNCTION      0.00     0.00     0  00:00           0           0       0.000 gal
  a65                  JUNCTION      0.00     0.00     0  00:00           0           0       0.000 gal
  a66                  JUNCTION      0.00     0.00     0  00:00           0           0       0.000 gal
  a67                  JUNCTION      0.00     0.00     0  00:00           0           0       0.000 gal
  a68                  JUNCTION      0.00     0.00     0  00:00           0           0       0.000 gal
  a69                  JUNCTION      0.00     0.00     0  00:00           0           0       0.000 gal
  a70                  JUNCTION      0.00     0.00     0  00:00           0           0       0.000 gal
  a323                 JUNCTION      0.95     0.95     0  00:00       0.614       0.614       5.632
  a71                  JUNCTION      0.00     0.00     0  00:00           0           0       0.000 gal
  a72                  JUNCTION      0.00     0.00     0  00:00           0           0       0.000 gal
  a73                  JUNCTION      0.00     0.00     0  00:00           0           0       0.000 gal
  a74                  JUNCTION      0.00     0.00     0  00:00           0           0       0.000 gal
  a75                  JUNCTION      0.00     0.00     0  00:00           0           0       0.000 gal
  a76                  JUNCTION      0.00     0.00     0  00:00           0           0       0.000 gal
  a77                  JUNCTION      0.00     0.00     0  00:00           0           0       0.000 gal
  a80                  JUNCTION      0.00     0.00     0  00:00           0           0       0.000 gal
  a81                  JUNCTION      0.00     0.00     0  00:00           0           0       0.000 gal
  a82                  JUNCTION      0.00     0.00     0  00:00           0           0       0.000 gal
  a83                  JUNCTION      0.00     0.00     0  00:00           0           0       0.000 gal
  a84                  JUNCTION      0.00     0.00     0  00:00           0           0       0.000 gal
  a85                  JUNCTION      0.00     0.00     0  00:00           0           0       0.000 gal
  a86                  JUNCTION      0.00     0.00     0  00:00           0           0       0.000 gal
  a87                  JUNCTION      0.00     0.00     0  00:00           0           0       0.000 gal
  a222                 JUNCTION      0.00     0.68     0  01:47           0       0.428       0.054
  a122                 JUNCTION      0.68     0.68     0  00:00       0.439       0.439       2.683
  a322                 JUNCTION      0.00     0.00     0  00:00           0           0       0.000 gal
  a88                  JUNCTION      0.00     0.00     0  00:00           0           0       0.000 gal
  a221                 JUNCTION      0.00     0.10     0  06:08           0      0.0542       0.116
  a121                 JUNCTION      0.10     0.10     0  00:00      0.0646      0.0646      19.289
  a90                  JUNCTION      0.00     0.00     0  00:00           0           0       0.000 gal
  a220                 JUNCTION      0.00     0.00     0  00:00           0           0       0.000 gal
  a120                 JUNCTION      0.33     0.33     0  00:00       0.213       0.213       9.280
  a91                  JUNCTION      0.00     0.00     0  00:00           0           0       0.000 gal
  a92                  JUNCTION      0.00     0.00     0  00:00           0           0       0.000 gal
  a93                  JUNCTION      0.00     0.00     0  00:00           0           0       0.000 gal
  a94                  JUNCTION      0.00     0.00     0  00:00           0           0       0.000 gal
  a95                  JUNCTION      0.00     0.00     0  00:00           0           0       0.000 gal
  a96                  JUNCTION      0.00     0.00     0  00:00           0           0       0.000 gal
  a97                  JUNCTION      0.00     0.00     0  00:00           0           0       0.000 gal
  a36001               JUNCTION      0.00     0.00     0  00:00           0           0       0.000 gal
  a36002               JUNCTION      0.00     0.00     0  00:00           0           0       0.000 gal
  a36040               JUNCTION      0.00     0.31     0  02:30           0       0.186       0.080
  a364                 JUNCTION      0.31     0.31     0  00:00         0.2         0.2       7.750
  a36020               JUNCTION      0.00     0.00     0  00:00           0           0       0.000 gal
  a36021               JUNCTION      0.00     0.00     0  00:00           0           0       0.000 gal
  a36022               JUNCTION      0.00     0.00     0  00:00           0           0       0.000 gal
  a36023               JUNCTION      0.00     0.00     0  00:00           0           0       0.000 gal
  a36098               JUNCTION      0.00     0.00     0  00:00           0           0       0.000 gal
  a36099               JUNCTION      0.00     0.00     0  00:00           0           0       0.000 gal
  a36000               JUNCTION      0.00     0.00     0  00:00           0           0       0.000 gal
  a36011               JUNCTION      0.00     0.00     0  00:00           0           0       0.000 gal
  a361                 JUNCTION      0.31     0.31     0  00:00         0.2         0.2      19.562
  a36030               JUNCTION      0.00     0.00     0  00:00           0           0       0.000 gal
  a36031               JUNCTION      0.00     0.00     0  00:00           0           0       0.000 gal
  a10036               JUNCTION      0.00     0.00     0  00:00           0           0       0.000 gal
  a10043               JUNCTION      0.00     5.00     0  01:06           0        3.21       2.606
  a301                 JUNCTION      5.00     5.00     0  00:00        3.23        3.23       0.651
  a37001               JUNCTION      0.00     1.24     0  01:04           0       0.771       0.047
  a37000               JUNCTION      0.00     0.00     0  00:00           0           0       0.000 gal
  a37004               JUNCTION      0.00     1.24     0  00:41           0       0.786       1.924
  a370                 JUNCTION      1.24     1.24     0  00:00       0.801       0.801       1.962
  a22222               JUNCTION      0.00     0.00     0  00:00           0           0       0.000 gal
  a20003               JUNCTION      0.00     0.00     0  00:00           0           0       0.000 gal
  a205                 JUNCTION      2.14     2.14     0  00:00        1.38        1.38       0.614
  a20007               JUNCTION      0.00     9.59     0  00:12           0        1.37       1.050
  a208                 JUNCTION      2.14     6.91     0  00:47        1.38        2.75       1.211
  a20009               JUNCTION      0.00   193.18     0  00:12           0        3.02       1.234
  a40001               JUNCTION      0.00     1.00     0  09:59           0       0.601       2.081
  a40007               JUNCTION      0.00     1.00     0  09:59           0       0.617       2.582
  a401                 JUNCTION      1.00     1.00     0  00:00       0.646       0.646       4.822
  a206                 JUNCTION      2.14     4.20     0  00:30        1.38        1.67       2.460
  a20017               JUNCTION      0.00    10.52     0  00:22           0        5.84       1.053
  a56000               JUNCTION      0.00     0.00     0  00:00           0           0       0.000 gal
  a56002               JUNCTION      0.00     0.00     0  00:00           0           0       0.000 gal
  a20028               JUNCTION      0.00     6.67     0  00:27           0        4.25       0.588
  a203                 JUNCTION      2.14     6.66     0  01:04        1.38        4.27       0.387
  a204                 JUNCTION      2.14     4.52     0  00:43        1.38         2.9       0.636
  a201                 JUNCTION      2.38     2.38     0  00:00        1.54        1.54       1.240
  a38004               JUNCTION      0.00     0.00     0  00:00           0           0       0.000 gal
  a38003               JUNCTION      0.00     0.00     0  00:00           0           0       0.000 gal
  a38001               JUNCTION      0.00     0.00     0  00:00           0           0       0.000 gal
  a38007               JUNCTION      0.00     0.00     0  00:00           0           0       0.000 gal
  a38000               JUNCTION      0.00     0.00     0  00:00           0           0       0.000 gal
  a38008               JUNCTION      0.00     0.00     0  00:00           0           0       0.000 gal
  a38009               JUNCTION      0.00     0.00     0  00:00           0           0       0.000 gal
  a10027               JUNCTION      0.00     0.00     0  00:00           0           0       0.000 gal
  a35001               JUNCTION      0.00     1.08     0  00:32           0       0.685       0.054
  a35000               JUNCTION      0.00     0.00     0  00:00           0           0       0.000 gal
  a350                 JUNCTION      1.08     1.08     0  00:00       0.698       0.698       1.870
  a10024               JUNCTION      0.00     0.00     0  00:00           0           0       0.000 gal
  a34000               JUNCTION      0.00     0.00     0  00:00           0           0       0.000 gal
  a34002               JUNCTION      0.00     0.05     0  21:52           0      0.0176    1829.178
  a343                 JUNCTION      0.05     0.05     0  00:00      0.0323      0.0323      83.344
  a10023               JUNCTION      0.00     0.00     0  00:00           0           0       0.000 gal
  a33001               JUNCTION      0.00     0.31     0  02:42           0       0.185       0.075
  a33000               JUNCTION      0.00     0.00     0  00:00           0           0       0.000 gal
  a332                 JUNCTION      0.31     0.31     0  00:00         0.2         0.2       8.468
  a10022               JUNCTION      0.00     0.00     0  00:00           0           0       0.000 gal
  a32000               JUNCTION      0.00     0.00     0  00:00           0           0       0.000 gal
  a32003               JUNCTION      0.00     0.00     0  00:00           0           0       0.000 gal
  a32005               JUNCTION      0.00     0.00     0  00:00           0           0       0.000 gal
  a32006               JUNCTION      0.00     0.00     0  00:00           0           0       0.000 gal
  a32007               JUNCTION      0.00     0.00     0  00:00           0           0       0.000 gal
  a32008               JUNCTION      0.00     0.00     0  00:00           0           0       0.000 gal
  a32010               JUNCTION      0.00     0.00     0  00:00           0           0       0.000 gal
  a32011               JUNCTION      0.00     0.00     0  00:00           0           0       0.000 gal
  a392                 JUNCTION      0.00     0.00     0  00:00           0           0       0.000 gal
  a32013               JUNCTION      0.00     0.00     0  00:00           0           0       0.000 gal
  a32014               JUNCTION      0.00     0.00     0  00:00           0           0       0.000 gal
  a32017               JUNCTION      0.00     0.00     0  00:00           0           0       0.000 gal
  a32018               JUNCTION      0.00     0.00     0  00:00           0           0       0.000 gal
  a32019               JUNCTION      0.00     0.00     0  00:00           0           0       0.000 gal
  a32021               JUNCTION      0.00     0.00     0  00:00           0           0       0.000 gal
  a39005               JUNCTION      0.00     0.00     0  00:00           0           0       0.000 gal
  a39006               JUNCTION      0.00     0.00     0  00:00           0           0       0.000 gal
  a39007               JUNCTION      0.00     0.00     0  00:00           0           0       0.000 gal
  a39000               JUNCTION      0.00     0.00     0  00:00           0           0       0.000 gal
  a398                 JUNCTION      0.00     0.46     0  04:58           0       0.249       9.868
  a39003               JUNCTION      0.00     0.46     0  03:11           0       0.273       9.355
  a399                 JUNCTION      0.46     0.46     0  00:00       0.297       0.297       8.963
  a10020               JUNCTION      0.00     0.00     0  00:00           0           0       0.000 gal
  a31001               JUNCTION      0.00     0.08     0  17:57           0       0.015       0.346
  a31002               JUNCTION      0.00     0.00     0  00:00           0           0       0.000 gal
  a29002               JUNCTION      0.00     0.14     0  12:29           0      0.0258      71.890
  a29001               JUNCTION      0.00     0.11     0  07:59           0      0.0356      38.160
  a293                 JUNCTION      0.08     0.08     0  00:00      0.0517      0.0517      45.230
  a10018               JUNCTION      0.00     0.00     0  00:00           0           0       0.000 gal
  a10014               JUNCTION      0.00     0.00     0  00:00           0           0       0.000 gal
  a12001               JUNCTION      0.00     0.00     0  00:00           0           0       0.000 gal
  a12005               JUNCTION      0.00     0.00     0  00:00           0           0       0.000 gal
  a12007               JUNCTION      0.00     0.00     0  00:00           0           0       0.000 gal
  a30000               JUNCTION      0.00     0.00     0  00:00           0           0       0.000 gal
  a10013               JUNCTION      0.00     0.00     0  00:00           0           0       0.000 gal
  a13000               JUNCTION      0.00     0.00     0  00:00           0           0       0.000 gal
  a13001               JUNCTION      0.00     0.00     0  00:00           0           0       0.000 gal
  a10012               JUNCTION      0.00     0.00     0  00:00           0           0       0.000 gal
  a15000               JUNCTION      0.00     0.00     0  00:00           0           0       0.000 gal
  a15001               JUNCTION      0.00     0.00     0  00:00           0           0       0.000 gal
  a15002               JUNCTION      0.00     0.00     0  00:00           0           0       0.000 gal
  a10003               JUNCTION      0.00     0.00     0  00:00           0           0       0.000 gal
  a16000               JUNCTION      0.00     0.00     0  00:00           0           0       0.000 gal
  a16001               JUNCTION      0.00     0.00     0  00:00           0           0       0.000 gal
  a16002               JUNCTION      0.00     0.00     0  00:00           0           0       0.000 gal
  a16003               JUNCTION      0.00     0.00     0  00:00           0           0       0.000 gal
  a16004               JUNCTION      0.00     0.00     0  00:00           0           0       0.000 gal
  a16005               JUNCTION      0.00     0.00     0  00:00           0           0       0.000 gal
  9890                 JUNCTION      0.00     0.00     0  00:00           0           0       0.000 gal
  9880                 JUNCTION      0.00     0.00     0  00:00           0           0       0.000 gal
  9870                 JUNCTION      0.00     0.00     0  00:00           0           0       0.000 gal
  9860                 JUNCTION      2.63     7.12     0  00:36         1.7        3.23       0.713
  9861                 JUNCTION      0.00     3.86     0  00:19           0        1.55       1.008
  9862                 JUNCTION      1.97     2.57     0  08:36        1.27        1.56       1.082
  9863                 JUNCTION      0.00     0.60     0  08:36           0       0.308       6.230
  9864                 JUNCTION      0.00     0.60     0  04:55           0       0.326       6.026
  9865                 JUNCTION      0.00     0.60     0  03:39           0       0.349       6.829
  9866                 JUNCTION      0.00     0.60     0  02:21           0       0.368       5.551
  9867                 JUNCTION      0.60     0.60     0  00:00       0.388       0.388       5.409
  9850                 JUNCTION      0.00     5.21     0  06:16           0        3.21       0.474
  9840                 JUNCTION      0.00    22.19     0  00:29           0        3.19       0.607
  9830                 JUNCTION      0.00     5.20     0  08:36           0        3.17       0.578
  9820                 JUNCTION      0.00     5.20     0  08:36           0        3.15       0.624
  9810                 JUNCTION      0.00     5.20     0  08:36           0        3.14       0.616
  9800                 JUNCTION      0.00     5.20     0  08:36           0        3.12       0.447
  9705                 JUNCTION      0.00     0.00     0  00:00           0           0       0.000 gal
  9715                 JUNCTION      1.24     2.06     0  01:58       0.801         1.3       1.532
  9720                 JUNCTION      0.00     0.84     0  01:33           0       0.512       3.334
  9725                 JUNCTION      0.82     0.82     0  00:00        0.53        0.53       3.417
  9735                 JUNCTION      0.00     0.32     0  08:48           0       0.179      10.028
  9740                 JUNCTION      0.00     0.34     0  03:29           0       0.197      10.254
  9745                 JUNCTION      0.77     0.77     0  00:00       0.498       0.498       3.920
  9750                 JUNCTION      0.00     0.62     0  02:21           0       0.282       6.616
  9755                 JUNCTION      0.00     0.55     0  02:41           0       0.264       7.052
  9760                 JUNCTION      0.00     0.48     0  03:40           0       0.247       7.233
  9770                 JUNCTION      0.71     0.71     0  00:00       0.459       0.459       3.861
  9550                 JUNCTION      0.00     0.00     0  00:00           0           0       0.000 gal
  5501                 JUNCTION      0.00     0.00     0  00:00           0           0       0.000 gal
  9525                 JUNCTION      0.00     0.00     0  00:00           0           0       0.000 gal
  9500                 JUNCTION      0.00     0.00     0  00:00           0           0       0.000 gal
  9475                 JUNCTION      0.00     0.00     0  00:00           0           0       0.000 gal
  9450                 JUNCTION      0.00     0.00     0  00:00           0           0       0.000 gal
  5401                 JUNCTION      0.00     0.00     0  00:00           0           0       0.000 gal
  5402                 JUNCTION      0.00     0.00     0  00:00           0           0       0.000 gal
  c5420                JUNCTION      1.21     1.21     0  00:00       0.782       0.782       2.356
  9425                 JUNCTION      0.00     0.00     0  00:00           0           0       0.000 gal
  9400                 JUNCTION      0.00     0.00     0  00:00           0           0       0.000 gal
  9250                 JUNCTION      0.00     0.00     0  00:00           0           0       0.000 gal
  5252                 JUNCTION      0.00     0.00     0  00:00           0           0       0.000 gal
  9200                 JUNCTION      0.00     0.00     0  00:00           0           0       0.000 gal
  9000                 JUNCTION      0.00     0.00     0  00:00           0           0       0.000 gal
  5001                 JUNCTION      0.00     0.00     0  00:00           0           0       0.000 gal
  5002                 JUNCTION      0.00     0.00     0  00:00           0           0       0.000 gal
  4905                 JUNCTION      0.54     0.54     0  00:00       0.349       0.349       3.344
  4912                 JUNCTION      0.15     0.15     0  00:00      0.0969      0.0969      13.318
  4917                 JUNCTION      0.00     5.93     0  07:54           0        1.22       0.223
  4916                 JUNCTION      0.00     1.93     0  09:26           0        1.09       1.621
  4301                 JUNCTION      0.00     0.00     0  00:00           0           0       0.000 gal
  4300                 JUNCTION      0.00     0.00     0  00:00           0           0       0.000 gal
  c4200                JUNCTION      0.00     0.00     0  00:00           0           0       0.000 gal
  4920                 JUNCTION      0.00     1.93     1  00:00           0         1.1       1.219
  c4930                JUNCTION      0.00     1.93     0  05:09           0        1.15       3.900
  4940                 JUNCTION      0.00     5.03     0  00:24           0        1.16       1.489
  4950                 JUNCTION      1.14     2.28     0  03:30       0.737        1.17       0.849
  4960                 JUNCTION      0.00     0.79     0  03:30           0       0.449       3.108
  4970                 JUNCTION      0.00     0.79     0  05:04           0       0.464       3.299
  4975                 JUNCTION      0.00     0.79     0  02:30           0       0.481       3.534
  4980                 JUNCTION      0.00     0.79     0  01:32           0       0.495       3.103
  c4990                JUNCTION      0.79     0.79     0  00:00       0.511       0.511       3.055
  9100                 JUNCTION      0.00     0.00     0  00:00           0           0       0.000 gal
  9110                 JUNCTION      0.00     0.00     0  00:00           0           0       0.000 gal
  9120                 JUNCTION      0.00     0.00     0  00:00           0           0       0.000 gal
  9130                 JUNCTION      0.00     0.00     0  00:00           0           0       0.000 gal
  9140                 JUNCTION      0.00     0.00     0  00:00           0           0       0.000 gal
  5102                 JUNCTION      0.00     1.70     0  01:04           0      0.0028     166.413
  c5150                JUNCTION      0.91     0.91     0  00:00       0.588       0.588       2.627
  9300                 JUNCTION      0.00     0.00     0  00:00           0           0       0.000 gal
  9305                 JUNCTION      0.00     0.00     0  00:00           0           0       0.000 gal
  9310                 JUNCTION      0.00     0.00     0  00:00           0           0       0.000 gal
  5302                 JUNCTION      0.00     0.00     0  00:00           0           0       0.000 gal
  5303                 JUNCTION      0.00     0.00     0  00:00           0           0       0.000 gal
  5313                 JUNCTION      0.00     0.00     0  00:00           0           0       0.000 gal
  5351                 JUNCTION      0.00     0.00     0  00:00           0           0       0.000 gal
  5352                 JUNCTION      0.00     0.00     0  00:00           0           0       0.000 gal
  d2                   JUNCTION      0.02     0.02     0  00:00      0.0129      0.0129     434.684
  d3                   JUNCTION      0.02     0.02     0  00:00      0.0129      0.0129     344.219
  d41                  JUNCTION      0.00     0.00     0  00:00           0           0       0.000 gal
  d61                  JUNCTION      0.00     0.15     0  23:41           0     0.00147     496.851
  d100                 JUNCTION      0.00     0.00     0  00:00           0           0       0.000 gal
  d101                 JUNCTION      0.00     0.00     0  00:00           0           0       0.000 gal
  d102                 JUNCTION      0.00     0.00     0  00:00           0           0       0.000 gal
  d103                 JUNCTION      0.00     0.00     0  00:00           0           0       0.000 gal
  d104                 JUNCTION      0.00     0.02     0  21:18           0     0.00291    2909.692 gal
  d105                 JUNCTION      0.00     0.00     0  00:00           0           0       0.000 gal
  d106                 JUNCTION      0.00     0.00     0  00:00           0           0       0.000 gal
  d107                 JUNCTION      0.00     0.00     0  00:00           0           0       0.000 gal
  d108                 JUNCTION      0.00     0.00     0  00:00           0           0       0.000 gal
  d109                 JUNCTION      0.00     0.00     0  00:00           0           0       0.000 gal
  d110                 JUNCTION      0.00     0.00     0  00:00           0           0       0.000 gal
  d111                 JUNCTION      0.00     0.00     0  00:00           0           0       0.000 gal
  d113                 JUNCTION      0.00     0.00     0  00:00           0           0       0.000 gal
  d63                  JUNCTION      0.00     7.41     0  02:18           0     0.00986      62.155
  d43                  JUNCTION      0.00     0.00     0  00:00           0           0       0.000 gal
  d1                   JUNCTION      0.39     0.39     0  00:00       0.252       0.252       5.456
  d500                 JUNCTION      0.00     0.41     0  02:28           0       0.239       5.708
  d501                 JUNCTION      0.00     0.42     0  03:43           0       0.226       6.252
  d502                 JUNCTION      0.00     0.40     0  05:00           0       0.213       6.517
  d503                 JUNCTION      0.00     0.42     0  06:13           0         0.2       7.046
  d152                 JUNCTION      0.00     0.00     0  00:00           0           0       0.000 gal
  d153                 JUNCTION      0.00     0.00     0  00:00           0           0       0.000 gal
  d154                 JUNCTION      0.00     0.00     0  00:00           0           0       0.000 gal
  d155                 JUNCTION      0.00     0.00     0  00:00           0           0       0.000 gal
  d156                 JUNCTION      0.00     0.00     0  00:00           0           0       0.000 gal
  d157                 JUNCTION      0.00     0.00     0  00:00           0           0       0.000 gal
  d158                 JUNCTION      0.00     0.00     0  00:00           0           0       0.000 gal
  d159                 JUNCTION      0.00     0.00     0  00:00           0           0       0.000 gal
  d160                 JUNCTION      0.00     0.00     0  00:00           0           0       0.000 gal
  d161                 JUNCTION      0.00     0.00     0  00:00           0           0       0.000 gal
  d162                 JUNCTION      0.00     0.00     0  00:00           0           0       0.000 gal
  d163                 JUNCTION      0.00     0.00     0  00:00           0           0       0.000 gal
  d164                 JUNCTION      0.00     1.44     0  00:40           0       0.821       1.356
  d4                   JUNCTION      1.29     1.29     0  00:00       0.834       0.834       1.557
  d165                 JUNCTION      0.00     4.90     0  00:40           0        0.81       1.589
  d166                 JUNCTION      0.00     1.46     0  01:26           0       0.797       1.510
  d167                 JUNCTION      0.00     4.10     0  01:21           0       0.785       1.478
  d168                 JUNCTION      0.00     1.34     0  02:02           0       0.774       1.672
  d115                 JUNCTION      0.00     0.00     0  00:00           0           0       0.000 gal
  d116                 JUNCTION      0.00     0.00     0  00:00           0           0       0.000 gal
  d117                 JUNCTION      0.00     0.00     0  00:00           0           0       0.000 gal
  d64                  JUNCTION      0.00     0.00     0  00:00           0           0       0.000 gal
  d44                  JUNCTION      0.00     0.00     0  00:00           0           0       0.000 gal
  d510                 JUNCTION      0.00     0.00     0  00:00           0           0       0.000 gal
  d511                 JUNCTION      0.00     0.00     0  00:00           0           0       0.000 gal
  d513                 JUNCTION      0.00     0.00     0  00:00           0           0       0.000 gal
  d514                 JUNCTION      0.00     0.00     0  00:00           0           0       0.000 gal
  d515                 JUNCTION      0.00     0.00     0  00:00           0           0       0.000 gal
  d516                 JUNCTION      0.00     0.00     0  00:00           0           0       0.000 gal
  d118                 JUNCTION      0.00     0.00     0  00:00           0           0       0.000 gal
  d119                 JUNCTION      0.00     0.00     0  00:00           0           0       0.000 gal
  d120                 JUNCTION      0.00     0.00     0  00:00           0           0       0.000 gal
  d121                 JUNCTION      0.00     0.00     0  00:00           0           0       0.000 gal
  d122                 JUNCTION      0.00     0.00     0  00:00           0           0       0.000 gal
  d45                  JUNCTION      0.00     0.00     0  00:00           0           0       0.000 gal
  d124                 JUNCTION      0.00     0.00     0  00:00           0           0       0.000 gal
  d125                 JUNCTION      0.00     0.00     0  00:00           0           0       0.000 gal
  d126                 JUNCTION      0.00     0.02     0  20:59           0     0.00369    3694.854 gal
  d127                 JUNCTION      0.00     0.00     0  00:00           0           0       0.000 gal
  d128                 JUNCTION      0.00     0.00     0  00:00           0           0       0.000 gal
  d129                 JUNCTION      0.00     0.00     0  00:00           0           0       0.000 gal
  d130                 JUNCTION      0.00     0.00     0  00:00           0           0       0.000 gal
  d131                 JUNCTION      0.00     0.00     0  00:00           0           0       0.000 gal
  d132                 JUNCTION      0.00     0.00     0  00:00           0           0       0.000 gal
  d133                 JUNCTION      0.00     0.00     0  00:00           0           0       0.000 gal
  d134                 JUNCTION      0.00     0.00     0  00:00           0           0       0.000 gal
  d135                 JUNCTION      0.00     0.00     0  00:00           0           0       0.000 gal
  d136                 JUNCTION      0.00     0.00     0  00:00           0           0       0.000 gal
  d138                 JUNCTION      0.00     0.00     0  00:00           0           0       0.000 gal
  d139                 JUNCTION      0.00     0.00     0  00:00           0           0       0.000 gal
  d67                  JUNCTION      0.00     1.01     0  07:27           0     0.00274      89.163
  d8                   JUNCTION      0.02     0.02     0  00:00      0.0129      0.0129     249.822
  d9                   JUNCTION      0.16     0.16     0  00:00       0.103       0.103      13.288
  d47                  JUNCTION      0.00     0.00     0  00:00           0           0       0.000 gal
  d4604                JUNCTION      0.00     0.00     0  00:00           0           0       0.000 gal
  d4605                JUNCTION      0.00     0.00     0  00:00           0           0       0.000 gal
  d4661                JUNCTION      0.00     0.00     0  00:00           0           0       0.000 gal
  d7561                JUNCTION      0.00     0.00     0  00:00           0           0       0.000 gal
  d7461                JUNCTION      0.00     0.00     0  00:00           0           0       0.000 gal
  d7905                JUNCTION      0.00     0.00     0  00:00           0           0       0.000 gal
  d7105                JUNCTION      0.00     0.00     0  00:00           0           0       0.000 gal
  d7205                JUNCTION      0.00     0.00     0  00:00           0           0       0.000 gal
  c555                 JUNCTION      0.24     0.24     0  00:00       0.155       0.155      11.884
  d6                   JUNCTION      1.70     1.70     0  00:00         1.1         1.1       2.220
  d7261                JUNCTION      0.00     0.00     0  00:00           0           0       0.000 gal
  d7104                JUNCTION      0.00     0.00     0  00:00           0           0       0.000 gal
  5502                 JUNCTION      0.00     0.27     0  07:26           0     0.00111     301.980
  045                  JUNCTION      0.00     0.00     0  00:00           0           0       0.000 gal
  442                  JUNCTION      0.00     0.00     0  00:00           0           0       0.000 gal
  443                  JUNCTION      0.00     0.00     0  00:00           0           0       0.000 gal
  413                  JUNCTION      0.00     0.00     0  00:00           0           0       0.000 gal
  a345                 JUNCTION      0.00     0.00     0  00:00           0           0       0.000 gal
  a318                 JUNCTION      0.00     0.00     0  00:00           0           0       0.000 gal
  a319                 JUNCTION      0.00     0.00     0  00:00           0           0       0.000 gal
  a422                 JUNCTION      0.00     0.00     0  00:00           0           0       0.000 gal
  a523                 JUNCTION      0.00     0.00     0  00:00           0           0       0.000 gal
  a425                 JUNCTION      0.00     0.00     0  00:00           0           0       0.000 gal
  a10030               JUNCTION      0.00     0.00     0  00:00           0           0       0.000 gal
  d7505                JUNCTION      0.00     0.00     0  00:00           0           0       0.000 gal
  d7204                JUNCTION      0.00     0.00     0  00:00           0           0       0.000 gal
  d26050               JUNCTION      0.00     0.00     0  00:00           0           0       0.000 gal
  x9510                JUNCTION      0.00     0.00     0  00:00           0           0       0.000 gal
  x29                  JUNCTION      0.00     0.00     0  00:00           0           0       0.000 gal
  a219s                JUNCTION      0.00     0.00     0  00:00           0           0       0.000 gal
  a219w                JUNCTION      0.00     0.00     0  00:00           0           0       0.000 gal
  a220s                JUNCTION      0.00     0.00     0  00:00           0           0       0.000 gal
  a221s                JUNCTION      0.00     0.10     0  06:13           0      0.0541       0.000
  a222s                JUNCTION      0.00     0.68     0  01:48           0       0.428       0.000
  a223s                JUNCTION      0.00     0.95     0  04:19           0        0.58       0.000
  a223w                JUNCTION      0.00     0.00     0  00:00           0           0       0.000 gal
  a224s                JUNCTION      0.00     0.08     0  05:51           0      0.0404       0.000
  a475                 JUNCTION      0.00     0.00     0  00:00           0           0       0.000 gal
  a226s                JUNCTION      0.00     0.00     0  00:00           0           0       0.000 gal
  a225s                JUNCTION      0.00     0.00     0  00:00           0           0       0.000 gal
  d24w                 JUNCTION      0.00     0.00     0  00:00           0           0       0.000 gal
  x16w                 JUNCTION      0.00     0.00     0  00:00           0           0       0.000 gal
  x18s                 JUNCTION      0.00     0.00     0  00:00           0           0       0.000 gal
  x19w                 JUNCTION      0.00     0.00     0  00:00           0           0       0.000 gal
  a49                  JUNCTION      0.00     0.00     0  00:00           0           0       0.000 gal
  a12000               JUNCTION      0.00     0.00     0  00:00           0           0       0.000 gal
  a129                 JUNCTION      0.39     0.39     0  00:00       0.252       0.252       0.000
  a12001s              JUNCTION      0.00     0.00     0  00:00           0           0       0.000 gal
  a13001s              JUNCTION      0.00     0.00     0  00:00           0           0       0.000 gal
  x25w                 JUNCTION      0.00     0.00     0  00:00           0           0       0.000 gal
  x27w                 JUNCTION      0.00     0.00     0  00:00           0           0       0.000 gal
  a15001s              JUNCTION      0.00     0.00     0  00:00           0           0       0.000 gal
  a16001s              JUNCTION      0.00     0.00     0  00:00           0           0       0.000 gal
  a30001               JUNCTION      0.00     0.00     0  00:00           0           0       0.000 gal
  a31001s              JUNCTION      0.00     0.08     1  00:00           0      0.0149       0.000
  a1699n               JUNCTION      0.00     0.00     0  00:00           0           0       0.000 gal
  a225w                JUNCTION      0.00     0.00     0  00:00           0           0       0.000 gal
  a32001s              JUNCTION      0.00     0.00     0  00:00           0           0       0.000 gal
  a32001n              JUNCTION      0.00     0.00     0  00:00           0           0       0.000 gal
  a33001s              JUNCTION      0.00     0.31     0  02:45           0       0.185       0.000
  a34001s              JUNCTION      0.00     0.05     1  00:00           0    0.000827       0.000
  a34001w              JUNCTION      0.00     0.00     0  00:00           0           0       0.000 gal
  a35001s              JUNCTION      0.00     1.08     0  00:43           0       0.685       0.000
  a36010s              JUNCTION      0.00     0.00     0  00:00           0           0       0.000 gal
  a36010n              JUNCTION      0.00     0.00     0  00:00           0           0       0.000 gal
  a36020s              JUNCTION      0.00     0.00     0  00:00           0           0       0.000 gal
  a36030s              JUNCTION      0.00     0.00     0  00:00           0           0       0.000 gal
  a36040s              JUNCTION      0.00     0.31     0  02:33           0       0.186       0.000
  a37001s              JUNCTION      0.00     1.24     0  01:08           0       0.771       0.000
  a39001s              JUNCTION      0.00     0.46     0  07:15           0       0.227       0.000
  a56001s              JUNCTION      0.00     0.00     0  00:00           0           0       0.000 gal
  a38035               JUNCTION      0.00     0.00     0  00:00           0           0       0.000 gal
  2151s                JUNCTION      0.00     0.00     0  00:00           0           0       0.000 gal
  2148s                JUNCTION      0.00     0.00     0  00:00           0           0       0.000 gal
  2157s                JUNCTION      0.00     0.00     0  00:00           0           0       0.000 gal
  2137s                JUNCTION      0.00     0.20     0  03:20           0       0.117       0.000
  2139s                JUNCTION      0.00     0.00     0  00:00           0           0       0.000 gal
  2153s                JUNCTION      0.00     0.00     0  00:00           0           0       0.000 gal
  2121s                JUNCTION      0.00     0.00     0  00:00           0           0       0.000 gal
  x9057                JUNCTION      0.00     0.00     0  00:00           0           0       0.000 gal
  046                  JUNCTION      0.00     0.00     0  00:00           0           0       0.000 gal
  4602                 JUNCTION      0.00     0.00     0  00:00           0           0       0.000 gal
  4501                 JUNCTION      0.00     0.00     0  00:00           0           0       0.000 gal
  444                  JUNCTION      0.00     0.00     0  00:00           0           0       0.000 gal
  446                  JUNCTION      0.00     0.00     0  00:00           0           0       0.000 gal
  5314                 JUNCTION      0.00     0.00     0  00:00           0           0       0.000 gal
  5309                 JUNCTION      0.00     0.00     0  00:00           0           0       0.000 gal
  5311                 JUNCTION      0.00     0.00     0  00:00           0           0       0.000 gal
  4101                 JUNCTION      0.00     0.00     0  00:00           0           0       0.000 gal
  5307                 JUNCTION      0.00     0.00     0  00:00           0           0       0.000 gal
  5308                 JUNCTION      0.00     0.00     0  00:00           0           0       0.000 gal
  5101                 JUNCTION      0.00     0.00     0  00:00           0           0       0.000 gal
  5435                 JUNCTION      0.00     0.00     0  00:00           0           0       0.000 gal
  9599                 JUNCTION      0.00     0.00     0  00:00           0           0       0.000 gal
  5422                 JUNCTION      0.00     0.00     0  00:00           0           0       0.000 gal
  5424                 JUNCTION      0.00     0.00     0  00:00           0           0       0.000 gal
  5430                 JUNCTION      0.00     0.00     0  00:00           0           0       0.000 gal
  5316                 JUNCTION      0.00     0.00     0  00:00           0           0       0.000 gal
  4506                 JUNCTION      0.00     0.00     0  00:00           0           0       0.000 gal
  4512                 JUNCTION      0.00     0.00     0  00:00           0           0       0.000 gal
  4510                 JUNCTION      0.00     0.00     0  00:00           0           0       0.000 gal
  4509                 JUNCTION      0.00     0.00     0  00:00           0           0       0.000 gal
  4513                 JUNCTION      0.00     0.00     0  00:00           0           0       0.000 gal
  2109                 JUNCTION      0.00     0.00     0  00:00           0           0       0.000 gal
  065                  JUNCTION      0.00     0.00     0  00:00           0           0       0.000 gal
  2028                 JUNCTION      0.00     0.00     0  00:00           0           0       0.000 gal
  d2059                JUNCTION      0.00     0.00     0  00:00           0           0       0.000 gal
  d40                  JUNCTION      0.00     0.00     0  00:00           0           0       0.000 gal
  a2071                JUNCTION      0.00     1.88     0  00:46           0      0.0131       0.000
  a212                 JUNCTION      0.00     0.00     0  00:00           0           0       0.000 gal
  a209                 JUNCTION      0.00     0.00     0  00:00           0           0       0.000 gal
  a210                 JUNCTION      0.00     0.00     0  00:00           0           0       0.000 gal
  d27w                 JUNCTION      0.00     0.00     0  00:00           0           0       0.000 gal
  HW_Link_1            JUNCTION      0.00     0.00     0  00:00           0           0       0.000 gal
  TW_Link_1            JUNCTION      0.00     0.00     0  00:00           0           0       0.000 gal
  21076                JUNCTION      0.00     0.00     0  00:00           0           0       0.000 gal
  Node_1125            JUNCTION      0.00     0.00     0  00:00           0           0       0.000 gal
  Node_2115375         JUNCTION      0.00     0.00     0  00:00           0           0       0.000 gal
  Node_45004           JUNCTION      0.00     0.00     0  00:00           0           0       0.000 gal
  Node_20152101        JUNCTION      0.00     0.00     0  00:00           0           0       0.000 gal
  Node_36013           JUNCTION      0.00     0.00     0  00:00           0           0       0.000 gal
  Node_1144477         JUNCTION      0.00     0.00     0  00:00           0           0       0.000 gal
  Node_1027            JUNCTION      0.00     0.00     0  00:00           0           0       0.000 gal
  Node_1344612         JUNCTION      0.00     0.00     0  00:00           0           0       0.000 gal
  Node_75050           JUNCTION      0.00     0.00     0  00:00           0           0       0.000 gal
  Node_1452910         JUNCTION      0.00     0.00     0  00:00           0           0       0.000 gal
  Node_26051           JUNCTION      0.00     0.00     0  00:00           0           0       0.000 gal
  Node_1468896         JUNCTION      0.00     0.00     0  00:00           0           0       0.000 gal
  Node_72040           JUNCTION      0.00     0.00     0  00:00           0           0       0.000 gal
  Node_1458920         JUNCTION      0.00     0.00     0  00:00           0           0       0.000 gal
  Node_26041           JUNCTION      0.00     0.00     0  00:00           0           0       0.000 gal
  Node_1473895         JUNCTION      0.00     0.00     0  00:00           0           0       0.000 gal
  Node_87              JUNCTION      0.00     0.00     0  00:00           0           0       0.000 gal
  Node_2136894         JUNCTION      0.00     0.00     0  00:00           0           0       0.000 gal
  Node_11010           JUNCTION      0.00     0.00     0  00:00           0           0       0.000 gal
  Node_1495288         JUNCTION      0.00     0.00     0  00:00           0           0       0.000 gal
  Node_90302           JUNCTION      0.00     0.00     0  00:00           0           0       0.000 gal
  Node_1583292         JUNCTION      0.00     0.00     0  00:00           0           0       0.000 gal
  Node_26024           JUNCTION      0.00     0.00     0  00:00           0           0       0.000 gal
  Node_1586222         JUNCTION      0.00     0.00     0  00:00           0           0       0.000 gal
  Node_90502           JUNCTION      0.00     0.00     0  00:00           0           0       0.000 gal
  Node_1590218         JUNCTION      0.00     0.00     0  00:00           0           0       0.000 gal
  Node_90503           JUNCTION      0.00     0.00     0  00:00           0           0       0.000 gal
  Node_1590294         JUNCTION      0.00     0.00     0  00:00           0           0       0.000 gal
  Node_90603           JUNCTION      0.00     0.00     0  00:00           0           0       0.000 gal
  Node_1594226         JUNCTION      0.00     0.00     0  00:00           0           0       0.000 gal
  Node_90802           JUNCTION      0.00     0.00     0  00:00           0           0       0.000 gal
  Node_1601301         JUNCTION      0.00     0.00     0  00:00           0           0       0.000 gal
  Node_90902           JUNCTION      0.00     0.00     0  00:00           0           0       0.000 gal
  Node_1604241         JUNCTION      0.00     0.00     0  00:00           0           0       0.000 gal
  Node_91002           JUNCTION      0.00     0.00     0  00:00           0           0       0.000 gal
  Node_1607244         JUNCTION      0.00     0.00     0  00:00           0           0       0.000 gal
  Node_91003           JUNCTION      0.00     0.00     0  00:00           0           0       0.000 gal
  Node_1607303         JUNCTION      0.00     0.00     0  00:00           0           0       0.000 gal
  Node_91402           JUNCTION      0.00     0.00     0  00:00           0           0       0.000 gal
  Node_1621260         JUNCTION      0.00     0.00     0  00:00           0           0       0.000 gal
  Node_91502           JUNCTION      0.00     0.00     0  00:00           0           0       0.000 gal
  Node_1624263         JUNCTION      0.00     0.00     0  00:00           0           0       0.000 gal
  Node_91702           JUNCTION      0.00     0.00     0  00:00           0           0       0.000 gal
  Node_1629270         JUNCTION      0.00     0.00     0  00:00           0           0       0.000 gal
  Node_91902           JUNCTION      0.00     0.00     0  00:00           0           0       0.000 gal
  Node_1634321         JUNCTION      0.00     0.00     0  00:00           0           0       0.000 gal
  HW_UL45              JUNCTION      0.00     0.00     0  00:00           0           0       0.000 gal
  Node_1583213         JUNCTION      0.00     0.00     0  00:00           0           0       0.000 gal
  Node_219             JUNCTION      0.00     0.00     0  00:00           0           0       0.000 gal
  Node_1765548         JUNCTION      0.00     0.00     0  00:00           0           0       0.000 gal
  Node_14219           JUNCTION      0.00     0.00     0  00:00           0           0       0.000 gal
  Node_17661217        JUNCTION      0.00     0.00     0  00:00           0           0       0.000 gal
  HW_220i              JUNCTION      0.00     0.00     0  00:00           0           0       0.000 gal
  HW_221i              JUNCTION      0.00     0.00     0  00:00           0           0       0.000 gal
  HW_222i              JUNCTION      0.00     0.00     0  00:00           0           0       0.000 gal
  HW_223i              JUNCTION      0.00     0.00     0  00:00           0           0       0.000 gal
  Node_14223           JUNCTION      0.00     0.00     0  00:00           0           0       0.000 gal
  Node_17831224        JUNCTION      0.00     0.00     0  00:00           0           0       0.000 gal
  HW_224i              JUNCTION      0.00     0.00     0  00:00           0           0       0.000 gal
  Node_360025          JUNCTION      0.00     0.00     0  00:00           0           0       0.000 gal
  Node_1789488         JUNCTION      0.00     0.00     0  00:00           0           0       0.000 gal
  HW_225i              JUNCTION      0.00     0.00     0  00:00           0           0       0.000 gal
  Node_83              JUNCTION      0.00     0.00     0  00:00           0           0       0.000 gal
  Node_1811821         JUNCTION      0.00     0.00     0  00:00           0           0       0.000 gal
  HW_MUL23W            JUNCTION      0.00     0.00     0  00:00           0           0       0.000 gal
  Node_18131811        JUNCTION      0.00     0.00     0  00:00           0           0       0.000 gal
  Node_84              JUNCTION      0.00     0.00     0  00:00           0           0       0.000 gal
  Node_1821856         JUNCTION      0.00     0.00     0  00:00           0           0       0.000 gal
  Node_90402           JUNCTION      0.00     0.00     0  00:00           0           0       0.000 gal
  Node_1586296         JUNCTION      0.00     0.00     0  00:00           0           0       0.000 gal
  HW_MULx16w           JUNCTION      0.00     0.00     0  00:00           0           0       0.000 gal
  Node_15941827        JUNCTION      0.00     0.00     0  00:00           0           0       0.000 gal
  Node_90602           JUNCTION      0.00     0.00     0  00:00           0           0       0.000 gal
  Node_1827299         JUNCTION      0.00     0.00     0  00:00           0           0       0.000 gal
  HW_MULx17w           JUNCTION      0.00     0.00     0  00:00           0           0       0.000 gal
  Node_15981832        JUNCTION      0.00     0.00     0  00:00           0           0       0.000 gal
  Node_90702           JUNCTION      0.00     0.00     0  00:00           0           0       0.000 gal
  Node_1832300         JUNCTION      0.00     0.00     0  00:00           0           0       0.000 gal
  HW_MULx17s           JUNCTION      0.00     0.00     0  00:00           0           0       0.000 gal
  Node_15981836        JUNCTION      0.00     0.00     0  00:00           0           0       0.000 gal
  Node_90017           JUNCTION      0.00     0.00     0  00:00           0           0       0.000 gal
  Node_1836232         JUNCTION      0.00     0.00     0  00:00           0           0       0.000 gal
  HW_MULx18s           JUNCTION      0.00     0.00     0  00:00           0           0       0.000 gal
  Node_16011839        JUNCTION      0.00     0.00     0  00:00           0           0       0.000 gal
  Node_90018           JUNCTION      0.00     0.00     0  00:00           0           0       0.000 gal
  Node_1839236         JUNCTION      0.00     0.00     0  00:00           0           0       0.000 gal
  Node_90019           JUNCTION      0.00     0.00     0  00:00           0           0       0.000 gal
  Node_1842302         JUNCTION      0.00     0.00     0  00:00           0           0       0.000 gal
  HW_MULx19w           JUNCTION      0.00     0.00     0  00:00           0           0       0.000 gal
  Node_16041842        JUNCTION      0.00     0.00     0  00:00           0           0       0.000 gal
  HW_MULx24w           JUNCTION      0.00     0.00     0  00:00           0           0       0.000 gal
  Node_16211848        JUNCTION      0.00     0.00     0  00:00           0           0       0.000 gal
  Node_90024           JUNCTION      0.00     0.00     0  00:00           0           0       0.000 gal
  Node_1848308         JUNCTION      0.00     0.00     0  00:00           0           0       0.000 gal
  Node_36027           JUNCTION      0.00     0.00     0  00:00           0           0       0.000 gal
  Node_1851489         JUNCTION      0.00     0.00     0  00:00           0           0       0.000 gal
  Node_1202            JUNCTION      0.00     0.00     0  00:00           0           0       0.000 gal
  Node_1858668         JUNCTION      0.00     0.00     0  00:00           0           0       0.000 gal
  Node_12001           JUNCTION      0.00     0.00     0  00:00           0           0       0.000 gal
  Node_1860667         JUNCTION      0.00     0.00     0  00:00           0           0       0.000 gal
  Node_13001           JUNCTION      0.00     0.00     0  00:00           0           0       0.000 gal
  Node_1863676         JUNCTION      0.00     0.00     0  00:00           0           0       0.000 gal
  HW_MULx25w           JUNCTION      0.00     0.00     0  00:00           0           0       0.000 gal
  Node_16241866        JUNCTION      0.00     0.00     0  00:00           0           0       0.000 gal
  Node_91503           JUNCTION      0.00     0.00     0  00:00           0           0       0.000 gal
  Node_1866309         JUNCTION      0.00     0.00     0  00:00           0           0       0.000 gal
  HW_MULx27w           JUNCTION      0.00     0.00     0  00:00           0           0       0.000 gal
  Node_16291869        JUNCTION      0.00     0.00     0  00:00           0           0       0.000 gal
  Node_91703           JUNCTION      0.00     0.00     0  00:00           0           0       0.000 gal
  Node_1869320         JUNCTION      0.00     0.00     0  00:00           0           0       0.000 gal
  HW_a226i             JUNCTION      0.00     0.00     0  00:00           0           0       0.000 gal
  Node_15001           JUNCTION      0.00     0.00     0  00:00           0           0       0.000 gal
  Node_1873680         JUNCTION      0.00     0.00     0  00:00           0           0       0.000 gal
  Node_16001           JUNCTION      0.00     0.00     0  00:00           0           0       0.000 gal
  Node_1876685         JUNCTION      0.00     0.00     0  00:00           0           0       0.000 gal
  Node_3099            JUNCTION      0.00     0.00     0  00:00           0           0       0.000 gal
  Node_1881673         JUNCTION      0.00     0.00     0  00:00           0           0       0.000 gal
  Node_30001           JUNCTION      0.00     0.00     0  00:00           0           0       0.000 gal
  Node_1881666         JUNCTION      0.00     0.00     0  00:00           0           0       0.000 gal
  Node_31001           JUNCTION      0.00     0.00     0  00:00           0           0       0.000 gal
  Node_1888656         JUNCTION      0.00     0.00     0  00:00           0           0       0.000 gal
  Node_1699            JUNCTION      0.00     0.00     0  00:00           0           0       0.000 gal
  Node_1891686         JUNCTION      0.00     0.00     0  00:00           0           0       0.000 gal
  Node_72125           JUNCTION      0.00     0.00     0  00:00           0           0       0.000 gal
  Node_1894492         JUNCTION      0.00     0.00     0  00:00           0           0       0.000 gal
  Node_4224            JUNCTION      0.00     0.00     0  00:00           0           0       0.000 gal
  Node_2083728         JUNCTION      0.00     0.00     0  00:00           0           0       0.000 gal
  Node_32001           JUNCTION      0.00     0.00     0  00:00           0           0       0.000 gal
  Node_19181921        JUNCTION      0.00     0.00     0  00:00           0           0       0.000 gal
  Node_1921625         JUNCTION      0.00     0.00     0  00:00           0           0       0.000 gal
  Node_33001           JUNCTION      0.00     0.00     0  00:00           0           0       0.000 gal
  Node_1924621         JUNCTION      0.00     0.00     0  00:00           0           0       0.000 gal
  Node_34001           JUNCTION      0.00     0.00     0  00:00           0           0       0.000 gal
  Node_1928616         JUNCTION      0.00     0.00     0  00:00           0           0       0.000 gal
  Node_3499            JUNCTION      0.00     0.00     0  00:00           0           0       0.000 gal
  Node_1931618         JUNCTION      0.00     0.00     0  00:00           0           0       0.000 gal
  Node_35001           JUNCTION      0.00     0.00     0  00:00           0           0       0.000 gal
  Node_1936612         JUNCTION      0.00     0.00     0  00:00           0           0       0.000 gal
  Node_36010           JUNCTION      0.00     0.00     0  00:00           0           0       0.000 gal
  Node_19391940        JUNCTION      0.00     0.00     0  00:00           0           0       0.000 gal
  Node_3611            JUNCTION      0.00     0.00     0  00:00           0           0       0.000 gal
  Node_1940556         JUNCTION      0.00     0.00     0  00:00           0           0       0.000 gal
  Node_36020           JUNCTION      0.00     0.00     0  00:00           0           0       0.000 gal
  Node_1944557         JUNCTION      0.00     0.00     0  00:00           0           0       0.000 gal
  Node_36030           JUNCTION      0.00     0.00     0  00:00           0           0       0.000 gal
  Node_1947557         JUNCTION      0.00     0.00     0  00:00           0           0       0.000 gal
  Node_36040           JUNCTION      0.00     0.00     0  00:00           0           0       0.000 gal
  Node_1950557         JUNCTION      0.00     0.00     0  00:00           0           0       0.000 gal
  Node_37001           JUNCTION      0.00     0.00     0  00:00           0           0       0.000 gal
  Node_1953575         JUNCTION      0.00     0.00     0  00:00           0           0       0.000 gal
  Node_39001           JUNCTION      0.00     0.00     0  00:00           0           0       0.000 gal
  Node_1962647         JUNCTION      0.00     0.00     0  00:00           0           0       0.000 gal
  Node_56001           JUNCTION      0.00     0.00     0  00:00           0           0       0.000 gal
  Node_1965592         JUNCTION      0.00     0.00     0  00:00           0           0       0.000 gal
  HW_023               JUNCTION      0.00     0.00     0  00:00           0           0       0.000 gal
  Node_1968597         JUNCTION      0.00     0.00     0  00:00           0           0       0.000 gal
  Node_8030            JUNCTION      0.00     0.00     0  00:00           0           0       0.000 gal
  Node_1970603         JUNCTION      0.00     0.00     0  00:00           0           0       0.000 gal
  Node_20070           JUNCTION      0.00     0.00     0  00:00           0           0       0.000 gal
  Node_1972585         JUNCTION      0.00     0.00     0  00:00           0           0       0.000 gal
  Node_1078            JUNCTION      0.00     0.00     0  00:00           0           0       0.000 gal
  Node_1974435         JUNCTION      0.00     0.00     0  00:00           0           0       0.000 gal
  Node_1127            JUNCTION      0.00     0.00     0  00:00           0           0       0.000 gal
  Node_1976375         JUNCTION      0.00     0.00     0  00:00           0           0       0.000 gal
  Node_50              JUNCTION      0.00     0.00     0  00:00           0           0       0.000 gal
  Node_1978413         JUNCTION      0.00     0.00     0  00:00           0           0       0.000 gal
  Node_148             JUNCTION      0.00     0.00     0  00:00           0           0       0.000 gal
  Node_1980410         JUNCTION      0.00     0.00     0  00:00           0           0       0.000 gal
  Node_56              JUNCTION      0.00     0.00     0  00:00           0           0       0.000 gal
  Node_1982427         JUNCTION      0.00     0.00     0  00:00           0           0       0.000 gal
  Node_136             JUNCTION      0.00     0.00     0  00:00           0           0       0.000 gal
  Node_1984402         JUNCTION      0.00     0.00     0  00:00           0           0       0.000 gal
  Node_139             JUNCTION      0.00     0.00     0  00:00           0           0       0.000 gal
  Node_1986404         JUNCTION      0.00     0.00     0  00:00           0           0       0.000 gal
  Node_52              JUNCTION      0.00     0.00     0  00:00           0           0       0.000 gal
  Node_1988418         JUNCTION      0.00     0.00     0  00:00           0           0       0.000 gal
  Node_121             JUNCTION      0.00     0.00     0  00:00           0           0       0.000 gal
  Node_1990350         JUNCTION      0.00     0.00     0  00:00           0           0       0.000 gal
  Node_11053           JUNCTION      0.00     0.00     0  00:00           0           0       0.000 gal
  Node_1992277         JUNCTION      0.00     0.00     0  00:00           0           0       0.000 gal
  Node_4601            JUNCTION      0.00     0.00     0  00:00           0           0       0.000 gal
  Node_10572004        JUNCTION      0.00     0.00     0  00:00           0           0       0.000 gal
  Node_46002           JUNCTION      0.00     0.00     0  00:00           0           0       0.000 gal
  Node_20042002        JUNCTION      0.00     0.00     0  00:00           0           0       0.000 gal
  Node_44001           JUNCTION      0.00     0.00     0  00:00           0           0       0.000 gal
  Node_10961099        JUNCTION      0.00     0.00     0  00:00           0           0       0.000 gal
  Node_44002           JUNCTION      0.00     0.00     0  00:00           0           0       0.000 gal
  Node_10992019        JUNCTION      0.00     0.00     0  00:00           0           0       0.000 gal
  Node_42002           JUNCTION      0.00     0.00     0  00:00           0           0       0.000 gal
  Node_11022019        JUNCTION      0.00     0.00     0  00:00           0           0       0.000 gal
  Node_44003           JUNCTION      0.00     0.00     0  00:00           0           0       0.000 gal
  Node_20192021        JUNCTION      0.00     0.00     0  00:00           0           0       0.000 gal
  Node_44004           JUNCTION      0.00     0.00     0  00:00           0           0       0.000 gal
  Node_20212026        JUNCTION      0.00     0.00     0  00:00           0           0       0.000 gal
  Node_53514           JUNCTION      0.00     0.00     0  00:00           0           0       0.000 gal
  Node_20912031        JUNCTION      0.00     0.00     0  00:00           0           0       0.000 gal
  Node_53512           JUNCTION      0.00     0.00     0  00:00           0           0       0.000 gal
  Node_20342035        JUNCTION      0.00     0.00     0  00:00           0           0       0.000 gal
  Node_53513           JUNCTION      0.00     0.00     0  00:00           0           0       0.000 gal
  Node_20322030        JUNCTION      0.00     0.00     0  00:00           0           0       0.000 gal
  Node_3501            JUNCTION      0.00     0.00     0  00:00           0           0       0.000 gal
  Node_2033762         JUNCTION      0.00     0.00     0  00:00           0           0       0.000 gal
  Node_53508           JUNCTION      0.00     0.00     0  00:00           0           0       0.000 gal
  Node_20362033        JUNCTION      0.00     0.00     0  00:00           0           0       0.000 gal
  Node_53507           JUNCTION      0.00     0.00     0  00:00           0           0       0.000 gal
  Node_20372038        JUNCTION      0.00     0.00     0  00:00           0           0       0.000 gal
  Node_51002           JUNCTION      0.00     0.00     0  00:00           0           0       0.000 gal
  Node_21382036        JUNCTION      0.00     0.00     0  00:00           0           0       0.000 gal
  Node_53509           JUNCTION      0.00     0.00     0  00:00           0           0       0.000 gal
  Node_20332032        JUNCTION      0.00     0.00     0  00:00           0           0       0.000 gal
  Node_5307            JUNCTION      0.00     0.00     0  00:00           0           0       0.000 gal
  Node_20362037        JUNCTION      0.00     0.00     0  00:00           0           0       0.000 gal
  Node_54230           JUNCTION      0.00     0.00     0  00:00           0           0       0.000 gal
  Node_20652056        JUNCTION      0.00     0.00     0  00:00           0           0       0.000 gal
  Node_54234           JUNCTION      0.00     0.00     0  00:00           0           0       0.000 gal
  Node_21092057        JUNCTION      0.00     0.00     0  00:00           0           0       0.000 gal
  Node_5429            JUNCTION      0.00     0.00     0  00:00           0           0       0.000 gal
  Node_20582088        JUNCTION      0.00     0.00     0  00:00           0           0       0.000 gal
  Node_20582059        JUNCTION      0.00     0.00     0  00:00           0           0       0.000 gal
  Node_4232            JUNCTION      0.00     0.00     0  00:00           0           0       0.000 gal
  Node_2059710         JUNCTION      0.00     0.00     0  00:00           0           0       0.000 gal
  Node_5421            JUNCTION      0.00     0.00     0  00:00           0           0       0.000 gal
  Node_20762077        JUNCTION      0.00     0.00     0  00:00           0           0       0.000 gal
  Node_4222            JUNCTION      0.00     0.00     0  00:00           0           0       0.000 gal
  Node_2077734         JUNCTION      0.00     0.00     0  00:00           0           0       0.000 gal
  Node_20762080        JUNCTION      0.00     0.00     0  00:00           0           0       0.000 gal
  Node_5423            JUNCTION      0.00     0.00     0  00:00           0           0       0.000 gal
  Node_20822083        JUNCTION      0.00     0.00     0  00:00           0           0       0.000 gal
  Node_54223           JUNCTION      0.00     0.00     0  00:00           0           0       0.000 gal
  Node_20802082        JUNCTION      0.00     0.00     0  00:00           0           0       0.000 gal
  Node_54226           JUNCTION      0.00     0.00     0  00:00           0           0       0.000 gal
  Node_20822054        JUNCTION      0.00     0.00     0  00:00           0           0       0.000 gal
  54228                JUNCTION      0.00     0.00     0  00:00           0           0       0.000 gal
  54229                JUNCTION      0.00     0.00     0  00:00           0           0       0.000 gal
  Node_54233           JUNCTION      0.00     0.00     0  00:00           0           0       0.000 gal
  Node_20882108        JUNCTION      0.00     0.00     0  00:00           0           0       0.000 gal
  Node_5312            JUNCTION      0.00     0.00     0  00:00           0           0       0.000 gal
  Node_20302091        JUNCTION      0.00     0.00     0  00:00           0           0       0.000 gal
  Node_92006           JUNCTION      0.00     0.00     0  00:00           0           0       0.000 gal
  Node_20932095        JUNCTION      0.00     0.00     0  00:00           0           0       0.000 gal
  Node_92007           JUNCTION      0.00     0.00     0  00:00           0           0       0.000 gal
  Node_20952097        JUNCTION      0.00     0.00     0  00:00           0           0       0.000 gal
  Node_4511            JUNCTION      0.00     0.00     0  00:00           0           0       0.000 gal
  Node_20972099        JUNCTION      0.00     0.00     0  00:00           0           0       0.000 gal
  Node_92008           JUNCTION      0.00     0.00     0  00:00           0           0       0.000 gal
  Node_20992101        JUNCTION      0.00     0.00     0  00:00           0           0       0.000 gal
  Node_92009           JUNCTION      0.00     0.00     0  00:00           0           0       0.000 gal
  Node_21032093        JUNCTION      0.00     0.00     0  00:00           0           0       0.000 gal
  Node_45005           JUNCTION      0.00     0.00     0  00:00           0           0       0.000 gal
  Node_21011093        JUNCTION      0.00     0.00     0  00:00           0           0       0.000 gal
  Node_5431            JUNCTION      0.00     0.00     0  00:00           0           0       0.000 gal
  Node_20562109        JUNCTION      0.00     0.00     0  00:00           0           0       0.000 gal
  Node_2111            JUNCTION      0.00     0.00     0  00:00           0           0       0.000 gal
  Node_21082109        JUNCTION      0.00     0.00     0  00:00           0           0       0.000 gal
  Node_2112            JUNCTION      0.00     0.00     0  00:00           0           0       0.000 gal
  Node_21082056        JUNCTION      0.00     0.00     0  00:00           0           0       0.000 gal
  Node_7059            JUNCTION      0.00     0.00     0  00:00           0           0       0.000 gal
  Node_21172119        JUNCTION      0.00     0.00     0  00:00           0           0       0.000 gal
  Node_2060            JUNCTION      0.00     0.00     0  00:00           0           0       0.000 gal
  Node_21212123        JUNCTION      0.00     0.00     0  00:00           0           0       0.000 gal
  Node_2062            JUNCTION      0.00     0.00     0  00:00           0           0       0.000 gal
  Node_21232125        JUNCTION      0.00     0.00     0  00:00           0           0       0.000 gal
  Node_2064            JUNCTION      0.00     0.00     0  00:00           0           0       0.000 gal
  Node_21252127        JUNCTION      0.00     0.00     0  00:00           0           0       0.000 gal
  Node_2066            JUNCTION      0.00     0.00     0  00:00           0           0       0.000 gal
  Node_21272130        JUNCTION      0.00     0.00     0  00:00           0           0       0.000 gal
  Node_2067            JUNCTION      0.00     0.00     0  00:00           0           0       0.000 gal
  Node_2130603         JUNCTION      0.00     0.00     0  00:00           0           0       0.000 gal
  Node_2068            JUNCTION      0.00     0.00     0  00:00           0           0       0.000 gal
  Node_2130607         JUNCTION      0.00     0.00     0  00:00           0           0       0.000 gal
  x9553                OUTFALL       0.00     0.00     0  00:00           0           0       0.000 gal
  x9014                STORAGE       0.00     0.00     0  00:00           0           0       0.000 gal
  x903                 STORAGE       0.00     0.00     0  00:00           0           0       0.000 gal
  x905                 STORAGE       0.00     0.00     0  00:00           0           0       0.000 gal
  x904                 STORAGE       0.00     0.00     0  00:00           0           0       0.000 gal
  x906                 STORAGE       0.00     0.00     0  00:00           0           0       0.000 gal
  x9025                STORAGE       0.00     0.00     0  00:00           0           0       0.000 gal
  x907                 STORAGE       0.00     0.00     0  00:00           0           0       0.000 gal
  x908                 STORAGE       0.00     0.00     0  00:00           0           0       0.000 gal
  x909                 STORAGE       0.00     0.00     0  00:00           0           0       0.000 gal
  x910                 STORAGE       0.00     0.00     0  00:00           0           0       0.000 gal
  x9035                STORAGE       0.00     0.00     0  00:00           0           0       0.000 gal
  x9036                STORAGE       0.00     0.00     0  00:00           0           0       0.000 gal
  x911                 STORAGE       1.99     1.99     0  00:00        1.29        1.29      -0.003
  x912                 STORAGE       0.00     0.00     0  00:00           0           0       0.000 gal
  x2100                STORAGE       0.00     0.00     0  00:00           0           0       0.000 gal
  x9042                STORAGE       0.00     0.00     0  00:00           0           0       0.000 gal
  x914                 STORAGE       0.00     0.00     0  00:00           0           0       0.000 gal
  x919                 STORAGE       0.00     0.00     0  00:00           0           0       0.000 gal
  x9056                STORAGE       0.00     0.00     0  00:00           0           0       0.000 gal
  x901                 STORAGE       0.00     0.00     0  00:00           0           0       0.000 gal
  x9526                STORAGE       0.00     0.00     0  00:00           0           0       0.000 gal
  x9528                STORAGE       0.00     0.00     0  00:00           0           0       0.000 gal
  x9531                STORAGE       0.00     0.00     0  00:00           0           0       0.000 gal
  x913                 STORAGE       0.00     0.00     0  00:00           0           0       0.000 gal
  x916                 STORAGE       0.00     0.00     0  00:00           0           0       0.000 gal
  x917                 STORAGE       0.00     0.00     0  00:00           0           0       0.000 gal
  x918                 STORAGE       0.00     0.00     0  00:00           0           0       0.000 gal
  x9548                STORAGE       0.00     0.00     0  00:00           0           0       0.000 gal
  x920                 STORAGE       0.00     0.00     0  00:00           0           0       0.000 gal
  2100                 STORAGE       0.00     0.00     0  00:00           0           0       0.000 gal
  2103                 STORAGE       0.00     0.00     0  00:00           0           0       0.000 gal
  2107                 STORAGE       0.00     0.00     0  00:00           0           0       0.000 gal
  2119                 STORAGE       0.00     0.00     0  00:00           0           0       0.000 gal
  2123                 STORAGE       0.00     0.00     0  00:00           0           0       0.000 gal
  2126                 STORAGE       0.00     0.00     0  00:00           0           0       0.000 gal
  2000                 STORAGE       1.50     1.50     0  00:00       0.969       0.969       0.003
  2010                 STORAGE       0.00     0.00     0  00:00           0           0       0.000 gal
  2025                 STORAGE       0.00     0.00     0  00:00           0           0       0.000 gal
  2040                 STORAGE       0.00     0.00     0  00:00           0           0       0.000 gal
  2050                 STORAGE       0.00     0.00     0  00:00           0           0       0.000 gal
  451                  STORAGE       0.50     0.50     0  00:00       0.323       0.323      -0.003
  2141                 STORAGE       0.00     0.00     0  00:00           0           0       0.000 gal
  2130                 STORAGE       0.00     0.00     0  00:00           0           0       0.000 gal
  2132                 STORAGE       0.00     2.99     0  02:10           0       0.508       0.110
  2136                 STORAGE       0.00     0.20     0  02:35           0       0.117      -0.000
  2148                 STORAGE       0.00     0.00     0  00:00           0           0       0.000 gal
  2151                 STORAGE       0.00     0.00     0  00:00           0           0       0.000 gal
  2153                 STORAGE       0.00     0.00     0  00:00           0           0       0.000 gal
  2157                 STORAGE       0.00     0.00     0  00:00           0           0       0.000 gal
  410                  STORAGE       0.00     0.00     0  00:00           0           0       0.000 gal
  412                  STORAGE       0.00     0.00     0  00:00           0           0       0.000 gal
  2162                 STORAGE       0.00     0.00     0  00:00           0           0       0.000 gal
  2163                 STORAGE       0.00     0.00     0  00:00           0           0       0.000 gal
  2178                 STORAGE       0.00     0.00     0  00:00           0           0       0.000 gal
  a126                 STORAGE       0.08     0.08     0  00:00      0.0517      0.0517       0.003
  a225                 STORAGE       0.00     0.00     0  00:00           0           0       0.000 gal
  a125                 STORAGE       1.80     1.80     0  00:00        1.16        1.16       0.006
  a223                 STORAGE       0.00     0.95     0  04:16           0       0.581      -0.000
  a219                 STORAGE       0.00     0.00     0  00:00           0           0       0.000 gal
  a119                 STORAGE       2.43     2.43     0  00:00        1.57        1.57      -0.006
  a10000               STORAGE       0.00     0.00     0  00:00           0      0.0748       0.000
  a10001               STORAGE       0.00     0.00     0  00:00           0      0.0748       0.000
  a10002               STORAGE       0.00     0.00     0  00:00           0           0       0.000 gal
  a362                 STORAGE       0.31     0.31     0  00:00         0.2         0.2       0.005
  a36010               STORAGE       0.00     0.00     0  00:00           0           0       0.000 gal
  a363                 STORAGE       0.31     0.31     0  00:00         0.2         0.2       0.005
  a56001               STORAGE       0.00     0.00     0  00:00           0           0       0.000 gal
  a563                 STORAGE       0.31     0.31     0  00:00         0.2         0.2       0.005
  a380                 STORAGE       0.15     0.15     0  00:00      0.0969      0.0969       0.004
  a34001               STORAGE       0.00     0.05     1  00:00           0    0.000914      -0.000
  a32001               STORAGE       0.00     0.00     0  00:00           0           0       0.000 gal
  a394                 STORAGE       0.00     0.00     0  00:00           0           0       0.000 gal
  a329                 STORAGE       0.00     0.00     0  00:00           0           0       0.000 gal
  a395                 STORAGE       0.00     0.00     0  00:00           0           0       0.000 gal
  a396                 STORAGE       0.00     0.00     0  00:00           0           0       0.000 gal
  a397                 STORAGE       1.00     1.00     0  00:00       0.646       0.646      -0.001
  a39001               STORAGE       0.00     0.46     0  07:12           0       0.227      -0.001
  a313                 STORAGE       0.08     0.08     0  00:00      0.0517      0.0517       0.003
  a302                 STORAGE       0.46     0.46     0  00:00       0.297       0.297      -0.004
  a130                 STORAGE       0.31     0.31     0  00:00         0.2         0.2       0.005
  a153                 STORAGE       0.08     0.08     0  00:00      0.0517      0.0517       0.003
  a160                 STORAGE       0.05     0.05     0  00:00      0.0323      0.0323       0.014
  9600                 STORAGE       0.00    37.96     0  01:16           0         3.1       0.001
  c9700                STORAGE       0.00     0.00     0  00:00           0           0       0.000 gal
  c9710                STORAGE       0.00     2.06     0  02:55           0        1.28       0.005
  c9730                STORAGE       0.00     0.32     0  08:47           0       0.163      -0.001
  c9765                STORAGE       0.77     1.93     0  06:58       0.498        1.17       0.002
  5500                 STORAGE       0.00     0.49     0  07:26           0       0.139       0.685
  5400                 STORAGE       0.00     0.00     0  00:00           0           0       0.000 gal
  5250                 STORAGE       0.00     0.00     0  00:00           0           0       0.000 gal
  c5255                STORAGE       0.22     0.22     0  00:00       0.142       0.142      -0.002
  5000                 STORAGE       0.00     0.00     0  00:00           0           0       0.000 gal
  c5005                STORAGE       0.12     0.12     0  00:00      0.0776      0.0776      -0.002
  4910                 STORAGE       0.08     0.23     0  04:44      0.0517       0.137       0.005
  4900                 STORAGE       0.00     0.54     0  01:43           0       0.338      -0.001
  4915                 STORAGE       0.00     7.86     0  07:48           0        2.29       0.031
  4251                 STORAGE       0.00     0.00     0  00:00           0           0       0.000 gal
  4102                 STORAGE       0.00     0.00     0  00:00           0           0       0.000 gal
  4250                 STORAGE       0.00     0.00     0  00:00           0           0       0.000 gal
  4100                 STORAGE       0.00     0.00     0  00:00           0           0       0.000 gal
  c9105                STORAGE       0.29     0.29     0  00:00       0.187       0.187       0.004
  5100                 STORAGE       0.00     2.55     0  01:04           0       0.574       0.083
  5300                 STORAGE       0.00     0.00     0  00:00           0           0       0.000 gal
  c5305                STORAGE       0.32     0.32     0  00:00       0.207       0.207       0.003
  5350                 STORAGE       0.00     0.00     0  00:00           0           0       0.000 gal
  c5355                STORAGE       1.45     1.45     0  00:00       0.937       0.937       0.006
  d21                  STORAGE       0.00     0.15     0  23:40           0     0.00266       0.009
  d112                 STORAGE       0.00     0.00     0  00:00           0           0       0.000 gal
  d114                 STORAGE       0.00     0.00     0  00:00           0           0       0.000 gal
  d23                  STORAGE       0.00     8.99     0  02:17           0       0.767       0.048
  d150                 STORAGE       0.00     0.39     0  08:14           0       0.187       0.005
  d5                   STORAGE       5.00     5.00     0  00:00        3.23        3.23      -0.005
  d24                  STORAGE       0.00     0.00     0  00:00           0           0       0.000 gal
  d123                 STORAGE       0.00     0.00     0  00:00           0           0       0.000 gal
  d65                  STORAGE       0.00     1.70     0  04:38           0        1.07       0.000
  d25                  STORAGE       0.00     1.70     1  00:00           0        1.07      -0.001
  d137                 STORAGE       0.00     0.00     0  00:00           0           0       0.000 gal
  d27                  STORAGE       0.00     1.17     0  03:44           0      0.0927       1.000
  d6605                STORAGE       0.00     0.00     0  00:00           0           0       0.000 gal
  d2604                STORAGE       0.00     0.00     0  00:00           0           0       0.000 gal
  d2605                STORAGE       0.00     0.00     0  00:00           0           0       0.000 gal
  d7361                STORAGE       0.00     0.00     0  00:00           0           0       0.000 gal
  d7805                STORAGE       0.00     0.00     0  00:00           0           0       0.000 gal
  d7405                STORAGE       0.00     0.00     0  00:00           0           0       0.000 gal
  d7705                STORAGE       0.00     0.00     0  00:00           0           0       0.000 gal
  x915                 STORAGE       0.00     0.00     0  00:00           0           0       0.000 gal
  4601                 STORAGE       0.00     0.00     0  00:00           0           0       0.000 gal
  d26040               STORAGE       0.00     0.00     0  00:00           0           0       0.000 gal
  x13                  STORAGE       0.00     0.00     0  00:00           0           0       0.000 gal
  x14                  STORAGE       0.00     0.00     0  00:00           0           0       0.000 gal
  x15                  STORAGE       0.00     0.00     0  00:00           0           0       0.000 gal
  x16                  STORAGE       0.00     0.00     0  00:00           0           0       0.000 gal
  x17                  STORAGE       0.00     0.00     0  00:00           0           0       0.000 gal
  x18                  STORAGE       0.00     0.00     0  00:00           0           0       0.000 gal
  x19                  STORAGE       0.00     0.00     0  00:00           0           0       0.000 gal
  x20                  STORAGE       0.00     0.00     0  00:00           0           0       0.000 gal
  x24                  STORAGE       0.00     0.00     0  00:00           0           0       0.000 gal
  x25                  STORAGE       0.00     0.00     0  00:00           0           0       0.000 gal
  x27                  STORAGE       0.00     0.00     0  00:00           0           0       0.000 gal
  d23we                STORAGE       0.00     0.00     0  00:00           0           0       0.000 gal
  d23w                 STORAGE       0.00     0.00     0  00:00           0           0       0.000 gal
  x17w                 STORAGE       0.00     0.00     0  00:00           0           0       0.000 gal
  x17s                 STORAGE       0.00     0.00     0  00:00           0           0       0.000 gal
  x24w                 STORAGE       0.00     0.00     0  00:00           0           0       0.000 gal
  a20023               STORAGE       0.00     0.00     0  00:00           0           0       0.000 gal
  a207                 STORAGE       0.00     0.00     0  00:00           0           0       0.000 gal
  2165                 STORAGE       0.00     0.00     0  00:00           0           0       0.000 gal
  2027                 STORAGE       0.00     0.00     0  00:00           0           0       0.000 gal
  445                  STORAGE       0.00     0.00     0  00:00           0           0       0.000 gal
  5312                 STORAGE       0.00     0.00     0  00:00           0           0       0.000 gal
  5310                 STORAGE       0.00     0.00     0  00:00           0           0       0.000 gal
  5425                 STORAGE       0.00     0.00     0  00:00           0           0       0.000 gal
  5431                 STORAGE       0.00     0.00     0  00:00           0           0       0.000 gal
  5429                 STORAGE       0.00     0.00     0  00:00           0           0       0.000 gal
  5427                 STORAGE       0.00     0.00     0  00:00           0           0       0.000 gal
  5421                 STORAGE       0.00     1.21     0  01:24           0       0.764      -0.003
  5432                 STORAGE       0.00     0.00     0  00:00           0           0       0.000 gal
  5423                 STORAGE       0.00     0.00     0  00:00           0           0       0.000 gal
  4511                 STORAGE       0.00     0.00     0  00:00           0           0       0.000 gal
  c2108                STORAGE       0.00     0.00     0  00:00           0           0       0.000 gal
  a211                 STORAGE       0.00     0.00     0  00:00           0           0       0.000 gal
  5100w                STORAGE       0.00     0.00     0  00:00           0           0       0.000 gal
  
  
  **********************
  Node Surcharge Summary
  **********************
  
  Surcharging occurs when water rises above the top of the highest conduit.
  ---------------------------------------------------------------------
                                               Max. Height   Min. Depth
                                   Hours       Above Crown    Below Rim
  Node                 Type      Surcharged           Feet         Feet
  ---------------------------------------------------------------------
  x9033                JUNCTION       22.91          0.000        0.000
  x9506                JUNCTION        3.42          0.000        0.000
  a102                 JUNCTION       23.28          0.000        0.000
  a120                 JUNCTION       21.96          0.000        0.000
  a361                 JUNCTION       20.07          0.000        0.000
  a10043               JUNCTION       23.24          0.000        0.000
  a20009               JUNCTION       23.20          0.000        0.000
  a20017               JUNCTION       23.24          0.000        0.000
  a34000               JUNCTION       24.00          0.000        0.000
  a30000               JUNCTION       24.00          0.000        0.000
  a16000               JUNCTION       24.00          0.000        0.000
  5501                 JUNCTION       24.00          0.000        0.000
  d43                  JUNCTION       24.00          0.000        0.000
  d44                  JUNCTION       24.00          0.000        0.000
  d47                  JUNCTION       24.00          0.000        0.000
  d4604                JUNCTION       24.00          0.000        0.000
  d4605                JUNCTION       24.00          0.000        0.000
  045                  JUNCTION       24.00          0.000        0.000
  a319                 JUNCTION       24.00          0.000        0.000
  a523                 JUNCTION       24.00          0.000        0.000
  x16w                 JUNCTION       24.00          0.000        0.000
  x18s                 JUNCTION       24.00          0.000        0.000
  x19w                 JUNCTION       24.00          0.000        0.000
  a129                 JUNCTION       24.00          0.000        0.000
  x25w                 JUNCTION       24.00          0.000        0.000
  x27w                 JUNCTION       24.00          0.000        0.000
  a32001n              JUNCTION       24.00          0.000        0.000
  a36010n              JUNCTION       24.00          0.000        0.000
  a38035               JUNCTION       24.00          0.000        0.000
  046                  JUNCTION       24.00          0.000        0.000
  4602                 JUNCTION       24.00          0.000        0.000
  444                  JUNCTION       24.00          0.000        0.000
  446                  JUNCTION       24.00          0.000        0.000
  5314                 JUNCTION       24.00          0.000        0.000
  4101                 JUNCTION       24.00          0.000        0.000
  5308                 JUNCTION       24.00          0.000        0.000
  5101                 JUNCTION       24.00          0.000        0.000
  5435                 JUNCTION       24.00          0.000        0.000
  9599                 JUNCTION       24.00          0.000        0.000
  5422                 JUNCTION       24.00          0.000        0.000
  5424                 JUNCTION       24.00          0.000        0.000
  5430                 JUNCTION       24.00          0.000        0.000
  5316                 JUNCTION       24.00          0.000        0.000
  4510                 JUNCTION       24.00          0.000        0.000
  4509                 JUNCTION       24.00          0.000        0.000
  2109                 JUNCTION       24.00          0.000        0.000
  d40                  JUNCTION       24.00          0.000        0.000
  
  
  *********************
  Node Flooding Summary
  *********************
  
  Flooding refers to all water that overflows a node, whether it ponds or not.
  --------------------------------------------------------------------------
                                                             Total   Maximum
                                 Maximum   Time of Max       Flood    Ponded
                        Hours       Rate    Occurrence      Volume     Depth
  Node                 Flooded       CFS   days hr:min    10^6 gal      Feet
  --------------------------------------------------------------------------
  x9033                  22.91      2.96      0  01:54       1.638     0.000
  x9506                   3.42      0.20      1  00:00       0.018     0.000
  a102                   23.28      1.70      0  00:44       1.066     0.000
  a120                   21.96      0.33      0  02:02       0.195     0.000
  a361                   20.07      0.31      0  03:55       0.168     0.000
  a10043                 23.24      5.00      0  01:13       3.129     0.000
  a20009                 23.20      5.47      0  00:48       2.982     0.000
  a20017                 23.24     10.17      0  01:04       5.776     0.000
  a221s                  20.25      0.10      0  06:13       0.054     0.000
  a222s                  23.45      0.68      0  01:48       0.428     0.000
  a223s                  22.85      0.95      0  04:19       0.580     0.000
  a224s                  18.79      0.08      0  05:51       0.040     0.000
  a129                   24.00      0.39      0  00:44       0.252     0.000
  a31001s                 6.98      0.08      1  00:00       0.015     0.000
  a33001s                22.17      0.31      0  02:46       0.185     0.000
  a34001s                 0.75      0.05      1  00:00       0.001     0.000
  a35001s                23.57      1.08      0  00:43       0.685     0.000
  a36040s                22.32      0.31      0  02:33       0.186     0.000
  a37001s                23.10      1.24      0  01:10       0.771     0.000
  a39001s                18.37      0.46      0  07:15       0.227     0.000
  2137s                  21.76      0.20      0  03:20       0.117     0.000
  x911                   23.65      1.99      0  00:44       1.267     0.000
  2000                   23.54      1.50      0  00:44       0.951     0.000
  451                    18.45      0.50      0  05:33       0.248     0.000
  2132                   22.47      1.66      0  02:09       0.484     0.000
  a126                   15.32      0.08      0  08:40       0.033     0.000
  a125                   23.61      1.80      0  00:44       1.145     0.000
  a119                   23.72      2.43      0  00:44       1.552     0.000
  a362                   21.76      0.31      0  02:14       0.182     0.000
  a363                   21.76      0.31      0  02:14       0.182     0.000
  a563                   21.76      0.31      0  02:14       0.182     0.000
  a380                   19.37      0.15      0  04:37       0.078     0.000
  a397                   23.31      1.00      0  00:41       0.628     0.000
  a313                   15.32      0.08      0  08:40       0.033     0.000
  a302                   22.49      0.46      0  02:09       0.279     0.000
  a130                   21.76      0.31      0  02:14       0.182     0.000
  a153                   15.32      0.08      0  08:40       0.033     0.000
  a160                   10.11      0.05      1  00:00       0.014     0.000
  9600                   22.68      5.20      0  08:37       3.095     0.000
  c9710                  21.68      2.06      0  02:55       1.203     0.000
  c9730                  10.06      0.32      0  13:56       0.088     0.000
  c9765                  21.70      1.93      0  06:58       1.095     0.000
  5500                   15.45      0.24      0  08:32       0.099     0.000
  c5255                  11.38      0.22      1  00:00       0.067     0.000
  c5005                  18.21      0.12      1  00:00       0.059     0.000
  4910                   19.14      0.23      0  04:51       0.119     0.000
  4900                   21.94      0.54      0  02:09       0.319     0.000
  4915                   20.29      4.00      0  07:26       1.050     0.000
  c9105                  21.61      0.29      0  02:23       0.169     0.000
  5100                   22.55      1.44      0  02:11       0.552     0.000
  c5305                  15.32      0.32      0  08:40       0.132     0.000
  c5355                  23.52      1.45      0  00:44       0.918     0.000
  d23                    21.24      3.89      0  07:26       0.738     0.000
  d150                   15.99      0.39      0  08:14       0.168     0.000
  d5                     23.86      5.00      0  00:11       3.213     0.000
  d65                    23.05      1.70      0  04:39       1.055     0.000
  d27                    16.23      0.46      1  00:00       0.070     0.000
  5421                   22.88      1.21      0  01:24       0.745     0.000
  
  
  **********************
  Storage Volume Summary
  **********************
  
  ------------------------------------------------------------------------------------------------
                         Average    Avg   Evap  Exfil     Maximum    Max    Time of Max    Maximum
                          Volume   Pcnt   Pcnt   Pcnt      Volume   Pcnt     Occurrence    Outflow
  Storage Unit          1000 ft³   Full   Loss   Loss    1000 ft³   Full    days hr:min        CFS
  ------------------------------------------------------------------------------------------------
  x9014                    0.000    0.0    0.0    0.0       0.000    0.0       0  00:00       0.00
  x903                     0.000    0.0    0.0    0.0       0.000    0.0       0  00:00       0.00
  x905                     0.000    0.0    0.0    0.0       0.000    0.0       0  00:00       0.00
  x904                     0.000    0.0    0.0    0.0       0.000    0.0       0  00:00       0.00
  x906                     0.000    0.0    0.0    0.0       0.000    0.0       0  00:00       0.00
  x9025                    0.000    0.0    0.0    0.0       0.000    0.0       0  00:00       0.00
  x907                     0.000    0.0    0.0    0.0       0.000    0.0       0  00:00       0.00
  x908                     0.000    0.0    0.0    0.0       0.000    0.0       0  00:00       0.00
  x909                     0.000    0.0    0.0    0.0       0.000    0.0       0  00:00       0.00
  x910                     0.000    0.0    0.0    0.0       0.000    0.0       0  00:00       0.00
  x9035                    0.000    0.0    0.0    0.0       0.000    0.0       0  00:00       0.00
  x9036                    0.000    0.0    0.0    0.0       0.000    0.0       0  00:00       0.00
  x911                     2.486   99.4    0.0    0.0       2.500  100.0       0  00:20       0.00
  x912                     0.000    0.0    0.0    0.0       0.000    0.0       0  00:00       0.00
  x2100                    0.000    0.0    0.0    0.0       0.000    0.0       0  00:00       0.00
  x9042                    0.000    0.0    0.0    0.0       0.000    0.0       0  00:00       0.00
  x914                     0.000    0.0    0.0    0.0       0.000    0.0       0  00:00       0.00
  x919                     0.000    0.0    0.0    0.0       0.000    0.0       0  00:00       0.00
  x9056                    0.000    0.0    0.0    0.0       0.000    0.0       0  00:00       0.00
  x901                     0.000    0.0    0.0    0.0       0.000    0.0       0  00:00       0.00
  x9526                    0.000    0.0    0.0    0.0       0.000    0.0       0  00:00       0.00
  x9528                    0.000    0.0    0.0    0.0       0.000    0.0       0  00:00       0.00
  x9531                    0.000    0.0    0.0    0.0       0.000    0.0       0  00:00       0.00
  x913                     0.000    0.0    0.0    0.0       0.000    0.0       0  00:00       0.00
  x916                     0.000    0.0    0.0    0.0       0.000    0.0       0  00:00       0.00
  x917                     0.000    0.0    0.0    0.0       0.000    0.0       0  00:00       0.00
  x918                     0.000    0.0    0.0    0.0       0.000    0.0       0  00:00       0.00
  x9548                    0.000    0.0    0.0    0.0       0.000    0.0       0  00:00       0.00
  x920                     0.000    0.0    0.0    0.0       0.000    0.0       0  00:00       0.00
  2100                     0.000    0.0    0.0    0.0       0.000    0.0       0  00:00       0.00
  2103                     0.000    0.0    0.0    0.0       0.000    0.0       0  00:00       0.00
  2107                     0.000    0.0    0.0    0.0       0.000    0.0       0  00:00       0.00
  2119                     0.000    0.0    0.0    0.0       0.000    0.0       0  00:00       0.00
  2123                     0.000    0.0    0.0    0.0       0.000    0.0       0  00:00       0.00
  2126                     0.000    0.0    0.0    0.0       0.000    0.0       0  00:00       0.00
  2000                     2.482   99.3    0.0    0.0       2.500  100.0       0  00:27       0.00
  2010                     0.000    0.0    0.0    0.0       0.000    0.0       0  00:00       0.00
  2025                     0.000    0.0    0.0    0.0       0.000    0.0       0  00:00       0.00
  2040                     0.000    0.0    0.0    0.0       0.000    0.0       0  00:00       0.00
  2050                     0.000    0.0    0.0    0.0       0.000    0.0       0  00:00       0.00
  451                      8.281   82.8    0.0    0.0      10.000  100.0       0  05:33       0.00
  2141                     0.000    0.0    0.0    0.0       0.000    0.0       0  00:00       0.00
  2130                     0.000    0.0    0.0    0.0       0.000    0.0       0  00:00       0.00
  2132                     2.273   90.9    0.0    0.0       2.500  100.0       0  01:31       2.24
  2136                     0.032    1.3    0.0    0.0       0.039    1.5       0  03:20       0.20
  2148                     0.000    0.0    0.0    0.0       0.000    0.0       0  00:00       0.00
  2151                     0.000    0.0    0.0    0.0       0.000    0.0       0  00:00       0.00
  2153                     0.000    0.0    0.0    0.0       0.000    0.0       0  00:00       0.00
  2157                     0.000    0.0    0.0    0.0       0.000    0.0       0  00:00       0.00
  410                      0.000    0.0    0.0    0.0       0.000    0.0       0  00:00       0.00
  412                      0.000    0.0    0.0    0.0       0.000    0.0       0  00:00       0.00
  2162                     0.000    0.0    0.0    0.0       0.000    0.0       0  00:00       0.00
  2163                     0.000    0.0    0.0    0.0       0.000    0.0       0  00:00       0.00
  2178                     0.000    0.0    0.0    0.0       0.000    0.0       0  00:00       0.00
  a126                     1.908   76.3    0.0    0.0       2.500  100.0       0  08:40       0.00
  a225                     0.000    0.0    0.0    0.0       0.000    0.0       0  00:00       0.00
  a125                     2.485   99.4    0.0    0.0       2.500  100.0       0  00:23       0.00
  a223                     0.089    3.6    0.0    0.0       0.102    4.1       0  04:26       0.95
  a219                     0.000    0.0    0.0    0.0       0.000    0.0       0  00:00       0.00
  a119                     2.489   99.6    0.0    0.0       2.500  100.0       0  00:17       0.00
  a10000                  10.000  100.0    0.0    0.0      10.000  100.0       0  00:00       0.00
  a10001                  10.000  100.0    0.0    0.0      10.000  100.0       0  00:00       0.00
  a10002                   0.000    0.0    0.0    0.0       0.000    0.0       0  00:00       0.00
  a362                     2.280   91.2    0.0    0.0       2.500  100.0       0  02:14       0.00
  a36010                   0.000    0.0    0.0    0.0       0.000    0.0       0  00:00       0.00
  a363                     2.280   91.2    0.0    0.0       2.500  100.0       0  02:14       0.00
  a56001                   0.000    0.0    0.0    0.0       0.000    0.0       0  00:00       0.00
  a563                     2.280   91.2    0.0    0.0       2.500  100.0       0  02:14       0.00
  a380                     2.121   84.9    0.0    0.0       2.500  100.0       0  04:37       0.00
  a34001                   0.000    0.0    0.0    0.0       0.012    0.5       1  00:00       0.05
  a32001                   0.000    0.0    0.0    0.0       0.000    0.0       0  00:00       0.00
  a394                     0.000    0.0    0.0    0.0       0.000    0.0       0  00:00       0.00
  a329                     0.000    0.0    0.0    0.0       0.000    0.0       0  00:00       0.00
  a395                     0.000    0.0    0.0    0.0       0.000    0.0       0  00:00       0.00
  a396                     0.000    0.0    0.0    0.0       0.000    0.0       0  00:00       0.00
  a397                     2.473   98.9    0.0    0.0       2.500  100.0       0  00:41       0.00
  a39001                   0.024    1.0    0.0    0.0       0.034    1.4       0  07:15       0.46
  a313                     1.908   76.3    0.0    0.0       2.500  100.0       0  08:40       0.00
  a302                     2.355   94.2    0.0    0.0       2.500  100.0       0  01:30       0.00
  a130                     2.280   91.2    0.0    0.0       2.500  100.0       0  02:14       0.00
  a153                     1.908   76.3    0.0    0.0       2.500  100.0       0  08:40       0.00
  a160                     1.650   66.0    0.0    0.0       2.500  100.0       0  13:53       0.00
  9600                     0.873   87.3    0.0    0.0       1.000  100.0       0  01:19       0.00
  c9700                    0.000    0.0    0.0    0.0       0.000    0.0       0  00:00       0.00
  c9710                    8.759   87.6    0.0    0.0      10.000  100.0       0  02:19       0.00
  c9730                    5.504   55.0    0.0    0.0      10.000  100.0       0  13:56       0.00
  c9765                    8.930   89.3    0.0    0.0      10.000  100.0       0  02:18       0.00
  5500                     3.535   70.7    0.0    0.0       5.000  100.0       0  08:32       0.27
  5400                     0.000    0.0    0.0    0.0       0.000    0.0       0  00:00       0.00
  5250                     0.000    0.0    0.0    0.0       0.000    0.0       0  00:00       0.00
  c5255                    6.848   68.5    0.0    0.0      10.000  100.0       0  12:37       0.00
  5000                     0.000    0.0    0.0    0.0       0.000    0.0       0  00:00       0.00
  c5005                    2.058   82.3    0.0    0.0       2.500  100.0       0  05:47       0.00
  4910                     2.032   81.3    0.0    0.0       2.500  100.0       0  04:51       0.00
  4900                     2.191   87.6    0.0    0.0       2.500  100.0       0  02:03       0.00
  4915                     1.979   79.2    0.0    0.0       2.500  100.0       0  03:42       5.93
  4251                     0.000    0.0    0.0    0.0       0.000    0.0       0  00:00       0.00
  4102                     0.000    0.0    0.0    0.0       0.000    0.0       0  00:00       0.00
  4250                     0.000    0.0    0.0    0.0       0.000    0.0       0  00:00       0.00
  4100                     0.000    0.0    0.0    0.0       0.000    0.0       0  00:00       0.00
  c9105                    2.267   90.7    0.0    0.0       2.500  100.0       0  02:23       0.00
  5100                     2.270   90.8    0.0    0.0       2.500  100.0       0  01:27       1.70
  5300                     0.000    0.0    0.0    0.0       0.000    0.0       0  00:00       0.00
  c5305                    7.632   76.3    0.0    0.0      10.000  100.0       0  08:40       0.00
  5350                     0.000    0.0    0.0    0.0       0.000    0.0       0  00:00       0.00
  c5355                    2.481   99.2    0.0    0.0       2.500  100.0       0  00:28       0.00
  d21                      0.009    0.4    0.0    0.0       0.159    6.4       1  00:00       0.15
  d112                     0.000    0.0    0.0    0.0       0.000    0.0       0  00:00       0.00
  d114                     0.000    0.0    0.0    0.0       0.000    0.0       0  00:00       0.00
  d23                      2.067   82.7    0.0    0.0       2.500  100.0       0  02:44       7.41
  d150                     1.620   64.8    0.0    0.0       2.500  100.0       0  08:00       0.00
  d5                       2.495   99.8    0.0    0.0       2.500  100.0       0  00:08       0.00
  d24                      0.000    0.0    0.0    0.0       0.000    0.0       0  00:00       0.00
  d123                     0.000    0.0    0.0    0.0       0.000    0.0       0  00:00       0.00
  d65                      2.412   96.5    0.0    0.0       2.500  100.0       0  00:57       0.00
  d25                      0.173    6.9    0.0    0.0       0.176    7.1       0  04:39       1.70
  d137                     0.000    0.0    0.0    0.0       0.000    0.0       0  00:00       0.00
  d27                      1.777   71.1    0.0    0.0       2.500  100.0       0  07:46       1.01
  d6605                    0.000    0.0    0.0    0.0       0.000    0.0       0  00:00       0.00
  d2604                    0.000    0.0    0.0    0.0       0.000    0.0       0  00:00       0.00
  d2605                    0.000    0.0    0.0    0.0       0.000    0.0       0  00:00       0.00
  d7361                    0.000    0.0    0.0    0.0       0.000    0.0       0  00:00       0.00
  d7805                    0.000    0.0    0.0    0.0       0.000    0.0       0  00:00       0.00
  d7405                    0.000    0.0    0.0    0.0       0.000    0.0       0  00:00       0.00
  d7705                    0.000    0.0    0.0    0.0       0.000    0.0       0  00:00       0.00
  x915                     0.000    0.0    0.0    0.0       0.000    0.0       0  00:00       0.00
  4601                     0.000    0.0    0.0    0.0       0.000    0.0       0  00:00       0.00
  d26040                   0.000    0.0    0.0    0.0       0.000    0.0       0  00:00       0.00
  x13                      0.000    0.0    0.0    0.0       0.000    0.0       0  00:00       0.00
  x14                      0.000    0.0    0.0    0.0       0.000    0.0       0  00:00       0.00
  x15                      0.000    0.0    0.0    0.0       0.000    0.0       0  00:00       0.00
  x16                      0.000    0.0    0.0    0.0       0.000    0.0       0  00:00       0.00
  x17                      0.000    0.0    0.0    0.0       0.000    0.0       0  00:00       0.00
  x18                      0.000    0.0    0.0    0.0       0.000    0.0       0  00:00       0.00
  x19                      0.000    0.0    0.0    0.0       0.000    0.0       0  00:00       0.00
  x20                      0.000    0.0    0.0    0.0       0.000    0.0       0  00:00       0.00
  x24                      0.000    0.0    0.0    0.0       0.000    0.0       0  00:00       0.00
  x25                      0.000    0.0    0.0    0.0       0.000    0.0       0  00:00       0.00
  x27                      0.000    0.0    0.0    0.0       0.000    0.0       0  00:00       0.00
  d23we                    0.000    0.0    0.0    0.0       0.000    0.0       0  00:00       0.00
  d23w                     0.000    0.0    0.0    0.0       0.000    0.0       0  00:00       0.00
  x17w                     0.000    0.0    0.0    0.0       0.000    0.0       0  00:00       0.00
  x17s                     0.000    0.0    0.0    0.0       0.000    0.0       0  00:00       0.00
  x24w                     0.000    0.0    0.0    0.0       0.000    0.0       0  00:00       0.00
  a20023                   0.000    0.0    0.0    0.0       0.000    0.0       0  00:00       0.00
  a207                     0.000    0.0    0.0    0.0       0.000    0.0       0  00:00       0.00
  2165                     0.000    0.0    0.0    0.0       0.000    0.0       0  00:00       0.00
  2027                     0.000    0.0    0.0    0.0       0.000    0.0       0  00:00       0.00
  445                      0.000    0.0    0.0    0.0       0.000    0.0       0  00:00       0.00
  5312                     0.000    0.0    0.0    0.0       0.000    0.0       0  00:00       0.00
  5310                     0.000    0.0    0.0    0.0       0.000    0.0       0  00:00       0.00
  5425                     0.000    0.0    0.0    0.0       0.000    0.0       0  00:00       0.00
  5431                     0.000    0.0    0.0    0.0       0.000    0.0       0  00:00       0.00
  5429                     0.000    0.0    0.0    0.0       0.000    0.0       0  00:00       0.00
  5427                     0.000    0.0    0.0    0.0       0.000    0.0       0  00:00       0.00
  5421                     2.353   94.1    0.0    0.0       2.500  100.0       0  01:07       0.00
  5432                     0.000    0.0    0.0    0.0       0.000    0.0       0  00:00       0.00
  5423                     0.000    0.0    0.0    0.0       0.000    0.0       0  00:00       0.00
  4511                     0.000    0.0    0.0    0.0       0.000    0.0       0  00:00       0.00
  c2108                    0.000    0.0    0.0    0.0       0.000    0.0       0  00:00       0.00
  a211                     0.000    0.0    0.0    0.0       0.000    0.0       0  00:00       0.00
  5100w                    0.000    0.0    0.0    0.0       0.000    0.0       0  00:00       0.00
  
  
  ***********************
  Outfall Loading Summary
  ***********************
  
  -----------------------------------------------------------
                         Flow       Avg       Max       Total
                         Freq      Flow      Flow      Volume
  Outfall Node           Pcnt       CFS       CFS    10^6 gal
  -----------------------------------------------------------
  x9553                  0.00      0.00      0.00       0.000
  -----------------------------------------------------------
  System                 0.00      0.00      0.00       0.000
  
  
  ********************
  Link Flow Summary
  ********************
  
  -----------------------------------------------------------------------------
                                 Maximum  Time of Max   Maximum    Max/    Max/
                                  |Flow|   Occurrence   |Veloc|    Full    Full
  Link                 Type          CFS  days hr:min    ft/sec    Flow   Depth
  -----------------------------------------------------------------------------
  Link_1               CONDUIT      0.00     0  00:00      0.00    0.00    0.00
  53500                CONDUIT      0.00     0  00:00      0.00    0.00    0.00
  83300                CONDUIT      0.00     0  00:00      0.00    0.00    0.00
  53005                CONDUIT      0.00     0  00:00      0.00    0.00    0.00
  53502                CONDUIT      0.00     0  00:00      0.00    0.00    0.00
  53504                CONDUIT      0.00     0  00:00      0.00    0.00    0.00
  83200                CONDUIT      0.00     0  00:00      0.00    0.00    0.00
  83100                CONDUIT      0.00     0  00:00      0.00    0.00    0.00
  83050                CONDUIT      0.00     0  00:00      0.00    0.00    0.00
  83000                CONDUIT      0.00     0  00:00      0.00    0.00    0.00
  51000                CONDUIT      0.91     0  01:04      5.96    0.01    0.07
  81500                CONDUIT      0.00     0  00:00      0.00    0.00    0.00
  81510                CONDUIT      0.00     0  00:00      0.00    0.00    0.00
  81520                CONDUIT      0.00     0  00:00      0.00    0.00    0.00
  81530                CONDUIT      0.00     0  00:00      0.00    0.00    0.00
  81100                CONDUIT      0.00     0  00:00      0.00    0.00    0.00
  81050                CONDUIT      0.00     0  00:00      0.00    0.00    0.00
  81000                CONDUIT      0.00     0  00:00      0.00    0.00    0.00
  49900                CONDUIT      0.79     0  01:32      2.44    0.03    0.12
  49800                CONDUIT      0.79     0  02:30      2.54    0.00    0.06
  49700                CONDUIT      0.79     0  05:04      1.61    0.01    0.06
  49600                CONDUIT      0.79     0  03:30      1.72    0.01    0.04
  49500                CONDUIT      1.14     0  03:30      3.72    0.01    0.05
  49400                CONDUIT      5.03     0  00:24      3.91    0.04    0.09
  49300                CONDUIT      1.93     0  05:09      2.37    0.01    0.20
  49200                CONDUIT      1.93     1  00:00      0.56    0.03    0.21
  88000                CONDUIT     37.96     0  01:16     12.83    0.83    0.44
  86000                CONDUIT      0.00     0  00:00      0.00    0.00    0.00
  55000                CONDUIT      0.24     0  03:30      2.05    0.01    0.05
  85550                CONDUIT      0.00     0  00:00      0.00    0.00    0.00
  85500                CONDUIT      0.00     0  00:00      0.00    0.00    0.00
  85250                CONDUIT      0.00     0  00:00      0.00    0.00    0.00
  85000                CONDUIT      0.00     0  00:00      0.00    0.00    0.00
  84750                CONDUIT      0.00     0  00:00      0.00    0.00    0.00
  54221                CONDUIT      1.21     0  01:24      3.73    0.01    0.06
  84550                CONDUIT      0.00     0  00:00      0.00    0.00    0.00
  84500                CONDUIT      0.00     0  00:00      0.00    0.00    0.00
  84250                CONDUIT      0.00     0  00:00      0.00    0.00    0.00
  84000                CONDUIT      0.00     0  00:00      0.00    0.00    0.00
  52500                CONDUIT      0.00     0  00:00      0.00    0.00    0.00
  52502                CONDUIT      0.00     0  00:00      0.00    0.00    0.00
  82500                CONDUIT      0.00     0  00:00      0.00    0.00    0.00
  82000                CONDUIT      0.00     0  00:00      0.00    0.00    0.00
  80500                CONDUIT      0.00     0  00:00      0.00    0.00    0.00
  50050                CONDUIT      0.00     0  00:00      0.00    0.00    0.00
  50052                CONDUIT      0.00     0  00:00      0.00    0.00    0.00
  50000                CONDUIT      0.00     0  00:00      0.00    0.00    0.00
  80000                CONDUIT      0.00     0  00:00      0.00    0.00    0.00
  49160                CONDUIT      1.93     0  09:26      2.69    0.01    0.10
  49430                CONDUIT      1.93     0  09:33      2.58    0.03    0.10
  49120                CONDUIT      0.00     0  00:00      0.00    0.00    0.03
  49100                CONDUIT      0.15     0  04:44      1.73    0.01    0.06
  49050                CONDUIT      0.00     0  00:00      0.00    0.00    0.03
  49000                CONDUIT      0.54     0  01:43      4.10    0.01    0.06
  42500                CONDUIT      0.00     0  00:00      0.00    0.00    0.00
  53511                CONDUIT      0.00     0  00:00      0.00    0.00    0.00
  42000                CONDUIT      0.00     0  00:00      0.00    0.00    0.00
  41500                CONDUIT      0.00     0  00:00      0.00    0.00    0.00
  41000                CONDUIT      0.00     0  00:00      0.00    0.00    0.00
  40010                CONDUIT      0.00     0  00:00      0.00    0.00    0.00
  10000                CONDUIT      0.00     0  00:00      0.00    0.00    0.00
  88100                CONDUIT      5.20     0  08:36      4.49    0.11    0.22
  88200                CONDUIT      5.20     0  08:36      4.44    0.11    0.22
  88300                CONDUIT      5.20     0  08:36      4.99    0.09    0.21
  88400                CONDUIT      5.20     0  08:36      5.14    0.09    0.20
  88500                CONDUIT     22.19     0  00:29      9.88    0.54    0.35
  88600                CONDUIT      5.21     0  06:16      3.98    0.13    0.24
  88610                CONDUIT      4.49     0  00:36     10.79    0.37    0.37
  88620                CONDUIT      3.86     0  00:19      8.52    0.37    0.40
  88630                CONDUIT      0.60     0  08:36      2.78    0.04    0.24
  8640                 CONDUIT      0.60     0  08:36      3.84    0.07    0.19
  8650                 CONDUIT      0.60     0  04:55      1.49    0.30    0.36
  8660                 CONDUIT      0.60     0  03:39      2.62    0.13    0.36
  8670                 CONDUIT      0.60     0  02:21      2.93    0.20    0.31
  8700                 CONDUIT      0.00     0  00:00      0.00    0.00    0.14
  8800                 CONDUIT      0.00     0  00:00      0.00    0.00    0.00
  8900                 CONDUIT      0.00     0  00:00      0.00    0.00    0.00
  7050                 CONDUIT      0.00     0  00:00      0.00    0.00    0.00
  1006                 CONDUIT      0.00     0  00:00      0.00    0.00    0.00
  1007                 CONDUIT      0.00     0  00:00      0.00    0.00    0.00
  1015                 CONDUIT      0.00     0  00:00      0.00    0.00    0.00
  1016                 CONDUIT      0.00     0  00:00      0.00    0.00    0.00
  1017                 CONDUIT      0.00     0  00:00      0.00    0.00    0.00
  1018                 CONDUIT      0.00     0  00:00      0.00    0.00    0.00
  1019                 CONDUIT      0.00     0  00:00      0.00    0.00    0.00
  1020                 CONDUIT      0.00     0  00:00      0.00    0.00    0.00
  1023                 CONDUIT      0.00     0  00:00      0.00    0.00    0.00
  1024                 CONDUIT      0.00     0  00:00      0.00    0.00    0.00
  1027                 CONDUIT      0.00     0  00:00      0.00    0.00    0.00
  1028                 CONDUIT      0.00     0  00:00      0.00    0.00    0.00
  1031                 CONDUIT      0.00     0  00:00      0.00    0.00    0.00
  1032                 CONDUIT      0.00     0  00:00      0.00    0.00    0.00
  1033                 CONDUIT      0.00     0  00:00      0.00    0.00    0.00
  1047                 CONDUIT      0.00     0  00:00      0.00    0.00    0.00
  1050                 CONDUIT      0.00     0  00:00      0.00    0.00    0.00
  1051                 CONDUIT      0.00     0  00:00      0.00    0.00    0.00
  1052                 CONDUIT      0.00     0  00:00      0.00    0.00    0.00
  1053                 CONDUIT      0.00     0  00:00      0.00    0.00    0.00
  1054                 CONDUIT      0.00     0  00:00      0.00    0.00    0.00
  1057                 CONDUIT      0.00     0  00:00      0.00    0.00    0.00
  1058                 CONDUIT      0.00     0  00:00      0.00    0.00    0.00
  1061                 CONDUIT      0.00     0  00:00      0.00    0.00    0.00
  1064                 CONDUIT      0.00     0  00:00      0.00    0.00    0.00
  1065                 CONDUIT      0.00     0  00:00      0.00    0.00    0.00
  1069                 CONDUIT      0.00     0  00:00      0.00    0.00    0.00
  21075                CONDUIT      0.00     0  00:00      0.00    0.00    0.00
  1079                 CONDUIT      0.00     0  00:00      0.00    0.00    0.00
  1081                 CONDUIT      0.00     0  00:00      0.00    0.00    0.00
  1082                 CONDUIT      0.00     0  00:00      0.00    0.00    0.00
  1085                 CONDUIT      0.00     0  00:00      0.00    0.00    0.00
  1088                 CONDUIT      0.00     0  00:00      0.00    0.00    0.00
  1090                 CONDUIT      0.00     0  00:00      0.00    0.00    0.00
  1000                 CONDUIT      0.00     0  00:00      0.00    0.00    0.00
  1002                 CONDUIT      0.00     0  00:00      0.00    0.00    0.00
  1003                 CONDUIT      0.00     0  00:00      0.00    0.00    0.00
  1004                 CONDUIT      0.00     0  00:00      0.00    0.00    0.00
  1005                 CONDUIT      0.00     0  00:00      0.00    0.00    0.00
  1008                 CONDUIT      0.00     0  00:00      0.00    0.00    0.00
  1012                 CONDUIT      0.00     0  00:00      0.00    0.00    0.00
  1021                 CONDUIT      0.00     0  00:00      0.00    0.00    0.00
  6101                 CONDUIT      0.00     0  00:00      0.00    0.00    0.00
  46001                CONDUIT      0.00     0  00:00      0.00    0.00    0.00
  1025                 CONDUIT      0.00     0  00:00      0.00    0.00    0.00
  6201                 CONDUIT      0.00     0  00:00      0.00    0.00    0.00
  1029                 CONDUIT      0.00     0  00:00      0.00    0.00    0.00
  8001                 CONDUIT      0.00     0  00:00      0.00    0.00    0.00
  1100                 CONDUIT      0.00     0  00:00      0.00    0.00    0.00
  1105                 CONDUIT      0.00     0  00:00      0.00    0.00    0.00
  1110                 CONDUIT      0.00     0  00:00      0.00    0.00    0.00
  1115                 CONDUIT      0.00     0  00:00      0.00    0.00    0.00
  1120                 CONDUIT      0.00     0  00:00      0.00    0.00    0.00
  1125                 CONDUIT      0.00     0  00:00      0.00    0.00    0.00
  1130                 CONDUIT      0.00     0  00:00      0.00    0.00    0.00
  1135                 CONDUIT      0.00     0  00:00      0.00    0.00    0.00
  1140                 CONDUIT      0.00     0  00:00      0.00    0.00    0.00
  1145                 CONDUIT      0.00     0  00:00      0.00    0.00    0.00
  1150                 CONDUIT      0.00     0  00:00      0.00    0.00    0.00
  1155                 CONDUIT      0.00     0  00:00      0.00    0.00    0.00
  1160                 CONDUIT      0.00     0  00:00      0.00    0.00    0.00
  1034                 CONDUIT      0.00     0  00:00      0.00    0.00    0.00
  1037                 CONDUIT      0.80     0  01:04      3.48    0.00    0.03
  2004                 CONDUIT      0.00     0  00:00      0.00    0.00    0.00
  1041                 CONDUIT      0.20     0  02:35      2.79    0.00    0.04
  1035                 CONDUIT      0.00     0  00:00      0.00    0.00    0.00
  1042                 CONDUIT      0.00     0  00:00      0.00    0.00    0.00
  1043                 CONDUIT      0.00     0  00:00      0.00    0.00    0.00
  1044                 CONDUIT      0.00     0  00:00      0.00    0.00    0.00
  1048                 CONDUIT      0.00     0  00:00      0.00    0.00    0.00
  92005                CONDUIT      0.00     0  00:00      0.00    0.00    0.00
  5001                 CONDUIT      0.00     0  00:00      0.00    0.00    0.00
  5002                 CONDUIT      0.00     0  00:00      0.00    0.00    0.00
  45004                CONDUIT      0.00     0  00:00      0.00    0.00    0.00
  1055                 CONDUIT      0.00     0  00:00      0.00    0.00    0.00
  21056                CONDUIT      0.00     0  00:00      0.00    0.00    0.00
  1059                 CONDUIT      0.00     0  00:00      0.00    0.00    0.00
  43001                CONDUIT      0.00     0  00:00      0.00    0.00    0.00
  1062                 CONDUIT      0.00     0  00:00      0.00    0.00    0.00
  42001                CONDUIT      0.00     0  00:00      0.00    0.00    0.00
  1067                 CONDUIT      0.00     0  00:00      0.00    0.00    0.00
  41001                CONDUIT      0.00     0  00:00      0.00    0.00    0.00
  1070                 CONDUIT      0.00     0  00:00      0.00    0.00    0.00
  1071                 CONDUIT      0.00     0  00:00      0.00    0.00    0.00
  7100                 CONDUIT      0.00     0  00:00      0.00    0.00    0.00
  7150                 CONDUIT      2.06     0  02:55      3.59    0.04    0.14
  7200                 CONDUIT      0.82     0  01:58      1.74    0.02    0.12
  7250                 CONDUIT      0.84     0  01:33      2.41    0.02    0.10
  7300                 CONDUIT      0.00     0  00:00      0.00    0.00    0.05
  7350                 CONDUIT      0.32     0  08:47      2.25    0.01    0.05
  7400                 CONDUIT      0.32     0  08:48      1.08    0.02    0.09
  7450                 CONDUIT      0.34     0  03:29      1.01    0.02    0.11
  7500                 CONDUIT      0.62     0  02:21      1.53    0.03    0.11
  7550                 CONDUIT      0.55     0  02:41      1.67    0.02    0.10
  7600                 CONDUIT      0.48     0  03:40      1.63    0.02    0.09
  7650                 CONDUIT      0.45     0  06:58      2.75    0.01    0.06
  7700                 CONDUIT      0.71     0  01:35      3.06    0.08    0.19
  48002                CONDUIT      0.00     0  00:00      0.00    0.00    0.00
  48003                CONDUIT      0.00     0  00:00      0.00    0.00    0.00
  48004                CONDUIT      0.00     0  00:00      0.00    0.00    0.00
  48005                CONDUIT      0.00     0  00:00      0.00    0.00    0.00
  48006                CONDUIT      0.00     0  00:00      0.00    0.00    0.00
  101102               CONDUIT      1.70     0  00:42      4.95    0.23    0.66
  102103               CONDUIT      0.00     0  00:00      0.00    0.00    0.50
  15003                CONDUIT      0.00     0  00:00      0.00    0.00    0.00
  15004                CONDUIT      0.00     0  00:00      0.00    0.00    0.00
  15006                CONDUIT      0.00     0  00:00      0.00    0.00    0.00
  15007                CONDUIT      0.00     0  00:00      0.00    0.00    0.00
  15009                CONDUIT      0.00     0  00:00      0.00    0.00    0.00
  15010                CONDUIT      0.00     0  00:00      0.00    0.00    0.00
  15011                CONDUIT      0.00     0  00:00      0.00    0.00    0.00
  15012                CONDUIT      0.00     0  00:00      0.00    0.00    0.00
  15013                CONDUIT      0.00     0  00:00      0.00    0.00    0.00
  15216                CONDUIT      0.00     0  00:00      0.00    0.00    0.00
  15217                CONDUIT      0.00     0  00:00      0.00    0.00    0.00
  15218                CONDUIT      0.00     0  00:00      0.00    0.00    0.00
  15219                CONDUIT      0.00     0  00:00      0.00    0.00    0.00
  15220                CONDUIT      0.00     0  00:00      0.00    0.00    0.00
  15221                CONDUIT      0.00     0  00:00      0.00    0.00    0.00
  a15222               CONDUIT      0.00     0  00:00      0.00    0.00    0.00
  36013                CONDUIT      0.00     0  00:00      0.00    0.00    0.00
  36015                CONDUIT      0.00     0  00:00      0.00    0.00    0.00
  36018                CONDUIT      0.00     0  00:00      0.00    0.00    0.00
  36019                CONDUIT      0.00     0  00:00      0.00    0.00    0.00
  4243                 CONDUIT      0.00     0  00:00      0.00    0.00    0.00
  4344                 CONDUIT      0.00     0  00:00      0.00    0.00    0.00
  4445                 CONDUIT      0.00     0  00:00      0.00    0.00    0.00
  4546                 CONDUIT      0.00     0  00:00      0.00    0.00    0.00
  36024                CONDUIT      0.00     0  00:00      0.00    0.00    0.00
  40002                CONDUIT      0.00     0  00:00      0.00    0.00    0.00
  40003                CONDUIT      0.00     0  00:00      0.00    0.00    0.00
  40004                CONDUIT      0.00     0  00:00      0.00    0.00    0.00
  40005                CONDUIT      0.00     0  00:00      0.00    0.00    0.00
  40006                CONDUIT      0.00     0  00:00      0.00    0.00    0.00
  5657                 CONDUIT      0.00     0  00:00      0.00    0.00    0.00
  40008                CONDUIT      0.00     0  00:00      0.00    0.00    0.00
  40009                CONDUIT      0.00     0  00:00      0.00    0.00    0.00
  40010_2              CONDUIT      0.00     0  00:00      0.00    0.00    0.00
  40011                CONDUIT      0.00     0  00:00      0.00    0.00    0.00
  40012                CONDUIT      0.00     0  00:00      0.00    0.00    0.00
  40013                CONDUIT      0.00     0  00:00      0.00    0.00    0.00
  40014                CONDUIT      0.00     0  00:00      0.00    0.00    0.00
  40015                CONDUIT      0.00     0  00:00      0.00    0.00    0.00
  40016                CONDUIT      0.00     0  00:00      0.00    0.00    0.00
  40017                CONDUIT      0.00     0  00:00      0.00    0.00    0.00
  40018                CONDUIT      0.00     0  00:00      0.00    0.00    0.00
  40019                CONDUIT      0.00     0  00:00      0.00    0.00    0.00
  40020                CONDUIT      0.00     0  00:00      0.00    0.00    0.00
  42001_2              CONDUIT      0.00     0  00:00      0.00    0.00    0.00
  42002                CONDUIT      0.00     0  00:00      0.00    0.00    0.00
  42003                CONDUIT      0.00     0  00:00      0.00    0.00    0.00
  42004                CONDUIT      0.00     0  00:00      0.00    0.00    0.00
  42005                CONDUIT      0.00     0  00:00      0.00    0.00    0.00
  42006                CONDUIT      0.00     0  00:00      0.00    0.00    0.00
  42007                CONDUIT      0.00     0  00:00      0.00    0.00    0.00
  42008                CONDUIT      0.00     0  00:00      0.00    0.00    0.00
  46001_2              CONDUIT      0.00     0  00:00      0.00    0.00    0.00
  46002                CONDUIT      0.00     0  00:00      0.00    0.00    0.00
  46003                CONDUIT      0.00     0  00:00      0.00    0.00    0.00
  46004                CONDUIT      0.00     0  00:00      0.00    0.00    0.00
  46005                CONDUIT      0.00     0  00:00      0.00    0.00    0.00
  46006                CONDUIT      0.00     0  00:00      0.00    0.00    0.00
  46007                CONDUIT      0.00     0  00:00      0.00    0.00    0.00
  50001                CONDUIT      0.00     0  00:00      0.00    0.00    0.00
  50003                CONDUIT      0.00     0  00:00      0.00    0.00    0.00
  50004                CONDUIT      0.00     0  00:00      0.00    0.00    0.00
  50005                CONDUIT      0.00     0  00:00      0.00    0.00    0.00
  50006                CONDUIT      0.00     0  00:00      0.00    0.00    0.00
  50007                CONDUIT      0.00     0  00:00      0.00    0.00    0.00
  50008                CONDUIT      0.00     0  00:00      0.00    0.00    0.00
  50009                CONDUIT      0.00     0  00:00      0.00    0.00    0.00
  50010                CONDUIT      0.00     0  00:00      0.00    0.00    0.00
  50011                CONDUIT      0.00     0  00:00      0.00    0.00    0.00
  1003_2               CONDUIT      0.00     0  00:00      0.00    0.00    0.00
  1004_2               CONDUIT      0.00     0  00:00      0.00    0.00    0.00
  4819                 CONDUIT      0.00     0  00:00      0.00    0.00    0.00
  3620                 CONDUIT      0.00     0  00:00      0.00    0.00    0.50
  2221                 CONDUIT      0.10     0  06:08      0.70    0.04    0.10
  4522                 CONDUIT      0.68     0  01:47      1.23    0.02    0.08
  6623                 CONDUIT      0.95     0  04:16      0.14    0.00    0.28
  1224                 CONDUIT      0.08     0  05:47      2.25    0.02    0.09
  7225                 CONDUIT      0.00     0  00:00      0.00    0.00    0.00
  1226                 CONDUIT      0.00     0  00:00      0.00    0.00    0.00
  48001                CONDUIT      0.00     0  00:00      0.00    0.00    0.00
  a14218               CONDUIT      0.00     0  00:00      0.00    0.00    0.00
  14122                CONDUIT      0.00     0  00:00      0.00    0.00    0.00
  a14222               CONDUIT      0.00     0  00:00      0.00    0.00    0.00
  a72225               CONDUIT      0.00     0  00:00      0.00    0.00    0.00
  48007                CONDUIT      0.00     0  00:00      0.00    0.00    0.00
  3601                 CONDUIT      0.00     0  00:00      0.00    0.00    0.00
  3602                 CONDUIT      0.00     0  00:00      0.00    0.00    0.00
  3612                 CONDUIT      0.00     0  00:00      0.00    0.00    0.00
  3613                 CONDUIT      0.00     0  00:00      0.00    0.00    0.50
  3622                 CONDUIT      0.00     0  00:00      0.00    0.00    0.00
  3623                 CONDUIT      0.00     0  00:00      0.00    0.00    0.00
  3624                 CONDUIT      0.00     0  00:00      0.00    0.00    0.00
  3625                 CONDUIT      0.00     0  00:00      0.00    0.00    0.00
  3632                 CONDUIT      0.00     0  00:00      0.00    0.00    0.00
  3633                 CONDUIT      0.00     0  00:00      0.00    0.00    0.00
  3642                 CONDUIT      0.31     0  02:30      3.04    0.00    0.04
  3694                 CONDUIT      0.00     0  00:00      0.00    0.00    0.00
  3695                 CONDUIT      0.00     0  00:00      0.00    0.00    0.00
  3696                 CONDUIT      0.00     0  00:00      0.00    0.00    0.00
  3697                 CONDUIT      0.00     0  00:00      0.00    0.00    0.00
  3698                 CONDUIT      0.00     0  00:00      0.00    0.00    0.00
  3699                 CONDUIT      0.00     0  00:00      0.00    0.00    0.00
  3705                 CONDUIT      1.24     0  00:41      5.34    0.01    0.06
  3799                 CONDUIT      0.00     0  00:00      0.00    0.00    0.00
  1033_2               CONDUIT      0.00     0  00:00      0.00    0.00    0.00
  1036                 CONDUIT      0.00     0  00:00      0.00    0.00    0.50
  1043_2               CONDUIT      5.00     0  01:06      4.31    0.10    0.61
  5602                 CONDUIT      0.00     0  00:00      0.00    0.00    0.00
  5603                 CONDUIT      0.00     0  00:00      0.00    0.00    0.00
  5699                 CONDUIT      0.00     0  00:00      0.00    0.00    0.00
  2001                 CONDUIT      0.00     0  00:00      0.00    0.00    0.00
  2003                 CONDUIT      0.00     0  00:00      0.00    0.00    0.06
  2005                 CONDUIT      9.59     0  00:12     10.70    0.14    0.22
  2007                 CONDUIT      2.14     0  00:37      2.54    0.02    0.38
  2008                 CONDUIT    193.18     0  00:12     44.73    3.43    0.90
  2009                 CONDUIT      0.52     0  09:59      0.11    0.00    0.52
  2000                 CONDUIT      0.48     0  09:59      0.10    0.00    0.52
  2016                 CONDUIT      3.52     0  01:04      2.25    1.81    1.00
  2017                 CONDUIT      8.61     0  00:22      9.92    0.11    0.60
  2028                 CONDUIT      6.67     0  00:27     12.62    0.18    0.33
  2031                 CONDUIT      4.52     0  01:04      7.13    0.24    0.33
  2034                 CONDUIT      2.38     0  00:43      6.15    0.14    0.29
  4001                 CONDUIT      1.00     0  09:59      4.82    0.02    0.09
  4007                 CONDUIT      1.00     0  09:59      1.87    0.06    0.17
  1205                 CONDUIT      0.00     0  00:00      0.00    0.00    0.00
  1302                 CONDUIT      0.00     0  00:00      0.00    0.00    0.00
  1399                 CONDUIT      0.00     0  00:00      0.00    0.00    0.00
  1502                 CONDUIT      0.00     0  00:00      0.00    0.00    0.00
  1503                 CONDUIT      0.00     0  00:00      0.00    0.00    0.00
  1599                 CONDUIT      0.00     0  00:00      0.00    0.00    0.00
  1602                 CONDUIT      0.00     0  00:00      0.00    0.00    0.00
  1603                 CONDUIT      0.00     0  00:00      0.00    0.00    0.00
  1604                 CONDUIT      0.00     0  00:00      0.00    0.00    0.00
  1605                 CONDUIT      0.00     0  00:00      0.00    0.00    0.00
  1606                 CONDUIT      0.00     0  00:00      0.00    0.00    0.00
  2901                 CONDUIT      0.08     0  17:57      2.85    0.01    0.08
  2903                 CONDUIT      0.08     0  08:04      4.10    0.00    0.03
  3002                 CONDUIT      0.00     0  00:00      0.00    0.00    0.00
  3102                 CONDUIT      0.00     0  00:00      0.00    0.00    0.00
  3103                 CONDUIT      0.00     0  00:00      0.00    0.00    0.00
  3203                 CONDUIT      0.00     0  00:00      0.00    0.00    0.00
  3204                 CONDUIT      0.00     0  00:00      0.00    0.00    0.00
  3205                 CONDUIT      0.00     0  00:00      0.00    0.00    0.00
  3206                 CONDUIT      0.00     0  00:00      0.00    0.00    0.00
  3207                 CONDUIT      0.00     0  00:00      0.00    0.00    0.00
  3208                 CONDUIT      0.00     0  00:00      0.00    0.00    0.00
  3209                 CONDUIT      0.00     0  00:00      0.00    0.00    0.00
  3210                 CONDUIT      0.00     0  00:00      0.00    0.00    0.00
  3211                 CONDUIT      0.00     0  00:00      0.00    0.00    0.00
  3212                 CONDUIT      0.00     0  00:00      0.00    0.00    0.00
  3213                 CONDUIT      0.00     0  00:00      0.00    0.00    0.00
  3214                 CONDUIT      0.00     0  00:00      0.00    0.00    0.00
  3215                 CONDUIT      0.00     0  00:00      0.00    0.00    0.00
  3216                 CONDUIT      0.00     0  00:00      0.00    0.00    0.00
  3217                 CONDUIT      0.00     0  00:00      0.00    0.00    0.00
  3218                 CONDUIT      0.00     0  00:00      0.00    0.00    0.00
  3219                 CONDUIT      0.00     0  00:00      0.00    0.00    0.00
  3220                 CONDUIT      0.00     0  00:00      0.00    0.00    0.00
  3221                 CONDUIT      0.00     0  00:00      0.00    0.00    0.00
  3299                 CONDUIT      0.00     0  00:00      0.00    0.00    0.00
  3302                 CONDUIT      0.31     0  02:42      5.18    0.01    0.06
  3399                 CONDUIT      0.00     0  00:00      0.00    0.00    0.00
  3402                 CONDUIT      0.05     1  00:00      2.55    0.00    0.02
  3403                 CONDUIT      0.05     0  21:52      1.62    0.00    0.52
  3502                 CONDUIT      1.08     0  00:32      8.04    0.00    0.02
  3599                 CONDUIT      0.00     0  00:00      0.00    0.00    0.00
  3803                 CONDUIT      0.00     0  00:00      0.00    0.00    0.00
  a3804                CONDUIT      0.00     0  00:00      0.00    0.00    0.00
  3808                 CONDUIT      0.00     0  00:00      0.00    0.00    0.00
  3809                 CONDUIT      0.00     0  00:00      0.00    0.00    0.00
  3810                 CONDUIT      0.00     0  00:00      0.00    0.00    0.00
  3899                 CONDUIT      0.00     0  00:00      0.00    0.00    0.00
  3902                 CONDUIT      0.46     0  07:12      4.83    0.01    0.06
  3903                 CONDUIT      0.46     0  04:58      3.16    0.02    0.09
  3904                 CONDUIT      0.46     0  03:11      8.01    0.03    0.11
  3996                 CONDUIT      0.00     0  00:00      0.00    0.00    0.00
  3997                 CONDUIT      0.00     0  00:00      0.00    0.00    0.00
  3998                 CONDUIT      0.00     0  00:00      0.00    0.00    0.00
  3999                 CONDUIT      0.00     0  00:00      0.00    0.00    0.00
  1002_2               CONDUIT      0.00     0  00:00      0.00    0.00    0.00
  1012_2               CONDUIT      0.00     0  00:00      0.00    0.00    0.00
  1013                 CONDUIT      0.00     0  00:00      0.00    0.00    0.00
  1014                 CONDUIT      0.00     0  00:00      0.00    0.00    0.00
  1018_2               CONDUIT      0.00     0  00:00      0.00    0.00    0.00
  1020_2               CONDUIT      0.00     0  00:00      0.00    0.00    0.00
  1022                 CONDUIT      0.00     0  00:00      0.00    0.00    0.00
  1023_2               CONDUIT      0.00     0  00:00      0.00    0.00    0.00
  1024_2               CONDUIT      0.00     0  00:00      0.00    0.00    0.00
  1027_2               CONDUIT      0.00     0  00:00      0.00    0.00    0.00
  a1030                CONDUIT      0.00     0  00:00      0.00    0.00    0.00
  1207                 CONDUIT      0.00     0  00:00      0.00    0.00    0.00
  1001                 CONDUIT      0.00     0  00:00      0.00    0.00    0.00
  200                  CONDUIT      0.00     0  00:00      0.00    0.00    0.00
  201                  CONDUIT      0.00     0  00:00      0.00    0.00    0.00
  202                  CONDUIT      0.00     0  00:00      0.00    0.00    0.00
  203                  CONDUIT      0.00     0  00:00      0.00    0.00    0.00
  204                  CONDUIT      0.00     0  00:00      0.00    0.00    0.00
  205                  CONDUIT      0.00     0  00:00      0.00    0.00    0.00
  206                  CONDUIT      0.00     0  00:00      0.00    0.00    0.00
  207                  CONDUIT      0.00     0  00:00      0.00    0.00    0.00
  208                  CONDUIT      0.00     0  00:00      0.00    0.00    0.00
  209                  CONDUIT      0.00     0  00:00      0.00    0.00    0.00
  210                  CONDUIT      0.00     0  00:00      0.00    0.00    0.00
  211                  CONDUIT      0.00     0  00:00      0.00    0.00    0.00
  212                  CONDUIT      0.00     0  00:00      0.00    0.00    0.00
  213                  CONDUIT      0.00     0  00:00      0.00    0.00    0.00
  214                  CONDUIT      0.00     0  00:00      0.00    0.00    0.00
  215                  CONDUIT      0.00     0  00:00      0.00    0.00    0.00
  216                  CONDUIT      0.00     0  00:00      0.00    0.00    0.00
  217                  CONDUIT      0.00     0  00:00      0.00    0.00    0.00
  218                  CONDUIT      0.00     0  00:00      0.00    0.00    0.00
  219                  CONDUIT      0.00     0  00:00      0.00    0.00    0.00
  220                  CONDUIT      0.00     0  00:00      0.00    0.00    0.00
  221                  CONDUIT      0.00     0  00:00      0.00    0.00    0.00
  222                  CONDUIT      0.00     0  00:00      0.00    0.00    0.00
  223                  CONDUIT      0.00     0  00:00      0.00    0.00    0.00
  224                  CONDUIT      0.00     0  00:00      0.00    0.00    0.00
  225                  CONDUIT      0.00     0  00:00      0.00    0.00    0.00
  226                  CONDUIT      0.00     0  00:00      0.00    0.00    0.00
  227                  CONDUIT      0.00     0  00:00      0.00    0.00    0.00
  228                  CONDUIT      0.00     0  00:00      0.00    0.00    0.00
  229                  CONDUIT      0.00     0  00:00      0.00    0.00    0.00
  230                  CONDUIT      0.00     0  00:00      0.00    0.00    0.00
  231                  CONDUIT      0.00     0  00:00      0.00    0.00    0.00
  232                  CONDUIT      0.00     0  00:00      0.00    0.00    0.00
  233                  CONDUIT      0.00     0  00:00      0.00    0.00    0.00
  234                  CONDUIT      0.00     0  00:00      0.00    0.00    0.00
  235                  CONDUIT      0.00     0  00:00      0.00    0.00    0.00
  236                  CONDUIT      0.00     0  00:00      0.00    0.00    0.00
  238                  CONDUIT      0.00     0  00:00      0.00    0.00    0.00
  252                  CONDUIT      0.00     0  00:00      0.00    0.00    0.00
  253                  CONDUIT      0.00     0  00:00      0.00    0.00    0.00
  254                  CONDUIT      0.00     0  00:00      0.00    0.00    0.00
  255                  CONDUIT      0.00     0  00:00      0.00    0.00    0.00
  256                  CONDUIT      0.00     0  00:00      0.00    0.00    0.00
  257                  CONDUIT      0.00     0  00:00      0.00    0.00    0.00
  258                  CONDUIT      0.00     0  00:00      0.00    0.00    0.00
  259                  CONDUIT      0.00     0  00:00      0.00    0.00    0.00
  260                  CONDUIT      0.00     0  00:00      0.00    0.00    0.00
  261                  CONDUIT      0.00     0  00:00      0.00    0.00    0.00
  262                  CONDUIT      0.00     0  00:00      0.00    0.00    0.00
  263                  CONDUIT      0.00     0  00:00      0.00    0.00    0.03
  264                  CONDUIT      4.90     0  00:40      5.44    0.03    0.08
  265                  CONDUIT      1.46     0  01:26      1.77    0.01    0.08
  266                  CONDUIT      4.10     0  01:21      5.40    0.04    0.07
  267                  CONDUIT      1.34     0  02:02      2.57    0.01    0.07
  268                  CONDUIT      1.29     0  07:27      2.92    0.01    0.07
  600                  CONDUIT      0.41     0  02:28      2.15    0.00    0.03
  601                  CONDUIT      0.42     0  03:43      2.41    0.00    0.03
  602                  CONDUIT      0.40     0  05:00      1.99    0.00    0.03
  603                  CONDUIT      0.42     0  06:13      2.32    0.00    0.03
  610                  CONDUIT      0.00     0  00:00      0.00    0.00    0.00
  611                  CONDUIT      0.00     0  00:00      0.00    0.00    0.00
  612                  CONDUIT      0.00     0  00:00      0.00    0.00    0.00
  614                  CONDUIT      0.00     0  00:00      0.00    0.00    0.00
  615                  CONDUIT      0.00     0  00:00      0.00    0.00    0.00
  616                  CONDUIT      0.00     0  00:00      0.00    0.00    0.00
  617                  CONDUIT      0.00     0  00:00      0.00    0.00    0.00
  520                  CONDUIT      0.02     0  22:51      1.17    0.00    0.03
  81                   CONDUIT      0.00     0  00:00      0.00    0.00    0.00
  530                  CONDUIT      1.70     1  00:00      2.41    0.05    0.11
  85                   CONDUIT      0.00     0  00:00      0.00    0.00    0.00
  72610                CONDUIT      0.00     0  00:00      0.00    0.00    0.00
  d73610               CONDUIT      0.00     0  00:00      0.00    0.00    0.00
  71050                CONDUIT      0.00     0  00:00      0.00    0.00    0.00
  d74050               CONDUIT      0.00     0  00:00      0.00    0.00    0.00
  74051                CONDUIT      0.00     0  00:00      0.00    0.00    0.00
  75050                CONDUIT      0.00     0  00:00      0.00    0.00    0.00
  d78050               CONDUIT      0.00     0  00:00      0.00    0.00    0.00
  72050                CONDUIT      0.00     0  00:00      0.00    0.00    0.00
  d77050               CONDUIT      0.00     0  00:00      0.00    0.00    0.00
  77051                CONDUIT      0.00     0  00:00      0.00    0.00    0.00
  77052                CONDUIT      0.00     0  00:00      0.00    0.00    0.00
  74610                CONDUIT      0.00     0  00:00      0.00    0.00    0.00
  75610                CONDUIT      0.00     0  00:00      0.00    0.00    0.00
  79050                CONDUIT      0.00     0  00:00      0.00    0.00    0.00
  66050                CONDUIT      0.00     0  00:00      0.00    0.00    0.00
  26051                CONDUIT      0.00     0  00:00      0.00    0.00    0.00
  72040                CONDUIT      0.00     0  00:00      0.00    0.00    0.00
  71040                CONDUIT      0.00     0  00:00      0.00    0.00    0.00
  66040                CONDUIT      0.00     0  00:00      0.00    0.00    0.00
  26041                CONDUIT      0.00     0  00:00      0.00    0.00    0.00
  552                  CONDUIT      0.16     0  07:27      0.84    0.16    0.21
  87                   CONDUIT      0.00     0  00:00      0.00    0.00    0.00
  562                  CONDUIT      0.02     0  21:18      0.71    0.00    0.04
  565                  CONDUIT      0.02     0  20:59      0.74    0.01    0.08
  572                  CONDUIT      1.44     0  00:40      2.23    0.01    0.07
  582                  CONDUIT      0.00     0  00:00      0.00    0.00    0.00
  592                  CONDUIT      0.00     0  00:00      0.00    0.00    0.00
  71                   CONDUIT      0.00     0  00:00      0.00    0.00    0.00
  73                   CONDUIT      0.00     0  00:00      0.00    0.00    0.00
  74                   CONDUIT      0.00     0  00:00      0.00    0.00    0.00
  75                   CONDUIT      0.00     0  00:00      0.00    0.00    0.00
  77                   CONDUIT      0.00     0  00:00      0.00    0.00    0.00
  11001                CONDUIT      0.20     0  03:24      1.95    0.04    0.14
  11002                CONDUIT      0.20     0  06:16      2.39    0.03    0.12
  11003                CONDUIT      0.20     0  11:47      2.36    0.02    0.10
  11004                CONDUIT      0.20     0  12:21      2.23    0.02    0.10
  11005                CONDUIT      0.20     0  15:03      2.55    0.01    0.08
  11006                CONDUIT      0.20     0  20:13      5.19    0.01    0.54
  11007                CONDUIT      0.00     0  00:00      0.00    0.00    0.50
  11008                CONDUIT      0.00     0  00:00      0.00    0.00    0.00
  x11009               CONDUIT      0.00     0  00:00      0.00    0.00    0.00
  11010                CONDUIT      0.00     0  00:00      0.00    0.00    0.00
  11011                CONDUIT      0.00     0  00:00      0.00    0.00    0.00
  11012                CONDUIT      0.00     0  00:00      0.00    0.00    0.00
  11013                CONDUIT      0.00     0  00:00      0.00    0.00    0.00
  11014                CONDUIT      0.00     0  00:00      0.00    0.00    0.00
  11015                CONDUIT      0.00     0  00:00      0.00    0.00    0.00
  11016                CONDUIT      0.00     0  00:00      0.00    0.00    0.00
  11017                CONDUIT      0.00     0  00:00      0.00    0.00    0.00
  11018                CONDUIT      0.00     0  00:00      0.00    0.00    0.00
  11019                CONDUIT      0.00     0  00:00      0.00    0.00    0.00
  11020                CONDUIT      0.00     0  00:00      0.00    0.00    0.00
  11021                CONDUIT      0.00     0  00:00      0.00    0.00    0.00
  11022                CONDUIT      0.00     0  00:00      0.00    0.00    0.00
  11024                CONDUIT      0.00     0  00:00      0.00    0.00    0.00
  11026                CONDUIT      0.00     0  00:00      0.00    0.00    0.00
  11027                CONDUIT      0.00     0  00:00      0.00    0.00    0.00
  11029                CONDUIT      0.00     0  00:00      0.00    0.00    0.00
  11030                CONDUIT      0.00     0  00:00      0.00    0.00    0.00
  11031                CONDUIT      0.00     0  00:00      0.00    0.00    0.00
  11033                CONDUIT      0.00     0  00:00      0.00    0.00    0.00
  11034                CONDUIT      0.00     0  00:00      0.00    0.00    0.00
  11035                CONDUIT      0.00     0  00:00      0.00    0.00    0.00
  11036                CONDUIT      0.00     0  00:00      0.00    0.00    0.00
  11037                CONDUIT      0.00     0  00:00      0.00    0.00    0.00
  11038                CONDUIT      0.00     0  00:00      0.00    0.00    0.00
  11039                CONDUIT      0.00     0  00:00      0.00    0.00    0.00
  11040                CONDUIT      0.00     0  00:00      0.00    0.00    0.00
  11041                CONDUIT      0.00     0  00:00      0.00    0.00    0.00
  11047                CONDUIT      0.00     0  00:00      0.00    0.00    0.00
  11048                CONDUIT      0.00     0  00:00      0.00    0.00    0.00
  11049                CONDUIT      0.00     0  00:00      0.00    0.00    0.00
  26001                CONDUIT      0.20     0  03:17      1.83    0.05    0.14
  26002                CONDUIT      0.20     0  05:41      2.12    0.04    0.13
  26004                CONDUIT      0.20     0  10:32      1.96    0.02    0.11
  26005                CONDUIT      0.20     0  11:21      1.80    0.03    0.11
  26006                CONDUIT      0.20     0  13:35      2.19    0.02    0.10
  26007                CONDUIT      0.20     0  18:24      3.88    0.01    0.10
  26009                CONDUIT      0.20     0  19:42      1.67    0.03    0.12
  26010                CONDUIT      0.20     0  21:08      2.86    0.01    0.08
  26011                CONDUIT      0.20     1  00:00      2.51    0.02    0.09
  26012                CONDUIT      0.00     0  00:00      0.00    0.00    0.00
  26013                CONDUIT      0.00     0  00:00      0.00    0.00    0.00
  26014                CONDUIT      0.00     0  00:00      0.00    0.00    0.00
  26018                CONDUIT      0.00     0  00:00      0.00    0.00    0.00
  26019                CONDUIT      0.00     0  00:00      0.00    0.00    0.00
  26020                CONDUIT      0.00     0  00:00      0.00    0.00    0.00
  26021                CONDUIT      0.00     0  00:00      0.00    0.00    0.00
  26022                CONDUIT      0.00     0  00:00      0.00    0.00    0.00
  26025                CONDUIT      0.00     0  00:00      0.00    0.00    0.00
  26026                CONDUIT      0.00     0  00:00      0.00    0.00    0.00
  26027                CONDUIT      0.00     0  00:00      0.00    0.00    0.00
  26028                CONDUIT      0.00     0  00:00      0.00    0.00    0.00
  26029                CONDUIT      0.00     0  00:00      0.00    0.00    0.00
  26030                CONDUIT      0.00     0  00:00      0.00    0.00    0.00
  26031                CONDUIT      0.00     0  00:00      0.00    0.00    0.00
  26032                CONDUIT      0.00     0  00:00      0.00    0.00    0.19
  26033                CONDUIT      0.73     0  01:33      0.76    0.04    0.48
  26034                CONDUIT      5.28     0  00:11      4.81    0.13    0.34
  26035                CONDUIT     18.58     0  00:11     15.45    0.18    0.42
  26037                CONDUIT      8.03     0  00:22      6.75    0.35    0.89
  26038                CONDUIT      0.00     0  00:00      0.00    0.00    0.50
  26039                CONDUIT      0.00     0  00:00      0.00    0.00    0.00
  26040                CONDUIT      0.00     0  00:00      0.00    0.00    0.00
  26041_2              CONDUIT      0.00     0  00:00      0.00    0.00    0.00
  26042                CONDUIT      0.00     0  00:00      0.00    0.00    0.00
  26043                CONDUIT      0.00     0  00:00      0.00    0.00    0.00
  26044                CONDUIT      0.00     0  00:00      0.00    0.00    0.00
  26045                CONDUIT      0.00     0  00:00      0.00    0.00    0.00
  26046                CONDUIT      0.00     0  00:00      0.00    0.00    0.00
  26047                CONDUIT      0.00     0  00:00      0.00    0.00    0.00
  26048                CONDUIT      0.00     0  00:00      0.00    0.00    0.00
  26049                CONDUIT      0.00     0  00:00      0.00    0.00    0.00
  26050                CONDUIT      0.00     0  00:00      0.00    0.00    0.00
  26051_2              CONDUIT      0.00     0  00:00      0.00    0.00    0.00
  26052                CONDUIT      0.00     0  00:00      0.00    0.00    0.00
  26053                CONDUIT      0.00     0  00:00      0.00    0.00    0.00
  26054                CONDUIT      0.00     0  00:00      0.00    0.00    0.00
  26055                CONDUIT      0.00     0  00:00      0.00    0.00    0.00
  26057                CONDUIT      0.00     0  00:00      0.00    0.00    0.00
  26058                CONDUIT      0.00     0  00:00      0.00    0.00    0.00
  26059                CONDUIT      0.00     0  00:00      0.00    0.00    0.00
  x26060               CONDUIT      0.00     0  00:00      0.00    0.00    0.00
  90101                CONDUIT      0.00     0  00:00      0.00    0.00    0.00
  90201                CONDUIT      0.00     0  00:00      0.00    0.00    0.00
  x90301               CONDUIT      0.00     0  00:00      0.00    0.00    0.00
  90302                CONDUIT      0.00     0  00:00      0.00    0.00    0.00
  x90401               CONDUIT      0.00     0  00:00      0.00    0.00    0.00
  26024                CONDUIT      0.00     0  00:00      0.00    0.00    0.00
  x90501               CONDUIT      0.00     0  00:00      0.00    0.00    0.00
  90502                CONDUIT      0.00     0  00:00      0.00    0.00    0.00
  90503                CONDUIT      0.00     0  00:00      0.00    0.00    0.00
  x90601               CONDUIT      0.00     0  00:00      0.00    0.00    0.00
  90603                CONDUIT      0.00     0  00:00      0.00    0.00    0.00
  x90701               CONDUIT      0.00     0  00:00      0.00    0.00    0.00
  x90801               CONDUIT      0.00     0  00:00      0.00    0.00    0.00
  90802                CONDUIT      0.00     0  00:00      0.00    0.00    0.00
  x90901               CONDUIT      0.00     0  00:00      0.00    0.00    0.00
  90902                CONDUIT      0.00     0  00:00      0.00    0.00    0.00
  x91001               CONDUIT      0.00     0  00:00      0.00    0.00    0.00
  91002                CONDUIT      0.00     0  00:00      0.00    0.00    0.00
  91003                CONDUIT      0.00     0  00:00      0.00    0.00    0.00
  91103                CONDUIT      0.00     0  00:00      0.00    0.00    0.00
  91301                CONDUIT      0.00     0  00:00      0.00    0.00    0.00
  x91401               CONDUIT      0.00     0  00:00      0.00    0.00    0.00
  91402                CONDUIT      0.00     0  00:00      0.00    0.00    0.00
  x91501               CONDUIT      0.00     0  00:00      0.00    0.00    0.00
  91502                CONDUIT      0.00     0  00:00      0.00    0.00    0.00
  91601                CONDUIT      0.00     0  00:00      0.00    0.00    0.00
  x91701               CONDUIT      0.00     0  00:00      0.00    0.00    0.00
  91702                CONDUIT      0.00     0  00:00      0.00    0.00    0.00
  91801                CONDUIT      0.00     0  00:00      0.00    0.00    0.00
  x91901               CONDUIT      0.00     0  00:00      0.00    0.00    0.00
  91902                CONDUIT      0.00     0  00:00      0.00    0.00    0.00
  92001                CONDUIT      0.00     0  00:00      0.00    0.00    0.00
  11050                CONDUIT      0.00     0  00:00      0.00    0.00    0.00
  11052                CONDUIT      0.00     0  00:00      0.00    0.00    0.00
  11051                CONDUIT      0.00     0  00:00      0.00    0.00    0.00
  cross-conn           CONDUIT      0.00     0  00:00      0.00    0.00    0.00
  219i                 CONDUIT      0.00     0  00:00      0.00    0.00    0.00
  a14219               CONDUIT      0.00     0  00:00      0.00    0.00    0.00
  220i                 CONDUIT      0.00     0  00:00      0.00    0.00    0.00
  221i                 CONDUIT      0.00     0  00:00      0.00    0.00    0.00
  222i                 CONDUIT      0.00     0  00:00      0.00    0.00    0.00
  223i                 CONDUIT      0.00     0  00:00      0.00    0.00    0.00
  a14223               CONDUIT      0.00     0  00:00      0.00    0.00    0.00
  224i                 CONDUIT      0.00     0  00:00      0.00    0.00    0.00
  a360024              CONDUIT      0.00     0  00:00      0.00    0.00    0.00
  360025               CONDUIT      0.00     0  00:00      0.00    0.00    0.00
  225i                 CONDUIT      0.00     0  00:00      0.00    0.00    0.00
  250                  CONDUIT      0.00     0  00:00      0.00    0.00    0.00
  83w                  CONDUIT      0.00     0  00:00      0.00    0.00    0.00
  d83                  CONDUIT      0.00     0  00:00      0.00    0.00    0.00
  604                  CONDUIT      0.39     0  08:14      2.97    0.00    0.02
  84                   CONDUIT      0.00     0  00:00      0.00    0.00    0.00
  90402                CONDUIT      0.00     0  00:00      0.00    0.00    0.00
  90602                CONDUIT      0.00     0  00:00      0.00    0.00    0.00
  90702                CONDUIT      0.00     0  00:00      0.00    0.00    0.00
  90017s               CONDUIT      0.00     0  00:00      0.00    0.00    0.00
  90018s               CONDUIT      0.00     0  00:00      0.00    0.00    0.00
  90019w               CONDUIT      0.00     0  00:00      0.00    0.00    0.00
  91101                CONDUIT      0.00     0  00:00      0.00    0.00    0.00
  91201                CONDUIT      0.00     0  00:00      0.00    0.00    0.00
  91104                CONDUIT      0.00     0  00:00      0.00    0.00    0.00
  90024w               CONDUIT      0.00     0  00:00      0.00    0.00    0.00
  a36026               CONDUIT      0.00     0  00:00      0.00    0.00    0.00
  36027                CONDUIT      0.00     0  00:00      0.00    0.00    0.00
  36028                CONDUIT      0.00     0  00:00      0.00    0.00    0.00
  a1299                CONDUIT      0.00     0  00:00      0.00    0.00    0.00
  1202                 CONDUIT      0.00     0  00:00      0.00    0.00    0.00
  12001i               CONDUIT      0.00     0  00:00      0.00    0.00    0.00
  13001i               CONDUIT      0.00     0  00:00      0.00    0.00    0.00
  91503                CONDUIT      0.00     0  00:00      0.00    0.00    0.00
  91703                CONDUIT      0.00     0  00:00      0.00    0.00    0.00
  a226i                CONDUIT      0.00     0  00:00      0.00    0.00    0.00
  15001i               CONDUIT      0.00     0  00:00      0.00    0.00    0.00
  16001i               CONDUIT      0.00     0  00:00      0.00    0.00    0.00
  3099                 CONDUIT      0.00     0  00:00      0.00    0.00    0.00
  a3098                CONDUIT      0.00     0  00:00      0.00    0.00    0.00
  31001i               CONDUIT      0.00     0  00:00      0.00    0.00    0.00
  a1699i               CONDUIT      0.00     0  00:00      0.00    0.00    0.00
  1699                 CONDUIT      0.00     0  00:00      0.00    0.00    0.00
  72125                CONDUIT      0.00     0  00:00      0.00    0.00    0.00
  3001                 CONDUIT      0.00     0  00:00      0.00    0.00    0.00
  4001_2               CONDUIT      0.00     0  00:00      0.00    0.00    0.00
  4224                 CONDUIT      0.00     0  00:00      0.00    0.00    0.00
  a32001i              CONDUIT      0.00     0  00:00      0.00    0.00    0.00
  32001z               CONDUIT      0.00     0  00:00      0.00    0.00    0.00
  33001i               CONDUIT      0.00     0  00:00      0.00    0.00    0.00
  34001i               CONDUIT      0.00     0  00:00      0.00    0.00    0.00
  3499                 CONDUIT      0.00     0  00:00      0.00    0.00    0.00
  35001i               CONDUIT      0.00     0  00:00      0.00    0.00    0.00
  a36010i              CONDUIT      0.00     0  00:00      0.00    0.00    0.00
  3611                 CONDUIT      0.00     0  00:00      0.00    0.00    0.00
  36020i               CONDUIT      0.00     0  00:00      0.00    0.00    0.00
  36030i               CONDUIT      0.00     0  00:00      0.00    0.00    0.00
  36040i               CONDUIT      0.00     0  00:00      0.00    0.00    0.00
  37001i               CONDUIT      0.00     0  00:00      0.00    0.00    0.00
  3704                 CONDUIT      1.24     0  01:04      9.62    0.01    0.05
  39001i               CONDUIT      0.00     0  00:00      0.00    0.00    0.00
  56001i               CONDUIT      0.00     0  00:00      0.00    0.00    0.00
  023                  CONDUIT      0.00     0  00:00      0.00    0.00    0.00
  8030                 CONDUIT      0.00     0  00:00      0.00    0.00    0.00
  20070                CONDUIT      0.00     0  00:00      0.00    0.00    0.00
  1078                 CONDUIT      0.00     0  00:00      0.00    0.00    0.00
  1127                 CONDUIT      0.00     0  00:00      0.00    0.00    0.00
  151s50               CONDUIT      0.00     0  00:00      0.00    0.00    0.00
  148s47               CONDUIT      0.00     0  00:00      0.00    0.00    0.00
  157s56               CONDUIT      0.00     0  00:00      0.00    0.00    0.00
  136s37               CONDUIT      0.00     0  00:00      0.00    0.00    0.00
  139s39               CONDUIT      0.00     0  00:00      0.00    0.00    0.00
  153s52               CONDUIT      0.00     0  00:00      0.00    0.00    0.00
  121s21               CONDUIT      0.00     0  00:00      0.00    0.00    0.00
  11053                CONDUIT      0.00     0  00:00      0.00    0.00    0.00
  46002_2              CONDUIT      0.00     0  00:00      0.00    0.00    0.00
  58002                CONDUIT      0.00     0  00:00      0.00    0.00    0.00
  44001                CONDUIT      0.00     0  00:00      0.00    0.00    0.00
  44002                CONDUIT      0.00     0  00:00      0.00    0.00    0.00
  42002_2              CONDUIT      0.00     0  00:00      0.00    0.00    0.00
  44003                CONDUIT      0.00     0  00:00      0.00    0.00    0.00
  44004                CONDUIT      0.00     0  00:00      0.00    0.00    0.00
  48002_2              CONDUIT      0.00     0  00:00      0.00    0.00    0.00
  53514                CONDUIT      0.00     0  00:00      0.00    0.00    0.00
  53512                CONDUIT      0.00     0  00:00      0.00    0.00    0.00
  53513                CONDUIT      0.00     0  00:00      0.00    0.00    0.00
  3501                 CONDUIT      0.00     0  00:00      0.00    0.00    0.00
  53506                CONDUIT      0.00     0  00:00      0.00    0.00    0.00
  53508                CONDUIT      0.00     0  00:00      0.00    0.00    0.00
  53507                CONDUIT      0.00     0  00:00      0.00    0.00    0.00
  51002                CONDUIT      0.00     0  00:00      0.00    0.00    0.00
  53509                CONDUIT      0.00     0  00:00      0.00    0.00    0.00
  54230                CONDUIT      0.00     0  00:00      0.00    0.00    0.00
  54234                CONDUIT      0.00     0  00:00      0.00    0.00    0.00
  54231                CONDUIT      0.00     0  00:00      0.00    0.00    0.00
  4232                 CONDUIT      0.00     0  00:00      0.00    0.00    0.00
  4222                 CONDUIT      0.00     0  00:00      0.00    0.00    0.00
  54223                CONDUIT      0.00     0  00:00      0.00    0.00    0.00
  54226                CONDUIT      0.00     0  00:00      0.00    0.00    0.00
  54227                CONDUIT      0.00     0  00:00      0.00    0.00    0.00
  54233                CONDUIT      0.00     0  00:00      0.00    0.00    0.00
  45003                CONDUIT      0.00     0  00:00      0.00    0.00    0.00
  92003                CONDUIT      0.00     0  00:00      0.00    0.00    0.00
  92006                CONDUIT      0.00     0  00:00      0.00    0.00    0.00
  92007                CONDUIT      0.00     0  00:00      0.00    0.00    0.00
  92008                CONDUIT      0.00     0  00:00      0.00    0.00    0.00
  92009                CONDUIT      0.00     0  00:00      0.00    0.00    0.00
  45005                CONDUIT      0.00     0  00:00      0.00    0.00    0.00
  2112                 CONDUIT      0.00     0  00:00      0.00    0.00    0.00
  65001                CONDUIT      0.00     0  00:00      0.00    0.00    0.00
  d7059                CONDUIT      0.00     0  00:00      0.00    0.00    0.00
  a2059                CONDUIT      1.88     0  00:46      4.92    0.02    0.20
  a2060                CONDUIT      0.00     0  00:00      0.00    0.00    0.00
  a2062                CONDUIT      0.00     0  00:00      0.00    0.00    0.00
  a2064                CONDUIT      0.00     0  00:00      0.00    0.00    0.00
  a2061                CONDUIT      0.00     0  00:00      0.00    0.00    0.00
  a2066                CONDUIT      0.00     0  00:00      0.00    0.00    0.00
  2067                 CONDUIT      0.00     0  00:00      0.00    0.00    0.00
  2068                 CONDUIT      0.00     0  00:00      0.00    0.00    0.00
  a2065                CONDUIT      0.00     0  00:00      0.00    0.00    0.00
  a2063                CONDUIT      0.00     0  00:00      0.00    0.00    0.00
  UL2                  ORIFICE      0.00     0  00:00                      0.00
  UL4                  ORIFICE      6.16     0  03:12                      1.00
  UL5                  ORIFICE      0.00     0  00:00                      0.00
  53A                  ORIFICE      0.00     0  00:00                      0.00
  53b                  ORIFICE      0.00     0  00:00                      0.00
  UL8                  ORIFICE      1.70     0  01:04                      1.00
  UL11                 ORIFICE      0.00     0  00:00                      0.00
  UL12                 ORIFICE      0.27     0  07:26                      1.00
  UL13                 ORIFICE      0.00     0  00:00                      0.00
  UL14                 ORIFICE      0.00     0  00:00                      0.00
  UL15                 ORIFICE      0.00     0  00:00                      0.00
  MUL16                ORIFICE      0.00     0  00:00                      0.00
  MUL17                ORIFICE      0.00     0  00:00                      0.00
  MUL18                ORIFICE      0.00     0  00:00                      0.00
  UL19                 ORIFICE      0.00     0  00:00                      0.00
  UL20                 ORIFICE      0.00     0  00:00                      0.00
  UL21                 ORIFICE      0.00     0  00:00                      0.00
  UL22                 ORIFICE      2.24     0  02:10                      1.00
  MUL23                ORIFICE      0.20     0  03:20                      0.17
  MUL24                ORIFICE      0.00     0  00:00                      0.00
  MUL25                ORIFICE      0.00     0  00:00                      0.00
  MUL26                ORIFICE      0.00     0  00:00                      0.00
  UL27                 ORIFICE      0.00     0  00:00                      0.00
  29001sor             ORIFICE      0.14     0  12:29                      1.00
  UL38                 ORIFICE      0.15     0  23:41                      1.00
  UL39                 ORIFICE      7.72     0  02:17                      1.00
  UL40                 ORIFICE      0.00     0  00:00                      0.00
  UL41                 ORIFICE      1.70     0  04:38                      0.86
  UL43                 ORIFICE      0.00     0  00:00                      0.00
  UL44                 ORIFICE      1.01     0  07:27                      1.00
  UL45                 ORIFICE      0.00     0  00:00                      0.00
  UL66                 ORIFICE      0.00     0  00:00                      0.00
  UL67                 ORIFICE      0.00     0  00:00                      0.00
  UL68                 ORIFICE      0.00     0  00:00                      0.00
  UL69                 ORIFICE      0.00     0  00:00                      0.00
  MUL73                ORIFICE      0.00     0  00:00                      0.00
  a219sor              ORIFICE      0.00     0  00:00                      0.00
  a220sor              ORIFICE      0.00     0  00:00                      0.00
  a221sor              ORIFICE      0.10     0  06:13                      0.13
  a222sor              ORIFICE      0.68     0  01:48                      0.39
  a223sor              ORIFICE      0.95     0  04:19                      0.41
  a224sor              ORIFICE      0.08     0  05:51                      0.11
  a226sor              ORIFICE      0.00     0  00:00                      0.00
  a225sor              ORIFICE      0.00     0  00:00                      0.00
  MUL24W               ORIFICE      0.00     0  00:00                      0.00
  MULx17s              ORIFICE      0.00     0  00:00                      0.00
  MULx18s              ORIFICE      0.00     0  00:00                      0.00
  a12001sor            ORIFICE      0.00     0  00:00                      0.00
  a13001sor            ORIFICE      0.00     0  00:00                      0.00
  a15001sor            ORIFICE      0.00     0  00:00                      0.00
  a16001sor            ORIFICE      0.00     0  00:00                      0.00
  30001sor             ORIFICE      0.00     0  00:00                      0.00
  a31001sor            ORIFICE      0.08     1  00:00                      0.14
  a225weir             ORIFICE      0.00     0  00:00                      0.00
  a32001sor            ORIFICE      0.00     0  00:00                      0.00
  a33001sor            ORIFICE      0.31     0  02:45                      0.22
  a34001sor            ORIFICE      0.05     1  00:00                      0.03
  a35001sor            ORIFICE      1.08     0  00:43                      0.25
  a36010sor            ORIFICE      0.00     0  00:00                      0.00
  a36020sor            ORIFICE      0.00     0  00:00                      0.00
  a36030sor            ORIFICE      0.00     0  00:00                      0.00
  a36040sor            ORIFICE      0.31     0  02:33                      0.16
  a37001sor            ORIFICE      1.24     0  01:08                      0.49
  a39001sor            ORIFICE      0.46     0  07:15                      0.06
  a56001sor            ORIFICE      0.00     0  00:00                      0.00
  5429o                ORIFICE      0.00     0  00:00                      0.00
  5421ow               ORIFICE      0.00     0  00:00                      0.00
  2116                 ORIFICE      0.00     0  00:00                      0.00
  UL3                  WEIR         0.00     0  00:00                      0.00
  UL53                 WEIR         0.00     0  00:00                      0.00
  UL54                 WEIR         0.00     0  00:00                      0.00
  UL56                 WEIR         0.00     0  00:00                      0.00
  UL57                 WEIR         0.00     0  00:00                      0.00
  UL58                 WEIR         0.00     0  00:00                      0.00
  MUL60                WEIR         0.00     0  00:00                      0.00
  UL61                 WEIR         0.00     0  00:00                      0.00
  UL62                 WEIR         0.00     0  00:00                      0.00
  UL63                 WEIR         0.00     0  00:00                      0.00
  UL64                 WEIR         0.00     0  00:00                      0.00
  UL71                 WEIR         0.00     0  00:00                      0.00
  UL72                 WEIR         0.00     0  00:00                      0.00
  MUL74                WEIR         0.00     0  00:00                      0.00
  UL78                 WEIR         0.00     0  00:00                      0.00
  a219weir             WEIR         0.00     0  00:00                      0.00
  a223weir             WEIR         0.00     0  00:00                      0.00
  MUL23W               WEIR         0.00     0  00:00                      0.00
  MULx16w              WEIR         0.00     0  00:00                      0.00
  MULx17w              WEIR         0.00     0  00:00                      0.00
  MULx19w              WEIR         0.00     0  00:00                      0.00
  MULx24w              WEIR         0.00     0  00:00                      0.00
  MULx25w              WEIR         0.00     0  00:00                      0.00
  MULx27w              WEIR         0.00     0  00:00                      0.00
  350w                 WEIR         0.00     0  00:00                      0.00
  5500wer              WEIR         0.00     0  00:00                      0.00
  a34001weir           WEIR         0.00     0  00:00                      0.00
  4601w                WEIR         0.00     0  00:00                      0.00
  4100sw               WEIR         0.00     0  00:00                      0.00
  4100tw               WEIR         0.00     0  00:00                      0.00
  5307sw               WEIR         0.00     0  00:00                      0.00
  5429w                WEIR         0.00     0  00:00                      0.00
  5421smw              WEIR         0.00     0  00:00                      0.00
  5423w                WEIR         0.00     0  00:00                      0.00
  5312w                WEIR         0.00     0  00:00                      0.00
  4511w                WEIR         0.00     0  00:00                      0.00
  CWEST54/55           WEIR         0.00     0  00:00                      0.00
  2111                 WEIR         0.00     0  00:00                      0.00
  d150w                WEIR         0.00     0  00:00                      0.00
  of62w                WEIR         0.00     0  00:00                      0.00
  2145                 WEIR         0.00     0  00:00                      0.00
  Ernest_PS            PUMP         0.00     0  00:00              0.00
  Hydrobrk             PUMP         0.00     0  00:00              0.00
  
  
  ***************************
  Flow Classification Summary
  ***************************
  
  -------------------------------------------------------------------------------------
                      Adjusted    ---------- Fraction of Time in Flow Class ---------- 
                       /Actual         Up    Down  Sub   Sup   Up    Down  Norm  Inlet 
  Conduit               Length    Dry  Dry   Dry   Crit  Crit  Crit  Crit  Ltd   Ctrl  
  -------------------------------------------------------------------------------------
  Link_1                  1.00   1.00  0.00  0.00  0.00  0.00  0.00  0.00  0.00  0.00
  53500                   1.00   1.00  0.00  0.00  0.00  0.00  0.00  0.00  0.00  0.00
  83300                   1.00   1.00  0.00  0.00  0.00  0.00  0.00  0.00  0.00  0.00
  53005                   1.00   1.00  0.00  0.00  0.00  0.00  0.00  0.00  0.00  0.00
  53502                   1.00   1.00  0.00  0.00  0.00  0.00  0.00  0.00  0.00  0.00
  53504                   1.00   1.00  0.00  0.00  0.00  0.00  0.00  0.00  0.00  0.00
  83200                   1.00   1.00  0.00  0.00  0.00  0.00  0.00  0.00  0.00  0.00
  83100                   1.00   1.00  0.00  0.00  0.00  0.00  0.00  0.00  0.00  0.00
  83050                   1.00   1.00  0.00  0.00  0.00  0.00  0.00  0.00  0.00  0.00
  83000                   1.00   1.00  0.00  0.00  0.00  0.00  0.00  0.00  0.00  0.00
  51000                   1.00   0.02  0.00  0.00  0.00  0.00  0.00  0.98  0.00  0.00
  81500                   1.00   1.00  0.00  0.00  0.00  0.00  0.00  0.00  0.00  0.00
  81510                   1.00   1.00  0.00  0.00  0.00  0.00  0.00  0.00  0.00  0.00
  81520                   1.00   1.00  0.00  0.00  0.00  0.00  0.00  0.00  0.00  0.00
  81530                   1.00   1.00  0.00  0.00  0.00  0.00  0.00  0.00  0.00  0.00
  81100                   1.00   1.00  0.00  0.00  0.00  0.00  0.00  0.00  0.00  0.00
  81050                   1.00   1.00  0.00  0.00  0.00  0.00  0.00  0.00  0.00  0.00
  81000                   1.00   1.00  0.00  0.00  0.00  0.00  0.00  0.00  0.00  0.00
  49900                   1.00   0.03  0.00  0.00  0.00  0.00  0.00  0.97  0.00  0.00
  49800                   1.00   0.06  0.00  0.00  0.91  0.00  0.00  0.03  0.91  0.00
  49700                   1.00   0.09  0.00  0.00  0.00  0.00  0.00  0.91  0.00  0.00
  49600                   1.00   0.12  0.00  0.00  0.00  0.00  0.00  0.88  0.00  0.00
  49500                   1.00   0.02  0.13  0.00  0.85  0.00  0.00  0.00  0.85  0.00
  49400                   1.00   0.02  0.00  0.00  0.97  0.00  0.00  0.01  0.97  0.00
  49300                   1.00   0.03  0.00  0.00  0.95  0.00  0.00  0.03  0.95  0.00
  49200                   1.00   0.05  0.02  0.00  0.05  0.00  0.88  0.00  0.00  0.00
  88000                   1.00   0.05  0.00  0.00  0.00  0.00  0.00  0.95  0.00  0.00
  86000                   1.00   1.00  0.00  0.00  0.00  0.00  0.00  0.00  0.00  0.00
  55000                   1.00   0.10  0.00  0.00  0.00  0.00  0.00  0.90  0.00  0.00
  85550                   1.00   1.00  0.00  0.00  0.00  0.00  0.00  0.00  0.00  0.00
  85500                   1.00   1.00  0.00  0.00  0.00  0.00  0.00  0.00  0.00  0.00
  85250                   1.00   1.00  0.00  0.00  0.00  0.00  0.00  0.00  0.00  0.00
  85000                   1.00   1.00  0.00  0.00  0.00  0.00  0.00  0.00  0.00  0.00
  84750                   1.00   1.00  0.00  0.00  0.00  0.00  0.00  0.00  0.00  0.00
  54221                   1.00   0.02  0.00  0.00  0.00  0.00  0.00  0.98  0.00  0.00
  84550                   1.00   1.00  0.00  0.00  0.00  0.00  0.00  0.00  0.00  0.00
  84500                   1.00   1.00  0.00  0.00  0.00  0.00  0.00  0.00  0.00  0.00
  84250                   1.00   1.00  0.00  0.00  0.00  0.00  0.00  0.00  0.00  0.00
  84000                   1.00   1.00  0.00  0.00  0.00  0.00  0.00  0.00  0.00  0.00
  52500                   1.00   1.00  0.00  0.00  0.00  0.00  0.00  0.00  0.00  0.00
  52502                   1.00   1.00  0.00  0.00  0.00  0.00  0.00  0.00  0.00  0.00
  82500                   1.00   1.00  0.00  0.00  0.00  0.00  0.00  0.00  0.00  0.00
  82000                   1.00   1.00  0.00  0.00  0.00  0.00  0.00  0.00  0.00  0.00
  80500                   1.00   1.00  0.00  0.00  0.00  0.00  0.00  0.00  0.00  0.00
  50050                   1.00   1.00  0.00  0.00  0.00  0.00  0.00  0.00  0.00  0.00
  50052                   1.00   1.00  0.00  0.00  0.00  0.00  0.00  0.00  0.00  0.00
  50000                   1.00   1.00  0.00  0.00  0.00  0.00  0.00  0.00  0.00  0.00
  80000                   1.00   1.00  0.00  0.00  0.00  0.00  0.00  0.00  0.00  0.00
  49160                   1.00   0.10  0.00  0.00  0.88  0.00  0.00  0.02  0.88  0.00
  49430                   1.00   0.12  0.00  0.00  0.00  0.00  0.00  0.88  0.00  0.00
  49120                   1.00   0.11  0.89  0.00  0.00  0.00  0.00  0.00  0.00  0.00
  49100                   1.00   0.11  0.00  0.00  0.00  0.00  0.00  0.89  0.00  0.00
  49050                   1.00   0.03  0.97  0.00  0.00  0.00  0.00  0.00  0.00  0.00
  49000                   1.00   0.03  0.00  0.00  0.00  0.00  0.00  0.97  0.00  0.00
  42500                   1.00   1.00  0.00  0.00  0.00  0.00  0.00  0.00  0.00  0.00
  53511                   1.00   1.00  0.00  0.00  0.00  0.00  0.00  0.00  0.00  0.00
  42000                   1.00   1.00  0.00  0.00  0.00  0.00  0.00  0.00  0.00  0.00
  41500                   1.00   1.00  0.00  0.00  0.00  0.00  0.00  0.00  0.00  0.00
  41000                   1.00   1.00  0.00  0.00  0.00  0.00  0.00  0.00  0.00  0.00
  40010                   1.00   1.00  0.00  0.00  0.00  0.00  0.00  0.00  0.00  0.00
  10000                   1.00   1.00  0.00  0.00  0.00  0.00  0.00  0.00  0.00  0.00
  88100                   1.00   0.05  0.00  0.00  0.00  0.94  0.00  0.01  0.94  0.00
  88200                   1.00   0.04  0.00  0.00  0.00  0.00  0.00  0.96  0.00  0.00
  88300                   1.00   0.03  0.00  0.00  0.00  0.96  0.00  0.01  0.96  0.00
  88400                   1.00   0.03  0.00  0.00  0.00  0.00  0.00  0.97  0.00  0.00
  88500                   1.00   0.02  0.00  0.00  0.00  0.00  0.00  0.98  0.00  0.00
  88600                   1.00   0.01  0.00  0.00  0.97  0.00  0.00  0.02  0.96  0.00
  88610                   1.00   0.03  0.00  0.00  0.00  0.00  0.00  0.97  0.00  0.00
  88620                   1.00   0.01  0.00  0.00  0.00  0.00  0.00  0.99  0.00  0.00
  88630                   1.00   0.01  0.24  0.00  0.00  0.75  0.00  0.00  0.75  0.00
  8640                    1.00   0.21  0.00  0.00  0.00  0.00  0.00  0.79  0.00  0.00
  8650                    1.00   0.15  0.00  0.00  0.00  0.00  0.00  0.85  0.00  0.00
  8660                    1.00   0.10  0.00  0.00  0.85  0.00  0.00  0.05  0.85  0.00
  8670                    1.00   0.05  0.00  0.00  0.00  0.00  0.00  0.95  0.00  0.00
  8700                    1.00   0.01  0.99  0.00  0.00  0.00  0.00  0.00  0.00  0.00
  8800                    1.00   1.00  0.00  0.00  0.00  0.00  0.00  0.00  0.00  0.00
  8900                    1.00   1.00  0.00  0.00  0.00  0.00  0.00  0.00  0.00  0.00
  7050                    1.00   1.00  0.00  0.00  0.00  0.00  0.00  0.00  0.00  0.00
  1006                    1.00   1.00  0.00  0.00  0.00  0.00  0.00  0.00  0.00  0.00
  1007                    1.00   1.00  0.00  0.00  0.00  0.00  0.00  0.00  0.00  0.00
  1015                    1.00   1.00  0.00  0.00  0.00  0.00  0.00  0.00  0.00  0.00
  1016                    1.00   1.00  0.00  0.00  0.00  0.00  0.00  0.00  0.00  0.00
  1017                    1.00   1.00  0.00  0.00  0.00  0.00  0.00  0.00  0.00  0.00
  1018                    1.00   1.00  0.00  0.00  0.00  0.00  0.00  0.00  0.00  0.00
  1019                    1.00   1.00  0.00  0.00  0.00  0.00  0.00  0.00  0.00  0.00
  1020                    1.00   1.00  0.00  0.00  0.00  0.00  0.00  0.00  0.00  0.00
  1023                    1.00   1.00  0.00  0.00  0.00  0.00  0.00  0.00  0.00  0.00
  1024                    1.00   1.00  0.00  0.00  0.00  0.00  0.00  0.00  0.00  0.00
  1027                    1.00   1.00  0.00  0.00  0.00  0.00  0.00  0.00  0.00  0.00
  1028                    1.00   1.00  0.00  0.00  0.00  0.00  0.00  0.00  0.00  0.00
  1031                    1.00   1.00  0.00  0.00  0.00  0.00  0.00  0.00  0.00  0.00
  1032                    1.00   1.00  0.00  0.00  0.00  0.00  0.00  0.00  0.00  0.00
  1033                    1.00   1.00  0.00  0.00  0.00  0.00  0.00  0.00  0.00  0.00
  1047                    1.00   1.00  0.00  0.00  0.00  0.00  0.00  0.00  0.00  0.00
  1050                    1.00   1.00  0.00  0.00  0.00  0.00  0.00  0.00  0.00  0.00
  1051                    1.00   1.00  0.00  0.00  0.00  0.00  0.00  0.00  0.00  0.00
  1052                    1.00   1.00  0.00  0.00  0.00  0.00  0.00  0.00  0.00  0.00
  1053                    1.00   1.00  0.00  0.00  0.00  0.00  0.00  0.00  0.00  0.00
  1054                    1.00   1.00  0.00  0.00  0.00  0.00  0.00  0.00  0.00  0.00
  1057                    1.00   1.00  0.00  0.00  0.00  0.00  0.00  0.00  0.00  0.00
  1058                    1.00   1.00  0.00  0.00  0.00  0.00  0.00  0.00  0.00  0.00
  1061                    1.00   1.00  0.00  0.00  0.00  0.00  0.00  0.00  0.00  0.00
  1064                    1.00   1.00  0.00  0.00  0.00  0.00  0.00  0.00  0.00  0.00
  1065                    1.00   1.00  0.00  0.00  0.00  0.00  0.00  0.00  0.00  0.00
  1069                    1.00   1.00  0.00  0.00  0.00  0.00  0.00  0.00  0.00  0.00
  21075                   1.00   1.00  0.00  0.00  0.00  0.00  0.00  0.00  0.00  0.00
  1079                    1.00   1.00  0.00  0.00  0.00  0.00  0.00  0.00  0.00  0.00
  1081                    1.00   1.00  0.00  0.00  0.00  0.00  0.00  0.00  0.00  0.00
  1082                    1.00   1.00  0.00  0.00  0.00  0.00  0.00  0.00  0.00  0.00
  1085                    1.00   1.00  0.00  0.00  0.00  0.00  0.00  0.00  0.00  0.00
  1088                    1.00   1.00  0.00  0.00  0.00  0.00  0.00  0.00  0.00  0.00
  1090                    1.00   1.00  0.00  0.00  0.00  0.00  0.00  0.00  0.00  0.00
  1000                    1.00   1.00  0.00  0.00  0.00  0.00  0.00  0.00  0.00  0.00
  1002                    1.00   1.00  0.00  0.00  0.00  0.00  0.00  0.00  0.00  0.00
  1003                    1.00   1.00  0.00  0.00  0.00  0.00  0.00  0.00  0.00  0.00
  1004                    1.00   1.00  0.00  0.00  0.00  0.00  0.00  0.00  0.00  0.00
  1005                    1.00   1.00  0.00  0.00  0.00  0.00  0.00  0.00  0.00  0.00
  1008                    1.00   1.00  0.00  0.00  0.00  0.00  0.00  0.00  0.00  0.00
  1012                    1.00   1.00  0.00  0.00  0.00  0.00  0.00  0.00  0.00  0.00
  1021                    1.00   1.00  0.00  0.00  0.00  0.00  0.00  0.00  0.00  0.00
  6101                    1.00   1.00  0.00  0.00  0.00  0.00  0.00  0.00  0.00  0.00
  46001                   1.00   1.00  0.00  0.00  0.00  0.00  0.00  0.00  0.00  0.00
  1025                    1.00   1.00  0.00  0.00  0.00  0.00  0.00  0.00  0.00  0.00
  6201                    1.00   1.00  0.00  0.00  0.00  0.00  0.00  0.00  0.00  0.00
  1029                    1.00   1.00  0.00  0.00  0.00  0.00  0.00  0.00  0.00  0.00
  8001                    1.00   1.00  0.00  0.00  0.00  0.00  0.00  0.00  0.00  0.00
  1100                    1.00   1.00  0.00  0.00  0.00  0.00  0.00  0.00  0.00  0.00
  1105                    1.00   1.00  0.00  0.00  0.00  0.00  0.00  0.00  0.00  0.00
  1110                    1.00   1.00  0.00  0.00  0.00  0.00  0.00  0.00  0.00  0.00
  1115                    1.00   1.00  0.00  0.00  0.00  0.00  0.00  0.00  0.00  0.00
  1120                    1.00   1.00  0.00  0.00  0.00  0.00  0.00  0.00  0.00  0.00
  1125                    1.00   1.00  0.00  0.00  0.00  0.00  0.00  0.00  0.00  0.00
  1130                    1.00   1.00  0.00  0.00  0.00  0.00  0.00  0.00  0.00  0.00
  1135                    1.00   1.00  0.00  0.00  0.00  0.00  0.00  0.00  0.00  0.00
  1140                    1.00   1.00  0.00  0.00  0.00  0.00  0.00  0.00  0.00  0.00
  1145                    1.00   1.00  0.00  0.00  0.00  0.00  0.00  0.00  0.00  0.00
  1150                    1.00   1.00  0.00  0.00  0.00  0.00  0.00  0.00  0.00  0.00
  1155                    1.00   1.00  0.00  0.00  0.00  0.00  0.00  0.00  0.00  0.00
  1160                    1.00   1.00  0.00  0.00  0.00  0.00  0.00  0.00  0.00  0.00
  1034                    1.00   1.00  0.00  0.00  0.00  0.00  0.00  0.00  0.00  0.00
  1037                    1.00   0.02  0.00  0.00  0.00  0.00  0.00  0.98  0.00  0.00
  2004                    1.00   1.00  0.00  0.00  0.00  0.00  0.00  0.00  0.00  0.00
  1041                    1.00   0.09  0.00  0.00  0.00  0.00  0.00  0.91  0.00  0.00
  1035                    1.00   1.00  0.00  0.00  0.00  0.00  0.00  0.00  0.00  0.00
  1042                    1.00   1.00  0.00  0.00  0.00  0.00  0.00  0.00  0.00  0.00
  1043                    1.00   1.00  0.00  0.00  0.00  0.00  0.00  0.00  0.00  0.00
  1044                    1.00   1.00  0.00  0.00  0.00  0.00  0.00  0.00  0.00  0.00
  1048                    1.00   1.00  0.00  0.00  0.00  0.00  0.00  0.00  0.00  0.00
  92005                   1.00   1.00  0.00  0.00  0.00  0.00  0.00  0.00  0.00  0.00
  5001                    1.00   1.00  0.00  0.00  0.00  0.00  0.00  0.00  0.00  0.00
  5002                    1.00   1.00  0.00  0.00  0.00  0.00  0.00  0.00  0.00  0.00
  45004                   1.00   1.00  0.00  0.00  0.00  0.00  0.00  0.00  0.00  0.00
  1055                    1.00   1.00  0.00  0.00  0.00  0.00  0.00  0.00  0.00  0.00
  21056                   1.00   1.00  0.00  0.00  0.00  0.00  0.00  0.00  0.00  0.00
  1059                    1.00   1.00  0.00  0.00  0.00  0.00  0.00  0.00  0.00  0.00
  43001                   1.00   1.00  0.00  0.00  0.00  0.00  0.00  0.00  0.00  0.00
  1062                    1.00   1.00  0.00  0.00  0.00  0.00  0.00  0.00  0.00  0.00
  42001                   1.00   1.00  0.00  0.00  0.00  0.00  0.00  0.00  0.00  0.00
  1067                    1.00   1.00  0.00  0.00  0.00  0.00  0.00  0.00  0.00  0.00
  41001                   1.00   1.00  0.00  0.00  0.00  0.00  0.00  0.00  0.00  0.00
  1070                    1.00   1.00  0.00  0.00  0.00  0.00  0.00  0.00  0.00  0.00
  1071                    1.00   1.00  0.00  0.00  0.00  0.00  0.00  0.00  0.00  0.00
  7100                    1.00   1.00  0.00  0.00  0.00  0.00  0.00  0.00  0.00  0.00
  7150                    1.00   0.02  0.00  0.00  0.00  0.00  0.00  0.98  0.00  0.00
  7200                    1.00   0.02  0.04  0.00  0.94  0.00  0.00  0.00  0.94  0.00
  7250                    1.00   0.03  0.00  0.00  0.94  0.00  0.00  0.03  0.93  0.00
  7300                    1.00   0.03  0.97  0.00  0.00  0.00  0.00  0.00  0.00  0.00
  7350                    1.00   0.22  0.00  0.00  0.00  0.00  0.00  0.78  0.00  0.00
  7400                    1.00   0.13  0.00  0.00  0.00  0.00  0.00  0.87  0.00  0.00
  7450                    1.00   0.03  0.00  0.00  0.86  0.00  0.00  0.10  0.85  0.00
  7500                    1.00   0.03  0.00  0.00  0.91  0.00  0.00  0.06  0.90  0.00
  7550                    1.00   0.09  0.00  0.00  0.86  0.00  0.00  0.05  0.85  0.00
  7600                    1.00   0.14  0.00  0.00  0.00  0.00  0.00  0.86  0.00  0.00
  7650                    1.00   0.20  0.00  0.00  0.00  0.00  0.00  0.80  0.00  0.00
  7700                    1.00   0.04  0.00  0.00  0.00  0.00  0.00  0.96  0.00  0.00
  48002                   1.00   1.00  0.00  0.00  0.00  0.00  0.00  0.00  0.00  0.00
  48003                   1.00   1.00  0.00  0.00  0.00  0.00  0.00  0.00  0.00  0.00
  48004                   1.00   1.00  0.00  0.00  0.00  0.00  0.00  0.00  0.00  0.00
  48005                   1.00   1.00  0.00  0.00  0.00  0.00  0.00  0.00  0.00  0.00
  48006                   1.00   1.00  0.00  0.00  0.00  0.00  0.00  0.00  0.00  0.00
  101102                  1.00   0.01  0.00  0.00  0.97  0.00  0.00  0.01  0.97  0.00
  102103                  1.00   0.03  0.97  0.00  0.00  0.00  0.00  0.00  0.00  0.00
  15003                   1.00   1.00  0.00  0.00  0.00  0.00  0.00  0.00  0.00  0.00
  15004                   1.00   1.00  0.00  0.00  0.00  0.00  0.00  0.00  0.00  0.00
  15006                   1.00   1.00  0.00  0.00  0.00  0.00  0.00  0.00  0.00  0.00
  15007                   1.00   1.00  0.00  0.00  0.00  0.00  0.00  0.00  0.00  0.00
  15009                   1.00   1.00  0.00  0.00  0.00  0.00  0.00  0.00  0.00  0.00
  15010                   1.00   1.00  0.00  0.00  0.00  0.00  0.00  0.00  0.00  0.00
  15011                   1.00   1.00  0.00  0.00  0.00  0.00  0.00  0.00  0.00  0.00
  15012                   1.00   1.00  0.00  0.00  0.00  0.00  0.00  0.00  0.00  0.00
  15013                   1.00   1.00  0.00  0.00  0.00  0.00  0.00  0.00  0.00  0.00
  15216                   1.00   1.00  0.00  0.00  0.00  0.00  0.00  0.00  0.00  0.00
  15217                   1.00   1.00  0.00  0.00  0.00  0.00  0.00  0.00  0.00  0.00
  15218                   1.00   1.00  0.00  0.00  0.00  0.00  0.00  0.00  0.00  0.00
  15219                   1.00   1.00  0.00  0.00  0.00  0.00  0.00  0.00  0.00  0.00
  15220                   1.00   1.00  0.00  0.00  0.00  0.00  0.00  0.00  0.00  0.00
  15221                   1.00   1.00  0.00  0.00  0.00  0.00  0.00  0.00  0.00  0.00
  a15222                  1.00   1.00  0.00  0.00  0.00  0.00  0.00  0.00  0.00  0.00
  36013                   1.00   1.00  0.00  0.00  0.00  0.00  0.00  0.00  0.00  0.00
  36015                   1.00   1.00  0.00  0.00  0.00  0.00  0.00  0.00  0.00  0.00
  36018                   1.00   1.00  0.00  0.00  0.00  0.00  0.00  0.00  0.00  0.00
  36019                   1.00   1.00  0.00  0.00  0.00  0.00  0.00  0.00  0.00  0.00
  4243                    1.00   1.00  0.00  0.00  0.00  0.00  0.00  0.00  0.00  0.00
  4344                    1.00   1.00  0.00  0.00  0.00  0.00  0.00  0.00  0.00  0.00
  4445                    1.00   1.00  0.00  0.00  0.00  0.00  0.00  0.00  0.00  0.00
  4546                    1.00   1.00  0.00  0.00  0.00  0.00  0.00  0.00  0.00  0.00
  36024                   1.00   1.00  0.00  0.00  0.00  0.00  0.00  0.00  0.00  0.00
  40002                   1.00   1.00  0.00  0.00  0.00  0.00  0.00  0.00  0.00  0.00
  40003                   1.00   1.00  0.00  0.00  0.00  0.00  0.00  0.00  0.00  0.00
  40004                   1.00   1.00  0.00  0.00  0.00  0.00  0.00  0.00  0.00  0.00
  40005                   1.00   1.00  0.00  0.00  0.00  0.00  0.00  0.00  0.00  0.00
  40006                   1.00   1.00  0.00  0.00  0.00  0.00  0.00  0.00  0.00  0.00
  5657                    1.00   1.00  0.00  0.00  0.00  0.00  0.00  0.00  0.00  0.00
  40008                   1.00   1.00  0.00  0.00  0.00  0.00  0.00  0.00  0.00  0.00
  40009                   1.00   1.00  0.00  0.00  0.00  0.00  0.00  0.00  0.00  0.00
  40010_2                 1.00   1.00  0.00  0.00  0.00  0.00  0.00  0.00  0.00  0.00
  40011                   1.00   1.00  0.00  0.00  0.00  0.00  0.00  0.00  0.00  0.00
  40012                   1.00   1.00  0.00  0.00  0.00  0.00  0.00  0.00  0.00  0.00
  40013                   1.00   1.00  0.00  0.00  0.00  0.00  0.00  0.00  0.00  0.00
  40014                   1.00   1.00  0.00  0.00  0.00  0.00  0.00  0.00  0.00  0.00
  40015                   1.00   1.00  0.00  0.00  0.00  0.00  0.00  0.00  0.00  0.00
  40016                   1.00   1.00  0.00  0.00  0.00  0.00  0.00  0.00  0.00  0.00
  40017                   1.00   1.00  0.00  0.00  0.00  0.00  0.00  0.00  0.00  0.00
  40018                   1.00   1.00  0.00  0.00  0.00  0.00  0.00  0.00  0.00  0.00
  40019                   1.00   1.00  0.00  0.00  0.00  0.00  0.00  0.00  0.00  0.00
  40020                   1.00   1.00  0.00  0.00  0.00  0.00  0.00  0.00  0.00  0.00
  42001_2                 1.00   1.00  0.00  0.00  0.00  0.00  0.00  0.00  0.00  0.00
  42002                   1.00   1.00  0.00  0.00  0.00  0.00  0.00  0.00  0.00  0.00
  42003                   1.00   1.00  0.00  0.00  0.00  0.00  0.00  0.00  0.00  0.00
  42004                   1.00   1.00  0.00  0.00  0.00  0.00  0.00  0.00  0.00  0.00
  42005                   1.00   1.00  0.00  0.00  0.00  0.00  0.00  0.00  0.00  0.00
  42006                   1.00   1.00  0.00  0.00  0.00  0.00  0.00  0.00  0.00  0.00
  42007                   1.00   1.00  0.00  0.00  0.00  0.00  0.00  0.00  0.00  0.00
  42008                   1.00   1.00  0.00  0.00  0.00  0.00  0.00  0.00  0.00  0.00
  46001_2                 1.00   1.00  0.00  0.00  0.00  0.00  0.00  0.00  0.00  0.00
  46002                   1.00   1.00  0.00  0.00  0.00  0.00  0.00  0.00  0.00  0.00
  46003                   1.00   1.00  0.00  0.00  0.00  0.00  0.00  0.00  0.00  0.00
  46004                   1.00   1.00  0.00  0.00  0.00  0.00  0.00  0.00  0.00  0.00
  46005                   1.00   1.00  0.00  0.00  0.00  0.00  0.00  0.00  0.00  0.00
  46006                   1.00   1.00  0.00  0.00  0.00  0.00  0.00  0.00  0.00  0.00
  46007                   1.00   1.00  0.00  0.00  0.00  0.00  0.00  0.00  0.00  0.00
  50001                   1.00   1.00  0.00  0.00  0.00  0.00  0.00  0.00  0.00  0.00
  50003                   1.00   1.00  0.00  0.00  0.00  0.00  0.00  0.00  0.00  0.00
  50004                   1.00   1.00  0.00  0.00  0.00  0.00  0.00  0.00  0.00  0.00
  50005                   1.00   1.00  0.00  0.00  0.00  0.00  0.00  0.00  0.00  0.00
  50006                   1.00   1.00  0.00  0.00  0.00  0.00  0.00  0.00  0.00  0.00
  50007                   1.00   1.00  0.00  0.00  0.00  0.00  0.00  0.00  0.00  0.00
  50008                   1.00   1.00  0.00  0.00  0.00  0.00  0.00  0.00  0.00  0.00
  50009                   1.00   1.00  0.00  0.00  0.00  0.00  0.00  0.00  0.00  0.00
  50010                   1.00   1.00  0.00  0.00  0.00  0.00  0.00  0.00  0.00  0.00
  50011                   1.00   1.00  0.00  0.00  0.00  0.00  0.00  0.00  0.00  0.00
  1003_2                  1.00   1.00  0.00  0.00  0.00  0.00  0.00  0.00  0.00  0.00
  1004_2                  1.00   1.00  0.00  0.00  0.00  0.00  0.00  0.00  0.00  0.00
  4819                    1.00   1.00  0.00  0.00  0.00  0.00  0.00  0.00  0.00  0.00
  3620                    1.00   0.05  0.95  0.00  0.00  0.00  0.00  0.00  0.00  0.00
  2221                    1.00   0.16  0.00  0.00  0.00  0.00  0.00  0.84  0.00  0.00
  4522                    1.00   0.02  0.00  0.00  0.00  0.00  0.00  0.98  0.00  0.00
  6623                    1.00   0.02  0.03  0.00  0.00  0.00  0.95  0.00  0.00  0.00
  1224                    1.00   0.22  0.00  0.00  0.00  0.00  0.00  0.78  0.00  0.00
  7225                    1.00   1.00  0.00  0.00  0.00  0.00  0.00  0.00  0.00  0.00
  1226                    1.00   1.00  0.00  0.00  0.00  0.00  0.00  0.00  0.00  0.00
  48001                   1.00   1.00  0.00  0.00  0.00  0.00  0.00  0.00  0.00  0.00
  a14218                  1.00   1.00  0.00  0.00  0.00  0.00  0.00  0.00  0.00  0.00
  14122                   1.00   1.00  0.00  0.00  0.00  0.00  0.00  0.00  0.00  0.00
  a14222                  1.00   1.00  0.00  0.00  0.00  0.00  0.00  0.00  0.00  0.00
  a72225                  1.00   1.00  0.00  0.00  0.00  0.00  0.00  0.00  0.00  0.00
  48007                   1.00   1.00  0.00  0.00  0.00  0.00  0.00  0.00  0.00  0.00
  3601                    1.00   1.00  0.00  0.00  0.00  0.00  0.00  0.00  0.00  0.00
  3602                    1.00   1.00  0.00  0.00  0.00  0.00  0.00  0.00  0.00  0.00
  3612                    1.00   1.00  0.00  0.00  0.00  0.00  0.00  0.00  0.00  0.00
  3613                    1.00   0.07  0.93  0.00  0.00  0.00  0.00  0.00  0.00  0.00
  3622                    1.00   1.00  0.00  0.00  0.00  0.00  0.00  0.00  0.00  0.00
  3623                    1.00   1.00  0.00  0.00  0.00  0.00  0.00  0.00  0.00  0.00
  3624                    1.00   1.00  0.00  0.00  0.00  0.00  0.00  0.00  0.00  0.00
  3625                    1.00   1.00  0.00  0.00  0.00  0.00  0.00  0.00  0.00  0.00
  3632                    1.00   1.00  0.00  0.00  0.00  0.00  0.00  0.00  0.00  0.00
  3633                    1.00   1.00  0.00  0.00  0.00  0.00  0.00  0.00  0.00  0.00
  3642                    1.00   0.07  0.00  0.00  0.00  0.00  0.00  0.93  0.00  0.00
  3694                    1.00   1.00  0.00  0.00  0.00  0.00  0.00  0.00  0.00  0.00
  3695                    1.00   1.00  0.00  0.00  0.00  0.00  0.00  0.00  0.00  0.00
  3696                    1.00   1.00  0.00  0.00  0.00  0.00  0.00  0.00  0.00  0.00
  3697                    1.00   1.00  0.00  0.00  0.00  0.00  0.00  0.00  0.00  0.00
  3698                    1.00   1.00  0.00  0.00  0.00  0.00  0.00  0.00  0.00  0.00
  3699                    1.00   1.00  0.00  0.00  0.00  0.00  0.00  0.00  0.00  0.00
  3705                    1.00   0.02  0.00  0.00  0.00  0.00  0.00  0.98  0.00  0.00
  3799                    1.00   1.00  0.00  0.00  0.00  0.00  0.00  0.00  0.00  0.00
  1033_2                  1.00   1.00  0.00  0.00  0.00  0.00  0.00  0.00  0.00  0.00
  1036                    1.00   0.01  0.99  0.00  0.00  0.00  0.00  0.00  0.00  0.00
  1043_2                  1.00   0.00  0.00  0.00  0.99  0.00  0.00  0.01  0.99  0.00
  5602                    1.00   1.00  0.00  0.00  0.00  0.00  0.00  0.00  0.00  0.00
  5603                    1.00   1.00  0.00  0.00  0.00  0.00  0.00  0.00  0.00  0.00
  5699                    1.00   1.00  0.00  0.00  0.00  0.00  0.00  0.00  0.00  0.00
  2001                    1.00   1.00  0.00  0.00  0.00  0.00  0.00  0.00  0.00  0.00
  2003                    1.00   0.01  0.99  0.00  0.00  0.00  0.00  0.00  0.00  0.00
  2005                    1.00   0.01  0.00  0.00  0.00  0.98  0.00  0.01  0.98  0.00
  2007                    1.00   0.01  0.00  0.00  0.99  0.00  0.00  0.00  0.99  0.00
  2008                    1.00   0.01  0.00  0.00  0.98  0.00  0.00  0.01  0.00  0.00
  2009                    1.00   0.02  0.07  0.00  0.91  0.00  0.00  0.00  0.91  0.00
  2000                    1.00   0.01  0.08  0.00  0.91  0.00  0.00  0.00  0.91  0.00
  2016                    1.00   0.01  0.00  0.00  0.98  0.00  0.01  0.00  0.00  0.00
  2017                    1.00   0.02  0.00  0.00  0.98  0.00  0.00  0.00  0.98  0.00
  2028                    1.00   0.01  0.00  0.00  0.00  0.98  0.00  0.01  0.98  0.00
  2031                    1.00   0.01  0.00  0.00  0.00  0.00  0.00  0.99  0.00  0.00
  2034                    1.00   0.01  0.00  0.00  0.00  0.99  0.00  0.00  0.99  0.00
  4001                    1.00   0.07  0.00  0.00  0.00  0.00  0.00  0.93  0.00  0.00
  4007                    1.00   0.02  0.00  0.00  0.00  0.00  0.00  0.98  0.00  0.00
  1205                    1.00   1.00  0.00  0.00  0.00  0.00  0.00  0.00  0.00  0.00
  1302                    1.00   1.00  0.00  0.00  0.00  0.00  0.00  0.00  0.00  0.00
  1399                    1.00   1.00  0.00  0.00  0.00  0.00  0.00  0.00  0.00  0.00
  1502                    1.00   1.00  0.00  0.00  0.00  0.00  0.00  0.00  0.00  0.00
  1503                    1.00   1.00  0.00  0.00  0.00  0.00  0.00  0.00  0.00  0.00
  1599                    1.00   1.00  0.00  0.00  0.00  0.00  0.00  0.00  0.00  0.00
  1602                    1.00   1.00  0.00  0.00  0.00  0.00  0.00  0.00  0.00  0.00
  1603                    1.00   1.00  0.00  0.00  0.00  0.00  0.00  0.00  0.00  0.00
  1604                    1.00   1.00  0.00  0.00  0.00  0.00  0.00  0.00  0.00  0.00
  1605                    1.00   1.00  0.00  0.00  0.00  0.00  0.00  0.00  0.00  0.00
  1606                    1.00   1.00  0.00  0.00  0.00  0.00  0.00  0.00  0.00  0.00
  2901                    1.00   0.71  0.00  0.00  0.00  0.00  0.00  0.29  0.00  0.00
  2903                    1.00   0.31  0.00  0.00  0.00  0.00  0.00  0.69  0.00  0.00
  3002                    1.00   1.00  0.00  0.00  0.00  0.00  0.00  0.00  0.00  0.00
  3102                    1.00   1.00  0.00  0.00  0.00  0.00  0.00  0.00  0.00  0.00
  3103                    1.00   1.00  0.00  0.00  0.00  0.00  0.00  0.00  0.00  0.00
  3203                    1.00   1.00  0.00  0.00  0.00  0.00  0.00  0.00  0.00  0.00
  3204                    1.00   1.00  0.00  0.00  0.00  0.00  0.00  0.00  0.00  0.00
  3205                    1.00   1.00  0.00  0.00  0.00  0.00  0.00  0.00  0.00  0.00
  3206                    1.00   1.00  0.00  0.00  0.00  0.00  0.00  0.00  0.00  0.00
  3207                    1.00   1.00  0.00  0.00  0.00  0.00  0.00  0.00  0.00  0.00
  3208                    1.00   1.00  0.00  0.00  0.00  0.00  0.00  0.00  0.00  0.00
  3209                    1.00   1.00  0.00  0.00  0.00  0.00  0.00  0.00  0.00  0.00
  3210                    1.00   1.00  0.00  0.00  0.00  0.00  0.00  0.00  0.00  0.00
  3211                    1.00   1.00  0.00  0.00  0.00  0.00  0.00  0.00  0.00  0.00
  3212                    1.00   1.00  0.00  0.00  0.00  0.00  0.00  0.00  0.00  0.00
  3213                    1.00   1.00  0.00  0.00  0.00  0.00  0.00  0.00  0.00  0.00
  3214                    1.00   1.00  0.00  0.00  0.00  0.00  0.00  0.00  0.00  0.00
  3215                    1.00   1.00  0.00  0.00  0.00  0.00  0.00  0.00  0.00  0.00
  3216                    1.00   1.00  0.00  0.00  0.00  0.00  0.00  0.00  0.00  0.00
  3217                    1.00   1.00  0.00  0.00  0.00  0.00  0.00  0.00  0.00  0.00
  3218                    1.00   1.00  0.00  0.00  0.00  0.00  0.00  0.00  0.00  0.00
  3219                    1.00   1.00  0.00  0.00  0.00  0.00  0.00  0.00  0.00  0.00
  3220                    1.00   1.00  0.00  0.00  0.00  0.00  0.00  0.00  0.00  0.00
  3221                    1.00   1.00  0.00  0.00  0.00  0.00  0.00  0.00  0.00  0.00
  3299                    1.00   1.00  0.00  0.00  0.00  0.00  0.00  0.00  0.00  0.00
  3302                    1.00   0.08  0.00  0.00  0.00  0.00  0.00  0.92  0.00  0.00
  3399                    1.00   1.00  0.00  0.00  0.00  0.00  0.00  0.00  0.00  0.00
  3402                    1.00   0.97  0.00  0.00  0.00  0.00  0.00  0.03  0.00  0.00
  3403                    1.00   0.45  0.00  0.00  0.10  0.00  0.00  0.45  0.10  0.00
  3502                    1.00   0.02  0.00  0.00  0.00  0.00  0.00  0.98  0.00  0.00
  3599                    1.00   1.00  0.00  0.00  0.00  0.00  0.00  0.00  0.00  0.00
  3803                    1.00   1.00  0.00  0.00  0.00  0.00  0.00  0.00  0.00  0.00
  a3804                   1.00   1.00  0.00  0.00  0.00  0.00  0.00  0.00  0.00  0.00
  3808                    1.00   1.00  0.00  0.00  0.00  0.00  0.00  0.00  0.00  0.00
  3809                    1.00   1.00  0.00  0.00  0.00  0.00  0.00  0.00  0.00  0.00
  3810                    1.00   1.00  0.00  0.00  0.00  0.00  0.00  0.00  0.00  0.00
  3899                    1.00   1.00  0.00  0.00  0.00  0.00  0.00  0.00  0.00  0.00
  3902                    1.00   0.23  0.00  0.00  0.00  0.00  0.00  0.77  0.00  0.00
  3903                    1.00   0.16  0.00  0.00  0.00  0.00  0.00  0.84  0.00  0.00
  3904                    1.00   0.08  0.00  0.00  0.00  0.00  0.00  0.92  0.00  0.00
  3996                    1.00   1.00  0.00  0.00  0.00  0.00  0.00  0.00  0.00  0.00
  3997                    1.00   1.00  0.00  0.00  0.00  0.00  0.00  0.00  0.00  0.00
  3998                    1.00   1.00  0.00  0.00  0.00  0.00  0.00  0.00  0.00  0.00
  3999                    1.00   1.00  0.00  0.00  0.00  0.00  0.00  0.00  0.00  0.00
  1002_2                  1.00   1.00  0.00  0.00  0.00  0.00  0.00  0.00  0.00  0.00
  1012_2                  1.00   1.00  0.00  0.00  0.00  0.00  0.00  0.00  0.00  0.00
  1013                    1.00   1.00  0.00  0.00  0.00  0.00  0.00  0.00  0.00  0.00
  1014                    1.00   1.00  0.00  0.00  0.00  0.00  0.00  0.00  0.00  0.00
  1018_2                  1.00   1.00  0.00  0.00  0.00  0.00  0.00  0.00  0.00  0.00
  1020_2                  1.00   1.00  0.00  0.00  0.00  0.00  0.00  0.00  0.00  0.00
  1022                    1.00   1.00  0.00  0.00  0.00  0.00  0.00  0.00  0.00  0.00
  1023_2                  1.00   1.00  0.00  0.00  0.00  0.00  0.00  0.00  0.00  0.00
  1024_2                  1.00   1.00  0.00  0.00  0.00  0.00  0.00  0.00  0.00  0.00
  1027_2                  1.00   1.00  0.00  0.00  0.00  0.00  0.00  0.00  0.00  0.00
  a1030                   1.00   1.00  0.00  0.00  0.00  0.00  0.00  0.00  0.00  0.00
  1207                    1.00   1.00  0.00  0.00  0.00  0.00  0.00  0.00  0.00  0.00
  1001                    1.00   1.00  0.00  0.00  0.00  0.00  0.00  0.00  0.00  0.00
  200                     1.00   1.00  0.00  0.00  0.00  0.00  0.00  0.00  0.00  0.00
  201                     1.00   1.00  0.00  0.00  0.00  0.00  0.00  0.00  0.00  0.00
  202                     1.00   1.00  0.00  0.00  0.00  0.00  0.00  0.00  0.00  0.00
  203                     1.00   1.00  0.00  0.00  0.00  0.00  0.00  0.00  0.00  0.00
  204                     1.00   1.00  0.00  0.00  0.00  0.00  0.00  0.00  0.00  0.00
  205                     1.00   1.00  0.00  0.00  0.00  0.00  0.00  0.00  0.00  0.00
  206                     1.00   1.00  0.00  0.00  0.00  0.00  0.00  0.00  0.00  0.00
  207                     1.00   1.00  0.00  0.00  0.00  0.00  0.00  0.00  0.00  0.00
  208                     1.00   1.00  0.00  0.00  0.00  0.00  0.00  0.00  0.00  0.00
  209                     1.00   1.00  0.00  0.00  0.00  0.00  0.00  0.00  0.00  0.00
  210                     1.00   1.00  0.00  0.00  0.00  0.00  0.00  0.00  0.00  0.00
  211                     1.00   1.00  0.00  0.00  0.00  0.00  0.00  0.00  0.00  0.00
  212                     1.00   1.00  0.00  0.00  0.00  0.00  0.00  0.00  0.00  0.00
  213                     1.00   1.00  0.00  0.00  0.00  0.00  0.00  0.00  0.00  0.00
  214                     1.00   1.00  0.00  0.00  0.00  0.00  0.00  0.00  0.00  0.00
  215                     1.00   1.00  0.00  0.00  0.00  0.00  0.00  0.00  0.00  0.00
  216                     1.00   1.00  0.00  0.00  0.00  0.00  0.00  0.00  0.00  0.00
  217                     1.00   1.00  0.00  0.00  0.00  0.00  0.00  0.00  0.00  0.00
  218                     1.00   1.00  0.00  0.00  0.00  0.00  0.00  0.00  0.00  0.00
  219                     1.00   1.00  0.00  0.00  0.00  0.00  0.00  0.00  0.00  0.00
  220                     1.00   1.00  0.00  0.00  0.00  0.00  0.00  0.00  0.00  0.00
  221                     1.00   1.00  0.00  0.00  0.00  0.00  0.00  0.00  0.00  0.00
  222                     1.00   1.00  0.00  0.00  0.00  0.00  0.00  0.00  0.00  0.00
  223                     1.00   1.00  0.00  0.00  0.00  0.00  0.00  0.00  0.00  0.00
  224                     1.00   1.00  0.00  0.00  0.00  0.00  0.00  0.00  0.00  0.00
  225                     1.00   1.00  0.00  0.00  0.00  0.00  0.00  0.00  0.00  0.00
  226                     1.00   1.00  0.00  0.00  0.00  0.00  0.00  0.00  0.00  0.00
  227                     1.00   1.00  0.00  0.00  0.00  0.00  0.00  0.00  0.00  0.00
  228                     1.00   1.00  0.00  0.00  0.00  0.00  0.00  0.00  0.00  0.00
  229                     1.00   1.00  0.00  0.00  0.00  0.00  0.00  0.00  0.00  0.00
  230                     1.00   1.00  0.00  0.00  0.00  0.00  0.00  0.00  0.00  0.00
  231                     1.00   1.00  0.00  0.00  0.00  0.00  0.00  0.00  0.00  0.00
  232                     1.00   1.00  0.00  0.00  0.00  0.00  0.00  0.00  0.00  0.00
  233                     1.00   1.00  0.00  0.00  0.00  0.00  0.00  0.00  0.00  0.00
  234                     1.00   1.00  0.00  0.00  0.00  0.00  0.00  0.00  0.00  0.00
  235                     1.00   1.00  0.00  0.00  0.00  0.00  0.00  0.00  0.00  0.00
  236                     1.00   1.00  0.00  0.00  0.00  0.00  0.00  0.00  0.00  0.00
  238                     1.00   1.00  0.00  0.00  0.00  0.00  0.00  0.00  0.00  0.00
  252                     1.00   1.00  0.00  0.00  0.00  0.00  0.00  0.00  0.00  0.00
  253                     1.00   1.00  0.00  0.00  0.00  0.00  0.00  0.00  0.00  0.00
  254                     1.00   1.00  0.00  0.00  0.00  0.00  0.00  0.00  0.00  0.00
  255                     1.00   1.00  0.00  0.00  0.00  0.00  0.00  0.00  0.00  0.00
  256                     1.00   1.00  0.00  0.00  0.00  0.00  0.00  0.00  0.00  0.00
  257                     1.00   1.00  0.00  0.00  0.00  0.00  0.00  0.00  0.00  0.00
  258                     1.00   1.00  0.00  0.00  0.00  0.00  0.00  0.00  0.00  0.00
  259                     1.00   1.00  0.00  0.00  0.00  0.00  0.00  0.00  0.00  0.00
  260                     1.00   1.00  0.00  0.00  0.00  0.00  0.00  0.00  0.00  0.00
  261                     1.00   1.00  0.00  0.00  0.00  0.00  0.00  0.00  0.00  0.00
  262                     1.00   1.00  0.00  0.00  0.00  0.00  0.00  0.00  0.00  0.00
  263                     1.00   0.03  0.97  0.00  0.00  0.00  0.00  0.00  0.00  0.00
  264                     1.00   0.03  0.00  0.00  0.96  0.00  0.00  0.01  0.96  0.00
  265                     1.00   0.04  0.00  0.00  0.94  0.00  0.00  0.02  0.94  0.00
  266                     1.00   0.06  0.00  0.00  0.93  0.00  0.00  0.02  0.00  0.00
  267                     1.00   0.07  0.00  0.00  0.92  0.00  0.00  0.01  0.91  0.00
  268                     1.00   0.08  0.00  0.00  0.00  0.00  0.00  0.92  0.00  0.00
  600                     1.00   0.05  0.00  0.00  0.05  0.85  0.00  0.05  0.05  0.00
  601                     1.00   0.10  0.00  0.00  0.84  0.00  0.00  0.05  0.84  0.00
  602                     1.00   0.15  0.00  0.00  0.79  0.00  0.00  0.05  0.00  0.00
  603                     1.00   0.21  0.00  0.00  0.74  0.00  0.00  0.05  0.74  0.00
  610                     1.00   1.00  0.00  0.00  0.00  0.00  0.00  0.00  0.00  0.00
  611                     1.00   1.00  0.00  0.00  0.00  0.00  0.00  0.00  0.00  0.00
  612                     1.00   1.00  0.00  0.00  0.00  0.00  0.00  0.00  0.00  0.00
  614                     1.00   1.00  0.00  0.00  0.00  0.00  0.00  0.00  0.00  0.00
  615                     1.00   1.00  0.00  0.00  0.00  0.00  0.00  0.00  0.00  0.00
  616                     1.00   1.00  0.00  0.00  0.00  0.00  0.00  0.00  0.00  0.00
  617                     1.00   1.00  0.00  0.00  0.00  0.00  0.00  0.00  0.00  0.00
  520                     1.00   0.80  0.00  0.00  0.00  0.00  0.00  0.20  0.00  0.00
  81                      1.00   1.00  0.00  0.00  0.00  0.00  0.00  0.00  0.00  0.00
  530                     1.00   0.01  0.00  0.00  0.00  0.00  0.00  0.99  0.00  0.00
  85                      1.00   1.00  0.00  0.00  0.00  0.00  0.00  0.00  0.00  0.00
  72610                   1.00   1.00  0.00  0.00  0.00  0.00  0.00  0.00  0.00  0.00
  d73610                  1.00   1.00  0.00  0.00  0.00  0.00  0.00  0.00  0.00  0.00
  71050                   1.00   1.00  0.00  0.00  0.00  0.00  0.00  0.00  0.00  0.00
  d74050                  1.00   1.00  0.00  0.00  0.00  0.00  0.00  0.00  0.00  0.00
  74051                   1.00   1.00  0.00  0.00  0.00  0.00  0.00  0.00  0.00  0.00
  75050                   1.00   1.00  0.00  0.00  0.00  0.00  0.00  0.00  0.00  0.00
  d78050                  1.00   1.00  0.00  0.00  0.00  0.00  0.00  0.00  0.00  0.00
  72050                   1.00   1.00  0.00  0.00  0.00  0.00  0.00  0.00  0.00  0.00
  d77050                  1.00   1.00  0.00  0.00  0.00  0.00  0.00  0.00  0.00  0.00
  77051                   1.00   1.00  0.00  0.00  0.00  0.00  0.00  0.00  0.00  0.00
  77052                   1.00   1.00  0.00  0.00  0.00  0.00  0.00  0.00  0.00  0.00
  74610                   1.00   1.00  0.00  0.00  0.00  0.00  0.00  0.00  0.00  0.00
  75610                   1.00   1.00  0.00  0.00  0.00  0.00  0.00  0.00  0.00  0.00
  79050                   1.00   1.00  0.00  0.00  0.00  0.00  0.00  0.00  0.00  0.00
  66050                   1.00   1.00  0.00  0.00  0.00  0.00  0.00  0.00  0.00  0.00
  26051                   1.00   1.00  0.00  0.00  0.00  0.00  0.00  0.00  0.00  0.00
  72040                   1.00   1.00  0.00  0.00  0.00  0.00  0.00  0.00  0.00  0.00
  71040                   1.00   1.00  0.00  0.00  0.00  0.00  0.00  0.00  0.00  0.00
  66040                   1.00   1.00  0.00  0.00  0.00  0.00  0.00  0.00  0.00  0.00
  26041                   1.00   1.00  0.00  0.00  0.00  0.00  0.00  0.00  0.00  0.00
  552                     1.00   0.11  0.00  0.00  0.00  0.00  0.00  0.89  0.00  0.00
  87                      1.00   1.00  0.00  0.00  0.00  0.00  0.00  0.00  0.00  0.00
  562                     1.00   0.76  0.00  0.00  0.00  0.00  0.00  0.24  0.00  0.00
  565                     1.00   0.70  0.00  0.00  0.00  0.00  0.00  0.30  0.00  0.00
  572                     1.00   0.01  0.00  0.00  0.97  0.00  0.00  0.02  0.01  0.00
  582                     1.00   1.00  0.00  0.00  0.00  0.00  0.00  0.00  0.00  0.00
  592                     1.00   1.00  0.00  0.00  0.00  0.00  0.00  0.00  0.00  0.00
  71                      1.00   1.00  0.00  0.00  0.00  0.00  0.00  0.00  0.00  0.00
  73                      1.00   1.00  0.00  0.00  0.00  0.00  0.00  0.00  0.00  0.00
  74                      1.00   1.00  0.00  0.00  0.00  0.00  0.00  0.00  0.00  0.00
  75                      1.00   1.00  0.00  0.00  0.00  0.00  0.00  0.00  0.00  0.00
  77                      1.00   1.00  0.00  0.00  0.00  0.00  0.00  0.00  0.00  0.00
  11001                   1.00   0.12  0.00  0.00  0.00  0.00  0.00  0.88  0.00  0.00
  11002                   1.00   0.25  0.00  0.00  0.00  0.00  0.00  0.75  0.00  0.00
  11003                   1.00   0.37  0.00  0.00  0.00  0.51  0.00  0.12  0.51  0.00
  11004                   1.00   0.49  0.00  0.00  0.00  0.00  0.00  0.51  0.00  0.00
  11005                   1.00   0.61  0.00  0.00  0.00  0.00  0.00  0.39  0.00  0.00
  11006                   1.00   0.73  0.00  0.00  0.16  0.00  0.00  0.11  0.16  0.00
  11007                   1.00   0.84  0.16  0.00  0.00  0.00  0.00  0.00  0.00  0.00
  11008                   1.00   1.00  0.00  0.00  0.00  0.00  0.00  0.00  0.00  0.00
  x11009                  1.00   1.00  0.00  0.00  0.00  0.00  0.00  0.00  0.00  0.00
  11010                   1.00   1.00  0.00  0.00  0.00  0.00  0.00  0.00  0.00  0.00
  11011                   1.00   1.00  0.00  0.00  0.00  0.00  0.00  0.00  0.00  0.00
  11012                   1.00   1.00  0.00  0.00  0.00  0.00  0.00  0.00  0.00  0.00
  11013                   1.00   1.00  0.00  0.00  0.00  0.00  0.00  0.00  0.00  0.00
  11014                   1.00   1.00  0.00  0.00  0.00  0.00  0.00  0.00  0.00  0.00
  11015                   1.00   1.00  0.00  0.00  0.00  0.00  0.00  0.00  0.00  0.00
  11016                   1.00   1.00  0.00  0.00  0.00  0.00  0.00  0.00  0.00  0.00
  11017                   1.00   1.00  0.00  0.00  0.00  0.00  0.00  0.00  0.00  0.00
  11018                   1.00   1.00  0.00  0.00  0.00  0.00  0.00  0.00  0.00  0.00
  11019                   1.00   1.00  0.00  0.00  0.00  0.00  0.00  0.00  0.00  0.00
  11020                   1.00   1.00  0.00  0.00  0.00  0.00  0.00  0.00  0.00  0.00
  11021                   1.00   1.00  0.00  0.00  0.00  0.00  0.00  0.00  0.00  0.00
  11022                   1.00   1.00  0.00  0.00  0.00  0.00  0.00  0.00  0.00  0.00
  11024                   1.00   1.00  0.00  0.00  0.00  0.00  0.00  0.00  0.00  0.00
  11026                   1.00   1.00  0.00  0.00  0.00  0.00  0.00  0.00  0.00  0.00
  11027                   1.00   1.00  0.00  0.00  0.00  0.00  0.00  0.00  0.00  0.00
  11029                   1.00   1.00  0.00  0.00  0.00  0.00  0.00  0.00  0.00  0.00
  11030                   1.00   1.00  0.00  0.00  0.00  0.00  0.00  0.00  0.00  0.00
  11031                   1.00   1.00  0.00  0.00  0.00  0.00  0.00  0.00  0.00  0.00
  11033                   1.00   1.00  0.00  0.00  0.00  0.00  0.00  0.00  0.00  0.00
  11034                   1.00   1.00  0.00  0.00  0.00  0.00  0.00  0.00  0.00  0.00
  11035                   1.00   1.00  0.00  0.00  0.00  0.00  0.00  0.00  0.00  0.00
  11036                   1.00   1.00  0.00  0.00  0.00  0.00  0.00  0.00  0.00  0.00
  11037                   1.00   1.00  0.00  0.00  0.00  0.00  0.00  0.00  0.00  0.00
  11038                   1.00   1.00  0.00  0.00  0.00  0.00  0.00  0.00  0.00  0.00
  11039                   1.00   1.00  0.00  0.00  0.00  0.00  0.00  0.00  0.00  0.00
  11040                   1.00   1.00  0.00  0.00  0.00  0.00  0.00  0.00  0.00  0.00
  11041                   1.00   1.00  0.00  0.00  0.00  0.00  0.00  0.00  0.00  0.00
  11047                   1.00   1.00  0.00  0.00  0.00  0.00  0.00  0.00  0.00  0.00
  11048                   1.00   1.00  0.00  0.00  0.00  0.00  0.00  0.00  0.00  0.00
  11049                   1.00   1.00  0.00  0.00  0.00  0.00  0.00  0.00  0.00  0.00
  26001                   1.00   0.11  0.00  0.00  0.00  0.00  0.00  0.89  0.00  0.00
  26002                   1.00   0.22  0.00  0.00  0.00  0.00  0.00  0.78  0.00  0.00
  26004                   1.00   0.33  0.00  0.00  0.56  0.00  0.00  0.11  0.56  0.00
  26005                   1.00   0.44  0.00  0.00  0.00  0.00  0.00  0.56  0.00  0.00
  26006                   1.00   0.55  0.00  0.00  0.00  0.00  0.00  0.45  0.00  0.00
  26007                   1.00   0.65  0.00  0.00  0.00  0.24  0.00  0.11  0.24  0.00
  26009                   1.00   0.76  0.00  0.00  0.00  0.00  0.00  0.24  0.00  0.00
  26010                   1.00   0.87  0.00  0.00  0.00  0.00  0.00  0.13  0.00  0.00
  26011                   1.00   0.98  0.00  0.00  0.00  0.00  0.00  0.02  0.00  0.00
  26012                   1.00   1.00  0.00  0.00  0.00  0.00  0.00  0.00  0.00  0.00
  26013                   1.00   1.00  0.00  0.00  0.00  0.00  0.00  0.00  0.00  0.00
  26014                   1.00   1.00  0.00  0.00  0.00  0.00  0.00  0.00  0.00  0.00
  26018                   1.00   1.00  0.00  0.00  0.00  0.00  0.00  0.00  0.00  0.00
  26019                   1.00   1.00  0.00  0.00  0.00  0.00  0.00  0.00  0.00  0.00
  26020                   1.00   1.00  0.00  0.00  0.00  0.00  0.00  0.00  0.00  0.00
  26021                   1.00   1.00  0.00  0.00  0.00  0.00  0.00  0.00  0.00  0.00
  26022                   1.00   1.00  0.00  0.00  0.00  0.00  0.00  0.00  0.00  0.00
  26025                   1.00   1.00  0.00  0.00  0.00  0.00  0.00  0.00  0.00  0.00
  26026                   1.00   1.00  0.00  0.00  0.00  0.00  0.00  0.00  0.00  0.00
  26027                   1.00   1.00  0.00  0.00  0.00  0.00  0.00  0.00  0.00  0.00
  26028                   1.00   1.00  0.00  0.00  0.00  0.00  0.00  0.00  0.00  0.00
  26029                   1.00   1.00  0.00  0.00  0.00  0.00  0.00  0.00  0.00  0.00
  26030                   1.00   1.00  0.00  0.00  0.00  0.00  0.00  0.00  0.00  0.00
  26031                   1.00   1.00  0.00  0.00  0.00  0.00  0.00  0.00  0.00  0.00
  26032                   1.00   0.06  0.94  0.00  0.00  0.00  0.00  0.00  0.00  0.00
  26033                   1.00   0.03  0.00  0.00  0.93  0.00  0.03  0.00  0.00  0.00
  26034                   1.00   0.01  0.00  0.00  0.97  0.00  0.00  0.02  0.05  0.00
  26035                   1.00   0.01  0.00  0.00  0.97  0.02  0.00  0.01  0.98  0.00
  26037                   1.00   0.02  0.00  0.00  0.97  0.00  0.00  0.01  0.00  0.00
  26038                   1.00   0.03  0.97  0.00  0.00  0.00  0.00  0.00  0.00  0.00
  26039                   1.00   1.00  0.00  0.00  0.00  0.00  0.00  0.00  0.00  0.00
  26040                   1.00   1.00  0.00  0.00  0.00  0.00  0.00  0.00  0.00  0.00
  26041_2                 1.00   1.00  0.00  0.00  0.00  0.00  0.00  0.00  0.00  0.00
  26042                   1.00   1.00  0.00  0.00  0.00  0.00  0.00  0.00  0.00  0.00
  26043                   1.00   1.00  0.00  0.00  0.00  0.00  0.00  0.00  0.00  0.00
  26044                   1.00   1.00  0.00  0.00  0.00  0.00  0.00  0.00  0.00  0.00
  26045                   1.00   1.00  0.00  0.00  0.00  0.00  0.00  0.00  0.00  0.00
  26046                   1.00   1.00  0.00  0.00  0.00  0.00  0.00  0.00  0.00  0.00
  26047                   1.00   1.00  0.00  0.00  0.00  0.00  0.00  0.00  0.00  0.00
  26048                   1.00   1.00  0.00  0.00  0.00  0.00  0.00  0.00  0.00  0.00
  26049                   1.00   1.00  0.00  0.00  0.00  0.00  0.00  0.00  0.00  0.00
  26050                   1.00   1.00  0.00  0.00  0.00  0.00  0.00  0.00  0.00  0.00
  26051_2                 1.00   1.00  0.00  0.00  0.00  0.00  0.00  0.00  0.00  0.00
  26052                   1.00   1.00  0.00  0.00  0.00  0.00  0.00  0.00  0.00  0.00
  26053                   1.00   1.00  0.00  0.00  0.00  0.00  0.00  0.00  0.00  0.00
  26054                   1.00   1.00  0.00  0.00  0.00  0.00  0.00  0.00  0.00  0.00
  26055                   1.00   1.00  0.00  0.00  0.00  0.00  0.00  0.00  0.00  0.00
  26057                   1.00   1.00  0.00  0.00  0.00  0.00  0.00  0.00  0.00  0.00
  26058                   1.00   1.00  0.00  0.00  0.00  0.00  0.00  0.00  0.00  0.00
  26059                   1.00   1.00  0.00  0.00  0.00  0.00  0.00  0.00  0.00  0.00
  x26060                  1.00   1.00  0.00  0.00  0.00  0.00  0.00  0.00  0.00  0.00
  90101                   1.00   1.00  0.00  0.00  0.00  0.00  0.00  0.00  0.00  0.00
  90201                   1.00   1.00  0.00  0.00  0.00  0.00  0.00  0.00  0.00  0.00
  x90301                  1.00   1.00  0.00  0.00  0.00  0.00  0.00  0.00  0.00  0.00
  90302                   1.00   1.00  0.00  0.00  0.00  0.00  0.00  0.00  0.00  0.00
  x90401                  1.00   1.00  0.00  0.00  0.00  0.00  0.00  0.00  0.00  0.00
  26024                   1.00   1.00  0.00  0.00  0.00  0.00  0.00  0.00  0.00  0.00
  x90501                  1.00   1.00  0.00  0.00  0.00  0.00  0.00  0.00  0.00  0.00
  90502                   1.00   1.00  0.00  0.00  0.00  0.00  0.00  0.00  0.00  0.00
  90503                   1.00   1.00  0.00  0.00  0.00  0.00  0.00  0.00  0.00  0.00
  x90601                  1.00   1.00  0.00  0.00  0.00  0.00  0.00  0.00  0.00  0.00
  90603                   1.00   1.00  0.00  0.00  0.00  0.00  0.00  0.00  0.00  0.00
  x90701                  1.00   1.00  0.00  0.00  0.00  0.00  0.00  0.00  0.00  0.00
  x90801                  1.00   1.00  0.00  0.00  0.00  0.00  0.00  0.00  0.00  0.00
  90802                   1.00   1.00  0.00  0.00  0.00  0.00  0.00  0.00  0.00  0.00
  x90901                  1.00   1.00  0.00  0.00  0.00  0.00  0.00  0.00  0.00  0.00
  90902                   1.00   1.00  0.00  0.00  0.00  0.00  0.00  0.00  0.00  0.00
  x91001                  1.00   1.00  0.00  0.00  0.00  0.00  0.00  0.00  0.00  0.00
  91002                   1.00   1.00  0.00  0.00  0.00  0.00  0.00  0.00  0.00  0.00
  91003                   1.00   1.00  0.00  0.00  0.00  0.00  0.00  0.00  0.00  0.00
  91103                   1.00   1.00  0.00  0.00  0.00  0.00  0.00  0.00  0.00  0.00
  91301                   1.00   1.00  0.00  0.00  0.00  0.00  0.00  0.00  0.00  0.00
  x91401                  1.00   1.00  0.00  0.00  0.00  0.00  0.00  0.00  0.00  0.00
  91402                   1.00   1.00  0.00  0.00  0.00  0.00  0.00  0.00  0.00  0.00
  x91501                  1.00   1.00  0.00  0.00  0.00  0.00  0.00  0.00  0.00  0.00
  91502                   1.00   1.00  0.00  0.00  0.00  0.00  0.00  0.00  0.00  0.00
  91601                   1.00   1.00  0.00  0.00  0.00  0.00  0.00  0.00  0.00  0.00
  x91701                  1.00   1.00  0.00  0.00  0.00  0.00  0.00  0.00  0.00  0.00
  91702                   1.00   1.00  0.00  0.00  0.00  0.00  0.00  0.00  0.00  0.00
  91801                   1.00   1.00  0.00  0.00  0.00  0.00  0.00  0.00  0.00  0.00
  x91901                  1.00   1.00  0.00  0.00  0.00  0.00  0.00  0.00  0.00  0.00
  91902                   1.00   1.00  0.00  0.00  0.00  0.00  0.00  0.00  0.00  0.00
  92001                   1.00   1.00  0.00  0.00  0.00  0.00  0.00  0.00  0.00  0.00
  11050                   1.00   1.00  0.00  0.00  0.00  0.00  0.00  0.00  0.00  0.00
  11052                   1.00   1.00  0.00  0.00  0.00  0.00  0.00  0.00  0.00  0.00
  11051                   1.00   1.00  0.00  0.00  0.00  0.00  0.00  0.00  0.00  0.00
  cross-conn              1.00   1.00  0.00  0.00  0.00  0.00  0.00  0.00  0.00  0.00
  219i                    1.00   1.00  0.00  0.00  0.00  0.00  0.00  0.00  0.00  0.00
  a14219                  1.00   1.00  0.00  0.00  0.00  0.00  0.00  0.00  0.00  0.00
  220i                    1.00   1.00  0.00  0.00  0.00  0.00  0.00  0.00  0.00  0.00
  221i                    1.00   1.00  0.00  0.00  0.00  0.00  0.00  0.00  0.00  0.00
  222i                    1.00   1.00  0.00  0.00  0.00  0.00  0.00  0.00  0.00  0.00
  223i                    1.00   1.00  0.00  0.00  0.00  0.00  0.00  0.00  0.00  0.00
  a14223                  1.00   1.00  0.00  0.00  0.00  0.00  0.00  0.00  0.00  0.00
  224i                    1.00   1.00  0.00  0.00  0.00  0.00  0.00  0.00  0.00  0.00
  a360024                 1.00   1.00  0.00  0.00  0.00  0.00  0.00  0.00  0.00  0.00
  360025                  1.00   1.00  0.00  0.00  0.00  0.00  0.00  0.00  0.00  0.00
  225i                    1.00   1.00  0.00  0.00  0.00  0.00  0.00  0.00  0.00  0.00
  250                     1.00   1.00  0.00  0.00  0.00  0.00  0.00  0.00  0.00  0.00
  83w                     1.00   1.00  0.00  0.00  0.00  0.00  0.00  0.00  0.00  0.00
  d83                     1.00   1.00  0.00  0.00  0.00  0.00  0.00  0.00  0.00  0.00
  604                     1.00   0.26  0.00  0.00  0.00  0.00  0.00  0.74  0.00  0.00
  84                      1.00   1.00  0.00  0.00  0.00  0.00  0.00  0.00  0.00  0.00
  90402                   1.00   1.00  0.00  0.00  0.00  0.00  0.00  0.00  0.00  0.00
  90602                   1.00   1.00  0.00  0.00  0.00  0.00  0.00  0.00  0.00  0.00
  90702                   1.00   1.00  0.00  0.00  0.00  0.00  0.00  0.00  0.00  0.00
  90017s                  1.00   1.00  0.00  0.00  0.00  0.00  0.00  0.00  0.00  0.00
  90018s                  1.00   1.00  0.00  0.00  0.00  0.00  0.00  0.00  0.00  0.00
  90019w                  1.00   1.00  0.00  0.00  0.00  0.00  0.00  0.00  0.00  0.00
  91101                   1.00   1.00  0.00  0.00  0.00  0.00  0.00  0.00  0.00  0.00
  91201                   1.00   1.00  0.00  0.00  0.00  0.00  0.00  0.00  0.00  0.00
  91104                   1.00   1.00  0.00  0.00  0.00  0.00  0.00  0.00  0.00  0.00
  90024w                  1.00   1.00  0.00  0.00  0.00  0.00  0.00  0.00  0.00  0.00
  a36026                  1.00   1.00  0.00  0.00  0.00  0.00  0.00  0.00  0.00  0.00
  36027                   1.00   1.00  0.00  0.00  0.00  0.00  0.00  0.00  0.00  0.00
  36028                   1.00   1.00  0.00  0.00  0.00  0.00  0.00  0.00  0.00  0.00
  a1299                   1.00   1.00  0.00  0.00  0.00  0.00  0.00  0.00  0.00  0.00
  1202                    1.00   1.00  0.00  0.00  0.00  0.00  0.00  0.00  0.00  0.00
  12001i                  1.00   1.00  0.00  0.00  0.00  0.00  0.00  0.00  0.00  0.00
  13001i                  1.00   1.00  0.00  0.00  0.00  0.00  0.00  0.00  0.00  0.00
  91503                   1.00   1.00  0.00  0.00  0.00  0.00  0.00  0.00  0.00  0.00
  91703                   1.00   1.00  0.00  0.00  0.00  0.00  0.00  0.00  0.00  0.00
  a226i                   1.00   1.00  0.00  0.00  0.00  0.00  0.00  0.00  0.00  0.00
  15001i                  1.00   1.00  0.00  0.00  0.00  0.00  0.00  0.00  0.00  0.00
  16001i                  1.00   1.00  0.00  0.00  0.00  0.00  0.00  0.00  0.00  0.00
  3099                    1.00   1.00  0.00  0.00  0.00  0.00  0.00  0.00  0.00  0.00
  a3098                   1.00   1.00  0.00  0.00  0.00  0.00  0.00  0.00  0.00  0.00
  31001i                  1.00   1.00  0.00  0.00  0.00  0.00  0.00  0.00  0.00  0.00
  a1699i                  1.00   1.00  0.00  0.00  0.00  0.00  0.00  0.00  0.00  0.00
  1699                    1.00   1.00  0.00  0.00  0.00  0.00  0.00  0.00  0.00  0.00
  72125                   1.00   1.00  0.00  0.00  0.00  0.00  0.00  0.00  0.00  0.00
  3001                    1.00   1.00  0.00  0.00  0.00  0.00  0.00  0.00  0.00  0.00
  4001_2                  1.00   1.00  0.00  0.00  0.00  0.00  0.00  0.00  0.00  0.00
  4224                    1.00   1.00  0.00  0.00  0.00  0.00  0.00  0.00  0.00  0.00
  a32001i                 1.00   1.00  0.00  0.00  0.00  0.00  0.00  0.00  0.00  0.00
  32001z                  1.00   1.00  0.00  0.00  0.00  0.00  0.00  0.00  0.00  0.00
  33001i                  1.00   1.00  0.00  0.00  0.00  0.00  0.00  0.00  0.00  0.00
  34001i                  1.00   1.00  0.00  0.00  0.00  0.00  0.00  0.00  0.00  0.00
  3499                    1.00   1.00  0.00  0.00  0.00  0.00  0.00  0.00  0.00  0.00
  35001i                  1.00   1.00  0.00  0.00  0.00  0.00  0.00  0.00  0.00  0.00
  a36010i                 1.00   1.00  0.00  0.00  0.00  0.00  0.00  0.00  0.00  0.00
  3611                    1.00   1.00  0.00  0.00  0.00  0.00  0.00  0.00  0.00  0.00
  36020i                  1.00   1.00  0.00  0.00  0.00  0.00  0.00  0.00  0.00  0.00
  36030i                  1.00   1.00  0.00  0.00  0.00  0.00  0.00  0.00  0.00  0.00
  36040i                  1.00   1.00  0.00  0.00  0.00  0.00  0.00  0.00  0.00  0.00
  37001i                  1.00   1.00  0.00  0.00  0.00  0.00  0.00  0.00  0.00  0.00
  3704                    1.00   0.04  0.00  0.00  0.00  0.00  0.00  0.96  0.00  0.00
  39001i                  1.00   1.00  0.00  0.00  0.00  0.00  0.00  0.00  0.00  0.00
  56001i                  1.00   1.00  0.00  0.00  0.00  0.00  0.00  0.00  0.00  0.00
  023                     1.00   1.00  0.00  0.00  0.00  0.00  0.00  0.00  0.00  0.00
  8030                    1.00   1.00  0.00  0.00  0.00  0.00  0.00  0.00  0.00  0.00
  20070                   1.00   1.00  0.00  0.00  0.00  0.00  0.00  0.00  0.00  0.00
  1078                    1.00   1.00  0.00  0.00  0.00  0.00  0.00  0.00  0.00  0.00
  1127                    1.00   1.00  0.00  0.00  0.00  0.00  0.00  0.00  0.00  0.00
  151s50                  1.00   1.00  0.00  0.00  0.00  0.00  0.00  0.00  0.00  0.00
  148s47                  1.00   1.00  0.00  0.00  0.00  0.00  0.00  0.00  0.00  0.00
  157s56                  1.00   1.00  0.00  0.00  0.00  0.00  0.00  0.00  0.00  0.00
  136s37                  1.00   1.00  0.00  0.00  0.00  0.00  0.00  0.00  0.00  0.00
  139s39                  1.00   1.00  0.00  0.00  0.00  0.00  0.00  0.00  0.00  0.00
  153s52                  1.00   1.00  0.00  0.00  0.00  0.00  0.00  0.00  0.00  0.00
  121s21                  1.00   1.00  0.00  0.00  0.00  0.00  0.00  0.00  0.00  0.00
  11053                   1.00   1.00  0.00  0.00  0.00  0.00  0.00  0.00  0.00  0.00
  46002_2                 1.00   1.00  0.00  0.00  0.00  0.00  0.00  0.00  0.00  0.00
  58002                   1.00   1.00  0.00  0.00  0.00  0.00  0.00  0.00  0.00  0.00
  44001                   1.00   1.00  0.00  0.00  0.00  0.00  0.00  0.00  0.00  0.00
  44002                   1.00   1.00  0.00  0.00  0.00  0.00  0.00  0.00  0.00  0.00
  42002_2                 1.00   1.00  0.00  0.00  0.00  0.00  0.00  0.00  0.00  0.00
  44003                   1.00   1.00  0.00  0.00  0.00  0.00  0.00  0.00  0.00  0.00
  44004                   1.00   1.00  0.00  0.00  0.00  0.00  0.00  0.00  0.00  0.00
  48002_2                 1.00   1.00  0.00  0.00  0.00  0.00  0.00  0.00  0.00  0.00
  53514                   1.00   1.00  0.00  0.00  0.00  0.00  0.00  0.00  0.00  0.00
  53512                   1.00   1.00  0.00  0.00  0.00  0.00  0.00  0.00  0.00  0.00
  53513                   1.00   1.00  0.00  0.00  0.00  0.00  0.00  0.00  0.00  0.00
  3501                    1.00   1.00  0.00  0.00  0.00  0.00  0.00  0.00  0.00  0.00
  53506                   1.00   1.00  0.00  0.00  0.00  0.00  0.00  0.00  0.00  0.00
  53508                   1.00   1.00  0.00  0.00  0.00  0.00  0.00  0.00  0.00  0.00
  53507                   1.00   1.00  0.00  0.00  0.00  0.00  0.00  0.00  0.00  0.00
  51002                   1.00   1.00  0.00  0.00  0.00  0.00  0.00  0.00  0.00  0.00
  53509                   1.00   1.00  0.00  0.00  0.00  0.00  0.00  0.00  0.00  0.00
  54230                   1.00   1.00  0.00  0.00  0.00  0.00  0.00  0.00  0.00  0.00
  54234                   1.00   1.00  0.00  0.00  0.00  0.00  0.00  0.00  0.00  0.00
  54231                   1.00   1.00  0.00  0.00  0.00  0.00  0.00  0.00  0.00  0.00
  4232                    1.00   1.00  0.00  0.00  0.00  0.00  0.00  0.00  0.00  0.00
  4222                    1.00   1.00  0.00  0.00  0.00  0.00  0.00  0.00  0.00  0.00
  54223                   1.00   1.00  0.00  0.00  0.00  0.00  0.00  0.00  0.00  0.00
  54226                   1.00   1.00  0.00  0.00  0.00  0.00  0.00  0.00  0.00  0.00
  54227                   1.00   1.00  0.00  0.00  0.00  0.00  0.00  0.00  0.00  0.00
  54233                   1.00   1.00  0.00  0.00  0.00  0.00  0.00  0.00  0.00  0.00
  45003                   1.00   1.00  0.00  0.00  0.00  0.00  0.00  0.00  0.00  0.00
  92003                   1.00   1.00  0.00  0.00  0.00  0.00  0.00  0.00  0.00  0.00
  92006                   1.00   1.00  0.00  0.00  0.00  0.00  0.00  0.00  0.00  0.00
  92007                   1.00   1.00  0.00  0.00  0.00  0.00  0.00  0.00  0.00  0.00
  92008                   1.00   1.00  0.00  0.00  0.00  0.00  0.00  0.00  0.00  0.00
  92009                   1.00   1.00  0.00  0.00  0.00  0.00  0.00  0.00  0.00  0.00
  45005                   1.00   1.00  0.00  0.00  0.00  0.00  0.00  0.00  0.00  0.00
  2112                    1.00   1.00  0.00  0.00  0.00  0.00  0.00  0.00  0.00  0.00
  65001                   1.00   1.00  0.00  0.00  0.00  0.00  0.00  0.00  0.00  0.00
  d7059                   1.00   1.00  0.00  0.00  0.00  0.00  0.00  0.00  0.00  0.00
  a2059                   1.00   0.03  0.00  0.00  0.96  0.00  0.00  0.01  0.00  0.00
  a2060                   1.00   1.00  0.00  0.00  0.00  0.00  0.00  0.00  0.00  0.00
  a2062                   1.00   1.00  0.00  0.00  0.00  0.00  0.00  0.00  0.00  0.00
  a2064                   1.00   1.00  0.00  0.00  0.00  0.00  0.00  0.00  0.00  0.00
  a2061                   1.00   1.00  0.00  0.00  0.00  0.00  0.00  0.00  0.00  0.00
  a2066                   1.00   1.00  0.00  0.00  0.00  0.00  0.00  0.00  0.00  0.00
  2067                    1.00   1.00  0.00  0.00  0.00  0.00  0.00  0.00  0.00  0.00
  2068                    1.00   1.00  0.00  0.00  0.00  0.00  0.00  0.00  0.00  0.00
  a2065                   1.00   1.00  0.00  0.00  0.00  0.00  0.00  0.00  0.00  0.00
  a2063                   1.00   1.00  0.00  0.00  0.00  0.00  0.00  0.00  0.00  0.00
  
  
  *************************
  Conduit Surcharge Summary
  *************************
  
  ----------------------------------------------------------------------------
                                                           Hours        Hours 
                         --------- Hours Full --------   Above Full   Capacity
  Conduit                Both Ends  Upstream  Dnstream   Normal Flow   Limited
  ----------------------------------------------------------------------------
  101102                      0.01      0.01     23.28      0.01         0.01
  1043_2                      0.01      0.01     23.24      0.01         0.01
  2008                        0.01      0.01     23.20      0.01         0.01
  2009                        0.01      0.01     21.88      0.01         0.01
  2000                        0.01      0.01     21.75      0.01         0.01
  2016                       22.62     23.24     22.62     22.84         0.01
  2017                        0.01      0.01     23.27      0.01         0.01
  3403                        0.01      0.01      0.95      0.01         0.01
  11006                       0.01      0.01      3.42      0.01         0.01
  26037                       0.01      0.01     22.91      0.01         0.01
  
  
  ***************
  Pumping Summary
  ***************
  
  ---------------------------------------------------------------------------------------------------------
                                                  Min       Avg       Max     Total     Power    % Time Off
                        Percent   Number of      Flow      Flow      Flow    Volume     Usage    Pump Curve
  Pump                 Utilized   Start-Ups       CFS       CFS       CFS  10^6 gal     Kw-hr    Low   High
  ---------------------------------------------------------------------------------------------------------
  Ernest_PS                0.00           0      0.00      0.00      0.00     0.000      0.00    0.0    0.0
  Hydrobrk                 0.00           0      0.00      0.00      0.00     0.000      0.00    0.0    0.0
  

  Analysis begun on:  Wed Jul 22 14:19:06 2026
  Analysis ended on:  Wed Jul 22 14:19:15 2026
  Total elapsed time: 00:00:09