
  EPA STORM WATER MANAGEMENT MODEL - VERSION 5.2 (Build 5.2.4)
  ------------------------------------------------------------

  Woy Woy Major SPS Catchment 
  WARNING 04: minimum elevation drop used for Conduit L-OVC4
  WARNING 08: elevation drop exceeds length for Conduit L-WG1
  WARNING 04: minimum elevation drop used for Conduit 450
  WARNING 04: minimum elevation drop used for Conduit 892
  WARNING 08: elevation drop exceeds length for Conduit 980
  WARNING 08: elevation drop exceeds length for Conduit 982
  WARNING 08: elevation drop exceeds length for Conduit 1004
  
  ****************
  Analysis Options
  ****************
  Flow Units ............... CMS
  Process Models:
    Rainfall/Runoff ........ NO
    RDII ................... NO
    Snowmelt ............... NO
    Groundwater ............ NO
    Flow Routing ........... YES
    Ponding Allowed ........ NO
    Water Quality .......... NO
  Flow Routing Method ...... DYNWAVE
  Surcharge Method ......... EXTRAN
  Starting Date ............ 01/01/2001 00:00:00
  Ending Date .............. 01/02/2001 00:00:00
  Antecedent Dry Days ...... 0.0
  Report Time Step ......... 00:15:00
  Routing Time Step ........ 5.00 sec
  Variable Time Step ....... YES
  Maximum Trials ........... 50
  Number of Threads ........ 1
  Head Tolerance ........... 0.001000 m
  
  
  **************************        Volume        Volume
  Flow Routing Continuity        hectare-m      10^6 ltr
  **************************     ---------     ---------
  Dry Weather Inflow .......         0.000         0.000
  Wet Weather Inflow .......         0.000         0.000
  Groundwater Inflow .......         0.000         0.000
  RDII Inflow ..............         0.000         0.000
  External Inflow ..........         0.021         0.213
  External Outflow .........         0.000         0.000
  Flooding Loss ............         0.000         0.000
  Evaporation Loss .........         0.000         0.000
  Exfiltration Loss ........         0.000         0.000
  Initial Stored Volume ....         0.012         0.122
  Final Stored Volume ......         0.012         0.122
  Continuity Error (%) .....        63.601
  
  
  *************************
  Highest Continuity Errors
  *************************
  Node CJ1 (100.00%)
  Node CA1 (100.00%)
  Node AT1 (100.00%)
  
  
  ***************************
  Time-Step Critical Elements
  ***************************
  None
  
  
  ********************************
  Highest Flow Instability Indexes
  ********************************
  All links are stable.
  
  
  *********************************
  Most Frequent Nonconverging Nodes
  *********************************
  Convergence obtained at all time steps.
  
  
  *************************
  Routing Time Step Summary
  *************************
  Minimum Time Step           :     4.50 sec
  Average Time Step           :     5.00 sec
  Maximum Time Step           :     5.00 sec
  % of Time in Steady State   :     0.00
  Average Iterations per Step :     2.00
  % of Steps Not Converging   :     0.00
  Time Step Frequencies       :
      5.000 -  3.155 sec      :   100.00 %
      3.155 -  1.991 sec      :     0.00 %
      1.991 -  1.256 sec      :     0.00 %
      1.256 -  0.792 sec      :     0.00 %
      0.792 -  0.500 sec      :     0.00 %
  
  
  ******************
  Node Depth Summary
  ******************
  
  ---------------------------------------------------------------------------------
                                 Average  Maximum  Maximum  Time of Max    Reported
                                   Depth    Depth      HGL   Occurrence   Max Depth
  Node                 Type       Meters   Meters   Meters  days hr:min      Meters
  ---------------------------------------------------------------------------------
  ZA1                  JUNCTION     0.00     0.00   101.00     0  00:00        0.00
  VC16                 JUNCTION     0.00     0.00   146.93     0  00:00        0.00
  VC15                 JUNCTION     0.00     0.00   145.21     0  00:00        0.00
  VC14                 JUNCTION     0.00     0.00   117.58     0  00:00        0.00
  VC13                 JUNCTION     0.00     0.00   115.52     0  00:00        0.00
  VC12                 JUNCTION     0.00     0.00   115.00     0  00:00        0.00
  VC11                 JUNCTION     0.00     0.00   111.84     0  00:00        0.00
  VC8                  JUNCTION     0.00     0.00   102.33     0  00:00        0.00
  VC6                  JUNCTION     0.00     0.00   101.80     0  00:00        0.00
  VC5                  JUNCTION     0.00     0.00   101.43     0  00:00        0.00
  VC4                  JUNCTION     0.00     0.00   101.58     0  00:00        0.00
  VC3                  JUNCTION     0.00     0.00   101.41     0  00:00        0.00
  VC2                  JUNCTION     0.00     0.00   101.19     0  00:00        0.00
  VC1                  JUNCTION     0.00     0.00   101.69     0  00:00        0.00
  VA2                  JUNCTION     0.00     0.00   101.62     0  00:00        0.00
  WG9                  JUNCTION     0.00     0.00   121.46     0  00:00        0.00
  WG6                  JUNCTION     0.00     0.00   119.44     0  00:00        0.00
  WG5                  JUNCTION     0.00     0.00   117.74     0  00:00        0.00
  WG4                  JUNCTION     0.00     0.00   115.11     0  00:00        0.00
  WG3                  JUNCTION     0.00     0.00   109.88     0  00:00        0.00
  WG1                  JUNCTION     0.00     0.00   101.85     0  00:00        0.00
  WF1                  JUNCTION     0.00     0.00   101.11     0  00:00        0.00
  WA39A                JUNCTION     0.00     0.00   107.78     0  00:00        0.00
  WA39                 JUNCTION     0.00     0.00   108.17     0  00:00        0.00
  WA38                 JUNCTION     0.00     0.00   107.21     0  00:00        0.00
  WA37                 JUNCTION     0.00     0.00   106.83     0  00:00        0.00
  WA36                 JUNCTION     0.00     0.00   106.72     0  00:00        0.00
  WA33                 JUNCTION     0.00     0.00   107.90     0  00:00        0.00
  WA32                 JUNCTION     0.00     0.00   106.91     0  00:00        0.00
  WA31                 JUNCTION     0.00     0.00   107.02     0  00:00        0.00
  WA30                 JUNCTION     0.00     0.00   106.76     0  00:00        0.00
  WA29                 JUNCTION     0.00     0.00   107.07     0  00:00        0.00
  WA27                 JUNCTION     0.00     0.00   106.55     0  00:00        0.00
  WA26                 JUNCTION     0.00     0.00   106.92     0  00:00        0.00
  WA24                 JUNCTION     0.00     0.00   106.67     0  00:00        0.00
  WA23                 JUNCTION     0.00     0.00   106.37     0  00:00        0.00
  WA22                 JUNCTION     0.00     0.00   105.51     0  00:00        0.00
  WA20                 JUNCTION     0.00     0.00   104.60     0  00:00        0.00
  WA19                 JUNCTION     0.00     0.00   105.20     0  00:00        0.00
  WA18                 JUNCTION     0.00     0.00   105.05     0  00:00        0.00
  WA15                 JUNCTION     0.00     0.00   104.11     0  00:00        0.00
  WA14                 JUNCTION     0.00     0.00   104.07     0  00:00        0.00
  WA13                 JUNCTION     0.00     0.00   103.20     0  00:00        0.00
  WA12                 JUNCTION     0.00     0.00   102.86     0  00:00        0.00
  WA11                 JUNCTION     0.00     0.00   102.86     0  00:00        0.00
  WA10                 JUNCTION     0.00     0.00   102.74     0  00:00        0.00
  WA9                  JUNCTION     0.00     0.00   102.68     0  00:00        0.00
  WA8                  JUNCTION     0.00     0.00   102.82     0  00:00        0.00
  WA7                  JUNCTION     0.00     0.00   105.30     0  00:00        0.00
  WA6                  JUNCTION     0.00     0.00   102.47     0  00:00        0.00
  WA5                  JUNCTION     0.00     0.00   102.37     0  00:00        0.00
  WA4                  JUNCTION     0.00     0.00   102.19     0  00:00        0.00
  WA3                  JUNCTION     0.00     0.00   102.49     0  00:00        0.00
  WA2                  JUNCTION     0.00     0.00   101.77     0  00:00        0.00
  WA1                  JUNCTION     0.00     0.00   103.76     0  00:00        0.00
  NX8                  JUNCTION     0.00     0.00   102.49     0  00:00        0.00
  NX7                  JUNCTION     0.00     0.00   102.19     0  00:00        0.00
  NX6                  JUNCTION     0.00     0.00   102.34     0  00:00        0.00
  NX5                  JUNCTION     0.00     0.00   102.14     0  00:00        0.00
  NX4                  JUNCTION     0.00     0.00   103.93     0  00:00        0.00
  NX3                  JUNCTION     0.00     0.00   101.49     0  00:00        0.00
  NX2                  JUNCTION     0.00     0.00   101.72     0  00:00        0.00
  NP2                  JUNCTION     0.00     0.00   101.27     0  00:00        0.00
  NP1                  JUNCTION     0.00     0.00   100.95     0  00:00        0.00
  NP3                  JUNCTION     0.00     0.00   101.65     0  00:00        0.00
  NP4                  JUNCTION     0.00     0.00   101.50     0  00:00        0.00
  NP5                  JUNCTION     0.00     0.00   101.32     0  00:00        0.00
  NP6                  JUNCTION     0.00     0.00   101.51     0  00:00        0.00
  NP9                  JUNCTION     0.00     0.00   103.61     0  00:00        0.00
  NP12                 JUNCTION     0.00     0.00   101.05     0  00:00        0.00
  NP11                 JUNCTION     0.00     0.00   102.91     0  00:00        0.00
  NP17                 JUNCTION     0.00     0.00   101.09     0  00:00        0.00
  NP13                 JUNCTION     0.00     0.00   100.84     0  00:00        0.00
  NP19                 JUNCTION     0.00     0.00   105.29     0  00:00        0.00
  NP18                 JUNCTION     0.00     0.00   102.21     0  00:00        0.00
  NP23                 JUNCTION     0.00     0.00   103.76     0  00:00        0.00
  NP21                 JUNCTION     0.00     0.00   104.83     0  00:00        0.00
  NP20                 JUNCTION     0.00     0.00   105.00     0  00:00        0.00
  NP27A                JUNCTION     0.00     0.00   104.79     0  00:00        0.00
  NP27                 JUNCTION     0.00     0.00   104.64     0  00:00        0.00
  NP26                 JUNCTION     0.00     0.00   104.59     0  00:00        0.00
  NP25                 JUNCTION     0.00     0.00   104.04     0  00:00        0.00
  NP24                 JUNCTION     0.00     0.00   103.78     0  00:00        0.00
  NH3                  JUNCTION     0.00     0.00   102.15     0  00:00        0.00
  NH2                  JUNCTION     0.00     0.00   101.44     0  00:00        0.00
  NH1                  JUNCTION     0.00     0.00   101.12     0  00:00        0.00
  NH11                 JUNCTION     0.00     0.00   104.92     0  00:00        0.00
  NH10                 JUNCTION     0.00     0.00   102.23     0  00:00        0.00
  NH7                  JUNCTION     0.00     0.00   102.20     0  00:00        0.00
  NH6                  JUNCTION     0.00     0.00   101.03     0  00:00        0.00
  NE1                  JUNCTION     0.00     0.00   100.98     0  00:00        0.00
  VA1                  JUNCTION     0.00     0.00   101.62     0  00:00        0.00
  VB1                  JUNCTION     0.00     0.00   101.52     0  00:00        0.00
  NHA11                JUNCTION     0.00     0.00   105.02     0  00:00        0.00
  JT7                  JUNCTION     0.00     0.00   104.65     0  00:00        0.00
  JT4                  JUNCTION     0.00     0.00   104.23     0  00:00        0.00
  JT3A                 JUNCTION     0.00     0.00   104.21     0  00:00        0.00
  JT2                  JUNCTION     0.00     0.00   102.52     0  00:00        0.00
  JT1A                 JUNCTION     0.00     0.00   102.73     0  00:00        0.00
  JT1                  JUNCTION     0.00     0.00   102.47     0  00:00        0.00
  JT11                 JUNCTION     0.00     0.00   104.28     0  00:00        0.00
  JT10                 JUNCTION     0.00     0.00   104.38     0  00:00        0.00
  JT9                  JUNCTION     0.00     0.00   104.58     0  00:00        0.00
  JT8                  JUNCTION     0.00     0.00   104.56     0  00:00        0.00
  KB2                  JUNCTION     0.00     0.00   104.04     0  00:00        0.00
  KB1A                 JUNCTION     0.00     0.00   104.18     0  00:00        0.00
  KB1B                 JUNCTION     0.00     0.00   104.16     0  00:00        0.00
  KB4                  JUNCTION     0.00     0.00   104.30     0  00:00        0.00
  KB3                  JUNCTION     0.00     0.00   103.97     0  00:00        0.00
  KB2A                 JUNCTION     0.00     0.00   103.90     0  00:00        0.00
  KB9A                 JUNCTION     0.00     0.00   105.24     0  00:00        0.00
  KB9                  JUNCTION     0.00     0.00   105.08     0  00:00        0.00
  KB7                  JUNCTION     0.00     0.00   104.43     0  00:00        0.00
  KB6                  JUNCTION     0.00     0.00   104.00     0  00:00        0.00
  JT16                 JUNCTION     0.00     0.00   105.71     0  00:00        0.00
  JT15                 JUNCTION     0.00     0.00   105.55     0  00:00        0.00
  JT14                 JUNCTION     0.00     0.00   105.13     0  00:00        0.00
  JT13                 JUNCTION     0.00     0.00   105.03     0  00:00        0.00
  JT12                 JUNCTION     0.00     0.00   104.81     0  00:00        0.00
  KL1                  JUNCTION     0.00     0.00   104.09     0  00:00        0.00
  KI1                  JUNCTION     0.00     0.00   103.86     0  00:00        0.00
  KI3                  JUNCTION     0.00     0.00   103.88     0  00:00        0.00
  KI2                  JUNCTION     0.00     0.00   103.89     0  00:00        0.00
  KI5                  JUNCTION     0.00     0.00   103.92     0  00:00        0.00
  KI4                  JUNCTION     0.00     0.00   103.95     0  00:00        0.00
  KI12                 JUNCTION     0.00     0.00   104.80     0  00:00        0.00
  KI9                  JUNCTION     0.00     0.00   104.66     0  00:00        0.00
  KI15                 JUNCTION     0.00     0.00   105.12     0  00:00        0.00
  KI14                 JUNCTION     0.00     0.00   105.11     0  00:00        0.00
  KI16                 JUNCTION     0.00     0.00   104.97     0  00:00        0.00
  KB13                 JUNCTION     0.00     0.00   104.62     0  00:00        0.00
  KB12                 JUNCTION     0.00     0.00   104.55     0  00:00        0.00
  KB11                 JUNCTION     0.00     0.00   104.97     0  00:00        0.00
  KB10                 JUNCTION     0.00     0.00   105.30     0  00:00        0.00
  KB18                 JUNCTION     0.00     0.00   104.68     0  00:00        0.00
  KB17                 JUNCTION     0.00     0.00   104.31     0  00:00        0.00
  KB16                 JUNCTION     0.00     0.00   104.16     0  00:00        0.00
  KB15                 JUNCTION     0.00     0.00   104.05     0  00:00        0.00
  JU4                  JUNCTION     0.00     0.00   104.55     0  00:00        0.00
  JU3                  JUNCTION     0.00     0.00   104.26     0  00:00        0.00
  JU2                  JUNCTION     0.00     0.00   104.32     0  00:00        0.00
  JU1                  JUNCTION     0.00     0.00   104.33     0  00:00        0.00
  JU6                  JUNCTION     0.00     0.00   104.10     0  00:00        0.00
  JU5                  JUNCTION     0.00     0.00   104.25     0  00:00        0.00
  CJ1                  JUNCTION    30.34    60.68   162.07     1  00:00       60.68
  CJ3                  JUNCTION     0.00     0.00   102.17     0  00:00        0.00
  CJ2                  JUNCTION     0.00     0.00   101.44     0  00:00        0.00
  CJ7                  JUNCTION     0.00     0.00   102.46     0  00:00        0.00
  CJ5                  JUNCTION     0.00     0.00   102.35     0  00:00        0.00
  CJ4A                 JUNCTION     0.00     0.00   101.97     0  00:00        0.00
  CJ12                 JUNCTION     0.00     0.00   101.57     0  00:00        0.00
  CJ11A                JUNCTION     0.00     0.00   101.60     0  00:00        0.00
  CJ10                 JUNCTION     0.00     0.00   101.95     0  00:00        0.00
  CJ15                 JUNCTION     0.00     0.00   102.19     0  00:00        0.00
  CJ13                 JUNCTION     0.00     0.00   101.77     0  00:00        0.00
  CJ21                 JUNCTION     0.00     0.00   103.64     0  00:00        0.00
  CJ20A                JUNCTION     0.00     0.00   103.35     0  00:00        0.00
  CJ18A                JUNCTION     0.00     0.00   103.11     0  00:00        0.00
  CL2                  JUNCTION     0.00     0.00   101.31     0  00:00        0.00
  CL1                  JUNCTION     0.00     0.00   101.44     0  00:00        0.00
  CS1                  JUNCTION     0.00     0.00   101.26     0  00:00        0.00
  CA2                  JUNCTION     0.00     0.00   101.27     0  00:00        0.00
  CA1                  JUNCTION    30.34    60.68   162.01     1  00:00       60.68
  CA5                  JUNCTION     0.00     0.00   101.03     0  00:00        0.00
  CA4                  JUNCTION     0.00     0.00   101.21     0  00:00        0.00
  CA3                  JUNCTION     0.00     0.00   101.21     0  00:00        0.00
  CA6                  JUNCTION     0.00     0.00   101.09     0  00:00        0.00
  CF2                  JUNCTION     0.00     0.00   100.95     0  00:00        0.00
  CF1                  JUNCTION     0.00     0.00   100.95     0  00:00        0.00
  CF8                  JUNCTION     0.00     0.00   101.12     0  00:00        0.00
  CF7                  JUNCTION     0.00     0.00   101.37     0  00:00        0.00
  CF6                  JUNCTION     0.00     0.00   101.38     0  00:00        0.00
  CF5                  JUNCTION     0.00     0.00   100.95     0  00:00        0.00
  CF4                  JUNCTION     0.00     0.00   100.99     0  00:00        0.00
  AT1                  JUNCTION    30.34    60.68   161.59     1  00:00       60.68
  AT2                  JUNCTION     0.00     0.00   101.31     0  00:00        0.00
  CX1                  JUNCTION     0.00     0.00   101.97     0  00:00        0.00
  FU1                  JUNCTION     0.00     0.00   104.66     0  00:00        0.00
  FU2                  JUNCTION     0.00     0.00   104.76     0  00:00        0.00
  FU1A                 JUNCTION     0.00     0.00   104.68     0  00:00        0.00
  FU5                  JUNCTION     0.00     0.00   104.93     0  00:00        0.00
  FU4                  JUNCTION     0.00     0.00   104.94     0  00:00        0.00
  FU3                  JUNCTION     0.00     0.00   104.60     0  00:00        0.00
  FU11                 JUNCTION     0.00     0.00   104.91     0  00:00        0.00
  FU10                 JUNCTION     0.00     0.00   105.01     0  00:00        0.00
  FU8                  JUNCTION     0.00     0.00   104.62     0  00:00        0.00
  FU6                  JUNCTION     0.00     0.00   104.95     0  00:00        0.00
  CX2                  JUNCTION     0.00     0.00   102.01     0  00:00        0.00
  CX4                  JUNCTION     0.00     0.00   102.05     0  00:00        0.00
  CX7                  JUNCTION     0.00     0.00   103.12     0  00:00        0.00
  CX6                  JUNCTION     0.00     0.00   102.84     0  00:00        0.00
  CX5                  JUNCTION     0.00     0.00   102.15     0  00:00        0.00
  CX10                 JUNCTION     0.00     0.00   104.29     0  00:00        0.00
  CX9                  JUNCTION     0.00     0.00   102.50     0  00:00        0.00
  CX8                  JUNCTION     0.00     0.00   102.82     0  00:00        0.00
  CY3                  JUNCTION     0.00     0.00   101.85     0  00:00        0.00
  CY1                  JUNCTION     0.00     0.00   102.08     0  00:00        0.00
  GK1                  JUNCTION     0.00     0.00   104.57     0  00:00        0.00
  GK1A                 JUNCTION     0.00     0.00   104.48     0  00:00        0.00
  FW2                  JUNCTION     0.00     0.00   104.57     0  00:00        0.00
  FW1                  JUNCTION     0.00     0.00   104.60     0  00:00        0.00
  FV1                  JUNCTION     0.00     0.00   104.75     0  00:00        0.00
  FW5                  JUNCTION     0.00     0.00   104.69     0  00:00        0.00
  FW4                  JUNCTION     0.00     0.00   104.68     0  00:00        0.00
  FW3                  JUNCTION     0.00     0.00   104.56     0  00:00        0.00
  FV4                  JUNCTION     0.00     0.00   104.31     0  00:00        0.00
  FV3                  JUNCTION     0.00     0.00   104.29     0  00:00        0.00
  FV7                  JUNCTION     0.00     0.00   104.83     0  00:00        0.00
  FV5                  JUNCTION     0.00     0.00   104.51     0  00:00        0.00
  FV9                  JUNCTION     0.00     0.00   104.14     0  00:00        0.00
  FV8                  JUNCTION     0.00     0.00   104.69     0  00:00        0.00
  EJ1                  JUNCTION     0.00     0.00   100.93     0  00:00        0.00
  EJ5                  JUNCTION     0.00     0.00   100.94     0  00:00        0.00
  EJ2                  JUNCTION     0.00     0.00   100.92     0  00:00        0.00
  EJ10                 JUNCTION     0.00     0.00   104.34     0  00:00        0.00
  EJ9                  JUNCTION     0.00     0.00   102.98     0  00:00        0.00
  EJ8                  JUNCTION     0.00     0.00   102.60     0  00:00        0.00
  EJ7                  JUNCTION     0.00     0.00   101.43     0  00:00        0.00
  EJ6                  JUNCTION     0.00     0.00   101.03     0  00:00        0.00
  EY2                  JUNCTION     0.00     0.00   101.47     0  00:00        0.00
  EY1                  JUNCTION     0.00     0.00   101.04     0  00:00        0.00
  EY5                  JUNCTION     0.00     0.00   103.13     0  00:00        0.00
  FA4                  JUNCTION     0.00     0.00   101.18     0  00:00        0.00
  FA2                  JUNCTION     0.00     0.00   101.18     0  00:00        0.00
  FA1                  JUNCTION     0.00     0.00   100.90     0  00:00        0.00
  FA8                  JUNCTION     0.00     0.00   103.84     0  00:00        0.00
  FA7                  JUNCTION     0.00     0.00   103.92     0  00:00        0.00
  FA6                  JUNCTION     0.00     0.00   103.96     0  00:00        0.00
  HJ4                  JUNCTION     0.00     0.00   104.27     0  00:00        0.00
  HJ2                  JUNCTION     0.00     0.00   104.29     0  00:00        0.00
  HJ1                  JUNCTION     0.00     0.00   104.44     0  00:00        0.00
  GX1                  JUNCTION     0.00     0.00   104.26     0  00:00        0.00
  GW2                  JUNCTION     0.00     0.00   104.62     0  00:00        0.00
  GW1                  JUNCTION     0.00     0.00   104.86     0  00:00        0.00
  GX2                  JUNCTION     0.00     0.00   104.39     0  00:00        0.00
  GX5                  JUNCTION     0.00     0.00   104.78     0  00:00        0.00
  GX3A                 JUNCTION     0.00     0.00   104.37     0  00:00        0.00
  GX10                 JUNCTION     0.00     0.00   104.92     0  00:00        0.00
  GX8                  JUNCTION     0.00     0.00   105.26     0  00:00        0.00
  GX7                  JUNCTION     0.00     0.00   105.08     0  00:00        0.00
  GX6                  JUNCTION     0.00     0.00   104.89     0  00:00        0.00
  MR1                  JUNCTION     0.00     0.00   103.78     0  00:00        0.00
  MR1A                 JUNCTION     0.00     0.00   103.59     0  00:00        0.00
  HU2                  JUNCTION     0.00     0.00   103.65     0  00:00        0.00
  HU1                  JUNCTION     0.00     0.00   103.62     0  00:00        0.00
  HT1                  JUNCTION     0.00     0.00   104.29     0  00:00        0.00
  JH1                  JUNCTION     0.00     0.00   102.75     0  00:00        0.00
  HU6                  JUNCTION     0.00     0.00   103.21     0  00:00        0.00
  HU5                  JUNCTION     0.00     0.00   103.04     0  00:00        0.00
  HU4                  JUNCTION     0.00     0.00   103.30     0  00:00        0.00
  HU3                  JUNCTION     0.00     0.00   103.56     0  00:00        0.00
  JH1A                 JUNCTION     0.00     0.00   103.09     0  00:00        0.00
  JH5                  JUNCTION     0.00     0.00   103.09     0  00:00        0.00
  JH2                  JUNCTION     0.00     0.00   102.61     0  00:00        0.00
  HV5                  JUNCTION     0.00     0.00   103.85     0  00:00        0.00
  HV4                  JUNCTION     0.00     0.00   103.59     0  00:00        0.00
  HV3                  JUNCTION     0.00     0.00   103.45     0  00:00        0.00
  HV1                  JUNCTION     0.00     0.00   103.76     0  00:00        0.00
  HV10                 JUNCTION     0.00     0.00   104.83     0  00:00        0.00
  HV8                  JUNCTION     0.00     0.00   104.76     0  00:00        0.00
  HV6                  JUNCTION     0.00     0.00   103.75     0  00:00        0.00
  HV13                 JUNCTION     0.00     0.00   105.21     0  00:00        0.00
  HV12                 JUNCTION     0.00     0.00   105.00     0  00:00        0.00
  HX6                  JUNCTION     0.00     0.00   103.34     0  00:00        0.00
  HX5                  JUNCTION     0.00     0.00   103.91     0  00:00        0.00
  HX3                  JUNCTION     0.00     0.00   104.18     0  00:00        0.00
  HX1                  JUNCTION     0.00     0.00   103.99     0  00:00        0.00
  IG2A                 JUNCTION     0.00     0.00   103.86     0  00:00        0.00
  IG2                  JUNCTION     0.00     0.00   103.99     0  00:00        0.00
  IG1                  JUNCTION     0.00     0.00   103.82     0  00:00        0.00
  IG6                  JUNCTION     0.00     0.00   102.51     0  00:00        0.00
  IG4                  JUNCTION     0.00     0.00   103.09     0  00:00        0.00
  IG3                  JUNCTION     0.00     0.00   103.33     0  00:00        0.00
  IG8                  JUNCTION     0.00     0.00   102.31     0  00:00        0.00
  IG7                  JUNCTION     0.00     0.00   102.52     0  00:00        0.00
  IG12                 JUNCTION     0.00     0.00   103.34     0  00:00        0.00
  IG11                 JUNCTION     0.00     0.00   102.93     0  00:00        0.00
  IG10                 JUNCTION     0.00     0.00   102.47     0  00:00        0.00
  IG16                 JUNCTION     0.00     0.00   103.15     0  00:00        0.00
  IG15                 JUNCTION     0.00     0.00   103.40     0  00:00        0.00
  IG14                 JUNCTION     0.00     0.00   103.16     0  00:00        0.00
  IG13                 JUNCTION     0.00     0.00   103.12     0  00:00        0.00
  HT4                  JUNCTION     0.00     0.00   103.45     0  00:00        0.00
  HT3                  JUNCTION     0.00     0.00   104.32     0  00:00        0.00
  HT2                  JUNCTION     0.00     0.00   104.30     0  00:00        0.00
  LA1                  JUNCTION     0.00     0.00   102.11     0  00:00        0.00
  LA2                  JUNCTION     0.00     0.00   102.11     0  00:00        0.00
  LA6                  JUNCTION     0.00     0.00   101.77     0  00:00        0.00
  LA5                  JUNCTION     0.00     0.00   101.81     0  00:00        0.00
  LA3                  JUNCTION     0.00     0.00   101.90     0  00:00        0.00
  LD1                  JUNCTION     0.00     0.00   100.96     0  00:00        0.00
  LA8                  JUNCTION     0.00     0.00   101.14     0  00:00        0.00
  LD4                  JUNCTION     0.00     0.00   101.46     0  00:00        0.00
  LD6                  JUNCTION     0.00     0.00   102.09     0  00:00        0.00
  LD5                  JUNCTION     0.00     0.00   101.84     0  00:00        0.00
  LD8                  JUNCTION     0.00     0.00   110.26     0  00:00        0.00
  LD7                  JUNCTION     0.00     0.00   108.97     0  00:00        0.00
  MO1                  JUNCTION     0.00     0.00   115.15     0  00:00        0.00
  LD10                 JUNCTION     0.00     0.00   114.58     0  00:00        0.00
  KZ3                  JUNCTION     0.00     0.00   103.00     0  00:00        0.00
  KZ1                  JUNCTION     0.00     0.00   103.31     0  00:00        0.00
  KZ4                  JUNCTION     0.00     0.00   103.39     0  00:00        0.00
  KZ7                  JUNCTION     0.00     0.00   104.12     0  00:00        0.00
  KZ6                  JUNCTION     0.00     0.00   104.67     0  00:00        0.00
  KZ5                  JUNCTION     0.00     0.00   104.22     0  00:00        0.00
  KZ10                 JUNCTION     0.00     0.00   104.01     0  00:00        0.00
  KZ9                  JUNCTION     0.00     0.00   104.57     0  00:00        0.00
  KZ8                  JUNCTION     0.00     0.00   103.94     0  00:00        0.00
  KZ13                 JUNCTION     0.00     0.00   104.54     0  00:00        0.00
  KZ12                 JUNCTION     0.00     0.00   104.28     0  00:00        0.00
  KZ11                 JUNCTION     0.00     0.00   104.05     0  00:00        0.00
  KZ15                 JUNCTION     0.00     0.00   105.20     0  00:00        0.00
  LT3                  JUNCTION     0.00     0.00   103.77     0  00:00        0.00
  LT2                  JUNCTION     0.00     0.00   104.09     0  00:00        0.00
  OR1                  JUNCTION     0.00     0.00   104.02     0  00:00        0.00
  OR5                  JUNCTION     0.00     0.00   101.83     0  00:00        0.00
  OR4                  JUNCTION     0.00     0.00   101.17     0  00:00        0.00
  OR3                  JUNCTION     0.00     0.00   101.46     0  00:00        0.00
  OR8                  JUNCTION     0.00     0.00   107.84     0  00:00        0.00
  OR6                  JUNCTION     0.00     0.00   106.43     0  00:00        0.00
  OU3                  JUNCTION     0.00     0.00   110.33     0  00:00        0.00
  OU1                  JUNCTION     0.00     0.00   111.02     0  00:00        0.00
  OR9                  JUNCTION     0.00     0.00   111.25     0  00:00        0.00
  OU7                  JUNCTION     0.00     0.00   113.42     0  00:00        0.00
  OU6                  JUNCTION     0.00     0.00   113.71     0  00:00        0.00
  OU5                  JUNCTION     0.00     0.00   111.59     0  00:00        0.00
  OU8                  JUNCTION     0.00     0.00   114.47     0  00:00        0.00
  OC5                  JUNCTION     0.00     0.00   103.44     0  00:00        0.00
  OC4                  JUNCTION     0.00     0.00   103.95     0  00:00        0.00
  OC1                  JUNCTION     0.00     0.00   103.61     0  00:00        0.00
  AG1                  JUNCTION     0.00     0.00   101.48     0  00:00        0.00
  FB2                  JUNCTION     0.00     0.00   101.06     0  00:00        0.00
  FB1                  JUNCTION     0.00     0.00   101.05     0  00:00        0.00
  Node_804             JUNCTION     0.00     0.00   101.68     0  00:00        0.00
  Node_10011003        JUNCTION     0.00     0.00   101.52     0  00:00        0.00
  HW_806               JUNCTION     0.00     0.00   101.52     0  00:00        0.00
  HW_07                JUNCTION     0.00     0.00   101.32     0  00:00        0.00
  Node_1005994         JUNCTION     0.00     0.00   101.22     0  00:00        0.00
  HW_810               JUNCTION     0.00     0.00   101.34     0  00:00        0.00
  HW_12                JUNCTION     0.00     0.00   101.06     0  00:00        0.00
  Node_1009997         JUNCTION     0.00     0.00   100.72     0  00:00        0.00
  HW_815               JUNCTION     0.00     0.00   102.08     0  00:00        0.00
  Node_816             JUNCTION     0.00     0.00   101.48     0  00:00        0.00
  Node_10141008        JUNCTION     0.00     0.00   101.34     0  00:00        0.00
  HW_819               JUNCTION     0.00     0.00   102.74     0  00:00        0.00
  Node_820             JUNCTION     0.00     0.00   102.53     0  00:00        0.00
  Node_10181013        JUNCTION     0.00     0.00   102.08     0  00:00        0.00
  Node_823             JUNCTION     0.00     0.00    96.77     0  00:00        0.00
  Node_10211022        JUNCTION     0.00     0.00    96.73     0  00:00        0.00
  HW_RM-WW5            JUNCTION     0.00     0.00    94.50     0  00:00        0.00
  Node_1022894         JUNCTION     0.00     0.00   102.56     0  00:00        0.00
  Node_827             JUNCTION     0.00     0.00    99.35     0  00:00        0.00
  Node_10251026        JUNCTION     0.00     0.00    98.83     0  00:00        0.00
  Node_828             JUNCTION     0.00     0.00    98.83     0  00:00        0.00
  Node_10261021        JUNCTION     0.00     0.00    96.77     0  00:00        0.00
  Node_831             JUNCTION     0.00     0.00   101.58     0  00:00        0.00
  Node_10291030        JUNCTION     0.00     0.00   101.39     0  00:00        0.00
  Node_833             JUNCTION     0.00     0.00   101.39     0  00:00        0.00
  Node_10301032        JUNCTION     0.00     0.00   101.18     0  00:00        0.00
  Node_835             JUNCTION     0.00     0.00   101.18     0  00:00        0.00
  Node_10321034        JUNCTION     0.00     0.00   100.64     0  00:00        0.00
  HW_837               JUNCTION     0.00     0.00    99.75     0  00:00        0.00
  HW_838               JUNCTION     0.00     0.00    99.45     0  00:00        0.00
  Node_841             JUNCTION     0.00     0.00    97.02     0  00:00        0.00
  Node_10391040        JUNCTION     0.00     0.00    96.85     0  00:00        0.00
  HW_842               JUNCTION     0.00     0.00    96.85     0  00:00        0.00
  HW_844               JUNCTION     0.00     0.00    99.64     0  00:00        0.00
  HW_847               JUNCTION     0.00     0.00    99.80     0  00:00        0.00
  Node_849             JUNCTION     0.00     0.00    99.43     0  00:00        0.00
  Node_10461048        JUNCTION     0.00     0.00    99.28     0  00:00        0.00
  HW_850               JUNCTION     0.00     0.00    99.28     0  00:00        0.00
  Node_853             JUNCTION     0.00     0.00   101.18     0  00:00        0.00
  Node_10511052        JUNCTION     0.00     0.00   101.09     0  00:00        0.00
  HW_855               JUNCTION     0.00     0.00   101.09     0  00:00        0.00
  HW_856               JUNCTION     0.00     0.00   100.87     0  00:00        0.00
  Node_859             JUNCTION     0.00     0.00   101.17     0  00:00        0.00
  Node_10571058        JUNCTION     0.00     0.00   100.43     0  00:00        0.00
  HW_861               JUNCTION     0.00     0.00   100.43     0  00:00        0.00
  Node_863             JUNCTION     0.00     0.00   100.29     0  00:00        0.00
  Node_10601062        JUNCTION     0.00     0.00    99.95     0  00:00        0.00
  Node_865             JUNCTION     0.00     0.00    99.94     0  00:00        0.00
  Node_10621064        JUNCTION     0.00     0.00    99.90     0  00:00        0.00
  HW_868               JUNCTION     0.00     0.00   101.16     0  00:00        0.00
  Node_870             JUNCTION     0.00     0.00   100.72     0  00:00        0.00
  Node_10671069        JUNCTION     0.00     0.00   100.35     0  00:00        0.00
  Node_871             JUNCTION     0.00     0.00   100.03     0  00:00        0.00
  Node_10691062        JUNCTION     0.00     0.00    99.94     0  00:00        0.00
  Node_874             JUNCTION     0.00     0.00   100.90     0  00:00        0.00
  Node_10721073        JUNCTION     0.00     0.00   100.57     0  00:00        0.00
  HW_875               JUNCTION     0.00     0.00   100.51     0  00:00        0.00
  HW_878               JUNCTION     0.00     0.00   102.14     0  00:00        0.00
  Node_880             JUNCTION     0.00     0.00   101.62     0  00:00        0.00
  Node_10771079        JUNCTION     0.00     0.00   101.34     0  00:00        0.00
  Node_882             JUNCTION     0.00     0.00   101.34     0  00:00        0.00
  Node_10791081        JUNCTION     0.00     0.00   101.08     0  00:00        0.00
  Node_883             JUNCTION     0.00     0.00   101.08     0  00:00        0.00
  Node_10811072        JUNCTION     0.00     0.00   100.90     0  00:00        0.00
  Node_84              JUNCTION     0.00     0.00    97.56     0  00:00        0.00
  Node_1064837         JUNCTION     0.00     0.00   104.24     0  00:00        0.00
  Node_887             JUNCTION     0.00     0.00    99.91     0  00:00        0.00
  Node_10851086        JUNCTION     0.00     0.00    99.75     0  00:00        0.00
  HW_889               JUNCTION     0.00     0.00    99.75     0  00:00        0.00
  Node_892             JUNCTION     0.00     0.00    98.71     0  00:00        0.00
  Node_10901091        JUNCTION     0.00     0.00    98.71     0  00:00        0.00
  HW_894               JUNCTION     0.00     0.00    98.57     0  00:00        0.00
  HW_896               JUNCTION     0.00     0.00    98.09     0  00:00        0.00
  HW_899               JUNCTION     0.00     0.00   100.46     0  00:00        0.00
  Node_901             JUNCTION     0.00     0.00   100.24     0  00:00        0.00
  Node_10981100        JUNCTION     0.00     0.00    99.90     0  00:00        0.00
  Node_903             JUNCTION     0.00     0.00    99.90     0  00:00        0.00
  Node_11001102        JUNCTION     0.00     0.00    99.64     0  00:00        0.00
  Node_905             JUNCTION     0.00     0.00    99.14     0  00:00        0.00
  Node_11021104        JUNCTION     0.00     0.00    98.85     0  00:00        0.00
  HW_906               JUNCTION     0.00     0.00    98.85     0  00:00        0.00
  Node_909             JUNCTION     0.00     0.00   102.47     0  00:00        0.00
  Node_11071108        JUNCTION     0.00     0.00   101.09     0  00:00        0.00
  HW_911               JUNCTION     0.00     0.00   101.09     0  00:00        0.00
  Node_912             JUNCTION     0.00     0.00   100.55     0  00:00        0.00
  Node_11101097        JUNCTION     0.00     0.00   100.46     0  00:00        0.00
  HW_RM-WW9            JUNCTION     0.00     0.00    98.50     0  00:00        0.00
  HW_RM-WW8            JUNCTION     0.00     0.00    95.80     0  00:00        0.00
  Node_1095844         JUNCTION     0.00     0.00   102.25     0  00:00        0.00
  Node_917             JUNCTION     0.00     0.00    99.69     0  00:00        0.00
  Node_11151116        JUNCTION     0.00     0.00    99.58     0  00:00        0.00
  HW_919               JUNCTION     0.00     0.00    99.58     0  00:00        0.00
  Node_921             JUNCTION     0.00     0.00    99.35     0  00:00        0.00
  Node_11181120        JUNCTION     0.00     0.00    98.80     0  00:00        0.00
  HW_922               JUNCTION     0.00     0.00    98.80     0  00:00        0.00
  HW_925               JUNCTION     0.00     0.00   101.42     0  00:00        0.00
  HW_927               JUNCTION     0.00     0.00   100.67     0  00:00        0.00
  Node_928             JUNCTION     0.00     0.00   100.22     0  00:00        0.00
  Node_11261115        JUNCTION     0.00     0.00    99.69     0  00:00        0.00
  HW_931               JUNCTION     0.00     0.00   102.84     0  00:00        0.00
  Node_932             JUNCTION     0.00     0.00   102.37     0  00:00        0.00
  Node_11301123        JUNCTION     0.00     0.00   101.42     0  00:00        0.00
  HW_935               JUNCTION     0.00     0.00   100.86     0  00:00        0.00
  Node_937             JUNCTION     0.00     0.00   100.59     0  00:00        0.00
  Node_11341136        JUNCTION     0.00     0.00   100.13     0  00:00        0.00
  Node_939             JUNCTION     0.00     0.00   100.13     0  00:00        0.00
  Node_11361138        JUNCTION     0.00     0.00    99.97     0  00:00        0.00
  HW_940               JUNCTION     0.00     0.00    99.97     0  00:00        0.00
  Node_943             JUNCTION     0.00     0.00    99.49     0  00:00        0.00
  Node_11411142        JUNCTION     0.00     0.00    99.47     0  00:00        0.00
  Node_945             JUNCTION     0.00     0.00    99.47     0  00:00        0.00
  Node_11421144        JUNCTION     0.00     0.00    99.39     0  00:00        0.00
  HW_946               JUNCTION     0.00     0.00    99.39     0  00:00        0.00
  HW_949               JUNCTION     0.00     0.00    99.82     0  00:00        0.00
  Node_951             JUNCTION     0.00     0.00    99.60     0  00:00        0.00
  Node_11481150        JUNCTION     0.00     0.00    99.56     0  00:00        0.00
  Node_952             JUNCTION     0.00     0.00    99.56     0  00:00        0.00
  Node_11501141        JUNCTION     0.00     0.00    99.49     0  00:00        0.00
  Node_956             JUNCTION     0.00     0.00   100.01     0  00:00        0.00
  Node_11541155        JUNCTION     0.00     0.00    99.86     0  00:00        0.00
  HW_957               JUNCTION     0.00     0.00    99.86     0  00:00        0.00
  Node_960             JUNCTION     0.00     0.00   100.40     0  00:00        0.00
  Node_11581159        JUNCTION     0.00     0.00   100.27     0  00:00        0.00
  HW_962               JUNCTION     0.00     0.00   100.27     0  00:00        0.00
  Node_963             JUNCTION     0.00     0.00   100.21     0  00:00        0.00
  Node_11611154        JUNCTION     0.00     0.00   100.01     0  00:00        0.00
  HW_966               JUNCTION     0.00     0.00   100.82     0  00:00        0.00
  Node_968             JUNCTION     0.00     0.00   100.69     0  00:00        0.00
  Node_11651167        JUNCTION     0.00     0.00   100.56     0  00:00        0.00
  Node_970             JUNCTION     0.00     0.00   100.56     0  00:00        0.00
  Node_11671169        JUNCTION     0.00     0.00   100.48     0  00:00        0.00
  HW_971               JUNCTION     0.00     0.00   100.48     0  00:00        0.00
  HW_974               JUNCTION     0.00     0.00    99.04     0  00:00        0.00
  HW_976               JUNCTION     0.00     0.00    98.62     0  00:00        0.00
  Node_977             JUNCTION     0.00     0.00    98.31     0  00:00        0.00
  Node_11751093        JUNCTION     0.00     0.00    98.28     0  00:00        0.00
  HW_980               JUNCTION     0.00     0.00    97.06     0  00:00        0.00
  HW_982               JUNCTION     0.00     0.00    97.10     0  00:00        0.00
  HW_RM-WW10           JUNCTION     0.00     0.00    94.50     0  00:00        0.00
  Node_11791164        JUNCTION     0.00     0.00   100.82     0  00:00        0.00
  HW_987               JUNCTION     0.00     0.00    98.04     0  00:00        0.00
  Node_989             JUNCTION     0.00     0.00    97.85     0  00:00        0.00
  Node_11861188        JUNCTION     0.00     0.00    97.28     0  00:00        0.00
  HW_990               JUNCTION     0.00     0.00    97.28     0  00:00        0.00
  Node_993             JUNCTION     0.00     0.00    98.68     0  00:00        0.00
  Node_11911192        JUNCTION     0.00     0.00    98.36     0  00:00        0.00
  HW_994               JUNCTION     0.00     0.00    98.34     0  00:00        0.00
  Node_996             JUNCTION     0.00     0.00    99.28     0  00:00        0.00
  Node_11951191        JUNCTION     0.00     0.00    98.68     0  00:00        0.00
  Node_999             JUNCTION     0.00     0.00   100.52     0  00:00        0.00
  Node_11971198        JUNCTION     0.00     0.00    99.41     0  00:00        0.00
  Node_1000            JUNCTION     0.00     0.00    99.41     0  00:00        0.00
  Node_11981195        JUNCTION     0.00     0.00    99.28     0  00:00        0.00
  HW_1003              JUNCTION     0.00     0.00   108.74     0  00:00        0.00
  Node_1004            JUNCTION     0.00     0.00   106.09     0  00:00        0.00
  Node_12021197        JUNCTION     0.00     0.00   100.52     0  00:00        0.00
  Node_1007            JUNCTION     0.00     0.00   113.67     0  00:00        0.00
  Node_12051206        JUNCTION     0.00     0.00   113.64     0  00:00        0.00
  HW_1008              JUNCTION     0.00     0.00   113.34     0  00:00        0.00
  Node_1011            JUNCTION     0.00     0.00    98.10     0  00:00        0.00
  Node_12091210        JUNCTION     0.00     0.00    97.73     0  00:00        0.00
  Node_1012            JUNCTION     0.00     0.00    97.27     0  00:00        0.00
  Node_12101181        JUNCTION     0.00     0.00    97.10     0  00:00        0.00
  HW_1014              JUNCTION     0.00     0.00    98.33     0  00:00        0.00
  HW_1017              JUNCTION     0.00     0.00    98.97     0  00:00        0.00
  Node_1019            JUNCTION     0.00     0.00    98.83     0  00:00        0.00
  Node_12161218        JUNCTION     0.00     0.00    98.61     0  00:00        0.00
  Node_1020            JUNCTION     0.00     0.00    98.61     0  00:00        0.00
  Node_12181213        JUNCTION     0.00     0.00    98.33     0  00:00        0.00
  Node_1023            JUNCTION     0.00     0.00    99.59     0  00:00        0.00
  Node_12211222        JUNCTION     0.00     0.00    99.49     0  00:00        0.00
  HW_1025              JUNCTION     0.00     0.00    99.49     0  00:00        0.00
  HW_1026              JUNCTION     0.00     0.00    99.08     0  00:00        0.00
  HW_1029              JUNCTION     0.00     0.00   100.37     0  00:00        0.00
  Node_1031            JUNCTION     0.00     0.00   100.14     0  00:00        0.00
  Node_12281230        JUNCTION     0.00     0.00    99.95     0  00:00        0.00
  HW_1032              JUNCTION     0.00     0.00    99.95     0  00:00        0.00
  HW_1034              JUNCTION     0.00     0.00   101.05     0  00:00        0.00
  Node_1037            JUNCTION     0.00     0.00   100.58     0  00:00        0.00
  Node_12351236        JUNCTION     0.00     0.00   100.44     0  00:00        0.00
  Node_1038            JUNCTION     0.00     0.00   100.44     0  00:00        0.00
  Node_12361221        JUNCTION     0.00     0.00    99.63     0  00:00        0.00
  Node_1041            JUNCTION     0.00     0.00    99.92     0  00:00        0.00
  Node_12391240        JUNCTION     0.00     0.00    99.88     0  00:00        0.00
  HW_RM-WW14B          JUNCTION     0.00     0.00    98.61     0  00:00        0.00
  Node_12401205        JUNCTION     0.00     0.00   113.67     0  00:00        0.00
  HW_1045              JUNCTION     0.00     0.00   100.49     0  00:00        0.00
  Node_1047            JUNCTION     0.00     0.00   100.38     0  00:00        0.00
  Node_12441246        JUNCTION     0.00     0.00   100.22     0  00:00        0.00
  HW_1048              JUNCTION     0.00     0.00   100.22     0  00:00        0.00
  HW_1051              JUNCTION     0.00     0.00   106.93     0  00:00        0.00
  HW_1052              JUNCTION     0.00     0.00   104.29     0  00:00        0.00
  Node_1055            JUNCTION     0.00     0.00   108.80     0  00:00        0.00
  Node_12531254        JUNCTION     0.00     0.00   108.56     0  00:00        0.00
  HW_1057              JUNCTION     0.00     0.00   108.56     0  00:00        0.00
  HW_1058              JUNCTION     0.00     0.00   108.45     0  00:00        0.00
  Node_1061            JUNCTION     0.00     0.00   112.29     0  00:00        0.00
  Node_12591260        JUNCTION     0.00     0.00   112.06     0  00:00        0.00
  Node_1063            JUNCTION     0.00     0.00   112.06     0  00:00        0.00
  Node_12601262        JUNCTION     0.00     0.00   110.38     0  00:00        0.00
  HW_1064              JUNCTION     0.00     0.00   110.38     0  00:00        0.00
  HW_1066              JUNCTION     0.00     0.00   113.48     0  00:00        0.00
  Node_1071            JUNCTION     0.00     0.00   100.13     0  00:00        0.00
  Node_12681270        JUNCTION     0.00     0.00    99.84     0  00:00        0.00
  HW_1073              JUNCTION     0.00     0.00    99.84     0  00:00        0.00
  Node_1074            JUNCTION     0.00     0.00    97.50     0  00:00        0.00
  Node_12721265        JUNCTION     0.00     0.00   113.48     0  00:00        0.00
  Node_76              JUNCTION     0.00     0.00    97.08     0  00:00        0.00
  Node_1275940         JUNCTION     0.00     0.00    96.96     0  00:00        0.00
  HW_1079              JUNCTION     0.00     0.00    97.55     0  00:00        0.00
  Node_1080            JUNCTION     0.00     0.00    97.38     0  00:00        0.00
  Node_12781039        JUNCTION     0.00     0.00    97.05     0  00:00        0.00
  HW_1081              JUNCTION     0.00     0.00   100.40     0  00:00        0.00
  CM                   OUTFALL      0.00     0.00   120.00     0  00:00        0.00
  WB3                  STORAGE      1.80     1.80   102.80     0  00:00        1.80
  WB2                  STORAGE      1.60     1.60   102.95     0  00:00        1.60
  WB1                  STORAGE      1.60     1.60   102.60     0  00:00        1.60
  WW13C                STORAGE      1.80     1.80   103.09     0  00:00        1.80
  WW13B                STORAGE      1.60     1.60   102.83     0  00:00        1.60
  WW13A                STORAGE      1.60     1.60   103.75     0  00:00        1.60
  KB19                 STORAGE      0.00     0.00   105.65     0  00:00        0.00
  JU7                  STORAGE      0.00     0.00   104.50     0  00:00        0.00
  WW3                  STORAGE      2.63     2.63   104.10     0  00:00        2.63
  CJ22                 STORAGE      0.00     0.00   103.67     0  00:00        0.00
  WW3A                 STORAGE      1.60     1.60   102.99     0  00:00        1.60
  CF9                  STORAGE      0.00     0.00   101.27     0  00:00        0.00
  WW2                  STORAGE      1.70     1.70   102.72     0  00:00        1.70
  WW1                  STORAGE      1.45     1.45   102.97     0  00:00        1.45
  WW4                  STORAGE      1.70     1.70   103.75     0  00:00        1.70
  WW6                  STORAGE      2.70     2.70   107.44     0  00:00        2.70
  WW5                  STORAGE      1.60     1.60   102.74     0  00:00        1.60
  WW7                  STORAGE      1.60     1.60   106.31     0  00:00        1.60
  WW9                  STORAGE      1.23     1.23   104.89     0  00:00        1.23
  WW8                  STORAGE      2.31     2.31   106.60     0  00:00        2.31
  WW10                 STORAGE      2.61     2.61   104.67     0  00:00        2.61
  WW14B                STORAGE      1.18     1.18   105.84     0  00:00        1.18
  WW14A                STORAGE      2.08     2.08   104.23     0  00:00        2.08
  
  
  *******************
  Node Inflow Summary
  *******************
  
  -------------------------------------------------------------------------------------------------
                                  Maximum  Maximum                  Lateral       Total        Flow
                                  Lateral    Total  Time of Max      Inflow      Inflow     Balance
                                   Inflow   Inflow   Occurrence      Volume      Volume       Error
  Node                 Type           CMS      CMS  days hr:min    10^6 ltr    10^6 ltr     Percent
  -------------------------------------------------------------------------------------------------
  ZA1                  JUNCTION     0.000    0.000     0  00:00           0           0       0.000 ltr
  VC16                 JUNCTION     0.000    0.000     0  00:00           0           0       0.000 ltr
  VC15                 JUNCTION     0.000    0.000     0  00:00           0           0       0.000 ltr
  VC14                 JUNCTION     0.000    0.000     0  00:00           0           0       0.000 ltr
  VC13                 JUNCTION     0.000    0.000     0  00:00           0           0       0.000 ltr
  VC12                 JUNCTION     0.000    0.000     0  00:00           0           0       0.000 ltr
  VC11                 JUNCTION     0.000    0.000     0  00:00           0           0       0.000 ltr
  VC8                  JUNCTION     0.000    0.000     0  00:00           0           0       0.000 ltr
  VC6                  JUNCTION     0.000    0.000     0  00:00           0           0       0.000 ltr
  VC5                  JUNCTION     0.000    0.000     0  00:00           0           0       0.000 ltr
  VC4                  JUNCTION     0.000    0.000     0  00:00           0           0       0.000 ltr
  VC3                  JUNCTION     0.000    0.000     0  00:00           0           0       0.000 ltr
  VC2                  JUNCTION     0.000    0.000     0  00:00           0           0       0.000 ltr
  VC1                  JUNCTION     0.000    0.000     0  00:00           0           0       0.000 ltr
  VA2                  JUNCTION     0.000    0.000     0  00:00           0           0       0.000 ltr
  WG9                  JUNCTION     0.000    0.000     0  00:00           0           0       0.000 ltr
  WG6                  JUNCTION     0.000    0.000     0  00:00           0           0       0.000 ltr
  WG5                  JUNCTION     0.000    0.000     0  00:00           0           0       0.000 ltr
  WG4                  JUNCTION     0.000    0.000     0  00:00           0           0       0.000 ltr
  WG3                  JUNCTION     0.000    0.000     0  00:00           0           0       0.000 ltr
  WG1                  JUNCTION     0.000    0.000     0  00:00           0           0       0.000 ltr
  WF1                  JUNCTION     0.000    0.000     0  00:00           0           0       0.000 ltr
  WA39A                JUNCTION     0.000    0.000     0  00:00           0           0       0.000 ltr
  WA39                 JUNCTION     0.000    0.000     0  00:00           0           0       0.000 ltr
  WA38                 JUNCTION     0.000    0.000     0  00:00           0           0       0.000 ltr
  WA37                 JUNCTION     0.000    0.000     0  00:00           0           0       0.000 ltr
  WA36                 JUNCTION     0.000    0.000     0  00:00           0           0       0.000 ltr
  WA33                 JUNCTION     0.000    0.000     0  00:00           0           0       0.000 ltr
  WA32                 JUNCTION     0.000    0.000     0  00:00           0           0       0.000 ltr
  WA31                 JUNCTION     0.000    0.000     0  00:00           0           0       0.000 ltr
  WA30                 JUNCTION     0.000    0.000     0  00:00           0           0       0.000 ltr
  WA29                 JUNCTION     0.000    0.000     0  00:00           0           0       0.000 ltr
  WA27                 JUNCTION     0.000    0.000     0  00:00           0           0       0.000 ltr
  WA26                 JUNCTION     0.000    0.000     0  00:00           0           0       0.000 ltr
  WA24                 JUNCTION     0.000    0.000     0  00:00           0           0       0.000 ltr
  WA23                 JUNCTION     0.000    0.000     0  00:00           0           0       0.000 ltr
  WA22                 JUNCTION     0.000    0.000     0  00:00           0           0       0.000 ltr
  WA20                 JUNCTION     0.000    0.000     0  00:00           0           0       0.000 ltr
  WA19                 JUNCTION     0.000    0.000     0  00:00           0           0       0.000 ltr
  WA18                 JUNCTION     0.000    0.000     0  00:00           0           0       0.000 ltr
  WA15                 JUNCTION     0.000    0.000     0  00:00           0           0       0.000 ltr
  WA14                 JUNCTION     0.000    0.000     0  00:00           0           0       0.000 ltr
  WA13                 JUNCTION     0.000    0.000     0  00:00           0           0       0.000 ltr
  WA12                 JUNCTION     0.000    0.000     0  00:00           0           0       0.000 ltr
  WA11                 JUNCTION     0.000    0.000     0  00:00           0           0       0.000 ltr
  WA10                 JUNCTION     0.000    0.000     0  00:00           0           0       0.000 ltr
  WA9                  JUNCTION     0.000    0.000     0  00:00           0           0       0.000 ltr
  WA8                  JUNCTION     0.000    0.000     0  00:00           0           0       0.000 ltr
  WA7                  JUNCTION     0.000    0.000     0  00:00           0           0       0.000 ltr
  WA6                  JUNCTION     0.000    0.000     0  00:00           0           0       0.000 ltr
  WA5                  JUNCTION     0.000    0.000     0  00:00           0           0       0.000 ltr
  WA4                  JUNCTION     0.000    0.000     0  00:00           0           0       0.000 ltr
  WA3                  JUNCTION     0.000    0.000     0  00:00           0           0       0.000 ltr
  WA2                  JUNCTION     0.000    0.000     0  00:00           0           0       0.000 ltr
  WA1                  JUNCTION     0.000    0.000     0  00:00           0           0       0.000 ltr
  NX8                  JUNCTION     0.000    0.000     0  00:00           0           0       0.000 ltr
  NX7                  JUNCTION     0.000    0.000     0  00:00           0           0       0.000 ltr
  NX6                  JUNCTION     0.000    0.000     0  00:00           0           0       0.000 ltr
  NX5                  JUNCTION     0.000    0.000     0  00:00           0           0       0.000 ltr
  NX4                  JUNCTION     0.000    0.000     0  00:00           0           0       0.000 ltr
  NX3                  JUNCTION     0.000    0.000     0  00:00           0           0       0.000 ltr
  NX2                  JUNCTION     0.000    0.000     0  00:00           0           0       0.000 ltr
  NP2                  JUNCTION     0.000    0.000     0  00:00           0           0       0.000 ltr
  NP1                  JUNCTION     0.000    0.000     0  00:00           0           0       0.000 ltr
  NP3                  JUNCTION     0.000    0.000     0  00:00           0           0       0.000 ltr
  NP4                  JUNCTION     0.000    0.000     0  00:00           0           0       0.000 ltr
  NP5                  JUNCTION     0.000    0.000     0  00:00           0           0       0.000 ltr
  NP6                  JUNCTION     0.000    0.000     0  00:00           0           0       0.000 ltr
  NP9                  JUNCTION     0.000    0.000     0  00:00           0           0       0.000 ltr
  NP12                 JUNCTION     0.000    0.000     0  00:00           0           0       0.000 ltr
  NP11                 JUNCTION     0.000    0.000     0  00:00           0           0       0.000 ltr
  NP17                 JUNCTION     0.000    0.000     0  00:00           0           0       0.000 ltr
  NP13                 JUNCTION     0.000    0.000     0  00:00           0           0       0.000 ltr
  NP19                 JUNCTION     0.000    0.000     0  00:00           0           0       0.000 ltr
  NP18                 JUNCTION     0.000    0.000     0  00:00           0           0       0.000 ltr
  NP23                 JUNCTION     0.000    0.000     0  00:00           0           0       0.000 ltr
  NP21                 JUNCTION     0.000    0.000     0  00:00           0           0       0.000 ltr
  NP20                 JUNCTION     0.000    0.000     0  00:00           0           0       0.000 ltr
  NP27A                JUNCTION     0.000    0.000     0  00:00           0           0       0.000 ltr
  NP27                 JUNCTION     0.000    0.000     0  00:00           0           0       0.000 ltr
  NP26                 JUNCTION     0.000    0.000     0  00:00           0           0       0.000 ltr
  NP25                 JUNCTION     0.000    0.000     0  00:00           0           0       0.000 ltr
  NP24                 JUNCTION     0.000    0.000     0  00:00           0           0       0.000 ltr
  NH3                  JUNCTION     0.000    0.000     0  00:00           0           0       0.000 ltr
  NH2                  JUNCTION     0.000    0.000     0  00:00           0           0       0.000 ltr
  NH1                  JUNCTION     0.000    0.000     0  00:00           0           0       0.000 ltr
  NH11                 JUNCTION     0.000    0.000     0  00:00           0           0       0.000 ltr
  NH10                 JUNCTION     0.000    0.000     0  00:00           0           0       0.000 ltr
  NH7                  JUNCTION     0.000    0.000     0  00:00           0           0       0.000 ltr
  NH6                  JUNCTION     0.000    0.000     0  00:00           0           0       0.000 ltr
  NE1                  JUNCTION     0.000    0.000     0  00:00           0           0       0.000 ltr
  VA1                  JUNCTION     0.000    0.000     0  00:00           0           0       0.000 ltr
  VB1                  JUNCTION     0.000    0.000     0  00:00           0           0       0.000 ltr
  NHA11                JUNCTION     0.000    0.000     0  00:00           0           0       0.000 ltr
  JT7                  JUNCTION     0.000    0.000     0  00:00           0           0       0.000 ltr
  JT4                  JUNCTION     0.000    0.000     0  00:00           0           0       0.000 ltr
  JT3A                 JUNCTION     0.000    0.000     0  00:00           0           0       0.000 ltr
  JT2                  JUNCTION     0.000    0.000     0  00:00           0           0       0.000 ltr
  JT1A                 JUNCTION     0.000    0.000     0  00:00           0           0       0.000 ltr
  JT1                  JUNCTION     0.000    0.000     0  00:00           0           0       0.000 ltr
  JT11                 JUNCTION     0.000    0.000     0  00:00           0           0       0.000 ltr
  JT10                 JUNCTION     0.000    0.000     0  00:00           0           0       0.000 ltr
  JT9                  JUNCTION     0.000    0.000     0  00:00           0           0       0.000 ltr
  JT8                  JUNCTION     0.000    0.000     0  00:00           0           0       0.000 ltr
  KB2                  JUNCTION     0.000    0.000     0  00:00           0           0       0.000 ltr
  KB1A                 JUNCTION     0.000    0.000     0  00:00           0           0       0.000 ltr
  KB1B                 JUNCTION     0.000    0.000     0  00:00           0           0       0.000 ltr
  KB4                  JUNCTION     0.000    0.000     0  00:00           0           0       0.000 ltr
  KB3                  JUNCTION     0.000    0.000     0  00:00           0           0       0.000 ltr
  KB2A                 JUNCTION     0.000    0.000     0  00:00           0           0       0.000 ltr
  KB9A                 JUNCTION     0.000    0.000     0  00:00           0           0       0.000 ltr
  KB9                  JUNCTION     0.000    0.000     0  00:00           0           0       0.000 ltr
  KB7                  JUNCTION     0.000    0.000     0  00:00           0           0       0.000 ltr
  KB6                  JUNCTION     0.000    0.000     0  00:00           0           0       0.000 ltr
  JT16                 JUNCTION     0.000    0.000     0  00:00           0           0       0.000 ltr
  JT15                 JUNCTION     0.000    0.000     0  00:00           0           0       0.000 ltr
  JT14                 JUNCTION     0.000    0.000     0  00:00           0           0       0.000 ltr
  JT13                 JUNCTION     0.000    0.000     0  00:00           0           0       0.000 ltr
  JT12                 JUNCTION     0.000    0.000     0  00:00           0           0       0.000 ltr
  KL1                  JUNCTION     0.000    0.000     0  00:00           0           0       0.000 ltr
  KI1                  JUNCTION     0.000    0.000     0  00:00           0           0       0.000 ltr
  KI3                  JUNCTION     0.000    0.000     0  00:00           0           0       0.000 ltr
  KI2                  JUNCTION     0.000    0.000     0  00:00           0           0       0.000 ltr
  KI5                  JUNCTION     0.000    0.000     0  00:00           0           0       0.000 ltr
  KI4                  JUNCTION     0.000    0.000     0  00:00           0           0       0.000 ltr
  KI12                 JUNCTION     0.000    0.000     0  00:00           0           0       0.000 ltr
  KI9                  JUNCTION     0.000    0.000     0  00:00           0           0       0.000 ltr
  KI15                 JUNCTION     0.000    0.000     0  00:00           0           0       0.000 ltr
  KI14                 JUNCTION     0.000    0.000     0  00:00           0           0       0.000 ltr
  KI16                 JUNCTION     0.000    0.000     0  00:00           0           0       0.000 ltr
  KB13                 JUNCTION     0.000    0.000     0  00:00           0           0       0.000 ltr
  KB12                 JUNCTION     0.000    0.000     0  00:00           0           0       0.000 ltr
  KB11                 JUNCTION     0.000    0.000     0  00:00           0           0       0.000 ltr
  KB10                 JUNCTION     0.000    0.000     0  00:00           0           0       0.000 ltr
  KB18                 JUNCTION     0.000    0.000     0  00:00           0           0       0.000 ltr
  KB17                 JUNCTION     0.000    0.000     0  00:00           0           0       0.000 ltr
  KB16                 JUNCTION     0.000    0.000     0  00:00           0           0       0.000 ltr
  KB15                 JUNCTION     0.000    0.000     0  00:00           0           0       0.000 ltr
  JU4                  JUNCTION     0.000    0.000     0  00:00           0           0       0.000 ltr
  JU3                  JUNCTION     0.000    0.000     0  00:00           0           0       0.000 ltr
  JU2                  JUNCTION     0.000    0.000     0  00:00           0           0       0.000 ltr
  JU1                  JUNCTION     0.000    0.000     0  00:00           0           0       0.000 ltr
  JU6                  JUNCTION     0.000    0.000     0  00:00           0           0       0.000 ltr
  JU5                  JUNCTION     0.000    0.000     0  00:00           0           0       0.000 ltr
  CJ1                  JUNCTION     0.001    0.001     0  00:00      0.0708      0.0708   70840.290 ltr
  CJ3                  JUNCTION     0.000    0.000     0  00:00           0           0       0.000 ltr
  CJ2                  JUNCTION     0.000    0.000     0  00:00           0           0       0.000 ltr
  CJ7                  JUNCTION     0.000    0.000     0  00:00           0           0       0.000 ltr
  CJ5                  JUNCTION     0.000    0.000     0  00:00           0           0       0.000 ltr
  CJ4A                 JUNCTION     0.000    0.000     0  00:00           0           0       0.000 ltr
  CJ12                 JUNCTION     0.000    0.000     0  00:00           0           0       0.000 ltr
  CJ11A                JUNCTION     0.000    0.000     0  00:00           0           0       0.000 ltr
  CJ10                 JUNCTION     0.000    0.000     0  00:00           0           0       0.000 ltr
  CJ15                 JUNCTION     0.000    0.000     0  00:00           0           0       0.000 ltr
  CJ13                 JUNCTION     0.000    0.000     0  00:00           0           0       0.000 ltr
  CJ21                 JUNCTION     0.000    0.000     0  00:00           0           0       0.000 ltr
  CJ20A                JUNCTION     0.000    0.000     0  00:00           0           0       0.000 ltr
  CJ18A                JUNCTION     0.000    0.000     0  00:00           0           0       0.000 ltr
  CL2                  JUNCTION     0.000    0.000     0  00:00           0           0       0.000 ltr
  CL1                  JUNCTION     0.000    0.000     0  00:00           0           0       0.000 ltr
  CS1                  JUNCTION     0.000    0.000     0  00:00           0           0       0.000 ltr
  CA2                  JUNCTION     0.000    0.000     0  00:00           0           0       0.000 ltr
  CA1                  JUNCTION     0.001    0.001     0  00:00      0.0708      0.0708   70840.290 ltr
  CA5                  JUNCTION     0.000    0.000     0  00:00           0           0       0.000 ltr
  CA4                  JUNCTION     0.000    0.000     0  00:00           0           0       0.000 ltr
  CA3                  JUNCTION     0.000    0.000     0  00:00           0           0       0.000 ltr
  CA6                  JUNCTION     0.000    0.000     0  00:00           0           0       0.000 ltr
  CF2                  JUNCTION     0.000    0.000     0  00:00           0           0       0.000 ltr
  CF1                  JUNCTION     0.000    0.000     0  00:00           0           0       0.000 ltr
  CF8                  JUNCTION     0.000    0.000     0  00:00           0           0       0.000 ltr
  CF7                  JUNCTION     0.000    0.000     0  00:00           0           0       0.000 ltr
  CF6                  JUNCTION     0.000    0.000     0  00:00           0           0       0.000 ltr
  CF5                  JUNCTION     0.000    0.000     0  00:00           0           0       0.000 ltr
  CF4                  JUNCTION     0.000    0.000     0  00:00           0           0       0.000 ltr
  AT1                  JUNCTION     0.001    0.001     0  00:00      0.0708      0.0708   70840.290 ltr
  AT2                  JUNCTION     0.000    0.000     0  00:00           0           0       0.000 ltr
  CX1                  JUNCTION     0.000    0.000     0  00:00           0           0       0.000 ltr
  FU1                  JUNCTION     0.000    0.000     0  00:00           0           0       0.000 ltr
  FU2                  JUNCTION     0.000    0.000     0  00:00           0           0       0.000 ltr
  FU1A                 JUNCTION     0.000    0.000     0  00:00           0           0       0.000 ltr
  FU5                  JUNCTION     0.000    0.000     0  00:00           0           0       0.000 ltr
  FU4                  JUNCTION     0.000    0.000     0  00:00           0           0       0.000 ltr
  FU3                  JUNCTION     0.000    0.000     0  00:00           0           0       0.000 ltr
  FU11                 JUNCTION     0.000    0.000     0  00:00           0           0       0.000 ltr
  FU10                 JUNCTION     0.000    0.000     0  00:00           0           0       0.000 ltr
  FU8                  JUNCTION     0.000    0.000     0  00:00           0           0       0.000 ltr
  FU6                  JUNCTION     0.000    0.000     0  00:00           0           0       0.000 ltr
  CX2                  JUNCTION     0.000    0.000     0  00:00           0           0       0.000 ltr
  CX4                  JUNCTION     0.000    0.000     0  00:00           0           0       0.000 ltr
  CX7                  JUNCTION     0.000    0.000     0  00:00           0           0       0.000 ltr
  CX6                  JUNCTION     0.000    0.000     0  00:00           0           0       0.000 ltr
  CX5                  JUNCTION     0.000    0.000     0  00:00           0           0       0.000 ltr
  CX10                 JUNCTION     0.000    0.000     0  00:00           0           0       0.000 ltr
  CX9                  JUNCTION     0.000    0.000     0  00:00           0           0       0.000 ltr
  CX8                  JUNCTION     0.000    0.000     0  00:00           0           0       0.000 ltr
  CY3                  JUNCTION     0.000    0.000     0  00:00           0           0       0.000 ltr
  CY1                  JUNCTION     0.000    0.000     0  00:00           0           0       0.000 ltr
  GK1                  JUNCTION     0.000    0.000     0  00:00           0           0       0.000 ltr
  GK1A                 JUNCTION     0.000    0.000     0  00:00           0           0       0.000 ltr
  FW2                  JUNCTION     0.000    0.000     0  00:00           0           0       0.000 ltr
  FW1                  JUNCTION     0.000    0.000     0  00:00           0           0       0.000 ltr
  FV1                  JUNCTION     0.000    0.000     0  00:00           0           0       0.000 ltr
  FW5                  JUNCTION     0.000    0.000     0  00:00           0           0       0.000 ltr
  FW4                  JUNCTION     0.000    0.000     0  00:00           0           0       0.000 ltr
  FW3                  JUNCTION     0.000    0.000     0  00:00           0           0       0.000 ltr
  FV4                  JUNCTION     0.000    0.000     0  00:00           0           0       0.000 ltr
  FV3                  JUNCTION     0.000    0.000     0  00:00           0           0       0.000 ltr
  FV7                  JUNCTION     0.000    0.000     0  00:00           0           0       0.000 ltr
  FV5                  JUNCTION     0.000    0.000     0  00:00           0           0       0.000 ltr
  FV9                  JUNCTION     0.000    0.000     0  00:00           0           0       0.000 ltr
  FV8                  JUNCTION     0.000    0.000     0  00:00           0           0       0.000 ltr
  EJ1                  JUNCTION     0.000    0.000     0  00:00           0           0       0.000 ltr
  EJ5                  JUNCTION     0.000    0.000     0  00:00           0           0       0.000 ltr
  EJ2                  JUNCTION     0.000    0.000     0  00:00           0           0       0.000 ltr
  EJ10                 JUNCTION     0.000    0.000     0  00:00           0           0       0.000 ltr
  EJ9                  JUNCTION     0.000    0.000     0  00:00           0           0       0.000 ltr
  EJ8                  JUNCTION     0.000    0.000     0  00:00           0           0       0.000 ltr
  EJ7                  JUNCTION     0.000    0.000     0  00:00           0           0       0.000 ltr
  EJ6                  JUNCTION     0.000    0.000     0  00:00           0           0       0.000 ltr
  EY2                  JUNCTION     0.000    0.000     0  00:00           0           0       0.000 ltr
  EY1                  JUNCTION     0.000    0.000     0  00:00           0           0       0.000 ltr
  EY5                  JUNCTION     0.000    0.000     0  00:00           0           0       0.000 ltr
  FA4                  JUNCTION     0.000    0.000     0  00:00           0           0       0.000 ltr
  FA2                  JUNCTION     0.000    0.000     0  00:00           0           0       0.000 ltr
  FA1                  JUNCTION     0.000    0.000     0  00:00           0           0       0.000 ltr
  FA8                  JUNCTION     0.000    0.000     0  00:00           0           0       0.000 ltr
  FA7                  JUNCTION     0.000    0.000     0  00:00           0           0       0.000 ltr
  FA6                  JUNCTION     0.000    0.000     0  00:00           0           0       0.000 ltr
  HJ4                  JUNCTION     0.000    0.000     0  00:00           0           0       0.000 ltr
  HJ2                  JUNCTION     0.000    0.000     0  00:00           0           0       0.000 ltr
  HJ1                  JUNCTION     0.000    0.000     0  00:00           0           0       0.000 ltr
  GX1                  JUNCTION     0.000    0.000     0  00:00           0           0       0.000 ltr
  GW2                  JUNCTION     0.000    0.000     0  00:00           0           0       0.000 ltr
  GW1                  JUNCTION     0.000    0.000     0  00:00           0           0       0.000 ltr
  GX2                  JUNCTION     0.000    0.000     0  00:00           0           0       0.000 ltr
  GX5                  JUNCTION     0.000    0.000     0  00:00           0           0       0.000 ltr
  GX3A                 JUNCTION     0.000    0.000     0  00:00           0           0       0.000 ltr
  GX10                 JUNCTION     0.000    0.000     0  00:00           0           0       0.000 ltr
  GX8                  JUNCTION     0.000    0.000     0  00:00           0           0       0.000 ltr
  GX7                  JUNCTION     0.000    0.000     0  00:00           0           0       0.000 ltr
  GX6                  JUNCTION     0.000    0.000     0  00:00           0           0       0.000 ltr
  MR1                  JUNCTION     0.000    0.000     0  00:00           0           0       0.000 ltr
  MR1A                 JUNCTION     0.000    0.000     0  00:00           0           0       0.000 ltr
  HU2                  JUNCTION     0.000    0.000     0  00:00           0           0       0.000 ltr
  HU1                  JUNCTION     0.000    0.000     0  00:00           0           0       0.000 ltr
  HT1                  JUNCTION     0.000    0.000     0  00:00           0           0       0.000 ltr
  JH1                  JUNCTION     0.000    0.000     0  00:00           0           0       0.000 ltr
  HU6                  JUNCTION     0.000    0.000     0  00:00           0           0       0.000 ltr
  HU5                  JUNCTION     0.000    0.000     0  00:00           0           0       0.000 ltr
  HU4                  JUNCTION     0.000    0.000     0  00:00           0           0       0.000 ltr
  HU3                  JUNCTION     0.000    0.000     0  00:00           0           0       0.000 ltr
  JH1A                 JUNCTION     0.000    0.000     0  00:00           0           0       0.000 ltr
  JH5                  JUNCTION     0.000    0.000     0  00:00           0           0       0.000 ltr
  JH2                  JUNCTION     0.000    0.000     0  00:00           0           0       0.000 ltr
  HV5                  JUNCTION     0.000    0.000     0  00:00           0           0       0.000 ltr
  HV4                  JUNCTION     0.000    0.000     0  00:00           0           0       0.000 ltr
  HV3                  JUNCTION     0.000    0.000     0  00:00           0           0       0.000 ltr
  HV1                  JUNCTION     0.000    0.000     0  00:00           0           0       0.000 ltr
  HV10                 JUNCTION     0.000    0.000     0  00:00           0           0       0.000 ltr
  HV8                  JUNCTION     0.000    0.000     0  00:00           0           0       0.000 ltr
  HV6                  JUNCTION     0.000    0.000     0  00:00           0           0       0.000 ltr
  HV13                 JUNCTION     0.000    0.000     0  00:00           0           0       0.000 ltr
  HV12                 JUNCTION     0.000    0.000     0  00:00           0           0       0.000 ltr
  HX6                  JUNCTION     0.000    0.000     0  00:00           0           0       0.000 ltr
  HX5                  JUNCTION     0.000    0.000     0  00:00           0           0       0.000 ltr
  HX3                  JUNCTION     0.000    0.000     0  00:00           0           0       0.000 ltr
  HX1                  JUNCTION     0.000    0.000     0  00:00           0           0       0.000 ltr
  IG2A                 JUNCTION     0.000    0.000     0  00:00           0           0       0.000 ltr
  IG2                  JUNCTION     0.000    0.000     0  00:00           0           0       0.000 ltr
  IG1                  JUNCTION     0.000    0.000     0  00:00           0           0       0.000 ltr
  IG6                  JUNCTION     0.000    0.000     0  00:00           0           0       0.000 ltr
  IG4                  JUNCTION     0.000    0.000     0  00:00           0           0       0.000 ltr
  IG3                  JUNCTION     0.000    0.000     0  00:00           0           0       0.000 ltr
  IG8                  JUNCTION     0.000    0.000     0  00:00           0           0       0.000 ltr
  IG7                  JUNCTION     0.000    0.000     0  00:00           0           0       0.000 ltr
  IG12                 JUNCTION     0.000    0.000     0  00:00           0           0       0.000 ltr
  IG11                 JUNCTION     0.000    0.000     0  00:00           0           0       0.000 ltr
  IG10                 JUNCTION     0.000    0.000     0  00:00           0           0       0.000 ltr
  IG16                 JUNCTION     0.000    0.000     0  00:00           0           0       0.000 ltr
  IG15                 JUNCTION     0.000    0.000     0  00:00           0           0       0.000 ltr
  IG14                 JUNCTION     0.000    0.000     0  00:00           0           0       0.000 ltr
  IG13                 JUNCTION     0.000    0.000     0  00:00           0           0       0.000 ltr
  HT4                  JUNCTION     0.000    0.000     0  00:00           0           0       0.000 ltr
  HT3                  JUNCTION     0.000    0.000     0  00:00           0           0       0.000 ltr
  HT2                  JUNCTION     0.000    0.000     0  00:00           0           0       0.000 ltr
  LA1                  JUNCTION     0.000    0.000     0  00:00           0           0       0.000 ltr
  LA2                  JUNCTION     0.000    0.000     0  00:00           0           0       0.000 ltr
  LA6                  JUNCTION     0.000    0.000     0  00:00           0           0       0.000 ltr
  LA5                  JUNCTION     0.000    0.000     0  00:00           0           0       0.000 ltr
  LA3                  JUNCTION     0.000    0.000     0  00:00           0           0       0.000 ltr
  LD1                  JUNCTION     0.000    0.000     0  00:00           0           0       0.000 ltr
  LA8                  JUNCTION     0.000    0.000     0  00:00           0           0       0.000 ltr
  LD4                  JUNCTION     0.000    0.000     0  00:00           0           0       0.000 ltr
  LD6                  JUNCTION     0.000    0.000     0  00:00           0           0       0.000 ltr
  LD5                  JUNCTION     0.000    0.000     0  00:00           0           0       0.000 ltr
  LD8                  JUNCTION     0.000    0.000     0  00:00           0           0       0.000 ltr
  LD7                  JUNCTION     0.000    0.000     0  00:00           0           0       0.000 ltr
  MO1                  JUNCTION     0.000    0.000     0  00:00           0           0       0.000 ltr
  LD10                 JUNCTION     0.000    0.000     0  00:00           0           0       0.000 ltr
  KZ3                  JUNCTION     0.000    0.000     0  00:00           0           0       0.000 ltr
  KZ1                  JUNCTION     0.000    0.000     0  00:00           0           0       0.000 ltr
  KZ4                  JUNCTION     0.000    0.000     0  00:00           0           0       0.000 ltr
  KZ7                  JUNCTION     0.000    0.000     0  00:00           0           0       0.000 ltr
  KZ6                  JUNCTION     0.000    0.000     0  00:00           0           0       0.000 ltr
  KZ5                  JUNCTION     0.000    0.000     0  00:00           0           0       0.000 ltr
  KZ10                 JUNCTION     0.000    0.000     0  00:00           0           0       0.000 ltr
  KZ9                  JUNCTION     0.000    0.000     0  00:00           0           0       0.000 ltr
  KZ8                  JUNCTION     0.000    0.000     0  00:00           0           0       0.000 ltr
  KZ13                 JUNCTION     0.000    0.000     0  00:00           0           0       0.000 ltr
  KZ12                 JUNCTION     0.000    0.000     0  00:00           0           0       0.000 ltr
  KZ11                 JUNCTION     0.000    0.000     0  00:00           0           0       0.000 ltr
  KZ15                 JUNCTION     0.000    0.000     0  00:00           0           0       0.000 ltr
  LT3                  JUNCTION     0.000    0.000     0  00:00           0           0       0.000 ltr
  LT2                  JUNCTION     0.000    0.000     0  00:00           0           0       0.000 ltr
  OR1                  JUNCTION     0.000    0.000     0  00:00           0           0       0.000 ltr
  OR5                  JUNCTION     0.000    0.000     0  00:00           0           0       0.000 ltr
  OR4                  JUNCTION     0.000    0.000     0  00:00           0           0       0.000 ltr
  OR3                  JUNCTION     0.000    0.000     0  00:00           0           0       0.000 ltr
  OR8                  JUNCTION     0.000    0.000     0  00:00           0           0       0.000 ltr
  OR6                  JUNCTION     0.000    0.000     0  00:00           0           0       0.000 ltr
  OU3                  JUNCTION     0.000    0.000     0  00:00           0           0       0.000 ltr
  OU1                  JUNCTION     0.000    0.000     0  00:00           0           0       0.000 ltr
  OR9                  JUNCTION     0.000    0.000     0  00:00           0           0       0.000 ltr
  OU7                  JUNCTION     0.000    0.000     0  00:00           0           0       0.000 ltr
  OU6                  JUNCTION     0.000    0.000     0  00:00           0           0       0.000 ltr
  OU5                  JUNCTION     0.000    0.000     0  00:00           0           0       0.000 ltr
  OU8                  JUNCTION     0.000    0.000     0  00:00           0           0       0.000 ltr
  OC5                  JUNCTION     0.000    0.000     0  00:00           0           0       0.000 ltr
  OC4                  JUNCTION     0.000    0.000     0  00:00           0           0       0.000 ltr
  OC1                  JUNCTION     0.000    0.000     0  00:00           0           0       0.000 ltr
  AG1                  JUNCTION     0.000    0.000     0  00:00           0           0       0.000 ltr
  FB2                  JUNCTION     0.000    0.000     0  00:00           0           0       0.000 ltr
  FB1                  JUNCTION     0.000    0.000     0  00:00           0           0       0.000 ltr
  Node_804             JUNCTION     0.000    0.000     0  00:00           0           0       0.000 ltr
  Node_10011003        JUNCTION     0.000    0.000     0  00:00           0           0       0.000 ltr
  HW_806               JUNCTION     0.000    0.000     0  00:00           0           0       0.000 ltr
  HW_07                JUNCTION     0.000    0.000     0  00:00           0           0       0.000 ltr
  Node_1005994         JUNCTION     0.000    0.000     0  00:00           0           0       0.000 ltr
  HW_810               JUNCTION     0.000    0.000     0  00:00           0           0       0.000 ltr
  HW_12                JUNCTION     0.000    0.000     0  00:00           0           0       0.000 ltr
  Node_1009997         JUNCTION     0.000    0.000     0  00:00           0           0       0.000 ltr
  HW_815               JUNCTION     0.000    0.000     0  00:00           0           0       0.000 ltr
  Node_816             JUNCTION     0.000    0.000     0  00:00           0           0       0.000 ltr
  Node_10141008        JUNCTION     0.000    0.000     0  00:00           0           0       0.000 ltr
  HW_819               JUNCTION     0.000    0.000     0  00:00           0           0       0.000 ltr
  Node_820             JUNCTION     0.000    0.000     0  00:00           0           0       0.000 ltr
  Node_10181013        JUNCTION     0.000    0.000     0  00:00           0           0       0.000 ltr
  Node_823             JUNCTION     0.000    0.000     0  00:00           0           0       0.000 ltr
  Node_10211022        JUNCTION     0.000    0.000     0  00:00           0           0       0.000 ltr
  HW_RM-WW5            JUNCTION     0.000    0.000     0  00:00           0           0       0.000 ltr
  Node_1022894         JUNCTION     0.000    0.000     0  00:00           0           0       0.000 ltr
  Node_827             JUNCTION     0.000    0.000     0  00:00           0           0       0.000 ltr
  Node_10251026        JUNCTION     0.000    0.000     0  00:00           0           0       0.000 ltr
  Node_828             JUNCTION     0.000    0.000     0  00:00           0           0       0.000 ltr
  Node_10261021        JUNCTION     0.000    0.000     0  00:00           0           0       0.000 ltr
  Node_831             JUNCTION     0.000    0.000     0  00:00           0           0       0.000 ltr
  Node_10291030        JUNCTION     0.000    0.000     0  00:00           0           0       0.000 ltr
  Node_833             JUNCTION     0.000    0.000     0  00:00           0           0       0.000 ltr
  Node_10301032        JUNCTION     0.000    0.000     0  00:00           0           0       0.000 ltr
  Node_835             JUNCTION     0.000    0.000     0  00:00           0           0       0.000 ltr
  Node_10321034        JUNCTION     0.000    0.000     0  00:00           0           0       0.000 ltr
  HW_837               JUNCTION     0.000    0.000     0  00:00           0           0       0.000 ltr
  HW_838               JUNCTION     0.000    0.000     0  00:00           0           0       0.000 ltr
  Node_841             JUNCTION     0.000    0.000     0  00:00           0           0       0.000 ltr
  Node_10391040        JUNCTION     0.000    0.000     0  00:00           0           0       0.000 ltr
  HW_842               JUNCTION     0.000    0.000     0  00:00           0           0       0.000 ltr
  HW_844               JUNCTION     0.000    0.000     0  00:00           0           0       0.000 ltr
  HW_847               JUNCTION     0.000    0.000     0  00:00           0           0       0.000 ltr
  Node_849             JUNCTION     0.000    0.000     0  00:00           0           0       0.000 ltr
  Node_10461048        JUNCTION     0.000    0.000     0  00:00           0           0       0.000 ltr
  HW_850               JUNCTION     0.000    0.000     0  00:00           0           0       0.000 ltr
  Node_853             JUNCTION     0.000    0.000     0  00:00           0           0       0.000 ltr
  Node_10511052        JUNCTION     0.000    0.000     0  00:00           0           0       0.000 ltr
  HW_855               JUNCTION     0.000    0.000     0  00:00           0           0       0.000 ltr
  HW_856               JUNCTION     0.000    0.000     0  00:00           0           0       0.000 ltr
  Node_859             JUNCTION     0.000    0.000     0  00:00           0           0       0.000 ltr
  Node_10571058        JUNCTION     0.000    0.000     0  00:00           0           0       0.000 ltr
  HW_861               JUNCTION     0.000    0.000     0  00:00           0           0       0.000 ltr
  Node_863             JUNCTION     0.000    0.000     0  00:00           0           0       0.000 ltr
  Node_10601062        JUNCTION     0.000    0.000     0  00:00           0           0       0.000 ltr
  Node_865             JUNCTION     0.000    0.000     0  00:00           0           0       0.000 ltr
  Node_10621064        JUNCTION     0.000    0.000     0  00:00           0           0       0.000 ltr
  HW_868               JUNCTION     0.000    0.000     0  00:00           0           0       0.000 ltr
  Node_870             JUNCTION     0.000    0.000     0  00:00           0           0       0.000 ltr
  Node_10671069        JUNCTION     0.000    0.000     0  00:00           0           0       0.000 ltr
  Node_871             JUNCTION     0.000    0.000     0  00:00           0           0       0.000 ltr
  Node_10691062        JUNCTION     0.000    0.000     0  00:00           0           0       0.000 ltr
  Node_874             JUNCTION     0.000    0.000     0  00:00           0           0       0.000 ltr
  Node_10721073        JUNCTION     0.000    0.000     0  00:00           0           0       0.000 ltr
  HW_875               JUNCTION     0.000    0.000     0  00:00           0           0       0.000 ltr
  HW_878               JUNCTION     0.000    0.000     0  00:00           0           0       0.000 ltr
  Node_880             JUNCTION     0.000    0.000     0  00:00           0           0       0.000 ltr
  Node_10771079        JUNCTION     0.000    0.000     0  00:00           0           0       0.000 ltr
  Node_882             JUNCTION     0.000    0.000     0  00:00           0           0       0.000 ltr
  Node_10791081        JUNCTION     0.000    0.000     0  00:00           0           0       0.000 ltr
  Node_883             JUNCTION     0.000    0.000     0  00:00           0           0       0.000 ltr
  Node_10811072        JUNCTION     0.000    0.000     0  00:00           0           0       0.000 ltr
  Node_84              JUNCTION     0.000    0.000     0  00:00           0           0       0.000 ltr
  Node_1064837         JUNCTION     0.000    0.000     0  00:00           0           0       0.000 ltr
  Node_887             JUNCTION     0.000    0.000     0  00:00           0           0       0.000 ltr
  Node_10851086        JUNCTION     0.000    0.000     0  00:00           0           0       0.000 ltr
  HW_889               JUNCTION     0.000    0.000     0  00:00           0           0       0.000 ltr
  Node_892             JUNCTION     0.000    0.000     0  00:00           0           0       0.000 ltr
  Node_10901091        JUNCTION     0.000    0.000     0  00:00           0           0       0.000 ltr
  HW_894               JUNCTION     0.000    0.000     0  00:00           0           0       0.000 ltr
  HW_896               JUNCTION     0.000    0.000     0  00:00           0           0       0.000 ltr
  HW_899               JUNCTION     0.000    0.000     0  00:00           0           0       0.000 ltr
  Node_901             JUNCTION     0.000    0.000     0  00:00           0           0       0.000 ltr
  Node_10981100        JUNCTION     0.000    0.000     0  00:00           0           0       0.000 ltr
  Node_903             JUNCTION     0.000    0.000     0  00:00           0           0       0.000 ltr
  Node_11001102        JUNCTION     0.000    0.000     0  00:00           0           0       0.000 ltr
  Node_905             JUNCTION     0.000    0.000     0  00:00           0           0       0.000 ltr
  Node_11021104        JUNCTION     0.000    0.000     0  00:00           0           0       0.000 ltr
  HW_906               JUNCTION     0.000    0.000     0  00:00           0           0       0.000 ltr
  Node_909             JUNCTION     0.000    0.000     0  00:00           0           0       0.000 ltr
  Node_11071108        JUNCTION     0.000    0.000     0  00:00           0           0       0.000 ltr
  HW_911               JUNCTION     0.000    0.000     0  00:00           0           0       0.000 ltr
  Node_912             JUNCTION     0.000    0.000     0  00:00           0           0       0.000 ltr
  Node_11101097        JUNCTION     0.000    0.000     0  00:00           0           0       0.000 ltr
  HW_RM-WW9            JUNCTION     0.000    0.000     0  00:00           0           0       0.000 ltr
  HW_RM-WW8            JUNCTION     0.000    0.000     0  00:00           0           0       0.000 ltr
  Node_1095844         JUNCTION     0.000    0.000     0  00:00           0           0       0.000 ltr
  Node_917             JUNCTION     0.000    0.000     0  00:00           0           0       0.000 ltr
  Node_11151116        JUNCTION     0.000    0.000     0  00:00           0           0       0.000 ltr
  HW_919               JUNCTION     0.000    0.000     0  00:00           0           0       0.000 ltr
  Node_921             JUNCTION     0.000    0.000     0  00:00           0           0       0.000 ltr
  Node_11181120        JUNCTION     0.000    0.000     0  00:00           0           0       0.000 ltr
  HW_922               JUNCTION     0.000    0.000     0  00:00           0           0       0.000 ltr
  HW_925               JUNCTION     0.000    0.000     0  00:00           0           0       0.000 ltr
  HW_927               JUNCTION     0.000    0.000     0  00:00           0           0       0.000 ltr
  Node_928             JUNCTION     0.000    0.000     0  00:00           0           0       0.000 ltr
  Node_11261115        JUNCTION     0.000    0.000     0  00:00           0           0       0.000 ltr
  HW_931               JUNCTION     0.000    0.000     0  00:00           0           0       0.000 ltr
  Node_932             JUNCTION     0.000    0.000     0  00:00           0           0       0.000 ltr
  Node_11301123        JUNCTION     0.000    0.000     0  00:00           0           0       0.000 ltr
  HW_935               JUNCTION     0.000    0.000     0  00:00           0           0       0.000 ltr
  Node_937             JUNCTION     0.000    0.000     0  00:00           0           0       0.000 ltr
  Node_11341136        JUNCTION     0.000    0.000     0  00:00           0           0       0.000 ltr
  Node_939             JUNCTION     0.000    0.000     0  00:00           0           0       0.000 ltr
  Node_11361138        JUNCTION     0.000    0.000     0  00:00           0           0       0.000 ltr
  HW_940               JUNCTION     0.000    0.000     0  00:00           0           0       0.000 ltr
  Node_943             JUNCTION     0.000    0.000     0  00:00           0           0       0.000 ltr
  Node_11411142        JUNCTION     0.000    0.000     0  00:00           0           0       0.000 ltr
  Node_945             JUNCTION     0.000    0.000     0  00:00           0           0       0.000 ltr
  Node_11421144        JUNCTION     0.000    0.000     0  00:00           0           0       0.000 ltr
  HW_946               JUNCTION     0.000    0.000     0  00:00           0           0       0.000 ltr
  HW_949               JUNCTION     0.000    0.000     0  00:00           0           0       0.000 ltr
  Node_951             JUNCTION     0.000    0.000     0  00:00           0           0       0.000 ltr
  Node_11481150        JUNCTION     0.000    0.000     0  00:00           0           0       0.000 ltr
  Node_952             JUNCTION     0.000    0.000     0  00:00           0           0       0.000 ltr
  Node_11501141        JUNCTION     0.000    0.000     0  00:00           0           0       0.000 ltr
  Node_956             JUNCTION     0.000    0.000     0  00:00           0           0       0.000 ltr
  Node_11541155        JUNCTION     0.000    0.000     0  00:00           0           0       0.000 ltr
  HW_957               JUNCTION     0.000    0.000     0  00:00           0           0       0.000 ltr
  Node_960             JUNCTION     0.000    0.000     0  00:00           0           0       0.000 ltr
  Node_11581159        JUNCTION     0.000    0.000     0  00:00           0           0       0.000 ltr
  HW_962               JUNCTION     0.000    0.000     0  00:00           0           0       0.000 ltr
  Node_963             JUNCTION     0.000    0.000     0  00:00           0           0       0.000 ltr
  Node_11611154        JUNCTION     0.000    0.000     0  00:00           0           0       0.000 ltr
  HW_966               JUNCTION     0.000    0.000     0  00:00           0           0       0.000 ltr
  Node_968             JUNCTION     0.000    0.000     0  00:00           0           0       0.000 ltr
  Node_11651167        JUNCTION     0.000    0.000     0  00:00           0           0       0.000 ltr
  Node_970             JUNCTION     0.000    0.000     0  00:00           0           0       0.000 ltr
  Node_11671169        JUNCTION     0.000    0.000     0  00:00           0           0       0.000 ltr
  HW_971               JUNCTION     0.000    0.000     0  00:00           0           0       0.000 ltr
  HW_974               JUNCTION     0.000    0.000     0  00:00           0           0       0.000 ltr
  HW_976               JUNCTION     0.000    0.000     0  00:00           0           0       0.000 ltr
  Node_977             JUNCTION     0.000    0.000     0  00:00           0           0       0.000 ltr
  Node_11751093        JUNCTION     0.000    0.000     0  00:00           0           0       0.000 ltr
  HW_980               JUNCTION     0.000    0.000     0  00:00           0           0       0.000 ltr
  HW_982               JUNCTION     0.000    0.000     0  00:00           0           0       0.000 ltr
  HW_RM-WW10           JUNCTION     0.000    0.000     0  00:00           0           0       0.000 ltr
  Node_11791164        JUNCTION     0.000    0.000     0  00:00           0           0       0.000 ltr
  HW_987               JUNCTION     0.000    0.000     0  00:00           0           0       0.000 ltr
  Node_989             JUNCTION     0.000    0.000     0  00:00           0           0       0.000 ltr
  Node_11861188        JUNCTION     0.000    0.000     0  00:00           0           0       0.000 ltr
  HW_990               JUNCTION     0.000    0.000     0  00:00           0           0       0.000 ltr
  Node_993             JUNCTION     0.000    0.000     0  00:00           0           0       0.000 ltr
  Node_11911192        JUNCTION     0.000    0.000     0  00:00           0           0       0.000 ltr
  HW_994               JUNCTION     0.000    0.000     0  00:00           0           0       0.000 ltr
  Node_996             JUNCTION     0.000    0.000     0  00:00           0           0       0.000 ltr
  Node_11951191        JUNCTION     0.000    0.000     0  00:00           0           0       0.000 ltr
  Node_999             JUNCTION     0.000    0.000     0  00:00           0           0       0.000 ltr
  Node_11971198        JUNCTION     0.000    0.000     0  00:00           0           0       0.000 ltr
  Node_1000            JUNCTION     0.000    0.000     0  00:00           0           0       0.000 ltr
  Node_11981195        JUNCTION     0.000    0.000     0  00:00           0           0       0.000 ltr
  HW_1003              JUNCTION     0.000    0.000     0  00:00           0           0       0.000 ltr
  Node_1004            JUNCTION     0.000    0.000     0  00:00           0           0       0.000 ltr
  Node_12021197        JUNCTION     0.000    0.000     0  00:00           0           0       0.000 ltr
  Node_1007            JUNCTION     0.000    0.000     0  00:00           0           0       0.000 ltr
  Node_12051206        JUNCTION     0.000    0.000     0  00:00           0           0       0.000 ltr
  HW_1008              JUNCTION     0.000    0.000     0  00:00           0           0       0.000 ltr
  Node_1011            JUNCTION     0.000    0.000     0  00:00           0           0       0.000 ltr
  Node_12091210        JUNCTION     0.000    0.000     0  00:00           0           0       0.000 ltr
  Node_1012            JUNCTION     0.000    0.000     0  00:00           0           0       0.000 ltr
  Node_12101181        JUNCTION     0.000    0.000     0  00:00           0           0       0.000 ltr
  HW_1014              JUNCTION     0.000    0.000     0  00:00           0           0       0.000 ltr
  HW_1017              JUNCTION     0.000    0.000     0  00:00           0           0       0.000 ltr
  Node_1019            JUNCTION     0.000    0.000     0  00:00           0           0       0.000 ltr
  Node_12161218        JUNCTION     0.000    0.000     0  00:00           0           0       0.000 ltr
  Node_1020            JUNCTION     0.000    0.000     0  00:00           0           0       0.000 ltr
  Node_12181213        JUNCTION     0.000    0.000     0  00:00           0           0       0.000 ltr
  Node_1023            JUNCTION     0.000    0.000     0  00:00           0           0       0.000 ltr
  Node_12211222        JUNCTION     0.000    0.000     0  00:00           0           0       0.000 ltr
  HW_1025              JUNCTION     0.000    0.000     0  00:00           0           0       0.000 ltr
  HW_1026              JUNCTION     0.000    0.000     0  00:00           0           0       0.000 ltr
  HW_1029              JUNCTION     0.000    0.000     0  00:00           0           0       0.000 ltr
  Node_1031            JUNCTION     0.000    0.000     0  00:00           0           0       0.000 ltr
  Node_12281230        JUNCTION     0.000    0.000     0  00:00           0           0       0.000 ltr
  HW_1032              JUNCTION     0.000    0.000     0  00:00           0           0       0.000 ltr
  HW_1034              JUNCTION     0.000    0.000     0  00:00           0           0       0.000 ltr
  Node_1037            JUNCTION     0.000    0.000     0  00:00           0           0       0.000 ltr
  Node_12351236        JUNCTION     0.000    0.000     0  00:00           0           0       0.000 ltr
  Node_1038            JUNCTION     0.000    0.000     0  00:00           0           0       0.000 ltr
  Node_12361221        JUNCTION     0.000    0.000     0  00:00           0           0       0.000 ltr
  Node_1041            JUNCTION     0.000    0.000     0  00:00           0           0       0.000 ltr
  Node_12391240        JUNCTION     0.000    0.000     0  00:00           0           0       0.000 ltr
  HW_RM-WW14B          JUNCTION     0.000    0.000     0  00:00           0           0       0.000 ltr
  Node_12401205        JUNCTION     0.000    0.000     0  00:00           0           0       0.000 ltr
  HW_1045              JUNCTION     0.000    0.000     0  00:00           0           0       0.000 ltr
  Node_1047            JUNCTION     0.000    0.000     0  00:00           0           0       0.000 ltr
  Node_12441246        JUNCTION     0.000    0.000     0  00:00           0           0       0.000 ltr
  HW_1048              JUNCTION     0.000    0.000     0  00:00           0           0       0.000 ltr
  HW_1051              JUNCTION     0.000    0.000     0  00:00           0           0       0.000 ltr
  HW_1052              JUNCTION     0.000    0.000     0  00:00           0           0       0.000 ltr
  Node_1055            JUNCTION     0.000    0.000     0  00:00           0           0       0.000 ltr
  Node_12531254        JUNCTION     0.000    0.000     0  00:00           0           0       0.000 ltr
  HW_1057              JUNCTION     0.000    0.000     0  00:00           0           0       0.000 ltr
  HW_1058              JUNCTION     0.000    0.000     0  00:00           0           0       0.000 ltr
  Node_1061            JUNCTION     0.000    0.000     0  00:00           0           0       0.000 ltr
  Node_12591260        JUNCTION     0.000    0.000     0  00:00           0           0       0.000 ltr
  Node_1063            JUNCTION     0.000    0.000     0  00:00           0           0       0.000 ltr
  Node_12601262        JUNCTION     0.000    0.000     0  00:00           0           0       0.000 ltr
  HW_1064              JUNCTION     0.000    0.000     0  00:00           0           0       0.000 ltr
  HW_1066              JUNCTION     0.000    0.000     0  00:00           0           0       0.000 ltr
  Node_1071            JUNCTION     0.000    0.000     0  00:00           0           0       0.000 ltr
  Node_12681270        JUNCTION     0.000    0.000     0  00:00           0           0       0.000 ltr
  HW_1073              JUNCTION     0.000    0.000     0  00:00           0           0       0.000 ltr
  Node_1074            JUNCTION     0.000    0.000     0  00:00           0           0       0.000 ltr
  Node_12721265        JUNCTION     0.000    0.000     0  00:00           0           0       0.000 ltr
  Node_76              JUNCTION     0.000    0.000     0  00:00           0           0       0.000 ltr
  Node_1275940         JUNCTION     0.000    0.000     0  00:00           0           0       0.000 ltr
  HW_1079              JUNCTION     0.000    0.000     0  00:00           0           0       0.000 ltr
  Node_1080            JUNCTION     0.000    0.000     0  00:00           0           0       0.000 ltr
  Node_12781039        JUNCTION     0.000    0.000     0  00:00           0           0       0.000 ltr
  HW_1081              JUNCTION     0.000    0.000     0  00:00           0           0       0.000 ltr
  CM                   OUTFALL      0.000    0.000     0  00:00           0           0       0.000 ltr
  WB3                  STORAGE      0.000    0.000     0  00:00           0      0.0103       0.000
  WB2                  STORAGE      0.000    0.000     0  00:00           0     0.00912       0.000
  WB1                  STORAGE      0.000    0.000     0  00:00           0     0.00912       0.000
  WW13C                STORAGE      0.000    0.000     0  00:00           0      0.0103       0.000
  WW13B                STORAGE      0.000    0.000     0  00:00           0       0.004       0.000
  WW13A                STORAGE      0.000    0.000     0  00:00           0     0.00208       0.000
  KB19                 STORAGE      0.000    0.000     0  00:00           0           0       0.000 ltr
  JU7                  STORAGE      0.000    0.000     0  00:00           0           0       0.000 ltr
  WW3                  STORAGE      0.000    0.000     0  00:00           0       0.015       0.000
  CJ22                 STORAGE      0.000    0.000     0  00:00           0           0       0.000 ltr
  WW3A                 STORAGE      0.000    0.000     0  00:00           0       0.004       0.000
  CF9                  STORAGE      0.000    0.000     0  00:00           0           0       0.000 ltr
  WW2                  STORAGE      0.000    0.000     0  00:00           0     0.00425       0.000
  WW1                  STORAGE      0.000    0.000     0  00:00           0     0.00362       0.000
  WW4                  STORAGE      0.000    0.000     0  00:00           0     0.00425       0.000
  WW6                  STORAGE      0.000    0.000     0  00:00           0     0.00675       0.000
  WW5                  STORAGE      0.000    0.000     0  00:00           0       0.004       0.000
  WW7                  STORAGE      0.000    0.000     0  00:00           0       0.004       0.000
  WW9                  STORAGE      0.000    0.000     0  00:00           0     0.00307       0.000
  WW8                  STORAGE      0.000    0.000     0  00:00           0      0.0132       0.000
  WW10                 STORAGE      0.000    0.000     0  00:00           0     0.00652       0.000
  WW14B                STORAGE      0.000    0.000     0  00:00           0     0.00295       0.000
  WW14A                STORAGE      0.000    0.000     0  00:00           0      0.0052       0.000
  
  
  **********************
  Node Surcharge Summary
  **********************
  
  Surcharging occurs when water rises above the top of the highest conduit.
  ---------------------------------------------------------------------
                                               Max. Height   Min. Depth
                                   Hours       Above Crown    Below Rim
  Node                 Type      Surcharged         Meters       Meters
  ---------------------------------------------------------------------
  FW5                  JUNCTION       24.00          0.000        0.000
  FW3                  JUNCTION       24.00          0.000        0.000
  FV3                  JUNCTION       24.00          0.000        0.000
  FV7                  JUNCTION       24.00          0.000        0.000
  FV8                  JUNCTION       24.00          0.000        0.000
  EJ1                  JUNCTION       24.00          0.000        0.000
  EJ9                  JUNCTION       24.00          0.000        0.000
  EJ6                  JUNCTION       24.00          0.000        0.000
  EY2                  JUNCTION       24.00          0.000        0.000
  EY1                  JUNCTION       24.00          0.000        0.000
  EY5                  JUNCTION       24.00          0.000        0.000
  FA2                  JUNCTION       24.00          0.000        0.000
  FA6                  JUNCTION       24.00          0.000        0.000
  HJ1                  JUNCTION       24.00          0.000        0.000
  GX1                  JUNCTION       24.00          0.000        0.000
  GW1                  JUNCTION       24.00          0.000        0.000
  GX2                  JUNCTION       24.00          0.000        0.000
  GX5                  JUNCTION       24.00          0.000        0.000
  GX10                 JUNCTION       24.00          0.000        0.000
  GX8                  JUNCTION       24.00          0.000        0.000
  MR1                  JUNCTION       24.00          0.000        0.000
  MR1A                 JUNCTION       24.00          0.000        0.000
  HU2                  JUNCTION       24.00          0.000        0.000
  HU1                  JUNCTION       24.00          0.000        0.000
  HT1                  JUNCTION       24.00          0.000        0.000
  JH1                  JUNCTION       24.00          0.000        0.000
  HU6                  JUNCTION       24.00          0.000        0.000
  HU5                  JUNCTION       24.00          0.000        0.000
  HU4                  JUNCTION       24.00          0.000        0.000
  HU3                  JUNCTION       24.00          0.000        0.000
  JH1A                 JUNCTION       24.00          0.000        0.000
  JH5                  JUNCTION       24.00          0.000        0.000
  JH2                  JUNCTION       24.00          0.000        0.000
  HV5                  JUNCTION       24.00          0.000        0.000
  HV4                  JUNCTION       24.00          0.000        0.000
  HV3                  JUNCTION       24.00          0.000        0.000
  HV1                  JUNCTION       24.00          0.000        0.000
  HV10                 JUNCTION       24.00          0.000        0.000
  HV8                  JUNCTION       24.00          0.000        0.000
  HV6                  JUNCTION       24.00          0.000        0.000
  HV13                 JUNCTION       24.00          0.000        0.000
  HV12                 JUNCTION       24.00          0.000        0.000
  HX6                  JUNCTION       24.00          0.000        0.000
  HX5                  JUNCTION       24.00          0.000        0.000
  HX3                  JUNCTION       24.00          0.000        0.000
  HX1                  JUNCTION       24.00          0.000        0.000
  IG2A                 JUNCTION       24.00          0.000        0.000
  IG2                  JUNCTION       24.00          0.000        0.000
  IG1                  JUNCTION       24.00          0.000        0.000
  IG6                  JUNCTION       24.00          0.000        0.000
  IG4                  JUNCTION       24.00          0.000        0.000
  IG3                  JUNCTION       24.00          0.000        0.000
  IG8                  JUNCTION       24.00          0.000        0.000
  IG7                  JUNCTION       24.00          0.000        0.000
  IG12                 JUNCTION       24.00          0.000        0.000
  IG11                 JUNCTION       24.00          0.000        0.000
  IG10                 JUNCTION       24.00          0.000        0.000
  IG16                 JUNCTION       24.00          0.000        0.000
  IG15                 JUNCTION       24.00          0.000        0.000
  IG14                 JUNCTION       24.00          0.000        0.000
  IG13                 JUNCTION       24.00          0.000        0.000
  HT4                  JUNCTION       24.00          0.000        0.000
  HT3                  JUNCTION       24.00          0.000        0.000
  HT2                  JUNCTION       24.00          0.000        0.000
  LA1                  JUNCTION       24.00          0.000        0.000
  LA2                  JUNCTION       24.00          0.000        0.000
  LA6                  JUNCTION       24.00          0.000        0.000
  LA5                  JUNCTION       24.00          0.000        0.000
  LA3                  JUNCTION       24.00          0.000        0.000
  LD1                  JUNCTION       24.00          0.000        0.000
  LA8                  JUNCTION       24.00          0.000        0.000
  LD4                  JUNCTION       24.00          0.000        0.000
  LD6                  JUNCTION       24.00          0.000        0.000
  LD5                  JUNCTION       24.00          0.000        0.000
  LD8                  JUNCTION       24.00          0.000        0.000
  LD7                  JUNCTION       24.00          0.000        0.000
  MO1                  JUNCTION       24.00          0.000        0.000
  LD10                 JUNCTION       24.00          0.000        0.000
  KZ3                  JUNCTION       24.00          0.000        0.000
  KZ1                  JUNCTION       24.00          0.000        0.000
  KZ4                  JUNCTION       24.00          0.000        0.000
  KZ7                  JUNCTION       24.00          0.000        0.000
  KZ6                  JUNCTION       24.00          0.000        0.000
  KZ5                  JUNCTION       24.00          0.000        0.000
  KZ10                 JUNCTION       24.00          0.000        0.000
  KZ9                  JUNCTION       24.00          0.000        0.000
  KZ8                  JUNCTION       24.00          0.000        0.000
  KZ13                 JUNCTION       24.00          0.000        0.000
  KZ12                 JUNCTION       24.00          0.000        0.000
  KZ11                 JUNCTION       24.00          0.000        0.000
  KZ15                 JUNCTION       24.00          0.000        0.000
  LT3                  JUNCTION       24.00          0.000        0.000
  LT2                  JUNCTION       24.00          0.000        0.000
  OR1                  JUNCTION       24.00          0.000        0.000
  OR5                  JUNCTION       24.00          0.000        0.000
  OR4                  JUNCTION       24.00          0.000        0.000
  OR3                  JUNCTION       24.00          0.000        0.000
  OR8                  JUNCTION       24.00          0.000        0.000
  OR6                  JUNCTION       24.00          0.000        0.000
  OU3                  JUNCTION       24.00          0.000        0.000
  OU1                  JUNCTION       24.00          0.000        0.000
  OR9                  JUNCTION       24.00          0.000        0.000
  OU7                  JUNCTION       24.00          0.000        0.000
  OU6                  JUNCTION       24.00          0.000        0.000
  OU5                  JUNCTION       24.00          0.000        0.000
  OU8                  JUNCTION       24.00          0.000        0.000
  OC5                  JUNCTION       24.00          0.000        0.000
  OC4                  JUNCTION       24.00          0.000        0.000
  OC1                  JUNCTION       24.00          0.000        0.000
  AG1                  JUNCTION       24.00          0.000        0.000
  FB2                  JUNCTION       24.00          0.000        0.000
  FB1                  JUNCTION       24.00          0.000        0.000
  HW_RM-WW5            JUNCTION       24.00          0.000        0.000
  Node_1022894         JUNCTION       24.00          0.000        0.000
  Node_84              JUNCTION       24.00          0.000        0.000
  Node_1064837         JUNCTION       24.00          0.000        0.000
  HW_RM-WW9            JUNCTION       24.00          0.000        0.000
  HW_RM-WW8            JUNCTION       24.00          0.000        0.000
  Node_1095844         JUNCTION       24.00          0.000        0.000
  HW_RM-WW10           JUNCTION       24.00          0.000        0.000
  Node_11791164        JUNCTION       24.00          0.000        0.000
  HW_RM-WW14B          JUNCTION       24.00          0.000        0.000
  Node_12401205        JUNCTION       24.00          0.000        0.000
  Node_1074            JUNCTION       24.00          0.000        0.000
  Node_12721265        JUNCTION       24.00          0.000        0.000
  
  
  *********************
  Node Flooding Summary
  *********************
  
  No nodes were flooded.
  
  
  **********************
  Storage Volume Summary
  **********************
  
  ------------------------------------------------------------------------------------------------
                         Average    Avg   Evap  Exfil     Maximum    Max    Time of Max    Maximum
                          Volume   Pcnt   Pcnt   Pcnt      Volume   Pcnt     Occurrence    Outflow
  Storage Unit           1000 m³   Full   Loss   Loss     1000 m³   Full    days hr:min        CMS
  ------------------------------------------------------------------------------------------------
  WB3                      0.010   18.0    0.0    0.0       0.010   18.0       0  00:00      0.000
  WB2                      0.009   16.0    0.0    0.0       0.009   16.0       0  00:00      0.000
  WB1                      0.009   16.0    0.0    0.0       0.009   16.0       0  00:00      0.000
  WW13C                    0.010   18.0    0.0    0.0       0.010   18.0       0  00:00      0.000
  WW13B                    0.004   16.0    0.0    0.0       0.004   16.0       0  00:00      0.000
  WW13A                    0.002   16.0    0.0    0.0       0.002   16.0       0  00:00      0.000
  KB19                     0.000    0.0    0.0    0.0       0.000    0.0       0  00:00      0.000
  JU7                      0.000    0.0    0.0    0.0       0.000    0.0       0  00:00      0.000
  WW3                      0.015   26.3    0.0    0.0       0.015   26.3       0  00:00      0.000
  CJ22                     0.000    0.0    0.0    0.0       0.000    0.0       0  00:00      0.000
  WW3A                     0.004   16.0    0.0    0.0       0.004   16.0       0  00:00      0.000
  CF9                      0.000    0.0    0.0    0.0       0.000    0.0       0  00:00      0.000
  WW2                      0.004   17.0    0.0    0.0       0.004   17.0       0  00:00      0.000
  WW1                      0.004   14.5    0.0    0.0       0.004   14.5       0  00:00      0.000
  WW4                      0.004   17.0    0.0    0.0       0.004   17.0       0  00:00      0.000
  WW6                      0.007   27.0    0.0    0.0       0.007   27.0       0  00:00      0.000
  WW5                      0.004   16.0    0.0    0.0       0.004   16.0       0  00:00      0.000
  WW7                      0.004   16.0    0.0    0.0       0.004   16.0       0  00:00      0.000
  WW9                      0.003   12.3    0.0    0.0       0.003   12.3       0  00:00      0.000
  WW8                      0.013   23.1    0.0    0.0       0.013   23.1       0  00:00      0.000
  WW10                     0.007   26.1    0.0    0.0       0.007   26.1       0  00:00      0.000
  WW14B                    0.003   11.8    0.0    0.0       0.003   11.8       0  00:00      0.000
  WW14A                    0.005   20.8    0.0    0.0       0.005   20.8       0  00:00      0.000
  
  
  ***********************
  Outfall Loading Summary
  ***********************
  
  -----------------------------------------------------------
                         Flow       Avg       Max       Total
                         Freq      Flow      Flow      Volume
  Outfall Node           Pcnt       CMS       CMS    10^6 ltr
  -----------------------------------------------------------
  CM                     0.00     0.000     0.000       0.000
  -----------------------------------------------------------
  System                 0.00     0.000     0.000       0.000
  
  
  ********************
  Link Flow Summary
  ********************
  
  -----------------------------------------------------------------------------
                                 Maximum  Time of Max   Maximum    Max/    Max/
                                  |Flow|   Occurrence   |Veloc|    Full    Full
  Link                 Type          CMS  days hr:min     m/sec    Flow   Depth
  -----------------------------------------------------------------------------
  CWB3-SWB3            CONDUIT     0.000     0  00:00      0.00    0.00    0.00
  L-VC15               CONDUIT     0.000     0  00:00      0.00    0.00    0.00
  L-VC14               CONDUIT     0.000     0  00:00      0.00    0.00    0.00
  L-VC13               CONDUIT     0.000     0  00:00      0.00    0.00    0.00
  L-VC12               CONDUIT     0.000     0  00:00      0.00    0.00    0.00
  L-OVC11              CONDUIT     0.000     0  00:00      0.00    0.00    0.00
  L-OVC8               CONDUIT     0.000     0  00:00      0.00    0.00    0.00
  L-OVC6               CONDUIT     0.000     0  00:00      0.00    0.00    0.00
  L-OVC5               CONDUIT     0.000     0  00:00      0.00    0.00    0.00
  L-OVC4               CONDUIT     0.000     0  00:00      0.00    0.00    0.00
  L-OVC3               CONDUIT     0.000     0  00:00      0.00    0.00    0.00
  L-OVC2               CONDUIT     0.000     0  00:00      0.00    0.00    0.00
  L-VC1                CONDUIT     0.000     0  00:00      0.00    0.00    0.00
  L-VA2                CONDUIT     0.000     0  00:00      0.00    0.00    0.00
  L-WG6                CONDUIT     0.000     0  00:00      0.00    0.00    0.00
  L-WG5                CONDUIT     0.000     0  00:00      0.00    0.00    0.00
  355                  CONDUIT     0.000     0  00:00      0.00    0.00    0.00
  L-WG3                CONDUIT     0.000     0  00:00      0.00    0.00    0.00
  L-WG1                CONDUIT     0.000     0  00:00      0.00    0.00    0.00
  L-WF1                CONDUIT     0.000     0  00:00      0.00    0.00    0.00
  L-SWB1               CONDUIT     0.000     0  00:00      0.00    0.00    0.00
  382                  CONDUIT     0.000     0  00:00      0.00    0.00    0.00
  384                  CONDUIT     0.000     0  00:00      0.00    0.00    0.00
  386                  CONDUIT     0.000     0  00:00      0.00    0.00    0.00
  388                  CONDUIT     0.000     0  00:00      0.00    0.00    0.00
  390                  CONDUIT     0.000     0  00:00      0.00    0.00    0.00
  392                  CONDUIT     0.000     0  00:00      0.00    0.00    0.00
  394                  CONDUIT     0.000     0  00:00      0.00    0.00    0.00
  396                  CONDUIT     0.000     0  00:00      0.00    0.00    0.00
  398                  CONDUIT     0.000     0  00:00      0.00    0.00    0.00
  400                  CONDUIT     0.000     0  00:00      0.00    0.00    0.00
  402                  CONDUIT     0.000     0  00:00      0.00    0.00    0.00
  404                  CONDUIT     0.000     0  00:00      0.00    0.00    0.00
  406                  CONDUIT     0.000     0  00:00      0.00    0.00    0.00
  408                  CONDUIT     0.000     0  00:00      0.00    0.00    0.00
  410                  CONDUIT     0.000     0  00:00      0.00    0.00    0.00
  412                  CONDUIT     0.000     0  00:00      0.00    0.00    0.00
  414                  CONDUIT     0.000     0  00:00      0.00    0.00    0.00
  416                  CONDUIT     0.000     0  00:00      0.00    0.00    0.00
  418                  CONDUIT     0.000     0  00:00      0.00    0.00    0.00
  420                  CONDUIT     0.000     0  00:00      0.00    0.00    0.00
  422                  CONDUIT     0.000     0  00:00      0.00    0.00    0.00
  424                  CONDUIT     0.000     0  00:00      0.00    0.00    0.00
  426                  CONDUIT     0.000     0  00:00      0.00    0.00    0.00
  428                  CONDUIT     0.000     0  00:00      0.00    0.00    0.00
  430                  CONDUIT     0.000     0  00:00      0.00    0.00    0.00
  432                  CONDUIT     0.000     0  00:00      0.00    0.00    0.00
  434                  CONDUIT     0.000     0  00:00      0.00    0.00    0.00
  436                  CONDUIT     0.000     0  00:00      0.00    0.00    0.00
  438                  CONDUIT     0.000     0  00:00      0.00    0.00    0.00
  440                  CONDUIT     0.000     0  00:00      0.00    0.00    0.00
  442                  CONDUIT     0.000     0  00:00      0.00    0.00    0.00
  444                  CONDUIT     0.000     0  00:00      0.00    0.00    0.00
  446                  CONDUIT     0.000     0  00:00      0.00    0.00    0.00
  448                  CONDUIT     0.000     0  00:00      0.00    0.00    0.00
  450                  CONDUIT     0.000     0  00:00      0.00    0.00    0.00
  452                  CONDUIT     0.000     0  00:00      0.00    0.00    0.00
  454                  CONDUIT     0.000     0  00:00      0.00    0.00    0.00
  456                  CONDUIT     0.000     0  00:00      0.00    0.00    0.00
  458                  CONDUIT     0.000     0  00:00      0.00    0.00    0.00
  460                  CONDUIT     0.000     0  00:00      0.00    0.00    0.00
  462                  CONDUIT     0.000     0  00:00      0.00    0.00    0.00
  464                  CONDUIT     0.000     0  00:00      0.00    0.00    0.00
  480                  CONDUIT     0.000     0  00:00      0.00    0.00    0.00
  481                  CONDUIT     0.000     0  00:00      0.00    0.00    0.00
  482                  CONDUIT     0.000     0  00:00      0.00    0.00    0.00
  483                  CONDUIT     0.000     0  00:00      0.00    0.00    0.00
  484                  CONDUIT     0.000     0  00:00      0.00    0.00    0.00
  487                  CONDUIT     0.000     0  00:00      0.00    0.00    0.00
  488                  CONDUIT     0.000     0  00:00      0.00    0.00    0.00
  491                  CONDUIT     0.000     0  00:00      0.00    0.00    0.00
  492                  CONDUIT     0.000     0  00:00      0.00    0.00    0.00
  495                  CONDUIT     0.000     0  00:00      0.00    0.00    0.00
  496                  CONDUIT     0.000     0  00:00      0.00    0.00    0.00
  499                  CONDUIT     0.000     0  00:00      0.00    0.00    0.00
  501                  CONDUIT     0.000     0  00:00      0.00    0.00    0.00
  502                  CONDUIT     0.000     0  00:00      0.00    0.00    0.00
  505                  CONDUIT     0.000     0  00:00      0.00    0.00    0.00
  507                  CONDUIT     0.000     0  00:00      0.00    0.00    0.00
  509                  CONDUIT     0.000     0  00:00      0.00    0.00    0.00
  511                  CONDUIT     0.000     0  00:00      0.00    0.00    0.00
  512                  CONDUIT     0.000     0  00:00      0.00    0.00    0.00
  515                  CONDUIT     0.000     0  00:00      0.00    0.00    0.00
  517                  CONDUIT     0.000     0  00:00      0.00    0.00    0.00
  519                  CONDUIT     0.000     0  00:00      0.00    0.00    0.00
  524                  CONDUIT     0.000     0  00:00      0.00    0.00    0.00
  526                  CONDUIT     0.000     0  00:00      0.00    0.00    0.00
  528                  CONDUIT     0.000     0  00:00      0.00    0.00    0.00
  529                  CONDUIT     0.000     0  00:00      0.00    0.00    0.00
  532                  CONDUIT     0.000     0  00:00      0.00    0.00    0.00
  L-PSWB2              CONDUIT     0.000     0  00:00      0.00    0.00    0.00
  L-VA1                CONDUIT     0.000     0  00:00      0.00    0.00    0.00
  L-VB1                CONDUIT     0.000     0  00:00      0.00    0.00    0.00
  544                  CONDUIT     0.000     0  00:00      0.00    0.00    0.00
  548                  CONDUIT     0.000     0  00:00      0.00    0.00    0.00
  550                  CONDUIT     0.000     0  00:00      0.00    0.00    0.00
  552                  CONDUIT     0.000     0  00:00      0.00    0.00    0.00
  554                  CONDUIT     0.000     0  00:00      0.00    0.00    0.00
  556                  CONDUIT     0.000     0  00:00      0.00    0.00    0.00
  558                  CONDUIT     0.000     0  00:00      0.00    0.00    0.00
  566                  CONDUIT     0.000     0  00:00      0.00    0.00    0.00
  568                  CONDUIT     0.000     0  00:00      0.00    0.00    0.00
  570                  CONDUIT     0.000     0  00:00      0.00    0.00    0.00
  571                  CONDUIT     0.000     0  00:00      0.00    0.00    0.00
  574                  CONDUIT     0.000     0  00:00      0.00    0.00    0.00
  576                  CONDUIT     0.000     0  00:00      0.00    0.00    0.00
  577                  CONDUIT     0.000     0  00:00      0.00    0.00    0.00
  580                  CONDUIT     0.000     0  00:00      0.00    0.00    0.00
  582                  CONDUIT     0.000     0  00:00      0.00    0.00    0.00
  583                  CONDUIT     0.000     0  00:00      0.00    0.00    0.00
  586                  CONDUIT     0.000     0  00:00      0.00    0.00    0.00
  588                  CONDUIT     0.000     0  00:00      0.00    0.00    0.00
  590                  CONDUIT     0.000     0  00:00      0.00    0.00    0.00
  591                  CONDUIT     0.000     0  00:00      0.00    0.00    0.00
  594                  CONDUIT     0.000     0  00:00      0.00    0.00    0.00
  596                  CONDUIT     0.000     0  00:00      0.00    0.00    0.00
  598                  CONDUIT     0.000     0  00:00      0.00    0.00    0.00
  600                  CONDUIT     0.000     0  00:00      0.00    0.00    0.00
  601                  CONDUIT     0.000     0  00:00      0.00    0.00    0.00
  604                  CONDUIT     0.000     0  00:00      0.00    0.00    0.00
  605                  CONDUIT     0.000     0  00:00      0.00    0.00    0.00
  608                  CONDUIT     0.000     0  00:00      0.00    0.00    0.00
  609                  CONDUIT     0.000     0  00:00      0.00    0.00    0.00
  612                  CONDUIT     0.000     0  00:00      0.00    0.00    0.00
  613                  CONDUIT     0.000     0  00:00      0.00    0.00    0.00
  616                  CONDUIT     0.000     0  00:00      0.00    0.00    0.00
  617                  CONDUIT     0.000     0  00:00      0.00    0.00    0.00
  620                  CONDUIT     0.000     0  00:00      0.00    0.00    0.00
  621                  CONDUIT     0.000     0  00:00      0.00    0.00    0.00
  623                  CONDUIT     0.000     0  00:00      0.00    0.00    0.00
  631                  CONDUIT     0.000     0  00:00      0.00    0.00    0.00
  633                  CONDUIT     0.000     0  00:00      0.00    0.00    0.00
  635                  CONDUIT     0.000     0  00:00      0.00    0.00    0.00
  636                  CONDUIT     0.000     0  00:00      0.00    0.00    0.00
  639                  CONDUIT     0.000     0  00:00      0.00    0.00    0.00
  641                  CONDUIT     0.000     0  00:00      0.00    0.00    0.00
  643                  CONDUIT     0.000     0  00:00      0.00    0.00    0.00
  645                  CONDUIT     0.000     0  00:00      0.00    0.00    0.00
  646                  CONDUIT     0.000     0  00:00      0.00    0.00    0.00
  649                  CONDUIT     0.000     0  00:00      0.00    0.00    0.00
  651                  CONDUIT     0.000     0  00:00      0.00    0.00    0.00
  653                  CONDUIT     0.000     0  00:00      0.00    0.00    0.00
  654                  CONDUIT     0.000     0  00:00      0.00    0.00    0.00
  657                  CONDUIT     0.000     0  00:00      0.00    0.00    0.00
  659                  CONDUIT     0.000     0  00:00      0.00    0.00    0.00
  660                  CONDUIT     0.000     0  00:00      0.00    0.00    0.00
  665                  CONDUIT     0.000     0  00:00      0.00    0.00    0.00
  670                  CONDUIT     0.000     0  00:00      0.00    0.00    0.00
  671                  CONDUIT     0.000     0  00:00      0.00    0.00    0.00
  674                  CONDUIT     0.000     0  00:00      0.00    0.00    0.00
  676                  CONDUIT     0.000     0  00:00      0.00    0.00    0.00
  677                  CONDUIT     0.000     0  00:00      0.00    0.00    0.00
  680                  CONDUIT     0.000     0  00:00      0.00    0.00    0.00
  682                  CONDUIT     0.000     0  00:00      0.00    0.00    0.00
  683                  CONDUIT     0.000     0  00:00      0.00    0.00    0.00
  686                  CONDUIT     0.000     0  00:00      0.00    0.00    0.00
  687                  CONDUIT     0.000     0  00:00      0.00    0.00    0.00
  690                  CONDUIT     0.000     0  00:00      0.00    0.00    0.00
  692                  CONDUIT     0.000     0  00:00      0.00    0.00    0.00
  693                  CONDUIT     0.000     0  00:00      0.00    0.00    0.00
  695                  CONDUIT     0.000     0  00:00      0.00    0.00    0.00
  698                  CONDUIT     0.000     0  00:00      0.00    0.00    0.00
  700                  CONDUIT     0.000     0  00:00      0.00    0.00    0.00
  701                  CONDUIT     0.000     0  00:00      0.00    0.00    0.00
  708                  CONDUIT     0.000     0  00:00      0.00    0.00    0.00
  709                  CONDUIT     0.000     0  00:00      0.00    0.00    0.00
  712                  CONDUIT     0.000     0  00:00      0.00    0.00    0.00
  714                  CONDUIT     0.000     0  00:00      0.00    0.00    0.00
  715                  CONDUIT     0.000     0  00:00      0.00    0.00    0.00
  717                  CONDUIT     0.000     0  00:00      0.00    0.00    0.00
  720                  CONDUIT     0.000     0  00:00      0.00    0.00    0.00
  721                  CONDUIT     0.000     0  00:00      0.00    0.00    0.00
  724                  CONDUIT     0.000     0  00:00      0.00    0.00    0.00
  726                  CONDUIT     0.000     0  00:00      0.00    0.00    0.00
  728                  CONDUIT     0.000     0  00:00      0.00    0.00    0.00
  730                  CONDUIT     0.000     0  00:00      0.00    0.00    0.00
  732                  CONDUIT     0.000     0  00:00      0.00    0.00    0.00
  733                  CONDUIT     0.000     0  00:00      0.00    0.00    0.00
  736                  CONDUIT     0.000     0  00:00      0.00    0.00    0.00
  739                  CONDUIT     0.000     0  00:00      0.00    0.00    0.00
  745                  CONDUIT     0.000     0  00:00      0.00    0.00    0.00
  748                  CONDUIT     0.000     0  00:00      0.00    0.00    0.00
  751                  CONDUIT     0.000     0  00:00      0.00    0.00    0.00
  752                  CONDUIT     0.000     0  00:00      0.00    0.00    0.00
  756                  CONDUIT     0.000     0  00:00      0.00    0.00    0.00
  758                  CONDUIT     0.000     0  00:00      0.00    0.00    0.00
  759                  CONDUIT     0.000     0  00:00      0.00    0.00    0.00
  763                  CONDUIT     0.000     0  00:00      0.00    0.00    0.00
  765                  CONDUIT     0.000     0  00:00      0.00    0.00    0.00
  767                  CONDUIT     0.000     0  00:00      0.00    0.00    0.00
  768                  CONDUIT     0.000     0  00:00      0.00    0.00    0.00
  770                  CONDUIT     0.000     0  00:00      0.00    0.00    0.00
  772                  CONDUIT     0.000     0  00:00      0.00    0.00    0.00
  775                  CONDUIT     0.000     0  00:00      0.00    0.00    0.00
  777                  CONDUIT     0.000     0  00:00      0.00    0.00    0.00
  778                  CONDUIT     0.000     0  00:00      0.00    0.00    0.00
  781                  CONDUIT     0.000     0  00:00      0.00    0.00    0.00
  783                  CONDUIT     0.000     0  00:00      0.00    0.00    0.00
  784                  CONDUIT     0.000     0  00:00      0.00    0.00    0.00
  788                  CONDUIT     0.000     0  00:00      0.00    0.00    0.00
  789                  CONDUIT     0.000     0  00:00      0.00    0.00    0.00
  792                  CONDUIT     0.000     0  00:00      0.00    0.00    0.00
  793                  CONDUIT     0.000     0  00:00      0.00    0.00    0.00
  796                  CONDUIT     0.000     0  00:00      0.00    0.00    0.00
  798                  CONDUIT     0.000     0  00:00      0.00    0.00    0.00
  799                  CONDUIT     0.000     0  00:00      0.00    0.00    0.00
  804                  CONDUIT     0.000     0  00:00      0.00    0.00    0.00
  806                  CONDUIT     0.000     0  00:00      0.00    0.00    0.00
  07                   CONDUIT     0.000     0  00:00      0.00    0.00    0.00
  810                  CONDUIT     0.000     0  00:00      0.00    0.00    0.00
  12                   CONDUIT     0.000     0  00:00      0.00    0.00    0.00
  815                  CONDUIT     0.000     0  00:00      0.00    0.00    0.00
  816                  CONDUIT     0.000     0  00:00      0.00    0.00    0.00
  819                  CONDUIT     0.000     0  00:00      0.00    0.00    0.00
  820                  CONDUIT     0.000     0  00:00      0.00    0.00    0.00
  823                  CONDUIT     0.000     0  00:00      0.00    0.00    0.00
  827                  CONDUIT     0.000     0  00:00      0.00    0.00    0.00
  828                  CONDUIT     0.000     0  00:00      0.00    0.00    0.00
  831                  CONDUIT     0.000     0  00:00      0.00    0.00    0.00
  833                  CONDUIT     0.000     0  00:00      0.00    0.00    0.00
  835                  CONDUIT     0.000     0  00:00      0.00    0.00    0.00
  837                  CONDUIT     0.000     0  00:00      0.00    0.00    0.00
  838                  CONDUIT     0.000     0  00:00      0.00    0.00    0.00
  841                  CONDUIT     0.000     0  00:00      0.00    0.00    0.00
  842                  CONDUIT     0.000     0  00:00      0.00    0.00    0.00
  844                  CONDUIT     0.000     0  00:00      0.00    0.00    0.00
  847                  CONDUIT     0.000     0  00:00      0.00    0.00    0.00
  849                  CONDUIT     0.000     0  00:00      0.00    0.00    0.00
  850                  CONDUIT     0.000     0  00:00      0.00    0.00    0.00
  853                  CONDUIT     0.000     0  00:00      0.00    0.00    0.00
  855                  CONDUIT     0.000     0  00:00      0.00    0.00    0.00
  856                  CONDUIT     0.000     0  00:00      0.00    0.00    0.00
  859                  CONDUIT     0.000     0  00:00      0.00    0.00    0.00
  861                  CONDUIT     0.000     0  00:00      0.00    0.00    0.00
  863                  CONDUIT     0.000     0  00:00      0.00    0.00    0.00
  865                  CONDUIT     0.000     0  00:00      0.00    0.00    0.00
  868                  CONDUIT     0.000     0  00:00      0.00    0.00    0.00
  870                  CONDUIT     0.000     0  00:00      0.00    0.00    0.00
  871                  CONDUIT     0.000     0  00:00      0.00    0.00    0.00
  874                  CONDUIT     0.000     0  00:00      0.00    0.00    0.00
  875                  CONDUIT     0.000     0  00:00      0.00    0.00    0.00
  878                  CONDUIT     0.000     0  00:00      0.00    0.00    0.00
  880                  CONDUIT     0.000     0  00:00      0.00    0.00    0.00
  882                  CONDUIT     0.000     0  00:00      0.00    0.00    0.00
  883                  CONDUIT     0.000     0  00:00      0.00    0.00    0.00
  887                  CONDUIT     0.000     0  00:00      0.00    0.00    0.00
  889                  CONDUIT     0.000     0  00:00      0.00    0.00    0.00
  892                  CONDUIT     0.000     0  00:00      0.00    0.00    0.00
  894                  CONDUIT     0.000     0  00:00      0.00    0.00    0.00
  896                  CONDUIT     0.000     0  00:00      0.00    0.00    0.00
  899                  CONDUIT     0.000     0  00:00      0.00    0.00    0.00
  901                  CONDUIT     0.000     0  00:00      0.00    0.00    0.00
  903                  CONDUIT     0.000     0  00:00      0.00    0.00    0.00
  905                  CONDUIT     0.000     0  00:00      0.00    0.00    0.00
  906                  CONDUIT     0.000     0  00:00      0.00    0.00    0.00
  909                  CONDUIT     0.000     0  00:00      0.00    0.00    0.00
  911                  CONDUIT     0.000     0  00:00      0.00    0.00    0.00
  912                  CONDUIT     0.000     0  00:00      0.00    0.00    0.00
  917                  CONDUIT     0.000     0  00:00      0.00    0.00    0.00
  919                  CONDUIT     0.000     0  00:00      0.00    0.00    0.00
  921                  CONDUIT     0.000     0  00:00      0.00    0.00    0.00
  922                  CONDUIT     0.000     0  00:00      0.00    0.00    0.00
  925                  CONDUIT     0.000     0  00:00      0.00    0.00    0.00
  927                  CONDUIT     0.000     0  00:00      0.00    0.00    0.00
  928                  CONDUIT     0.000     0  00:00      0.00    0.00    0.00
  931                  CONDUIT     0.000     0  00:00      0.00    0.00    0.00
  932                  CONDUIT     0.000     0  00:00      0.00    0.00    0.00
  935                  CONDUIT     0.000     0  00:00      0.00    0.00    0.00
  937                  CONDUIT     0.000     0  00:00      0.00    0.00    0.00
  939                  CONDUIT     0.000     0  00:00      0.00    0.00    0.00
  940                  CONDUIT     0.000     0  00:00      0.00    0.00    0.00
  943                  CONDUIT     0.000     0  00:00      0.00    0.00    0.00
  945                  CONDUIT     0.000     0  00:00      0.00    0.00    0.00
  946                  CONDUIT     0.000     0  00:00      0.00    0.00    0.00
  949                  CONDUIT     0.000     0  00:00      0.00    0.00    0.00
  951                  CONDUIT     0.000     0  00:00      0.00    0.00    0.00
  952                  CONDUIT     0.000     0  00:00      0.00    0.00    0.00
  956                  CONDUIT     0.000     0  00:00      0.00    0.00    0.00
  957                  CONDUIT     0.000     0  00:00      0.00    0.00    0.00
  960                  CONDUIT     0.000     0  00:00      0.00    0.00    0.00
  962                  CONDUIT     0.000     0  00:00      0.00    0.00    0.00
  963                  CONDUIT     0.000     0  00:00      0.00    0.00    0.00
  966                  CONDUIT     0.000     0  00:00      0.00    0.00    0.00
  968                  CONDUIT     0.000     0  00:00      0.00    0.00    0.00
  970                  CONDUIT     0.000     0  00:00      0.00    0.00    0.00
  971                  CONDUIT     0.000     0  00:00      0.00    0.00    0.00
  974                  CONDUIT     0.000     0  00:00      0.00    0.00    0.00
  976                  CONDUIT     0.000     0  00:00      0.00    0.00    0.00
  977                  CONDUIT     0.000     0  00:00      0.00    0.00    0.00
  980                  CONDUIT     0.000     0  00:00      0.00    0.00    0.00
  982                  CONDUIT     0.000     0  00:00      0.00    0.00    0.00
  987                  CONDUIT     0.000     0  00:00      0.00    0.00    0.00
  989                  CONDUIT     0.000     0  00:00      0.00    0.00    0.00
  990                  CONDUIT     0.000     0  00:00      0.00    0.00    0.00
  993                  CONDUIT     0.000     0  00:00      0.00    0.00    0.00
  994                  CONDUIT     0.000     0  00:00      0.00    0.00    0.00
  996                  CONDUIT     0.000     0  00:00      0.00    0.00    0.00
  999                  CONDUIT     0.000     0  00:00      0.00    0.00    0.00
  1000                 CONDUIT     0.000     0  00:00      0.00    0.00    0.00
  1003                 CONDUIT     0.000     0  00:00      0.00    0.00    0.00
  1004                 CONDUIT     0.000     0  00:00      0.00    0.00    0.00
  1007                 CONDUIT     0.000     0  00:00      0.00    0.00    0.00
  1008                 CONDUIT     0.000     0  00:00      0.00    0.00    0.00
  1011                 CONDUIT     0.000     0  00:00      0.00    0.00    0.00
  1012                 CONDUIT     0.000     0  00:00      0.00    0.00    0.00
  1014                 CONDUIT     0.000     0  00:00      0.00    0.00    0.00
  1017                 CONDUIT     0.000     0  00:00      0.00    0.00    0.00
  1019                 CONDUIT     0.000     0  00:00      0.00    0.00    0.00
  1020                 CONDUIT     0.000     0  00:00      0.00    0.00    0.00
  1023                 CONDUIT     0.000     0  00:00      0.00    0.00    0.00
  1025                 CONDUIT     0.000     0  00:00      0.00    0.00    0.00
  1026                 CONDUIT     0.000     0  00:00      0.00    0.00    0.00
  1029                 CONDUIT     0.000     0  00:00      0.00    0.00    0.00
  1031                 CONDUIT     0.000     0  00:00      0.00    0.00    0.00
  1032                 CONDUIT     0.000     0  00:00      0.00    0.00    0.00
  1034                 CONDUIT     0.000     0  00:00      0.00    0.00    0.00
  1037                 CONDUIT     0.000     0  00:00      0.00    0.00    0.00
  1038                 CONDUIT     0.000     0  00:00      0.00    0.00    0.00
  1041                 CONDUIT     0.000     0  00:00      0.00    0.00    0.00
  1045                 CONDUIT     0.000     0  00:00      0.00    0.00    0.00
  1047                 CONDUIT     0.000     0  00:00      0.00    0.00    0.00
  1048                 CONDUIT     0.000     0  00:00      0.00    0.00    0.00
  1051                 CONDUIT     0.000     0  00:00      0.00    0.00    0.00
  1052                 CONDUIT     0.000     0  00:00      0.00    0.00    0.00
  1055                 CONDUIT     0.000     0  00:00      0.00    0.00    0.00
  1057                 CONDUIT     0.000     0  00:00      0.00    0.00    0.00
  1058                 CONDUIT     0.000     0  00:00      0.00    0.00    0.00
  1061                 CONDUIT     0.000     0  00:00      0.00    0.00    0.00
  1063                 CONDUIT     0.000     0  00:00      0.00    0.00    0.00
  1064                 CONDUIT     0.000     0  00:00      0.00    0.00    0.00
  1066                 CONDUIT     0.000     0  00:00      0.00    0.00    0.00
  1071                 CONDUIT     0.000     0  00:00      0.00    0.00    0.00
  1073                 CONDUIT     0.000     0  00:00      0.00    0.00    0.00
  076                  CONDUIT     0.000     0  00:00      0.00    0.00    0.00
  1079                 CONDUIT     0.000     0  00:00      0.00    0.00    0.00
  1080                 CONDUIT     0.000     0  00:00      0.00    0.00    0.00
  1081                 CONDUIT     0.000     0  00:00      0.00    0.00    0.00
  RM-WB3               PUMP        0.000     0  00:00              0.00
  RM-WB2               PUMP        0.000     0  00:00              0.00
  RMWB1                PUMP        0.000     0  00:00              0.00
  RM-WW13B             PUMP        0.000     0  00:00              0.00
  RM-WW13A             PUMP        0.000     0  00:00              0.00
  RM-WW3               PUMP        0.000     0  00:00              0.00
  RM-WW3A              PUMP        0.000     0  00:00              0.00
  RM-WW2               PUMP        0.000     0  00:00              0.00
  RM-WW1               PUMP        0.000     0  00:00              0.00
  RM-WW6               PUMP        0.000     0  00:00              0.00
  RM-WW4               PUMP        0.000     0  00:00              0.00
  RM-WW5               PUMP        0.000     0  00:00              0.00
  RM-WW7               PUMP        0.000     0  00:00              0.00
  RM-WW9               PUMP        0.000     0  00:00              0.00
  RM-WW8               PUMP        0.000     0  00:00              0.00
  RM-WW10              PUMP        0.000     0  00:00              0.00
  RM-WW14B             PUMP        0.000     0  00:00              0.00
  RM-WW14A             PUMP        0.000     0  00:00              0.00
  RM-WW13C             PUMP        0.000     0  00:00              0.00
  
  
  ***************************
  Flow Classification Summary
  ***************************
  
  -------------------------------------------------------------------------------------
                      Adjusted    ---------- Fraction of Time in Flow Class ---------- 
                       /Actual         Up    Down  Sub   Sup   Up    Down  Norm  Inlet 
  Conduit               Length    Dry  Dry   Dry   Crit  Crit  Crit  Crit  Ltd   Ctrl  
  -------------------------------------------------------------------------------------
  CWB3-SWB3               1.00   1.00  0.00  0.00  0.00  0.00  0.00  0.00  0.00  0.00
  L-VC15                  1.00   1.00  0.00  0.00  0.00  0.00  0.00  0.00  0.00  0.00
  L-VC14                  1.00   1.00  0.00  0.00  0.00  0.00  0.00  0.00  0.00  0.00
  L-VC13                  1.00   1.00  0.00  0.00  0.00  0.00  0.00  0.00  0.00  0.00
  L-VC12                  1.00   1.00  0.00  0.00  0.00  0.00  0.00  0.00  0.00  0.00
  L-OVC11                 1.00   1.00  0.00  0.00  0.00  0.00  0.00  0.00  0.00  0.00
  L-OVC8                  1.00   1.00  0.00  0.00  0.00  0.00  0.00  0.00  0.00  0.00
  L-OVC6                  1.00   1.00  0.00  0.00  0.00  0.00  0.00  0.00  0.00  0.00
  L-OVC5                  1.00   1.00  0.00  0.00  0.00  0.00  0.00  0.00  0.00  0.00
  L-OVC4                  1.00   1.00  0.00  0.00  0.00  0.00  0.00  0.00  0.00  0.00
  L-OVC3                  1.00   1.00  0.00  0.00  0.00  0.00  0.00  0.00  0.00  0.00
  L-OVC2                  1.00   1.00  0.00  0.00  0.00  0.00  0.00  0.00  0.00  0.00
  L-VC1                   1.00   1.00  0.00  0.00  0.00  0.00  0.00  0.00  0.00  0.00
  L-VA2                   1.00   1.00  0.00  0.00  0.00  0.00  0.00  0.00  0.00  0.00
  L-WG6                   1.00   1.00  0.00  0.00  0.00  0.00  0.00  0.00  0.00  0.00
  L-WG5                   1.00   1.00  0.00  0.00  0.00  0.00  0.00  0.00  0.00  0.00
  355                     1.00   1.00  0.00  0.00  0.00  0.00  0.00  0.00  0.00  0.00
  L-WG3                   1.00   1.00  0.00  0.00  0.00  0.00  0.00  0.00  0.00  0.00
  L-WG1                   1.00   1.00  0.00  0.00  0.00  0.00  0.00  0.00  0.00  0.00
  L-WF1                   1.00   1.00  0.00  0.00  0.00  0.00  0.00  0.00  0.00  0.00
  L-SWB1                  1.00   1.00  0.00  0.00  0.00  0.00  0.00  0.00  0.00  0.00
  382                     1.00   1.00  0.00  0.00  0.00  0.00  0.00  0.00  0.00  0.00
  384                     1.00   1.00  0.00  0.00  0.00  0.00  0.00  0.00  0.00  0.00
  386                     1.00   1.00  0.00  0.00  0.00  0.00  0.00  0.00  0.00  0.00
  388                     1.00   1.00  0.00  0.00  0.00  0.00  0.00  0.00  0.00  0.00
  390                     1.00   1.00  0.00  0.00  0.00  0.00  0.00  0.00  0.00  0.00
  392                     1.00   1.00  0.00  0.00  0.00  0.00  0.00  0.00  0.00  0.00
  394                     1.00   1.00  0.00  0.00  0.00  0.00  0.00  0.00  0.00  0.00
  396                     1.00   1.00  0.00  0.00  0.00  0.00  0.00  0.00  0.00  0.00
  398                     1.00   1.00  0.00  0.00  0.00  0.00  0.00  0.00  0.00  0.00
  400                     1.00   1.00  0.00  0.00  0.00  0.00  0.00  0.00  0.00  0.00
  402                     1.00   1.00  0.00  0.00  0.00  0.00  0.00  0.00  0.00  0.00
  404                     1.00   1.00  0.00  0.00  0.00  0.00  0.00  0.00  0.00  0.00
  406                     1.00   1.00  0.00  0.00  0.00  0.00  0.00  0.00  0.00  0.00
  408                     1.00   1.00  0.00  0.00  0.00  0.00  0.00  0.00  0.00  0.00
  410                     1.00   1.00  0.00  0.00  0.00  0.00  0.00  0.00  0.00  0.00
  412                     1.00   1.00  0.00  0.00  0.00  0.00  0.00  0.00  0.00  0.00
  414                     1.00   1.00  0.00  0.00  0.00  0.00  0.00  0.00  0.00  0.00
  416                     1.00   1.00  0.00  0.00  0.00  0.00  0.00  0.00  0.00  0.00
  418                     1.00   1.00  0.00  0.00  0.00  0.00  0.00  0.00  0.00  0.00
  420                     1.00   1.00  0.00  0.00  0.00  0.00  0.00  0.00  0.00  0.00
  422                     1.00   1.00  0.00  0.00  0.00  0.00  0.00  0.00  0.00  0.00
  424                     1.00   1.00  0.00  0.00  0.00  0.00  0.00  0.00  0.00  0.00
  426                     1.00   1.00  0.00  0.00  0.00  0.00  0.00  0.00  0.00  0.00
  428                     1.00   1.00  0.00  0.00  0.00  0.00  0.00  0.00  0.00  0.00
  430                     1.00   1.00  0.00  0.00  0.00  0.00  0.00  0.00  0.00  0.00
  432                     1.00   1.00  0.00  0.00  0.00  0.00  0.00  0.00  0.00  0.00
  434                     1.00   1.00  0.00  0.00  0.00  0.00  0.00  0.00  0.00  0.00
  436                     1.00   1.00  0.00  0.00  0.00  0.00  0.00  0.00  0.00  0.00
  438                     1.00   1.00  0.00  0.00  0.00  0.00  0.00  0.00  0.00  0.00
  440                     1.00   1.00  0.00  0.00  0.00  0.00  0.00  0.00  0.00  0.00
  442                     1.00   1.00  0.00  0.00  0.00  0.00  0.00  0.00  0.00  0.00
  444                     1.00   1.00  0.00  0.00  0.00  0.00  0.00  0.00  0.00  0.00
  446                     1.00   1.00  0.00  0.00  0.00  0.00  0.00  0.00  0.00  0.00
  448                     1.00   1.00  0.00  0.00  0.00  0.00  0.00  0.00  0.00  0.00
  450                     1.00   1.00  0.00  0.00  0.00  0.00  0.00  0.00  0.00  0.00
  452                     1.00   1.00  0.00  0.00  0.00  0.00  0.00  0.00  0.00  0.00
  454                     1.00   1.00  0.00  0.00  0.00  0.00  0.00  0.00  0.00  0.00
  456                     1.00   1.00  0.00  0.00  0.00  0.00  0.00  0.00  0.00  0.00
  458                     1.00   1.00  0.00  0.00  0.00  0.00  0.00  0.00  0.00  0.00
  460                     1.00   1.00  0.00  0.00  0.00  0.00  0.00  0.00  0.00  0.00
  462                     1.00   1.00  0.00  0.00  0.00  0.00  0.00  0.00  0.00  0.00
  464                     1.00   1.00  0.00  0.00  0.00  0.00  0.00  0.00  0.00  0.00
  480                     1.00   1.00  0.00  0.00  0.00  0.00  0.00  0.00  0.00  0.00
  481                     1.00   1.00  0.00  0.00  0.00  0.00  0.00  0.00  0.00  0.00
  482                     1.00   1.00  0.00  0.00  0.00  0.00  0.00  0.00  0.00  0.00
  483                     1.00   1.00  0.00  0.00  0.00  0.00  0.00  0.00  0.00  0.00
  484                     1.00   1.00  0.00  0.00  0.00  0.00  0.00  0.00  0.00  0.00
  487                     1.00   1.00  0.00  0.00  0.00  0.00  0.00  0.00  0.00  0.00
  488                     1.00   1.00  0.00  0.00  0.00  0.00  0.00  0.00  0.00  0.00
  491                     1.00   1.00  0.00  0.00  0.00  0.00  0.00  0.00  0.00  0.00
  492                     1.00   1.00  0.00  0.00  0.00  0.00  0.00  0.00  0.00  0.00
  495                     1.00   1.00  0.00  0.00  0.00  0.00  0.00  0.00  0.00  0.00
  496                     1.00   1.00  0.00  0.00  0.00  0.00  0.00  0.00  0.00  0.00
  499                     1.00   1.00  0.00  0.00  0.00  0.00  0.00  0.00  0.00  0.00
  501                     1.00   1.00  0.00  0.00  0.00  0.00  0.00  0.00  0.00  0.00
  502                     1.00   1.00  0.00  0.00  0.00  0.00  0.00  0.00  0.00  0.00
  505                     1.00   1.00  0.00  0.00  0.00  0.00  0.00  0.00  0.00  0.00
  507                     1.00   1.00  0.00  0.00  0.00  0.00  0.00  0.00  0.00  0.00
  509                     1.00   1.00  0.00  0.00  0.00  0.00  0.00  0.00  0.00  0.00
  511                     1.00   1.00  0.00  0.00  0.00  0.00  0.00  0.00  0.00  0.00
  512                     1.00   1.00  0.00  0.00  0.00  0.00  0.00  0.00  0.00  0.00
  515                     1.00   1.00  0.00  0.00  0.00  0.00  0.00  0.00  0.00  0.00
  517                     1.00   1.00  0.00  0.00  0.00  0.00  0.00  0.00  0.00  0.00
  519                     1.00   1.00  0.00  0.00  0.00  0.00  0.00  0.00  0.00  0.00
  524                     1.00   1.00  0.00  0.00  0.00  0.00  0.00  0.00  0.00  0.00
  526                     1.00   1.00  0.00  0.00  0.00  0.00  0.00  0.00  0.00  0.00
  528                     1.00   1.00  0.00  0.00  0.00  0.00  0.00  0.00  0.00  0.00
  529                     1.00   1.00  0.00  0.00  0.00  0.00  0.00  0.00  0.00  0.00
  532                     1.00   1.00  0.00  0.00  0.00  0.00  0.00  0.00  0.00  0.00
  L-PSWB2                 1.00   1.00  0.00  0.00  0.00  0.00  0.00  0.00  0.00  0.00
  L-VA1                   1.00   1.00  0.00  0.00  0.00  0.00  0.00  0.00  0.00  0.00
  L-VB1                   1.00   1.00  0.00  0.00  0.00  0.00  0.00  0.00  0.00  0.00
  544                     1.00   1.00  0.00  0.00  0.00  0.00  0.00  0.00  0.00  0.00
  548                     1.00   1.00  0.00  0.00  0.00  0.00  0.00  0.00  0.00  0.00
  550                     1.00   1.00  0.00  0.00  0.00  0.00  0.00  0.00  0.00  0.00
  552                     1.00   1.00  0.00  0.00  0.00  0.00  0.00  0.00  0.00  0.00
  554                     1.00   1.00  0.00  0.00  0.00  0.00  0.00  0.00  0.00  0.00
  556                     1.00   1.00  0.00  0.00  0.00  0.00  0.00  0.00  0.00  0.00
  558                     1.00   1.00  0.00  0.00  0.00  0.00  0.00  0.00  0.00  0.00
  566                     1.00   1.00  0.00  0.00  0.00  0.00  0.00  0.00  0.00  0.00
  568                     1.00   1.00  0.00  0.00  0.00  0.00  0.00  0.00  0.00  0.00
  570                     1.00   1.00  0.00  0.00  0.00  0.00  0.00  0.00  0.00  0.00
  571                     1.00   1.00  0.00  0.00  0.00  0.00  0.00  0.00  0.00  0.00
  574                     1.00   1.00  0.00  0.00  0.00  0.00  0.00  0.00  0.00  0.00
  576                     1.00   1.00  0.00  0.00  0.00  0.00  0.00  0.00  0.00  0.00
  577                     1.00   1.00  0.00  0.00  0.00  0.00  0.00  0.00  0.00  0.00
  580                     1.00   1.00  0.00  0.00  0.00  0.00  0.00  0.00  0.00  0.00
  582                     1.00   1.00  0.00  0.00  0.00  0.00  0.00  0.00  0.00  0.00
  583                     1.00   1.00  0.00  0.00  0.00  0.00  0.00  0.00  0.00  0.00
  586                     1.00   1.00  0.00  0.00  0.00  0.00  0.00  0.00  0.00  0.00
  588                     1.00   1.00  0.00  0.00  0.00  0.00  0.00  0.00  0.00  0.00
  590                     1.00   1.00  0.00  0.00  0.00  0.00  0.00  0.00  0.00  0.00
  591                     1.00   1.00  0.00  0.00  0.00  0.00  0.00  0.00  0.00  0.00
  594                     1.00   1.00  0.00  0.00  0.00  0.00  0.00  0.00  0.00  0.00
  596                     1.00   1.00  0.00  0.00  0.00  0.00  0.00  0.00  0.00  0.00
  598                     1.00   1.00  0.00  0.00  0.00  0.00  0.00  0.00  0.00  0.00
  600                     1.00   1.00  0.00  0.00  0.00  0.00  0.00  0.00  0.00  0.00
  601                     1.00   1.00  0.00  0.00  0.00  0.00  0.00  0.00  0.00  0.00
  604                     1.00   1.00  0.00  0.00  0.00  0.00  0.00  0.00  0.00  0.00
  605                     1.00   1.00  0.00  0.00  0.00  0.00  0.00  0.00  0.00  0.00
  608                     1.00   1.00  0.00  0.00  0.00  0.00  0.00  0.00  0.00  0.00
  609                     1.00   1.00  0.00  0.00  0.00  0.00  0.00  0.00  0.00  0.00
  612                     1.00   1.00  0.00  0.00  0.00  0.00  0.00  0.00  0.00  0.00
  613                     1.00   1.00  0.00  0.00  0.00  0.00  0.00  0.00  0.00  0.00
  616                     1.00   1.00  0.00  0.00  0.00  0.00  0.00  0.00  0.00  0.00
  617                     1.00   1.00  0.00  0.00  0.00  0.00  0.00  0.00  0.00  0.00
  620                     1.00   1.00  0.00  0.00  0.00  0.00  0.00  0.00  0.00  0.00
  621                     1.00   1.00  0.00  0.00  0.00  0.00  0.00  0.00  0.00  0.00
  623                     1.00   1.00  0.00  0.00  0.00  0.00  0.00  0.00  0.00  0.00
  631                     1.00   1.00  0.00  0.00  0.00  0.00  0.00  0.00  0.00  0.00
  633                     1.00   1.00  0.00  0.00  0.00  0.00  0.00  0.00  0.00  0.00
  635                     1.00   1.00  0.00  0.00  0.00  0.00  0.00  0.00  0.00  0.00
  636                     1.00   1.00  0.00  0.00  0.00  0.00  0.00  0.00  0.00  0.00
  639                     1.00   1.00  0.00  0.00  0.00  0.00  0.00  0.00  0.00  0.00
  641                     1.00   1.00  0.00  0.00  0.00  0.00  0.00  0.00  0.00  0.00
  643                     1.00   1.00  0.00  0.00  0.00  0.00  0.00  0.00  0.00  0.00
  645                     1.00   1.00  0.00  0.00  0.00  0.00  0.00  0.00  0.00  0.00
  646                     1.00   1.00  0.00  0.00  0.00  0.00  0.00  0.00  0.00  0.00
  649                     1.00   1.00  0.00  0.00  0.00  0.00  0.00  0.00  0.00  0.00
  651                     1.00   1.00  0.00  0.00  0.00  0.00  0.00  0.00  0.00  0.00
  653                     1.00   1.00  0.00  0.00  0.00  0.00  0.00  0.00  0.00  0.00
  654                     1.00   1.00  0.00  0.00  0.00  0.00  0.00  0.00  0.00  0.00
  657                     1.00   1.00  0.00  0.00  0.00  0.00  0.00  0.00  0.00  0.00
  659                     1.00   1.00  0.00  0.00  0.00  0.00  0.00  0.00  0.00  0.00
  660                     1.00   1.00  0.00  0.00  0.00  0.00  0.00  0.00  0.00  0.00
  665                     1.00   1.00  0.00  0.00  0.00  0.00  0.00  0.00  0.00  0.00
  670                     1.00   1.00  0.00  0.00  0.00  0.00  0.00  0.00  0.00  0.00
  671                     1.00   1.00  0.00  0.00  0.00  0.00  0.00  0.00  0.00  0.00
  674                     1.00   1.00  0.00  0.00  0.00  0.00  0.00  0.00  0.00  0.00
  676                     1.00   1.00  0.00  0.00  0.00  0.00  0.00  0.00  0.00  0.00
  677                     1.00   1.00  0.00  0.00  0.00  0.00  0.00  0.00  0.00  0.00
  680                     1.00   1.00  0.00  0.00  0.00  0.00  0.00  0.00  0.00  0.00
  682                     1.00   1.00  0.00  0.00  0.00  0.00  0.00  0.00  0.00  0.00
  683                     1.00   1.00  0.00  0.00  0.00  0.00  0.00  0.00  0.00  0.00
  686                     1.00   1.00  0.00  0.00  0.00  0.00  0.00  0.00  0.00  0.00
  687                     1.00   1.00  0.00  0.00  0.00  0.00  0.00  0.00  0.00  0.00
  690                     1.00   1.00  0.00  0.00  0.00  0.00  0.00  0.00  0.00  0.00
  692                     1.00   1.00  0.00  0.00  0.00  0.00  0.00  0.00  0.00  0.00
  693                     1.00   1.00  0.00  0.00  0.00  0.00  0.00  0.00  0.00  0.00
  695                     1.00   1.00  0.00  0.00  0.00  0.00  0.00  0.00  0.00  0.00
  698                     1.00   1.00  0.00  0.00  0.00  0.00  0.00  0.00  0.00  0.00
  700                     1.00   1.00  0.00  0.00  0.00  0.00  0.00  0.00  0.00  0.00
  701                     1.00   1.00  0.00  0.00  0.00  0.00  0.00  0.00  0.00  0.00
  708                     1.00   1.00  0.00  0.00  0.00  0.00  0.00  0.00  0.00  0.00
  709                     1.00   1.00  0.00  0.00  0.00  0.00  0.00  0.00  0.00  0.00
  712                     1.00   1.00  0.00  0.00  0.00  0.00  0.00  0.00  0.00  0.00
  714                     1.00   1.00  0.00  0.00  0.00  0.00  0.00  0.00  0.00  0.00
  715                     1.00   1.00  0.00  0.00  0.00  0.00  0.00  0.00  0.00  0.00
  717                     1.00   1.00  0.00  0.00  0.00  0.00  0.00  0.00  0.00  0.00
  720                     1.00   1.00  0.00  0.00  0.00  0.00  0.00  0.00  0.00  0.00
  721                     1.00   1.00  0.00  0.00  0.00  0.00  0.00  0.00  0.00  0.00
  724                     1.00   1.00  0.00  0.00  0.00  0.00  0.00  0.00  0.00  0.00
  726                     1.00   1.00  0.00  0.00  0.00  0.00  0.00  0.00  0.00  0.00
  728                     1.00   1.00  0.00  0.00  0.00  0.00  0.00  0.00  0.00  0.00
  730                     1.00   1.00  0.00  0.00  0.00  0.00  0.00  0.00  0.00  0.00
  732                     1.00   1.00  0.00  0.00  0.00  0.00  0.00  0.00  0.00  0.00
  733                     1.00   1.00  0.00  0.00  0.00  0.00  0.00  0.00  0.00  0.00
  736                     1.00   1.00  0.00  0.00  0.00  0.00  0.00  0.00  0.00  0.00
  739                     1.00   1.00  0.00  0.00  0.00  0.00  0.00  0.00  0.00  0.00
  745                     1.00   1.00  0.00  0.00  0.00  0.00  0.00  0.00  0.00  0.00
  748                     1.00   1.00  0.00  0.00  0.00  0.00  0.00  0.00  0.00  0.00
  751                     1.00   1.00  0.00  0.00  0.00  0.00  0.00  0.00  0.00  0.00
  752                     1.00   1.00  0.00  0.00  0.00  0.00  0.00  0.00  0.00  0.00
  756                     1.00   1.00  0.00  0.00  0.00  0.00  0.00  0.00  0.00  0.00
  758                     1.00   1.00  0.00  0.00  0.00  0.00  0.00  0.00  0.00  0.00
  759                     1.00   1.00  0.00  0.00  0.00  0.00  0.00  0.00  0.00  0.00
  763                     1.00   1.00  0.00  0.00  0.00  0.00  0.00  0.00  0.00  0.00
  765                     1.00   1.00  0.00  0.00  0.00  0.00  0.00  0.00  0.00  0.00
  767                     1.00   1.00  0.00  0.00  0.00  0.00  0.00  0.00  0.00  0.00
  768                     1.00   1.00  0.00  0.00  0.00  0.00  0.00  0.00  0.00  0.00
  770                     1.00   1.00  0.00  0.00  0.00  0.00  0.00  0.00  0.00  0.00
  772                     1.00   1.00  0.00  0.00  0.00  0.00  0.00  0.00  0.00  0.00
  775                     1.00   1.00  0.00  0.00  0.00  0.00  0.00  0.00  0.00  0.00
  777                     1.00   1.00  0.00  0.00  0.00  0.00  0.00  0.00  0.00  0.00
  778                     1.00   1.00  0.00  0.00  0.00  0.00  0.00  0.00  0.00  0.00
  781                     1.00   1.00  0.00  0.00  0.00  0.00  0.00  0.00  0.00  0.00
  783                     1.00   1.00  0.00  0.00  0.00  0.00  0.00  0.00  0.00  0.00
  784                     1.00   1.00  0.00  0.00  0.00  0.00  0.00  0.00  0.00  0.00
  788                     1.00   1.00  0.00  0.00  0.00  0.00  0.00  0.00  0.00  0.00
  789                     1.00   1.00  0.00  0.00  0.00  0.00  0.00  0.00  0.00  0.00
  792                     1.00   1.00  0.00  0.00  0.00  0.00  0.00  0.00  0.00  0.00
  793                     1.00   1.00  0.00  0.00  0.00  0.00  0.00  0.00  0.00  0.00
  796                     1.00   1.00  0.00  0.00  0.00  0.00  0.00  0.00  0.00  0.00
  798                     1.00   1.00  0.00  0.00  0.00  0.00  0.00  0.00  0.00  0.00
  799                     1.00   1.00  0.00  0.00  0.00  0.00  0.00  0.00  0.00  0.00
  804                     1.00   1.00  0.00  0.00  0.00  0.00  0.00  0.00  0.00  0.00
  806                     1.00   1.00  0.00  0.00  0.00  0.00  0.00  0.00  0.00  0.00
  07                      1.00   1.00  0.00  0.00  0.00  0.00  0.00  0.00  0.00  0.00
  810                     1.00   1.00  0.00  0.00  0.00  0.00  0.00  0.00  0.00  0.00
  12                      1.00   1.00  0.00  0.00  0.00  0.00  0.00  0.00  0.00  0.00
  815                     1.00   1.00  0.00  0.00  0.00  0.00  0.00  0.00  0.00  0.00
  816                     1.00   1.00  0.00  0.00  0.00  0.00  0.00  0.00  0.00  0.00
  819                     1.00   1.00  0.00  0.00  0.00  0.00  0.00  0.00  0.00  0.00
  820                     1.00   1.00  0.00  0.00  0.00  0.00  0.00  0.00  0.00  0.00
  823                     1.00   1.00  0.00  0.00  0.00  0.00  0.00  0.00  0.00  0.00
  827                     1.00   1.00  0.00  0.00  0.00  0.00  0.00  0.00  0.00  0.00
  828                     1.00   1.00  0.00  0.00  0.00  0.00  0.00  0.00  0.00  0.00
  831                     1.00   1.00  0.00  0.00  0.00  0.00  0.00  0.00  0.00  0.00
  833                     1.00   1.00  0.00  0.00  0.00  0.00  0.00  0.00  0.00  0.00
  835                     1.00   1.00  0.00  0.00  0.00  0.00  0.00  0.00  0.00  0.00
  837                     1.00   1.00  0.00  0.00  0.00  0.00  0.00  0.00  0.00  0.00
  838                     1.00   1.00  0.00  0.00  0.00  0.00  0.00  0.00  0.00  0.00
  841                     1.00   1.00  0.00  0.00  0.00  0.00  0.00  0.00  0.00  0.00
  842                     1.00   1.00  0.00  0.00  0.00  0.00  0.00  0.00  0.00  0.00
  844                     1.00   1.00  0.00  0.00  0.00  0.00  0.00  0.00  0.00  0.00
  847                     1.00   1.00  0.00  0.00  0.00  0.00  0.00  0.00  0.00  0.00
  849                     1.00   1.00  0.00  0.00  0.00  0.00  0.00  0.00  0.00  0.00
  850                     1.00   1.00  0.00  0.00  0.00  0.00  0.00  0.00  0.00  0.00
  853                     1.00   1.00  0.00  0.00  0.00  0.00  0.00  0.00  0.00  0.00
  855                     1.00   1.00  0.00  0.00  0.00  0.00  0.00  0.00  0.00  0.00
  856                     1.00   1.00  0.00  0.00  0.00  0.00  0.00  0.00  0.00  0.00
  859                     1.00   1.00  0.00  0.00  0.00  0.00  0.00  0.00  0.00  0.00
  861                     1.00   1.00  0.00  0.00  0.00  0.00  0.00  0.00  0.00  0.00
  863                     1.00   1.00  0.00  0.00  0.00  0.00  0.00  0.00  0.00  0.00
  865                     1.00   1.00  0.00  0.00  0.00  0.00  0.00  0.00  0.00  0.00
  868                     1.00   1.00  0.00  0.00  0.00  0.00  0.00  0.00  0.00  0.00
  870                     1.00   1.00  0.00  0.00  0.00  0.00  0.00  0.00  0.00  0.00
  871                     1.00   1.00  0.00  0.00  0.00  0.00  0.00  0.00  0.00  0.00
  874                     1.00   1.00  0.00  0.00  0.00  0.00  0.00  0.00  0.00  0.00
  875                     1.00   1.00  0.00  0.00  0.00  0.00  0.00  0.00  0.00  0.00
  878                     1.00   1.00  0.00  0.00  0.00  0.00  0.00  0.00  0.00  0.00
  880                     1.00   1.00  0.00  0.00  0.00  0.00  0.00  0.00  0.00  0.00
  882                     1.00   1.00  0.00  0.00  0.00  0.00  0.00  0.00  0.00  0.00
  883                     1.00   1.00  0.00  0.00  0.00  0.00  0.00  0.00  0.00  0.00
  887                     1.00   1.00  0.00  0.00  0.00  0.00  0.00  0.00  0.00  0.00
  889                     1.00   1.00  0.00  0.00  0.00  0.00  0.00  0.00  0.00  0.00
  892                     1.00   1.00  0.00  0.00  0.00  0.00  0.00  0.00  0.00  0.00
  894                     1.00   1.00  0.00  0.00  0.00  0.00  0.00  0.00  0.00  0.00
  896                     1.00   1.00  0.00  0.00  0.00  0.00  0.00  0.00  0.00  0.00
  899                     1.00   1.00  0.00  0.00  0.00  0.00  0.00  0.00  0.00  0.00
  901                     1.00   1.00  0.00  0.00  0.00  0.00  0.00  0.00  0.00  0.00
  903                     1.00   1.00  0.00  0.00  0.00  0.00  0.00  0.00  0.00  0.00
  905                     1.00   1.00  0.00  0.00  0.00  0.00  0.00  0.00  0.00  0.00
  906                     1.00   1.00  0.00  0.00  0.00  0.00  0.00  0.00  0.00  0.00
  909                     1.00   1.00  0.00  0.00  0.00  0.00  0.00  0.00  0.00  0.00
  911                     1.00   1.00  0.00  0.00  0.00  0.00  0.00  0.00  0.00  0.00
  912                     1.00   1.00  0.00  0.00  0.00  0.00  0.00  0.00  0.00  0.00
  917                     1.00   1.00  0.00  0.00  0.00  0.00  0.00  0.00  0.00  0.00
  919                     1.00   1.00  0.00  0.00  0.00  0.00  0.00  0.00  0.00  0.00
  921                     1.00   1.00  0.00  0.00  0.00  0.00  0.00  0.00  0.00  0.00
  922                     1.00   1.00  0.00  0.00  0.00  0.00  0.00  0.00  0.00  0.00
  925                     1.00   1.00  0.00  0.00  0.00  0.00  0.00  0.00  0.00  0.00
  927                     1.00   1.00  0.00  0.00  0.00  0.00  0.00  0.00  0.00  0.00
  928                     1.00   1.00  0.00  0.00  0.00  0.00  0.00  0.00  0.00  0.00
  931                     1.00   1.00  0.00  0.00  0.00  0.00  0.00  0.00  0.00  0.00
  932                     1.00   1.00  0.00  0.00  0.00  0.00  0.00  0.00  0.00  0.00
  935                     1.00   1.00  0.00  0.00  0.00  0.00  0.00  0.00  0.00  0.00
  937                     1.00   1.00  0.00  0.00  0.00  0.00  0.00  0.00  0.00  0.00
  939                     1.00   1.00  0.00  0.00  0.00  0.00  0.00  0.00  0.00  0.00
  940                     1.00   1.00  0.00  0.00  0.00  0.00  0.00  0.00  0.00  0.00
  943                     1.00   1.00  0.00  0.00  0.00  0.00  0.00  0.00  0.00  0.00
  945                     1.00   1.00  0.00  0.00  0.00  0.00  0.00  0.00  0.00  0.00
  946                     1.00   1.00  0.00  0.00  0.00  0.00  0.00  0.00  0.00  0.00
  949                     1.00   1.00  0.00  0.00  0.00  0.00  0.00  0.00  0.00  0.00
  951                     1.00   1.00  0.00  0.00  0.00  0.00  0.00  0.00  0.00  0.00
  952                     1.00   1.00  0.00  0.00  0.00  0.00  0.00  0.00  0.00  0.00
  956                     1.00   1.00  0.00  0.00  0.00  0.00  0.00  0.00  0.00  0.00
  957                     1.00   1.00  0.00  0.00  0.00  0.00  0.00  0.00  0.00  0.00
  960                     1.00   1.00  0.00  0.00  0.00  0.00  0.00  0.00  0.00  0.00
  962                     1.00   1.00  0.00  0.00  0.00  0.00  0.00  0.00  0.00  0.00
  963                     1.00   1.00  0.00  0.00  0.00  0.00  0.00  0.00  0.00  0.00
  966                     1.00   1.00  0.00  0.00  0.00  0.00  0.00  0.00  0.00  0.00
  968                     1.00   1.00  0.00  0.00  0.00  0.00  0.00  0.00  0.00  0.00
  970                     1.00   1.00  0.00  0.00  0.00  0.00  0.00  0.00  0.00  0.00
  971                     1.00   1.00  0.00  0.00  0.00  0.00  0.00  0.00  0.00  0.00
  974                     1.00   1.00  0.00  0.00  0.00  0.00  0.00  0.00  0.00  0.00
  976                     1.00   1.00  0.00  0.00  0.00  0.00  0.00  0.00  0.00  0.00
  977                     1.00   1.00  0.00  0.00  0.00  0.00  0.00  0.00  0.00  0.00
  980                     1.00   1.00  0.00  0.00  0.00  0.00  0.00  0.00  0.00  0.00
  982                     1.00   1.00  0.00  0.00  0.00  0.00  0.00  0.00  0.00  0.00
  987                     1.00   1.00  0.00  0.00  0.00  0.00  0.00  0.00  0.00  0.00
  989                     1.00   1.00  0.00  0.00  0.00  0.00  0.00  0.00  0.00  0.00
  990                     1.00   1.00  0.00  0.00  0.00  0.00  0.00  0.00  0.00  0.00
  993                     1.00   1.00  0.00  0.00  0.00  0.00  0.00  0.00  0.00  0.00
  994                     1.00   1.00  0.00  0.00  0.00  0.00  0.00  0.00  0.00  0.00
  996                     1.00   1.00  0.00  0.00  0.00  0.00  0.00  0.00  0.00  0.00
  999                     1.00   1.00  0.00  0.00  0.00  0.00  0.00  0.00  0.00  0.00
  1000                    1.00   1.00  0.00  0.00  0.00  0.00  0.00  0.00  0.00  0.00
  1003                    1.00   1.00  0.00  0.00  0.00  0.00  0.00  0.00  0.00  0.00
  1004                    1.00   1.00  0.00  0.00  0.00  0.00  0.00  0.00  0.00  0.00
  1007                    1.00   1.00  0.00  0.00  0.00  0.00  0.00  0.00  0.00  0.00
  1008                    1.00   1.00  0.00  0.00  0.00  0.00  0.00  0.00  0.00  0.00
  1011                    1.00   1.00  0.00  0.00  0.00  0.00  0.00  0.00  0.00  0.00
  1012                    1.00   1.00  0.00  0.00  0.00  0.00  0.00  0.00  0.00  0.00
  1014                    1.00   1.00  0.00  0.00  0.00  0.00  0.00  0.00  0.00  0.00
  1017                    1.00   1.00  0.00  0.00  0.00  0.00  0.00  0.00  0.00  0.00
  1019                    1.00   1.00  0.00  0.00  0.00  0.00  0.00  0.00  0.00  0.00
  1020                    1.00   1.00  0.00  0.00  0.00  0.00  0.00  0.00  0.00  0.00
  1023                    1.00   1.00  0.00  0.00  0.00  0.00  0.00  0.00  0.00  0.00
  1025                    1.00   1.00  0.00  0.00  0.00  0.00  0.00  0.00  0.00  0.00
  1026                    1.00   1.00  0.00  0.00  0.00  0.00  0.00  0.00  0.00  0.00
  1029                    1.00   1.00  0.00  0.00  0.00  0.00  0.00  0.00  0.00  0.00
  1031                    1.00   1.00  0.00  0.00  0.00  0.00  0.00  0.00  0.00  0.00
  1032                    1.00   1.00  0.00  0.00  0.00  0.00  0.00  0.00  0.00  0.00
  1034                    1.00   1.00  0.00  0.00  0.00  0.00  0.00  0.00  0.00  0.00
  1037                    1.00   1.00  0.00  0.00  0.00  0.00  0.00  0.00  0.00  0.00
  1038                    1.00   1.00  0.00  0.00  0.00  0.00  0.00  0.00  0.00  0.00
  1041                    1.00   1.00  0.00  0.00  0.00  0.00  0.00  0.00  0.00  0.00
  1045                    1.00   1.00  0.00  0.00  0.00  0.00  0.00  0.00  0.00  0.00
  1047                    1.00   1.00  0.00  0.00  0.00  0.00  0.00  0.00  0.00  0.00
  1048                    1.00   1.00  0.00  0.00  0.00  0.00  0.00  0.00  0.00  0.00
  1051                    1.00   1.00  0.00  0.00  0.00  0.00  0.00  0.00  0.00  0.00
  1052                    1.00   1.00  0.00  0.00  0.00  0.00  0.00  0.00  0.00  0.00
  1055                    1.00   1.00  0.00  0.00  0.00  0.00  0.00  0.00  0.00  0.00
  1057                    1.00   1.00  0.00  0.00  0.00  0.00  0.00  0.00  0.00  0.00
  1058                    1.00   1.00  0.00  0.00  0.00  0.00  0.00  0.00  0.00  0.00
  1061                    1.00   1.00  0.00  0.00  0.00  0.00  0.00  0.00  0.00  0.00
  1063                    1.00   1.00  0.00  0.00  0.00  0.00  0.00  0.00  0.00  0.00
  1064                    1.00   1.00  0.00  0.00  0.00  0.00  0.00  0.00  0.00  0.00
  1066                    1.00   1.00  0.00  0.00  0.00  0.00  0.00  0.00  0.00  0.00
  1071                    1.00   1.00  0.00  0.00  0.00  0.00  0.00  0.00  0.00  0.00
  1073                    1.00   1.00  0.00  0.00  0.00  0.00  0.00  0.00  0.00  0.00
  076                     1.00   1.00  0.00  0.00  0.00  0.00  0.00  0.00  0.00  0.00
  1079                    1.00   1.00  0.00  0.00  0.00  0.00  0.00  0.00  0.00  0.00
  1080                    1.00   1.00  0.00  0.00  0.00  0.00  0.00  0.00  0.00  0.00
  1081                    1.00   1.00  0.00  0.00  0.00  0.00  0.00  0.00  0.00  0.00
  
  
  *************************
  Conduit Surcharge Summary
  *************************
  
  No conduits were surcharged.
  
  
  ***************
  Pumping Summary
  ***************
  
  ---------------------------------------------------------------------------------------------------------
                                                  Min       Avg       Max     Total     Power    % Time Off
                        Percent   Number of      Flow      Flow      Flow    Volume     Usage    Pump Curve
  Pump                 Utilized   Start-Ups       CMS       CMS       CMS  10^6 ltr     Kw-hr    Low   High
  ---------------------------------------------------------------------------------------------------------
  RM-WB3                   0.00           0      0.00      0.00      0.00     0.000      0.00    0.0    0.0
  RM-WB2                   0.00           0      0.00      0.00      0.00     0.000      0.00    0.0    0.0
  RMWB1                    0.00           0      0.00      0.00      0.00     0.000      0.00    0.0    0.0
  RM-WW13B                 0.00           0      0.00      0.00      0.00     0.000      0.00    0.0    0.0
  RM-WW13A                 0.00           0      0.00      0.00      0.00     0.000      0.00    0.0    0.0
  RM-WW3                   0.00           0      0.00      0.00      0.00     0.000      0.00    0.0    0.0
  RM-WW3A                  0.00           0      0.00      0.00      0.00     0.000      0.00    0.0    0.0
  RM-WW2                   0.00           0      0.00      0.00      0.00     0.000      0.00    0.0    0.0
  RM-WW1                   0.00           0      0.00      0.00      0.00     0.000      0.00    0.0    0.0
  RM-WW6                   0.00           0      0.00      0.00      0.00     0.000      0.00    0.0    0.0
  RM-WW4                   0.00           0      0.00      0.00      0.00     0.000      0.00    0.0    0.0
  RM-WW5                   0.00           0      0.00      0.00      0.00     0.000      0.00    0.0    0.0
  RM-WW7                   0.00           0      0.00      0.00      0.00     0.000      0.00    0.0    0.0
  RM-WW9                   0.00           0      0.00      0.00      0.00     0.000      0.00    0.0    0.0
  RM-WW8                   0.00           0      0.00      0.00      0.00     0.000      0.00    0.0    0.0
  RM-WW10                  0.00           0      0.00      0.00      0.00     0.000      0.00    0.0    0.0
  RM-WW14B                 0.00           0      0.00      0.00      0.00     0.000      0.00    0.0    0.0
  RM-WW14A                 0.00           0      0.00      0.00      0.00     0.000      0.00    0.0    0.0
  RM-WW13C                 0.00           0      0.00      0.00      0.00     0.000      0.00    0.0    0.0
  

  Analysis begun on:  Wed Jul 22 14:27:49 2026
  Analysis ended on:  Wed Jul 22 14:27:50 2026
  Total elapsed time: 00:00:01